time_ms,power_w
14998,256.923
14999,256.923
15000,269.652
15001,269.652
15002,269.652
15003,269.652
15004,269.652
15005,269.652
15006,269.652
15007,269.652
15008,269.652
15009,269.652
15010,269.652
15011,269.652
15012,269.652
15013,269.652
15014,269.652
15015,269.652
15016,269.652
15017,269.652
15018,269.652
15019,269.652
15020,269.652
15021,257.246
15022,257.246
15023,257.246
15024,257.246
15025,257.246
15026,257.246
15027,257.246
15028,257.246
15029,257.246
15030,257.246
15031,257.246
15032,257.246
15033,257.246
15034,257.246
15035,257.246
15036,257.246
15037,257.246
15038,257.246
15039,257.246
15040,278.703
15041,278.703
15042,278.703
15043,278.703
15044,278.703
15045,278.703
15046,278.703
15047,278.703
15048,278.703
15049,278.703
15050,278.703
15051,278.703
15052,278.703
15053,278.703
15054,278.703
15055,278.703
15056,278.703
15057,278.703
15058,278.703
15059,278.703
15060,259.255
15061,259.255
15062,259.255
15063,259.255
15064,259.255
15065,259.255
15066,259.255
15067,259.255
15068,259.255
15069,259.255
15070,259.255
15071,259.255
15072,259.255
15073,259.255
15074,259.255
15075,259.255
15076,259.255
15077,259.255
15078,259.255
15079,259.255
15080,259.255
15081,259.255
15082,277.726
15083,277.726
15084,277.726
15085,277.726
15086,277.726
15087,277.726
15088,277.726
15089,277.726
15090,277.726
15091,277.726
15092,277.726
15093,277.726
15094,277.726
15095,277.726
15096,277.726
15097,277.726
15098,277.726
15099,277.726
15100,258.278
15101,258.278
15102,258.278
15103,258.278
15104,258.278
15105,258.278
15106,258.278
15107,258.278
15108,258.278
15109,258.278
15110,258.278
15111,258.278
15112,258.278
15113,258.278
15114,258.278
15115,258.278
15116,258.278
15117,258.278
15118,258.278
15119,258.278
15120,258.278
15121,273.339
15122,273.339
15123,273.339
15124,273.339
15125,273.339
15126,273.339
15127,273.339
15128,273.339
15129,273.339
15130,273.339
15131,273.339
15132,273.339
15133,273.339
15134,273.339
15135,273.339
15136,273.339
15137,273.339
15138,273.339
15139,273.339
15140,258.601
15141,258.601
15142,258.601
15143,258.601
15144,258.601
15145,258.601
15146,258.601
15147,258.601
15148,258.601
15149,258.601
15150,258.601
15151,258.601
15152,258.601
15153,258.601
15154,258.601
15155,258.601
15156,258.601
15157,258.601
15158,258.601
15159,258.601
15160,280.057
15161,280.057
15162,280.057
15163,280.057
15164,280.057
15165,280.057
15166,280.057
15167,280.057
15168,280.057
15169,280.057
15170,280.057
15171,280.057
15172,280.057
15173,280.057
15174,280.057
15175,280.057
15176,280.057
15177,280.057
15178,280.057
15179,280.057
15180,280.057
15181,280.057
15182,259.255
15183,259.255
15184,259.255
15185,259.255
15186,259.255
15187,259.255
15188,259.255
15189,259.255
15190,259.255
15191,259.255
15192,259.255
15193,259.255
15194,259.255
15195,259.255
15196,259.255
15197,259.255
15198,259.255
15199,259.255
15200,276.371
15201,276.371
15202,276.371
15203,276.371
15204,276.371
15205,276.371
15206,276.371
15207,276.371
15208,276.371
15209,276.371
15210,276.371
15211,276.371
15212,276.371
15213,276.371
15214,276.371
15215,276.371
15216,276.371
15217,276.371
15218,276.371
15219,276.371
15220,276.371
15221,257.901
15222,257.901
15223,257.901
15224,257.901
15225,257.901
15226,257.901
15227,257.901
15228,257.901
15229,257.901
15230,257.901
15231,257.901
15232,257.901
15233,257.901
15234,257.901
15235,257.901
15236,257.901
15237,257.901
15238,257.901
15239,257.901
15240,274.37
15241,274.37
15242,274.37
15243,274.37
15244,274.37
15245,274.37
15246,274.37
15247,274.37
15248,274.37
15249,274.37
15250,274.37
15251,274.37
15252,274.37
15253,274.37
15254,274.37
15255,274.37
15256,274.37
15257,274.37
15258,274.37
15259,274.37
15260,274.37
15261,257.901
15262,257.901
15263,257.901
15264,257.901
15265,257.901
15266,257.901
15267,257.901
15268,257.901
15269,257.901
15270,257.901
15271,257.901
15272,257.901
15273,257.901
15274,257.901
15275,257.901
15276,257.901
15277,257.901
15278,257.901
15279,257.901
15280,257.901
15281,257.901
15282,273.016
15283,273.016
15284,273.016
15285,273.016
15286,273.016
15287,273.016
15288,273.016
15289,273.016
15290,273.016
15291,273.016
15292,273.016
15293,273.016
15294,273.016
15295,273.016
15296,273.016
15297,273.016
15298,273.016
15299,273.016
15300,257.901
15301,257.901
15302,257.901
15303,257.901
15304,257.901
15305,257.901
15306,257.901
15307,257.901
15308,257.901
15309,257.901
15310,257.901
15311,257.901
15312,257.901
15313,257.901
15314,257.901
15315,257.901
15316,257.901
15317,257.901
15318,257.901
15319,257.901
15320,257.901
15321,271.984
15322,271.984
15323,271.984
15324,271.984
15325,271.984
15326,271.984
15327,271.984
15328,271.984
15329,271.984
15330,271.984
15331,271.984
15332,271.984
15333,271.984
15334,271.984
15335,271.984
15336,271.984
15337,271.984
15338,271.984
15339,271.984
15340,253.891
15341,253.891
15342,253.891
15343,253.891
15344,253.891
15345,253.891
15346,253.891
15347,253.891
15348,253.891
15349,253.891
15350,253.891
15351,253.891
15352,253.891
15353,253.891
15354,253.891
15355,253.891
15356,253.891
15357,253.891
15358,253.891
15359,253.891
15360,285.422
15361,285.422
15362,285.422
15363,285.422
15364,285.422
15365,285.422
15366,285.422
15367,285.422
15368,285.422
15369,285.422
15370,285.422
15371,285.422
15372,285.422
15373,285.422
15374,285.422
15375,285.422
15376,285.422
15377,285.422
15378,285.422
15379,285.422
15380,285.422
15381,285.422
15382,256.215
15383,256.215
15384,256.215
15385,256.215
15386,256.215
15387,256.215
15388,256.215
15389,256.215
15390,256.215
15391,256.215
15392,256.215
15393,256.215
15394,256.215
15395,256.215
15396,256.215
15397,256.215
15398,256.215
15399,256.215
15400,273.016
15401,273.016
15402,273.016
15403,273.016
15404,273.016
15405,273.016
15406,273.016
15407,273.016
15408,273.016
15409,273.016
15410,273.016
15411,273.016
15412,273.016
15413,273.016
15414,273.016
15415,273.016
15416,273.016
15417,273.016
15418,273.016
15419,273.016
15420,273.016
15421,251.236
15422,251.236
15423,251.236
15424,251.236
15425,251.236
15426,251.236
15427,251.236
15428,251.236
15429,251.236
15430,251.236
15431,251.236
15432,251.236
15433,251.236
15434,251.236
15435,251.236
15436,251.236
15437,251.236
15438,251.236
15439,251.236
15440,267.975
15441,267.975
15442,267.975
15443,267.975
15444,267.975
15445,267.975
15446,267.975
15447,267.975
15448,267.975
15449,267.975
15450,267.975
15451,267.975
15452,267.975
15453,267.975
15454,267.975
15455,267.975
15456,267.975
15457,267.975
15458,267.975
15459,267.975
15460,254.591
15461,254.591
15462,254.591
15463,254.591
15464,254.591
15465,254.591
15466,254.591
15467,254.591
15468,254.591
15469,254.591
15470,254.591
15471,254.591
15472,254.591
15473,254.591
15474,254.591
15475,254.591
15476,254.591
15477,254.591
15478,254.591
15479,254.591
15480,254.591
15481,254.591
15482,262.934
15483,262.934
15484,262.934
15485,262.934
15486,262.934
15487,262.934
15488,262.934
15489,262.934
15490,262.934
15491,262.934
15492,262.934
15493,262.934
15494,262.934
15495,262.934
15496,262.934
15497,262.934
15498,262.934
15499,262.934
15500,253.891
15501,253.891
15502,253.891
15503,253.891
15504,253.891
15505,253.891
15506,253.891
15507,253.891
15508,253.891
15509,253.891
15510,253.891
15511,253.891
15512,253.891
15513,253.891
15514,253.891
15515,253.891
15516,253.891
15517,253.891
15518,253.891
15519,253.891
15520,253.891
15521,284.767
15522,284.767
15523,284.767
15524,284.767
15525,284.767
15526,284.767
15527,284.767
15528,284.767
15529,284.767
15530,284.767
15531,284.767
15532,284.767
15533,284.767
15534,284.767
15535,284.767
15536,284.767
15537,284.767
15538,284.767
15539,284.767
15540,255.246
15541,255.246
15542,255.246
15543,255.246
15544,255.246
15545,255.246
15546,255.246
15547,255.246
15548,255.246
15549,255.246
15550,255.246
15551,255.246
15552,255.246
15553,255.246
15554,255.246
15555,255.246
15556,255.246
15557,255.246
15558,255.246
15559,255.246
15560,283.413
15561,283.413
15562,283.413
15563,283.413
15564,283.413
15565,283.413
15566,283.413
15567,283.413
15568,283.413
15569,283.413
15570,283.413
15571,283.413
15572,283.413
15573,283.413
15574,283.413
15575,283.413
15576,283.413
15577,283.413
15578,283.413
15579,283.413
15580,283.413
15581,283.413
15582,254.915
15583,254.915
15584,254.915
15585,254.915
15586,254.915
15587,254.915
15588,254.915
15589,254.915
15590,254.915
15591,254.915
15592,254.915
15593,254.915
15594,254.915
15595,254.915
15596,254.915
15597,254.915
15598,254.915
15599,254.915
15600,283.413
15601,283.413
15602,283.413
15603,283.413
15604,283.413
15605,283.413
15606,283.413
15607,283.413
15608,283.413
15609,283.413
15610,283.413
15611,283.413
15612,283.413
15613,283.413
15614,283.413
15615,283.413
15616,283.413
15617,283.413
15618,283.413
15619,283.413
15620,283.413
15621,256.923
15622,256.923
15623,256.923
15624,256.923
15625,256.923
15626,256.923
15627,256.923
15628,256.923
15629,256.923
15630,256.923
15631,256.923
15632,256.923
15633,256.923
15634,256.923
15635,256.923
15636,256.923
15637,256.923
15638,256.923
15639,256.923
15640,282.389
15641,282.389
15642,282.389
15643,282.389
15644,282.389
15645,282.389
15646,282.389
15647,282.389
15648,282.389
15649,282.389
15650,282.389
15651,282.389
15652,282.389
15653,282.389
15654,282.389
15655,282.389
15656,282.389
15657,282.389
15658,282.389
15659,282.389
15660,282.389
15661,254.915
15662,254.915
15663,254.915
15664,254.915
15665,254.915
15666,254.915
15667,254.915
15668,254.915
15669,254.915
15670,254.915
15671,254.915
15672,254.915
15673,254.915
15674,254.915
15675,254.915
15676,254.915
15677,254.915
15678,254.915
15679,254.915
15680,254.915
15681,254.915
15682,254.915
15683,275.017
15684,275.017
15685,275.017
15686,275.017
15687,275.017
15688,275.017
15689,275.017
15690,275.017
15691,275.017
15692,275.017
15693,275.017
15694,275.017
15695,275.017
15696,275.017
15697,275.017
15698,275.017
15699,275.017
15700,252.537
15701,252.537
15702,252.537
15703,252.537
15704,252.537
15705,252.537
15706,252.537
15707,252.537
15708,252.537
15709,252.537
15710,252.537
15711,252.537
15712,252.537
15713,252.537
15714,252.537
15715,252.537
15716,252.537
15717,252.537
15718,252.537
15719,252.537
15720,252.537
15721,280.381
15722,280.381
15723,280.381
15724,280.381
15725,280.381
15726,280.381
15727,280.381
15728,280.381
15729,280.381
15730,280.381
15731,280.381
15732,280.381
15733,280.381
15734,280.381
15735,280.381
15736,280.381
15737,280.381
15738,280.381
15739,280.381
15740,254.915
15741,254.915
15742,254.915
15743,254.915
15744,254.915
15745,254.915
15746,254.915
15747,254.915
15748,254.915
15749,254.915
15750,254.915
15751,254.915
15752,254.915
15753,254.915
15754,254.915
15755,254.915
15756,254.915
15757,254.915
15758,254.915
15759,254.915
15760,271.661
15761,271.661
15762,271.661
15763,271.661
15764,271.661
15765,271.661
15766,271.661
15767,271.661
15768,271.661
15769,271.661
15770,271.661
15771,271.661
15772,271.661
15773,271.661
15774,271.661
15775,271.661
15776,271.661
15777,271.661
15778,271.661
15779,271.661
15780,271.661
15781,271.661
15782,253.56
15783,253.56
15784,253.56
15785,253.56
15786,253.56
15787,253.56
15788,253.56
15789,253.56
15790,253.56
15791,253.56
15792,253.56
15793,253.56
15794,253.56
15795,253.56
15796,253.56
15797,253.56
15798,253.56
15799,253.56
15800,270.684
15801,270.684
15802,270.684
15803,270.684
15804,270.684
15805,270.684
15806,270.684
15807,270.684
15808,270.684
15809,270.684
15810,270.684
15811,270.684
15812,270.684
15813,270.684
15814,270.684
15815,270.684
15816,270.684
15817,270.684
15818,270.684
15819,270.684
15820,253.56
15821,253.56
15822,253.56
15823,253.56
15824,253.56
15825,253.56
15826,253.56
15827,253.56
15828,253.56
15829,253.56
15830,253.56
15831,253.56
15832,253.56
15833,253.56
15834,253.56
15835,253.56
15836,253.56
15837,253.56
15838,253.56
15839,253.56
15840,263.642
15841,263.642
15842,263.642
15843,263.642
15844,263.642
15845,263.642
15846,263.642
15847,263.642
15848,263.642
15849,263.642
15850,263.642
15851,263.642
15852,263.642
15853,263.642
15854,263.642
15855,263.642
15856,263.642
15857,263.642
15858,263.642
15859,263.642
15860,254.915
15861,254.915
15862,254.915
15863,254.915
15864,254.915
15865,254.915
15866,254.915
15867,254.915
15868,254.915
15869,254.915
15870,254.915
15871,254.915
15872,254.915
15873,254.915
15874,254.915
15875,254.915
15876,254.915
15877,254.915
15878,254.915
15879,254.915
15880,254.915
15881,254.915
15882,260.933
15883,260.933
15884,260.933
15885,260.933
15886,260.933
15887,260.933
15888,260.933
15889,260.933
15890,260.933
15891,260.933
15892,260.933
15893,260.933
15894,260.933
15895,260.933
15896,260.933
15897,260.933
15898,260.933
15899,260.933
15900,254.214
15901,254.214
15902,254.214
15903,254.214
15904,254.214
15905,254.214
15906,254.214
15907,254.214
15908,254.214
15909,254.214
15910,254.214
15911,254.214
15912,254.214
15913,254.214
15914,254.214
15915,254.214
15916,254.214
15917,254.214
15918,254.214
15919,254.214
15920,254.214
15921,262.287
15922,262.287
15923,262.287
15924,262.287
15925,262.287
15926,262.287
15927,262.287
15928,262.287
15929,262.287
15930,262.287
15931,262.287
15932,262.287
15933,262.287
15934,262.287
15935,262.287
15936,262.287
15937,262.287
15938,262.287
15939,262.287
15940,251.882
15941,251.882
15942,251.882
15943,251.882
15944,251.882
15945,251.882
15946,251.882
15947,251.882
15948,251.882
15949,251.882
15950,251.882
15951,251.882
15952,251.882
15953,251.882
15954,251.882
15955,251.882
15956,251.882
15957,251.882
15958,251.882
15959,251.882
15960,251.882
15961,263.265
15962,263.265
15963,263.265
15964,263.265
15965,263.265
15966,263.265
15967,263.265
15968,263.265
15969,263.265
15970,263.265
15971,263.265
15972,263.265
15973,263.265
15974,263.265
15975,263.265
15976,263.265
15977,263.265
15978,263.265
15979,263.265
15980,263.265
15981,263.265
15982,256.6
15983,256.6
15984,256.6
15985,256.6
15986,256.6
15987,256.6
15988,256.6
15989,256.6
15990,256.6
15991,256.6
15992,256.6
15993,256.6
15994,256.6
15995,256.6
15996,256.6
15997,256.6
15998,256.6
15999,256.6
16000,265.974
16001,265.974
16002,265.974
16003,265.974
16004,265.974
16005,265.974
16006,265.974
16007,265.974
16008,265.974
16009,265.974
16010,265.974
16011,265.974
16012,265.974
16013,265.974
16014,265.974
16015,265.974
16016,265.974
16017,265.974
16018,265.974
16019,265.974
16020,265.974
16021,253.891
16022,253.891
16023,253.891
16024,253.891
16025,253.891
16026,253.891
16027,253.891
16028,253.891
16029,253.891
16030,253.891
16031,253.891
16032,253.891
16033,253.891
16034,253.891
16035,253.891
16036,253.891
16037,253.891
16038,253.891
16039,253.891
16040,262.934
16041,262.934
16042,262.934
16043,262.934
16044,262.934
16045,262.934
16046,262.934
16047,262.934
16048,262.934
16049,262.934
16050,262.934
16051,262.934
16052,262.934
16053,262.934
16054,262.934
16055,262.934
16056,262.934
16057,262.934
16058,262.934
16059,262.934
16060,253.56
16061,253.56
16062,253.56
16063,253.56
16064,253.56
16065,253.56
16066,253.56
16067,253.56
16068,253.56
16069,253.56
16070,253.56
16071,253.56
16072,253.56
16073,253.56
16074,253.56
16075,253.56
16076,253.56
16077,253.56
16078,253.56
16079,253.56
16080,253.56
16081,253.56
16082,265.32
16083,265.32
16084,265.32
16085,265.32
16086,265.32
16087,265.32
16088,265.32
16089,265.32
16090,265.32
16091,265.32
16092,265.32
16093,265.32
16094,265.32
16095,265.32
16096,265.32
16097,265.32
16098,265.32
16099,265.32
16100,265.32
16101,254.591
16102,254.591
16103,254.591
16104,254.591
16105,254.591
16106,254.591
16107,254.591
16108,254.591
16109,254.591
16110,254.591
16111,254.591
16112,254.591
16113,254.591
16114,254.591
16115,254.591
16116,254.591
16117,254.591
16118,254.591
16119,254.591
16120,254.591
16121,265.643
16122,265.643
16123,265.643
16124,265.643
16125,265.643
16126,265.643
16127,265.643
16128,265.643
16129,265.643
16130,265.643
16131,265.643
16132,265.643
16133,265.643
16134,265.643
16135,265.643
16136,265.643
16137,265.643
16138,265.643
16139,265.643
16140,255.892
16141,255.892
16142,255.892
16143,255.892
16144,255.892
16145,255.892
16146,255.892
16147,255.892
16148,255.892
16149,255.892
16150,255.892
16151,255.892
16152,255.892
16153,255.892
16154,255.892
16155,255.892
16156,255.892
16157,255.892
16158,255.892
16159,255.892
16160,265.32
16161,265.32
16162,265.32
16163,265.32
16164,265.32
16165,265.32
16166,265.32
16167,265.32
16168,265.32
16169,265.32
16170,265.32
16171,265.32
16172,265.32
16173,265.32
16174,265.32
16175,265.32
16176,265.32
16177,265.32
16178,265.32
16179,265.32
16180,265.32
16181,265.32
16182,253.891
16183,253.891
16184,253.891
16185,253.891
16186,253.891
16187,253.891
16188,253.891
16189,253.891
16190,253.891
16191,253.891
16192,253.891
16193,253.891
16194,253.891
16195,253.891
16196,253.891
16197,253.891
16198,253.891
16199,253.891
16200,262.287
16201,262.287
16202,262.287
16203,262.287
16204,262.287
16205,262.287
16206,262.287
16207,262.287
16208,262.287
16209,262.287
16210,262.287
16211,262.287
16212,262.287
16213,262.287
16214,262.287
16215,262.287
16216,262.287
16217,262.287
16218,262.287
16219,262.287
16220,262.287
16221,256.923
16222,256.923
16223,256.923
16224,256.923
16225,256.923
16226,256.923
16227,256.923
16228,256.923
16229,256.923
16230,256.923
16231,256.923
16232,256.923
16233,256.923
16234,256.923
16235,256.923
16236,256.923
16237,256.923
16238,256.923
16239,256.923
16240,256.923
16241,267.328
16242,267.328
16243,267.328
16244,267.328
16245,267.328
16246,267.328
16247,267.328
16248,267.328
16249,267.328
16250,267.328
16251,267.328
16252,267.328
16253,267.328
16254,267.328
16255,267.328
16256,267.328
16257,267.328
16258,267.328
16259,267.328
16260,262.287
16261,262.287
16262,262.287
16263,262.287
16264,262.287
16265,262.287
16266,262.287
16267,262.287
16268,262.287
16269,262.287
16270,262.287
16271,262.287
16272,262.287
16273,262.287
16274,262.287
16275,262.287
16276,262.287
16277,262.287
16278,262.287
16279,262.287
16280,262.287
16281,262.287
16282,276.694
16283,276.694
16284,276.694
16285,276.694
16286,276.694
16287,276.694
16288,276.694
16289,276.694
16290,276.694
16291,276.694
16292,276.694
16293,276.694
16294,276.694
16295,276.694
16296,276.694
16297,276.694
16298,276.694
16299,276.694
16300,261.964
16301,261.964
16302,261.964
16303,261.964
16304,261.964
16305,261.964
16306,261.964
16307,261.964
16308,261.964
16309,261.964
16310,261.964
16311,261.964
16312,261.964
16313,261.964
16314,261.964
16315,261.964
16316,261.964
16317,261.964
16318,261.964
16319,261.964
16320,261.964
16321,274.37
16322,274.37
16323,274.37
16324,274.37
16325,274.37
16326,274.37
16327,274.37
16328,274.37
16329,274.37
16330,274.37
16331,274.37
16332,274.37
16333,274.37
16334,274.37
16335,274.37
16336,274.37
16337,274.37
16338,274.37
16339,274.37
16340,258.278
16341,258.278
16342,258.278
16343,258.278
16344,258.278
16345,258.278
16346,258.278
16347,258.278
16348,258.278
16349,258.278
16350,258.278
16351,258.278
16352,258.278
16353,258.278
16354,258.278
16355,258.278
16356,258.278
16357,258.278
16358,258.278
16359,258.278
16360,271.007
16361,271.007
16362,271.007
16363,271.007
16364,271.007
16365,271.007
16366,271.007
16367,271.007
16368,271.007
16369,271.007
16370,271.007
16371,271.007
16372,271.007
16373,271.007
16374,271.007
16375,271.007
16376,271.007
16377,271.007
16378,271.007
16379,271.007
16380,271.007
16381,271.007
16382,257.57
16383,257.57
16384,257.57
16385,257.57
16386,257.57
16387,257.57
16388,257.57
16389,257.57
16390,257.57
16391,257.57
16392,257.57
16393,257.57
16394,257.57
16395,257.57
16396,257.57
16397,257.57
16398,257.57
16399,257.57
16400,275.017
16401,275.017
16402,275.017
16403,275.017
16404,275.017
16405,275.017
16406,275.017
16407,275.017
16408,275.017
16409,275.017
16410,275.017
16411,275.017
16412,275.017
16413,275.017
16414,275.017
16415,275.017
16416,275.017
16417,275.017
16418,275.017
16419,275.017
16420,275.017
16421,258.601
16422,258.601
16423,258.601
16424,258.601
16425,258.601
16426,258.601
16427,258.601
16428,258.601
16429,258.601
16430,258.601
16431,258.601
16432,258.601
16433,258.601
16434,258.601
16435,258.601
16436,258.601
16437,258.601
16438,258.601
16439,258.601
16440,274.37
16441,274.37
16442,274.37
16443,274.37
16444,274.37
16445,274.37
16446,274.37
16447,274.37
16448,274.37
16449,274.37
16450,274.37
16451,274.37
16452,274.37
16453,274.37
16454,274.37
16455,274.37
16456,274.37
16457,274.37
16458,274.37
16459,274.37
16460,262.611
16461,262.611
16462,262.611
16463,262.611
16464,262.611
16465,262.611
16466,262.611
16467,262.611
16468,262.611
16469,262.611
16470,262.611
16471,262.611
16472,262.611
16473,262.611
16474,262.611
16475,262.611
16476,262.611
16477,262.611
16478,262.611
16479,262.611
16480,262.611
16481,262.611
16482,281.089
16483,281.089
16484,281.089
16485,281.089
16486,281.089
16487,281.089
16488,281.089
16489,281.089
16490,281.089
16491,281.089
16492,281.089
16493,281.089
16494,281.089
16495,281.089
16496,281.089
16497,281.089
16498,281.089
16499,281.089
16500,261.633
16501,261.633
16502,261.633
16503,261.633
16504,261.633
16505,261.633
16506,261.633
16507,261.633
16508,261.633
16509,261.633
16510,261.633
16511,261.633
16512,261.633
16513,261.633
16514,261.633
16515,261.633
16516,261.633
16517,261.633
16518,261.633
16519,261.633
16520,271.984
16521,271.984
16522,271.984
16523,271.984
16524,271.984
16525,271.984
16526,271.984
16527,271.984
16528,271.984
16529,271.984
16530,271.984
16531,271.984
16532,271.984
16533,271.984
16534,271.984
16535,271.984
16536,271.984
16537,271.984
16538,271.984
16539,271.984
16540,262.287
16541,262.287
16542,262.287
16543,262.287
16544,262.287
16545,262.287
16546,262.287
16547,262.287
16548,262.287
16549,262.287
16550,262.287
16551,262.287
16552,262.287
16553,262.287
16554,262.287
16555,262.287
16556,262.287
16557,262.287
16558,262.287
16559,262.287
16560,279.403
16561,279.403
16562,279.403
16563,279.403
16564,279.403
16565,279.403
16566,279.403
16567,279.403
16568,279.403
16569,279.403
16570,279.403
16571,279.403
16572,279.403
16573,279.403
16574,279.403
16575,279.403
16576,279.403
16577,279.403
16578,279.403
16579,279.403
16580,279.403
16581,279.403
16582,262.611
16583,262.611
16584,262.611
16585,262.611
16586,262.611
16587,262.611
16588,262.611
16589,262.611
16590,262.611
16591,262.611
16592,262.611
16593,262.611
16594,262.611
16595,262.611
16596,262.611
16597,262.611
16598,262.611
16599,262.611
16600,280.704
16601,280.704
16602,280.704
16603,280.704
16604,280.704
16605,280.704
16606,280.704
16607,280.704
16608,280.704
16609,280.704
16610,280.704
16611,280.704
16612,280.704
16613,280.704
16614,280.704
16615,280.704
16616,280.704
16617,280.704
16618,280.704
16619,280.704
16620,280.704
16621,263.642
16622,263.642
16623,263.642
16624,263.642
16625,263.642
16626,263.642
16627,263.642
16628,263.642
16629,263.642
16630,263.642
16631,263.642
16632,263.642
16633,263.642
16634,263.642
16635,263.642
16636,263.642
16637,263.642
16638,263.642
16639,263.642
16640,278.703
16641,278.703
16642,278.703
16643,278.703
16644,278.703
16645,278.703
16646,278.703
16647,278.703
16648,278.703
16649,278.703
16650,278.703
16651,278.703
16652,278.703
16653,278.703
16654,278.703
16655,278.703
16656,278.703
16657,278.703
16658,278.703
16659,278.703
16660,278.703
16661,263.265
16662,263.265
16663,263.265
16664,263.265
16665,263.265
16666,263.265
16667,263.265
16668,263.265
16669,263.265
16670,263.265
16671,263.265
16672,263.265
16673,263.265
16674,263.265
16675,263.265
16676,263.265
16677,263.265
16678,263.265
16679,263.265
16680,263.265
16681,263.265
16682,278.703
16683,278.703
16684,278.703
16685,278.703
16686,278.703
16687,278.703
16688,278.703
16689,278.703
16690,278.703
16691,278.703
16692,278.703
16693,278.703
16694,278.703
16695,278.703
16696,278.703
16697,278.703
16698,278.703
16699,278.703
16700,263.642
16701,263.642
16702,263.642
16703,263.642
16704,263.642
16705,263.642
16706,263.642
16707,263.642
16708,263.642
16709,263.642
16710,263.642
16711,263.642
16712,263.642
16713,263.642
16714,263.642
16715,263.642
16716,263.642
16717,263.642
16718,263.642
16719,263.642
16720,263.642
16721,280.057
16722,280.057
16723,280.057
16724,280.057
16725,280.057
16726,280.057
16727,280.057
16728,280.057
16729,280.057
16730,280.057
16731,280.057
16732,280.057
16733,280.057
16734,280.057
16735,280.057
16736,280.057
16737,280.057
16738,280.057
16739,280.057
16740,263.265
16741,263.265
16742,263.265
16743,263.265
16744,263.265
16745,263.265
16746,263.265
16747,263.265
16748,263.265
16749,263.265
16750,263.265
16751,263.265
16752,263.265
16753,263.265
16754,263.265
16755,263.265
16756,263.265
16757,263.265
16758,263.265
16759,263.265
16760,280.057
16761,280.057
16762,280.057
16763,280.057
16764,280.057
16765,280.057
16766,280.057
16767,280.057
16768,280.057
16769,280.057
16770,280.057
16771,280.057
16772,280.057
16773,280.057
16774,280.057
16775,280.057
16776,280.057
16777,280.057
16778,280.057
16779,280.057
16780,280.057
16781,280.057
16782,264.942
16783,264.942
16784,264.942
16785,264.942
16786,264.942
16787,264.942
16788,264.942
16789,264.942
16790,264.942
16791,264.942
16792,264.942
16793,264.942
16794,264.942
16795,264.942
16796,264.942
16797,264.942
16798,264.942
16799,264.942
16800,277.402
16801,277.402
16802,277.402
16803,277.402
16804,277.402
16805,277.402
16806,277.402
16807,277.402
16808,277.402
16809,277.402
16810,277.402
16811,277.402
16812,277.402
16813,277.402
16814,277.402
16815,277.402
16816,277.402
16817,277.402
16818,277.402
16819,277.402
16820,277.402
16821,264.288
16822,264.288
16823,264.288
16824,264.288
16825,264.288
16826,264.288
16827,264.288
16828,264.288
16829,264.288
16830,264.288
16831,264.288
16832,264.288
16833,264.288
16834,264.288
16835,264.288
16836,264.288
16837,264.288
16838,264.288
16839,264.288
16840,279.403
16841,279.403
16842,279.403
16843,279.403
16844,279.403
16845,279.403
16846,279.403
16847,279.403
16848,279.403
16849,279.403
16850,279.403
16851,279.403
16852,279.403
16853,279.403
16854,279.403
16855,279.403
16856,279.403
16857,279.403
16858,279.403
16859,279.403
16860,264.288
16861,264.288
16862,264.288
16863,264.288
16864,264.288
16865,264.288
16866,264.288
16867,264.288
16868,264.288
16869,264.288
16870,264.288
16871,264.288
16872,264.288
16873,264.288
16874,264.288
16875,264.288
16876,264.288
16877,264.288
16878,264.288
16879,264.288
16880,264.288
16881,264.288
16882,275.725
16883,275.725
16884,275.725
16885,275.725
16886,275.725
16887,275.725
16888,275.725
16889,275.725
16890,275.725
16891,275.725
16892,275.725
16893,275.725
16894,275.725
16895,275.725
16896,275.725
16897,275.725
16898,275.725
16899,275.725
16900,264.288
16901,264.288
16902,264.288
16903,264.288
16904,264.288
16905,264.288
16906,264.288
16907,264.288
16908,264.288
16909,264.288
16910,264.288
16911,264.288
16912,264.288
16913,264.288
16914,264.288
16915,264.288
16916,264.288
16917,264.288
16918,264.288
16919,264.288
16920,264.288
16921,277.025
16922,277.025
16923,277.025
16924,277.025
16925,277.025
16926,277.025
16927,277.025
16928,277.025
16929,277.025
16930,277.025
16931,277.025
16932,277.025
16933,277.025
16934,277.025
16935,277.025
16936,277.025
16937,277.025
16938,277.025
16939,277.025
16940,277.025
16941,264.942
16942,264.942
16943,264.942
16944,264.942
16945,264.942
16946,264.942
16947,264.942
16948,264.942
16949,264.942
16950,264.942
16951,264.942
16952,264.942
16953,264.942
16954,264.942
16955,264.942
16956,264.942
16957,264.942
16958,264.942
16959,264.942
16960,277.025
16961,277.025
16962,277.025
16963,277.025
16964,277.025
16965,277.025
16966,277.025
16967,277.025
16968,277.025
16969,277.025
16970,277.025
16971,277.025
16972,277.025
16973,277.025
16974,277.025
16975,277.025
16976,277.025
16977,277.025
16978,277.025
16979,277.025
16980,277.025
16981,277.025
16982,263.965
16983,263.965
16984,263.965
16985,263.965
16986,263.965
16987,263.965
16988,263.965
16989,263.965
16990,263.965
16991,263.965
16992,263.965
16993,263.965
16994,263.965
16995,263.965
16996,263.965
16997,263.965
16998,263.965
16999,263.965
17000,274.693
17001,274.693
17002,274.693
17003,274.693
17004,274.693
17005,274.693
17006,274.693
17007,274.693
17008,274.693
17009,274.693
17010,274.693
17011,274.693
17012,274.693
17013,274.693
17014,274.693
17015,274.693
17016,274.693
17017,274.693
17018,274.693
17019,274.693
17020,266.297
17021,266.297
17022,266.297
17023,266.297
17024,266.297
17025,266.297
17026,266.297
17027,266.297
17028,266.297
17029,266.297
17030,266.297
17031,266.297
17032,266.297
17033,266.297
17034,266.297
17035,266.297
17036,266.297
17037,266.297
17038,266.297
17039,266.297
17040,275.725
17041,275.725
17042,275.725
17043,275.725
17044,275.725
17045,275.725
17046,275.725
17047,275.725
17048,275.725
17049,275.725
17050,275.725
17051,275.725
17052,275.725
17053,275.725
17054,275.725
17055,275.725
17056,275.725
17057,275.725
17058,275.725
17059,275.725
17060,272.361
17061,272.361
17062,272.361
17063,272.361
17064,272.361
17065,272.361
17066,272.361
17067,272.361
17068,272.361
17069,272.361
17070,272.361
17071,272.361
17072,272.361
17073,272.361
17074,272.361
17075,272.361
17076,272.361
17077,272.361
17078,272.361
17079,272.361
17080,272.361
17081,272.361
17082,272.361
17083,274.37
17084,274.37
17085,274.37
17086,274.37
17087,274.37
17088,274.37
17089,274.37
17090,274.37
17091,274.37
17092,274.37
17093,274.37
17094,274.37
17095,274.37
17096,274.37
17097,274.37
17098,274.37
17099,274.37
17100,271.338
17101,271.338
17102,271.338
17103,271.338
17104,271.338
17105,271.338
17106,271.338
17107,271.338
17108,271.338
17109,271.338
17110,271.338
17111,271.338
17112,271.338
17113,271.338
17114,271.338
17115,271.338
17116,271.338
17117,271.338
17118,271.338
17119,271.338
17120,271.338
17121,271.661
17122,271.661
17123,271.661
17124,271.661
17125,271.661
17126,271.661
17127,271.661
17128,271.661
17129,271.661
17130,271.661
17131,271.661
17132,271.661
17133,271.661
17134,271.661
17135,271.661
17136,271.661
17137,271.661
17138,271.661
17139,271.661
17140,268.683
17141,268.683
17142,268.683
17143,268.683
17144,268.683
17145,268.683
17146,268.683
17147,268.683
17148,268.683
17149,268.683
17150,268.683
17151,268.683
17152,268.683
17153,268.683
17154,268.683
17155,268.683
17156,268.683
17157,268.683
17158,268.683
17159,268.683
17160,274.693
17161,274.693
17162,274.693
17163,274.693
17164,274.693
17165,274.693
17166,274.693
17167,274.693
17168,274.693
17169,274.693
17170,274.693
17171,274.693
17172,274.693
17173,274.693
17174,274.693
17175,274.693
17176,274.693
17177,274.693
17178,274.693
17179,274.693
17180,274.693
17181,274.693
17182,270.307
17183,270.307
17184,270.307
17185,270.307
17186,270.307
17187,270.307
17188,270.307
17189,270.307
17190,270.307
17191,270.307
17192,270.307
17193,270.307
17194,270.307
17195,270.307
17196,270.307
17197,270.307
17198,270.307
17199,270.307
17200,272.361
17201,272.361
17202,272.361
17203,272.361
17204,272.361
17205,272.361
17206,272.361
17207,272.361
17208,272.361
17209,272.361
17210,272.361
17211,272.361
17212,272.361
17213,272.361
17214,272.361
17215,272.361
17216,272.361
17217,272.361
17218,272.361
17219,272.361
17220,269.329
17221,269.329
17222,269.329
17223,269.329
17224,269.329
17225,269.329
17226,269.329
17227,269.329
17228,269.329
17229,269.329
17230,269.329
17231,269.329
17232,269.329
17233,269.329
17234,269.329
17235,269.329
17236,269.329
17237,269.329
17238,269.329
17239,269.329
17240,273.016
17241,273.016
17242,273.016
17243,273.016
17244,273.016
17245,273.016
17246,273.016
17247,273.016
17248,273.016
17249,273.016
17250,273.016
17251,273.016
17252,273.016
17253,273.016
17254,273.016
17255,273.016
17256,273.016
17257,273.016
17258,273.016
17259,273.016
17260,269.983
17261,269.983
17262,269.983
17263,269.983
17264,269.983
17265,269.983
17266,269.983
17267,269.983
17268,269.983
17269,269.983
17270,269.983
17271,269.983
17272,269.983
17273,269.983
17274,269.983
17275,269.983
17276,269.983
17277,269.983
17278,269.983
17279,269.983
17280,269.983
17281,269.983
17282,273.339
17283,273.339
17284,273.339
17285,273.339
17286,273.339
17287,273.339
17288,273.339
17289,273.339
17290,273.339
17291,273.339
17292,273.339
17293,273.339
17294,273.339
17295,273.339
17296,273.339
17297,273.339
17298,273.339
17299,273.339
17300,271.338
17301,271.338
17302,271.338
17303,271.338
17304,271.338
17305,271.338
17306,271.338
17307,271.338
17308,271.338
17309,271.338
17310,271.338
17311,271.338
17312,271.338
17313,271.338
17314,271.338
17315,271.338
17316,271.338
17317,271.338
17318,271.338
17319,271.338
17320,271.338
17321,273.339
17322,273.339
17323,273.339
17324,273.339
17325,273.339
17326,273.339
17327,273.339
17328,273.339
17329,273.339
17330,273.339
17331,273.339
17332,273.339
17333,273.339
17334,273.339
17335,273.339
17336,273.339
17337,273.339
17338,273.339
17339,273.339
17340,270.684
17341,270.684
17342,270.684
17343,270.684
17344,270.684
17345,270.684
17346,270.684
17347,270.684
17348,270.684
17349,270.684
17350,270.684
17351,270.684
17352,270.684
17353,270.684
17354,270.684
17355,270.684
17356,270.684
17357,270.684
17358,270.684
17359,270.684
17360,269.983
17361,269.983
17362,269.983
17363,269.983
17364,269.983
17365,269.983
17366,269.983
17367,269.983
17368,269.983
17369,269.983
17370,269.983
17371,269.983
17372,269.983
17373,269.983
17374,269.983
17375,269.983
17376,269.983
17377,269.983
17378,269.983
17379,269.983
17380,269.983
17381,269.983
17382,273.016
17383,273.016
17384,273.016
17385,273.016
17386,273.016
17387,273.016
17388,273.016
17389,273.016
17390,273.016
17391,273.016
17392,273.016
17393,273.016
17394,273.016
17395,273.016
17396,273.016
17397,273.016
17398,273.016
17399,273.016
17400,271.338
17401,271.338
17402,271.338
17403,271.338
17404,271.338
17405,271.338
17406,271.338
17407,271.338
17408,271.338
17409,271.338
17410,271.338
17411,271.338
17412,271.338
17413,271.338
17414,271.338
17415,271.338
17416,271.338
17417,271.338
17418,271.338
17419,271.338
17420,271.338
17421,269.329
17422,269.329
17423,269.329
17424,269.329
17425,269.329
17426,269.329
17427,269.329
17428,269.329
17429,269.329
17430,269.329
17431,269.329
17432,269.329
17433,269.329
17434,269.329
17435,269.329
17436,269.329
17437,269.329
17438,269.329
17439,269.329
17440,274.047
17441,274.047
17442,274.047
17443,274.047
17444,274.047
17445,274.047
17446,274.047
17447,274.047
17448,274.047
17449,274.047
17450,274.047
17451,274.047
17452,274.047
17453,274.047
17454,274.047
17455,274.047
17456,274.047
17457,274.047
17458,274.047
17459,274.047
17460,269.652
17461,269.652
17462,269.652
17463,269.652
17464,269.652
17465,269.652
17466,269.652
17467,269.652
17468,269.652
17469,269.652
17470,269.652
17471,269.652
17472,269.652
17473,269.652
17474,269.652
17475,269.652
17476,269.652
17477,269.652
17478,269.652
17479,269.652
17480,269.652
17481,269.652
17482,273.662
17483,273.662
17484,273.662
17485,273.662
17486,273.662
17487,273.662
17488,273.662
17489,273.662
17490,273.662
17491,273.662
17492,273.662
17493,273.662
17494,273.662
17495,273.662
17496,273.662
17497,273.662
17498,273.662
17499,273.662
17500,273.662
17501,256.6
17502,256.6
17503,256.6
17504,256.6
17505,256.6
17506,256.6
17507,256.6
17508,256.6
17509,256.6
17510,256.6
17511,256.6
17512,256.6
17513,256.6
17514,256.6
17515,256.6
17516,256.6
17517,256.6
17518,256.6
17519,256.6
17520,256.6
17521,269.006
17522,269.006
17523,269.006
17524,269.006
17525,269.006
17526,269.006
17527,269.006
17528,269.006
17529,269.006
17530,269.006
17531,269.006
17532,269.006
17533,269.006
17534,269.006
17535,269.006
17536,269.006
17537,269.006
17538,269.006
17539,269.006
17540,254.915
17541,254.915
17542,254.915
17543,254.915
17544,254.915
17545,254.915
17546,254.915
17547,254.915
17548,254.915
17549,254.915
17550,254.915
17551,254.915
17552,254.915
17553,254.915
17554,254.915
17555,254.915
17556,254.915
17557,254.915
17558,254.915
17559,254.915
17560,268.683
17561,268.683
17562,268.683
17563,268.683
17564,268.683
17565,268.683
17566,268.683
17567,268.683
17568,268.683
17569,268.683
17570,268.683
17571,268.683
17572,268.683
17573,268.683
17574,268.683
17575,268.683
17576,268.683
17577,268.683
17578,268.683
17579,268.683
17580,268.683
17581,268.683
17582,254.915
17583,254.915
17584,254.915
17585,254.915
17586,254.915
17587,254.915
17588,254.915
17589,254.915
17590,254.915
17591,254.915
17592,254.915
17593,254.915
17594,254.915
17595,254.915
17596,254.915
17597,254.915
17598,254.915
17599,254.915
17600,269.006
17601,269.006
17602,269.006
17603,269.006
17604,269.006
17605,269.006
17606,269.006
17607,269.006
17608,269.006
17609,269.006
17610,269.006
17611,269.006
17612,269.006
17613,269.006
17614,269.006
17615,269.006
17616,269.006
17617,269.006
17618,269.006
17619,269.006
17620,269.006
17621,257.246
17622,257.246
17623,257.246
17624,257.246
17625,257.246
17626,257.246
17627,257.246
17628,257.246
17629,257.246
17630,257.246
17631,257.246
17632,257.246
17633,257.246
17634,257.246
17635,257.246
17636,257.246
17637,257.246
17638,257.246
17639,257.246
17640,274.37
17641,274.37
17642,274.37
17643,274.37
17644,274.37
17645,274.37
17646,274.37
17647,274.37
17648,274.37
17649,274.37
17650,274.37
17651,274.37
17652,274.37
17653,274.37
17654,274.37
17655,274.37
17656,274.37
17657,274.37
17658,274.37
17659,274.37
17660,265.32
17661,265.32
17662,265.32
17663,265.32
17664,265.32
17665,265.32
17666,265.32
17667,265.32
17668,265.32
17669,265.32
17670,265.32
17671,265.32
17672,265.32
17673,265.32
17674,265.32
17675,265.32
17676,265.32
17677,265.32
17678,265.32
17679,265.32
17680,265.32
17681,265.32
17682,276.694
17683,276.694
17684,276.694
17685,276.694
17686,276.694
17687,276.694
17688,276.694
17689,276.694
17690,276.694
17691,276.694
17692,276.694
17693,276.694
17694,276.694
17695,276.694
17696,276.694
17697,276.694
17698,276.694
17699,276.694
17700,272.361
17701,272.361
17702,272.361
17703,272.361
17704,272.361
17705,272.361
17706,272.361
17707,272.361
17708,272.361
17709,272.361
17710,272.361
17711,272.361
17712,272.361
17713,272.361
17714,272.361
17715,272.361
17716,272.361
17717,272.361
17718,272.361
17719,272.361
17720,272.361
17721,279.403
17722,279.403
17723,279.403
17724,279.403
17725,279.403
17726,279.403
17727,279.403
17728,279.403
17729,279.403
17730,279.403
17731,279.403
17732,279.403
17733,279.403
17734,279.403
17735,279.403
17736,279.403
17737,279.403
17738,279.403
17739,279.403
17740,270.684
17741,270.684
17742,270.684
17743,270.684
17744,270.684
17745,270.684
17746,270.684
17747,270.684
17748,270.684
17749,270.684
17750,270.684
17751,270.684
17752,270.684
17753,270.684
17754,270.684
17755,270.684
17756,270.684
17757,270.684
17758,270.684
17759,270.684
17760,279.026
17761,279.026
17762,279.026
17763,279.026
17764,279.026
17765,279.026
17766,279.026
17767,279.026
17768,279.026
17769,279.026
17770,279.026
17771,279.026
17772,279.026
17773,279.026
17774,279.026
17775,279.026
17776,279.026
17777,279.026
17778,279.026
17779,279.026
17780,279.026
17781,279.026
17782,272.361
17783,272.361
17784,272.361
17785,272.361
17786,272.361
17787,272.361
17788,272.361
17789,272.361
17790,272.361
17791,272.361
17792,272.361
17793,272.361
17794,272.361
17795,272.361
17796,272.361
17797,272.361
17798,272.361
17799,272.361
17800,269.983
17801,269.983
17802,269.983
17803,269.983
17804,269.983
17805,269.983
17806,269.983
17807,269.983
17808,269.983
17809,269.983
17810,269.983
17811,269.983
17812,269.983
17813,269.983
17814,269.983
17815,269.983
17816,269.983
17817,269.983
17818,269.983
17819,269.983
17820,269.983
17821,272.692
17822,272.692
17823,272.692
17824,272.692
17825,272.692
17826,272.692
17827,272.692
17828,272.692
17829,272.692
17830,272.692
17831,272.692
17832,272.692
17833,272.692
17834,272.692
17835,272.692
17836,272.692
17837,272.692
17838,272.692
17839,272.692
17840,271.661
17841,271.661
17842,271.661
17843,271.661
17844,271.661
17845,271.661
17846,271.661
17847,271.661
17848,271.661
17849,271.661
17850,271.661
17851,271.661
17852,271.661
17853,271.661
17854,271.661
17855,271.661
17856,271.661
17857,271.661
17858,271.661
17859,271.661
17860,271.661
17861,271.661
17862,271.661
17863,271.661
17864,271.661
17865,271.661
17866,271.661
17867,271.661
17868,271.661
17869,271.661
17870,271.661
17871,271.661
17872,271.661
17873,271.661
17874,271.661
17875,271.661
17876,271.661
17877,271.661
17878,271.661
17879,271.661
17880,271.661
17881,271.661
17882,271.007
17883,271.007
17884,271.007
17885,271.007
17886,271.007
17887,271.007
17888,271.007
17889,271.007
17890,271.007
17891,271.007
17892,271.007
17893,271.007
17894,271.007
17895,271.007
17896,271.007
17897,271.007
17898,271.007
17899,271.007
17900,271.661
17901,271.661
17902,271.661
17903,271.661
17904,271.661
17905,271.661
17906,271.661
17907,271.661
17908,271.661
17909,271.661
17910,271.661
17911,271.661
17912,271.661
17913,271.661
17914,271.661
17915,271.661
17916,271.661
17917,271.661
17918,271.661
17919,271.661
17920,269.652
17921,269.652
17922,269.652
17923,269.652
17924,269.652
17925,269.652
17926,269.652
17927,269.652
17928,269.652
17929,269.652
17930,269.652
17931,269.652
17932,269.652
17933,269.652
17934,269.652
17935,269.652
17936,269.652
17937,269.652
17938,269.652
17939,269.652
17940,273.339
17941,273.339
17942,273.339
17943,273.339
17944,273.339
17945,273.339
17946,273.339
17947,273.339
17948,273.339
17949,273.339
17950,273.339
17951,273.339
17952,273.339
17953,273.339
17954,273.339
17955,273.339
17956,273.339
17957,273.339
17958,273.339
17959,273.339
17960,271.007
17961,271.007
17962,271.007
17963,271.007
17964,271.007
17965,271.007
17966,271.007
17967,271.007
17968,271.007
17969,271.007
17970,271.007
17971,271.007
17972,271.007
17973,271.007
17974,271.007
17975,271.007
17976,271.007
17977,271.007
17978,271.007
17979,271.007
17980,271.007
17981,271.007
17982,273.016
17983,273.016
17984,273.016
17985,273.016
17986,273.016
17987,273.016
17988,273.016
17989,273.016
17990,273.016
17991,273.016
17992,273.016
17993,273.016
17994,273.016
17995,273.016
17996,273.016
17997,273.016
17998,273.016
17999,273.016
18000,269.006
18001,269.006
18002,269.006
18003,269.006
18004,269.006
18005,269.006
18006,269.006
18007,269.006
18008,269.006
18009,269.006
18010,269.006
18011,269.006
18012,269.006
18013,269.006
18014,269.006
18015,269.006
18016,269.006
18017,269.006
18018,269.006
18019,269.006
18020,269.006
18021,273.662
18022,273.662
18023,273.662
18024,273.662
18025,273.662
18026,273.662
18027,273.662
18028,273.662
18029,273.662
18030,273.662
18031,273.662
18032,273.662
18033,273.662
18034,273.662
18035,273.662
18036,273.662
18037,273.662
18038,273.662
18039,273.662
18040,271.984
18041,271.984
18042,271.984
18043,271.984
18044,271.984
18045,271.984
18046,271.984
18047,271.984
18048,271.984
18049,271.984
18050,271.984
18051,271.984
18052,271.984
18053,271.984
18054,271.984
18055,271.984
18056,271.984
18057,271.984
18058,271.984
18059,271.984
18060,271.007
18061,271.007
18062,271.007
18063,271.007
18064,271.007
18065,271.007
18066,271.007
18067,271.007
18068,271.007
18069,271.007
18070,271.007
18071,271.007
18072,271.007
18073,271.007
18074,271.007
18075,271.007
18076,271.007
18077,271.007
18078,271.007
18079,271.007
18080,271.007
18081,271.007
18082,269.652
18083,269.652
18084,269.652
18085,269.652
18086,269.652
18087,269.652
18088,269.652
18089,269.652
18090,269.652
18091,269.652
18092,269.652
18093,269.652
18094,269.652
18095,269.652
18096,269.652
18097,269.652
18098,269.652
18099,269.652
18100,279.026
18101,279.026
18102,279.026
18103,279.026
18104,279.026
18105,279.026
18106,279.026
18107,279.026
18108,279.026
18109,279.026
18110,279.026
18111,279.026
18112,279.026
18113,279.026
18114,279.026
18115,279.026
18116,279.026
18117,279.026
18118,279.026
18119,279.026
18120,279.026
18121,267.651
18122,267.651
18123,267.651
18124,267.651
18125,267.651
18126,267.651
18127,267.651
18128,267.651
18129,267.651
18130,267.651
18131,267.651
18132,267.651
18133,267.651
18134,267.651
18135,267.651
18136,267.651
18137,267.651
18138,267.651
18139,267.651
18140,277.025
18141,277.025
18142,277.025
18143,277.025
18144,277.025
18145,277.025
18146,277.025
18147,277.025
18148,277.025
18149,277.025
18150,277.025
18151,277.025
18152,277.025
18153,277.025
18154,277.025
18155,277.025
18156,277.025
18157,277.025
18158,277.025
18159,277.025
18160,276.371
18161,276.371
18162,276.371
18163,276.371
18164,276.371
18165,276.371
18166,276.371
18167,276.371
18168,276.371
18169,276.371
18170,276.371
18171,276.371
18172,276.371
18173,276.371
18174,276.371
18175,276.371
18176,276.371
18177,276.371
18178,276.371
18179,276.371
18180,276.371
18181,276.371
18182,271.661
18183,271.661
18184,271.661
18185,271.661
18186,271.661
18187,271.661
18188,271.661
18189,271.661
18190,271.661
18191,271.661
18192,271.661
18193,271.661
18194,271.661
18195,271.661
18196,271.661
18197,271.661
18198,271.661
18199,271.661
18200,271.984
18201,271.984
18202,271.984
18203,271.984
18204,271.984
18205,271.984
18206,271.984
18207,271.984
18208,271.984
18209,271.984
18210,271.984
18211,271.984
18212,271.984
18213,271.984
18214,271.984
18215,271.984
18216,271.984
18217,271.984
18218,271.984
18219,271.984
18220,271.984
18221,267.328
18222,267.328
18223,267.328
18224,267.328
18225,267.328
18226,267.328
18227,267.328
18228,267.328
18229,267.328
18230,267.328
18231,267.328
18232,267.328
18233,267.328
18234,267.328
18235,267.328
18236,267.328
18237,267.328
18238,267.328
18239,267.328
18240,275.017
18241,275.017
18242,275.017
18243,275.017
18244,275.017
18245,275.017
18246,275.017
18247,275.017
18248,275.017
18249,275.017
18250,275.017
18251,275.017
18252,275.017
18253,275.017
18254,275.017
18255,275.017
18256,275.017
18257,275.017
18258,275.017
18259,275.017
18260,272.692
18261,272.692
18262,272.692
18263,272.692
18264,272.692
18265,272.692
18266,272.692
18267,272.692
18268,272.692
18269,272.692
18270,272.692
18271,272.692
18272,272.692
18273,272.692
18274,272.692
18275,272.692
18276,272.692
18277,272.692
18278,272.692
18279,272.692
18280,272.692
18281,272.692
18282,269.983
18283,269.983
18284,269.983
18285,269.983
18286,269.983
18287,269.983
18288,269.983
18289,269.983
18290,269.983
18291,269.983
18292,269.983
18293,269.983
18294,269.983
18295,269.983
18296,269.983
18297,269.983
18298,269.983
18299,269.983
18300,269.652
18301,269.652
18302,269.652
18303,269.652
18304,269.652
18305,269.652
18306,269.652
18307,269.652
18308,269.652
18309,269.652
18310,269.652
18311,269.652
18312,269.652
18313,269.652
18314,269.652
18315,269.652
18316,269.652
18317,269.652
18318,269.652
18319,269.652
18320,269.652
18321,272.692
18322,272.692
18323,272.692
18324,272.692
18325,272.692
18326,272.692
18327,272.692
18328,272.692
18329,272.692
18330,272.692
18331,272.692
18332,272.692
18333,272.692
18334,272.692
18335,272.692
18336,272.692
18337,272.692
18338,272.692
18339,272.692
18340,270.684
18341,270.684
18342,270.684
18343,270.684
18344,270.684
18345,270.684
18346,270.684
18347,270.684
18348,270.684
18349,270.684
18350,270.684
18351,270.684
18352,270.684
18353,270.684
18354,270.684
18355,270.684
18356,270.684
18357,270.684
18358,270.684
18359,270.684
18360,274.37
18361,274.37
18362,274.37
18363,274.37
18364,274.37
18365,274.37
18366,274.37
18367,274.37
18368,274.37
18369,274.37
18370,274.37
18371,274.37
18372,274.37
18373,274.37
18374,274.37
18375,274.37
18376,274.37
18377,274.37
18378,274.37
18379,274.37
18380,274.37
18381,274.37
18382,273.662
18383,273.662
18384,273.662
18385,273.662
18386,273.662
18387,273.662
18388,273.662
18389,273.662
18390,273.662
18391,273.662
18392,273.662
18393,273.662
18394,273.662
18395,273.662
18396,273.662
18397,273.662
18398,273.662
18399,273.662
18400,265.974
18401,265.974
18402,265.974
18403,265.974
18404,265.974
18405,265.974
18406,265.974
18407,265.974
18408,265.974
18409,265.974
18410,265.974
18411,265.974
18412,265.974
18413,265.974
18414,265.974
18415,265.974
18416,265.974
18417,265.974
18418,265.974
18419,265.974
18420,265.974
18421,271.661
18422,271.661
18423,271.661
18424,271.661
18425,271.661
18426,271.661
18427,271.661
18428,271.661
18429,271.661
18430,271.661
18431,271.661
18432,271.661
18433,271.661
18434,271.661
18435,271.661
18436,271.661
18437,271.661
18438,271.661
18439,271.661
18440,265.643
18441,265.643
18442,265.643
18443,265.643
18444,265.643
18445,265.643
18446,265.643
18447,265.643
18448,265.643
18449,265.643
18450,265.643
18451,265.643
18452,265.643
18453,265.643
18454,265.643
18455,265.643
18456,265.643
18457,265.643
18458,265.643
18459,265.643
18460,270.684
18461,270.684
18462,270.684
18463,270.684
18464,270.684
18465,270.684
18466,270.684
18467,270.684
18468,270.684
18469,270.684
18470,270.684
18471,270.684
18472,270.684
18473,270.684
18474,270.684
18475,270.684
18476,270.684
18477,270.684
18478,270.684
18479,270.684
18480,270.684
18481,270.684
18482,269.983
18483,269.983
18484,269.983
18485,269.983
18486,269.983
18487,269.983
18488,269.983
18489,269.983
18490,269.983
18491,269.983
18492,269.983
18493,269.983
18494,269.983
18495,269.983
18496,269.983
18497,269.983
18498,269.983
18499,269.983
18500,273.016
18501,273.016
18502,273.016
18503,273.016
18504,273.016
18505,273.016
18506,273.016
18507,273.016
18508,273.016
18509,273.016
18510,273.016
18511,273.016
18512,273.016
18513,273.016
18514,273.016
18515,273.016
18516,273.016
18517,273.016
18518,273.016
18519,273.016
18520,273.016
18521,271.661
18522,271.661
18523,271.661
18524,271.661
18525,271.661
18526,271.661
18527,271.661
18528,271.661
18529,271.661
18530,271.661
18531,271.661
18532,271.661
18533,271.661
18534,271.661
18535,271.661
18536,271.661
18537,271.661
18538,271.661
18539,271.661
18540,272.361
18541,272.361
18542,272.361
18543,272.361
18544,272.361
18545,272.361
18546,272.361
18547,272.361
18548,272.361
18549,272.361
18550,272.361
18551,272.361
18552,272.361
18553,272.361
18554,272.361
18555,272.361
18556,272.361
18557,272.361
18558,272.361
18559,272.361
18560,273.016
18561,273.016
18562,273.016
18563,273.016
18564,273.016
18565,273.016
18566,273.016
18567,273.016
18568,273.016
18569,273.016
18570,273.016
18571,273.016
18572,273.016
18573,273.016
18574,273.016
18575,273.016
18576,273.016
18577,273.016
18578,273.016
18579,273.016
18580,273.016
18581,273.016
18582,276.694
18583,276.694
18584,276.694
18585,276.694
18586,276.694
18587,276.694
18588,276.694
18589,276.694
18590,276.694
18591,276.694
18592,276.694
18593,276.694
18594,276.694
18595,276.694
18596,276.694
18597,276.694
18598,276.694
18599,276.694
18600,272.361
18601,272.361
18602,272.361
18603,272.361
18604,272.361
18605,272.361
18606,272.361
18607,272.361
18608,272.361
18609,272.361
18610,272.361
18611,272.361
18612,272.361
18613,272.361
18614,272.361
18615,272.361
18616,272.361
18617,272.361
18618,272.361
18619,272.361
18620,279.403
18621,279.403
18622,279.403
18623,279.403
18624,279.403
18625,279.403
18626,279.403
18627,279.403
18628,279.403
18629,279.403
18630,279.403
18631,279.403
18632,279.403
18633,279.403
18634,279.403
18635,279.403
18636,279.403
18637,279.403
18638,279.403
18639,279.403
18640,274.37
18641,274.37
18642,274.37
18643,274.37
18644,274.37
18645,274.37
18646,274.37
18647,274.37
18648,274.37
18649,274.37
18650,274.37
18651,274.37
18652,274.37
18653,274.37
18654,274.37
18655,274.37
18656,274.37
18657,274.37
18658,274.37
18659,274.37
18660,278.049
18661,278.049
18662,278.049
18663,278.049
18664,278.049
18665,278.049
18666,278.049
18667,278.049
18668,278.049
18669,278.049
18670,278.049
18671,278.049
18672,278.049
18673,278.049
18674,278.049
18675,278.049
18676,278.049
18677,278.049
18678,278.049
18679,278.049
18680,278.049
18681,278.049
18682,270.684
18683,270.684
18684,270.684
18685,270.684
18686,270.684
18687,270.684
18688,270.684
18689,270.684
18690,270.684
18691,270.684
18692,270.684
18693,270.684
18694,270.684
18695,270.684
18696,270.684
18697,270.684
18698,270.684
18699,270.684
18700,274.693
18701,274.693
18702,274.693
18703,274.693
18704,274.693
18705,274.693
18706,274.693
18707,274.693
18708,274.693
18709,274.693
18710,274.693
18711,274.693
18712,274.693
18713,274.693
18714,274.693
18715,274.693
18716,274.693
18717,274.693
18718,274.693
18719,274.693
18720,274.693
18721,269.329
18722,269.329
18723,269.329
18724,269.329
18725,269.329
18726,269.329
18727,269.329
18728,269.329
18729,269.329
18730,269.329
18731,269.329
18732,269.329
18733,269.329
18734,269.329
18735,269.329
18736,269.329
18737,269.329
18738,269.329
18739,269.329
18740,274.693
18741,274.693
18742,274.693
18743,274.693
18744,274.693
18745,274.693
18746,274.693
18747,274.693
18748,274.693
18749,274.693
18750,274.693
18751,274.693
18752,274.693
18753,274.693
18754,274.693
18755,274.693
18756,274.693
18757,274.693
18758,274.693
18759,274.693
18760,267.651
18761,267.651
18762,267.651
18763,267.651
18764,267.651
18765,267.651
18766,267.651
18767,267.651
18768,267.651
18769,267.651
18770,267.651
18771,267.651
18772,267.651
18773,267.651
18774,267.651
18775,267.651
18776,267.651
18777,267.651
18778,267.651
18779,267.651
18780,267.651
18781,267.651
18782,276.694
18783,276.694
18784,276.694
18785,276.694
18786,276.694
18787,276.694
18788,276.694
18789,276.694
18790,276.694
18791,276.694
18792,276.694
18793,276.694
18794,276.694
18795,276.694
18796,276.694
18797,276.694
18798,276.694
18799,276.694
18800,271.007
18801,271.007
18802,271.007
18803,271.007
18804,271.007
18805,271.007
18806,271.007
18807,271.007
18808,271.007
18809,271.007
18810,271.007
18811,271.007
18812,271.007
18813,271.007
18814,271.007
18815,271.007
18816,271.007
18817,271.007
18818,271.007
18819,271.007
18820,271.007
18821,283.09
18822,283.09
18823,283.09
18824,283.09
18825,283.09
18826,283.09
18827,283.09
18828,283.09
18829,283.09
18830,283.09
18831,283.09
18832,283.09
18833,283.09
18834,283.09
18835,283.09
18836,283.09
18837,283.09
18838,283.09
18839,283.09
18840,266.62
18841,266.62
18842,266.62
18843,266.62
18844,266.62
18845,266.62
18846,266.62
18847,266.62
18848,266.62
18849,266.62
18850,266.62
18851,266.62
18852,266.62
18853,266.62
18854,266.62
18855,266.62
18856,266.62
18857,266.62
18858,266.62
18859,266.62
18860,274.37
18861,274.37
18862,274.37
18863,274.37
18864,274.37
18865,274.37
18866,274.37
18867,274.37
18868,274.37
18869,274.37
18870,274.37
18871,274.37
18872,274.37
18873,274.37
18874,274.37
18875,274.37
18876,274.37
18877,274.37
18878,274.37
18879,274.37
18880,274.37
18881,274.37
18882,269.983
18883,269.983
18884,269.983
18885,269.983
18886,269.983
18887,269.983
18888,269.983
18889,269.983
18890,269.983
18891,269.983
18892,269.983
18893,269.983
18894,269.983
18895,269.983
18896,269.983
18897,269.983
18898,269.983
18899,269.983
18900,277.025
18901,277.025
18902,277.025
18903,277.025
18904,277.025
18905,277.025
18906,277.025
18907,277.025
18908,277.025
18909,277.025
18910,277.025
18911,277.025
18912,277.025
18913,277.025
18914,277.025
18915,277.025
18916,277.025
18917,277.025
18918,277.025
18919,277.025
18920,277.025
18921,269.329
18922,269.329
18923,269.329
18924,269.329
18925,269.329
18926,269.329
18927,269.329
18928,269.329
18929,269.329
18930,269.329
18931,269.329
18932,269.329
18933,269.329
18934,269.329
18935,269.329
18936,269.329
18937,269.329
18938,269.329
18939,269.329
18940,281.735
18941,281.735
18942,281.735
18943,281.735
18944,281.735
18945,281.735
18946,281.735
18947,281.735
18948,281.735
18949,281.735
18950,281.735
18951,281.735
18952,281.735
18953,281.735
18954,281.735
18955,281.735
18956,281.735
18957,281.735
18958,281.735
18959,281.735
18960,271.007
18961,271.007
18962,271.007
18963,271.007
18964,271.007
18965,271.007
18966,271.007
18967,271.007
18968,271.007
18969,271.007
18970,271.007
18971,271.007
18972,271.007
18973,271.007
18974,271.007
18975,271.007
18976,271.007
18977,271.007
18978,271.007
18979,271.007
18980,271.007
18981,271.007
18982,281.735
18983,281.735
18984,281.735
18985,281.735
18986,281.735
18987,281.735
18988,281.735
18989,281.735
18990,281.735
18991,281.735
18992,281.735
18993,281.735
18994,281.735
18995,281.735
18996,281.735
18997,281.735
18998,281.735
18999,281.735
19000,271.984
19001,271.984
19002,271.984
19003,271.984
19004,271.984
19005,271.984
19006,271.984
19007,271.984
19008,271.984
19009,271.984
19010,271.984
19011,271.984
19012,271.984
19013,271.984
19014,271.984
19015,271.984
19016,271.984
19017,271.984
19018,271.984
19019,271.984
19020,271.984
19021,280.057
19022,280.057
19023,280.057
19024,280.057
19025,280.057
19026,280.057
19027,280.057
19028,280.057
19029,280.057
19030,280.057
19031,280.057
19032,280.057
19033,280.057
19034,280.057
19035,280.057
19036,280.057
19037,280.057
19038,280.057
19039,280.057
19040,280.057
19041,274.37
19042,274.37
19043,274.37
19044,274.37
19045,274.37
19046,274.37
19047,274.37
19048,274.37
19049,274.37
19050,274.37
19051,274.37
19052,274.37
19053,274.37
19054,274.37
19055,274.37
19056,274.37
19057,274.37
19058,274.37
19059,274.37
19060,279.403
19061,279.403
19062,279.403
19063,279.403
19064,279.403
19065,279.403
19066,279.403
19067,279.403
19068,279.403
19069,279.403
19070,279.403
19071,279.403
19072,279.403
19073,279.403
19074,279.403
19075,279.403
19076,279.403
19077,279.403
19078,279.403
19079,279.403
19080,279.403
19081,279.403
19082,275.725
19083,275.725
19084,275.725
19085,275.725
19086,275.725
19087,275.725
19088,275.725
19089,275.725
19090,275.725
19091,275.725
19092,275.725
19093,275.725
19094,275.725
19095,275.725
19096,275.725
19097,275.725
19098,275.725
19099,275.725
19100,282.058
19101,282.058
19102,282.058
19103,282.058
19104,282.058
19105,282.058
19106,282.058
19107,282.058
19108,282.058
19109,282.058
19110,282.058
19111,282.058
19112,282.058
19113,282.058
19114,282.058
19115,282.058
19116,282.058
19117,282.058
19118,282.058
19119,282.058
19120,282.058
19121,272.361
19122,272.361
19123,272.361
19124,272.361
19125,272.361
19126,272.361
19127,272.361
19128,272.361
19129,272.361
19130,272.361
19131,272.361
19132,272.361
19133,272.361
19134,272.361
19135,272.361
19136,272.361
19137,272.361
19138,272.361
19139,272.361
19140,279.403
19141,279.403
19142,279.403
19143,279.403
19144,279.403
19145,279.403
19146,279.403
19147,279.403
19148,279.403
19149,279.403
19150,279.403
19151,279.403
19152,279.403
19153,279.403
19154,279.403
19155,279.403
19156,279.403
19157,279.403
19158,279.403
19159,279.403
19160,270.684
19161,270.684
19162,270.684
19163,270.684
19164,270.684
19165,270.684
19166,270.684
19167,270.684
19168,270.684
19169,270.684
19170,270.684
19171,270.684
19172,270.684
19173,270.684
19174,270.684
19175,270.684
19176,270.684
19177,270.684
19178,270.684
19179,270.684
19180,270.684
19181,270.684
19182,281.412
19183,281.412
19184,281.412
19185,281.412
19186,281.412
19187,281.412
19188,281.412
19189,281.412
19190,281.412
19191,281.412
19192,281.412
19193,281.412
19194,281.412
19195,281.412
19196,281.412
19197,281.412
19198,281.412
19199,281.412
19200,269.329
19201,269.329
19202,269.329
19203,269.329
19204,269.329
19205,269.329
19206,269.329
19207,269.329
19208,269.329
19209,269.329
19210,269.329
19211,269.329
19212,269.329
19213,269.329
19214,269.329
19215,269.329
19216,269.329
19217,269.329
19218,269.329
19219,269.329
19220,269.329
19221,282.389
19222,282.389
19223,282.389
19224,282.389
19225,282.389
19226,282.389
19227,282.389
19228,282.389
19229,282.389
19230,282.389
19231,282.389
19232,282.389
19233,282.389
19234,282.389
19235,282.389
19236,282.389
19237,282.389
19238,282.389
19239,282.389
19240,267.328
19241,267.328
19242,267.328
19243,267.328
19244,267.328
19245,267.328
19246,267.328
19247,267.328
19248,267.328
19249,267.328
19250,267.328
19251,267.328
19252,267.328
19253,267.328
19254,267.328
19255,267.328
19256,267.328
19257,267.328
19258,267.328
19259,267.328
19260,275.017
19261,275.017
19262,275.017
19263,275.017
19264,275.017
19265,275.017
19266,275.017
19267,275.017
19268,275.017
19269,275.017
19270,275.017
19271,275.017
19272,275.017
19273,275.017
19274,275.017
19275,275.017
19276,275.017
19277,275.017
19278,275.017
19279,275.017
19280,275.017
19281,275.017
19282,268.683
19283,268.683
19284,268.683
19285,268.683
19286,268.683
19287,268.683
19288,268.683
19289,268.683
19290,268.683
19291,268.683
19292,268.683
19293,268.683
19294,268.683
19295,268.683
19296,268.683
19297,268.683
19298,268.683
19299,268.683
19300,275.017
19301,275.017
19302,275.017
19303,275.017
19304,275.017
19305,275.017
19306,275.017
19307,275.017
19308,275.017
19309,275.017
19310,275.017
19311,275.017
19312,275.017
19313,275.017
19314,275.017
19315,275.017
19316,275.017
19317,275.017
19318,275.017
19319,275.017
19320,268.683
19321,268.683
19322,268.683
19323,268.683
19324,268.683
19325,268.683
19326,268.683
19327,268.683
19328,268.683
19329,268.683
19330,268.683
19331,268.683
19332,268.683
19333,268.683
19334,268.683
19335,268.683
19336,268.683
19337,268.683
19338,268.683
19339,268.683
19340,275.725
19341,275.725
19342,275.725
19343,275.725
19344,275.725
19345,275.725
19346,275.725
19347,275.725
19348,275.725
19349,275.725
19350,275.725
19351,275.725
19352,275.725
19353,275.725
19354,275.725
19355,275.725
19356,275.725
19357,275.725
19358,275.725
19359,275.725
19360,267.975
19361,267.975
19362,267.975
19363,267.975
19364,267.975
19365,267.975
19366,267.975
19367,267.975
19368,267.975
19369,267.975
19370,267.975
19371,267.975
19372,267.975
19373,267.975
19374,267.975
19375,267.975
19376,267.975
19377,267.975
19378,267.975
19379,267.975
19380,267.975
19381,267.975
19382,277.726
19383,277.726
19384,277.726
19385,277.726
19386,277.726
19387,277.726
19388,277.726
19389,277.726
19390,277.726
19391,277.726
19392,277.726
19393,277.726
19394,277.726
19395,277.726
19396,277.726
19397,277.726
19398,277.726
19399,277.726
19400,267.328
19401,267.328
19402,267.328
19403,267.328
19404,267.328
19405,267.328
19406,267.328
19407,267.328
19408,267.328
19409,267.328
19410,267.328
19411,267.328
19412,267.328
19413,267.328
19414,267.328
19415,267.328
19416,267.328
19417,267.328
19418,267.328
19419,267.328
19420,267.328
19421,274.047
19422,274.047
19423,274.047
19424,274.047
19425,274.047
19426,274.047
19427,274.047
19428,274.047
19429,274.047
19430,274.047
19431,274.047
19432,274.047
19433,274.047
19434,274.047
19435,274.047
19436,274.047
19437,274.047
19438,274.047
19439,274.047
19440,265.974
19441,265.974
19442,265.974
19443,265.974
19444,265.974
19445,265.974
19446,265.974
19447,265.974
19448,265.974
19449,265.974
19450,265.974
19451,265.974
19452,265.974
19453,265.974
19454,265.974
19455,265.974
19456,265.974
19457,265.974
19458,265.974
19459,265.974
19460,276.371
19461,276.371
19462,276.371
19463,276.371
19464,276.371
19465,276.371
19466,276.371
19467,276.371
19468,276.371
19469,276.371
19470,276.371
19471,276.371
19472,276.371
19473,276.371
19474,276.371
19475,276.371
19476,276.371
19477,276.371
19478,276.371
19479,276.371
19480,276.371
19481,276.371
19482,265.974
19483,265.974
19484,265.974
19485,265.974
19486,265.974
19487,265.974
19488,265.974
19489,265.974
19490,265.974
19491,265.974
19492,265.974
19493,265.974
19494,265.974
19495,265.974
19496,265.974
19497,265.974
19498,265.974
19499,265.974
19500,272.692
19501,272.692
19502,272.692
19503,272.692
19504,272.692
19505,272.692
19506,272.692
19507,272.692
19508,272.692
19509,272.692
19510,272.692
19511,272.692
19512,272.692
19513,272.692
19514,272.692
19515,272.692
19516,272.692
19517,272.692
19518,272.692
19519,272.692
19520,272.692
19521,269.983
19522,269.983
19523,269.983
19524,269.983
19525,269.983
19526,269.983
19527,269.983
19528,269.983
19529,269.983
19530,269.983
19531,269.983
19532,269.983
19533,269.983
19534,269.983
19535,269.983
19536,269.983
19537,269.983
19538,269.983
19539,269.983
19540,279.734
19541,279.734
19542,279.734
19543,279.734
19544,279.734
19545,279.734
19546,279.734
19547,279.734
19548,279.734
19549,279.734
19550,279.734
19551,279.734
19552,279.734
19553,279.734
19554,279.734
19555,279.734
19556,279.734
19557,279.734
19558,279.734
19559,279.734
19560,273.662
19561,273.662
19562,273.662
19563,273.662
19564,273.662
19565,273.662
19566,273.662
19567,273.662
19568,273.662
19569,273.662
19570,273.662
19571,273.662
19572,273.662
19573,273.662
19574,273.662
19575,273.662
19576,273.662
19577,273.662
19578,273.662
19579,273.662
19580,273.662
19581,273.662
19582,277.025
19583,277.025
19584,277.025
19585,277.025
19586,277.025
19587,277.025
19588,277.025
19589,277.025
19590,277.025
19591,277.025
19592,277.025
19593,277.025
19594,277.025
19595,277.025
19596,277.025
19597,277.025
19598,277.025
19599,277.025
19600,272.692
19601,272.692
19602,272.692
19603,272.692
19604,272.692
19605,272.692
19606,272.692
19607,272.692
19608,272.692
19609,272.692
19610,272.692
19611,272.692
19612,272.692
19613,272.692
19614,272.692
19615,272.692
19616,272.692
19617,272.692
19618,272.692
19619,272.692
19620,272.692
19621,278.049
19622,278.049
19623,278.049
19624,278.049
19625,278.049
19626,278.049
19627,278.049
19628,278.049
19629,278.049
19630,278.049
19631,278.049
19632,278.049
19633,278.049
19634,278.049
19635,278.049
19636,278.049
19637,278.049
19638,278.049
19639,278.049
19640,271.338
19641,271.338
19642,271.338
19643,271.338
19644,271.338
19645,271.338
19646,271.338
19647,271.338
19648,271.338
19649,271.338
19650,271.338
19651,271.338
19652,271.338
19653,271.338
19654,271.338
19655,271.338
19656,271.338
19657,271.338
19658,271.338
19659,271.338
19660,280.704
19661,280.704
19662,280.704
19663,280.704
19664,280.704
19665,280.704
19666,280.704
19667,280.704
19668,280.704
19669,280.704
19670,280.704
19671,280.704
19672,280.704
19673,280.704
19674,280.704
19675,280.704
19676,280.704
19677,280.704
19678,280.704
19679,280.704
19680,280.704
19681,280.704
19682,272.692
19683,272.692
19684,272.692
19685,272.692
19686,272.692
19687,272.692
19688,272.692
19689,272.692
19690,272.692
19691,272.692
19692,272.692
19693,272.692
19694,272.692
19695,272.692
19696,272.692
19697,272.692
19698,272.692
19699,272.692
19700,275.34
19701,275.34
19702,275.34
19703,275.34
19704,275.34
19705,275.34
19706,275.34
19707,275.34
19708,275.34
19709,275.34
19710,275.34
19711,275.34
19712,275.34
19713,275.34
19714,275.34
19715,275.34
19716,275.34
19717,275.34
19718,275.34
19719,275.34
19720,275.34
19721,271.984
19722,271.984
19723,271.984
19724,271.984
19725,271.984
19726,271.984
19727,271.984
19728,271.984
19729,271.984
19730,271.984
19731,271.984
19732,271.984
19733,271.984
19734,271.984
19735,271.984
19736,271.984
19737,271.984
19738,271.984
19739,271.984
19740,278.38
19741,278.38
19742,278.38
19743,278.38
19744,278.38
19745,278.38
19746,278.38
19747,278.38
19748,278.38
19749,278.38
19750,278.38
19751,278.38
19752,278.38
19753,278.38
19754,278.38
19755,278.38
19756,278.38
19757,278.38
19758,278.38
19759,278.38
19760,274.693
19761,274.693
19762,274.693
19763,274.693
19764,274.693
19765,274.693
19766,274.693
19767,274.693
19768,274.693
19769,274.693
19770,274.693
19771,274.693
19772,274.693
19773,274.693
19774,274.693
19775,274.693
19776,274.693
19777,274.693
19778,274.693
19779,274.693
19780,274.693
19781,274.693
19782,277.025
19783,277.025
19784,277.025
19785,277.025
19786,277.025
19787,277.025
19788,277.025
19789,277.025
19790,277.025
19791,277.025
19792,277.025
19793,277.025
19794,277.025
19795,277.025
19796,277.025
19797,277.025
19798,277.025
19799,277.025
19800,273.662
19801,273.662
19802,273.662
19803,273.662
19804,273.662
19805,273.662
19806,273.662
19807,273.662
19808,273.662
19809,273.662
19810,273.662
19811,273.662
19812,273.662
19813,273.662
19814,273.662
19815,273.662
19816,273.662
19817,273.662
19818,273.662
19819,273.662
19820,273.662
19821,273.339
19822,273.339
19823,273.339
19824,273.339
19825,273.339
19826,273.339
19827,273.339
19828,273.339
19829,273.339
19830,273.339
19831,273.339
19832,273.339
19833,273.339
19834,273.339
19835,273.339
19836,273.339
19837,273.339
19838,273.339
19839,273.339
19840,272.692
19841,272.692
19842,272.692
19843,272.692
19844,272.692
19845,272.692
19846,272.692
19847,272.692
19848,272.692
19849,272.692
19850,272.692
19851,272.692
19852,272.692
19853,272.692
19854,272.692
19855,272.692
19856,272.692
19857,272.692
19858,272.692
19859,272.692
19860,275.725
19861,275.725
19862,275.725
19863,275.725
19864,275.725
19865,275.725
19866,275.725
19867,275.725
19868,275.725
19869,275.725
19870,275.725
19871,275.725
19872,275.725
19873,275.725
19874,275.725
19875,275.725
19876,275.725
19877,275.725
19878,275.725
19879,275.725
19880,275.725
19881,275.725
19882,275.725
19883,271.007
19884,271.007
19885,271.007
19886,271.007
19887,271.007
19888,271.007
19889,271.007
19890,271.007
19891,271.007
19892,271.007
19893,271.007
19894,271.007
19895,271.007
19896,271.007
19897,271.007
19898,271.007
19899,271.007
19900,279.734
19901,279.734
19902,279.734
19903,279.734
19904,279.734
19905,279.734
19906,279.734
19907,279.734
19908,279.734
19909,279.734
19910,279.734
19911,279.734
19912,279.734
19913,279.734
19914,279.734
19915,279.734
19916,279.734
19917,279.734
19918,279.734
19919,279.734
19920,279.734
19921,272.692
19922,272.692
19923,272.692
19924,272.692
19925,272.692
19926,272.692
19927,272.692
19928,272.692
19929,272.692
19930,272.692
19931,272.692
19932,272.692
19933,272.692
19934,272.692
19935,272.692
19936,272.692
19937,272.692
19938,272.692
19939,272.692
19940,279.026
19941,279.026
19942,279.026
19943,279.026
19944,279.026
19945,279.026
19946,279.026
19947,279.026
19948,279.026
19949,279.026
19950,279.026
19951,279.026
19952,279.026
19953,279.026
19954,279.026
19955,279.026
19956,279.026
19957,279.026
19958,279.026
19959,279.026
19960,274.693
19961,274.693
19962,274.693
19963,274.693
19964,274.693
19965,274.693
19966,274.693
19967,274.693
19968,274.693
19969,274.693
19970,274.693
19971,274.693
19972,274.693
19973,274.693
19974,274.693
19975,274.693
19976,274.693
19977,274.693
19978,274.693
19979,274.693
19980,274.693
19981,274.693
19982,280.704
19983,280.704
19984,280.704
19985,280.704
19986,280.704
19987,280.704
19988,280.704
19989,280.704
19990,280.704
19991,280.704
19992,280.704
19993,280.704
19994,280.704
19995,280.704
19996,280.704
19997,280.704
19998,280.704
19999,280.704
20000,274.693
20001,274.693
20002,274.693
20003,274.693
20004,274.693
20005,274.693
20006,274.693
20007,274.693
20008,274.693
20009,274.693
20010,274.693
20011,274.693
20012,274.693
20013,274.693
20014,274.693
20015,274.693
20016,274.693
20017,274.693
20018,274.693
20019,274.693
20020,274.047
20021,274.047
20022,274.047
20023,274.047
20024,274.047
20025,274.047
20026,274.047
20027,274.047
20028,274.047
20029,274.047
20030,274.047
20031,274.047
20032,274.047
20033,274.047
20034,274.047
20035,274.047
20036,274.047
20037,274.047
20038,274.047
20039,274.047
20040,271.661
20041,271.661
20042,271.661
20043,271.661
20044,271.661
20045,271.661
20046,271.661
20047,271.661
20048,271.661
20049,271.661
20050,271.661
20051,271.661
20052,271.661
20053,271.661
20054,271.661
20055,271.661
20056,271.661
20057,271.661
20058,271.661
20059,271.661
20060,270.307
20061,270.307
20062,270.307
20063,270.307
20064,270.307
20065,270.307
20066,270.307
20067,270.307
20068,270.307
20069,270.307
20070,270.307
20071,270.307
20072,270.307
20073,270.307
20074,270.307
20075,270.307
20076,270.307
20077,270.307
20078,270.307
20079,270.307
20080,270.307
20081,270.307
20082,268.298
20083,268.298
20084,268.298
20085,268.298
20086,268.298
20087,268.298
20088,268.298
20089,268.298
20090,268.298
20091,268.298
20092,268.298
20093,268.298
20094,268.298
20095,268.298
20096,268.298
20097,268.298
20098,268.298
20099,268.298
20100,272.361
20101,272.361
20102,272.361
20103,272.361
20104,272.361
20105,272.361
20106,272.361
20107,272.361
20108,272.361
20109,272.361
20110,272.361
20111,272.361
20112,272.361
20113,272.361
20114,272.361
20115,272.361
20116,272.361
20117,272.361
20118,272.361
20119,272.361
20120,272.361
20121,268.683
20122,268.683
20123,268.683
20124,268.683
20125,268.683
20126,268.683
20127,268.683
20128,268.683
20129,268.683
20130,268.683
20131,268.683
20132,268.683
20133,268.683
20134,268.683
20135,268.683
20136,268.683
20137,268.683
20138,268.683
20139,268.683
20140,273.016
20141,273.016
20142,273.016
20143,273.016
20144,273.016
20145,273.016
20146,273.016
20147,273.016
20148,273.016
20149,273.016
20150,273.016
20151,273.016
20152,273.016
20153,273.016
20154,273.016
20155,273.016
20156,273.016
20157,273.016
20158,273.016
20159,273.016
20160,265.974
20161,265.974
20162,265.974
20163,265.974
20164,265.974
20165,265.974
20166,265.974
20167,265.974
20168,265.974
20169,265.974
20170,265.974
20171,265.974
20172,265.974
20173,265.974
20174,265.974
20175,265.974
20176,265.974
20177,265.974
20178,265.974
20179,265.974
20180,265.974
20181,265.974
20182,271.007
20183,271.007
20184,271.007
20185,271.007
20186,271.007
20187,271.007
20188,271.007
20189,271.007
20190,271.007
20191,271.007
20192,271.007
20193,271.007
20194,271.007
20195,271.007
20196,271.007
20197,271.007
20198,271.007
20199,271.007
20200,263.965
20201,263.965
20202,263.965
20203,263.965
20204,263.965
20205,263.965
20206,263.965
20207,263.965
20208,263.965
20209,263.965
20210,263.965
20211,263.965
20212,263.965
20213,263.965
20214,263.965
20215,263.965
20216,263.965
20217,263.965
20218,263.965
20219,263.965
20220,263.965
20221,270.307
20222,270.307
20223,270.307
20224,270.307
20225,270.307
20226,270.307
20227,270.307
20228,270.307
20229,270.307
20230,270.307
20231,270.307
20232,270.307
20233,270.307
20234,270.307
20235,270.307
20236,270.307
20237,270.307
20238,270.307
20239,270.307
20240,264.942
20241,264.942
20242,264.942
20243,264.942
20244,264.942
20245,264.942
20246,264.942
20247,264.942
20248,264.942
20249,264.942
20250,264.942
20251,264.942
20252,264.942
20253,264.942
20254,264.942
20255,264.942
20256,264.942
20257,264.942
20258,264.942
20259,264.942
20260,271.984
20261,271.984
20262,271.984
20263,271.984
20264,271.984
20265,271.984
20266,271.984
20267,271.984
20268,271.984
20269,271.984
20270,271.984
20271,271.984
20272,271.984
20273,271.984
20274,271.984
20275,271.984
20276,271.984
20277,271.984
20278,271.984
20279,271.984
20280,271.984
20281,271.984
20282,262.611
20283,262.611
20284,262.611
20285,262.611
20286,262.611
20287,262.611
20288,262.611
20289,262.611
20290,262.611
20291,262.611
20292,262.611
20293,262.611
20294,262.611
20295,262.611
20296,262.611
20297,262.611
20298,262.611
20299,262.611
20300,273.662
20301,273.662
20302,273.662
20303,273.662
20304,273.662
20305,273.662
20306,273.662
20307,273.662
20308,273.662
20309,273.662
20310,273.662
20311,273.662
20312,273.662
20313,273.662
20314,273.662
20315,273.662
20316,273.662
20317,273.662
20318,273.662
20319,273.662
20320,273.662
20321,263.642
20322,263.642
20323,263.642
20324,263.642
20325,263.642
20326,263.642
20327,263.642
20328,263.642
20329,263.642
20330,263.642
20331,263.642
20332,263.642
20333,263.642
20334,263.642
20335,263.642
20336,263.642
20337,263.642
20338,263.642
20339,263.642
20340,271.007
20341,271.007
20342,271.007
20343,271.007
20344,271.007
20345,271.007
20346,271.007
20347,271.007
20348,271.007
20349,271.007
20350,271.007
20351,271.007
20352,271.007
20353,271.007
20354,271.007
20355,271.007
20356,271.007
20357,271.007
20358,271.007
20359,271.007
20360,262.611
20361,262.611
20362,262.611
20363,262.611
20364,262.611
20365,262.611
20366,262.611
20367,262.611
20368,262.611
20369,262.611
20370,262.611
20371,262.611
20372,262.611
20373,262.611
20374,262.611
20375,262.611
20376,262.611
20377,262.611
20378,262.611
20379,262.611
20380,262.611
20381,262.611
20382,269.652
20383,269.652
20384,269.652
20385,269.652
20386,269.652
20387,269.652
20388,269.652
20389,269.652
20390,269.652
20391,269.652
20392,269.652
20393,269.652
20394,269.652
20395,269.652
20396,269.652
20397,269.652
20398,269.652
20399,269.652
20400,263.965
20401,263.965
20402,263.965
20403,263.965
20404,263.965
20405,263.965
20406,263.965
20407,263.965
20408,263.965
20409,263.965
20410,263.965
20411,263.965
20412,263.965
20413,263.965
20414,263.965
20415,263.965
20416,263.965
20417,263.965
20418,263.965
20419,263.965
20420,263.965
20421,271.338
20422,271.338
20423,271.338
20424,271.338
20425,271.338
20426,271.338
20427,271.338
20428,271.338
20429,271.338
20430,271.338
20431,271.338
20432,271.338
20433,271.338
20434,271.338
20435,271.338
20436,271.338
20437,271.338
20438,271.338
20439,271.338
20440,271.338
20441,266.297
20442,266.297
20443,266.297
20444,266.297
20445,266.297
20446,266.297
20447,266.297
20448,266.297
20449,266.297
20450,266.297
20451,266.297
20452,266.297
20453,266.297
20454,266.297
20455,266.297
20456,266.297
20457,266.297
20458,266.297
20459,266.297
20460,271.661
20461,271.661
20462,271.661
20463,271.661
20464,271.661
20465,271.661
20466,271.661
20467,271.661
20468,271.661
20469,271.661
20470,271.661
20471,271.661
20472,271.661
20473,271.661
20474,271.661
20475,271.661
20476,271.661
20477,271.661
20478,271.661
20479,271.661
20480,271.661
20481,271.661
20482,265.643
20483,265.643
20484,265.643
20485,265.643
20486,265.643
20487,265.643
20488,265.643
20489,265.643
20490,265.643
20491,265.643
20492,265.643
20493,265.643
20494,265.643
20495,265.643
20496,265.643
20497,265.643
20498,265.643
20499,265.643
20500,271.007
20501,271.007
20502,271.007
20503,271.007
20504,271.007
20505,271.007
20506,271.007
20507,271.007
20508,271.007
20509,271.007
20510,271.007
20511,271.007
20512,271.007
20513,271.007
20514,271.007
20515,271.007
20516,271.007
20517,271.007
20518,271.007
20519,271.007
20520,271.007
20521,270.684
20522,270.684
20523,270.684
20524,270.684
20525,270.684
20526,270.684
20527,270.684
20528,270.684
20529,270.684
20530,270.684
20531,270.684
20532,270.684
20533,270.684
20534,270.684
20535,270.684
20536,270.684
20537,270.684
20538,270.684
20539,270.684
20540,274.047
20541,274.047
20542,274.047
20543,274.047
20544,274.047
20545,274.047
20546,274.047
20547,274.047
20548,274.047
20549,274.047
20550,274.047
20551,274.047
20552,274.047
20553,274.047
20554,274.047
20555,274.047
20556,274.047
20557,274.047
20558,274.047
20559,274.047
20560,271.007
20561,271.007
20562,271.007
20563,271.007
20564,271.007
20565,271.007
20566,271.007
20567,271.007
20568,271.007
20569,271.007
20570,271.007
20571,271.007
20572,271.007
20573,271.007
20574,271.007
20575,271.007
20576,271.007
20577,271.007
20578,271.007
20579,271.007
20580,271.007
20581,271.007
20582,275.017
20583,275.017
20584,275.017
20585,275.017
20586,275.017
20587,275.017
20588,275.017
20589,275.017
20590,275.017
20591,275.017
20592,275.017
20593,275.017
20594,275.017
20595,275.017
20596,275.017
20597,275.017
20598,275.017
20599,275.017
20600,268.683
20601,268.683
20602,268.683
20603,268.683
20604,268.683
20605,268.683
20606,268.683
20607,268.683
20608,268.683
20609,268.683
20610,268.683
20611,268.683
20612,268.683
20613,268.683
20614,268.683
20615,268.683
20616,268.683
20617,268.683
20618,268.683
20619,268.683
20620,268.683
20621,272.692
20622,272.692
20623,272.692
20624,272.692
20625,272.692
20626,272.692
20627,272.692
20628,272.692
20629,272.692
20630,272.692
20631,272.692
20632,272.692
20633,272.692
20634,272.692
20635,272.692
20636,272.692
20637,272.692
20638,272.692
20639,272.692
20640,269.329
20641,269.329
20642,269.329
20643,269.329
20644,269.329
20645,269.329
20646,269.329
20647,269.329
20648,269.329
20649,269.329
20650,269.329
20651,269.329
20652,269.329
20653,269.329
20654,269.329
20655,269.329
20656,269.329
20657,269.329
20658,269.329
20659,269.329
20660,270.307
20661,270.307
20662,270.307
20663,270.307
20664,270.307
20665,270.307
20666,270.307
20667,270.307
20668,270.307
20669,270.307
20670,270.307
20671,270.307
20672,270.307
20673,270.307
20674,270.307
20675,270.307
20676,270.307
20677,270.307
20678,270.307
20679,270.307
20680,270.307
20681,270.307
20682,267.328
20683,267.328
20684,267.328
20685,267.328
20686,267.328
20687,267.328
20688,267.328
20689,267.328
20690,267.328
20691,267.328
20692,267.328
20693,267.328
20694,267.328
20695,267.328
20696,267.328
20697,267.328
20698,267.328
20699,267.328
20700,270.684
20701,270.684
20702,270.684
20703,270.684
20704,270.684
20705,270.684
20706,270.684
20707,270.684
20708,270.684
20709,270.684
20710,270.684
20711,270.684
20712,270.684
20713,270.684
20714,270.684
20715,270.684
20716,270.684
20717,270.684
20718,270.684
20719,270.684
20720,270.684
20721,265.643
20722,265.643
20723,265.643
20724,265.643
20725,265.643
20726,265.643
20727,265.643
20728,265.643
20729,265.643
20730,265.643
20731,265.643
20732,265.643
20733,265.643
20734,265.643
20735,265.643
20736,265.643
20737,265.643
20738,265.643
20739,265.643
20740,269.983
20741,269.983
20742,269.983
20743,269.983
20744,269.983
20745,269.983
20746,269.983
20747,269.983
20748,269.983
20749,269.983
20750,269.983
20751,269.983
20752,269.983
20753,269.983
20754,269.983
20755,269.983
20756,269.983
20757,269.983
20758,269.983
20759,269.983
20760,268.298
20761,268.298
20762,268.298
20763,268.298
20764,268.298
20765,268.298
20766,268.298
20767,268.298
20768,268.298
20769,268.298
20770,268.298
20771,268.298
20772,268.298
20773,268.298
20774,268.298
20775,268.298
20776,268.298
20777,268.298
20778,268.298
20779,268.298
20780,268.298
20781,268.298
20782,271.007
20783,271.007
20784,271.007
20785,271.007
20786,271.007
20787,271.007
20788,271.007
20789,271.007
20790,271.007
20791,271.007
20792,271.007
20793,271.007
20794,271.007
20795,271.007
20796,271.007
20797,271.007
20798,271.007
20799,271.007
20800,266.297
20801,266.297
20802,266.297
20803,266.297
20804,266.297
20805,266.297
20806,266.297
20807,266.297
20808,266.297
20809,266.297
20810,266.297
20811,266.297
20812,266.297
20813,266.297
20814,266.297
20815,266.297
20816,266.297
20817,266.297
20818,266.297
20819,266.297
20820,266.297
20821,269.983
20822,269.983
20823,269.983
20824,269.983
20825,269.983
20826,269.983
20827,269.983
20828,269.983
20829,269.983
20830,269.983
20831,269.983
20832,269.983
20833,269.983
20834,269.983
20835,269.983
20836,269.983
20837,269.983
20838,269.983
20839,269.983
20840,264.288
20841,264.288
20842,264.288
20843,264.288
20844,264.288
20845,264.288
20846,264.288
20847,264.288
20848,264.288
20849,264.288
20850,264.288
20851,264.288
20852,264.288
20853,264.288
20854,264.288
20855,264.288
20856,264.288
20857,264.288
20858,264.288
20859,264.288
20860,269.006
20861,269.006
20862,269.006
20863,269.006
20864,269.006
20865,269.006
20866,269.006
20867,269.006
20868,269.006
20869,269.006
20870,269.006
20871,269.006
20872,269.006
20873,269.006
20874,269.006
20875,269.006
20876,269.006
20877,269.006
20878,269.006
20879,269.006
20880,269.006
20881,269.006
20882,263.642
20883,263.642
20884,263.642
20885,263.642
20886,263.642
20887,263.642
20888,263.642
20889,263.642
20890,263.642
20891,263.642
20892,263.642
20893,263.642
20894,263.642
20895,263.642
20896,263.642
20897,263.642
20898,263.642
20899,263.642
20900,270.307
20901,270.307
20902,270.307
20903,270.307
20904,270.307
20905,270.307
20906,270.307
20907,270.307
20908,270.307
20909,270.307
20910,270.307
20911,270.307
20912,270.307
20913,270.307
20914,270.307
20915,270.307
20916,270.307
20917,270.307
20918,270.307
20919,270.307
20920,270.307
20921,263.642
20922,263.642
20923,263.642
20924,263.642
20925,263.642
20926,263.642
20927,263.642
20928,263.642
20929,263.642
20930,263.642
20931,263.642
20932,263.642
20933,263.642
20934,263.642
20935,263.642
20936,263.642
20937,263.642
20938,263.642
20939,263.642
20940,270.307
20941,270.307
20942,270.307
20943,270.307
20944,270.307
20945,270.307
20946,270.307
20947,270.307
20948,270.307
20949,270.307
20950,270.307
20951,270.307
20952,270.307
20953,270.307
20954,270.307
20955,270.307
20956,270.307
20957,270.307
20958,270.307
20959,270.307
20960,262.934
20961,262.934
20962,262.934
20963,262.934
20964,262.934
20965,262.934
20966,262.934
20967,262.934
20968,262.934
20969,262.934
20970,262.934
20971,262.934
20972,262.934
20973,262.934
20974,262.934
20975,262.934
20976,262.934
20977,262.934
20978,262.934
20979,262.934
20980,262.934
20981,262.934
20982,268.683
20983,268.683
20984,268.683
20985,268.683
20986,268.683
20987,268.683
20988,268.683
20989,268.683
20990,268.683
20991,268.683
20992,268.683
20993,268.683
20994,268.683
20995,268.683
20996,268.683
20997,268.683
20998,268.683
20999,268.683
21000,263.965
21001,263.965
21002,263.965
21003,263.965
21004,263.965
21005,263.965
21006,263.965
21007,263.965
21008,263.965
21009,263.965
21010,263.965
21011,263.965
21012,263.965
21013,263.965
21014,263.965
21015,263.965
21016,263.965
21017,263.965
21018,263.965
21019,263.965
21020,263.965
21021,269.006
21022,269.006
21023,269.006
21024,269.006
21025,269.006
21026,269.006
21027,269.006
21028,269.006
21029,269.006
21030,269.006
21031,269.006
21032,269.006
21033,269.006
21034,269.006
21035,269.006
21036,269.006
21037,269.006
21038,269.006
21039,269.006
21040,261.964
21041,261.964
21042,261.964
21043,261.964
21044,261.964
21045,261.964
21046,261.964
21047,261.964
21048,261.964
21049,261.964
21050,261.964
21051,261.964
21052,261.964
21053,261.964
21054,261.964
21055,261.964
21056,261.964
21057,261.964
21058,261.964
21059,261.964
21060,270.684
21061,270.684
21062,270.684
21063,270.684
21064,270.684
21065,270.684
21066,270.684
21067,270.684
21068,270.684
21069,270.684
21070,270.684
21071,270.684
21072,270.684
21073,270.684
21074,270.684
21075,270.684
21076,270.684
21077,270.684
21078,270.684
21079,270.684
21080,270.684
21081,270.684
21082,263.965
21083,263.965
21084,263.965
21085,263.965
21086,263.965
21087,263.965
21088,263.965
21089,263.965
21090,263.965
21091,263.965
21092,263.965
21093,263.965
21094,263.965
21095,263.965
21096,263.965
21097,263.965
21098,263.965
21099,263.965
21100,269.983
21101,269.983
21102,269.983
21103,269.983
21104,269.983
21105,269.983
21106,269.983
21107,269.983
21108,269.983
21109,269.983
21110,269.983
21111,269.983
21112,269.983
21113,269.983
21114,269.983
21115,269.983
21116,269.983
21117,269.983
21118,269.983
21119,269.983
21120,269.983
21121,267.975
21122,267.975
21123,267.975
21124,267.975
21125,267.975
21126,267.975
21127,267.975
21128,267.975
21129,267.975
21130,267.975
21131,267.975
21132,267.975
21133,267.975
21134,267.975
21135,267.975
21136,267.975
21137,267.975
21138,267.975
21139,267.975
21140,271.661
21141,271.661
21142,271.661
21143,271.661
21144,271.661
21145,271.661
21146,271.661
21147,271.661
21148,271.661
21149,271.661
21150,271.661
21151,271.661
21152,271.661
21153,271.661
21154,271.661
21155,271.661
21156,271.661
21157,271.661
21158,271.661
21159,271.661
21160,267.651
21161,267.651
21162,267.651
21163,267.651
21164,267.651
21165,267.651
21166,267.651
21167,267.651
21168,267.651
21169,267.651
21170,267.651
21171,267.651
21172,267.651
21173,267.651
21174,267.651
21175,267.651
21176,267.651
21177,267.651
21178,267.651
21179,267.651
21180,267.651
21181,267.651
21182,275.017
21183,275.017
21184,275.017
21185,275.017
21186,275.017
21187,275.017
21188,275.017
21189,275.017
21190,275.017
21191,275.017
21192,275.017
21193,275.017
21194,275.017
21195,275.017
21196,275.017
21197,275.017
21198,275.017
21199,275.017
21200,267.651
21201,267.651
21202,267.651
21203,267.651
21204,267.651
21205,267.651
21206,267.651
21207,267.651
21208,267.651
21209,267.651
21210,267.651
21211,267.651
21212,267.651
21213,267.651
21214,267.651
21215,267.651
21216,267.651
21217,267.651
21218,267.651
21219,267.651
21220,267.651
21221,275.017
21222,275.017
21223,275.017
21224,275.017
21225,275.017
21226,275.017
21227,275.017
21228,275.017
21229,275.017
21230,275.017
21231,275.017
21232,275.017
21233,275.017
21234,275.017
21235,275.017
21236,275.017
21237,275.017
21238,275.017
21239,275.017
21240,268.298
21241,268.298
21242,268.298
21243,268.298
21244,268.298
21245,268.298
21246,268.298
21247,268.298
21248,268.298
21249,268.298
21250,268.298
21251,268.298
21252,268.298
21253,268.298
21254,268.298
21255,268.298
21256,268.298
21257,268.298
21258,268.298
21259,268.298
21260,271.984
21261,271.984
21262,271.984
21263,271.984
21264,271.984
21265,271.984
21266,271.984
21267,271.984
21268,271.984
21269,271.984
21270,271.984
21271,271.984
21272,271.984
21273,271.984
21274,271.984
21275,271.984
21276,271.984
21277,271.984
21278,271.984
21279,271.984
21280,271.984
21281,271.984
21282,271.984
21283,266.297
21284,266.297
21285,266.297
21286,266.297
21287,266.297
21288,266.297
21289,266.297
21290,266.297
21291,266.297
21292,266.297
21293,266.297
21294,266.297
21295,266.297
21296,266.297
21297,266.297
21298,266.297
21299,266.297
21300,268.298
21301,268.298
21302,268.298
21303,268.298
21304,268.298
21305,268.298
21306,268.298
21307,268.298
21308,268.298
21309,268.298
21310,268.298
21311,268.298
21312,268.298
21313,268.298
21314,268.298
21315,268.298
21316,268.298
21317,268.298
21318,268.298
21319,268.298
21320,264.619
21321,264.619
21322,264.619
21323,264.619
21324,264.619
21325,264.619
21326,264.619
21327,264.619
21328,264.619
21329,264.619
21330,264.619
21331,264.619
21332,264.619
21333,264.619
21334,264.619
21335,264.619
21336,264.619
21337,264.619
21338,264.619
21339,264.619
21340,267.328
21341,267.328
21342,267.328
21343,267.328
21344,267.328
21345,267.328
21346,267.328
21347,267.328
21348,267.328
21349,267.328
21350,267.328
21351,267.328
21352,267.328
21353,267.328
21354,267.328
21355,267.328
21356,267.328
21357,267.328
21358,267.328
21359,267.328
21360,260.933
21361,260.933
21362,260.933
21363,260.933
21364,260.933
21365,260.933
21366,260.933
21367,260.933
21368,260.933
21369,260.933
21370,260.933
21371,260.933
21372,260.933
21373,260.933
21374,260.933
21375,260.933
21376,260.933
21377,260.933
21378,260.933
21379,260.933
21380,260.933
21381,260.933
21382,266.997
21383,266.997
21384,266.997
21385,266.997
21386,266.997
21387,266.997
21388,266.997
21389,266.997
21390,266.997
21391,266.997
21392,266.997
21393,266.997
21394,266.997
21395,266.997
21396,266.997
21397,266.997
21398,266.997
21399,266.997
21400,258.924
21401,258.924
21402,258.924
21403,258.924
21404,258.924
21405,258.924
21406,258.924
21407,258.924
21408,258.924
21409,258.924
21410,258.924
21411,258.924
21412,258.924
21413,258.924
21414,258.924
21415,258.924
21416,258.924
21417,258.924
21418,258.924
21419,258.924
21420,265.643
21421,265.643
21422,265.643
21423,265.643
21424,265.643
21425,265.643
21426,265.643
21427,265.643
21428,265.643
21429,265.643
21430,265.643
21431,265.643
21432,265.643
21433,265.643
21434,265.643
21435,265.643
21436,265.643
21437,265.643
21438,265.643
21439,265.643
21440,261.633
21441,261.633
21442,261.633
21443,261.633
21444,261.633
21445,261.633
21446,261.633
21447,261.633
21448,261.633
21449,261.633
21450,261.633
21451,261.633
21452,261.633
21453,261.633
21454,261.633
21455,261.633
21456,261.633
21457,261.633
21458,261.633
21459,261.633
21460,267.651
21461,267.651
21462,267.651
21463,267.651
21464,267.651
21465,267.651
21466,267.651
21467,267.651
21468,267.651
21469,267.651
21470,267.651
21471,267.651
21472,267.651
21473,267.651
21474,267.651
21475,267.651
21476,267.651
21477,267.651
21478,267.651
21479,267.651
21480,267.651
21481,267.651
21482,259.955
21483,259.955
21484,259.955
21485,259.955
21486,259.955
21487,259.955
21488,259.955
21489,259.955
21490,259.955
21491,259.955
21492,259.955
21493,259.955
21494,259.955
21495,259.955
21496,259.955
21497,259.955
21498,259.955
21499,259.955
21500,273.662
21501,273.662
21502,273.662
21503,273.662
21504,273.662
21505,273.662
21506,273.662
21507,273.662
21508,273.662
21509,273.662
21510,273.662
21511,273.662
21512,273.662
21513,273.662
21514,273.662
21515,273.662
21516,273.662
21517,273.662
21518,273.662
21519,273.662
21520,264.619
21521,264.619
21522,264.619
21523,264.619
21524,264.619
21525,264.619
21526,264.619
21527,264.619
21528,264.619
21529,264.619
21530,264.619
21531,264.619
21532,264.619
21533,264.619
21534,264.619
21535,264.619
21536,264.619
21537,264.619
21538,264.619
21539,264.619
21540,273.016
21541,273.016
21542,273.016
21543,273.016
21544,273.016
21545,273.016
21546,273.016
21547,273.016
21548,273.016
21549,273.016
21550,273.016
21551,273.016
21552,273.016
21553,273.016
21554,273.016
21555,273.016
21556,273.016
21557,273.016
21558,273.016
21559,273.016
21560,263.265
21561,263.265
21562,263.265
21563,263.265
21564,263.265
21565,263.265
21566,263.265
21567,263.265
21568,263.265
21569,263.265
21570,263.265
21571,263.265
21572,263.265
21573,263.265
21574,263.265
21575,263.265
21576,263.265
21577,263.265
21578,263.265
21579,263.265
21580,263.265
21581,263.265
21582,274.047
21583,274.047
21584,274.047
21585,274.047
21586,274.047
21587,274.047
21588,274.047
21589,274.047
21590,274.047
21591,274.047
21592,274.047
21593,274.047
21594,274.047
21595,274.047
21596,274.047
21597,274.047
21598,274.047
21599,274.047
21600,264.288
21601,264.288
21602,264.288
21603,264.288
21604,264.288
21605,264.288
21606,264.288
21607,264.288
21608,264.288
21609,264.288
21610,264.288
21611,264.288
21612,264.288
21613,264.288
21614,264.288
21615,264.288
21616,264.288
21617,264.288
21618,264.288
21619,264.288
21620,264.288
21621,273.339
21622,273.339
21623,273.339
21624,273.339
21625,273.339
21626,273.339
21627,273.339
21628,273.339
21629,273.339
21630,273.339
21631,273.339
21632,273.339
21633,273.339
21634,273.339
21635,273.339
21636,273.339
21637,273.339
21638,273.339
21639,273.339
21640,264.942
21641,264.942
21642,264.942
21643,264.942
21644,264.942
21645,264.942
21646,264.942
21647,264.942
21648,264.942
21649,264.942
21650,264.942
21651,264.942
21652,264.942
21653,264.942
21654,264.942
21655,264.942
21656,264.942
21657,264.942
21658,264.942
21659,264.942
21660,273.662
21661,273.662
21662,273.662
21663,273.662
21664,273.662
21665,273.662
21666,273.662
21667,273.662
21668,273.662
21669,273.662
21670,273.662
21671,273.662
21672,273.662
21673,273.662
21674,273.662
21675,273.662
21676,273.662
21677,273.662
21678,273.662
21679,273.662
21680,273.662
21681,273.662
21682,263.265
21683,263.265
21684,263.265
21685,263.265
21686,263.265
21687,263.265
21688,263.265
21689,263.265
21690,263.265
21691,263.265
21692,263.265
21693,263.265
21694,263.265
21695,263.265
21696,263.265
21697,263.265
21698,263.265
21699,263.265
21700,272.361
21701,272.361
21702,272.361
21703,272.361
21704,272.361
21705,272.361
21706,272.361
21707,272.361
21708,272.361
21709,272.361
21710,272.361
21711,272.361
21712,272.361
21713,272.361
21714,272.361
21715,272.361
21716,272.361
21717,272.361
21718,272.361
21719,272.361
21720,272.361
21721,264.619
21722,264.619
21723,264.619
21724,264.619
21725,264.619
21726,264.619
21727,264.619
21728,264.619
21729,264.619
21730,264.619
21731,264.619
21732,264.619
21733,264.619
21734,264.619
21735,264.619
21736,264.619
21737,264.619
21738,264.619
21739,264.619
21740,272.361
21741,272.361
21742,272.361
21743,272.361
21744,272.361
21745,272.361
21746,272.361
21747,272.361
21748,272.361
21749,272.361
21750,272.361
21751,272.361
21752,272.361
21753,272.361
21754,272.361
21755,272.361
21756,272.361
21757,272.361
21758,272.361
21759,272.361
21760,264.619
21761,264.619
21762,264.619
21763,264.619
21764,264.619
21765,264.619
21766,264.619
21767,264.619
21768,264.619
21769,264.619
21770,264.619
21771,264.619
21772,264.619
21773,264.619
21774,264.619
21775,264.619
21776,264.619
21777,264.619
21778,264.619
21779,264.619
21780,264.619
21781,264.619
21782,271.661
21783,271.661
21784,271.661
21785,271.661
21786,271.661
21787,271.661
21788,271.661
21789,271.661
21790,271.661
21791,271.661
21792,271.661
21793,271.661
21794,271.661
21795,271.661
21796,271.661
21797,271.661
21798,271.661
21799,271.661
21800,262.611
21801,262.611
21802,262.611
21803,262.611
21804,262.611
21805,262.611
21806,262.611
21807,262.611
21808,262.611
21809,262.611
21810,262.611
21811,262.611
21812,262.611
21813,262.611
21814,262.611
21815,262.611
21816,262.611
21817,262.611
21818,262.611
21819,262.611
21820,262.611
21821,276.048
21822,276.048
21823,276.048
21824,276.048
21825,276.048
21826,276.048
21827,276.048
21828,276.048
21829,276.048
21830,276.048
21831,276.048
21832,276.048
21833,276.048
21834,276.048
21835,276.048
21836,276.048
21837,276.048
21838,276.048
21839,276.048
21840,261.964
21841,261.964
21842,261.964
21843,261.964
21844,261.964
21845,261.964
21846,261.964
21847,261.964
21848,261.964
21849,261.964
21850,261.964
21851,261.964
21852,261.964
21853,261.964
21854,261.964
21855,261.964
21856,261.964
21857,261.964
21858,261.964
21859,261.964
21860,273.016
21861,273.016
21862,273.016
21863,273.016
21864,273.016
21865,273.016
21866,273.016
21867,273.016
21868,273.016
21869,273.016
21870,273.016
21871,273.016
21872,273.016
21873,273.016
21874,273.016
21875,273.016
21876,273.016
21877,273.016
21878,273.016
21879,273.016
21880,273.016
21881,273.016
21882,260.279
21883,260.279
21884,260.279
21885,260.279
21886,260.279
21887,260.279
21888,260.279
21889,260.279
21890,260.279
21891,260.279
21892,260.279
21893,260.279
21894,260.279
21895,260.279
21896,260.279
21897,260.279
21898,260.279
21899,260.279
21900,267.651
21901,267.651
21902,267.651
21903,267.651
21904,267.651
21905,267.651
21906,267.651
21907,267.651
21908,267.651
21909,267.651
21910,267.651
21911,267.651
21912,267.651
21913,267.651
21914,267.651
21915,267.651
21916,267.651
21917,267.651
21918,267.651
21919,267.651
21920,267.651
21921,267.651
21922,267.651
21923,267.651
21924,267.651
21925,267.651
21926,267.651
21927,267.651
21928,267.651
21929,267.651
21930,267.651
21931,267.651
21932,267.651
21933,267.651
21934,267.651
21935,267.651
21936,266.62
21937,266.62
21938,266.62
21939,266.62
21940,266.62
21941,266.62
21942,266.62
21943,266.62
21944,266.62
21945,266.62
21946,269.006
21947,269.006
21948,269.006
21949,269.006
21950,269.006
21951,269.006
21952,269.006
21953,269.006
21954,269.006
21955,269.006
21956,269.006
21957,269.006
21958,269.006
21959,269.006
21960,261.633
21961,261.633
21962,261.633
21963,261.633
21964,261.633
21965,261.633
21966,261.633
21967,261.633
21968,261.633
21969,261.633
21970,261.633
21971,261.633
21972,261.633
21973,261.633
21974,261.633
21975,261.633
21976,261.633
21977,261.633
21978,261.633
21979,261.633
21980,261.633
21981,261.633
21982,268.298
21983,268.298
21984,268.298
21985,268.298
21986,268.298
21987,268.298
21988,268.298
21989,268.298
21990,268.298
21991,268.298
21992,268.298
21993,268.298
21994,268.298
21995,268.298
21996,268.298
21997,268.298
21998,268.298
21999,268.298
22000,262.287
22001,262.287
22002,262.287
22003,262.287
22004,262.287
22005,262.287
22006,262.287
22007,262.287
22008,262.287
22009,262.287
22010,262.287
22011,262.287
22012,262.287
22013,262.287
22014,262.287
22015,262.287
22016,262.287
22017,262.287
22018,262.287
22019,262.287
22020,262.287
22021,268.298
22022,268.298
22023,268.298
22024,268.298
22025,268.298
22026,268.298
22027,268.298
22028,268.298
22029,268.298
22030,268.298
22031,268.298
22032,268.298
22033,268.298
22034,268.298
22035,268.298
22036,268.298
22037,268.298
22038,268.298
22039,268.298
22040,260.61
22041,260.61
22042,260.61
22043,260.61
22044,260.61
22045,260.61
22046,260.61
22047,260.61
22048,260.61
22049,260.61
22050,260.61
22051,260.61
22052,260.61
22053,260.61
22054,260.61
22055,260.61
22056,260.61
22057,260.61
22058,260.61
22059,260.61
22060,269.006
22061,269.006
22062,269.006
22063,269.006
22064,269.006
22065,269.006
22066,269.006
22067,269.006
22068,269.006
22069,269.006
22070,269.006
22071,269.006
22072,269.006
22073,269.006
22074,269.006
22075,269.006
22076,269.006
22077,269.006
22078,269.006
22079,269.006
22080,269.006
22081,269.006
22082,269.006
22083,258.924
22084,258.924
22085,258.924
22086,258.924
22087,258.924
22088,258.924
22089,258.924
22090,258.924
22091,258.924
22092,258.924
22093,258.924
22094,258.924
22095,258.924
22096,258.924
22097,258.924
22098,258.924
22099,258.924
22100,269.329
22101,269.329
22102,269.329
22103,269.329
22104,269.329
22105,269.329
22106,269.329
22107,269.329
22108,269.329
22109,269.329
22110,269.329
22111,269.329
22112,269.329
22113,269.329
22114,269.329
22115,269.329
22116,269.329
22117,269.329
22118,269.329
22119,269.329
22120,257.246
22121,257.246
22122,257.246
22123,257.246
22124,257.246
22125,257.246
22126,257.246
22127,257.246
22128,257.246
22129,257.246
22130,257.246
22131,257.246
22132,257.246
22133,257.246
22134,257.246
22135,257.246
22136,257.246
22137,257.246
22138,257.246
22139,257.246
22140,273.662
22141,273.662
22142,273.662
22143,273.662
22144,273.662
22145,273.662
22146,273.662
22147,273.662
22148,273.662
22149,273.662
22150,273.662
22151,273.662
22152,273.662
22153,273.662
22154,273.662
22155,273.662
22156,273.662
22157,273.662
22158,273.662
22159,273.662
22160,261.256
22161,261.256
22162,261.256
22163,261.256
22164,261.256
22165,261.256
22166,261.256
22167,261.256
22168,261.256
22169,261.256
22170,261.256
22171,261.256
22172,261.256
22173,261.256
22174,261.256
22175,261.256
22176,261.256
22177,261.256
22178,261.256
22179,261.256
22180,261.256
22181,261.256
22182,275.34
22183,275.34
22184,275.34
22185,275.34
22186,275.34
22187,275.34
22188,275.34
22189,275.34
22190,275.34
22191,275.34
22192,275.34
22193,275.34
22194,275.34
22195,275.34
22196,275.34
22197,275.34
22198,275.34
22199,275.34
22200,263.642
22201,263.642
22202,263.642
22203,263.642
22204,263.642
22205,263.642
22206,263.642
22207,263.642
22208,263.642
22209,263.642
22210,263.642
22211,263.642
22212,263.642
22213,263.642
22214,263.642
22215,263.642
22216,263.642
22217,263.642
22218,263.642
22219,263.642
22220,263.642
22221,279.403
22222,279.403
22223,279.403
22224,279.403
22225,279.403
22226,279.403
22227,279.403
22228,279.403
22229,279.403
22230,279.403
22231,279.403
22232,279.403
22233,279.403
22234,279.403
22235,279.403
22236,279.403
22237,279.403
22238,279.403
22239,279.403
22240,260.61
22241,260.61
22242,260.61
22243,260.61
22244,260.61
22245,260.61
22246,260.61
22247,260.61
22248,260.61
22249,260.61
22250,260.61
22251,260.61
22252,260.61
22253,260.61
22254,260.61
22255,260.61
22256,260.61
22257,260.61
22258,260.61
22259,260.61
22260,273.016
22261,273.016
22262,273.016
22263,273.016
22264,273.016
22265,273.016
22266,273.016
22267,273.016
22268,273.016
22269,273.016
22270,273.016
22271,273.016
22272,273.016
22273,273.016
22274,273.016
22275,273.016
22276,273.016
22277,273.016
22278,273.016
22279,273.016
22280,273.016
22281,273.016
22282,260.61
22283,260.61
22284,260.61
22285,260.61
22286,260.61
22287,260.61
22288,260.61
22289,260.61
22290,260.61
22291,260.61
22292,260.61
22293,260.61
22294,260.61
22295,260.61
22296,260.61
22297,260.61
22298,260.61
22299,260.61
22300,260.61
22301,268.683
22302,268.683
22303,268.683
22304,268.683
22305,268.683
22306,268.683
22307,268.683
22308,268.683
22309,268.683
22310,268.683
22311,268.683
22312,268.683
22313,268.683
22314,268.683
22315,268.683
22316,268.683
22317,268.683
22318,268.683
22319,268.683
22320,257.246
22321,257.246
22322,257.246
22323,257.246
22324,257.246
22325,257.246
22326,257.246
22327,257.246
22328,257.246
22329,257.246
22330,257.246
22331,257.246
22332,257.246
22333,257.246
22334,257.246
22335,257.246
22336,257.246
22337,257.246
22338,257.246
22339,257.246
22340,274.693
22341,274.693
22342,274.693
22343,274.693
22344,274.693
22345,274.693
22346,274.693
22347,274.693
22348,274.693
22349,274.693
22350,274.693
22351,274.693
22352,274.693
22353,274.693
22354,274.693
22355,274.693
22356,274.693
22357,274.693
22358,274.693
22359,274.693
22360,259.578
22361,259.578
22362,259.578
22363,259.578
22364,259.578
22365,259.578
22366,259.578
22367,259.578
22368,259.578
22369,259.578
22370,259.578
22371,259.578
22372,259.578
22373,259.578
22374,259.578
22375,259.578
22376,259.578
22377,259.578
22378,259.578
22379,259.578
22380,259.578
22381,259.578
22382,273.662
22383,273.662
22384,273.662
22385,273.662
22386,273.662
22387,273.662
22388,273.662
22389,273.662
22390,273.662
22391,273.662
22392,273.662
22393,273.662
22394,273.662
22395,273.662
22396,273.662
22397,273.662
22398,273.662
22399,273.662
22400,258.924
22401,258.924
22402,258.924
22403,258.924
22404,258.924
22405,258.924
22406,258.924
22407,258.924
22408,258.924
22409,258.924
22410,258.924
22411,258.924
22412,258.924
22413,258.924
22414,258.924
22415,258.924
22416,258.924
22417,258.924
22418,258.924
22419,258.924
22420,258.924
22421,274.047
22422,274.047
22423,274.047
22424,274.047
22425,274.047
22426,274.047
22427,274.047
22428,274.047
22429,274.047
22430,274.047
22431,274.047
22432,274.047
22433,274.047
22434,274.047
22435,274.047
22436,274.047
22437,274.047
22438,274.047
22439,274.047
22440,263.265
22441,263.265
22442,263.265
22443,263.265
22444,263.265
22445,263.265
22446,263.265
22447,263.265
22448,263.265
22449,263.265
22450,263.265
22451,263.265
22452,263.265
22453,263.265
22454,263.265
22455,263.265
22456,263.265
22457,263.265
22458,263.265
22459,263.265
22460,277.726
22461,277.726
22462,277.726
22463,277.726
22464,277.726
22465,277.726
22466,277.726
22467,277.726
22468,277.726
22469,277.726
22470,277.726
22471,277.726
22472,277.726
22473,277.726
22474,277.726
22475,277.726
22476,277.726
22477,277.726
22478,277.726
22479,277.726
22480,277.726
22481,277.726
22482,261.633
22483,261.633
22484,261.633
22485,261.633
22486,261.633
22487,261.633
22488,261.633
22489,261.633
22490,261.633
22491,261.633
22492,261.633
22493,261.633
22494,261.633
22495,261.633
22496,261.633
22497,261.633
22498,261.633
22499,261.633
22500,271.338
22501,271.338
22502,271.338
22503,271.338
22504,271.338
22505,271.338
22506,271.338
22507,271.338
22508,271.338
22509,271.338
22510,271.338
22511,271.338
22512,271.338
22513,271.338
22514,271.338
22515,271.338
22516,271.338
22517,271.338
22518,271.338
22519,271.338
22520,271.338
22521,255.892
22522,255.892
22523,255.892
22524,255.892
22525,255.892
22526,255.892
22527,255.892
22528,255.892
22529,255.892
22530,255.892
22531,255.892
22532,255.892
22533,255.892
22534,255.892
22535,255.892
22536,255.892
22537,255.892
22538,255.892
22539,255.892
22540,269.652
22541,269.652
22542,269.652
22543,269.652
22544,269.652
22545,269.652
22546,269.652
22547,269.652
22548,269.652
22549,269.652
22550,269.652
22551,269.652
22552,269.652
22553,269.652
22554,269.652
22555,269.652
22556,269.652
22557,269.652
22558,269.652
22559,269.652
22560,258.601
22561,258.601
22562,258.601
22563,258.601
22564,258.601
22565,258.601
22566,258.601
22567,258.601
22568,258.601
22569,258.601
22570,258.601
22571,258.601
22572,258.601
22573,258.601
22574,258.601
22575,258.601
22576,258.601
22577,258.601
22578,258.601
22579,258.601
22580,258.601
22581,258.601
22582,269.006
22583,269.006
22584,269.006
22585,269.006
22586,269.006
22587,269.006
22588,269.006
22589,269.006
22590,269.006
22591,269.006
22592,269.006
22593,269.006
22594,269.006
22595,269.006
22596,269.006
22597,269.006
22598,269.006
22599,269.006
22600,256.215
22601,256.215
22602,256.215
22603,256.215
22604,256.215
22605,256.215
22606,256.215
22607,256.215
22608,256.215
22609,256.215
22610,256.215
22611,256.215
22612,256.215
22613,256.215
22614,256.215
22615,256.215
22616,256.215
22617,256.215
22618,256.215
22619,256.215
22620,270.684
22621,270.684
22622,270.684
22623,270.684
22624,270.684
22625,270.684
22626,270.684
22627,270.684
22628,270.684
22629,270.684
22630,270.684
22631,270.684
22632,270.684
22633,270.684
22634,270.684
22635,270.684
22636,270.684
22637,270.684
22638,270.684
22639,270.684
22640,256.6
22641,256.6
22642,256.6
22643,256.6
22644,256.6
22645,256.6
22646,256.6
22647,256.6
22648,256.6
22649,256.6
22650,256.6
22651,256.6
22652,256.6
22653,256.6
22654,256.6
22655,256.6
22656,256.6
22657,256.6
22658,256.6
22659,256.6
22660,273.016
22661,273.016
22662,273.016
22663,273.016
22664,273.016
22665,273.016
22666,273.016
22667,273.016
22668,273.016
22669,273.016
22670,273.016
22671,273.016
22672,273.016
22673,273.016
22674,273.016
22675,273.016
22676,273.016
22677,273.016
22678,273.016
22679,273.016
22680,273.016
22681,273.016
22682,273.016
22683,259.255
22684,259.255
22685,259.255
22686,259.255
22687,259.255
22688,259.255
22689,259.255
22690,259.255
22691,259.255
22692,259.255
22693,259.255
22694,259.255
22695,259.255
22696,259.255
22697,259.255
22698,259.255
22699,259.255
22700,268.683
22701,268.683
22702,268.683
22703,268.683
22704,268.683
22705,268.683
22706,268.683
22707,268.683
22708,268.683
22709,268.683
22710,268.683
22711,268.683
22712,268.683
22713,268.683
22714,268.683
22715,268.683
22716,268.683
22717,268.683
22718,268.683
22719,268.683
22720,268.683
22721,255.892
22722,255.892
22723,255.892
22724,255.892
22725,255.892
22726,255.892
22727,255.892
22728,255.892
22729,255.892
22730,255.892
22731,255.892
22732,255.892
22733,255.892
22734,255.892
22735,255.892
22736,255.892
22737,255.892
22738,255.892
22739,255.892
22740,268.298
22741,268.298
22742,268.298
22743,268.298
22744,268.298
22745,268.298
22746,268.298
22747,268.298
22748,268.298
22749,268.298
22750,268.298
22751,268.298
22752,268.298
22753,268.298
22754,268.298
22755,268.298
22756,268.298
22757,268.298
22758,268.298
22759,268.298
22760,257.901
22761,257.901
22762,257.901
22763,257.901
22764,257.901
22765,257.901
22766,257.901
22767,257.901
22768,257.901
22769,257.901
22770,257.901
22771,257.901
22772,257.901
22773,257.901
22774,257.901
22775,257.901
22776,257.901
22777,257.901
22778,257.901
22779,257.901
22780,257.901
22781,257.901
22782,269.329
22783,269.329
22784,269.329
22785,269.329
22786,269.329
22787,269.329
22788,269.329
22789,269.329
22790,269.329
22791,269.329
22792,269.329
22793,269.329
22794,269.329
22795,269.329
22796,269.329
22797,269.329
22798,269.329
22799,269.329
22800,256.215
22801,256.215
22802,256.215
22803,256.215
22804,256.215
22805,256.215
22806,256.215
22807,256.215
22808,256.215
22809,256.215
22810,256.215
22811,256.215
22812,256.215
22813,256.215
22814,256.215
22815,256.215
22816,256.215
22817,256.215
22818,256.215
22819,256.215
22820,269.006
22821,269.006
22822,269.006
22823,269.006
22824,269.006
22825,269.006
22826,269.006
22827,269.006
22828,269.006
22829,269.006
22830,269.006
22831,269.006
22832,269.006
22833,269.006
22834,269.006
22835,269.006
22836,269.006
22837,269.006
22838,269.006
22839,269.006
22840,256.6
22841,256.6
22842,256.6
22843,256.6
22844,256.6
22845,256.6
22846,256.6
22847,256.6
22848,256.6
22849,256.6
22850,256.6
22851,256.6
22852,256.6
22853,256.6
22854,256.6
22855,256.6
22856,256.6
22857,256.6
22858,256.6
22859,256.6
22860,270.684
22861,270.684
22862,270.684
22863,270.684
22864,270.684
22865,270.684
22866,270.684
22867,270.684
22868,270.684
22869,270.684
22870,270.684
22871,270.684
22872,270.684
22873,270.684
22874,270.684
22875,270.684
22876,270.684
22877,270.684
22878,270.684
22879,270.684
22880,270.684
22881,270.684
22882,257.901
22883,257.901
22884,257.901
22885,257.901
22886,257.901
22887,257.901
22888,257.901
22889,257.901
22890,257.901
22891,257.901
22892,257.901
22893,257.901
22894,257.901
22895,257.901
22896,257.901
22897,257.901
22898,257.901
22899,257.901
22900,269.652
22901,269.652
22902,269.652
22903,269.652
22904,269.652
22905,269.652
22906,269.652
22907,269.652
22908,269.652
22909,269.652
22910,269.652
22911,269.652
22912,269.652
22913,269.652
22914,269.652
22915,269.652
22916,269.652
22917,269.652
22918,269.652
22919,269.652
22920,269.652
22921,256.215
22922,256.215
22923,256.215
22924,256.215
22925,256.215
22926,256.215
22927,256.215
22928,256.215
22929,256.215
22930,256.215
22931,256.215
22932,256.215
22933,256.215
22934,256.215
22935,256.215
22936,256.215
22937,256.215
22938,256.215
22939,256.215
22940,269.983
22941,269.983
22942,269.983
22943,269.983
22944,269.983
22945,269.983
22946,269.983
22947,269.983
22948,269.983
22949,269.983
22950,269.983
22951,269.983
22952,269.983
22953,269.983
22954,269.983
22955,269.983
22956,269.983
22957,269.983
22958,269.983
22959,269.983
22960,258.601
22961,258.601
22962,258.601
22963,258.601
22964,258.601
22965,258.601
22966,258.601
22967,258.601
22968,258.601
22969,258.601
22970,258.601
22971,258.601
22972,258.601
22973,258.601
22974,258.601
22975,258.601
22976,258.601
22977,258.601
22978,258.601
22979,258.601
22980,258.601
22981,258.601
22982,270.307
22983,270.307
22984,270.307
22985,270.307
22986,270.307
22987,270.307
22988,270.307
22989,270.307
22990,270.307
22991,270.307
22992,270.307
22993,270.307
22994,270.307
22995,270.307
22996,270.307
22997,270.307
22998,270.307
22999,270.307
23000,258.924
23001,258.924
23002,258.924
23003,258.924
23004,258.924
23005,258.924
23006,258.924
23007,258.924
23008,258.924
23009,258.924
23010,258.924
23011,258.924
23012,258.924
23013,258.924
23014,258.924
23015,258.924
23016,258.924
23017,258.924
23018,258.924
23019,258.924
23020,258.924
23021,269.983
23022,269.983
23023,269.983
23024,269.983
23025,269.983
23026,269.983
23027,269.983
23028,269.983
23029,269.983
23030,269.983
23031,269.983
23032,269.983
23033,269.983
23034,269.983
23035,269.983
23036,269.983
23037,269.983
23038,269.983
23039,269.983
23040,260.279
23041,260.279
23042,260.279
23043,260.279
23044,260.279
23045,260.279
23046,260.279
23047,260.279
23048,260.279
23049,260.279
23050,260.279
23051,260.279
23052,260.279
23053,260.279
23054,260.279
23055,260.279
23056,260.279
23057,260.279
23058,260.279
23059,260.279
23060,271.338
23061,271.338
23062,271.338
23063,271.338
23064,271.338
23065,271.338
23066,271.338
23067,271.338
23068,271.338
23069,271.338
23070,271.338
23071,271.338
23072,271.338
23073,271.338
23074,271.338
23075,271.338
23076,271.338
23077,271.338
23078,271.338
23079,271.338
23080,271.338
23081,271.338
23082,260.933
23083,260.933
23084,260.933
23085,260.933
23086,260.933
23087,260.933
23088,260.933
23089,260.933
23090,260.933
23091,260.933
23092,260.933
23093,260.933
23094,260.933
23095,260.933
23096,260.933
23097,260.933
23098,260.933
23099,260.933
23100,278.38
23101,278.38
23102,278.38
23103,278.38
23104,278.38
23105,278.38
23106,278.38
23107,278.38
23108,278.38
23109,278.38
23110,278.38
23111,278.38
23112,278.38
23113,278.38
23114,278.38
23115,278.38
23116,278.38
23117,278.38
23118,278.38
23119,278.38
23120,278.38
23121,262.287
23122,262.287
23123,262.287
23124,262.287
23125,262.287
23126,262.287
23127,262.287
23128,262.287
23129,262.287
23130,262.287
23131,262.287
23132,262.287
23133,262.287
23134,262.287
23135,262.287
23136,262.287
23137,262.287
23138,262.287
23139,262.287
23140,276.694
23141,276.694
23142,276.694
23143,276.694
23144,276.694
23145,276.694
23146,276.694
23147,276.694
23148,276.694
23149,276.694
23150,276.694
23151,276.694
23152,276.694
23153,276.694
23154,276.694
23155,276.694
23156,276.694
23157,276.694
23158,276.694
23159,276.694
23160,261.633
23161,261.633
23162,261.633
23163,261.633
23164,261.633
23165,261.633
23166,261.633
23167,261.633
23168,261.633
23169,261.633
23170,261.633
23171,261.633
23172,261.633
23173,261.633
23174,261.633
23175,261.633
23176,261.633
23177,261.633
23178,261.633
23179,261.633
23180,261.633
23181,261.633
23182,277.025
23183,277.025
23184,277.025
23185,277.025
23186,277.025
23187,277.025
23188,277.025
23189,277.025
23190,277.025
23191,277.025
23192,277.025
23193,277.025
23194,277.025
23195,277.025
23196,277.025
23197,277.025
23198,277.025
23199,277.025
23200,260.61
23201,260.61
23202,260.61
23203,260.61
23204,260.61
23205,260.61
23206,260.61
23207,260.61
23208,260.61
23209,260.61
23210,260.61
23211,260.61
23212,260.61
23213,260.61
23214,260.61
23215,260.61
23216,260.61
23217,260.61
23218,260.61
23219,260.61
23220,260.61
23221,282.389
23222,282.389
23223,282.389
23224,282.389
23225,282.389
23226,282.389
23227,282.389
23228,282.389
23229,282.389
23230,282.389
23231,282.389
23232,282.389
23233,282.389
23234,282.389
23235,282.389
23236,282.389
23237,282.389
23238,282.389
23239,282.389
23240,259.578
23241,259.578
23242,259.578
23243,259.578
23244,259.578
23245,259.578
23246,259.578
23247,259.578
23248,259.578
23249,259.578
23250,259.578
23251,259.578
23252,259.578
23253,259.578
23254,259.578
23255,259.578
23256,259.578
23257,259.578
23258,259.578
23259,259.578
23260,274.693
23261,274.693
23262,274.693
23263,274.693
23264,274.693
23265,274.693
23266,274.693
23267,274.693
23268,274.693
23269,274.693
23270,274.693
23271,274.693
23272,274.693
23273,274.693
23274,274.693
23275,274.693
23276,274.693
23277,274.693
23278,274.693
23279,274.693
23280,274.693
23281,274.693
23282,258.924
23283,258.924
23284,258.924
23285,258.924
23286,258.924
23287,258.924
23288,258.924
23289,258.924
23290,258.924
23291,258.924
23292,258.924
23293,258.924
23294,258.924
23295,258.924
23296,258.924
23297,258.924
23298,258.924
23299,258.924
23300,276.371
23301,276.371
23302,276.371
23303,276.371
23304,276.371
23305,276.371
23306,276.371
23307,276.371
23308,276.371
23309,276.371
23310,276.371
23311,276.371
23312,276.371
23313,276.371
23314,276.371
23315,276.371
23316,276.371
23317,276.371
23318,276.371
23319,276.371
23320,276.371
23321,260.279
23322,260.279
23323,260.279
23324,260.279
23325,260.279
23326,260.279
23327,260.279
23328,260.279
23329,260.279
23330,260.279
23331,260.279
23332,260.279
23333,260.279
23334,260.279
23335,260.279
23336,260.279
23337,260.279
23338,260.279
23339,260.279
23340,276.371
23341,276.371
23342,276.371
23343,276.371
23344,276.371
23345,276.371
23346,276.371
23347,276.371
23348,276.371
23349,276.371
23350,276.371
23351,276.371
23352,276.371
23353,276.371
23354,276.371
23355,276.371
23356,276.371
23357,276.371
23358,276.371
23359,276.371
23360,260.279
23361,260.279
23362,260.279
23363,260.279
23364,260.279
23365,260.279
23366,260.279
23367,260.279
23368,260.279
23369,260.279
23370,260.279
23371,260.279
23372,260.279
23373,260.279
23374,260.279
23375,260.279
23376,260.279
23377,260.279
23378,260.279
23379,260.279
23380,260.279
23381,260.279
23382,276.048
23383,276.048
23384,276.048
23385,276.048
23386,276.048
23387,276.048
23388,276.048
23389,276.048
23390,276.048
23391,276.048
23392,276.048
23393,276.048
23394,276.048
23395,276.048
23396,276.048
23397,276.048
23398,276.048
23399,276.048
23400,259.578
23401,259.578
23402,259.578
23403,259.578
23404,259.578
23405,259.578
23406,259.578
23407,259.578
23408,259.578
23409,259.578
23410,259.578
23411,259.578
23412,259.578
23413,259.578
23414,259.578
23415,259.578
23416,259.578
23417,259.578
23418,259.578
23419,259.578
23420,259.578
23421,278.049
23422,278.049
23423,278.049
23424,278.049
23425,278.049
23426,278.049
23427,278.049
23428,278.049
23429,278.049
23430,278.049
23431,278.049
23432,278.049
23433,278.049
23434,278.049
23435,278.049
23436,278.049
23437,278.049
23438,278.049
23439,278.049
23440,260.279
23441,260.279
23442,260.279
23443,260.279
23444,260.279
23445,260.279
23446,260.279
23447,260.279
23448,260.279
23449,260.279
23450,260.279
23451,260.279
23452,260.279
23453,260.279
23454,260.279
23455,260.279
23456,260.279
23457,260.279
23458,260.279
23459,260.279
23460,277.025
23461,277.025
23462,277.025
23463,277.025
23464,277.025
23465,277.025
23466,277.025
23467,277.025
23468,277.025
23469,277.025
23470,277.025
23471,277.025
23472,277.025
23473,277.025
23474,277.025
23475,277.025
23476,277.025
23477,277.025
23478,277.025
23479,277.025
23480,277.025
23481,277.025
23482,259.955
23483,259.955
23484,259.955
23485,259.955
23486,259.955
23487,259.955
23488,259.955
23489,259.955
23490,259.955
23491,259.955
23492,259.955
23493,259.955
23494,259.955
23495,259.955
23496,259.955
23497,259.955
23498,259.955
23499,259.955
23500,278.049
23501,278.049
23502,278.049
23503,278.049
23504,278.049
23505,278.049
23506,278.049
23507,278.049
23508,278.049
23509,278.049
23510,278.049
23511,278.049
23512,278.049
23513,278.049
23514,278.049
23515,278.049
23516,278.049
23517,278.049
23518,278.049
23519,278.049
23520,260.279
23521,260.279
23522,260.279
23523,260.279
23524,260.279
23525,260.279
23526,260.279
23527,260.279
23528,260.279
23529,260.279
23530,260.279
23531,260.279
23532,260.279
23533,260.279
23534,260.279
23535,260.279
23536,260.279
23537,260.279
23538,260.279
23539,260.279
23540,274.37
23541,274.37
23542,274.37
23543,274.37
23544,274.37
23545,274.37
23546,274.37
23547,274.37
23548,274.37
23549,274.37
23550,274.37
23551,274.37
23552,274.37
23553,274.37
23554,274.37
23555,274.37
23556,274.37
23557,274.37
23558,274.37
23559,274.37
23560,259.578
23561,259.578
23562,259.578
23563,259.578
23564,259.578
23565,259.578
23566,259.578
23567,259.578
23568,259.578
23569,259.578
23570,259.578
23571,259.578
23572,259.578
23573,259.578
23574,259.578
23575,259.578
23576,259.578
23577,259.578
23578,259.578
23579,259.578
23580,259.578
23581,259.578
23582,273.016
23583,273.016
23584,273.016
23585,273.016
23586,273.016
23587,273.016
23588,273.016
23589,273.016
23590,273.016
23591,273.016
23592,273.016
23593,273.016
23594,273.016
23595,273.016
23596,273.016
23597,273.016
23598,273.016
23599,273.016
23600,258.601
23601,258.601
23602,258.601
23603,258.601
23604,258.601
23605,258.601
23606,258.601
23607,258.601
23608,258.601
23609,258.601
23610,258.601
23611,258.601
23612,258.601
23613,258.601
23614,258.601
23615,258.601
23616,258.601
23617,258.601
23618,258.601
23619,258.601
23620,258.601
23621,274.047
23622,274.047
23623,274.047
23624,274.047
23625,274.047
23626,274.047
23627,274.047
23628,274.047
23629,274.047
23630,274.047
23631,274.047
23632,274.047
23633,274.047
23634,274.047
23635,274.047
23636,274.047
23637,274.047
23638,274.047
23639,274.047
23640,258.924
23641,258.924
23642,258.924
23643,258.924
23644,258.924
23645,258.924
23646,258.924
23647,258.924
23648,258.924
23649,258.924
23650,258.924
23651,258.924
23652,258.924
23653,258.924
23654,258.924
23655,258.924
23656,258.924
23657,258.924
23658,258.924
23659,258.924
23660,274.047
23661,274.047
23662,274.047
23663,274.047
23664,274.047
23665,274.047
23666,274.047
23667,274.047
23668,274.047
23669,274.047
23670,274.047
23671,274.047
23672,274.047
23673,274.047
23674,274.047
23675,274.047
23676,274.047
23677,274.047
23678,274.047
23679,274.047
23680,274.047
23681,274.047
23682,259.255
23683,259.255
23684,259.255
23685,259.255
23686,259.255
23687,259.255
23688,259.255
23689,259.255
23690,259.255
23691,259.255
23692,259.255
23693,259.255
23694,259.255
23695,259.255
23696,259.255
23697,259.255
23698,259.255
23699,259.255
23700,273.016
23701,273.016
23702,273.016
23703,273.016
23704,273.016
23705,273.016
23706,273.016
23707,273.016
23708,273.016
23709,273.016
23710,273.016
23711,273.016
23712,273.016
23713,273.016
23714,273.016
23715,273.016
23716,273.016
23717,273.016
23718,273.016
23719,273.016
23720,273.016
23721,258.924
23722,258.924
23723,258.924
23724,258.924
23725,258.924
23726,258.924
23727,258.924
23728,258.924
23729,258.924
23730,258.924
23731,258.924
23732,258.924
23733,258.924
23734,258.924
23735,258.924
23736,258.924
23737,258.924
23738,258.924
23739,258.924
23740,273.339
23741,273.339
23742,273.339
23743,273.339
23744,273.339
23745,273.339
23746,273.339
23747,273.339
23748,273.339
23749,273.339
23750,273.339
23751,273.339
23752,273.339
23753,273.339
23754,273.339
23755,273.339
23756,273.339
23757,273.339
23758,273.339
23759,273.339
23760,257.57
23761,257.57
23762,257.57
23763,257.57
23764,257.57
23765,257.57
23766,257.57
23767,257.57
23768,257.57
23769,257.57
23770,257.57
23771,257.57
23772,257.57
23773,257.57
23774,257.57
23775,257.57
23776,257.57
23777,257.57
23778,257.57
23779,257.57
23780,257.57
23781,257.57
23782,273.339
23783,273.339
23784,273.339
23785,273.339
23786,273.339
23787,273.339
23788,273.339
23789,273.339
23790,273.339
23791,273.339
23792,273.339
23793,273.339
23794,273.339
23795,273.339
23796,273.339
23797,273.339
23798,273.339
23799,273.339
23800,258.601
23801,258.601
23802,258.601
23803,258.601
23804,258.601
23805,258.601
23806,258.601
23807,258.601
23808,258.601
23809,258.601
23810,258.601
23811,258.601
23812,258.601
23813,258.601
23814,258.601
23815,258.601
23816,258.601
23817,258.601
23818,258.601
23819,258.601
23820,258.601
23821,283.413
23822,283.413
23823,283.413
23824,283.413
23825,283.413
23826,283.413
23827,283.413
23828,283.413
23829,283.413
23830,283.413
23831,283.413
23832,283.413
23833,283.413
23834,283.413
23835,283.413
23836,283.413
23837,283.413
23838,283.413
23839,283.413
23840,257.57
23841,257.57
23842,257.57
23843,257.57
23844,257.57
23845,257.57
23846,257.57
23847,257.57
23848,257.57
23849,257.57
23850,257.57
23851,257.57
23852,257.57
23853,257.57
23854,257.57
23855,257.57
23856,257.57
23857,257.57
23858,257.57
23859,257.57
23860,287.099
23861,287.099
23862,287.099
23863,287.099
23864,287.099
23865,287.099
23866,287.099
23867,287.099
23868,287.099
23869,287.099
23870,287.099
23871,287.099
23872,287.099
23873,287.099
23874,287.099
23875,287.099
23876,287.099
23877,287.099
23878,287.099
23879,287.099
23880,287.099
23881,287.099
23882,258.924
23883,258.924
23884,258.924
23885,258.924
23886,258.924
23887,258.924
23888,258.924
23889,258.924
23890,258.924
23891,258.924
23892,258.924
23893,258.924
23894,258.924
23895,258.924
23896,258.924
23897,258.924
23898,258.924
23899,258.924
23900,288.454
23901,288.454
23902,288.454
23903,288.454
23904,288.454
23905,288.454
23906,288.454
23907,288.454
23908,288.454
23909,288.454
23910,288.454
23911,288.454
23912,288.454
23913,288.454
23914,288.454
23915,288.454
23916,288.454
23917,288.454
23918,288.454
23919,288.454
23920,288.454
23921,258.924
23922,258.924
23923,258.924
23924,258.924
23925,258.924
23926,258.924
23927,258.924
23928,258.924
23929,258.924
23930,258.924
23931,258.924
23932,258.924
23933,258.924
23934,258.924
23935,258.924
23936,258.924
23937,258.924
23938,258.924
23939,258.924
23940,287.423
23941,287.423
23942,287.423
23943,287.423
23944,287.423
23945,287.423
23946,287.423
23947,287.423
23948,287.423
23949,287.423
23950,287.423
23951,287.423
23952,287.423
23953,287.423
23954,287.423
23955,287.423
23956,287.423
23957,287.423
23958,287.423
23959,287.423
23960,258.924
23961,258.924
23962,258.924
23963,258.924
23964,258.924
23965,258.924
23966,258.924
23967,258.924
23968,258.924
23969,258.924
23970,258.924
23971,258.924
23972,258.924
23973,258.924
23974,258.924
23975,258.924
23976,258.924
23977,258.924
23978,258.924
23979,258.924
23980,258.924
23981,258.924
23982,283.09
23983,283.09
23984,283.09
23985,283.09
23986,283.09
23987,283.09
23988,283.09
23989,283.09
23990,283.09
23991,283.09
23992,283.09
23993,283.09
23994,283.09
23995,283.09
23996,283.09
23997,283.09
23998,283.09
23999,283.09
24000,256.215
24001,256.215
24002,256.215
24003,256.215
24004,256.215
24005,256.215
24006,256.215
24007,256.215
24008,256.215
24009,256.215
24010,256.215
24011,256.215
24012,256.215
24013,256.215
24014,256.215
24015,256.215
24016,256.215
24017,256.215
24018,256.215
24019,256.215
24020,256.215
24021,284.767
24022,284.767
24023,284.767
24024,284.767
24025,284.767
24026,284.767
24027,284.767
24028,284.767
24029,284.767
24030,284.767
24031,284.767
24032,284.767
24033,284.767
24034,284.767
24035,284.767
24036,284.767
24037,284.767
24038,284.767
24039,284.767
24040,256.923
24041,256.923
24042,256.923
24043,256.923
24044,256.923
24045,256.923
24046,256.923
24047,256.923
24048,256.923
24049,256.923
24050,256.923
24051,256.923
24052,256.923
24053,256.923
24054,256.923
24055,256.923
24056,256.923
24057,256.923
24058,256.923
24059,256.923
24060,282.058
24061,282.058
24062,282.058
24063,282.058
24064,282.058
24065,282.058
24066,282.058
24067,282.058
24068,282.058
24069,282.058
24070,282.058
24071,282.058
24072,282.058
24073,282.058
24074,282.058
24075,282.058
24076,282.058
24077,282.058
24078,282.058
24079,282.058
24080,282.058
24081,282.058
24082,256.923
24083,256.923
24084,256.923
24085,256.923
24086,256.923
24087,256.923
24088,256.923
24089,256.923
24090,256.923
24091,256.923
24092,256.923
24093,256.923
24094,256.923
24095,256.923
24096,256.923
24097,256.923
24098,256.923
24099,256.923
24100,287.423
24101,287.423
24102,287.423
24103,287.423
24104,287.423
24105,287.423
24106,287.423
24107,287.423
24108,287.423
24109,287.423
24110,287.423
24111,287.423
24112,287.423
24113,287.423
24114,287.423
24115,287.423
24116,287.423
24117,287.423
24118,287.423
24119,287.423
24120,287.423
24121,259.255
24122,259.255
24123,259.255
24124,259.255
24125,259.255
24126,259.255
24127,259.255
24128,259.255
24129,259.255
24130,259.255
24131,259.255
24132,259.255
24133,259.255
24134,259.255
24135,259.255
24136,259.255
24137,259.255
24138,259.255
24139,259.255
24140,287.423
24141,287.423
24142,287.423
24143,287.423
24144,287.423
24145,287.423
24146,287.423
24147,287.423
24148,287.423
24149,287.423
24150,287.423
24151,287.423
24152,287.423
24153,287.423
24154,287.423
24155,287.423
24156,287.423
24157,287.423
24158,287.423
24159,287.423
24160,258.278
24161,258.278
24162,258.278
24163,258.278
24164,258.278
24165,258.278
24166,258.278
24167,258.278
24168,258.278
24169,258.278
24170,258.278
24171,258.278
24172,258.278
24173,258.278
24174,258.278
24175,258.278
24176,258.278
24177,258.278
24178,258.278
24179,258.278
24180,258.278
24181,258.278
24182,268.683
24183,268.683
24184,268.683
24185,268.683
24186,268.683
24187,268.683
24188,268.683
24189,268.683
24190,268.683
24191,268.683
24192,268.683
24193,268.683
24194,268.683
24195,268.683
24196,268.683
24197,268.683
24198,268.683
24199,268.683
24200,255.892
24201,255.892
24202,255.892
24203,255.892
24204,255.892
24205,255.892
24206,255.892
24207,255.892
24208,255.892
24209,255.892
24210,255.892
24211,255.892
24212,255.892
24213,255.892
24214,255.892
24215,255.892
24216,255.892
24217,255.892
24218,255.892
24219,255.892
24220,268.683
24221,268.683
24222,268.683
24223,268.683
24224,268.683
24225,268.683
24226,268.683
24227,268.683
24228,268.683
24229,268.683
24230,268.683
24231,268.683
24232,268.683
24233,268.683
24234,268.683
24235,268.683
24236,268.683
24237,268.683
24238,268.683
24239,268.683
24240,257.901
24241,257.901
24242,257.901
24243,257.901
24244,257.901
24245,257.901
24246,257.901
24247,257.901
24248,257.901
24249,257.901
24250,257.901
24251,257.901
24252,257.901
24253,257.901
24254,257.901
24255,257.901
24256,257.901
24257,257.901
24258,257.901
24259,257.901
24260,267.328
24261,267.328
24262,267.328
24263,267.328
24264,267.328
24265,267.328
24266,267.328
24267,267.328
24268,267.328
24269,267.328
24270,267.328
24271,267.328
24272,267.328
24273,267.328
24274,267.328
24275,267.328
24276,267.328
24277,267.328
24278,267.328
24279,267.328
24280,267.328
24281,267.328
24282,263.265
24283,263.265
24284,263.265
24285,263.265
24286,263.265
24287,263.265
24288,263.265
24289,263.265
24290,263.265
24291,263.265
24292,263.265
24293,263.265
24294,263.265
24295,263.265
24296,263.265
24297,263.265
24298,263.265
24299,263.265
24300,272.361
24301,272.361
24302,272.361
24303,272.361
24304,272.361
24305,272.361
24306,272.361
24307,272.361
24308,272.361
24309,272.361
24310,272.361
24311,272.361
24312,272.361
24313,272.361
24314,272.361
24315,272.361
24316,272.361
24317,272.361
24318,272.361
24319,272.361
24320,261.256
24321,261.256
24322,261.256
24323,261.256
24324,261.256
24325,261.256
24326,261.256
24327,261.256
24328,261.256
24329,261.256
24330,261.256
24331,261.256
24332,261.256
24333,261.256
24334,261.256
24335,261.256
24336,261.256
24337,261.256
24338,261.256
24339,261.256
24340,267.975
24341,267.975
24342,267.975
24343,267.975
24344,267.975
24345,267.975
24346,267.975
24347,267.975
24348,267.975
24349,267.975
24350,267.975
24351,267.975
24352,267.975
24353,267.975
24354,267.975
24355,267.975
24356,267.975
24357,267.975
24358,267.975
24359,267.975
24360,257.57
24361,257.57
24362,257.57
24363,257.57
24364,257.57
24365,257.57
24366,257.57
24367,257.57
24368,257.57
24369,257.57
24370,257.57
24371,257.57
24372,257.57
24373,257.57
24374,257.57
24375,257.57
24376,257.57
24377,257.57
24378,257.57
24379,257.57
24380,257.57
24381,257.57
24382,265.974
24383,265.974
24384,265.974
24385,265.974
24386,265.974
24387,265.974
24388,265.974
24389,265.974
24390,265.974
24391,265.974
24392,265.974
24393,265.974
24394,265.974
24395,265.974
24396,265.974
24397,265.974
24398,265.974
24399,265.974
24400,256.215
24401,256.215
24402,256.215
24403,256.215
24404,256.215
24405,256.215
24406,256.215
24407,256.215
24408,256.215
24409,256.215
24410,256.215
24411,256.215
24412,256.215
24413,256.215
24414,256.215
24415,256.215
24416,256.215
24417,256.215
24418,256.215
24419,256.215
24420,256.215
24421,265.643
24422,265.643
24423,265.643
24424,265.643
24425,265.643
24426,265.643
24427,265.643
24428,265.643
24429,265.643
24430,265.643
24431,265.643
24432,265.643
24433,265.643
24434,265.643
24435,265.643
24436,265.643
24437,265.643
24438,265.643
24439,265.643
24440,262.611
24441,262.611
24442,262.611
24443,262.611
24444,262.611
24445,262.611
24446,262.611
24447,262.611
24448,262.611
24449,262.611
24450,262.611
24451,262.611
24452,262.611
24453,262.611
24454,262.611
24455,262.611
24456,262.611
24457,262.611
24458,262.611
24459,262.611
24460,280.704
24461,280.704
24462,280.704
24463,280.704
24464,280.704
24465,280.704
24466,280.704
24467,280.704
24468,280.704
24469,280.704
24470,280.704
24471,280.704
24472,280.704
24473,280.704
24474,280.704
24475,280.704
24476,280.704
24477,280.704
24478,280.704
24479,280.704
24480,280.704
24481,280.704
24482,263.965
24483,263.965
24484,263.965
24485,263.965
24486,263.965
24487,263.965
24488,263.965
24489,263.965
24490,263.965
24491,263.965
24492,263.965
24493,263.965
24494,263.965
24495,263.965
24496,263.965
24497,263.965
24498,263.965
24499,263.965
24500,282.766
24501,282.766
24502,282.766
24503,282.766
24504,282.766
24505,282.766
24506,282.766
24507,282.766
24508,282.766
24509,282.766
24510,282.766
24511,282.766
24512,282.766
24513,282.766
24514,282.766
24515,282.766
24516,282.766
24517,282.766
24518,282.766
24519,282.766
24520,261.633
24521,261.633
24522,261.633
24523,261.633
24524,261.633
24525,261.633
24526,261.633
24527,261.633
24528,261.633
24529,261.633
24530,261.633
24531,261.633
24532,261.633
24533,261.633
24534,261.633
24535,261.633
24536,261.633
24537,261.633
24538,261.633
24539,261.633
24540,282.058
24541,282.058
24542,282.058
24543,282.058
24544,282.058
24545,282.058
24546,282.058
24547,282.058
24548,282.058
24549,282.058
24550,282.058
24551,282.058
24552,282.058
24553,282.058
24554,282.058
24555,282.058
24556,282.058
24557,282.058
24558,282.058
24559,282.058
24560,260.61
24561,260.61
24562,260.61
24563,260.61
24564,260.61
24565,260.61
24566,260.61
24567,260.61
24568,260.61
24569,260.61
24570,260.61
24571,260.61
24572,260.61
24573,260.61
24574,260.61
24575,260.61
24576,260.61
24577,260.61
24578,260.61
24579,260.61
24580,260.61
24581,260.61
24582,281.089
24583,281.089
24584,281.089
24585,281.089
24586,281.089
24587,281.089
24588,281.089
24589,281.089
24590,281.089
24591,281.089
24592,281.089
24593,281.089
24594,281.089
24595,281.089
24596,281.089
24597,281.089
24598,281.089
24599,281.089
24600,264.288
24601,264.288
24602,264.288
24603,264.288
24604,264.288
24605,264.288
24606,264.288
24607,264.288
24608,264.288
24609,264.288
24610,264.288
24611,264.288
24612,264.288
24613,264.288
24614,264.288
24615,264.288
24616,264.288
24617,264.288
24618,264.288
24619,264.288
24620,264.288
24621,279.403
24622,279.403
24623,279.403
24624,279.403
24625,279.403
24626,279.403
24627,279.403
24628,279.403
24629,279.403
24630,279.403
24631,279.403
24632,279.403
24633,279.403
24634,279.403
24635,279.403
24636,279.403
24637,279.403
24638,279.403
24639,279.403
24640,259.578
24641,259.578
24642,259.578
24643,259.578
24644,259.578
24645,259.578
24646,259.578
24647,259.578
24648,259.578
24649,259.578
24650,259.578
24651,259.578
24652,259.578
24653,259.578
24654,259.578
24655,259.578
24656,259.578
24657,259.578
24658,259.578
24659,259.578
24660,280.057
24661,280.057
24662,280.057
24663,280.057
24664,280.057
24665,280.057
24666,280.057
24667,280.057
24668,280.057
24669,280.057
24670,280.057
24671,280.057
24672,280.057
24673,280.057
24674,280.057
24675,280.057
24676,280.057
24677,280.057
24678,280.057
24679,280.057
24680,280.057
24681,280.057
24682,263.642
24683,263.642
24684,263.642
24685,263.642
24686,263.642
24687,263.642
24688,263.642
24689,263.642
24690,263.642
24691,263.642
24692,263.642
24693,263.642
24694,263.642
24695,263.642
24696,263.642
24697,263.642
24698,263.642
24699,263.642
24700,280.704
24701,280.704
24702,280.704
24703,280.704
24704,280.704
24705,280.704
24706,280.704
24707,280.704
24708,280.704
24709,280.704
24710,280.704
24711,280.704
24712,280.704
24713,280.704
24714,280.704
24715,280.704
24716,280.704
24717,280.704
24718,280.704
24719,280.704
24720,280.704
24721,262.611
24722,262.611
24723,262.611
24724,262.611
24725,262.611
24726,262.611
24727,262.611
24728,262.611
24729,262.611
24730,262.611
24731,262.611
24732,262.611
24733,262.611
24734,262.611
24735,262.611
24736,262.611
24737,262.611
24738,262.611
24739,262.611
24740,279.734
24741,279.734
24742,279.734
24743,279.734
24744,279.734
24745,279.734
24746,279.734
24747,279.734
24748,279.734
24749,279.734
24750,279.734
24751,279.734
24752,279.734
24753,279.734
24754,279.734
24755,279.734
24756,279.734
24757,279.734
24758,279.734
24759,279.734
24760,261.633
24761,261.633
24762,261.633
24763,261.633
24764,261.633
24765,261.633
24766,261.633
24767,261.633
24768,261.633
24769,261.633
24770,261.633
24771,261.633
24772,261.633
24773,261.633
24774,261.633
24775,261.633
24776,261.633
24777,261.633
24778,261.633
24779,261.633
24780,261.633
24781,261.633
24782,279.403
24783,279.403
24784,279.403
24785,279.403
24786,279.403
24787,279.403
24788,279.403
24789,279.403
24790,279.403
24791,279.403
24792,279.403
24793,279.403
24794,279.403
24795,279.403
24796,279.403
24797,279.403
24798,279.403
24799,279.403
24800,262.934
24801,262.934
24802,262.934
24803,262.934
24804,262.934
24805,262.934
24806,262.934
24807,262.934
24808,262.934
24809,262.934
24810,262.934
24811,262.934
24812,262.934
24813,262.934
24814,262.934
24815,262.934
24816,262.934
24817,262.934
24818,262.934
24819,262.934
24820,262.934
24821,280.704
24822,280.704
24823,280.704
24824,280.704
24825,280.704
24826,280.704
24827,280.704
24828,280.704
24829,280.704
24830,280.704
24831,280.704
24832,280.704
24833,280.704
24834,280.704
24835,280.704
24836,280.704
24837,280.704
24838,280.704
24839,280.704
24840,261.964
24841,261.964
24842,261.964
24843,261.964
24844,261.964
24845,261.964
24846,261.964
24847,261.964
24848,261.964
24849,261.964
24850,261.964
24851,261.964
24852,261.964
24853,261.964
24854,261.964
24855,261.964
24856,261.964
24857,261.964
24858,261.964
24859,261.964
24860,281.089
24861,281.089
24862,281.089
24863,281.089
24864,281.089
24865,281.089
24866,281.089
24867,281.089
24868,281.089
24869,281.089
24870,281.089
24871,281.089
24872,281.089
24873,281.089
24874,281.089
24875,281.089
24876,281.089
24877,281.089
24878,281.089
24879,281.089
24880,281.089
24881,281.089
24882,260.61
24883,260.61
24884,260.61
24885,260.61
24886,260.61
24887,260.61
24888,260.61
24889,260.61
24890,260.61
24891,260.61
24892,260.61
24893,260.61
24894,260.61
24895,260.61
24896,260.61
24897,260.61
24898,260.61
24899,260.61
24900,276.371
24901,276.371
24902,276.371
24903,276.371
24904,276.371
24905,276.371
24906,276.371
24907,276.371
24908,276.371
24909,276.371
24910,276.371
24911,276.371
24912,276.371
24913,276.371
24914,276.371
24915,276.371
24916,276.371
24917,276.371
24918,276.371
24919,276.371
24920,265.32
24921,265.32
24922,265.32
24923,265.32
24924,265.32
24925,265.32
24926,265.32
24927,265.32
24928,265.32
24929,265.32
24930,265.32
24931,265.32
24932,265.32
24933,265.32
24934,265.32
24935,265.32
24936,265.32
24937,265.32
24938,265.32
24939,265.32
24940,278.049
24941,278.049
24942,278.049
24943,278.049
24944,278.049
24945,278.049
24946,278.049
24947,278.049
24948,278.049
24949,278.049
24950,278.049
24951,278.049
24952,278.049
24953,278.049
24954,278.049
24955,278.049
24956,278.049
24957,278.049
24958,278.049
24959,278.049
24960,263.965
24961,263.965
24962,263.965
24963,263.965
24964,263.965
24965,263.965
24966,263.965
24967,263.965
24968,263.965
24969,263.965
24970,263.965
24971,263.965
24972,263.965
24973,263.965
24974,263.965
24975,263.965
24976,263.965
24977,263.965
24978,263.965
24979,263.965
24980,263.965
24981,263.965
24982,276.048
24983,276.048
24984,276.048
24985,276.048
24986,276.048
24987,276.048
24988,276.048
24989,276.048
24990,276.048
24991,276.048
24992,276.048
24993,276.048
24994,276.048
24995,276.048
24996,276.048
24997,276.048
