time_ms,power_w
0,73.195
1,73.195
2,73.195
3,73.195
4,73.195
5,73.195
6,73.195
7,73.195
8,73.195
9,73.195
10,73.195
11,73.195
12,73.195
13,73.195
14,73.195
15,73.195
16,73.195
17,73.195
18,73.195
19,73.195
20,67.868
21,67.868
22,67.868
23,67.868
24,67.868
25,67.868
26,67.868
27,67.868
28,67.868
29,67.868
30,67.868
31,67.868
32,67.868
33,67.868
34,67.868
35,67.868
36,67.868
37,67.868
38,67.868
39,67.868
40,67.868
41,66.113
42,66.113
43,66.113
44,66.113
45,66.113
46,66.113
47,66.113
48,66.113
49,66.113
50,66.113
51,66.113
52,66.113
53,66.113
54,66.113
55,66.113
56,66.113
57,66.113
58,66.113
59,66.113
60,66.113
61,65.785
62,65.785
63,65.785
64,65.785
65,65.785
66,65.785
67,65.785
68,65.785
69,65.785
70,65.785
71,65.785
72,65.785
73,65.785
74,65.785
75,65.785
76,65.785
77,65.785
78,65.785
79,65.785
80,65.785
81,65.785
82,65.785
83,65.785
84,65.785
85,65.785
86,65.785
87,65.785
88,65.785
89,65.785
90,65.785
91,65.785
92,65.785
93,65.785
94,65.785
95,65.785
96,65.785
97,65.785
98,65.785
99,65.785
100,65.785
101,65.785
102,65.785
103,65.785
104,65.785
105,65.785
106,65.785
107,65.785
108,65.785
109,65.785
110,65.785
111,65.785
112,65.785
113,65.785
114,65.785
115,65.785
116,65.785
117,65.785
118,65.785
119,65.785
120,65.785
121,66.113
122,66.113
123,66.113
124,66.113
125,66.113
126,66.113
127,66.113
128,66.113
129,66.113
130,66.113
131,66.113
132,66.113
133,66.113
134,66.113
135,66.113
136,66.113
137,66.113
138,66.113
139,66.113
140,66.113
141,65.785
142,65.785
143,65.785
144,65.785
145,65.785
146,65.785
147,65.785
148,65.785
149,65.785
150,65.785
151,65.785
152,65.785
153,65.785
154,65.785
155,65.785
156,65.785
157,65.785
158,65.785
159,65.785
160,65.785
161,65.785
162,65.785
163,65.785
164,65.785
165,65.785
166,65.785
167,65.785
168,65.785
169,65.785
170,65.785
171,65.785
172,65.785
173,65.785
174,65.785
175,65.785
176,65.785
177,65.785
178,65.785
179,65.785
180,65.785
181,65.785
182,65.785
183,65.785
184,65.785
185,65.785
186,65.785
187,65.785
188,65.785
189,65.785
190,65.785
191,65.785
192,65.785
193,65.785
194,65.785
195,65.785
196,65.785
197,65.785
198,65.785
199,65.785
200,65.785
201,65.512
202,65.512
203,65.512
204,65.512
205,65.512
206,65.512
207,65.512
208,65.512
209,65.512
210,65.512
211,65.512
212,65.512
213,65.512
214,65.512
215,65.512
216,65.512
217,65.512
218,65.512
219,65.512
220,65.512
221,66.386
222,66.386
223,66.386
224,66.386
225,66.386
226,66.386
227,66.386
228,66.386
229,66.386
230,66.386
231,66.386
232,66.386
233,66.386
234,66.386
235,66.386
236,66.386
237,66.386
238,66.386
239,66.386
240,66.386
241,65.785
242,65.785
243,65.785
244,65.785
245,65.785
246,65.785
247,65.785
248,65.785
249,65.785
250,65.785
251,65.785
252,65.785
253,65.785
254,65.785
255,65.785
256,65.785
257,65.785
258,65.785
259,65.785
260,65.785
261,65.785
262,65.512
263,65.512
264,65.512
265,65.512
266,65.512
267,65.512
268,65.512
269,65.512
270,65.512
271,65.512
272,65.512
273,65.512
274,65.512
275,65.512
276,65.512
277,65.512
278,65.512
279,65.512
280,65.512
281,65.512
282,65.785
283,65.785
284,65.785
285,65.785
286,65.785
287,65.785
288,65.785
289,65.785
290,65.785
291,65.785
292,65.785
293,65.785
294,65.785
295,65.785
296,65.785
297,65.785
298,65.785
299,65.785
300,65.785
301,65.785
302,65.512
303,65.512
304,65.512
305,65.512
306,65.512
307,65.512
308,65.512
309,65.512
310,65.512
311,65.512
312,65.512
313,65.512
314,65.512
315,65.512
316,65.512
317,65.512
318,65.512
319,65.512
320,65.512
321,65.512
322,66.113
323,66.113
324,66.113
325,66.113
326,66.113
327,66.113
328,66.113
329,66.113
330,66.113
331,66.113
332,66.113
333,66.113
334,66.113
335,66.113
336,66.113
337,66.113
338,66.113
339,66.113
340,66.113
341,66.113
342,65.785
343,65.785
344,65.785
345,65.785
346,65.785
347,65.785
348,65.785
349,65.785
350,65.785
351,65.785
352,65.785
353,65.785
354,65.785
355,65.785
356,65.785
357,65.785
358,65.785
359,65.785
360,65.785
361,65.785
362,65.512
363,65.512
364,65.512
365,65.512
366,65.512
367,65.512
368,65.512
369,65.512
370,65.512
371,65.512
372,65.512
373,65.512
374,65.512
375,65.512
376,65.512
377,65.512
378,65.512
379,65.512
380,65.512
381,65.512
382,65.785
383,65.785
384,65.785
385,65.785
386,65.785
387,65.785
388,65.785
389,65.785
390,65.785
391,65.785
392,65.785
393,65.785
394,65.785
395,65.785
396,65.785
397,65.785
398,65.785
399,65.785
400,65.785
401,65.785
402,65.512
403,65.512
404,65.512
405,65.512
406,65.512
407,65.512
408,65.512
409,65.512
410,65.512
411,65.512
412,65.512
413,65.512
414,65.512
415,65.512
416,65.512
417,65.512
418,65.512
419,65.512
420,65.512
421,65.512
422,66.113
423,66.113
424,66.113
425,66.113
426,66.113
427,66.113
428,66.113
429,66.113
430,66.113
431,66.113
432,66.113
433,66.113
434,66.113
435,66.113
436,66.113
437,66.113
438,66.113
439,66.113
440,66.113
441,66.113
442,65.512
443,65.512
444,65.512
445,65.512
446,65.512
447,65.512
448,65.512
449,65.512
450,65.512
451,65.512
452,65.512
453,65.512
454,65.512
455,65.512
456,65.512
457,65.512
458,65.512
459,65.512
460,65.512
461,65.512
462,65.512
463,65.512
464,65.512
465,65.512
466,65.512
467,65.512
468,65.512
469,65.512
470,65.512
471,65.512
472,65.512
473,65.512
474,65.512
475,65.512
476,65.512
477,65.512
478,65.512
479,65.512
480,65.512
481,65.512
482,65.512
483,65.512
484,65.512
485,65.512
486,65.512
487,65.512
488,65.512
489,65.512
490,65.512
491,65.512
492,65.512
493,65.512
494,65.512
495,65.512
496,65.512
497,65.512
498,65.512
499,65.512
500,65.512
501,65.512
502,65.512
503,65.512
504,65.512
505,65.512
506,65.512
507,65.512
508,65.512
509,65.512
510,65.512
511,65.512
512,65.512
513,65.512
514,65.512
515,65.512
516,65.512
517,65.512
518,65.512
519,65.512
520,65.512
521,65.512
522,65.512
523,65.785
524,65.785
525,65.785
526,65.785
527,65.785
528,65.785
529,65.785
530,65.785
531,65.785
532,65.785
533,65.785
534,65.785
535,65.785
536,65.785
537,65.785
538,65.785
539,65.785
540,65.785
541,65.785
542,65.785
543,65.512
544,65.512
545,65.512
546,65.512
547,65.512
548,65.512
549,65.512
550,65.512
551,65.512
552,65.512
553,65.512
554,65.512
555,65.512
556,65.512
557,65.512
558,65.512
559,65.512
560,65.512
561,65.512
562,65.512
563,65.512
564,65.512
565,65.512
566,65.512
567,65.512
568,65.512
569,65.512
570,65.512
571,65.512
572,65.512
573,65.512
574,65.512
575,65.512
576,65.512
577,65.512
578,65.512
579,65.512
580,65.512
581,65.512
582,65.512
583,69.904
584,69.904
585,69.904
586,69.904
587,69.904
588,69.904
589,69.904
590,69.904
591,69.904
592,69.904
593,69.904
594,69.904
595,69.904
596,69.904
597,69.904
598,69.904
599,69.904
600,69.904
601,69.904
602,69.904
603,66.386
604,66.386
605,66.386
606,66.386
607,66.386
608,66.386
609,66.386
610,66.386
611,66.386
612,66.386
613,66.386
614,66.386
615,66.386
616,66.386
617,66.386
618,66.386
619,66.386
620,66.386
621,66.386
622,66.386
623,66.113
624,66.113
625,66.113
626,66.113
627,66.113
628,66.113
629,66.113
630,66.113
631,66.113
632,66.113
633,66.113
634,66.113
635,66.113
636,66.113
637,66.113
638,66.113
639,66.113
640,66.113
641,66.113
642,66.113
643,65.785
644,65.785
645,65.785
646,65.785
647,65.785
648,65.785
649,65.785
650,65.785
651,65.785
652,65.785
653,65.785
654,65.785
655,65.785
656,65.785
657,65.785
658,65.785
659,65.785
660,65.785
661,65.785
662,65.785
663,65.512
664,65.512
665,65.512
666,65.512
667,65.512
668,65.512
669,65.512
670,65.512
671,65.512
672,65.512
673,65.512
674,65.512
675,65.512
676,65.512
677,65.512
678,65.512
679,65.512
680,65.512
681,65.512
682,65.512
683,65.512
684,66.994
685,66.994
686,66.994
687,66.994
688,66.994
689,66.994
690,66.994
691,66.994
692,66.994
693,66.994
694,66.994
695,66.994
696,66.994
697,66.994
698,66.994
699,66.994
700,66.994
701,66.994
702,66.994
703,66.994
704,71.113
705,71.113
706,71.113
707,71.113
708,71.113
709,71.113
710,71.113
711,71.113
712,71.113
713,71.113
714,71.113
715,71.113
716,71.113
717,71.113
718,71.113
719,71.113
720,71.113
721,71.113
722,71.113
723,71.113
724,68.476
725,68.476
726,68.476
727,68.476
728,68.476
729,68.476
730,68.476
731,68.476
732,68.476
733,68.476
734,68.476
735,68.476
736,68.476
737,68.476
738,68.476
739,68.476
740,68.476
741,68.476
742,68.476
743,68.476
744,66.667
745,66.667
746,66.667
747,66.667
748,66.667
749,66.667
750,66.667
751,66.667
752,66.667
753,66.667
754,66.667
755,66.667
756,66.667
757,66.667
758,66.667
759,66.667
760,66.667
761,66.667
762,66.667
763,66.667
764,65.785
765,65.785
766,65.785
767,65.785
768,65.785
769,65.785
770,65.785
771,65.785
772,65.785
773,65.785
774,65.785
775,65.785
776,65.785
777,65.785
778,65.785
779,65.785
780,65.785
781,65.785
782,65.785
783,65.785
784,65.512
785,65.512
786,65.512
787,65.512
788,65.512
789,65.512
790,65.512
791,65.512
792,65.512
793,65.512
794,65.512
795,65.512
796,65.512
797,65.512
798,65.512
799,65.512
800,65.512
801,65.512
802,65.512
803,65.512
804,65.512
805,65.512
806,65.512
807,65.512
808,65.512
809,65.512
810,65.512
811,65.512
812,65.512
813,65.512
814,65.512
815,65.512
816,65.512
817,65.512
818,65.512
819,65.512
820,65.512
821,65.512
822,65.512
823,65.512
824,65.785
825,65.785
826,65.785
827,65.785
828,65.785
829,65.785
830,65.785
831,65.785
832,65.785
833,65.785
834,65.785
835,65.785
836,65.785
837,65.785
838,65.785
839,65.785
840,65.785
841,65.785
842,65.785
843,65.785
844,65.512
845,65.512
846,65.512
847,65.512
848,65.512
849,65.512
850,65.512
851,65.512
852,65.512
853,65.512
854,65.512
855,65.512
856,65.512
857,65.512
858,65.512
859,65.512
860,65.512
861,65.512
862,65.512
863,65.512
864,65.512
865,65.512
866,65.512
867,65.512
868,65.512
869,65.512
870,65.512
871,65.512
872,65.512
873,65.512
874,65.512
875,65.512
876,65.512
877,65.512
878,65.512
879,65.512
880,65.512
881,65.512
882,65.512
883,65.512
884,65.512
885,65.512
886,65.512
887,65.512
888,65.512
889,65.512
890,65.512
891,65.512
892,65.512
893,65.512
894,65.512
895,65.512
896,65.512
897,65.512
898,65.512
899,65.512
900,65.512
901,65.512
902,65.512
903,65.512
904,65.512
905,65.512
906,65.512
907,65.512
908,65.512
909,65.512
910,65.512
911,65.512
912,65.512
913,65.512
914,65.512
915,65.512
916,65.512
917,65.512
918,65.512
919,65.512
920,65.512
921,65.512
922,65.512
923,65.512
924,66.113
925,66.113
926,66.113
927,66.113
928,66.113
929,66.113
930,66.113
931,66.113
932,66.113
933,66.113
934,66.113
935,66.113
936,66.113
937,66.113
938,66.113
939,66.113
940,66.113
941,66.113
942,66.113
943,66.113
944,66.113
945,65.512
946,65.512
947,65.512
948,65.512
949,65.512
950,65.512
951,65.512
952,65.512
953,65.512
954,65.512
955,65.512
956,65.512
957,65.512
958,65.512
959,65.512
960,65.512
961,65.512
962,65.512
963,65.512
964,65.512
965,65.185
966,65.185
967,65.185
968,65.185
969,65.185
970,65.185
971,65.185
972,65.185
973,65.185
974,65.185
975,65.185
976,65.185
977,65.185
978,65.185
979,65.185
980,65.185
981,65.185
982,65.185
983,65.185
984,65.185
985,65.512
986,65.512
987,65.512
988,65.512
989,65.512
990,65.512
991,65.512
992,65.512
993,65.512
994,65.512
995,65.512
996,65.512
997,65.512
998,65.512
999,65.512
1000,65.512
1001,65.512
1002,65.512
1003,65.512
1004,65.512
1005,65.512
1006,65.512
1007,65.512
1008,65.512
1009,65.512
1010,65.512
1011,65.512
1012,65.512
1013,65.512
1014,65.512
1015,65.512
1016,65.512
1017,65.512
1018,65.512
1019,65.512
1020,65.512
1021,65.512
1022,65.512
1023,65.512
1024,65.512
1025,65.785
1026,65.785
1027,65.785
1028,65.785
1029,65.785
1030,65.785
1031,65.785
1032,65.785
1033,65.785
1034,65.785
1035,65.785
1036,65.785
1037,65.785
1038,65.785
1039,65.785
1040,65.785
1041,65.785
1042,65.785
1043,65.785
1044,65.785
1045,65.512
1046,65.512
1047,65.512
1048,65.512
1049,65.512
1050,65.512
1051,65.512
1052,65.512
1053,65.512
1054,65.512
1055,65.512
1056,65.512
1057,65.512
1058,65.512
1059,65.512
1060,65.512
1061,65.512
1062,65.512
1063,65.512
1064,65.512
1065,65.185
1066,65.185
1067,65.185
1068,65.185
1069,65.185
1070,65.185
1071,65.185
1072,65.185
1073,65.185
1074,65.185
1075,65.185
1076,65.185
1077,65.185
1078,65.185
1079,65.185
1080,65.185
1081,65.185
1082,65.185
1083,65.185
1084,65.185
1085,65.185
1086,65.185
1087,65.185
1088,65.185
1089,65.185
1090,65.185
1091,65.185
1092,65.185
1093,65.185
1094,65.185
1095,65.185
1096,65.185
1097,65.185
1098,65.185
1099,65.185
1100,65.185
1101,65.185
1102,65.185
1103,65.185
1104,65.185
1105,65.185
1106,65.185
1107,65.185
1108,65.185
1109,65.185
1110,65.185
1111,65.185
1112,65.185
1113,65.185
1114,65.185
1115,65.185
1116,65.185
1117,65.185
1118,65.185
1119,65.185
1120,65.185
1121,65.185
1122,65.185
1123,65.185
1124,65.185
1125,65.785
1126,65.785
1127,65.785
1128,65.785
1129,65.785
1130,65.785
1131,65.785
1132,65.785
1133,65.785
1134,65.785
1135,65.785
1136,65.785
1137,65.785
1138,65.785
1139,65.785
1140,65.785
1141,65.785
1142,65.785
1143,65.785
1144,65.785
1145,65.185
1146,65.185
1147,65.185
1148,65.185
1149,65.185
1150,65.185
1151,65.185
1152,65.185
1153,65.185
1154,65.185
1155,65.185
1156,65.185
1157,65.185
1158,65.185
1159,65.185
1160,65.185
1161,65.185
1162,65.185
1163,65.185
1164,65.185
1165,65.185
1166,65.185
1167,65.185
1168,65.185
1169,65.185
1170,65.185
1171,65.185
1172,65.185
1173,65.185
1174,65.185
1175,65.185
1176,65.185
1177,65.185
1178,65.185
1179,65.185
1180,65.185
1181,65.185
1182,65.185
1183,65.185
1184,65.185
1185,65.185
1186,65.185
1187,65.185
1188,65.185
1189,65.185
1190,65.185
1191,65.185
1192,65.185
1193,65.185
1194,65.185
1195,65.185
1196,65.185
1197,65.185
1198,65.185
1199,65.185
1200,65.185
1201,65.185
1202,65.185
1203,65.185
1204,65.185
1205,65.185
1206,65.512
1207,65.512
1208,65.512
1209,65.512
1210,65.512
1211,65.512
1212,65.512
1213,65.512
1214,65.512
1215,65.512
1216,65.512
1217,65.512
1218,65.512
1219,65.512
1220,65.512
1221,65.512
1222,65.512
1223,65.512
1224,65.512
1225,65.512
1226,65.785
1227,65.785
1228,65.785
1229,65.785
1230,65.785
1231,65.785
1232,65.785
1233,65.785
1234,65.785
1235,65.785
1236,65.785
1237,65.785
1238,65.785
1239,65.785
1240,65.785
1241,65.785
1242,65.785
1243,65.785
1244,65.785
1245,65.785
1246,65.185
1247,65.185
1248,65.185
1249,65.185
1250,65.185
1251,65.185
1252,65.185
1253,65.185
1254,65.185
1255,65.185
1256,65.185
1257,65.185
1258,65.185
1259,65.185
1260,65.185
1261,65.185
1262,65.185
1263,65.185
1264,65.185
1265,65.185
1266,65.512
1267,65.512
1268,65.512
1269,65.512
1270,65.512
1271,65.512
1272,65.512
1273,65.512
1274,65.512
1275,65.512
1276,65.512
1277,65.512
1278,65.512
1279,65.512
1280,65.512
1281,65.512
1282,65.512
1283,65.512
1284,65.512
1285,65.512
1286,65.185
1287,65.185
1288,65.185
1289,65.185
1290,65.185
1291,65.185
1292,65.185
1293,65.185
1294,65.185
1295,65.185
1296,65.185
1297,65.185
1298,65.185
1299,65.185
1300,65.185
1301,65.185
1302,65.185
1303,65.185
1304,65.185
1305,65.185
1306,65.185
1307,65.185
1308,65.185
1309,65.185
1310,65.185
1311,65.185
1312,65.185
1313,65.185
1314,65.185
1315,65.185
1316,65.185
1317,65.185
1318,65.185
1319,65.185
1320,65.185
1321,65.185
1322,65.185
1323,65.185
1324,65.185
1325,65.185
1326,65.785
1327,65.785
1328,65.785
1329,65.785
1330,65.785
1331,65.785
1332,65.785
1333,65.785
1334,65.785
1335,65.785
1336,65.785
1337,65.785
1338,65.785
1339,65.785
1340,65.785
1341,65.785
1342,65.785
1343,65.785
1344,65.785
1345,65.785
1346,65.512
1347,65.512
1348,65.512
1349,65.512
1350,65.512
1351,65.512
1352,65.512
1353,65.512
1354,65.512
1355,65.512
1356,65.512
1357,65.512
1358,65.512
1359,65.512
1360,65.512
1361,65.512
1362,65.512
1363,65.512
1364,65.512
1365,65.512
1366,65.185
1367,65.185
1368,65.185
1369,65.185
1370,65.185
1371,65.185
1372,65.185
1373,65.185
1374,65.185
1375,65.185
1376,65.185
1377,65.185
1378,65.185
1379,65.185
1380,65.185
1381,65.185
1382,65.185
1383,65.185
1384,65.185
1385,65.185
1386,65.185
1387,65.185
1388,65.185
1389,65.185
1390,65.185
1391,65.185
1392,65.185
1393,65.185
1394,65.185
1395,65.185
1396,65.185
1397,65.185
1398,65.185
1399,65.185
1400,65.185
1401,65.185
1402,65.185
1403,65.185
1404,65.185
1405,65.185
1406,65.185
1407,65.185
1408,65.185
1409,65.185
1410,65.185
1411,65.185
1412,65.185
1413,65.185
1414,65.185
1415,65.185
1416,65.185
1417,65.185
1418,65.185
1419,65.185
1420,65.185
1421,65.185
1422,65.185
1423,65.185
1424,65.185
1425,65.185
1426,65.785
1427,65.785
1428,65.785
1429,65.785
1430,65.785
1431,65.785
1432,65.785
1433,65.785
1434,65.785
1435,65.785
1436,65.785
1437,65.785
1438,65.785
1439,65.785
1440,65.785
1441,65.785
1442,65.785
1443,65.785
1444,65.785
1445,65.785
1446,65.785
1447,65.185
1448,65.185
1449,65.185
1450,65.185
1451,65.185
1452,65.185
1453,65.185
1454,65.185
1455,65.185
1456,65.185
1457,65.185
1458,65.185
1459,65.185
1460,65.185
1461,65.185
1462,65.185
1463,65.185
1464,65.185
1465,65.185
1466,65.185
1467,65.185
1468,65.185
1469,65.185
1470,65.185
1471,65.185
1472,65.185
1473,65.185
1474,65.185
1475,65.185
1476,65.185
1477,65.185
1478,65.185
1479,65.185
1480,65.185
1481,65.185
1482,65.185
1483,65.185
1484,65.185
1485,65.185
1486,65.185
1487,65.185
1488,65.185
1489,65.185
1490,65.185
1491,65.185
1492,65.185
1493,65.185
1494,65.185
1495,65.185
1496,65.185
1497,65.185
1498,65.185
1499,65.185
1500,65.185
1501,65.185
1502,65.185
1503,65.185
1504,65.185
1505,65.185
1506,65.185
1507,65.185
1508,65.185
1509,65.185
1510,65.185
1511,65.185
1512,65.185
1513,65.185
1514,65.185
1515,65.185
1516,65.185
1517,65.185
1518,65.185
1519,65.185
1520,65.185
1521,65.185
1522,65.185
1523,65.185
1524,65.185
1525,65.185
1526,65.185
1527,65.785
1528,65.785
1529,65.785
1530,65.785
1531,65.785
1532,65.785
1533,65.785
1534,65.785
1535,65.785
1536,65.785
1537,65.785
1538,65.785
1539,65.785
1540,65.785
1541,65.785
1542,65.785
1543,65.785
1544,65.785
1545,65.785
1546,65.785
1547,65.512
1548,65.512
1549,65.512
1550,65.512
1551,65.512
1552,65.512
1553,65.512
1554,65.512
1555,65.512
1556,65.512
1557,65.512
1558,65.512
1559,65.512
1560,65.512
1561,65.512
1562,65.512
1563,65.512
1564,65.512
1565,65.512
1566,65.512
1567,65.512
1568,65.512
1569,65.512
1570,65.512
1571,65.512
1572,65.512
1573,65.512
1574,65.512
1575,65.512
1576,65.512
1577,65.512
1578,65.512
1579,65.512
1580,65.512
1581,65.512
1582,65.512
1583,65.512
1584,65.512
1585,65.512
1586,65.512
1587,65.185
1588,65.185
1589,65.185
1590,65.185
1591,65.185
1592,65.185
1593,65.185
1594,65.185
1595,65.185
1596,65.185
1597,65.185
1598,65.185
1599,65.185
1600,65.185
1601,65.185
1602,65.185
1603,65.185
1604,65.185
1605,65.185
1606,65.185
1607,65.185
1608,65.185
1609,65.185
1610,65.185
1611,65.185
1612,65.185
1613,65.185
1614,65.185
1615,65.185
1616,65.185
1617,65.185
1618,65.185
1619,65.185
1620,65.185
1621,65.185
1622,65.185
1623,65.185
1624,65.185
1625,65.185
1626,65.185
1627,65.785
1628,65.785
1629,65.785
1630,65.785
1631,65.785
1632,65.785
1633,65.785
1634,65.785
1635,65.785
1636,65.785
1637,65.785
1638,65.785
1639,65.785
1640,65.785
1641,65.785
1642,65.785
1643,65.785
1644,65.785
1645,65.785
1646,65.785
1647,65.512
1648,65.512
1649,65.512
1650,65.512
1651,65.512
1652,65.512
1653,65.512
1654,65.512
1655,65.512
1656,65.512
1657,65.512
1658,65.512
1659,65.512
1660,65.512
1661,65.512
1662,65.512
1663,65.512
1664,65.512
1665,65.512
1666,65.512
1667,65.512
1668,65.185
1669,65.185
1670,65.185
1671,65.185
1672,65.185
1673,65.185
1674,65.185
1675,65.185
1676,65.185
1677,65.185
1678,65.185
1679,65.185
1680,65.185
1681,65.185
1682,65.185
1683,65.185
1684,65.185
1685,65.185
1686,65.185
1687,65.185
1688,65.185
1689,65.185
1690,65.185
1691,65.185
1692,65.185
1693,65.185
1694,65.185
1695,65.185
1696,65.185
1697,65.185
1698,65.185
1699,65.185
1700,65.185
1701,65.185
1702,65.185
1703,65.185
1704,65.185
1705,65.185
1706,65.185
1707,65.185
1708,65.185
1709,65.185
1710,65.185
1711,65.185
1712,65.185
1713,65.185
1714,65.185
1715,65.185
1716,65.185
1717,65.185
1718,65.185
1719,65.185
1720,65.185
1721,65.185
1722,65.185
1723,65.185
1724,65.185
1725,65.185
1726,65.185
1727,65.185
1728,65.785
1729,65.785
1730,65.785
1731,65.785
1732,65.785
1733,65.785
1734,65.785
1735,65.785
1736,65.785
1737,65.785
1738,65.785
1739,65.785
1740,65.785
1741,65.785
1742,65.785
1743,65.785
1744,65.785
1745,65.785
1746,65.785
1747,65.785
1748,65.185
1749,65.185
1750,65.185
1751,65.185
1752,65.185
1753,65.185
1754,65.185
1755,65.185
1756,65.185
1757,65.185
1758,65.185
1759,65.185
1760,65.185
1761,65.185
1762,65.185
1763,65.185
1764,65.185
1765,65.185
1766,65.185
1767,65.185
1768,65.185
1769,65.185
1770,65.185
1771,65.185
1772,65.185
1773,65.185
1774,65.185
1775,65.185
1776,65.185
1777,65.185
1778,65.185
1779,65.185
1780,65.185
1781,65.185
1782,65.185
1783,65.185
1784,65.185
1785,65.185
1786,65.185
1787,65.185
1788,65.185
1789,65.185
1790,65.185
1791,65.185
1792,65.185
1793,65.185
1794,65.185
1795,65.185
1796,65.185
1797,65.185
1798,65.185
1799,65.185
1800,65.185
1801,65.185
1802,65.185
1803,65.185
1804,65.185
1805,65.185
1806,65.185
1807,65.185
1808,65.185
1809,65.185
1810,65.185
1811,65.185
1812,65.185
1813,65.185
1814,65.185
1815,65.185
1816,65.185
1817,65.185
1818,65.185
1819,65.185
1820,65.185
1821,65.185
1822,65.185
1823,65.185
1824,65.185
1825,65.185
1826,65.185
1827,65.185
1828,65.785
1829,65.785
1830,65.785
1831,65.785
1832,65.785
1833,65.785
1834,65.785
1835,65.785
1836,65.785
1837,65.785
1838,65.785
1839,65.785
1840,65.785
1841,65.785
1842,65.785
1843,65.785
1844,65.785
1845,65.785
1846,65.785
1847,65.785
1848,65.512
1849,65.512
1850,65.512
1851,65.512
1852,65.512
1853,65.512
1854,65.512
1855,65.512
1856,65.512
1857,65.512
1858,65.512
1859,65.512
1860,65.512
1861,65.512
1862,65.512
1863,65.512
1864,65.512
1865,65.512
1866,65.512
1867,65.512
1868,65.512
1869,63.749
1870,63.749
1871,63.749
1872,63.749
1873,63.749
1874,63.749
1875,63.749
1876,63.749
1877,63.749
1878,63.749
1879,63.749
1880,63.749
1881,63.749
1882,63.749
1883,63.749
1884,63.749
1885,63.749
1886,63.749
1887,63.749
1888,63.749
1889,63.749
1890,53.375
1891,53.375
1892,53.375
1893,53.375
1894,53.375
1895,53.375
1896,53.375
1897,53.375
1898,53.375
1899,53.375
1900,53.375
1901,53.375
1902,53.375
1903,53.375
1904,53.375
1905,53.375
1906,53.375
1907,53.375
1908,53.375
1909,51.34
1910,51.34
1911,51.34
1912,51.34
1913,51.34
1914,51.34
1915,51.34
1916,51.34
1917,51.34
1918,51.34
1919,51.34
1920,51.34
1921,51.34
1922,51.34
1923,51.34
1924,51.34
1925,51.34
1926,51.34
1927,51.34
1928,51.34
1929,51.012
1930,51.012
1931,51.012
1932,51.012
1933,51.012
1934,51.012
1935,51.012
1936,51.012
1937,51.012
1938,51.012
1939,51.012
1940,51.012
1941,51.012
1942,51.012
1943,51.012
1944,51.012
1945,51.012
1946,51.012
1947,51.012
1948,51.012
1949,50.739
1950,50.739
1951,50.739
1952,50.739
1953,50.739
1954,50.739
1955,50.739
1956,50.739
1957,50.739
1958,50.739
1959,50.739
1960,50.739
1961,50.739
1962,50.739
1963,50.739
1964,50.739
1965,50.739
1966,50.739
1967,50.739
1968,50.739
1969,50.739
1970,50.739
1971,50.739
1972,50.739
1973,50.739
1974,50.739
1975,50.739
1976,50.739
1977,50.739
1978,50.739
1979,50.739
1980,50.739
1981,50.739
1982,50.739
1983,50.739
1984,50.739
1985,50.739
1986,50.739
1987,50.739
1988,50.739
1989,50.739
1990,50.739
1991,50.739
1992,50.739
1993,50.739
1994,50.739
1995,50.739
1996,50.739
1997,50.739
1998,50.739
1999,50.739
2000,50.739
2001,50.739
2002,50.739
2003,50.739
2004,50.739
2005,50.739
2006,50.739
2007,50.739
2008,50.739
2009,50.466
2010,50.466
2011,50.466
2012,50.466
2013,50.466
2014,50.466
2015,50.466
2016,50.466
2017,50.466
2018,50.466
2019,50.466
2020,50.466
2021,50.466
2022,50.466
2023,50.466
2024,50.466
2025,50.466
2026,50.466
2027,50.466
2028,50.466
2029,51.012
2030,51.012
2031,51.012
2032,51.012
2033,51.012
2034,51.012
2035,51.012
2036,51.012
2037,51.012
2038,51.012
2039,51.012
2040,51.012
2041,51.012
2042,51.012
2043,51.012
2044,51.012
2045,51.012
2046,51.012
2047,51.012
2048,51.012
2049,50.739
2050,50.739
2051,50.739
2052,50.739
2053,50.739
2054,50.739
2055,50.739
2056,50.739
2057,50.739
2058,50.739
2059,50.739
2060,50.739
2061,50.739
2062,50.739
2063,50.739
2064,50.739
2065,50.739
2066,50.739
2067,50.739
2068,50.739
2069,50.739
2070,50.739
2071,50.739
2072,50.739
2073,50.739
2074,50.739
2075,50.739
2076,50.739
2077,50.739
2078,50.739
2079,50.739
2080,50.739
2081,50.739
2082,50.739
2083,50.739
2084,50.739
2085,50.739
2086,50.739
2087,50.739
2088,50.739
2089,50.466
2090,50.466
2091,50.466
2092,50.466
2093,50.466
2094,50.466
2095,50.466
2096,50.466
2097,50.466
2098,50.466
2099,50.466
2100,50.466
2101,50.466
2102,50.466
2103,50.466
2104,50.466
2105,50.466
2106,50.466
2107,50.466
2108,50.466
2109,50.466
2110,50.739
2111,50.739
2112,50.739
2113,50.739
2114,50.739
2115,50.739
2116,50.739
2117,50.739
2118,50.739
2119,50.739
2120,50.739
2121,50.739
2122,50.739
2123,50.739
2124,50.739
2125,50.739
2126,50.739
2127,50.739
2128,50.739
2129,50.739
2130,50.739
2131,50.739
2132,50.739
2133,50.739
2134,50.739
2135,50.739
2136,50.739
2137,50.739
2138,50.739
2139,50.739
2140,50.739
2141,50.739
2142,50.739
2143,50.739
2144,50.739
2145,50.739
2146,50.739
2147,50.739
2148,50.739
2149,50.739
2150,50.739
2151,50.739
2152,50.739
2153,50.739
2154,50.739
2155,50.739
2156,50.739
2157,50.739
2158,50.739
2159,50.739
2160,50.739
2161,50.739
2162,50.739
2163,50.739
2164,50.739
2165,50.739
2166,50.739
2167,50.739
2168,50.739
2169,50.739
2170,50.466
2171,50.466
2172,50.466
2173,50.466
2174,50.466
2175,50.466
2176,50.466
2177,50.466
2178,50.466
2179,50.466
2180,50.466
2181,50.466
2182,50.466
2183,50.466
2184,50.466
2185,50.466
2186,50.466
2187,50.466
2188,50.466
2189,50.466
2190,50.739
2191,50.739
2192,50.739
2193,50.739
2194,50.739
2195,50.739
2196,50.739
2197,50.739
2198,50.739
2199,50.739
2200,50.739
2201,50.739
2202,50.739
2203,50.739
2204,50.739
2205,50.739
2206,50.739
2207,50.739
2208,50.739
2209,50.739
2210,50.739
2211,50.739
2212,50.739
2213,50.739
2214,50.739
2215,50.739
2216,50.739
2217,50.739
2218,50.739
2219,50.739
2220,50.739
2221,50.739
2222,50.739
2223,50.739
2224,50.739
2225,50.739
2226,50.739
2227,50.739
2228,50.739
2229,50.739
2230,50.739
2231,50.739
2232,50.739
2233,50.739
2234,50.739
2235,50.739
2236,50.739
2237,50.739
2238,50.739
2239,50.739
2240,50.739
2241,50.739
2242,50.739
2243,50.739
2244,50.739
2245,50.739
2246,50.739
2247,50.739
2248,50.739
2249,50.739
2250,52.221
2251,52.221
2252,52.221
2253,52.221
2254,52.221
2255,52.221
2256,52.221
2257,52.221
2258,52.221
2259,52.221
2260,52.221
2261,52.221
2262,52.221
2263,52.221
2264,52.221
2265,52.221
2266,52.221
2267,52.221
2268,52.221
2269,52.221
2270,51.62
2271,51.62
2272,51.62
2273,51.62
2274,51.62
2275,51.62
2276,51.62
2277,51.62
2278,51.62
2279,51.62
2280,51.62
2281,51.62
2282,51.62
2283,51.62
2284,51.62
2285,51.62
2286,51.62
2287,51.62
2288,51.62
2289,51.62
2290,51.62
2291,51.62
2292,51.62
2293,50.739
2294,50.739
2295,50.739
2296,50.739
2297,50.739
2298,50.739
2299,50.739
2300,50.739
2301,50.739
2302,50.739
2303,50.739
2304,50.739
2305,50.739
2306,50.739
2307,50.739
2308,50.739
2309,50.739
2310,50.739
2311,46.894
2312,46.894
2313,46.894
2314,46.894
2315,46.894
2316,46.894
2317,46.894
2318,46.894
2319,46.894
2320,46.894
2321,46.894
2322,46.894
2323,46.894
2324,46.894
2325,46.894
2326,46.894
2327,46.894
2328,46.894
2329,46.894
2330,46.894
2331,46.02
2332,46.02
2333,46.02
2334,46.02
2335,46.02
2336,46.02
2337,46.02
2338,46.02
2339,46.02
2340,46.02
2341,46.02
2342,46.02
2343,46.02
2344,46.02
2345,46.02
2346,46.02
2347,46.02
2348,46.02
2349,46.02
2350,46.02
2351,45.739
2352,45.739
2353,45.739
2354,45.739
2355,45.739
2356,45.739
2357,45.739
2358,45.739
2359,45.739
2360,45.739
2361,45.739
2362,45.739
2363,45.739
2364,45.739
2365,45.739
2366,45.739
2367,45.739
2368,45.739
2369,45.739
2370,45.739
2371,45.739
2372,45.739
2373,45.739
2374,45.739
2375,45.739
2376,45.739
2377,45.739
2378,45.739
2379,45.739
2380,45.739
2381,45.739
2382,45.739
2383,45.739
2384,45.739
2385,45.739
2386,45.739
2387,45.739
2388,45.739
2389,45.739
2390,45.739
2391,45.739
2392,45.739
2393,45.739
2394,45.739
2395,45.739
2396,45.739
2397,45.739
2398,45.739
2399,45.739
2400,45.739
2401,45.739
2402,45.739
2403,45.739
2404,45.739
2405,45.739
2406,45.739
2407,45.739
2408,45.739
2409,45.739
2410,45.739
2411,45.739
2412,46.02
2413,46.02
2414,46.02
2415,46.02
2416,46.02
2417,46.02
2418,46.02
2419,46.02
2420,46.02
2421,46.02
2422,46.02
2423,46.02
2424,46.02
2425,46.02
2426,46.02
2427,46.02
2428,46.02
2429,46.02
2430,46.02
2431,46.02
2432,46.02
2433,46.02
2434,46.02
2435,46.02
2436,46.02
2437,46.02
2438,46.02
2439,46.02
2440,46.02
2441,46.02
2442,46.02
2443,46.02
2444,46.02
2445,46.02
2446,46.02
2447,46.02
2448,46.02
2449,46.02
2450,46.02
2451,46.02
2452,46.02
2453,46.02
2454,46.02
2455,46.02
2456,46.02
2457,46.02
2458,46.02
2459,46.02
2460,46.02
2461,46.02
2462,46.02
2463,46.02
2464,46.02
2465,46.02
2466,46.02
2467,46.02
2468,46.02
2469,46.02
2470,46.02
2471,46.02
2472,46.02
2473,46.02
2474,46.02
2475,46.02
2476,46.02
2477,46.02
2478,46.02
2479,46.02
2480,46.02
2481,46.02
2482,46.02
2483,46.02
2484,46.02
2485,46.02
2486,46.02
2487,46.02
2488,46.02
2489,46.02
2490,46.02
2491,46.02
2492,46.02
2493,46.02
2494,46.02
2495,46.02
2496,46.02
2497,46.02
2498,46.02
2499,46.02
2500,46.02
2501,46.02
2502,46.02
2503,46.02
2504,46.02
2505,46.02
2506,46.02
2507,46.02
2508,46.02
2509,46.02
2510,46.02
2511,46.02
2512,45.739
2513,45.739
2514,45.739
2515,45.739
2516,45.739
2517,45.739
2518,45.739
2519,45.739
2520,45.739
2521,45.739
2522,45.739
2523,45.739
2524,45.739
2525,45.739
2526,45.739
2527,45.739
2528,45.739
2529,45.739
2530,45.739
2531,45.739
2532,45.739
2533,45.739
2534,45.739
2535,45.739
2536,45.739
2537,45.739
2538,45.739
2539,45.739
2540,45.739
2541,45.739
2542,45.739
2543,45.739
2544,45.739
2545,45.739
2546,45.739
2547,45.739
2548,45.739
2549,45.739
2550,45.739
2551,45.739
2552,45.739
2553,45.412
2554,45.412
2555,45.412
2556,45.412
2557,45.412
2558,45.412
2559,45.412
2560,45.412
2561,45.412
2562,45.412
2563,45.412
2564,45.412
2565,45.412
2566,45.412
2567,45.412
2568,45.412
2569,45.412
2570,45.412
2571,45.412
2572,45.412
2573,45.412
2574,45.412
2575,45.412
2576,45.412
2577,45.412
2578,45.412
2579,45.412
2580,45.412
2581,45.412
2582,45.412
2583,45.412
2584,45.412
2585,45.412
2586,45.412
2587,45.412
2588,45.412
2589,45.412
2590,45.412
2591,45.412
2592,45.412
2593,45.412
2594,45.412
2595,45.412
2596,45.412
2597,45.412
2598,45.412
2599,45.412
2600,45.412
2601,45.412
2602,45.412
2603,45.412
2604,45.412
2605,45.412
2606,45.412
2607,45.412
2608,45.412
2609,45.412
2610,45.412
2611,45.412
2612,45.412
2613,45.412
2614,45.412
2615,45.412
2616,45.412
2617,45.412
2618,45.412
2619,45.412
2620,45.412
2621,45.412
2622,45.412
2623,45.412
2624,45.412
2625,45.412
2626,45.412
2627,45.412
2628,45.412
2629,45.412
2630,45.412
2631,45.412
2632,45.412
2633,45.412
2634,45.739
2635,45.739
2636,45.739
2637,45.739
2638,45.739
2639,45.739
2640,45.739
2641,45.739
2642,45.739
2643,45.739
2644,45.739
2645,45.739
2646,45.739
2647,45.739
2648,45.739
2649,45.739
2650,45.739
2651,45.739
2652,45.739
2653,45.412
2654,45.412
2655,45.412
2656,45.412
2657,45.412
2658,45.412
2659,45.412
2660,45.412
2661,45.412
2662,45.412
2663,45.412
2664,45.412
2665,45.412
2666,45.412
2667,45.412
2668,45.412
2669,45.412
2670,45.412
2671,45.412
2672,45.412
2673,45.412
2674,45.412
2675,45.412
2676,45.412
2677,45.412
2678,45.412
2679,45.412
2680,45.412
2681,45.412
2682,45.412
2683,45.412
2684,45.412
2685,45.412
2686,45.412
2687,45.412
2688,45.412
2689,45.412
2690,45.412
2691,45.412
2692,45.412
2693,45.412
2694,45.412
2695,45.412
2696,45.412
2697,45.412
2698,45.412
2699,45.412
2700,45.412
2701,45.412
2702,45.412
2703,45.412
2704,45.412
2705,45.412
2706,45.412
2707,45.412
2708,45.412
2709,45.412
2710,45.412
2711,45.412
2712,45.412
2713,45.412
2714,45.412
2715,45.412
2716,45.412
2717,45.412
2718,45.412
2719,45.412
2720,45.412
2721,45.412
2722,45.412
2723,45.412
2724,45.412
2725,45.412
2726,45.412
2727,45.412
2728,45.412
2729,45.412
2730,45.412
2731,45.412
2732,45.412
2733,45.412
2734,45.412
2735,45.412
2736,45.412
2737,45.412
2738,45.412
2739,45.412
2740,45.412
2741,45.412
2742,45.412
2743,45.412
2744,45.412
2745,45.412
2746,45.412
2747,45.412
2748,45.412
2749,45.412
2750,45.412
2751,45.412
2752,45.412
2753,45.412
2754,45.412
2755,45.412
2756,45.412
2757,45.412
2758,45.412
2759,45.412
2760,45.412
2761,45.412
2762,45.412
2763,45.412
2764,45.412
2765,45.412
2766,45.412
2767,45.412
2768,45.412
2769,45.412
2770,45.412
2771,45.412
2772,45.412
2773,45.412
2774,45.412
2775,45.412
2776,45.412
2777,45.412
2778,45.412
2779,45.412
2780,45.412
2781,45.412
2782,45.412
2783,45.412
2784,45.412
2785,45.412
2786,45.412
2787,45.412
2788,45.412
2789,45.412
2790,45.412
2791,45.412
2792,45.412
2793,45.412
2794,45.412
2795,45.412
2796,45.412
2797,45.412
2798,45.412
2799,45.412
2800,45.412
2801,45.412
2802,45.412
2803,45.412
2804,45.412
2805,45.412
2806,45.412
2807,45.412
2808,45.412
2809,45.412
2810,45.412
2811,45.412
2812,45.412
2813,45.412
2814,45.412
2815,45.412
2816,45.412
2817,45.412
2818,45.412
2819,45.412
2820,45.412
2821,45.412
2822,45.412
2823,45.412
2824,45.412
2825,45.412
2826,45.412
2827,45.412
2828,45.412
2829,45.412
2830,45.412
2831,45.412
2832,45.412
2833,45.412
2834,45.412
2835,45.412
2836,45.412
2837,45.412
2838,45.412
2839,45.412
2840,45.412
2841,45.412
2842,45.412
2843,45.412
2844,45.412
2845,45.412
2846,45.412
2847,45.412
2848,45.412
2849,45.412
2850,45.412
2851,45.412
2852,45.412
2853,45.412
2854,45.412
2855,45.412
2856,45.412
2857,45.412
2858,45.412
2859,45.412
2860,45.412
2861,45.412
2862,45.412
2863,45.412
2864,45.412
2865,45.412
2866,45.412
2867,45.412
2868,45.412
2869,45.412
2870,45.412
2871,45.412
2872,45.412
2873,45.412
2874,45.412
2875,45.412
2876,45.412
2877,45.412
2878,45.412
2879,45.412
2880,45.412
2881,45.412
2882,45.412
2883,45.412
2884,45.412
2885,45.412
2886,45.412
2887,45.412
2888,45.412
2889,45.412
2890,45.412
2891,45.412
2892,45.412
2893,45.412
2894,45.412
2895,45.412
2896,45.412
2897,45.412
2898,45.412
2899,45.412
2900,45.412
2901,45.412
2902,45.412
2903,45.412
2904,45.412
2905,45.412
2906,45.412
2907,45.412
2908,45.412
2909,45.412
2910,45.412
2911,45.412
2912,45.412
2913,45.412
2914,45.412
2915,45.412
2916,45.412
2917,45.412
2918,45.412
2919,45.412
2920,45.412
2921,45.412
2922,45.412
2923,45.412
2924,45.412
2925,45.412
2926,45.412
2927,45.412
2928,45.412
2929,45.412
2930,45.412
2931,45.412
2932,45.412
2933,45.412
2934,45.412
2935,45.412
2936,45.412
2937,45.412
2938,45.412
2939,45.412
2940,45.412
2941,45.412
2942,45.412
2943,45.412
2944,45.412
2945,45.412
2946,45.412
2947,45.412
2948,45.412
2949,45.412
2950,45.412
2951,45.412
2952,45.412
2953,45.412
2954,45.412
2955,45.412
2956,45.412
2957,45.412
2958,45.412
2959,45.412
2960,45.412
2961,45.412
2962,45.412
2963,45.412
2964,45.412
2965,45.412
2966,45.412
2967,45.412
2968,45.412
2969,45.412
2970,45.412
2971,45.412
2972,45.412
2973,45.412
2974,45.412
2975,45.412
2976,45.412
2977,45.412
2978,45.412
2979,45.412
2980,45.412
2981,45.412
2982,45.412
2983,45.412
2984,45.412
2985,45.412
2986,45.412
2987,45.412
2988,45.412
2989,45.412
2990,45.412
2991,45.412
2992,45.412
2993,45.412
2994,45.412
2995,45.412
2996,45.412
2997,45.412
2998,45.412
2999,45.412
3000,45.412
3001,45.412
3002,45.412
3003,45.412
3004,45.412
3005,45.412
3006,45.412
3007,45.412
3008,45.412
3009,45.412
3010,45.412
3011,45.412
3012,45.412
3013,45.412
3014,45.412
3015,45.412
3016,45.412
3017,45.412
3018,45.412
3019,45.412
3020,45.412
3021,45.412
3022,45.412
3023,45.412
3024,45.412
3025,45.412
3026,45.412
3027,45.412
3028,45.412
3029,45.412
3030,45.412
3031,45.412
3032,45.412
3033,45.412
3034,45.412
3035,45.412
3036,45.412
3037,45.412
3038,45.412
3039,45.412
3040,45.412
3041,45.412
3042,45.412
3043,45.412
3044,45.412
3045,45.412
3046,45.412
3047,45.412
3048,45.412
3049,45.412
3050,45.412
3051,45.412
3052,45.412
3053,45.412
3054,45.412
3055,45.458
3056,45.458
3057,45.458
3058,45.458
3059,45.458
3060,45.458
3061,45.458
3062,45.458
3063,45.458
3064,45.458
3065,45.458
3066,45.458
3067,45.458
3068,45.458
3069,45.458
3070,45.458
3071,45.458
3072,45.458
3073,45.458
3074,45.458
3075,45.458
3076,45.412
3077,45.412
3078,45.412
3079,45.412
3080,45.412
3081,45.412
3082,45.412
3083,45.412
3084,45.412
3085,45.412
3086,45.412
3087,45.412
3088,45.412
3089,45.412
3090,45.412
3091,45.412
3092,45.412
3093,45.412
3094,45.412
3095,45.412
3096,45.412
3097,45.412
3098,45.412
3099,45.412
3100,45.412
3101,45.412
3102,45.412
3103,45.412
3104,45.412
3105,45.412
3106,45.412
3107,45.412
3108,45.412
3109,45.412
3110,45.412
3111,45.412
3112,45.412
3113,45.412
3114,45.412
3115,45.412
3116,45.139
3117,45.139
3118,45.139
3119,45.139
3120,45.139
3121,45.139
3122,45.139
3123,45.139
3124,45.139
3125,45.139
3126,45.139
3127,45.139
3128,45.139
3129,45.139
3130,45.139
3131,45.139
3132,45.139
3133,45.139
3134,45.139
3135,45.139
3136,45.412
3137,45.412
3138,45.412
3139,45.412
3140,45.412
3141,45.412
3142,45.412
3143,45.412
3144,45.412
3145,45.412
3146,45.412
3147,45.412
3148,45.412
3149,45.412
3150,45.412
3151,45.412
3152,45.412
3153,45.412
3154,45.412
3155,45.412
3156,45.412
3157,45.412
3158,45.412
3159,45.412
3160,45.412
3161,45.412
3162,45.412
3163,45.412
3164,45.412
3165,45.412
3166,45.412
3167,45.412
3168,45.412
3169,45.412
3170,45.412
3171,45.412
3172,45.412
3173,45.412
3174,45.412
3175,45.412
3176,45.139
3177,45.139
3178,45.139
3179,45.139
3180,45.139
3181,45.139
3182,45.139
3183,45.139
3184,45.139
3185,45.139
3186,45.139
3187,45.139
3188,45.139
3189,45.139
3190,45.139
3191,45.139
3192,45.139
3193,45.139
3194,45.139
3195,45.139
3196,45.458
3197,45.458
3198,45.458
3199,45.458
3200,45.458
3201,45.458
3202,45.458
3203,45.458
3204,45.458
3205,45.458
3206,45.458
3207,45.458
3208,45.458
3209,45.458
3210,45.458
3211,45.458
3212,45.458
3213,45.458
3214,45.458
3215,45.458
3216,45.412
3217,45.412
3218,45.412
3219,45.412
3220,45.412
3221,45.412
3222,45.412
3223,45.412
3224,45.412
3225,45.412
3226,45.412
3227,45.412
3228,45.412
3229,45.412
3230,45.412
3231,45.412
3232,45.412
3233,45.412
3234,45.412
3235,45.412
3236,45.412
3237,45.412
3238,45.412
3239,45.412
3240,45.412
3241,45.412
3242,45.412
3243,45.412
3244,45.412
3245,45.412
3246,45.412
3247,45.412
3248,45.412
3249,45.412
3250,45.412
3251,45.412
3252,45.412
3253,45.412
3254,45.412
3255,45.412
3256,46.293
3257,46.293
3258,46.293
3259,46.293
3260,46.293
3261,46.293
3262,46.293
3263,46.293
3264,46.293
3265,46.293
3266,46.293
3267,46.293
3268,46.293
3269,46.293
3270,46.293
3271,46.293
3272,46.293
3273,46.293
3274,46.293
3275,46.293
3276,46.293
3277,46.02
3278,46.02
3279,46.02
3280,46.02
3281,46.02
3282,46.02
3283,46.02
3284,46.02
3285,46.02
3286,46.02
3287,46.02
3288,46.02
3289,46.02
3290,46.02
3291,46.02
3292,46.02
3293,46.02
3294,46.02
3295,46.02
3296,46.02
3297,45.412
3298,45.412
3299,45.412
3300,45.412
3301,45.412
3302,45.412
3303,45.412
3304,45.412
3305,45.412
3306,45.412
3307,45.412
3308,45.412
3309,45.412
3310,45.412
3311,45.412
3312,45.412
3313,45.412
3314,45.412
3315,45.412
3316,45.412
3317,45.412
3318,45.412
3319,45.412
3320,45.412
3321,45.412
3322,45.412
3323,45.412
3324,45.412
3325,45.412
3326,45.412
3327,45.412
3328,45.412
3329,45.412
3330,45.412
3331,45.412
3332,45.412
3333,45.412
3334,45.412
3335,45.412
3336,45.412
3337,45.412
3338,45.412
3339,45.412
3340,45.412
3341,45.412
3342,45.412
3343,45.412
3344,45.412
3345,45.412
3346,45.412
3347,45.412
3348,45.412
3349,45.412
3350,45.412
3351,45.412
3352,45.412
3353,45.412
3354,45.412
3355,45.412
3356,45.412
3357,45.139
3358,45.139
3359,45.139
3360,45.139
3361,45.139
3362,45.139
3363,45.139
3364,45.139
3365,45.139
3366,45.139
3367,45.139
3368,45.139
3369,45.139
3370,45.139
3371,45.139
3372,45.139
3373,45.139
3374,45.139
3375,45.139
3376,45.139
3377,45.139
3378,45.139
3379,45.139
3380,45.139
3381,45.139
3382,45.139
3383,45.139
3384,45.139
3385,45.139
3386,45.139
3387,45.139
3388,45.139
3389,45.139
3390,45.139
3391,45.139
3392,45.139
3393,45.139
3394,45.139
3395,45.139
3396,45.139
3397,45.412
3398,45.412
3399,45.412
3400,45.412
3401,45.412
3402,45.412
3403,45.412
3404,45.412
3405,45.412
3406,45.412
3407,45.412
3408,45.412
3409,45.412
3410,45.412
3411,45.412
3412,45.412
3413,45.412
3414,45.412
3415,45.412
3416,45.412
3417,45.139
3418,45.139
3419,45.139
3420,45.139
3421,45.139
3422,45.139
3423,45.139
3424,45.139
3425,45.139
3426,45.139
3427,45.139
3428,45.139
3429,45.139
3430,45.139
3431,45.139
3432,45.139
3433,45.139
3434,45.139
3435,45.139
3436,45.139
3437,45.412
3438,45.412
3439,45.412
3440,45.412
3441,45.412
3442,45.412
3443,45.412
3444,45.412
3445,45.412
3446,45.412
3447,45.412
3448,45.412
3449,45.412
3450,45.412
3451,45.412
3452,45.412
3453,45.412
3454,45.412
3455,45.412
3456,45.412
3457,45.412
3458,45.412
3459,45.412
3460,45.412
3461,45.412
3462,45.412
3463,45.412
3464,45.412
3465,45.412
3466,45.412
3467,45.412
3468,45.412
3469,45.412
3470,45.412
3471,45.412
3472,45.412
3473,45.412
3474,45.412
3475,45.412
3476,45.412
3477,45.412
3478,45.139
3479,45.139
3480,45.139
3481,45.139
3482,45.139
3483,45.139
3484,45.139
3485,45.139
3486,45.139
3487,45.139
3488,45.139
3489,45.139
3490,45.139
3491,45.139
3492,45.139
3493,45.139
3494,45.139
3495,45.139
3496,45.139
3497,45.139
3498,45.139
3499,45.139
3500,45.139
3501,45.139
3502,45.139
3503,45.139
3504,45.139
3505,45.139
3506,45.139
3507,45.139
3508,45.139
3509,45.139
3510,45.139
3511,45.139
3512,45.139
3513,45.139
3514,45.139
3515,45.139
3516,45.139
3517,45.139
3518,45.139
3519,45.139
3520,45.139
3521,45.139
3522,45.139
3523,45.139
3524,45.139
3525,45.139
3526,45.139
3527,45.139
3528,45.139
3529,45.139
3530,45.139
3531,45.139
3532,45.139
3533,45.139
3534,45.139
3535,45.139
3536,45.139
3537,45.139
3538,45.139
3539,45.139
3540,45.139
3541,45.139
3542,45.139
3543,45.139
3544,45.139
3545,45.139
3546,45.139
3547,45.139
3548,45.139
3549,45.139
3550,45.139
3551,45.139
3552,45.139
3553,45.139
3554,45.139
3555,45.139
3556,45.139
3557,45.139
3558,45.139
3559,45.139
3560,45.139
3561,45.139
3562,45.139
3563,45.139
3564,45.139
3565,45.139
3566,45.139
3567,45.139
3568,45.139
3569,45.139
3570,45.139
3571,45.139
3572,45.139
3573,45.139
3574,45.139
3575,45.139
3576,45.139
3577,45.139
3578,45.139
3579,45.139
3580,45.139
3581,45.139
3582,45.139
3583,45.139
3584,45.139
3585,45.139
3586,45.139
3587,45.139
3588,45.139
3589,45.139
3590,45.139
3591,45.139
3592,45.139
3593,45.139
3594,45.139
3595,45.139
3596,45.139
3597,45.139
3598,45.139
3599,45.139
3600,45.139
3601,45.139
3602,45.139
3603,45.139
3604,45.139
3605,45.139
3606,45.139
3607,45.139
3608,45.139
3609,45.139
3610,45.139
3611,45.139
3612,45.139
3613,45.139
3614,45.139
3615,45.139
3616,45.139
3617,45.139
3618,45.139
3619,45.139
3620,45.139
3621,45.139
3622,45.139
3623,45.139
3624,45.139
3625,45.139
3626,45.139
3627,45.139
3628,45.139
3629,45.139
3630,45.139
3631,45.139
3632,45.139
3633,45.139
3634,45.139
3635,45.139
3636,45.139
3637,45.139
3638,45.139
3639,45.139
3640,45.139
3641,45.139
3642,45.139
3643,45.139
3644,45.139
3645,45.139
3646,45.139
3647,45.139
3648,45.139
3649,45.139
3650,45.139
3651,45.139
3652,45.139
3653,45.139
3654,45.139
3655,45.139
3656,45.139
3657,45.139
3658,45.139
3659,45.139
3660,45.139
3661,45.139
3662,45.139
3663,45.139
3664,45.139
3665,45.139
3666,45.139
3667,45.139
3668,45.139
3669,45.139
3670,45.139
3671,45.139
3672,45.139
3673,45.139
3674,45.139
3675,45.139
3676,45.139
3677,45.139
3678,45.139
3679,45.139
3680,45.139
3681,45.139
3682,45.139
3683,45.139
3684,45.139
3685,45.139
3686,45.139
3687,45.139
3688,45.139
3689,45.139
3690,45.139
3691,45.139
3692,45.139
3693,45.139
3694,45.139
3695,45.139
3696,45.139
3697,45.139
3698,45.139
3699,45.139
3700,45.139
3701,45.139
3702,45.139
3703,45.139
3704,45.139
3705,45.139
3706,45.139
3707,45.139
3708,45.139
3709,45.139
3710,45.139
3711,45.139
3712,45.139
3713,45.139
3714,45.139
3715,45.139
3716,45.139
3717,45.139
3718,45.139
3719,45.139
3720,45.139
3721,45.139
3722,45.139
3723,45.139
3724,45.139
3725,45.139
3726,45.139
3727,45.139
3728,45.139
3729,45.139
3730,45.139
3731,45.139
3732,45.139
3733,45.139
3734,45.139
3735,45.139
3736,45.139
3737,45.139
3738,45.139
3739,45.139
3740,45.139
3741,45.139
3742,45.139
3743,45.139
3744,45.139
3745,45.139
3746,45.139
3747,45.139
3748,45.139
3749,45.139
3750,45.139
3751,45.139
3752,45.139
3753,45.139
3754,45.139
3755,45.139
3756,45.139
3757,45.139
3758,45.139
3759,45.139
3760,45.139
3761,45.139
3762,45.139
3763,45.139
3764,45.139
3765,45.139
3766,45.139
3767,45.139
3768,45.139
3769,45.139
3770,45.139
3771,45.139
3772,45.139
3773,45.139
3774,45.139
3775,45.139
3776,45.139
3777,45.139
3778,45.139
3779,45.139
3780,45.139
3781,45.139
3782,45.139
3783,45.139
3784,45.139
3785,45.139
3786,45.139
3787,45.139
3788,45.139
3789,45.139
3790,45.139
3791,45.139
3792,45.139
3793,45.139
3794,45.139
3795,45.139
3796,45.139
3797,45.139
3798,45.139
3799,45.139
3800,45.139
3801,45.139
3802,45.139
3803,45.139
3804,45.139
3805,45.139
3806,45.139
3807,45.139
3808,45.139
3809,45.139
3810,45.139
3811,45.139
3812,45.139
3813,45.139
3814,45.139
3815,45.139
3816,45.139
3817,45.139
3818,45.139
3819,45.139
3820,45.139
3821,45.139
3822,45.139
3823,45.139
3824,45.139
3825,45.139
3826,45.139
3827,45.139
3828,45.139
3829,45.139
3830,45.139
3831,45.139
3832,45.139
3833,45.139
3834,45.139
3835,45.139
3836,45.139
3837,45.139
3838,45.139
3839,45.139
3840,45.139
3841,45.139
3842,45.139
3843,45.139
3844,45.139
3845,45.139
3846,45.139
3847,45.139
3848,45.139
3849,45.139
3850,45.139
3851,45.139
3852,45.139
3853,45.139
3854,45.139
3855,45.139
3856,45.139
3857,45.139
3858,45.139
3859,45.139
3860,45.139
3861,45.139
3862,45.139
3863,45.139
3864,45.139
3865,45.139
3866,45.139
3867,45.139
3868,45.139
3869,45.139
3870,45.139
3871,45.139
3872,45.139
3873,45.139
3874,45.139
3875,45.139
3876,45.139
3877,45.139
3878,45.139
3879,45.139
3880,45.139
3881,45.139
3882,45.139
3883,45.139
3884,45.139
3885,45.139
3886,45.139
3887,45.139
3888,45.139
3889,45.139
3890,45.139
3891,45.139
3892,45.139
3893,45.139
3894,45.139
3895,45.139
3896,45.139
3897,45.139
3898,45.139
3899,45.139
3900,45.139
3901,45.139
3902,45.139
3903,45.139
3904,45.139
3905,45.139
3906,45.139
3907,45.139
3908,45.139
3909,45.139
3910,45.139
3911,45.139
3912,45.139
3913,45.139
3914,45.139
3915,45.139
3916,45.139
3917,45.139
3918,45.139
3919,45.139
3920,45.139
3921,45.139
3922,45.139
3923,45.139
3924,45.139
3925,45.139
3926,45.139
3927,45.139
3928,45.139
3929,45.139
3930,45.139
3931,45.139
3932,45.139
3933,45.139
3934,45.139
3935,45.139
3936,45.139
3937,45.139
3938,45.139
3939,45.139
3940,45.139
3941,45.139
3942,45.139
3943,45.139
3944,45.139
3945,45.139
3946,45.139
3947,45.139
3948,45.139
3949,45.139
3950,45.139
3951,45.139
3952,45.139
3953,45.139
3954,45.139
3955,45.139
3956,45.139
3957,45.139
3958,45.139
3959,45.139
3960,45.139
3961,45.139
3962,45.139
3963,45.139
3964,45.139
3965,45.139
3966,45.139
3967,45.139
3968,45.139
3969,45.139
3970,45.139
3971,45.139
3972,45.139
3973,45.139
3974,45.139
3975,45.139
3976,45.139
3977,45.139
3978,45.139
3979,45.139
3980,45.139
3981,45.139
3982,45.139
3983,45.139
3984,45.139
3985,45.139
3986,45.139
3987,45.139
3988,45.139
3989,45.139
3990,45.139
3991,45.139
3992,45.139
3993,45.139
3994,45.139
3995,45.139
3996,45.139
3997,45.139
3998,45.139
3999,45.139
4000,45.139
4001,45.139
4002,45.139
4003,45.139
4004,45.139
4005,45.139
4006,45.139
4007,45.139
4008,45.139
4009,45.139
4010,45.139
4011,45.139
4012,45.139
4013,45.139
4014,45.139
4015,45.139
4016,45.139
4017,45.139
4018,45.139
4019,45.139
4020,45.139
4021,45.139
4022,45.139
4023,45.139
4024,45.139
4025,45.139
4026,45.139
4027,45.139
4028,45.139
4029,45.139
4030,45.139
4031,45.139
4032,45.139
4033,45.139
4034,45.139
4035,45.139
4036,45.139
4037,45.139
4038,45.139
4039,45.139
4040,45.139
4041,45.139
4042,45.139
4043,45.139
4044,45.139
4045,45.139
4046,45.139
4047,45.139
4048,45.139
4049,45.139
4050,45.139
4051,45.139
4052,45.139
4053,45.139
4054,45.139
4055,45.139
4056,45.139
4057,45.139
4058,45.139
4059,45.139
4060,45.139
4061,45.139
4062,45.139
4063,45.139
4064,45.139
4065,45.139
4066,45.139
4067,45.139
4068,45.139
4069,45.139
4070,45.139
4071,45.139
4072,45.139
4073,45.139
4074,45.139
4075,45.139
4076,45.139
4077,45.139
4078,45.139
4079,45.139
4080,45.139
4081,45.139
4082,45.139
4083,45.139
4084,45.139
4085,45.139
4086,45.139
4087,45.139
4088,45.139
4089,45.139
4090,45.139
4091,45.139
4092,45.139
4093,45.139
4094,45.139
4095,45.139
4096,45.139
4097,45.139
4098,45.139
4099,45.139
4100,45.139
4101,44.866
4102,44.866
4103,44.866
4104,44.866
4105,44.866
4106,44.866
4107,44.866
4108,44.866
4109,44.866
4110,44.866
4111,44.866
4112,44.866
4113,44.866
4114,44.866
4115,44.866
4116,44.866
4117,44.866
4118,44.866
4119,44.866
4120,44.866
4121,45.139
4122,45.139
4123,45.139
4124,45.139
4125,45.139
4126,45.139
4127,45.139
4128,45.139
4129,45.139
4130,45.139
4131,45.139
4132,45.139
4133,45.139
4134,45.139
4135,45.139
4136,45.139
4137,45.139
4138,45.139
4139,45.139
4140,45.139
4141,45.139
4142,45.139
4143,45.139
4144,45.139
4145,45.139
4146,45.139
4147,45.139
4148,45.139
4149,45.139
4150,45.139
4151,45.139
4152,45.139
4153,45.139
4154,45.139
4155,45.139
4156,45.139
4157,45.139
4158,45.139
4159,45.139
4160,45.139
4161,45.139
4162,45.139
4163,45.139
4164,45.139
4165,45.139
4166,45.139
4167,45.139
4168,45.139
4169,45.139
4170,45.139
4171,45.139
4172,45.139
4173,45.139
4174,45.139
4175,45.139
4176,45.139
4177,45.139
4178,45.139
4179,45.139
4180,45.139
4181,45.139
4182,45.139
4183,45.139
4184,45.139
4185,45.139
4186,45.139
4187,45.139
4188,45.139
4189,45.139
4190,45.139
4191,45.139
4192,45.139
4193,45.139
4194,45.139
4195,45.139
4196,45.139
4197,45.139
4198,45.139
4199,45.139
4200,45.139
4201,45.139
4202,45.139
4203,45.139
4204,45.139
4205,45.139
4206,45.139
4207,45.139
4208,45.139
4209,45.139
4210,45.139
4211,45.139
4212,45.139
4213,45.139
4214,45.139
4215,45.139
4216,45.139
4217,45.139
4218,45.139
4219,45.139
4220,45.139
4221,45.139
4222,45.139
4223,45.139
4224,45.139
4225,45.139
4226,45.139
4227,45.139
4228,45.139
4229,45.139
4230,45.139
4231,45.139
4232,45.139
4233,45.139
4234,45.139
4235,45.139
4236,45.139
4237,45.139
4238,45.139
4239,45.139
4240,45.139
4241,45.139
4242,45.139
4243,45.139
4244,45.139
4245,45.139
4246,45.139
4247,45.139
4248,45.139
4249,45.139
4250,45.139
4251,45.139
4252,45.139
4253,45.139
4254,45.139
4255,45.139
4256,45.139
4257,45.139
4258,45.139
4259,45.139
4260,45.139
4261,45.139
4262,45.139
4263,45.139
4264,45.139
4265,45.139
4266,45.139
4267,45.139
4268,45.139
4269,45.139
4270,45.139
4271,45.139
4272,45.139
4273,45.139
4274,45.139
4275,45.139
4276,45.139
4277,45.139
4278,45.139
4279,45.139
4280,45.139
4281,45.139
4282,45.139
4283,45.139
4284,45.139
4285,45.139
4286,45.139
4287,45.139
4288,45.139
4289,45.139
4290,45.139
4291,45.139
4292,45.139
4293,45.139
4294,45.139
4295,45.139
4296,45.139
4297,45.139
4298,45.139
4299,45.139
4300,45.139
4301,45.139
4302,45.139
4303,45.139
4304,45.139
4305,45.139
4306,45.139
4307,45.139
4308,45.139
4309,45.139
4310,45.139
4311,45.139
4312,45.139
4313,45.139
4314,45.139
4315,45.139
4316,45.139
4317,45.139
4318,45.139
4319,45.139
4320,45.139
4321,45.139
4322,44.866
4323,44.866
4324,44.866
4325,44.866
4326,44.866
4327,44.866
4328,44.866
4329,44.866
4330,44.866
4331,44.866
4332,44.866
4333,44.866
4334,44.866
4335,44.866
4336,44.866
4337,44.866
4338,44.866
4339,44.866
4340,44.866
4341,44.866
4342,45.139
4343,45.139
4344,45.139
4345,45.139
4346,45.139
4347,45.139
4348,45.139
4349,45.139
4350,45.139
4351,45.139
4352,45.139
4353,45.139
4354,45.139
4355,45.139
4356,45.139
4357,45.139
4358,45.139
4359,45.139
4360,45.139
4361,45.139
4362,45.139
4363,45.139
4364,45.139
4365,45.139
4366,45.139
4367,45.139
4368,45.139
4369,45.139
4370,45.139
4371,45.139
4372,45.139
4373,45.139
4374,45.139
4375,45.139
4376,45.139
4377,45.139
4378,45.139
4379,45.139
4380,45.139
4381,45.139
4382,45.139
4383,44.866
4384,44.866
4385,44.866
4386,44.866
4387,44.866
4388,44.866
4389,44.866
4390,44.866
4391,44.866
4392,44.866
4393,44.866
4394,44.866
4395,44.866
4396,44.866
4397,44.866
4398,44.866
4399,44.866
4400,44.866
4401,44.866
4402,44.866
4403,44.866
4404,44.866
4405,44.866
4406,44.866
4407,44.866
4408,44.866
4409,44.866
4410,44.866
4411,44.866
4412,44.866
4413,44.866
4414,44.866
4415,44.866
4416,44.866
4417,44.866
4418,44.866
4419,44.866
4420,44.866
4421,44.866
4422,44.866
4423,45.139
4424,45.139
4425,45.139
4426,45.139
4427,45.139
4428,45.139
4429,45.139
4430,45.139
4431,45.139
4432,45.139
4433,45.139
4434,45.139
4435,45.139
4436,45.139
4437,45.139
4438,45.139
4439,45.139
4440,45.139
4441,45.139
4442,45.139
4443,45.139
4444,45.139
4445,45.139
4446,45.139
4447,45.139
4448,45.139
4449,45.139
4450,45.139
4451,45.139
4452,45.139
4453,45.139
4454,45.139
4455,45.139
4456,45.139
4457,45.139
4458,45.139
4459,45.139
4460,45.139
4461,45.139
4462,45.139
4463,44.866
4464,44.866
4465,44.866
4466,44.866
4467,44.866
4468,44.866
4469,44.866
4470,44.866
4471,44.866
4472,44.866
4473,44.866
4474,44.866
4475,44.866
4476,44.866
4477,44.866
4478,44.866
4479,44.866
4480,44.866
4481,44.866
4482,44.866
4483,44.866
4484,44.866
4485,44.866
4486,44.866
4487,44.866
4488,44.866
4489,44.866
4490,44.866
4491,44.866
4492,44.866
4493,44.866
4494,44.866
4495,44.866
4496,44.866
4497,44.866
4498,44.866
4499,44.866
4500,44.866
4501,44.866
4502,44.866
4503,44.866
4504,44.866
4505,44.866
4506,44.866
4507,44.866
4508,44.866
4509,44.866
4510,44.866
4511,44.866
4512,44.866
4513,44.866
4514,44.866
4515,44.866
4516,44.866
4517,44.866
4518,44.866
4519,44.866
4520,44.866
4521,44.866
4522,44.866
4523,44.866
4524,44.866
4525,44.866
4526,44.866
4527,44.866
4528,44.866
4529,44.866
4530,44.866
4531,44.866
4532,44.866
4533,44.866
4534,44.866
4535,44.866
4536,44.866
4537,44.866
4538,44.866
4539,44.866
4540,44.866
4541,44.866
4542,44.866
4543,44.866
4544,44.866
4545,44.866
4546,44.866
4547,44.866
4548,44.866
4549,44.866
4550,44.866
4551,44.866
4552,44.866
4553,44.866
4554,44.866
4555,44.866
4556,44.866
4557,44.866
4558,44.866
4559,44.866
4560,44.866
4561,44.866
4562,44.866
4563,44.866
4564,44.866
4565,44.866
4566,44.866
4567,44.866
4568,44.866
4569,44.866
4570,44.866
4571,44.866
4572,44.866
4573,44.866
4574,44.866
4575,44.866
4576,44.866
4577,44.866
4578,44.866
4579,44.866
4580,44.866
4581,44.866
4582,44.866
4583,44.866
4584,44.866
4585,44.866
4586,44.866
4587,44.866
4588,44.866
4589,44.866
4590,44.866
4591,44.866
4592,44.866
4593,44.866
4594,44.866
4595,44.866
4596,44.866
4597,44.866
4598,44.866
4599,44.866
4600,44.866
4601,44.866
4602,44.866
4603,44.866
4604,44.866
4605,44.866
4606,44.866
4607,44.866
4608,44.866
4609,44.866
4610,44.866
4611,44.866
4612,44.866
4613,44.866
4614,44.866
4615,44.866
4616,44.866
4617,44.866
4618,44.866
4619,44.866
4620,44.866
4621,44.866
4622,44.866
4623,44.866
4624,44.866
4625,44.866
4626,44.866
4627,44.866
4628,44.866
4629,44.866
4630,44.866
4631,44.866
4632,44.866
4633,44.866
4634,44.866
4635,44.866
4636,44.866
4637,44.866
4638,44.866
4639,44.866
4640,44.866
4641,44.866
4642,44.866
4643,44.866
4644,44.866
4645,44.866
4646,44.866
4647,44.866
4648,44.866
4649,44.866
4650,44.866
4651,44.866
4652,44.866
4653,44.866
4654,44.866
4655,44.866
4656,44.866
4657,44.866
4658,44.866
4659,44.866
4660,44.866
4661,44.866
4662,44.866
4663,44.866
4664,44.866
4665,44.866
4666,44.866
4667,44.866
4668,44.866
4669,44.866
4670,44.866
4671,44.866
4672,44.866
4673,44.866
4674,44.866
4675,44.866
4676,44.866
4677,44.866
4678,44.866
4679,44.866
4680,44.866
4681,44.866
4682,44.866
4683,44.866
4684,44.866
4685,44.866
4686,44.866
4687,44.866
4688,44.866
4689,44.866
4690,44.866
4691,44.866
4692,44.866
4693,44.866
4694,44.866
4695,44.866
4696,44.866
4697,44.866
4698,44.866
4699,44.866
4700,44.866
4701,44.866
4702,44.866
4703,44.866
4704,44.866
4705,44.866
4706,44.866
4707,44.866
4708,44.866
4709,44.866
4710,44.866
4711,44.866
4712,44.866
4713,44.866
4714,44.866
4715,44.866
4716,44.866
4717,44.866
4718,44.866
4719,44.866
4720,44.866
4721,44.866
4722,44.866
4723,44.866
4724,44.866
4725,44.866
4726,44.866
4727,44.866
4728,44.866
4729,44.866
4730,44.866
4731,44.866
4732,44.866
4733,44.866
4734,44.866
4735,44.866
4736,44.866
4737,44.866
4738,44.866
4739,44.866
4740,44.866
4741,44.866
4742,44.866
4743,44.866
4744,44.866
4745,44.866
4746,44.866
4747,44.866
4748,44.866
4749,44.866
4750,44.866
4751,44.866
4752,44.866
4753,44.866
4754,44.866
4755,44.866
4756,44.866
4757,44.866
4758,44.866
4759,44.866
4760,44.866
4761,44.866
4762,44.866
4763,44.866
4764,44.866
4765,44.866
4766,44.866
4767,44.866
4768,44.866
4769,44.866
4770,44.866
4771,44.866
4772,44.866
4773,44.866
4774,44.866
4775,44.866
4776,44.866
4777,44.866
4778,44.866
4779,44.866
4780,44.866
4781,44.866
4782,44.866
4783,44.866
4784,44.866
4785,44.866
4786,44.866
4787,44.866
4788,44.866
4789,44.866
4790,44.866
4791,44.866
4792,44.866
4793,44.866
4794,44.866
4795,44.866
4796,44.866
4797,44.866
4798,44.866
4799,44.866
4800,44.866
4801,44.866
4802,44.866
4803,44.866
4804,44.866
4805,44.866
4806,44.866
4807,44.866
4808,44.866
4809,44.866
4810,44.866
4811,44.866
4812,44.866
4813,44.866
4814,44.866
4815,44.866
4816,44.866
4817,44.866
4818,44.866
4819,44.866
4820,44.866
4821,44.866
4822,44.866
4823,44.866
4824,44.866
4825,44.866
4826,44.866
4827,44.866
4828,44.866
4829,44.866
4830,44.866
4831,44.866
4832,44.866
4833,44.866
4834,44.866
4835,44.866
4836,44.866
4837,44.866
4838,44.866
4839,44.866
4840,44.866
4841,44.866
4842,44.866
4843,44.866
4844,44.866
4845,44.866
4846,44.866
4847,44.866
4848,44.866
4849,44.866
4850,44.866
4851,44.866
4852,44.866
4853,44.866
4854,44.866
4855,44.866
4856,44.866
4857,44.866
4858,44.866
4859,44.866
4860,44.866
4861,44.866
4862,44.866
4863,44.866
4864,44.866
4865,44.866
4866,44.866
4867,44.866
4868,44.866
4869,44.866
4870,44.866
4871,44.866
4872,44.866
4873,44.866
4874,44.866
4875,44.866
4876,44.866
4877,44.866
4878,44.866
4879,44.866
4880,44.866
4881,44.866
4882,44.866
4883,44.866
4884,44.866
4885,44.866
4886,44.866
4887,44.866
4888,44.866
4889,44.866
4890,44.866
4891,44.866
4892,44.866
4893,44.866
4894,44.866
4895,44.866
4896,44.866
4897,44.866
4898,44.866
4899,44.866
4900,44.866
4901,44.866
4902,44.866
4903,44.866
4904,44.866
4905,44.866
4906,44.866
4907,44.866
4908,44.866
4909,44.866
4910,44.866
4911,44.866
4912,44.866
4913,44.866
4914,44.866
4915,44.866
4916,44.866
4917,44.866
4918,44.866
4919,44.866
4920,44.866
4921,44.866
4922,44.866
4923,44.866
4924,44.866
4925,44.866
4926,44.866
4927,44.866
4928,44.866
4929,44.866
4930,44.866
4931,44.866
4932,44.866
4933,44.866
4934,44.866
4935,44.866
4936,44.866
4937,44.866
4938,44.866
4939,44.866
4940,44.866
4941,44.866
4942,44.866
4943,44.866
4944,44.866
4945,44.866
4946,44.866
4947,44.866
4948,44.866
4949,44.866
4950,44.866
4951,44.866
4952,44.866
4953,44.866
4954,44.866
4955,44.866
4956,44.866
4957,44.866
4958,44.866
4959,44.866
4960,44.866
4961,44.866
4962,44.866
4963,44.866
4964,44.866
4965,44.866
4966,44.866
4967,44.866
4968,44.866
4969,44.866
4970,44.866
4971,44.866
4972,44.866
4973,44.866
4974,44.866
4975,44.866
4976,44.866
4977,44.866
4978,44.866
4979,44.866
4980,44.866
4981,44.866
4982,44.866
4983,44.866
4984,44.866
4985,44.866
4986,44.866
4987,44.866
4988,44.866
4989,44.866
4990,44.866
4991,44.866
4992,44.866
4993,44.866
4994,44.866
4995,44.866
4996,44.866
4997,44.866
4998,44.866
4999,44.866
5000,44.866
5001,44.866
5002,44.866
5003,44.866
5004,44.866
5005,44.866
5006,44.866
5007,44.866
5008,44.866
5009,44.866
5010,44.866
5011,44.866
5012,44.866
5013,44.866
5014,44.866
5015,44.866
5016,44.866
5017,44.866
5018,44.866
5019,44.866
5020,44.866
5021,44.866
5022,44.866
5023,44.866
5024,44.866
5025,44.866
5026,44.866
5027,44.866
5028,44.866
5029,44.866
5030,44.866
5031,44.866
5032,44.866
5033,44.866
5034,44.866
5035,44.866
5036,44.866
5037,44.866
5038,44.866
5039,44.866
5040,44.866
5041,44.866
5042,44.866
5043,44.866
5044,44.866
5045,44.866
5046,44.866
5047,44.866
5048,44.866
5049,44.866
5050,44.866
5051,44.866
5052,44.866
5053,44.866
5054,44.866
5055,44.866
5056,44.866
5057,44.866
5058,44.866
5059,44.866
5060,44.866
5061,44.866
5062,44.866
5063,44.866
5064,44.866
5065,44.866
5066,44.866
5067,44.866
5068,44.866
5069,44.866
5070,44.866
5071,44.866
5072,44.866
5073,44.866
5074,44.866
5075,44.866
5076,44.866
5077,44.866
5078,44.866
5079,44.866
5080,44.866
5081,44.866
5082,44.866
5083,44.866
5084,44.866
5085,44.866
5086,44.866
5087,44.866
5088,44.866
5089,44.866
5090,44.866
5091,44.866
5092,44.866
5093,44.866
5094,44.866
5095,44.866
5096,44.866
5097,44.866
5098,44.866
5099,44.866
5100,44.866
5101,44.866
5102,44.866
5103,44.866
5104,44.866
5105,44.866
5106,44.866
5107,44.866
5108,44.866
5109,44.866
5110,44.866
5111,44.866
5112,44.866
5113,44.866
5114,44.866
5115,44.866
5116,44.866
5117,44.866
5118,44.866
5119,44.866
5120,44.866
5121,44.866
5122,44.866
5123,44.866
5124,44.866
5125,44.866
5126,44.866
5127,44.866
5128,44.866
5129,44.866
5130,44.866
5131,44.866
5132,44.866
5133,44.866
5134,44.866
5135,44.866
5136,44.866
5137,44.866
5138,44.866
5139,44.866
5140,44.866
5141,44.866
5142,44.866
5143,44.866
5144,44.866
5145,44.866
5146,44.866
5147,44.866
5148,44.866
5149,44.866
5150,44.866
5151,44.866
5152,44.866
5153,44.866
5154,44.866
5155,44.866
5156,44.866
5157,44.866
5158,44.866
5159,44.866
5160,44.866
5161,44.866
5162,44.866
5163,44.866
5164,44.866
5165,44.866
5166,44.866
5167,44.866
5168,44.866
5169,44.866
5170,44.866
5171,44.866
5172,44.866
5173,44.866
5174,44.866
5175,44.866
5176,44.866
5177,44.866
5178,44.866
5179,44.866
5180,44.866
5181,44.866
5182,44.866
5183,44.866
5184,44.866
5185,44.866
5186,44.866
5187,44.866
5188,44.866
5189,44.866
5190,44.866
5191,44.866
5192,44.866
5193,44.866
5194,44.866
5195,44.866
5196,44.866
5197,44.866
5198,44.866
5199,44.866
5200,44.866
5201,44.866
5202,44.866
5203,44.866
5204,44.866
5205,44.866
5206,44.866
5207,44.866
5208,44.866
5209,44.866
5210,44.866
5211,44.866
5212,44.866
5213,44.866
5214,44.866
5215,44.866
5216,44.866
5217,44.866
5218,44.866
5219,44.866
5220,44.866
5221,44.866
5222,44.866
5223,44.866
5224,44.866
5225,44.866
5226,44.866
5227,44.866
5228,44.866
5229,44.866
5230,44.866
5231,44.866
5232,44.866
5233,44.866
5234,44.866
5235,44.866
5236,44.866
5237,44.866
5238,44.866
5239,44.866
5240,44.866
5241,44.866
5242,44.866
5243,44.866
5244,44.866
5245,44.866
5246,44.866
5247,44.866
5248,44.866
5249,44.866
5250,44.866
5251,44.866
5252,44.866
5253,44.866
5254,44.866
5255,44.866
5256,44.866
5257,44.866
5258,44.866
5259,44.866
5260,44.866
5261,44.866
5262,44.866
5263,44.866
5264,44.866
5265,44.866
5266,44.866
5267,44.866
5268,44.866
5269,44.866
5270,44.866
5271,44.866
5272,44.866
5273,44.866
5274,44.866
5275,44.866
5276,44.866
5277,44.866
5278,44.866
5279,44.866
5280,44.866
5281,44.866
5282,44.866
5283,44.866
5284,44.866
5285,44.866
5286,44.866
5287,44.866
5288,44.866
5289,44.866
5290,44.866
5291,44.866
5292,44.866
5293,44.866
5294,44.866
5295,44.866
5296,44.866
5297,44.866
5298,44.866
5299,44.866
5300,44.866
5301,44.866
5302,44.866
5303,44.866
5304,44.866
5305,44.866
5306,44.866
5307,44.866
5308,44.866
5309,44.866
5310,44.866
5311,44.866
5312,44.866
5313,44.866
5314,44.866
5315,44.866
5316,44.866
5317,44.866
5318,44.866
5319,44.866
5320,44.866
5321,44.866
5322,44.866
5323,44.866
5324,44.866
5325,44.866
5326,44.866
5327,44.866
5328,44.866
5329,44.866
5330,44.866
5331,44.866
5332,44.866
5333,44.866
5334,44.866
5335,44.866
5336,44.866
5337,44.866
5338,44.866
5339,44.866
5340,44.866
5341,44.866
5342,44.866
5343,44.866
5344,44.866
5345,44.866
5346,44.866
5347,44.866
5348,44.866
5349,44.866
5350,44.866
5351,44.866
5352,44.866
5353,44.866
5354,44.866
5355,44.866
5356,44.866
5357,44.866
5358,44.866
5359,44.866
5360,44.866
5361,44.866
5362,44.866
5363,44.866
5364,44.866
5365,44.866
5366,44.866
5367,44.866
5368,44.866
5369,44.866
5370,44.866
5371,44.866
5372,44.866
5373,44.866
5374,44.866
5375,44.866
5376,44.866
5377,44.866
5378,44.866
5379,44.866
5380,44.866
5381,44.866
5382,44.866
5383,44.866
5384,44.866
5385,44.866
5386,44.866
5387,44.866
5388,44.866
5389,44.866
5390,44.866
5391,44.866
5392,44.866
5393,44.866
5394,44.866
5395,44.866
5396,44.866
5397,44.866
5398,44.866
5399,44.866
5400,44.866
5401,44.866
5402,44.866
5403,44.866
5404,44.866
5405,44.866
5406,44.866
5407,44.866
5408,44.866
5409,44.866
5410,44.866
5411,44.866
5412,44.866
5413,44.866
5414,44.866
5415,44.866
5416,44.866
5417,44.866
5418,44.866
5419,44.866
5420,44.866
5421,44.866
5422,44.866
5423,44.866
5424,44.866
5425,44.866
5426,44.866
5427,44.866
5428,44.866
5429,44.866
5430,44.866
5431,44.866
5432,44.866
5433,44.866
5434,44.866
5435,44.866
5436,44.866
5437,44.866
5438,44.866
5439,44.866
5440,44.866
5441,44.866
5442,44.866
5443,44.866
5444,44.866
5445,44.866
5446,44.866
5447,44.866
5448,44.866
5449,44.866
5450,44.866
5451,44.866
5452,44.866
5453,44.866
5454,44.866
5455,44.866
5456,44.866
5457,44.866
5458,44.866
5459,44.866
5460,44.866
5461,44.866
5462,44.866
5463,44.866
5464,44.866
5465,44.866
5466,44.866
5467,44.866
5468,44.866
5469,44.866
5470,44.866
5471,44.866
5472,44.866
5473,44.866
5474,44.866
5475,44.866
5476,44.866
5477,44.866
5478,44.866
5479,44.866
5480,44.866
5481,44.866
5482,44.866
5483,44.866
5484,44.866
5485,44.866
5486,44.866
5487,44.866
5488,44.866
5489,44.866
5490,44.866
5491,44.866
5492,44.866
5493,44.866
5494,44.866
5495,44.866
5496,44.866
5497,44.866
5498,44.866
5499,44.866
5500,44.866
5501,44.866
5502,44.866
5503,44.866
5504,44.866
5505,44.866
5506,44.866
5507,44.866
5508,44.866
5509,44.866
5510,44.866
5511,44.866
5512,44.866
5513,44.866
5514,44.866
5515,44.866
5516,44.866
5517,44.866
5518,44.866
5519,44.866
5520,44.866
5521,44.866
5522,44.866
5523,44.866
5524,44.866
5525,44.866
5526,44.866
5527,44.866
5528,44.866
5529,44.866
5530,44.866
5531,44.866
5532,44.866
5533,44.866
5534,44.866
5535,44.866
5536,44.866
5537,44.866
5538,44.866
5539,44.866
5540,44.866
5541,44.866
5542,44.866
5543,44.866
5544,44.866
5545,44.866
5546,44.866
5547,44.866
5548,44.866
5549,44.866
5550,44.866
5551,44.866
5552,44.866
5553,44.866
5554,44.866
5555,44.866
5556,44.866
5557,44.866
5558,44.866
5559,44.866
5560,44.866
5561,44.866
5562,44.866
5563,44.866
5564,44.866
5565,44.866
5566,44.866
5567,44.866
5568,44.866
5569,44.866
5570,44.866
5571,44.866
5572,44.866
5573,44.866
5574,44.866
5575,44.866
5576,44.866
5577,44.866
5578,44.866
5579,44.866
5580,44.866
5581,44.866
5582,44.866
5583,44.866
5584,44.866
5585,44.866
5586,44.866
5587,44.866
5588,44.866
5589,44.866
5590,44.866
5591,44.866
5592,44.866
5593,44.866
5594,44.866
5595,44.866
5596,44.866
5597,44.866
5598,44.866
5599,44.866
5600,44.866
5601,44.866
5602,44.866
5603,44.866
5604,44.866
5605,44.866
5606,44.866
5607,44.866
5608,44.866
5609,44.866
5610,44.866
5611,44.866
5612,44.866
5613,44.866
5614,44.866
5615,44.866
5616,44.866
5617,44.866
5618,44.866
5619,44.866
5620,44.866
5621,44.866
5622,44.866
5623,44.866
5624,44.866
5625,44.866
5626,44.866
5627,44.866
5628,44.866
5629,44.866
5630,44.866
5631,44.866
5632,44.866
5633,44.866
5634,44.866
5635,44.866
5636,44.866
5637,44.866
5638,44.866
5639,44.866
5640,44.866
5641,44.866
5642,44.866
5643,44.866
5644,44.866
5645,44.866
5646,44.866
5647,44.866
5648,44.866
5649,44.866
5650,44.866
5651,44.866
5652,44.866
5653,44.866
5654,44.866
5655,44.866
5656,44.866
5657,44.866
5658,44.866
5659,44.866
5660,44.866
5661,44.866
5662,44.866
5663,44.866
5664,44.866
5665,44.866
5666,44.866
5667,44.866
5668,44.866
5669,44.866
5670,44.866
5671,44.866
5672,44.866
5673,44.866
5674,44.866
5675,44.866
5676,44.866
5677,44.866
5678,44.866
5679,44.866
5680,44.866
5681,44.866
5682,44.866
5683,44.866
5684,44.866
5685,44.866
5686,44.866
5687,44.866
5688,44.866
5689,44.866
5690,44.866
5691,44.866
5692,44.866
5693,44.866
5694,44.866
5695,44.866
5696,44.866
5697,44.866
5698,44.866
5699,44.866
5700,44.866
5701,44.866
5702,44.866
5703,44.866
5704,44.866
5705,44.866
5706,44.866
5707,44.866
5708,44.866
5709,44.866
5710,44.866
5711,44.866
5712,44.866
5713,44.866
5714,44.866
5715,44.866
5716,44.866
5717,44.866
5718,44.866
5719,44.866
5720,44.866
5721,44.866
5722,44.866
5723,44.866
5724,44.866
5725,44.866
5726,44.866
5727,44.866
5728,44.866
5729,44.866
5730,44.866
5731,44.866
5732,44.866
5733,44.866
5734,44.866
5735,44.866
5736,44.866
5737,44.866
5738,44.866
5739,44.866
5740,44.866
5741,44.866
5742,44.866
5743,44.866
5744,44.866
5745,44.866
5746,44.866
5747,44.866
5748,44.866
5749,44.866
5750,44.866
5751,44.866
5752,44.866
5753,44.866
5754,44.866
5755,44.866
5756,44.866
5757,44.866
5758,44.866
5759,44.866
5760,44.866
5761,44.866
5762,44.866
5763,44.866
5764,44.866
5765,44.866
5766,44.866
5767,44.866
5768,44.866
5769,44.866
5770,44.866
5771,44.866
5772,44.866
5773,44.866
5774,44.866
5775,44.866
5776,44.866
5777,44.866
5778,44.866
5779,44.866
5780,44.866
5781,44.866
5782,44.866
5783,44.866
5784,44.866
5785,44.866
5786,44.866
5787,44.866
5788,44.866
5789,44.866
5790,44.866
5791,44.866
5792,44.866
5793,44.866
5794,44.866
5795,44.866
5796,44.866
5797,44.866
5798,44.866
5799,44.866
5800,44.866
5801,44.866
5802,44.866
5803,44.866
5804,44.866
5805,44.866
5806,44.866
5807,44.866
5808,44.866
5809,44.866
5810,44.866
5811,44.866
5812,44.866
5813,44.866
5814,44.866
5815,44.866
5816,44.866
5817,44.866
5818,44.866
5819,44.866
5820,44.866
5821,44.866
5822,44.866
5823,44.866
5824,44.866
5825,44.866
5826,44.866
5827,44.866
5828,44.866
5829,44.866
5830,44.866
5831,44.866
5832,44.866
5833,44.866
5834,44.866
5835,44.866
5836,44.866
5837,44.866
5838,44.866
5839,44.866
5840,44.866
5841,44.866
5842,44.866
5843,44.866
5844,44.866
5845,44.866
5846,44.866
5847,44.866
5848,44.866
5849,44.866
5850,44.866
5851,44.866
5852,44.866
5853,44.866
5854,44.866
5855,44.866
5856,44.866
5857,44.866
5858,44.866
5859,44.866
5860,44.866
5861,44.866
5862,44.866
5863,44.866
5864,44.866
5865,44.866
5866,44.866
5867,44.866
5868,44.866
5869,44.866
5870,44.866
5871,44.866
5872,44.866
5873,44.866
5874,44.866
5875,44.866
5876,44.866
5877,44.866
5878,44.866
5879,44.866
5880,44.866
5881,44.866
5882,44.866
5883,44.866
5884,44.866
5885,44.866
5886,44.866
5887,44.866
5888,44.866
5889,44.866
5890,44.866
5891,44.866
5892,44.866
5893,44.866
5894,44.866
5895,44.866
5896,44.866
5897,44.866
5898,44.866
5899,44.866
5900,44.866
5901,44.866
5902,44.866
5903,44.866
5904,44.866
5905,44.866
5906,44.866
5907,44.866
5908,44.866
5909,44.866
5910,44.866
5911,44.866
5912,44.866
5913,44.866
5914,44.866
5915,44.866
5916,44.866
5917,44.866
5918,44.866
5919,44.866
5920,44.866
5921,44.866
5922,44.866
5923,44.866
5924,44.866
5925,44.866
5926,44.866
5927,44.866
5928,44.866
5929,44.866
5930,44.866
5931,44.866
5932,44.866
5933,44.866
5934,44.866
5935,44.866
5936,44.866
5937,44.866
5938,44.866
5939,44.866
5940,44.866
5941,44.866
5942,44.866
5943,44.866
5944,44.866
5945,44.866
5946,44.866
5947,44.866
5948,44.866
5949,44.866
5950,44.866
5951,44.866
5952,44.866
5953,44.866
5954,44.866
5955,44.866
5956,44.866
5957,44.866
5958,44.866
5959,44.866
5960,44.866
5961,44.866
5962,44.866
5963,44.866
5964,44.866
5965,44.866
5966,44.866
5967,44.866
5968,44.866
5969,44.866
5970,44.866
5971,44.866
5972,44.866
5973,44.866
5974,44.866
5975,44.866
5976,44.866
5977,44.866
5978,44.866
5979,44.866
5980,44.866
5981,44.866
5982,44.866
5983,44.866
5984,44.866
5985,44.866
5986,44.866
5987,44.866
5988,44.866
5989,44.866
5990,44.866
5991,44.866
5992,44.866
5993,44.866
5994,44.866
5995,44.866
5996,44.866
5997,44.866
5998,44.866
5999,44.866
6000,44.866
6001,44.866
6002,44.866
6003,44.866
6004,44.866
6005,44.866
6006,44.866
6007,44.866
6008,44.866
6009,44.866
6010,44.866
6011,44.866
6012,44.866
6013,44.866
6014,44.866
6015,44.866
6016,44.866
6017,44.866
6018,44.866
6019,44.866
6020,44.866
6021,44.866
6022,44.866
6023,44.866
6024,44.866
6025,44.866
6026,44.866
6027,44.866
6028,44.866
6029,44.866
6030,44.866
6031,44.866
6032,44.866
6033,44.866
6034,44.866
6035,44.866
6036,44.866
6037,44.866
6038,44.866
6039,44.866
6040,44.866
6041,44.866
6042,44.866
6043,44.866
6044,44.866
6045,44.866
6046,44.866
6047,44.866
6048,44.866
6049,44.866
6050,44.866
6051,44.866
6052,44.866
6053,44.866
6054,44.866
6055,44.866
6056,44.866
6057,44.866
6058,44.866
6059,44.866
6060,44.866
6061,44.866
6062,44.866
6063,44.866
6064,44.866
6065,44.866
6066,44.866
6067,44.866
6068,44.866
6069,44.866
6070,44.866
6071,44.866
6072,44.912
6073,44.912
6074,44.912
6075,44.912
6076,44.912
6077,44.912
6078,44.912
6079,44.912
6080,44.912
6081,44.912
6082,44.912
6083,44.912
6084,44.912
6085,44.912
6086,44.912
6087,44.912
6088,44.912
6089,44.912
6090,44.912
6091,44.912
6092,44.866
6093,44.866
6094,44.866
6095,44.866
6096,44.866
6097,44.866
6098,44.866
6099,44.866
6100,44.866
6101,44.866
6102,44.866
6103,44.866
6104,44.866
6105,44.866
6106,44.866
6107,44.866
6108,44.866
6109,44.866
6110,44.866
6111,44.866
6112,44.866
6113,44.866
6114,44.866
6115,44.866
6116,44.866
6117,44.866
6118,44.866
6119,44.866
6120,44.866
6121,44.866
6122,44.866
6123,44.866
6124,44.866
6125,44.866
6126,44.866
6127,44.866
6128,44.866
6129,44.866
6130,44.866
6131,44.866
6132,44.866
6133,44.866
6134,44.866
6135,44.866
6136,44.866
6137,44.866
6138,44.866
6139,44.866
6140,44.866
6141,44.866
6142,44.866
6143,44.866
6144,44.866
6145,44.866
6146,44.866
6147,44.866
6148,44.866
6149,44.866
6150,44.866
6151,44.866
6152,44.866
6153,44.866
6154,44.866
6155,44.866
6156,44.866
6157,44.866
6158,44.866
6159,44.866
6160,44.866
6161,44.866
6162,44.866
6163,44.866
6164,44.866
6165,44.866
6166,44.866
6167,44.866
6168,44.866
6169,44.866
6170,44.866
6171,44.866
6172,44.866
6173,44.866
6174,44.866
6175,44.866
6176,44.866
6177,44.866
6178,44.866
6179,44.866
6180,44.866
6181,44.866
6182,44.866
6183,44.866
6184,44.866
6185,44.866
6186,44.866
6187,44.866
6188,44.866
6189,44.866
6190,44.866
6191,44.866
6192,44.866
6193,44.866
6194,44.866
6195,44.866
6196,44.866
6197,44.866
6198,44.866
6199,44.866
6200,44.866
6201,44.866
6202,44.866
6203,44.866
6204,44.866
6205,44.866
6206,44.866
6207,44.866
6208,44.866
6209,44.866
6210,44.866
6211,44.866
6212,44.866
6213,44.866
6214,44.866
6215,44.866
6216,44.866
6217,44.866
6218,44.866
6219,44.866
6220,44.866
6221,44.866
6222,44.866
6223,44.866
6224,44.866
6225,44.866
6226,44.866
6227,44.866
6228,44.866
6229,44.866
6230,44.866
6231,44.866
6232,44.866
6233,44.866
6234,44.866
6235,44.866
6236,44.866
6237,44.866
6238,44.866
6239,44.866
6240,44.866
6241,44.866
6242,44.866
6243,44.866
6244,44.866
6245,44.866
6246,44.866
6247,44.866
6248,44.866
6249,44.866
6250,44.866
6251,44.866
6252,44.866
6253,44.866
6254,44.866
6255,44.866
6256,44.866
6257,44.866
6258,44.866
6259,44.866
6260,44.866
6261,44.866
6262,44.866
6263,44.866
6264,44.866
6265,44.866
6266,44.866
6267,44.866
6268,44.866
6269,44.866
6270,44.866
6271,44.866
6272,44.866
6273,44.866
6274,44.866
6275,44.866
6276,44.866
6277,44.866
6278,44.866
6279,44.866
6280,44.866
6281,44.866
6282,44.866
6283,44.866
6284,44.866
6285,44.866
6286,44.866
6287,44.866
6288,44.866
6289,44.866
6290,44.866
6291,44.866
6292,44.866
6293,44.866
6294,44.866
6295,44.866
6296,44.866
6297,44.866
6298,44.866
6299,44.866
6300,44.866
6301,44.866
6302,44.866
6303,44.866
6304,44.866
6305,44.866
6306,44.866
6307,44.866
6308,44.866
6309,44.866
6310,44.866
6311,44.866
6312,44.866
6313,44.866
6314,44.866
6315,44.866
6316,44.866
6317,44.866
6318,44.866
6319,44.866
6320,44.866
6321,44.866
6322,44.866
6323,44.866
6324,44.866
6325,44.866
6326,44.866
6327,44.866
6328,44.866
6329,44.866
6330,44.866
6331,44.866
6332,44.866
6333,44.866
6334,44.866
6335,44.866
6336,44.866
6337,44.866
6338,44.866
6339,44.866
6340,44.866
6341,44.866
6342,44.866
6343,44.866
6344,44.866
6345,44.866
6346,44.866
6347,44.866
6348,44.866
6349,44.866
6350,44.866
6351,44.866
6352,44.866
6353,44.866
6354,44.866
6355,44.866
6356,44.866
6357,44.866
6358,44.866
6359,44.866
6360,44.866
6361,44.866
6362,44.866
6363,44.866
6364,44.866
6365,44.866
6366,44.866
6367,44.866
6368,44.866
6369,44.866
6370,44.866
6371,44.866
6372,44.866
6373,44.866
6374,44.866
6375,44.866
6376,44.866
6377,44.866
6378,44.866
6379,44.866
6380,44.866
6381,44.866
6382,44.866
6383,44.866
6384,44.866
6385,44.866
6386,44.866
6387,44.866
6388,44.866
6389,44.866
6390,44.866
6391,44.866
6392,44.866
6393,44.866
6394,44.866
6395,44.866
6396,44.866
6397,44.866
6398,44.866
6399,44.866
6400,44.866
6401,44.866
6402,44.866
6403,44.866
6404,44.866
6405,44.866
6406,44.866
6407,44.866
6408,44.866
6409,44.866
6410,44.866
6411,44.866
6412,44.866
6413,44.866
6414,44.866
6415,44.866
6416,44.866
6417,44.866
6418,44.866
6419,44.866
6420,44.866
6421,44.866
6422,44.866
6423,44.866
6424,44.866
6425,44.866
6426,44.866
6427,44.866
6428,44.866
6429,44.866
6430,44.866
6431,44.866
6432,44.866
6433,44.866
6434,44.866
6435,44.866
6436,44.866
6437,44.866
6438,44.866
6439,44.866
6440,44.866
6441,44.866
6442,44.866
6443,44.866
6444,44.866
6445,44.866
6446,44.866
6447,44.866
6448,44.866
6449,44.866
6450,44.866
6451,44.866
6452,44.866
6453,44.866
6454,44.866
6455,44.866
6456,44.866
6457,44.866
6458,44.866
6459,44.866
6460,44.866
6461,44.866
6462,44.866
6463,44.866
6464,44.866
6465,44.866
6466,44.866
6467,44.866
6468,44.866
6469,44.866
6470,44.866
6471,44.866
6472,44.866
6473,44.866
6474,44.866
6475,44.866
6476,44.866
6477,44.866
6478,44.866
6479,44.866
6480,44.866
6481,44.866
6482,44.866
6483,44.866
6484,44.866
6485,44.866
6486,44.866
6487,44.866
6488,44.866
6489,44.866
6490,44.866
6491,44.866
6492,44.866
6493,44.866
6494,44.866
6495,44.866
6496,44.866
6497,44.866
6498,44.866
6499,44.866
6500,44.866
6501,44.866
6502,44.866
6503,44.866
6504,44.866
6505,44.866
6506,44.866
6507,44.866
6508,44.866
6509,44.866
6510,44.866
6511,44.866
6512,44.866
6513,44.866
6514,44.866
6515,44.866
6516,44.866
6517,44.866
6518,44.866
6519,44.866
6520,44.866
6521,44.866
6522,44.866
6523,44.866
6524,44.866
6525,44.866
6526,44.866
6527,44.866
6528,44.866
6529,44.866
6530,44.866
6531,44.866
6532,44.866
6533,44.866
6534,44.866
6535,44.866
6536,44.866
6537,44.866
6538,44.866
6539,44.866
6540,44.866
6541,44.866
6542,44.866
6543,44.866
6544,44.866
6545,44.866
6546,44.866
6547,44.866
6548,44.866
6549,44.866
6550,44.866
6551,44.866
6552,44.866
6553,44.866
6554,44.866
6555,44.866
6556,44.866
6557,44.866
6558,44.866
6559,44.866
6560,44.866
6561,44.866
6562,44.866
6563,44.866
6564,44.866
6565,44.866
6566,44.866
6567,44.866
6568,44.866
6569,44.866
6570,44.866
6571,44.866
6572,44.866
6573,44.866
6574,44.866
6575,44.866
6576,44.866
6577,44.866
6578,44.866
6579,44.866
6580,44.866
6581,44.866
6582,44.866
6583,44.866
6584,44.866
6585,44.866
6586,44.866
6587,44.866
6588,44.866
6589,44.866
6590,44.866
6591,44.866
6592,44.866
6593,44.866
6594,44.866
6595,44.866
6596,44.866
6597,44.866
6598,44.866
6599,44.866
6600,44.866
6601,44.866
6602,44.866
6603,44.866
6604,44.866
6605,44.866
6606,44.866
6607,44.866
6608,44.866
6609,44.866
6610,44.866
6611,44.866
6612,44.866
6613,44.866
6614,44.866
6615,44.866
6616,44.866
6617,44.866
6618,44.866
6619,44.866
6620,44.866
6621,44.866
6622,44.866
6623,44.866
6624,44.866
6625,44.866
6626,44.866
6627,44.866
6628,44.866
6629,44.866
6630,44.866
6631,44.866
6632,44.866
6633,44.866
6634,44.866
6635,44.866
6636,44.866
6637,44.866
6638,44.866
6639,44.866
6640,44.866
6641,44.866
6642,44.866
6643,44.866
6644,44.866
6645,44.866
6646,44.866
6647,44.866
6648,44.866
6649,44.866
6650,44.866
6651,44.866
6652,44.866
6653,44.866
6654,44.866
6655,44.866
6656,44.866
6657,44.866
6658,44.866
6659,44.866
6660,44.866
6661,44.866
6662,44.866
6663,44.866
6664,44.866
6665,44.866
6666,44.866
6667,44.866
6668,44.866
6669,44.866
6670,44.866
6671,44.866
6672,44.866
6673,44.866
6674,44.866
6675,44.866
6676,44.866
6677,44.866
6678,44.866
6679,44.866
6680,44.866
6681,44.866
6682,44.866
6683,44.866
6684,44.866
6685,44.866
6686,44.866
6687,44.866
6688,44.866
6689,44.866
6690,44.866
6691,44.866
6692,44.866
6693,44.866
6694,44.866
6695,44.866
6696,44.866
6697,44.866
6698,44.866
6699,44.866
6700,44.866
6701,44.866
6702,44.866
6703,44.866
6704,44.866
6705,44.866
6706,44.866
6707,44.866
6708,44.866
6709,44.866
6710,44.866
6711,44.866
6712,44.866
6713,44.866
6714,44.866
6715,44.866
6716,44.866
6717,44.866
6718,44.866
6719,44.866
6720,44.866
6721,44.866
6722,44.866
6723,44.866
6724,44.866
6725,44.866
6726,44.866
6727,44.866
6728,44.866
6729,44.866
6730,44.866
6731,44.866
6732,44.866
6733,44.866
6734,44.866
6735,44.866
6736,44.866
6737,44.866
6738,44.866
6739,44.866
6740,44.866
6741,44.866
6742,44.866
6743,44.866
6744,44.866
6745,44.866
6746,44.866
6747,44.866
6748,44.866
6749,44.866
6750,44.866
6751,44.866
6752,44.866
6753,44.866
6754,44.866
6755,44.866
6756,44.866
6757,44.866
6758,44.866
6759,44.866
6760,44.866
6761,44.866
6762,44.866
6763,44.866
6764,44.866
6765,44.866
6766,44.866
6767,44.866
6768,44.866
6769,44.866
6770,44.866
6771,44.866
6772,44.866
6773,44.866
6774,44.866
6775,44.866
6776,44.866
6777,44.866
6778,44.866
6779,44.866
6780,44.866
6781,44.866
6782,44.866
6783,44.866
6784,44.866
6785,44.866
6786,44.866
6787,44.866
6788,44.866
6789,44.866
6790,44.866
6791,44.866
6792,44.866
6793,44.866
6794,44.866
6795,44.866
6796,44.866
6797,44.866
6798,44.866
6799,44.866
6800,44.866
6801,44.866
6802,44.866
6803,44.866
6804,44.866
6805,44.866
6806,44.866
6807,44.866
6808,44.866
6809,44.866
6810,44.866
6811,44.866
6812,44.866
6813,44.866
6814,44.866
6815,44.866
6816,44.866
6817,44.866
6818,44.866
6819,44.866
6820,44.866
6821,44.866
6822,44.866
6823,44.866
6824,44.866
6825,44.866
6826,44.866
6827,44.866
6828,44.866
6829,44.866
6830,44.866
6831,44.866
6832,44.866
6833,44.866
6834,44.866
6835,44.866
6836,44.866
6837,44.866
6838,44.866
6839,44.866
6840,44.866
6841,44.866
6842,44.866
6843,44.866
6844,44.866
6845,44.866
6846,44.866
6847,44.866
6848,44.866
6849,44.866
6850,44.866
6851,44.866
6852,44.866
6853,44.866
6854,44.866
6855,44.866
6856,44.866
6857,44.866
6858,44.866
6859,44.866
6860,44.866
6861,44.866
6862,44.866
6863,44.866
6864,44.866
6865,44.866
6866,44.866
6867,44.866
6868,44.866
6869,44.866
6870,44.866
6871,44.866
6872,44.866
6873,44.866
6874,44.866
6875,44.866
6876,44.866
6877,44.866
6878,44.866
6879,44.866
6880,44.866
6881,44.866
6882,44.866
6883,44.866
6884,44.866
6885,44.866
6886,44.866
6887,44.866
6888,44.866
6889,44.866
6890,44.866
6891,44.866
6892,44.866
6893,44.866
6894,44.866
6895,44.866
6896,44.866
6897,44.866
6898,44.866
6899,44.866
6900,44.866
6901,44.866
6902,44.866
6903,44.866
6904,44.866
6905,44.866
6906,44.866
6907,44.866
6908,44.866
6909,44.866
6910,44.866
6911,44.866
6912,44.866
6913,44.866
6914,44.866
6915,44.866
6916,44.866
6917,44.866
6918,44.866
6919,44.866
6920,44.866
6921,44.866
6922,44.866
6923,44.866
6924,44.866
6925,44.866
6926,44.866
6927,44.866
6928,44.866
6929,44.866
6930,44.866
6931,44.866
6932,44.866
6933,44.866
6934,44.866
6935,44.866
6936,44.866
6937,44.866
6938,44.866
6939,44.866
6940,44.866
6941,44.866
6942,44.866
6943,44.866
6944,44.866
6945,44.866
6946,44.866
6947,44.866
6948,44.866
6949,44.866
6950,44.866
6951,44.866
6952,44.866
6953,44.866
6954,44.866
6955,44.866
6956,44.866
6957,44.866
6958,44.866
6959,44.866
6960,44.866
6961,44.866
6962,44.866
6963,44.866
6964,44.866
6965,44.866
6966,44.866
6967,44.866
6968,44.866
6969,44.866
6970,44.866
6971,44.866
6972,44.866
6973,44.866
6974,44.866
6975,44.866
6976,44.866
6977,44.866
6978,44.866
6979,44.866
6980,44.866
6981,44.866
6982,44.866
6983,44.866
6984,44.866
6985,44.866
6986,44.866
6987,44.866
6988,44.866
6989,44.866
6990,44.866
6991,44.866
6992,44.866
6993,44.866
6994,44.866
6995,44.866
6996,44.866
6997,44.866
6998,44.866
6999,44.866
7000,44.866
7001,44.866
7002,44.866
7003,44.866
7004,44.866
7005,44.866
7006,44.866
7007,44.866
7008,44.866
7009,44.866
7010,44.866
7011,44.866
7012,44.866
7013,44.866
7014,44.866
7015,44.866
7016,44.866
7017,44.866
7018,44.866
7019,44.866
7020,44.866
7021,44.866
7022,44.866
7023,44.866
7024,44.866
7025,44.866
7026,44.866
7027,44.866
7028,44.866
7029,44.866
7030,44.866
7031,44.866
7032,44.866
7033,44.866
7034,44.866
7035,44.866
7036,44.866
7037,44.866
7038,44.866
7039,44.866
7040,44.866
7041,44.866
7042,44.866
7043,44.866
7044,44.866
7045,44.866
7046,44.866
7047,44.866
7048,44.866
7049,44.866
7050,44.866
7051,44.866
7052,44.866
7053,44.866
7054,44.866
7055,44.866
7056,44.866
7057,44.866
7058,44.866
7059,44.866
7060,44.866
7061,44.866
7062,44.866
7063,44.866
7064,44.866
7065,44.866
7066,44.866
7067,44.866
7068,44.866
7069,44.866
7070,44.866
7071,44.866
7072,44.866
7073,44.866
7074,44.866
7075,44.866
7076,44.866
7077,44.866
7078,44.866
7079,44.866
7080,44.866
7081,44.866
7082,44.866
7083,44.866
7084,44.866
7085,44.866
7086,44.866
7087,44.866
7088,44.866
7089,44.866
7090,44.866
7091,44.866
7092,44.866
7093,44.866
7094,44.866
7095,44.866
7096,44.866
7097,44.866
7098,44.866
7099,44.866
7100,44.866
7101,44.866
7102,44.866
7103,44.866
7104,44.866
7105,44.866
7106,44.866
7107,44.866
7108,44.866
7109,44.866
7110,44.866
7111,44.866
7112,44.866
7113,44.866
7114,44.866
7115,44.866
7116,44.866
7117,44.866
7118,44.866
7119,44.866
7120,44.866
7121,44.866
7122,44.866
7123,44.866
7124,44.866
7125,44.866
7126,44.866
7127,44.866
7128,44.866
7129,44.866
7130,44.866
7131,44.866
7132,44.866
7133,44.866
7134,44.866
7135,44.866
7136,44.866
7137,44.866
7138,44.866
7139,44.866
7140,44.866
7141,44.866
7142,44.866
7143,44.866
7144,44.866
7145,44.866
7146,44.866
7147,44.866
7148,44.866
7149,44.866
7150,44.866
7151,44.866
7152,44.866
7153,44.866
7154,44.866
7155,44.866
7156,44.866
7157,44.866
7158,44.866
7159,44.866
7160,44.866
7161,44.866
7162,44.866
7163,44.866
7164,44.866
7165,44.866
7166,44.866
7167,44.866
7168,44.866
7169,44.866
7170,44.866
7171,44.866
7172,44.866
7173,44.866
7174,44.866
7175,44.866
7176,44.866
7177,44.866
7178,44.866
7179,44.866
7180,44.866
7181,44.866
7182,44.866
7183,44.866
7184,44.866
7185,44.866
7186,44.866
7187,44.866
7188,44.866
7189,44.866
7190,44.866
7191,44.866
7192,44.866
7193,44.866
7194,44.866
7195,44.866
7196,44.866
7197,44.866
7198,44.866
7199,44.866
7200,44.866
7201,44.866
7202,44.866
7203,44.866
7204,44.866
7205,44.866
7206,44.866
7207,44.866
7208,44.866
7209,44.866
7210,44.866
7211,44.866
7212,44.866
7213,44.866
7214,44.866
7215,44.866
7216,44.866
7217,44.866
7218,44.866
7219,44.866
7220,44.866
7221,44.866
7222,44.866
7223,44.866
7224,44.866
7225,44.866
7226,44.866
7227,44.866
7228,44.866
7229,44.866
7230,44.866
7231,44.866
7232,44.866
7233,44.866
7234,44.866
7235,44.866
7236,44.866
7237,44.866
7238,44.866
7239,44.866
7240,44.866
7241,44.866
7242,44.866
7243,44.866
7244,44.866
7245,44.866
7246,44.866
7247,44.866
7248,44.866
7249,44.866
7250,44.866
7251,44.866
7252,44.866
7253,44.866
7254,44.866
7255,44.866
7256,44.866
7257,44.866
7258,44.866
7259,44.866
7260,44.866
7261,44.866
7262,44.866
7263,44.866
7264,44.866
7265,44.866
7266,44.866
7267,44.866
7268,44.866
7269,44.866
7270,44.866
7271,44.866
7272,44.866
7273,44.866
7274,44.866
7275,44.866
7276,44.866
7277,44.866
7278,44.866
7279,44.866
7280,44.866
7281,44.866
7282,44.866
7283,44.866
7284,44.866
7285,44.866
7286,44.866
7287,44.866
7288,44.866
7289,44.866
7290,44.866
7291,44.866
7292,44.866
7293,44.866
7294,44.866
7295,44.866
7296,44.866
7297,44.866
7298,44.866
7299,44.866
7300,44.866
7301,44.866
7302,44.866
7303,44.866
7304,44.866
7305,44.866
7306,44.866
7307,44.866
7308,44.866
7309,44.866
7310,44.866
7311,44.866
7312,44.866
7313,44.866
7314,44.866
7315,44.866
7316,44.866
7317,44.866
7318,44.866
7319,44.866
7320,44.866
7321,44.866
7322,44.866
7323,44.866
7324,44.866
7325,44.866
7326,44.866
7327,44.866
7328,44.866
7329,44.866
7330,44.866
7331,44.866
7332,44.866
7333,44.866
7334,44.866
7335,44.866
7336,44.866
7337,44.866
7338,44.866
7339,44.866
7340,44.866
7341,44.866
7342,44.866
7343,44.866
7344,44.866
7345,44.866
7346,44.866
7347,44.866
7348,44.866
7349,44.866
7350,44.866
7351,44.866
7352,44.866
7353,44.866
7354,44.866
7355,44.866
7356,44.866
7357,44.866
7358,44.866
7359,44.866
7360,44.866
7361,44.866
7362,44.866
7363,44.866
7364,44.866
7365,44.866
7366,44.866
7367,44.866
7368,44.866
7369,44.866
7370,44.866
7371,44.866
7372,44.866
7373,44.866
7374,44.866
7375,44.866
7376,44.866
7377,44.866
7378,44.866
7379,44.866
7380,44.866
7381,44.866
7382,44.866
7383,44.866
7384,44.866
7385,44.866
7386,44.866
7387,44.866
7388,44.866
7389,44.866
7390,44.866
7391,44.866
7392,44.866
7393,44.866
7394,44.866
7395,44.866
7396,44.866
7397,44.866
7398,44.866
7399,44.866
7400,44.866
7401,44.866
7402,44.866
7403,44.866
7404,44.866
7405,44.866
7406,44.866
7407,44.866
7408,44.866
7409,44.866
7410,44.866
7411,44.866
7412,44.866
7413,44.866
7414,44.866
7415,44.866
7416,44.866
7417,44.866
7418,44.866
7419,44.866
7420,44.866
7421,44.866
7422,44.866
7423,44.866
7424,44.866
7425,44.866
7426,44.866
7427,44.866
7428,44.866
7429,44.866
7430,44.866
7431,44.866
7432,44.866
7433,44.866
7434,44.866
7435,44.866
7436,44.866
7437,44.866
7438,44.866
7439,44.866
7440,44.866
7441,44.866
7442,44.866
7443,44.866
7444,44.866
7445,44.866
7446,44.866
7447,44.866
7448,44.866
7449,44.866
7450,44.866
7451,44.866
7452,44.866
7453,44.866
7454,44.866
7455,44.866
7456,44.866
7457,44.866
7458,44.866
7459,44.866
7460,44.866
7461,44.866
7462,44.866
7463,44.866
7464,44.866
7465,44.866
7466,44.866
7467,44.866
7468,44.866
7469,44.866
7470,44.866
7471,44.866
7472,44.866
7473,44.866
7474,44.866
7475,44.866
7476,44.866
7477,44.866
7478,44.866
7479,44.866
7480,44.866
7481,44.866
7482,44.866
7483,44.866
7484,44.866
7485,44.866
7486,44.866
7487,44.866
7488,44.866
7489,44.866
7490,44.866
7491,44.866
7492,44.866
7493,44.866
7494,44.866
7495,44.866
7496,44.866
7497,44.866
7498,44.866
7499,44.866
7500,44.866
7501,44.866
7502,44.866
7503,44.866
7504,44.866
7505,44.866
7506,44.866
7507,44.866
7508,44.866
7509,44.866
7510,44.866
7511,44.866
7512,44.866
7513,44.866
7514,44.866
7515,44.866
7516,44.866
7517,44.866
7518,44.866
7519,44.866
7520,44.866
7521,44.866
7522,44.866
7523,44.866
7524,44.866
7525,44.866
7526,44.866
7527,44.866
7528,44.866
7529,44.866
7530,44.866
7531,44.866
7532,44.866
7533,44.866
7534,44.866
7535,44.866
7536,44.866
7537,44.866
7538,44.866
7539,44.866
7540,44.866
7541,44.866
7542,44.866
7543,44.866
7544,44.866
7545,44.866
7546,44.866
7547,44.866
7548,44.866
7549,44.866
7550,44.866
7551,44.866
7552,44.866
7553,44.866
7554,44.866
7555,44.866
7556,44.866
7557,44.866
7558,44.866
7559,44.866
7560,44.866
7561,44.866
7562,44.866
7563,44.866
7564,44.866
7565,44.866
7566,44.866
7567,44.866
7568,44.866
7569,44.866
7570,44.866
7571,44.866
7572,44.866
7573,44.866
7574,44.866
7575,44.866
7576,44.866
7577,44.866
7578,44.866
7579,44.866
7580,44.866
7581,44.866
7582,44.866
7583,44.866
7584,44.866
7585,44.866
7586,44.866
7587,44.866
7588,44.866
7589,44.866
7590,44.866
7591,44.866
7592,44.866
7593,44.866
7594,44.866
7595,44.866
7596,44.866
7597,44.866
7598,44.866
7599,44.866
7600,44.866
7601,44.866
7602,44.866
7603,44.866
7604,44.866
7605,44.866
7606,44.866
7607,44.866
7608,44.866
7609,44.866
7610,44.866
7611,44.866
7612,44.866
7613,44.866
7614,44.866
7615,44.866
7616,44.866
7617,44.866
7618,44.866
7619,44.866
7620,44.866
7621,44.866
7622,44.866
7623,44.866
7624,44.866
7625,44.866
7626,44.866
7627,44.866
7628,44.866
7629,44.866
7630,44.866
7631,44.866
7632,44.866
7633,44.866
7634,44.866
7635,44.866
7636,44.866
7637,44.866
7638,44.866
7639,44.866
7640,44.866
7641,44.866
7642,44.866
7643,44.866
7644,44.866
7645,44.866
7646,44.866
7647,44.866
7648,44.866
7649,44.866
7650,44.866
7651,44.866
7652,44.866
7653,44.866
7654,44.866
7655,44.866
7656,44.866
7657,44.866
7658,44.866
7659,45.139
7660,45.139
7661,45.139
7662,45.139
7663,45.139
7664,45.139
7665,45.139
7666,45.139
7667,45.139
7668,45.139
7669,45.139
7670,45.139
7671,45.139
7672,45.139
7673,45.139
7674,45.139
7675,45.139
7676,45.139
7677,45.139
7678,45.139
7679,45.412
7680,45.412
7681,45.412
7682,45.412
7683,45.412
7684,45.412
7685,45.412
7686,45.412
7687,45.412
7688,45.412
7689,45.412
7690,45.412
7691,45.412
7692,45.412
7693,45.412
7694,45.412
7695,45.412
7696,45.412
7697,45.412
7698,45.412
7699,45.412
7700,45.412
7701,45.412
7702,45.412
7703,45.412
7704,45.412
7705,45.412
7706,45.412
7707,45.412
7708,45.412
7709,45.412
7710,45.412
7711,45.412
7712,45.412
7713,45.412
7714,45.412
7715,45.412
7716,45.412
7717,45.412
7718,45.412
7719,45.139
7720,45.139
7721,45.139
7722,45.139
7723,45.139
7724,45.139
7725,45.139
7726,45.139
7727,45.139
7728,45.139
7729,45.139
7730,45.139
7731,45.139
7732,45.139
7733,45.139
7734,45.139
7735,45.139
7736,45.139
7737,45.139
7738,45.139
7739,48.376
7740,48.376
7741,48.376
7742,48.376
7743,48.376
7744,48.376
7745,48.376
7746,48.376
7747,48.376
7748,48.376
7749,48.376
7750,48.376
7751,48.376
7752,48.376
7753,48.376
7754,48.376
7755,48.376
7756,48.376
7757,48.376
7758,48.376
7759,51.012
7760,51.012
7761,51.012
7762,51.012
7763,51.012
7764,51.012
7765,51.012
7766,51.012
7767,51.012
7768,51.012
7769,51.012
7770,51.012
7771,51.012
7772,51.012
7773,51.012
7774,51.012
7775,51.012
7776,51.012
7777,51.012
7778,51.012
7779,53.375
7780,53.375
7781,53.375
7782,53.375
7783,53.375
7784,53.375
7785,53.375
7786,53.375
7787,53.375
7788,53.375
7789,53.375
7790,53.375
7791,53.375
7792,53.375
7793,53.375
7794,53.375
7795,53.375
7796,53.375
7797,53.375
7798,53.375
7799,53.976
7800,53.976
7801,53.976
7802,53.976
7803,53.976
7804,53.976
7805,53.976
7806,53.976
7807,53.976
7808,53.976
7809,53.976
7810,53.976
7811,53.976
7812,53.976
7813,53.976
7814,53.976
7815,53.976
7816,53.976
7817,53.976
7818,53.976
7819,53.976
7820,51.62
7821,51.62
7822,51.62
7823,51.62
7824,51.62
7825,51.62
7826,51.62
7827,51.62
7828,51.62
7829,51.62
7830,51.62
7831,51.62
7832,51.62
7833,51.62
7834,51.62
7835,51.62
7836,51.62
7837,51.62
7838,51.62
7839,51.62
7840,51.34
7841,51.34
7842,51.34
7843,51.34
7844,51.34
7845,51.34
7846,51.34
7847,51.34
7848,51.34
7849,51.34
7850,51.34
7851,51.34
7852,51.34
7853,51.34
7854,51.34
7855,51.34
7856,51.34
7857,51.34
7858,51.34
7859,51.34
7860,52.221
7861,52.221
7862,52.221
7863,52.221
7864,52.221
7865,52.221
7866,52.221
7867,52.221
7868,52.221
7869,52.221
7870,52.221
7871,52.221
7872,52.221
7873,52.221
7874,52.221
7875,52.221
7876,52.221
7877,52.221
7878,52.221
7879,52.221
7880,52.494
7881,52.494
7882,52.494
7883,52.494
7884,52.494
7885,52.494
7886,52.494
7887,52.494
7888,52.494
7889,52.494
7890,52.494
7891,52.494
7892,52.494
7893,52.494
7894,52.494
7895,52.494
7896,52.494
7897,52.494
7898,52.494
7899,52.494
7900,51.34
7901,51.34
7902,51.34
7903,51.34
7904,51.34
7905,51.34
7906,51.34
7907,51.34
7908,51.34
7909,51.34
7910,51.34
7911,51.34
7912,51.34
7913,51.34
7914,51.34
7915,51.34
7916,51.34
7917,51.34
7918,51.34
7919,51.34
7920,51.34
7921,51.34
7922,51.34
7923,51.34
7924,51.34
7925,51.34
7926,51.34
7927,51.34
7928,51.34
7929,51.34
7930,51.34
7931,51.34
7932,51.34
7933,51.34
7934,51.34
7935,51.34
7936,51.34
7937,51.34
7938,51.34
7939,51.34
7940,50.739
7941,50.739
7942,50.739
7943,50.739
7944,50.739
7945,50.739
7946,50.739
7947,50.739
7948,50.739
7949,50.739
7950,50.739
7951,50.739
7952,50.739
7953,50.739
7954,50.739
7955,50.739
7956,50.739
7957,50.739
7958,50.739
7959,50.739
7960,50.739
7961,50.739
7962,50.739
7963,50.739
7964,50.739
7965,50.739
7966,50.739
7967,50.739
7968,50.739
7969,50.739
7970,50.739
7971,50.739
7972,50.739
7973,50.739
7974,50.739
7975,50.739
7976,50.739
7977,50.739
7978,50.739
7979,50.739
7980,50.739
7981,50.466
7982,50.466
7983,50.466
7984,50.466
7985,50.466
7986,50.466
7987,50.466
7988,50.466
7989,50.466
7990,50.466
7991,50.466
7992,50.466
7993,50.466
7994,50.466
7995,50.466
7996,50.466
7997,50.466
7998,50.466
7999,50.466
8000,50.466
8001,50.466
8002,50.466
8003,50.466
8004,50.466
8005,50.466
8006,50.466
8007,50.466
8008,50.466
8009,50.466
8010,50.466
8011,50.466
8012,50.466
8013,50.466
8014,50.466
8015,50.466
8016,50.466
8017,50.466
8018,50.466
8019,50.466
8020,50.466
8021,50.466
8022,50.466
8023,50.466
8024,50.466
8025,50.466
8026,50.466
8027,50.466
8028,50.466
8029,50.466
8030,50.466
8031,50.466
8032,50.466
8033,50.466
8034,50.466
8035,50.466
8036,50.466
8037,50.466
8038,50.466
8039,50.466
8040,50.466
8041,50.466
8042,50.466
8043,50.466
8044,50.466
8045,50.466
8046,50.466
8047,50.466
8048,50.466
8049,50.466
8050,50.466
8051,50.466
8052,50.466
8053,50.466
8054,50.466
8055,50.466
8056,50.466
8057,50.466
8058,50.466
8059,50.466
8060,50.466
8061,51.012
8062,51.012
8063,51.012
8064,51.012
8065,51.012
8066,51.012
8067,51.012
8068,51.012
8069,51.012
8070,51.012
8071,51.012
8072,51.012
8073,51.012
8074,51.012
8075,51.012
8076,51.012
8077,51.012
8078,51.012
8079,51.012
8080,51.012
8081,50.466
8082,50.466
8083,50.466
8084,50.466
8085,50.466
8086,50.466
8087,50.466
8088,50.466
8089,50.466
8090,50.466
8091,50.466
8092,50.466
8093,50.466
8094,50.466
8095,50.466
8096,50.466
8097,50.466
8098,50.466
8099,50.466
8100,50.466
8101,50.466
8102,50.466
8103,50.466
8104,50.466
8105,50.466
8106,50.466
8107,50.466
8108,50.466
8109,50.466
8110,50.466
8111,50.466
8112,50.466
8113,50.466
8114,50.466
8115,50.466
8116,50.466
8117,50.466
8118,50.466
8119,50.466
8120,50.466
8121,50.466
8122,50.466
8123,50.466
8124,50.466
8125,50.466
8126,50.466
8127,50.466
8128,50.466
8129,50.466
8130,50.466
8131,50.466
8132,50.466
8133,50.466
8134,50.466
8135,50.466
8136,50.466
8137,50.466
8138,50.466
8139,50.466
8140,50.466
8141,50.466
8142,50.466
8143,50.466
8144,50.466
8145,50.466
8146,50.466
8147,50.466
8148,50.466
8149,50.466
8150,50.466
8151,50.466
8152,50.466
8153,50.466
8154,50.466
8155,50.466
8156,50.466
8157,50.466
8158,50.466
8159,50.466
8160,50.466
8161,50.466
8162,51.012
8163,51.012
8164,51.012
8165,51.012
8166,51.012
8167,51.012
8168,51.012
8169,51.012
8170,51.012
8171,51.012
8172,51.012
8173,51.012
8174,51.012
8175,51.012
8176,51.012
8177,51.012
8178,51.012
8179,51.012
8180,51.012
8181,51.012
8182,50.739
8183,50.739
8184,50.739
8185,50.739
8186,50.739
8187,50.739
8188,50.739
8189,50.739
8190,50.739
8191,50.739
8192,50.739
8193,50.739
8194,50.739
8195,50.739
8196,50.739
8197,50.739
8198,50.739
8199,50.739
8200,50.739
8201,50.739
8202,50.466
8203,50.466
8204,50.466
8205,50.466
8206,50.466
8207,50.466
8208,50.466
8209,50.466
8210,50.466
8211,50.466
8212,50.466
8213,50.466
8214,50.466
8215,50.466
8216,50.466
8217,50.466
8218,50.466
8219,50.466
8220,50.466
8221,50.466
8222,50.466
8223,50.466
8224,50.466
8225,50.466
8226,50.466
8227,50.466
8228,50.466
8229,50.466
8230,50.466
8231,50.466
8232,50.466
8233,50.466
8234,50.466
8235,50.466
8236,50.466
8237,50.466
8238,50.466
8239,50.466
8240,50.466
8241,50.466
8242,52.829
8243,52.829
8244,52.829
8245,52.829
8246,52.829
8247,52.829
8248,52.829
8249,52.829
8250,52.829
8251,52.829
8252,52.829
8253,52.829
8254,52.829
8255,52.829
8256,52.829
8257,52.829
8258,52.829
8259,52.829
8260,52.829
8261,52.829
8262,53.102
8263,53.102
8264,53.102
8265,53.102
8266,53.102
8267,53.102
8268,53.102
8269,53.102
8270,53.102
8271,53.102
8272,53.102
8273,53.102
8274,53.102
8275,53.102
8276,53.102
8277,53.102
8278,53.102
8279,53.102
8280,53.102
8281,53.102
8282,69.904
8283,69.904
8284,69.904
8285,69.904
8286,69.904
8287,69.904
8288,69.904
8289,69.904
8290,69.904
8291,69.904
8292,69.904
8293,69.904
8294,69.904
8295,69.904
8296,69.904
8297,69.904
8298,69.904
8299,69.904
8300,69.904
8301,69.904
8302,69.631
8303,69.631
8304,69.631
8305,69.631
8306,69.631
8307,69.631
8308,69.631
8309,69.631
8310,69.631
8311,69.631
8312,69.631
8313,69.631
8314,69.631
8315,69.631
8316,69.631
8317,69.631
8318,69.631
8319,69.631
8320,69.631
8321,69.631
8322,60.185
8323,60.185
8324,60.185
8325,60.185
8326,60.185
8327,60.185
8328,60.185
8329,60.185
8330,60.185
8331,60.185
8332,60.185
8333,60.185
8334,60.185
8335,60.185
8336,60.185
8337,60.185
8338,60.185
8339,60.185
8340,60.185
8341,60.185
8342,60.458
8343,60.458
8344,60.458
8345,60.458
8346,60.458
8347,60.458
8348,60.458
8349,60.458
8350,60.458
8351,60.458
8352,60.458
8353,60.458
8354,60.458
8355,60.458
8356,60.458
8357,60.458
8358,60.458
8359,60.458
8360,60.458
8361,60.458
8362,74.623
8363,74.623
8364,74.623
8365,74.623
8366,74.623
8367,74.623
8368,74.623
8369,74.623
8370,74.623
8371,74.623
8372,74.623
8373,74.623
8374,74.623
8375,74.623
8376,74.623
8377,74.623
8378,74.623
8379,74.623
8380,74.623
8381,74.623
8382,74.623
8383,75.832
8384,75.832
8385,75.832
8386,75.832
8387,75.832
8388,75.832
8389,75.832
8390,75.832
8391,75.832
8392,75.832
8393,75.832
8394,75.832
8395,75.832
8396,75.832
8397,75.832
8398,75.832
8399,75.832
8400,75.832
8401,75.832
8402,75.832
8403,77.922
8404,77.922
8405,77.922
8406,77.922
8407,77.922
8408,77.922
8409,77.922
8410,77.922
8411,77.922
8412,77.922
8413,77.922
8414,77.922
8415,77.922
8416,77.922
8417,77.922
8418,77.922
8419,77.922
8420,77.922
8421,77.922
8422,77.922
8423,76.986
8424,76.986
8425,76.986
8426,76.986
8427,76.986
8428,76.986
8429,76.986
8430,76.986
8431,76.986
8432,76.986
8433,76.986
8434,76.986
8435,76.986
8436,76.986
8437,76.986
8438,76.986
8439,76.986
8440,76.986
8441,76.986
8442,76.986
8443,78.195
8444,78.195
8445,78.195
8446,78.195
8447,78.195
8448,78.195
8449,78.195
8450,78.195
8451,78.195
8452,78.195
8453,78.195
8454,78.195
8455,78.195
8456,78.195
8457,78.195
8458,78.195
8459,78.195
8460,78.195
8461,78.195
8462,78.195
8463,78.195
8464,78.195
8465,78.195
8466,78.195
8467,78.195
8468,78.195
8469,78.195
8470,78.195
8471,78.195
8472,78.195
8473,78.195
8474,78.195
8475,78.195
8476,78.195
8477,78.195
8478,78.195
8479,78.195
8480,78.195
8481,78.195
8482,78.195
8483,78.195
8484,78.195
8485,78.195
8486,78.195
8487,78.195
8488,78.195
8489,78.195
8490,78.195
8491,78.195
8492,78.195
8493,78.195
8494,78.195
8495,78.195
8496,78.195
8497,78.195
8498,78.195
8499,78.195
8500,78.195
8501,78.195
8502,78.195
8503,86.159
8504,86.159
8505,86.159
8506,86.159
8507,86.159
8508,86.159
8509,86.159
8510,86.159
8511,86.159
8512,86.159
8513,86.159
8514,86.159
8515,86.159
8516,86.159
8517,86.159
8518,86.159
8519,86.159
8520,86.159
8521,86.159
8522,86.159
8523,109.769
8524,109.769
8525,109.769
8526,109.769
8527,109.769
8528,109.769
8529,109.769
8530,109.769
8531,109.769
8532,109.769
8533,109.769
8534,109.769
8535,109.769
8536,109.769
8537,109.769
8538,109.769
8539,109.769
8540,109.769
8541,109.769
8542,109.769
8543,110.978
8544,110.978
8545,110.978
8546,110.978
8547,110.978
8548,110.978
8549,110.978
8550,110.978
8551,110.978
8552,110.978
8553,110.978
8554,110.978
8555,110.978
8556,110.978
8557,110.978
8558,110.978
8559,110.978
8560,110.978
8561,110.978
8562,110.978
8563,115.978
8564,115.978
8565,115.978
8566,115.978
8567,115.978
8568,115.978
8569,115.978
8570,115.978
8571,115.978
8572,115.978
8573,115.978
8574,115.978
8575,115.978
8576,115.978
8577,115.978
8578,115.978
8579,115.978
8580,115.978
8581,115.978
8582,115.978
8583,115.978
8584,112.733
8585,112.733
8586,112.733
8587,112.733
8588,112.733
8589,112.733
8590,112.733
8591,112.733
8592,112.733
8593,112.733
8594,112.733
8595,112.733
8596,112.733
8597,112.733
8598,112.733
8599,112.733
8600,112.733
8601,112.733
8602,112.733
8603,112.733
8604,116.852
8605,116.852
8606,116.852
8607,116.852
8608,116.852
8609,116.852
8610,116.852
8611,116.852
8612,116.852
8613,116.852
8614,116.852
8615,116.852
8616,116.852
8617,116.852
8618,116.852
8619,116.852
8620,116.852
8621,116.852
8622,116.852
8623,116.852
8624,115.097
8625,115.097
8626,115.097
8627,115.097
8628,115.097
8629,115.097
8630,115.097
8631,115.097
8632,115.097
8633,115.097
8634,115.097
8635,115.097
8636,115.097
8637,115.097
8638,115.097
8639,115.097
8640,115.097
8641,115.097
8642,115.097
8643,115.097
8644,114.488
8645,114.488
8646,114.488
8647,114.488
8648,114.488
8649,114.488
8650,114.488
8651,114.488
8652,114.488
8653,114.488
8654,114.488
8655,114.488
8656,114.488
8657,114.488
8658,114.488
8659,114.488
8660,114.488
8661,114.488
8662,114.488
8663,114.488
8664,117.46
8665,117.46
8666,117.46
8667,117.46
8668,117.46
8669,117.46
8670,117.46
8671,117.46
8672,117.46
8673,117.46
8674,117.46
8675,117.46
8676,117.46
8677,117.46
8678,117.46
8679,117.46
8680,117.46
8681,117.46
8682,117.46
8683,117.46
8684,114.488
8685,114.488
8686,114.488
8687,114.488
8688,114.488
8689,114.488
8690,114.488
8691,114.488
8692,114.488
8693,114.488
8694,114.488
8695,114.488
8696,114.488
8697,114.488
8698,114.488
8699,114.488
8700,114.488
8701,114.488
8702,114.488
8703,114.488
8704,118.942
8705,118.942
8706,118.942
8707,118.942
8708,118.942
8709,118.942
8710,118.942
8711,118.942
8712,118.942
8713,118.942
8714,118.942
8715,118.942
8716,118.942
8717,118.942
8718,118.942
8719,118.942
8720,118.942
8721,118.942
8722,118.942
8723,118.942
8724,115.697
8725,115.697
8726,115.697
8727,115.697
8728,115.697
8729,115.697
8730,115.697
8731,115.697
8732,115.697
8733,115.697
8734,115.697
8735,115.697
8736,115.697
8737,115.697
8738,115.697
8739,115.697
8740,115.697
8741,115.697
8742,115.697
8743,115.697
8744,117.733
8745,117.733
8746,117.733
8747,117.733
8748,117.733
8749,117.733
8750,117.733
8751,117.733
8752,117.733
8753,117.733
8754,117.733
8755,117.733
8756,117.733
8757,117.733
8758,117.733
8759,117.733
8760,117.733
8761,117.733
8762,117.733
8763,117.733
8764,117.179
8765,117.179
8766,117.179
8767,117.179
8768,117.179
8769,117.179
8770,117.179
8771,117.179
8772,117.179
8773,117.179
8774,117.179
8775,117.179
8776,117.179
8777,117.179
8778,117.179
8779,117.179
8780,117.179
8781,117.179
8782,117.179
8783,117.179
8784,114.824
8785,114.824
8786,114.824
8787,114.824
8788,114.824
8789,114.824
8790,114.824
8791,114.824
8792,114.824
8793,114.824
8794,114.824
8795,114.824
8796,114.824
8797,114.824
8798,114.824
8799,114.824
8800,114.824
8801,114.824
8802,114.824
8803,114.824
8804,114.824
8805,118.607
8806,118.607
8807,118.607
8808,118.607
8809,118.607
8810,118.607
8811,118.607
8812,118.607
8813,118.607
8814,118.607
8815,118.607
8816,118.607
8817,118.607
8818,118.607
8819,118.607
8820,118.607
8821,118.607
8822,118.607
8823,118.607
8824,118.607
8825,115.37
8826,115.37
8827,115.37
8828,115.37
8829,115.37
8830,115.37
8831,115.37
8832,115.37
8833,115.37
8834,115.37
8835,115.37
8836,115.37
8837,115.37
8838,115.37
8839,115.37
8840,115.37
8841,115.37
8842,115.37
8843,115.37
8844,115.37
8845,118.334
8846,118.334
8847,118.334
8848,118.334
8849,118.334
8850,118.334
8851,118.334
8852,118.334
8853,118.334
8854,118.334
8855,118.334
8856,118.334
8857,118.334
8858,118.334
8859,118.334
8860,118.334
8861,118.334
8862,118.334
8863,118.334
8864,118.334
8865,116.579
8866,116.579
8867,116.579
8868,116.579
8869,116.579
8870,116.579
8871,116.579
8872,116.579
8873,116.579
8874,116.579
8875,116.579
8876,116.579
8877,116.579
8878,116.579
8879,116.579
8880,116.579
8881,116.579
8882,116.579
8883,116.579
8884,116.579
8885,114.488
8886,114.488
8887,114.488
8888,114.488
8889,114.488
8890,114.488
8891,114.488
8892,114.488
8893,114.488
8894,114.488
8895,114.488
8896,114.488
8897,114.488
8898,114.488
8899,114.488
8900,114.488
8901,114.488
8902,114.488
8903,114.488
8904,114.488
8905,117.34
8906,117.34
8907,117.34
8908,117.34
8909,117.34
8910,117.34
8911,117.34
8912,117.34
8913,117.34
8914,117.34
8915,117.34
8916,117.34
8917,117.34
8918,117.34
8919,117.34
8920,117.34
8921,117.34
8922,117.34
8923,117.34
8924,117.34
8925,114.706
8926,114.706
8927,114.706
8928,114.706
8929,114.706
8930,114.706
8931,114.706
8932,114.706
8933,114.706
8934,114.706
8935,114.706
8936,114.706
8937,114.706
8938,114.706
8939,114.706
8940,114.706
8941,114.706
8942,114.706
8943,114.706
8944,114.706
8945,119.093
8946,119.093
8947,119.093
8948,119.093
8949,119.093
8950,119.093
8951,119.093
8952,119.093
8953,119.093
8954,119.093
8955,119.093
8956,119.093
8957,119.093
8958,119.093
8959,119.093
8960,119.093
8961,119.093
8962,119.093
8963,119.093
8964,119.093
8965,115.859
8966,115.859
8967,115.859
8968,115.859
8969,115.859
8970,115.859
8971,115.859
8972,115.859
8973,115.859
8974,115.859
8975,115.859
8976,115.859
8977,115.859
8978,115.859
8979,115.859
8980,115.859
8981,115.859
8982,115.859
8983,115.859
8984,115.859
8985,115.859
8986,115.859
8987,115.859
8988,115.859
8989,115.859
8990,115.859
8991,115.859
8992,115.859
8993,115.859
8994,115.859
8995,115.859
8996,115.859
8997,115.859
8998,115.859
8999,115.859
9000,115.859
9001,115.859
9002,115.859
9003,115.859
9004,115.859
9005,117.612
9006,117.612
9007,117.612
9008,117.612
9009,117.612
9010,117.612
9011,117.612
9012,117.612
9013,117.612
9014,117.612
9015,117.612
9016,117.612
9017,117.612
9018,117.612
9019,117.612
9020,117.612
9021,117.612
9022,117.612
9023,117.612
9024,117.612
9025,117.612
9026,115.251
9027,115.251
9028,115.251
9029,115.251
9030,115.251
9031,115.251
9032,115.251
9033,115.251
9034,115.251
9035,115.251
9036,115.251
9037,115.251
9038,115.251
9039,115.251
9040,115.251
9041,115.251
9042,115.251
9043,115.251
9044,115.251
9045,115.251
9046,118.82
9047,118.82
9048,118.82
9049,118.82
9050,118.82
9051,118.82
9052,118.82
9053,118.82
9054,118.82
9055,118.82
9056,118.82
9057,118.82
9058,118.82
9059,118.82
9060,118.82
9061,118.82
9062,118.82
9063,118.82
9064,118.82
9065,118.82
9066,115.579
9067,115.579
9068,115.579
9069,115.579
9070,115.579
9071,115.579
9072,115.579
9073,115.579
9074,115.579
9075,115.579
9076,115.579
9077,115.579
9078,115.579
9079,115.579
9080,115.579
9081,115.579
9082,115.579
9083,115.579
9084,115.579
9085,115.579
9086,117.34
9087,117.34
9088,117.34
9089,117.34
9090,117.34
9091,117.34
9092,117.34
9093,117.34
9094,117.34
9095,117.34
9096,117.34
9097,117.34
9098,117.34
9099,117.34
9100,117.34
9101,117.34
9102,117.34
9103,117.34
9104,117.34
9105,117.34
9106,117.179
9107,117.179
9108,117.179
9109,117.179
9110,117.179
9111,117.179
9112,117.179
9113,117.179
9114,117.179
9115,117.179
9116,117.179
9117,117.179
9118,117.179
9119,117.179
9120,117.179
9121,117.179
9122,117.179
9123,117.179
9124,117.179
9125,117.179
9126,114.824
9127,114.824
9128,114.824
9129,114.824
9130,114.824
9131,114.824
9132,114.824
9133,114.824
9134,114.824
9135,114.824
9136,114.824
9137,114.824
9138,114.824
9139,114.824
9140,114.824
9141,114.824
9142,114.824
9143,114.824
9144,114.824
9145,114.824
9146,118.212
9147,118.212
9148,118.212
9149,118.212
9150,118.212
9151,118.212
9152,118.212
9153,118.212
9154,118.212
9155,118.212
9156,118.212
9157,118.212
9158,118.212
9159,118.212
9160,118.212
9161,118.212
9162,118.212
9163,118.212
9164,118.212
9165,118.212
9166,110.37
9167,110.37
9168,110.37
9169,110.37
9170,110.37
9171,110.37
9172,110.37
9173,110.37
9174,110.37
9175,110.37
9176,110.37
9177,110.37
9178,110.37
9179,110.37
9180,110.37
9181,110.37
9182,110.37
9183,110.37
9184,110.37
9185,110.37
9186,117.94
9187,117.94
9188,117.94
9189,117.94
9190,117.94
9191,117.94
9192,117.94
9193,117.94
9194,117.94
9195,117.94
9196,117.94
9197,117.94
9198,117.94
9199,117.94
9200,117.94
9201,117.94
9202,117.94
9203,117.94
9204,117.94
9205,117.94
9206,115.579
9207,115.579
9208,115.579
9209,115.579
9210,115.579
9211,115.579
9212,115.579
9213,115.579
9214,115.579
9215,115.579
9216,115.579
9217,115.579
9218,115.579
9219,115.579
9220,115.579
9221,115.579
9222,115.579
9223,115.579
9224,115.579
9225,115.579
9226,117.612
9227,117.612
9228,117.612
9229,117.612
9230,117.612
9231,117.612
9232,117.612
9233,117.612
9234,117.612
9235,117.612
9236,117.612
9237,117.612
9238,117.612
9239,117.612
9240,117.612
9241,117.612
9242,117.612
9243,117.612
9244,117.612
9245,117.612
9246,117.059
9247,117.059
9248,117.059
9249,117.059
9250,117.059
9251,117.059
9252,117.059
9253,117.059
9254,117.059
9255,117.059
9256,117.059
9257,117.059
9258,117.059
9259,117.059
9260,117.059
9261,117.059
9262,117.059
9263,117.059
9264,117.059
9265,117.059
9266,117.059
9267,115.697
9268,115.697
9269,115.697
9270,115.697
9271,115.697
9272,115.697
9273,115.697
9274,115.697
9275,115.697
9276,115.697
9277,115.697
9278,115.697
9279,115.697
9280,115.697
9281,115.697
9282,115.697
9283,115.697
9284,115.697
9285,115.697
9286,115.697
9287,118.485
9288,118.485
9289,118.485
9290,118.485
9291,118.485
9292,118.485
9293,118.485
9294,118.485
9295,118.485
9296,118.485
9297,118.485
9298,118.485
9299,118.485
9300,118.485
9301,118.485
9302,118.485
9303,118.485
9304,118.485
9305,118.485
9306,118.485
9307,107.576
9308,107.576
9309,107.576
9310,107.576
9311,107.576
9312,107.576
9313,107.576
9314,107.576
9315,107.576
9316,107.576
9317,107.576
9318,107.576
9319,107.576
9320,107.576
9321,107.576
9322,107.576
9323,107.576
9324,107.576
9325,107.576
9326,107.576
9327,117.34
9328,117.34
9329,117.34
9330,117.34
9331,117.34
9332,117.34
9333,117.34
9334,117.34
9335,117.34
9336,117.34
9337,117.34
9338,117.34
9339,117.34
9340,117.34
9341,117.34
9342,117.34
9343,117.34
9344,117.34
9345,117.34
9346,117.34
9347,115.37
9348,115.37
9349,115.37
9350,115.37
9351,115.37
9352,115.37
9353,115.37
9354,115.37
9355,115.37
9356,115.37
9357,115.37
9358,115.37
9359,115.37
9360,115.37
9361,115.37
9362,115.37
9363,115.37
9364,115.37
9365,115.37
9366,115.37
9367,117.46
9368,117.46
9369,117.46
9370,117.46
9371,117.46
9372,117.46
9373,117.46
9374,117.46
9375,117.46
9376,117.46
9377,117.46
9378,117.46
9379,117.46
9380,117.46
9381,117.46
9382,117.46
9383,117.46
9384,117.46
9385,117.46
9386,117.46
9387,117.46
9388,117.46
9389,117.46
9390,117.46
9391,117.46
9392,117.46
9393,117.46
9394,117.46
9395,117.46
9396,117.46
9397,117.46
9398,117.46
9399,117.46
9400,117.46
9401,117.46
9402,117.46
9403,117.46
9404,117.46
9405,117.46
9406,117.46
9407,115.097
9408,115.097
9409,115.097
9410,115.097
9411,115.097
9412,115.097
9413,115.097
9414,115.097
9415,115.097
9416,115.097
9417,115.097
9418,115.097
9419,115.097
9420,115.097
9421,115.097
9422,115.097
9423,115.097
9424,115.097
9425,115.097
9426,115.097
9427,118.607
9428,118.607
9429,118.607
9430,118.607
9431,118.607
9432,118.607
9433,118.607
9434,118.607
9435,118.607
9436,118.607
9437,118.607
9438,118.607
9439,118.607
9440,118.607
9441,118.607
9442,118.607
9443,118.607
9444,118.607
9445,118.607
9446,118.607
9447,115.37
9448,115.37
9449,115.37
9450,115.37
9451,115.37
9452,115.37
9453,115.37
9454,115.37
9455,115.37
9456,115.37
9457,115.37
9458,115.37
9459,115.37
9460,115.37
9461,115.37
9462,115.37
9463,115.37
9464,115.37
9465,115.37
9466,115.37
9467,119.215
9468,119.215
9469,119.215
9470,119.215
9471,119.215
9472,119.215
9473,119.215
9474,119.215
9475,119.215
9476,119.215
9477,119.215
9478,119.215
9479,119.215
9480,119.215
9481,119.215
9482,119.215
9483,119.215
9484,119.215
9485,119.215
9486,119.215
9487,117.179
9488,117.179
9489,117.179
9490,117.179
9491,117.179
9492,117.179
9493,117.179
9494,117.179
9495,117.179
9496,117.179
9497,117.179
9498,117.179
9499,117.179
9500,117.179
9501,117.179
9502,117.179
9503,117.179
9504,117.179
9505,117.179
9506,117.179
9507,117.179
9508,115.097
9509,115.097
9510,115.097
9511,115.097
9512,115.097
9513,115.097
9514,115.097
9515,115.097
9516,115.097
9517,115.097
9518,115.097
9519,115.097
9520,115.097
9521,115.097
9522,115.097
9523,115.097
9524,115.097
9525,115.097
9526,115.097
9527,115.097
9528,117.733
9529,117.733
9530,117.733
9531,117.733
9532,117.733
9533,117.733
9534,117.733
9535,117.733
9536,117.733
9537,117.733
9538,117.733
9539,117.733
9540,117.733
9541,117.733
9542,117.733
9543,117.733
9544,117.733
9545,117.733
9546,117.733
9547,117.733
9548,115.097
9549,115.097
9550,115.097
9551,115.097
9552,115.097
9553,115.097
9554,115.097
9555,115.097
9556,115.097
9557,115.097
9558,115.097
9559,115.097
9560,115.097
9561,115.097
9562,115.097
9563,115.097
9564,115.097
9565,115.097
9566,115.097
9567,115.097
9568,119.543
9569,119.543
9570,119.543
9571,119.543
9572,119.543
9573,119.543
9574,119.543
9575,119.543
9576,119.543
9577,119.543
9578,119.543
9579,119.543
9580,119.543
9581,119.543
9582,119.543
9583,119.543
9584,119.543
9585,119.543
9586,119.543
9587,119.543
9588,116.251
9589,116.251
9590,116.251
9591,116.251
9592,116.251
9593,116.251
9594,116.251
9595,116.251
9596,116.251
9597,116.251
9598,116.251
9599,116.251
9600,116.251
9601,116.251
9602,116.251
9603,116.251
9604,116.251
9605,116.251
9606,116.251
9607,116.251
9608,116.852
9609,116.852
9610,116.852
9611,116.852
9612,116.852
9613,116.852
9614,116.852
9615,116.852
9616,116.852
9617,116.852
9618,116.852
9619,116.852
9620,116.852
9621,116.852
9622,116.852
9623,116.852
9624,116.852
9625,116.852
9626,116.852
9627,116.852
9628,118.061
9629,118.061
9630,118.061
9631,118.061
9632,118.061
9633,118.061
9634,118.061
9635,118.061
9636,118.061
9637,118.061
9638,118.061
9639,118.061
9640,118.061
9641,118.061
9642,118.061
9643,118.061
9644,118.061
9645,118.061
9646,118.061
9647,118.061
9648,115.697
9649,115.697
9650,115.697
9651,115.697
9652,115.697
9653,115.697
9654,115.697
9655,115.697
9656,115.697
9657,115.697
9658,115.697
9659,115.697
9660,115.697
9661,115.697
9662,115.697
9663,115.697
9664,115.697
9665,115.697
9666,115.697
9667,115.697
9668,119.215
9669,119.215
9670,119.215
9671,119.215
9672,119.215
9673,119.215
9674,119.215
9675,119.215
9676,119.215
9677,119.215
9678,119.215
9679,119.215
9680,119.215
9681,119.215
9682,119.215
9683,119.215
9684,119.215
9685,119.215
9686,119.215
9687,119.215
9688,115.978
9689,115.978
9690,115.978
9691,115.978
9692,115.978
9693,115.978
9694,115.978
9695,115.978
9696,115.978
9697,115.978
9698,115.978
9699,115.978
9700,115.978
9701,115.978
9702,115.978
9703,115.978
9704,115.978
9705,115.978
9706,115.978
9707,115.978
9708,115.978
9709,115.978
9710,115.978
9711,115.978
9712,115.978
9713,115.978
9714,115.978
9715,115.978
9716,115.978
9717,115.978
9718,115.978
9719,115.978
9720,115.978
9721,115.978
9722,115.978
9723,115.978
9724,115.978
9725,115.37
9726,115.37
9727,115.37
9728,115.37
9729,115.37
9730,115.37
9731,115.37
9732,115.37
9733,115.37
9734,115.37
9735,115.37
9736,117.733
9737,117.733
9738,117.733
9739,117.733
9740,117.733
9741,117.733
9742,117.733
9743,117.733
9744,117.733
9745,117.733
9746,117.733
9747,117.733
9748,117.733
9749,117.733
9750,117.733
9751,117.733
9752,117.733
9753,117.733
9754,117.733
9755,117.733
9756,115.978
9757,115.978
9758,115.978
9759,115.978
9760,115.978
9761,115.978
9762,115.978
9763,115.978
9764,115.978
9765,115.978
9766,115.978
9767,115.978
9768,115.978
9769,115.978
9770,115.978
9771,119.215
9772,119.215
9773,119.215
9774,119.215
9775,119.215
9776,119.215
9777,119.215
9778,119.215
9779,119.215
9780,119.215
9781,119.215
9782,119.215
9783,119.215
9784,119.215
9785,119.215
9786,119.215
9787,119.215
9788,119.215
9789,119.215
9790,119.215
9791,115.978
9792,115.978
9793,115.978
9794,115.978
9795,115.978
9796,115.978
9797,115.978
9798,115.978
9799,115.978
9800,115.978
9801,115.978
9802,115.978
9803,115.978
9804,115.978
9805,115.978
9806,115.978
9807,115.978
9808,115.978
9809,115.978
9810,115.978
9811,118.942
9812,118.942
9813,118.942
9814,118.942
9815,118.942
9816,118.942
9817,118.942
9818,118.942
9819,118.942
9820,118.942
9821,118.942
9822,118.942
9823,118.942
9824,118.942
9825,118.942
9826,118.942
9827,118.942
9828,118.942
9829,118.942
9830,118.942
9831,117.179
9832,117.179
9833,117.179
9834,117.179
9835,117.179
9836,117.179
9837,117.179
9838,117.179
9839,117.179
9840,117.179
9841,117.179
9842,117.179
9843,117.179
9844,117.179
9845,117.179
9846,117.179
9847,117.179
9848,117.179
9849,117.179
9850,117.179
9851,114.824
9852,114.824
9853,114.824
9854,114.824
9855,114.824
9856,114.824
9857,114.824
9858,114.824
9859,114.824
9860,114.824
9861,114.824
9862,114.824
9863,114.824
9864,114.824
9865,114.824
9866,114.824
9867,114.824
9868,114.824
9869,114.824
9870,114.824
9871,118.061
9872,118.061
9873,118.061
9874,118.061
9875,118.061
9876,118.061
9877,118.061
9878,118.061
9879,118.061
9880,118.061
9881,118.061
9882,118.061
9883,118.061
9884,118.061
9885,118.061
9886,118.061
9887,118.061
9888,118.061
9889,118.061
9890,118.061
9891,115.37
9892,115.37
9893,115.37
9894,115.37
9895,115.37
9896,115.37
9897,115.37
9898,115.37
9899,115.37
9900,115.37
9901,115.37
9902,115.37
9903,115.37
9904,115.37
9905,115.37
9906,115.37
9907,115.37
9908,115.37
9909,115.37
9910,115.37
9911,118.942
9912,118.942
9913,118.942
9914,118.942
9915,118.942
9916,118.942
9917,118.942
9918,118.942
9919,118.942
9920,118.942
9921,118.942
9922,118.942
9923,118.942
9924,118.942
9925,118.942
9926,118.942
9927,118.942
9928,118.942
9929,118.942
9930,118.942
9931,116.132
9932,116.132
9933,116.132
9934,116.132
9935,116.132
9936,116.132
9937,116.132
9938,116.132
9939,116.132
9940,116.132
9941,116.132
9942,116.132
9943,116.132
9944,116.132
9945,116.132
9946,116.132
9947,116.132
9948,116.132
9949,116.132
9950,116.132
9951,116.132
9952,116.251
9953,116.251
9954,116.251
9955,116.251
9956,116.251
9957,116.251
9958,116.251
9959,116.251
9960,116.251
9961,116.251
9962,116.251
9963,116.251
9964,116.251
9965,116.251
9966,116.251
9967,116.251
9968,116.251
9969,116.251
9970,116.251
9971,116.251
9972,117.733
9973,117.733
9974,117.733
9975,117.733
9976,117.733
9977,117.733
9978,117.733
9979,117.733
9980,117.733
9981,117.733
9982,117.733
9983,117.733
9984,117.733
9985,117.733
9986,117.733
9987,117.733
9988,117.733
9989,117.733
9990,117.733
9991,117.733
9992,115.37
9993,115.37
9994,115.37
9995,115.37
9996,115.37
9997,115.37
9998,115.37
9999,115.37
10000,115.37
10001,115.37
10002,115.37
10003,115.37
10004,115.37
10005,115.37
10006,115.37
10007,115.37
10008,115.37
10009,115.37
10010,115.37
10011,115.37
10012,118.82
10013,118.82
10014,118.82
10015,118.82
10016,118.82
10017,118.82
10018,118.82
10019,118.82
10020,118.82
10021,118.82
10022,118.82
10023,118.82
10024,118.82
10025,118.82
10026,118.82
10027,118.82
10028,118.82
10029,118.82
10030,118.82
10031,118.82
10032,115.859
10033,115.859
10034,115.859
10035,115.859
10036,115.859
10037,115.859
10038,115.859
10039,115.859
10040,115.859
10041,115.859
10042,115.859
10043,115.859
10044,115.859
10045,115.859
10046,115.859
10047,115.859
10048,115.859
10049,115.859
10050,115.859
10051,115.859
10052,118.485
10053,118.485
10054,118.485
10055,118.485
10056,118.485
10057,118.485
10058,118.485
10059,118.485
10060,118.485
10061,118.485
10062,118.485
10063,118.485
10064,118.485
10065,118.485
10066,118.485
10067,118.485
10068,118.485
10069,118.485
10070,118.485
10071,118.485
10072,117.612
10073,117.612
10074,117.612
10075,117.612
10076,117.612
10077,117.612
10078,117.612
10079,117.612
10080,117.612
10081,117.612
10082,117.612
10083,117.612
10084,117.612
10085,117.612
10086,117.612
10087,117.612
10088,117.612
10089,117.612
10090,117.612
10091,117.612
10092,114.979
10093,114.979
10094,114.979
10095,114.979
10096,114.979
10097,114.979
10098,114.979
10099,114.979
10100,114.979
10101,114.979
10102,114.979
10103,114.979
10104,114.979
10105,114.979
10106,114.979
10107,114.979
10108,114.979
10109,114.979
10110,114.979
10111,114.979
10112,118.485
10113,118.485
10114,118.485
10115,118.485
10116,118.485
10117,118.485
10118,118.485
10119,118.485
10120,118.485
10121,118.485
10122,118.485
10123,118.485
10124,118.485
10125,118.485
10126,118.485
10127,118.485
10128,118.485
10129,118.485
10130,118.485
10131,118.485
10132,114.979
10133,114.979
10134,114.979
10135,114.979
10136,114.979
10137,114.979
10138,114.979
10139,114.979
10140,114.979
10141,114.979
10142,114.979
10143,114.979
10144,114.979
10145,114.979
10146,114.979
10147,114.979
10148,114.979
10149,114.979
10150,114.979
10151,114.979
10152,118.942
10153,118.942
10154,118.942
10155,118.942
10156,118.942
10157,118.942
10158,118.942
10159,118.942
10160,118.942
10161,118.942
10162,118.942
10163,118.942
10164,118.942
10165,118.942
10166,118.942
10167,118.942
10168,118.942
10169,118.942
10170,118.942
10171,118.942
10172,117.179
10173,117.179
10174,117.179
10175,117.179
10176,117.179
10177,117.179
10178,117.179
10179,117.179
10180,117.179
10181,117.179
10182,117.179
10183,117.179
10184,117.179
10185,117.179
10186,117.179
10187,117.179
10188,117.179
10189,117.179
10190,117.179
10191,117.179
10192,117.179
10193,115.251
10194,115.251
10195,115.251
10196,115.251
10197,115.251
10198,115.251
10199,115.251
10200,115.251
10201,115.251
10202,115.251
10203,115.251
10204,115.251
10205,115.251
10206,115.251
10207,115.251
10208,115.251
10209,115.251
10210,115.251
10211,115.251
10212,115.251
10213,117.94
10214,117.94
10215,117.94
10216,117.94
10217,117.94
10218,117.94
10219,117.94
10220,117.94
10221,117.94
10222,117.94
10223,117.94
10224,117.94
10225,117.94
10226,117.94
10227,117.94
10228,117.94
10229,117.94
10230,117.94
10231,117.94
10232,117.94
10233,114.371
10234,114.371
10235,114.371
10236,114.371
10237,114.371
10238,114.371
10239,114.371
10240,114.371
10241,114.371
10242,114.371
10243,114.371
10244,114.371
10245,114.371
10246,114.371
10247,114.371
10248,114.371
10249,114.371
10250,114.371
10251,114.371
10252,114.371
10253,119.42
10254,119.42
10255,119.42
10256,119.42
10257,119.42
10258,119.42
10259,119.42
10260,119.42
10261,119.42
10262,119.42
10263,119.42
10264,119.42
10265,119.42
10266,119.42
10267,119.42
10268,119.42
10269,119.42
10270,119.42
10271,119.42
10272,119.42
10273,116.251
10274,116.251
10275,116.251
10276,116.251
10277,116.251
10278,116.251
10279,116.251
10280,116.251
10281,116.251
10282,116.251
10283,116.251
10284,116.251
10285,116.251
10286,116.251
10287,116.251
10288,116.251
10289,116.251
10290,116.251
10291,116.251
10292,116.251
10293,118.334
10294,118.334
10295,118.334
10296,118.334
10297,118.334
10298,118.334
10299,118.334
10300,118.334
10301,118.334
10302,118.334
10303,118.334
10304,118.334
10305,118.334
10306,118.334
10307,118.334
10308,118.334
10309,118.334
10310,118.334
10311,118.334
10312,118.334
10313,118.334
10314,117.94
10315,117.94
10316,117.94
10317,117.94
10318,117.94
10319,117.94
10320,117.94
10321,117.94
10322,117.94
10323,117.94
10324,117.94
10325,117.94
10326,117.94
10327,117.94
10328,117.94
10329,117.94
10330,117.94
10331,117.94
10332,117.94
10333,115.859
10334,115.859
10335,115.859
10336,115.859
10337,115.859
10338,115.859
10339,115.859
10340,115.859
10341,115.859
10342,115.859
10343,115.859
10344,115.859
10345,115.859
10346,115.859
10347,115.859
10348,115.859
10349,115.859
10350,115.859
10351,115.859
10352,115.859
10353,118.82
10354,118.82
10355,118.82
10356,118.82
10357,118.82
10358,118.82
10359,118.82
10360,118.82
10361,118.82
10362,118.82
10363,118.82
10364,118.82
10365,118.82
10366,118.82
10367,118.82
10368,118.82
10369,118.82
10370,118.82
10371,118.82
10372,118.82
10373,116.579
10374,116.579
10375,116.579
10376,116.579
10377,116.579
10378,116.579
10379,116.579
10380,116.579
10381,116.579
10382,116.579
10383,116.579
10384,116.579
10385,116.579
10386,116.579
10387,116.579
10388,116.579
10389,116.579
10390,116.579
10391,116.579
10392,116.579
10393,116.579
10394,118.212
10395,118.212
10396,118.212
10397,118.212
10398,118.212
10399,118.212
10400,118.212
10401,118.212
10402,118.212
10403,118.212
10404,118.212
10405,118.212
10406,118.212
10407,118.212
10408,118.212
10409,118.212
10410,118.212
10411,118.212
10412,118.212
10413,118.212
10414,117.46
10415,117.46
10416,117.46
10417,117.46
10418,117.46
10419,117.46
10420,117.46
10421,117.46
10422,117.46
10423,117.46
10424,117.46
10425,117.46
10426,117.46
10427,117.46
10428,117.46
10429,117.46
10430,117.46
10431,117.46
10432,117.46
10433,117.46
10434,115.097
10435,115.097
10436,115.097
10437,115.097
10438,115.097
10439,115.097
10440,115.097
10441,115.097
10442,115.097
10443,115.097
10444,115.097
10445,115.097
10446,115.097
10447,115.097
10448,115.097
10449,115.097
10450,115.097
10451,115.097
10452,115.097
10453,115.097
10454,118.485
10455,118.485
10456,118.485
10457,118.485
10458,118.485
10459,118.485
10460,118.485
10461,118.485
10462,118.485
10463,118.485
10464,118.485
10465,118.485
10466,118.485
10467,118.485
10468,118.485
10469,118.485
10470,118.485
10471,118.485
10472,118.485
10473,118.485
10474,115.251
10475,115.251
10476,115.251
10477,115.251
10478,115.251
10479,115.251
10480,115.251
10481,115.251
10482,115.251
10483,115.251
10484,115.251
10485,115.251
10486,115.251
10487,115.251
10488,115.251
10489,115.251
10490,115.251
10491,115.251
10492,115.251
10493,115.251
10494,118.942
10495,118.942
10496,118.942
10497,118.942
10498,118.942
10499,118.942
10500,118.942
10501,118.942
10502,118.942
10503,118.942
10504,118.942
10505,118.942
10506,118.942
10507,118.942
10508,118.942
10509,118.942
10510,118.942
10511,118.942
10512,118.942
10513,118.942
10514,116.579
10515,116.579
10516,116.579
10517,116.579
10518,116.579
10519,116.579
10520,116.579
10521,116.579
10522,116.579
10523,116.579
10524,116.579
10525,116.579
10526,116.579
10527,116.579
10528,116.579
10529,116.579
10530,116.579
10531,116.579
10532,116.579
10533,116.579
10534,115.697
10535,115.697
10536,115.697
10537,115.697
10538,115.697
10539,115.697
10540,115.697
10541,115.697
10542,115.697
10543,115.697
10544,115.697
10545,115.697
10546,115.697
10547,115.697
10548,115.697
10549,115.697
10550,115.697
10551,115.697
10552,115.697
10553,115.697
10554,117.94
10555,117.94
10556,117.94
10557,117.94
10558,117.94
10559,117.94
10560,117.94
10561,117.94
10562,117.94
10563,117.94
10564,117.94
10565,117.94
10566,117.94
10567,117.94
10568,117.94
10569,117.94
10570,117.94
10571,117.94
10572,117.94
10573,117.94
10574,115.697
10575,115.697
10576,115.697
10577,115.697
10578,115.697
10579,115.697
10580,115.697
10581,115.697
10582,115.697
10583,115.697
10584,115.697
10585,115.697
10586,115.697
10587,115.697
10588,115.697
10589,115.697
10590,115.697
10591,115.697
10592,115.697
10593,115.697
10594,115.697
10595,119.543
10596,119.543
10597,119.543
10598,119.543
10599,119.543
10600,119.543
10601,119.543
10602,119.543
10603,119.543
10604,119.543
10605,119.543
10606,119.543
10607,119.543
10608,119.543
10609,119.543
10610,119.543
10611,119.543
10612,119.543
10613,119.543
10614,119.543
10615,116.251
10616,116.251
10617,116.251
10618,116.251
10619,116.251
10620,116.251
10621,116.251
10622,116.251
10623,116.251
10624,116.251
10625,116.251
10626,116.251
10627,116.251
10628,116.251
10629,116.251
10630,116.251
10631,116.251
10632,116.251
10633,116.251
10634,116.251
10635,118.061
10636,118.061
10637,118.061
10638,118.061
10639,118.061
10640,118.061
10641,118.061
10642,118.061
10643,118.061
10644,118.061
10645,118.061
10646,118.061
10647,118.061
10648,118.061
10649,118.061
10650,118.061
10651,118.061
10652,118.061
10653,118.061
10654,118.061
10655,117.34
10656,117.34
10657,117.34
10658,117.34
10659,117.34
10660,117.34
10661,117.34
10662,117.34
10663,117.34
10664,117.34
10665,117.34
10666,117.34
10667,117.34
10668,117.34
10669,117.34
10670,117.34
10671,117.34
10672,117.34
10673,117.34
10674,117.34
10675,115.251
10676,115.251
10677,115.251
10678,115.251
10679,115.251
10680,115.251
10681,115.251
10682,115.251
10683,115.251
10684,115.251
10685,115.251
10686,115.251
10687,115.251
10688,115.251
10689,115.251
10690,115.251
10691,115.251
10692,115.251
10693,115.251
10694,115.251
10695,118.485
10696,118.485
10697,118.485
10698,118.485
10699,118.485
10700,118.485
10701,118.485
10702,118.485
10703,118.485
10704,118.485
10705,118.485
10706,118.485
10707,118.485
10708,118.485
10709,118.485
10710,118.485
10711,118.485
10712,118.485
10713,118.485
10714,118.485
10715,115.697
10716,115.697
10717,115.697
10718,115.697
10719,115.697
10720,115.697
10721,115.697
10722,115.697
10723,115.697
10724,115.697
10725,115.697
10726,115.697
10727,115.697
10728,115.697
10729,115.697
10730,115.697
10731,115.697
10732,115.697
10733,115.697
10734,115.697
10735,118.607
10736,118.607
10737,118.607
10738,118.607
10739,118.607
10740,118.607
10741,118.607
10742,118.607
10743,118.607
10744,118.607
10745,118.607
10746,118.607
10747,118.607
10748,118.607
10749,118.607
10750,118.607
10751,118.607
10752,118.607
10753,118.607
10754,118.607
10755,117.179
10756,117.179
10757,117.179
10758,117.179
10759,117.179
10760,117.179
10761,117.179
10762,117.179
10763,117.179
10764,117.179
10765,117.179
10766,117.179
10767,117.179
10768,117.179
10769,117.179
10770,117.179
10771,117.179
10772,117.179
10773,117.179
10774,117.179
10775,114.979
10776,114.979
10777,114.979
10778,114.979
10779,114.979
10780,114.979
10781,114.979
10782,114.979
10783,114.979
10784,114.979
10785,114.979
10786,114.979
10787,114.979
10788,114.979
10789,114.979
10790,114.979
10791,114.979
10792,114.979
10793,114.979
10794,114.979
10795,114.979
10796,117.612
10797,117.612
10798,117.612
10799,117.612
10800,117.612
10801,117.612
10802,117.612
10803,117.612
10804,117.612
10805,117.612
10806,117.612
10807,117.612
10808,117.612
10809,117.612
10810,117.612
10811,117.612
10812,117.612
10813,117.612
10814,117.612
10815,117.612
10816,114.979
10817,114.979
10818,114.979
10819,114.979
10820,114.979
10821,114.979
10822,114.979
10823,114.979
10824,114.979
10825,114.979
10826,114.979
10827,114.979
10828,114.979
10829,114.979
10830,114.979
10831,114.979
10832,114.979
10833,114.979
10834,114.979
10835,114.979
10836,119.693
10837,119.693
10838,119.693
10839,119.693
10840,119.693
10841,119.693
10842,119.693
10843,119.693
10844,119.693
10845,119.693
10846,119.693
10847,119.693
10848,119.693
10849,119.693
10850,119.693
10851,119.693
10852,119.693
10853,119.693
10854,119.693
10855,119.693
10856,116.579
10857,116.579
10858,116.579
10859,116.579
10860,116.579
10861,116.579
10862,116.579
10863,116.579
10864,116.579
10865,116.579
10866,116.579
10867,116.579
10868,116.579
10869,116.579
10870,116.579
10871,116.579
10872,116.579
10873,116.579
10874,116.579
10875,116.579
10876,116.459
10877,116.459
10878,116.459
10879,116.459
10880,116.459
10881,116.459
10882,116.459
10883,116.459
10884,116.459
10885,116.459
10886,116.459
10887,116.459
10888,116.459
10889,116.459
10890,116.459
10891,116.459
10892,116.459
10893,116.459
10894,116.459
10895,116.459
10896,117.612
10897,117.612
10898,117.612
10899,117.612
10900,117.612
10901,117.612
10902,117.612
10903,117.612
10904,117.612
10905,117.612
10906,117.612
10907,117.612
10908,117.612
10909,117.612
10910,117.612
10911,117.612
10912,117.612
10913,117.612
10914,117.612
10915,117.612
10916,115.859
10917,115.859
10918,115.859
10919,115.859
10920,115.859
10921,115.859
10922,115.859
10923,115.859
10924,115.859
10925,115.859
10926,115.859
10927,115.859
10928,115.859
10929,115.859
10930,115.859
10931,115.859
10932,115.859
10933,115.859
10934,115.859
10935,115.859
10936,119.215
10937,119.215
10938,119.215
10939,119.215
10940,119.215
10941,119.215
10942,119.215
10943,119.215
10944,119.215
10945,119.215
10946,119.215
10947,119.215
10948,119.215
10949,119.215
10950,119.215
10951,119.215
10952,119.215
10953,119.215
10954,119.215
10955,119.215
10956,116.132
10957,116.132
10958,116.132
10959,116.132
10960,116.132
10961,116.132
10962,116.132
10963,116.132
10964,116.132
10965,116.132
10966,116.132
10967,116.132
10968,116.132
10969,116.132
10970,116.132
10971,116.132
10972,116.132
10973,116.132
10974,116.132
10975,116.132
10976,117.612
10977,117.612
10978,117.612
10979,117.612
10980,117.612
10981,117.612
10982,117.612
10983,117.612
10984,117.612
10985,117.612
10986,117.612
10987,117.612
10988,117.612
10989,117.612
10990,117.612
10991,117.612
10992,117.612
10993,117.612
10994,117.612
10995,117.612
10996,117.612
10997,117.612
10998,117.612
10999,117.612
11000,117.612
11001,117.612
11002,117.612
11003,117.612
11004,117.612
11005,117.612
11006,117.612
11007,117.612
11008,117.612
11009,117.612
11010,117.612
11011,117.612
11012,117.612
11013,117.612
11014,117.612
11015,117.612
11016,115.251
11017,115.251
11018,115.251
11019,115.251
11020,115.251
11021,115.251
11022,115.251
11023,115.251
11024,115.251
11025,115.251
11026,115.251
11027,115.251
11028,115.251
11029,115.251
11030,115.251
11031,115.251
11032,115.251
11033,115.251
11034,115.251
11035,115.251
11036,115.251
11037,118.485
11038,118.485
11039,118.485
11040,118.485
11041,118.485
11042,118.485
11043,118.485
11044,118.485
11045,118.485
11046,118.485
11047,118.485
11048,118.485
11049,118.485
11050,118.485
11051,118.485
11052,118.485
11053,118.485
11054,118.485
11055,118.485
11056,118.485
11057,115.251
11058,115.251
11059,115.251
11060,115.251
11061,115.251
11062,115.251
11063,115.251
11064,115.251
11065,115.251
11066,115.251
11067,115.251
11068,115.251
11069,115.251
11070,115.251
11071,115.251
11072,115.251
11073,115.251
11074,115.251
11075,115.251
11076,115.251
11077,119.543
11078,119.543
11079,119.543
11080,119.543
11081,119.543
11082,119.543
11083,119.543
11084,119.543
11085,119.543
11086,119.543
11087,119.543
11088,119.543
11089,119.543
11090,119.543
11091,119.543
11092,119.543
11093,119.543
11094,119.543
11095,119.543
11096,119.543
11097,116.852
11098,116.852
11099,116.852
11100,116.852
11101,116.852
11102,116.852
11103,116.852
11104,116.852
11105,116.852
11106,116.852
11107,116.852
11108,116.852
11109,116.852
11110,116.852
11111,116.852
11112,116.852
11113,116.852
11114,116.852
11115,116.852
11116,116.852
11117,115.579
11118,115.579
11119,115.579
11120,115.579
11121,115.579
11122,115.579
11123,115.579
11124,115.579
11125,115.579
11126,115.579
11127,115.579
11128,115.579
11129,115.579
11130,115.579
11131,115.579
11132,115.579
11133,115.579
11134,115.579
11135,115.579
11136,115.579
11137,117.94
11138,117.94
11139,117.94
11140,117.94
11141,117.94
11142,117.94
11143,117.94
11144,117.94
11145,117.94
11146,117.94
11147,117.94
11148,117.94
11149,117.94
11150,117.94
11151,117.94
11152,117.94
11153,117.94
11154,117.94
11155,117.94
11156,117.94
11157,115.37
11158,115.37
11159,115.37
11160,115.37
11161,115.37
11162,115.37
11163,115.37
11164,115.37
11165,115.37
11166,115.37
11167,115.37
11168,115.37
11169,115.37
11170,115.37
11171,115.37
11172,115.37
11173,115.37
11174,115.37
11175,115.37
11176,115.37
11177,119.693
11178,119.693
11179,119.693
11180,119.693
11181,119.693
11182,119.693
11183,119.693
11184,119.693
11185,119.693
11186,119.693
11187,119.693
11188,119.693
11189,119.693
11190,119.693
11191,119.693
11192,119.693
11193,119.693
11194,119.693
11195,119.693
11196,119.693
11197,116.132
11198,116.132
11199,116.132
11200,116.132
11201,116.132
11202,116.132
11203,116.132
11204,116.132
11205,116.132
11206,116.132
11207,116.132
11208,116.132
11209,116.132
11210,116.132
11211,116.132
11212,116.132
11213,116.132
11214,116.132
11215,116.132
11216,116.132
11217,117.94
11218,117.94
11219,117.94
11220,117.94
11221,117.94
11222,117.94
11223,117.94
11224,117.94
11225,117.94
11226,117.94
11227,117.94
11228,117.94
11229,117.94
11230,117.94
11231,117.94
11232,117.94
11233,117.94
11234,117.94
11235,117.94
11236,117.94
11237,117.94
11238,117.94
11239,117.94
11240,117.94
11241,117.94
11242,117.94
11243,117.94
11244,117.94
11245,117.94
11246,117.94
11247,117.94
11248,117.94
11249,117.94
11250,117.94
11251,117.94
11252,117.94
11253,117.94
11254,117.94
11255,117.94
11256,117.94
11257,117.94
11258,116.132
11259,116.132
11260,116.132
11261,116.132
11262,116.132
11263,116.132
11264,116.132
11265,116.132
11266,116.132
11267,116.132
11268,116.132
11269,116.132
11270,116.132
11271,116.132
11272,116.132
11273,116.132
11274,116.132
11275,116.132
11276,116.132
11277,116.132
11278,118.82
11279,118.82
11280,118.82
11281,118.82
11282,118.82
11283,118.82
11284,118.82
11285,118.82
11286,118.82
11287,118.82
11288,118.82
11289,118.82
11290,118.82
11291,118.82
11292,118.82
11293,118.82
11294,118.82
11295,118.82
11296,118.82
11297,118.82
11298,115.579
11299,115.579
11300,115.579
11301,115.579
11302,115.579
11303,115.579
11304,115.579
11305,115.579
11306,115.579
11307,115.579
11308,115.579
11309,115.579
11310,115.579
11311,115.579
11312,115.579
11313,115.579
11314,115.579
11315,115.579
11316,115.579
11317,115.579
11318,117.94
11319,117.94
11320,117.94
11321,117.94
11322,117.94
11323,117.94
11324,117.94
11325,117.94
11326,117.94
11327,117.94
11328,117.94
11329,117.94
11330,117.94
11331,117.94
11332,117.94
11333,117.94
11334,117.94
11335,117.94
11336,117.94
11337,117.94
11338,117.34
11339,117.34
11340,117.34
11341,117.34
11342,117.34
11343,117.34
11344,117.34
11345,117.34
11346,117.34
11347,117.34
11348,117.34
11349,117.34
11350,117.34
11351,117.34
11352,117.34
11353,117.34
11354,117.34
11355,117.34
11356,117.34
11357,117.34
11358,115.251
11359,115.251
11360,115.251
11361,115.251
11362,115.251
11363,115.251
11364,115.251
11365,115.251
11366,115.251
11367,115.251
11368,115.251
11369,115.251
11370,115.251
11371,115.251
11372,115.251
11373,115.251
11374,115.251
11375,115.251
11376,115.251
11377,115.251
11378,118.212
11379,118.212
11380,118.212
11381,118.212
11382,118.212
11383,118.212
11384,118.212
11385,118.212
11386,118.212
11387,118.212
11388,118.212
11389,118.212
11390,118.212
11391,118.212
11392,118.212
11393,118.212
11394,118.212
11395,118.212
11396,118.212
11397,118.212
11398,115.251
11399,115.251
11400,115.251
11401,115.251
11402,115.251
11403,115.251
11404,115.251
11405,115.251
11406,115.251
11407,115.251
11408,115.251
11409,115.251
11410,115.251
11411,115.251
11412,115.251
11413,115.251
11414,115.251
11415,115.251
11416,115.251
11417,115.251
11418,119.42
11419,119.42
11420,119.42
11421,119.42
11422,119.42
11423,119.42
11424,119.42
11425,119.42
11426,119.42
11427,119.42
11428,119.42
11429,119.42
11430,119.42
11431,119.42
11432,119.42
11433,119.42
11434,119.42
11435,119.42
11436,119.42
11437,119.42
11438,119.42
11439,116.132
11440,116.132
11441,116.132
11442,116.132
11443,116.132
11444,116.132
11445,116.132
11446,116.132
11447,116.132
11448,116.132
11449,116.132
11450,116.132
11451,116.132
11452,116.132
11453,116.132
11454,116.132
11455,116.132
11456,116.132
11457,116.132
11458,116.132
11459,115.978
11460,115.978
11461,115.978
11462,115.978
11463,115.978
11464,115.978
11465,115.978
11466,115.978
11467,115.978
11468,115.978
11469,115.978
11470,115.978
11471,115.978
11472,115.978
11473,115.978
11474,115.978
11475,115.978
11476,115.978
11477,115.978
11478,115.978
11479,118.061
11480,118.061
11481,118.061
11482,118.061
11483,118.061
11484,118.061
11485,118.061
11486,118.061
11487,118.061
11488,118.061
11489,118.061
11490,118.061
11491,118.061
11492,118.061
11493,118.061
11494,118.061
11495,118.061
11496,118.061
11497,118.061
11498,118.061
11499,115.859
11500,115.859
11501,115.859
11502,115.859
11503,115.859
11504,115.859
11505,115.859
11506,115.859
11507,115.859
11508,115.859
11509,115.859
11510,115.859
11511,115.859
11512,115.859
11513,115.859
11514,115.859
11515,115.859
11516,115.859
11517,115.859
11518,115.859
11519,119.42
11520,119.42
11521,119.42
11522,119.42
11523,119.42
11524,119.42
11525,119.42
11526,119.42
11527,119.42
11528,119.42
11529,119.42
11530,119.42
11531,119.42
11532,119.42
11533,119.42
11534,119.42
11535,119.42
11536,119.42
11537,119.42
11538,119.42
11539,116.132
11540,116.132
11541,116.132
11542,116.132
11543,116.132
11544,116.132
11545,116.132
11546,116.132
11547,116.132
11548,116.132
11549,116.132
11550,116.132
11551,116.132
11552,116.132
11553,116.132
11554,116.132
11555,116.132
11556,116.132
11557,116.132
11558,116.132
11559,118.82
11560,118.82
11561,118.82
11562,118.82
11563,118.82
11564,118.82
11565,118.82
11566,118.82
11567,118.82
11568,118.82
11569,118.82
11570,118.82
11571,118.82
11572,118.82
11573,118.82
11574,118.82
11575,118.82
11576,118.82
11577,118.82
11578,118.82
11579,117.94
11580,117.94
11581,117.94
11582,117.94
11583,117.94
11584,117.94
11585,117.94
11586,117.94
11587,117.94
11588,117.94
11589,117.94
11590,117.94
11591,117.94
11592,117.94
11593,117.94
11594,117.94
11595,117.94
11596,117.94
11597,117.94
11598,117.94
11599,115.859
11600,115.859
11601,115.859
11602,115.859
11603,115.859
11604,115.859
11605,115.859
11606,115.859
11607,115.859
11608,115.859
11609,115.859
11610,115.859
11611,115.859
11612,115.859
11613,115.859
11614,115.859
11615,115.859
11616,115.859
11617,115.859
11618,115.859
11619,118.485
11620,118.485
11621,118.485
11622,118.485
11623,118.485
11624,118.485
11625,118.485
11626,118.485
11627,118.485
11628,118.485
11629,118.485
11630,118.485
11631,118.485
11632,118.485
11633,118.485
11634,118.485
11635,118.485
11636,118.485
11637,118.485
11638,118.485
11639,115.579
11640,115.579
11641,115.579
11642,115.579
11643,115.579
11644,115.579
11645,115.579
11646,115.579
11647,115.579
11648,115.579
11649,115.579
11650,115.579
11651,115.579
11652,115.579
11653,115.579
11654,115.579
11655,115.579
11656,115.579
11657,115.579
11658,115.579
11659,119.093
11660,119.093
11661,119.093
11662,119.093
11663,119.093
11664,119.093
11665,119.093
11666,119.093
11667,119.093
11668,119.093
11669,119.093
11670,119.093
11671,119.093
11672,119.093
11673,119.093
11674,119.093
11675,119.093
11676,119.093
11677,119.093
11678,119.093
11679,117.059
11680,117.059
11681,117.059
11682,117.059
11683,117.059
11684,117.059
11685,117.059
11686,117.059
11687,117.059
11688,117.059
11689,117.059
11690,117.059
11691,117.059
11692,117.059
11693,117.059
11694,117.059
11695,117.059
11696,117.059
11697,117.059
11698,117.059
11699,117.059
11700,115.251
11701,115.251
11702,115.251
11703,115.251
11704,115.251
11705,115.251
11706,115.251
11707,115.251
11708,115.251
11709,115.251
11710,115.251
11711,115.251
11712,115.251
11713,115.251
11714,115.251
11715,115.251
11716,115.251
11717,115.251
11718,115.251
11719,115.251
11720,117.94
11721,117.94
11722,117.94
11723,117.94
11724,117.94
11725,117.94
11726,117.94
11727,117.94
11728,117.94
11729,117.94
11730,117.94
11731,117.94
11732,117.94
11733,117.94
11734,117.94
11735,117.94
11736,117.94
11737,117.94
11738,117.94
11739,117.94
11740,115.251
11741,115.251
11742,115.251
11743,115.251
11744,115.251
11745,115.251
11746,115.251
11747,115.251
11748,115.251
11749,115.251
11750,115.251
11751,115.251
11752,115.251
11753,115.251
11754,115.251
11755,115.251
11756,115.251
11757,115.251
11758,115.251
11759,115.251
11760,119.693
11761,119.693
11762,119.693
11763,119.693
11764,119.693
11765,119.693
11766,119.693
11767,119.693
11768,119.693
11769,119.693
11770,119.693
11771,119.693
11772,119.693
11773,119.693
11774,119.693
11775,119.693
11776,119.693
11777,119.693
11778,119.693
11779,119.693
11780,116.459
11781,116.459
11782,116.459
11783,116.459
11784,116.459
11785,116.459
11786,116.459
11787,116.459
11788,116.459
11789,116.459
11790,116.459
11791,116.459
11792,116.459
11793,116.459
11794,116.459
11795,116.459
11796,116.459
11797,116.459
11798,116.459
11799,116.459
11800,117.94
11801,117.94
11802,117.94
11803,117.94
11804,117.94
11805,117.94
11806,117.94
11807,117.94
11808,117.94
11809,117.94
11810,117.94
11811,117.94
11812,117.94
11813,117.94
11814,117.94
11815,117.94
11816,117.94
11817,117.94
11818,117.94
11819,117.94
11820,118.212
11821,118.212
11822,118.212
11823,118.212
11824,118.212
11825,118.212
11826,118.212
11827,118.212
11828,118.212
11829,118.212
11830,118.212
11831,118.212
11832,118.212
11833,118.212
11834,118.212
11835,118.212
11836,118.212
11837,118.212
11838,118.212
11839,118.212
11840,115.859
11841,115.859
11842,115.859
11843,115.859
11844,115.859
11845,115.859
11846,115.859
11847,115.859
11848,115.859
11849,115.859
11850,115.859
11851,115.859
11852,115.859
11853,115.859
11854,115.859
11855,115.859
11856,115.859
11857,115.859
11858,115.859
11859,115.859
11860,119.42
11861,119.42
11862,119.42
11863,119.42
11864,119.42
11865,119.42
11866,119.42
11867,119.42
11868,119.42
11869,119.42
11870,119.42
11871,119.42
11872,119.42
11873,119.42
11874,119.42
11875,119.42
11876,119.42
11877,119.42
11878,119.42
11879,119.42
11880,116.732
11881,116.732
11882,116.732
11883,116.732
11884,116.732
11885,116.732
11886,116.732
11887,116.732
11888,116.732
11889,116.732
11890,116.732
11891,116.732
11892,116.732
11893,116.732
11894,116.732
11895,116.732
11896,116.732
11897,116.732
11898,116.732
11899,116.732
11900,118.82
11901,118.82
11902,118.82
11903,118.82
11904,118.82
11905,118.82
11906,118.82
11907,118.82
11908,118.82
11909,118.82
11910,118.82
11911,118.82
11912,118.82
11913,118.82
11914,118.82
11915,118.82
11916,118.82
11917,118.82
11918,118.82
11919,118.82
11920,118.82
11921,117.34
11922,117.34
11923,117.34
11924,117.34
11925,117.34
11926,117.34
11927,117.34
11928,117.34
11929,117.34
11930,117.34
11931,117.34
11932,117.34
11933,117.34
11934,117.34
11935,117.34
11936,117.34
11937,117.34
11938,117.34
11939,117.34
11940,117.34
11941,114.979
11942,114.979
11943,114.979
11944,114.979
11945,114.979
11946,114.979
11947,114.979
11948,114.979
11949,114.979
11950,114.979
11951,114.979
11952,114.979
11953,114.979
11954,114.979
11955,114.979
11956,114.979
11957,114.979
11958,114.979
11959,114.979
11960,114.979
11961,118.82
11962,118.82
11963,118.82
11964,118.82
11965,118.82
11966,118.82
11967,118.82
11968,118.82
11969,118.82
11970,118.82
11971,118.82
11972,118.82
11973,118.82
11974,118.82
11975,118.82
11976,118.82
11977,118.82
11978,118.82
11979,118.82
11980,118.82
11981,115.579
11982,115.579
11983,115.579
11984,115.579
11985,115.579
11986,115.579
11987,115.579
11988,115.579
11989,115.579
11990,115.579
11991,115.579
11992,115.579
11993,115.579
11994,115.579
11995,115.579
11996,115.579
11997,115.579
11998,115.579
11999,115.579
12000,115.579
12001,119.093
12002,119.093
12003,119.093
12004,119.093
12005,119.093
12006,119.093
12007,119.093
12008,119.093
12009,119.093
12010,119.093
12011,119.093
12012,119.093
12013,119.093
12014,119.093
12015,119.093
12016,119.093
12017,119.093
12018,119.093
12019,119.093
12020,119.093
12021,117.059
12022,117.059
12023,117.059
12024,117.059
12025,117.059
12026,117.059
12027,117.059
12028,117.059
12029,117.059
12030,117.059
12031,117.059
12032,117.059
12033,117.059
12034,117.059
12035,117.059
12036,117.059
12037,117.059
12038,117.059
12039,117.059
12040,117.059
12041,115.859
12042,115.859
12043,115.859
12044,115.859
12045,115.859
12046,115.859
12047,115.859
12048,115.859
12049,115.859
12050,115.859
12051,115.859
12052,115.859
12053,115.859
12054,115.859
12055,115.859
12056,115.859
12057,115.859
12058,115.859
12059,115.859
12060,115.859
12061,117.94
12062,117.94
12063,117.94
12064,117.94
12065,117.94
12066,117.94
12067,117.94
12068,117.94
12069,117.94
12070,117.94
12071,117.94
12072,117.94
12073,117.94
12074,117.94
12075,117.94
12076,117.94
12077,117.94
12078,117.94
12079,117.94
12080,117.94
12081,115.579
12082,115.579
12083,115.579
12084,115.579
12085,115.579
12086,115.579
12087,115.579
12088,115.579
12089,115.579
12090,115.579
12091,115.579
12092,115.579
12093,115.579
12094,115.579
12095,115.579
12096,115.579
12097,115.579
12098,115.579
12099,115.579
12100,115.579
12101,119.693
12102,119.693
12103,119.693
12104,119.693
12105,119.693
12106,119.693
12107,119.693
12108,119.693
12109,119.693
12110,119.693
12111,119.693
12112,119.693
12113,119.693
12114,119.693
12115,119.693
12116,119.693
12117,119.693
12118,119.693
12119,119.693
12120,119.693
12121,116.132
12122,116.132
12123,116.132
12124,116.132
12125,116.132
12126,116.132
12127,116.132
12128,116.132
12129,116.132
12130,116.132
12131,116.132
12132,116.132
12133,116.132
12134,116.132
12135,116.132
12136,116.132
12137,116.132
12138,116.132
12139,116.132
12140,116.132
12141,116.132
12142,117.94
12143,117.94
12144,117.94
12145,117.94
12146,117.94
12147,117.94
12148,117.94
12149,117.94
12150,117.94
12151,117.94
12152,117.94
12153,117.94
12154,117.94
12155,117.94
12156,117.94
12157,117.94
12158,117.94
12159,117.94
12160,117.94
12161,117.94
12162,117.94
12163,117.94
12164,117.94
12165,117.94
12166,117.94
12167,117.94
12168,117.94
12169,117.94
12170,117.94
12171,117.94
12172,117.94
12173,117.94
12174,117.94
12175,117.94
12176,117.94
12177,117.94
12178,117.94
12179,117.94
12180,117.94
12181,117.94
12182,115.859
12183,115.859
12184,115.859
12185,115.859
12186,115.859
12187,115.859
12188,115.859
12189,115.859
12190,115.859
12191,115.859
12192,115.859
12193,115.859
12194,115.859
12195,115.859
12196,115.859
12197,115.859
12198,115.859
12199,115.859
12200,115.859
12201,115.859
12202,118.82
12203,118.82
12204,118.82
12205,118.82
12206,118.82
12207,118.82
12208,118.82
12209,118.82
12210,118.82
12211,118.82
12212,118.82
12213,118.82
12214,118.82
12215,118.82
12216,118.82
12217,118.82
12218,118.82
12219,118.82
12220,118.82
12221,118.82
12222,115.579
12223,115.579
12224,115.579
12225,115.579
12226,115.579
12227,115.579
12228,115.579
12229,115.579
12230,115.579
12231,115.579
12232,115.579
12233,115.579
12234,115.579
12235,115.579
12236,115.579
12237,115.579
12238,115.579
12239,115.579
12240,115.579
12241,115.579
12242,119.093
12243,119.093
12244,119.093
12245,119.093
12246,119.093
12247,119.093
12248,119.093
12249,119.093
12250,119.093
12251,119.093
12252,119.093
12253,119.093
12254,119.093
12255,119.093
12256,119.093
12257,119.093
12258,119.093
12259,119.093
12260,119.093
12261,119.093
12262,117.059
12263,117.059
12264,117.059
12265,117.059
12266,117.059
12267,117.059
12268,117.059
12269,117.059
12270,117.059
12271,117.059
12272,117.059
12273,117.059
12274,117.059
12275,117.059
12276,117.059
12277,117.059
12278,117.059
12279,117.059
12280,117.059
12281,117.059
12282,115.697
12283,115.697
12284,115.697
12285,115.697
12286,115.697
12287,115.697
12288,115.697
12289,115.697
12290,115.697
12291,115.697
12292,115.697
12293,115.697
12294,115.697
12295,115.697
12296,115.697
12297,115.697
12298,115.697
12299,115.697
12300,115.697
12301,115.697
12302,118.212
12303,118.212
12304,118.212
12305,118.212
12306,118.212
12307,118.212
12308,118.212
12309,118.212
12310,118.212
12311,118.212
12312,118.212
12313,118.212
12314,118.212
12315,118.212
12316,118.212
12317,118.212
12318,118.212
12319,118.212
12320,118.212
12321,118.212
12322,115.37
12323,115.37
12324,115.37
12325,115.37
12326,115.37
12327,115.37
12328,115.37
12329,115.37
12330,115.37
12331,115.37
12332,115.37
12333,115.37
12334,115.37
12335,115.37
12336,115.37
12337,115.37
12338,115.37
12339,115.37
12340,115.37
12341,115.37
12342,119.693
12343,119.693
12344,119.693
12345,119.693
12346,119.693
12347,119.693
12348,119.693
12349,119.693
12350,119.693
12351,119.693
12352,119.693
12353,119.693
12354,119.693
12355,119.693
12356,119.693
12357,119.693
12358,119.693
12359,119.693
12360,119.693
12361,119.693
12362,119.693
12363,116.459
12364,116.459
12365,116.459
12366,116.459
12367,116.459
12368,116.459
12369,116.459
12370,116.459
12371,116.459
12372,116.459
12373,116.459
12374,116.459
12375,116.459
12376,116.459
12377,116.459
12378,116.459
12379,116.459
12380,116.459
12381,116.459
12382,115.978
12383,115.978
12384,115.978
12385,115.978
12386,115.978
12387,115.978
12388,115.978
12389,115.978
12390,115.978
12391,115.978
12392,115.978
12393,115.978
12394,115.978
12395,115.978
12396,115.978
12397,115.978
12398,115.978
12399,115.978
12400,115.978
12401,115.978
12402,115.978
12403,118.212
12404,118.212
12405,118.212
12406,118.212
12407,118.212
12408,118.212
12409,118.212
12410,118.212
12411,118.212
12412,118.212
12413,118.212
12414,118.212
12415,118.212
12416,118.212
12417,118.212
12418,118.212
12419,118.212
12420,118.212
12421,118.212
12422,118.212
12423,116.132
12424,116.132
12425,116.132
12426,116.132
12427,116.132
12428,116.132
12429,116.132
12430,116.132
12431,116.132
12432,116.132
12433,116.132
12434,116.132
12435,116.132
12436,116.132
12437,116.132
12438,116.132
12439,116.132
12440,116.132
12441,116.132
12442,116.132
12443,119.42
12444,119.42
12445,119.42
12446,119.42
12447,119.42
12448,119.42
12449,119.42
12450,119.42
12451,119.42
12452,119.42
12453,119.42
12454,119.42
12455,119.42
12456,119.42
12457,119.42
12458,119.42
12459,119.42
12460,119.42
12461,119.42
12462,119.42
12463,116.459
12464,116.459
12465,116.459
12466,116.459
12467,116.459
12468,116.459
12469,116.459
12470,116.459
12471,116.459
12472,116.459
12473,116.459
12474,116.459
12475,116.459
12476,116.459
12477,116.459
12478,116.459
12479,116.459
12480,116.459
12481,116.459
12482,116.459
12483,117.94
12484,117.94
12485,117.94
12486,117.94
12487,117.94
12488,117.94
12489,117.94
12490,117.94
12491,117.94
12492,117.94
12493,117.94
12494,117.94
12495,117.94
12496,117.94
12497,117.94
12498,117.94
12499,117.94
12500,117.94
12501,117.94
12502,117.94
12503,117.612
12504,117.612
12505,117.612
12506,117.612
12507,117.612
12508,117.612
12509,117.612
12510,117.612
12511,117.612
12512,117.612
12513,117.612
12514,117.612
12515,117.612
12516,117.612
12517,117.612
12518,117.612
12519,117.612
12520,117.612
12521,117.612
12522,117.612
12523,115.251
12524,115.251
12525,115.251
12526,115.251
12527,115.251
12528,115.251
12529,115.251
12530,115.251
12531,115.251
12532,115.251
12533,115.251
12534,115.251
12535,115.251
12536,115.251
12537,115.251
12538,115.251
12539,115.251
12540,115.251
12541,115.251
12542,115.251
12543,118.82
12544,118.82
12545,118.82
12546,118.82
12547,118.82
12548,118.82
12549,118.82
12550,118.82
12551,118.82
12552,118.82
12553,118.82
12554,118.82
12555,118.82
12556,118.82
12557,118.82
12558,118.82
12559,118.82
12560,118.82
12561,118.82
12562,118.82
12563,115.579
12564,115.579
12565,115.579
12566,115.579
12567,115.579
12568,115.579
12569,115.579
12570,115.579
12571,115.579
12572,115.579
12573,115.579
12574,115.579
12575,115.579
12576,115.579
12577,115.579
12578,115.579
12579,115.579
12580,115.579
12581,115.579
12582,115.579
12583,119.42
12584,119.42
12585,119.42
12586,119.42
12587,119.42
12588,119.42
12589,119.42
12590,119.42
12591,119.42
12592,119.42
12593,119.42
12594,119.42
12595,119.42
12596,119.42
12597,119.42
12598,119.42
12599,119.42
12600,119.42
12601,119.42
12602,119.42
12603,117.34
12604,117.34
12605,117.34
12606,117.34
12607,117.34
12608,117.34
12609,117.34
12610,117.34
12611,117.34
12612,117.34
12613,117.34
12614,117.34
12615,117.34
12616,117.34
12617,117.34
12618,117.34
12619,117.34
12620,117.34
12621,117.34
12622,117.34
12623,115.859
12624,115.859
12625,115.859
12626,115.859
12627,115.859
12628,115.859
12629,115.859
12630,115.859
12631,115.859
12632,115.859
12633,115.859
12634,115.859
12635,115.859
12636,115.859
12637,115.859
12638,115.859
12639,115.859
12640,115.859
12641,115.859
12642,115.859
12643,115.859
12644,117.94
12645,117.94
12646,117.94
12647,117.94
12648,117.94
12649,117.94
12650,117.94
12651,117.94
12652,117.94
12653,117.94
12654,117.94
12655,117.94
12656,117.94
12657,117.94
12658,117.94
12659,117.94
12660,117.94
12661,117.94
12662,117.94
12663,117.94
12664,115.251
12665,115.251
12666,115.251
12667,115.251
12668,115.251
12669,115.251
12670,115.251
12671,115.251
12672,115.251
12673,115.251
12674,115.251
12675,115.251
12676,115.251
12677,115.251
12678,115.251
12679,115.251
12680,115.251
12681,115.251
12682,115.251
12683,115.251
12684,119.973
12685,119.973
12686,119.973
12687,119.973
12688,119.973
12689,119.973
12690,119.973
12691,119.973
12692,119.973
12693,119.973
12694,119.973
12695,119.973
12696,119.973
12697,119.973
12698,119.973
12699,119.973
12700,119.973
12701,119.973
12702,119.973
12703,119.973
12704,116.132
12705,116.132
12706,116.132
12707,116.132
12708,116.132
12709,116.132
12710,116.132
12711,116.132
12712,116.132
12713,116.132
12714,116.132
12715,116.132
12716,116.132
12717,116.132
12718,116.132
12719,116.132
12720,116.132
12721,116.132
12722,116.132
12723,116.132
12724,117.059
12725,117.059
12726,117.059
12727,117.059
12728,117.059
12729,117.059
12730,117.059
12731,117.059
12732,117.059
12733,117.059
12734,117.059
12735,117.059
12736,117.059
12737,117.059
12738,117.059
12739,117.059
12740,117.059
12741,117.059
12742,117.059
12743,117.059
12744,117.94
12745,117.94
12746,117.94
12747,117.94
12748,117.94
12749,117.94
12750,117.94
12751,117.94
12752,117.94
12753,117.94
12754,117.94
12755,117.94
12756,117.94
12757,117.94
12758,117.94
12759,117.94
12760,117.94
12761,117.94
12762,117.94
12763,117.94
12764,116.132
12765,116.132
12766,116.132
12767,116.132
12768,116.132
12769,116.132
12770,116.132
12771,116.132
12772,116.132
12773,116.132
12774,116.132
12775,116.132
12776,116.132
12777,116.132
12778,116.132
12779,116.132
12780,116.132
12781,116.132
12782,116.132
12783,116.132
12784,118.82
12785,118.82
12786,118.82
12787,118.82
12788,118.82
12789,118.82
12790,118.82
12791,118.82
12792,118.82
12793,118.82
12794,118.82
12795,118.82
12796,118.82
12797,118.82
12798,118.82
12799,118.82
12800,118.82
12801,118.82
12802,118.82
12803,118.82
12804,116.459
12805,116.459
12806,116.459
12807,116.459
12808,116.459
12809,116.459
12810,116.459
12811,116.459
12812,116.459
12813,116.459
12814,116.459
12815,116.459
12816,116.459
12817,116.459
12818,116.459
12819,116.459
12820,116.459
12821,116.459
12822,116.459
12823,116.459
12824,117.94
12825,117.94
12826,117.94
12827,117.94
12828,117.94
12829,117.94
12830,117.94
12831,117.94
12832,117.94
12833,117.94
12834,117.94
12835,117.94
12836,117.94
12837,117.94
12838,117.94
12839,117.94
12840,117.94
12841,117.94
12842,117.94
12843,117.94
12844,117.34
12845,117.34
12846,117.34
12847,117.34
12848,117.34
12849,117.34
12850,117.34
12851,117.34
12852,117.34
12853,117.34
12854,117.34
12855,117.34
12856,117.34
12857,117.34
12858,117.34
12859,117.34
12860,117.34
12861,117.34
12862,117.34
12863,117.34
12864,117.34
12865,115.579
12866,115.579
12867,115.579
12868,115.579
12869,115.579
12870,115.579
12871,115.579
12872,115.579
12873,115.579
12874,115.579
12875,115.579
12876,115.579
12877,115.579
12878,115.579
12879,115.579
12880,115.579
12881,115.579
12882,115.579
12883,115.579
12884,115.579
12885,118.485
12886,118.485
12887,118.485
12888,118.485
12889,118.485
12890,118.485
12891,118.485
12892,118.485
12893,118.485
12894,118.485
12895,118.485
12896,118.485
12897,118.485
12898,118.485
12899,118.485
12900,118.485
12901,118.485
12902,118.485
12903,118.485
12904,118.485
12905,115.251
12906,115.251
12907,115.251
12908,115.251
12909,115.251
12910,115.251
12911,115.251
12912,115.251
12913,115.251
12914,115.251
12915,115.251
12916,115.251
12917,115.251
12918,115.251
12919,115.251
12920,115.251
12921,115.251
12922,115.251
12923,115.251
12924,115.251
12925,119.42
12926,119.42
12927,119.42
12928,119.42
12929,119.42
12930,119.42
12931,119.42
12932,119.42
12933,119.42
12934,119.42
12935,119.42
12936,119.42
12937,119.42
12938,119.42
12939,119.42
12940,119.42
12941,119.42
12942,119.42
12943,119.42
12944,119.42
12945,116.732
12946,116.732
12947,116.732
12948,116.732
12949,116.732
12950,116.732
12951,116.732
12952,116.732
12953,116.732
12954,116.732
12955,116.732
12956,116.732
12957,116.732
12958,116.732
12959,116.732
12960,116.732
12961,116.732
12962,116.732
12963,116.732
12964,116.732
12965,116.132
12966,116.132
12967,116.132
12968,116.132
12969,116.132
12970,116.132
12971,116.132
12972,116.132
12973,116.132
12974,116.132
12975,116.132
12976,116.132
12977,116.132
12978,116.132
12979,116.132
12980,116.132
12981,116.132
12982,116.132
12983,116.132
12984,116.132
12985,118.212
12986,118.212
12987,118.212
12988,118.212
12989,118.212
12990,118.212
12991,118.212
12992,118.212
12993,118.212
12994,118.212
12995,118.212
12996,118.212
12997,118.212
12998,118.212
12999,118.212
13000,118.212
13001,118.212
13002,118.212
13003,118.212
13004,118.212
13005,115.579
13006,115.579
13007,115.579
13008,115.579
13009,115.579
13010,115.579
13011,115.579
13012,115.579
13013,115.579
13014,115.579
13015,115.579
13016,115.579
13017,115.579
13018,115.579
13019,115.579
13020,115.579
13021,115.579
13022,115.579
13023,115.579
13024,115.579
13025,119.42
13026,119.42
13027,119.42
13028,119.42
13029,119.42
13030,119.42
13031,119.42
13032,119.42
13033,119.42
13034,119.42
13035,119.42
13036,119.42
13037,119.42
13038,119.42
13039,119.42
13040,119.42
13041,119.42
13042,119.42
13043,119.42
13044,119.42
13045,116.579
13046,116.579
13047,116.579
13048,116.579
13049,116.579
13050,116.579
13051,116.579
13052,116.579
13053,116.579
13054,116.579
13055,116.579
13056,116.579
13057,116.579
13058,116.579
13059,116.579
13060,116.579
13061,116.579
13062,116.579
13063,116.579
13064,116.579
13065,118.212
13066,118.212
13067,118.212
13068,118.212
13069,118.212
13070,118.212
13071,118.212
13072,118.212
13073,118.212
13074,118.212
13075,118.212
13076,118.212
13077,118.212
13078,118.212
13079,118.212
13080,118.212
13081,118.212
13082,118.212
13083,118.212
13084,118.212
13085,118.212
13086,117.612
13087,117.612
13088,117.612
13089,117.612
13090,117.612
13091,117.612
13092,117.612
13093,117.612
13094,117.612
13095,117.612
13096,117.612
13097,117.612
13098,117.612
13099,117.612
13100,117.612
13101,117.612
13102,117.612
13103,117.612
13104,117.612
13105,117.612
13106,115.859
13107,115.859
13108,115.859
13109,115.859
13110,115.859
13111,115.859
13112,115.859
13113,115.859
13114,115.859
13115,115.859
13116,115.859
13117,115.859
13118,115.859
13119,115.859
13120,115.859
13121,115.859
13122,115.859
13123,115.859
13124,115.859
13125,115.859
13126,119.093
13127,119.093
13128,119.093
13129,119.093
13130,119.093
13131,119.093
13132,119.093
13133,119.093
13134,119.093
13135,119.093
13136,119.093
13137,119.093
13138,119.093
13139,119.093
13140,119.093
13141,119.093
13142,119.093
13143,119.093
13144,119.093
13145,119.093
13146,116.132
13147,116.132
13148,116.132
13149,116.132
13150,116.132
13151,116.132
13152,116.132
13153,116.132
13154,116.132
13155,116.132
13156,116.132
13157,116.132
13158,116.132
13159,116.132
13160,116.132
13161,116.132
13162,116.132
13163,116.132
13164,116.132
13165,116.132
13166,119.42
13167,119.42
13168,119.42
13169,119.42
13170,119.42
13171,119.42
13172,119.42
13173,119.42
13174,119.42
13175,119.42
13176,119.42
13177,119.42
13178,119.42
13179,119.42
13180,119.42
13181,119.42
13182,119.42
13183,119.42
13184,119.42
13185,119.42
13186,117.059
13187,117.059
13188,117.059
13189,117.059
13190,117.059
13191,117.059
13192,117.059
13193,117.059
13194,117.059
13195,117.059
13196,117.059
13197,117.059
13198,117.059
13199,117.059
13200,117.059
13201,117.059
13202,117.059
13203,117.059
13204,117.059
13205,117.059
13206,115.251
13207,115.251
13208,115.251
13209,115.251
13210,115.251
13211,115.251
13212,115.251
13213,115.251
13214,115.251
13215,115.251
13216,115.251
13217,115.251
13218,115.251
13219,115.251
13220,115.251
13221,115.251
13222,115.251
13223,115.251
13224,115.251
13225,115.251
13226,115.251
13227,118.212
13228,118.212
13229,118.212
13230,118.212
13231,118.212
13232,118.212
13233,118.212
13234,118.212
13235,118.212
13236,118.212
13237,118.212
13238,118.212
13239,118.212
13240,118.212
13241,118.212
13242,118.212
13243,118.212
13244,118.212
13245,118.212
13246,115.579
13247,115.579
13248,115.579
13249,115.579
13250,115.579
13251,115.579
13252,115.579
13253,115.579
13254,115.579
13255,115.579
13256,115.579
13257,115.579
13258,115.579
13259,115.579
13260,115.579
13261,115.579
13262,115.579
13263,115.579
13264,115.579
13265,115.579
13266,119.42
13267,119.42
13268,119.42
13269,119.42
13270,119.42
13271,119.42
13272,119.42
13273,119.42
13274,119.42
13275,119.42
13276,119.42
13277,119.42
13278,119.42
13279,119.42
13280,119.42
13281,119.42
13282,119.42
13283,119.42
13284,119.42
13285,119.42
13286,119.42
13287,116.459
13288,116.459
13289,116.459
13290,116.459
13291,116.459
13292,116.459
13293,116.459
13294,116.459
13295,116.459
13296,116.459
13297,116.459
13298,116.459
13299,116.459
13300,116.459
13301,116.459
13302,116.459
13303,116.459
13304,116.459
13305,116.459
13306,116.459
13307,116.459
13308,116.459
13309,116.459
13310,116.459
13311,116.459
13312,116.459
13313,116.459
13314,116.459
13315,116.459
13316,116.459
13317,116.459
13318,116.459
13319,116.459
13320,116.459
13321,116.459
13322,116.459
13323,116.459
13324,116.459
13325,116.459
13326,116.459
13327,118.212
13328,118.212
13329,118.212
13330,118.212
13331,118.212
13332,118.212
13333,118.212
13334,118.212
13335,118.212
13336,118.212
13337,118.212
13338,118.212
13339,118.212
13340,118.212
13341,118.212
13342,118.212
13343,118.212
13344,118.212
13345,118.212
13346,118.212
13347,115.859
13348,115.859
13349,115.859
13350,115.859
13351,115.859
13352,115.859
13353,115.859
13354,115.859
13355,115.859
13356,115.859
13357,115.859
13358,115.859
13359,115.859
13360,115.859
13361,115.859
13362,115.859
13363,115.859
13364,115.859
13365,115.859
13366,115.859
13367,119.42
13368,119.42
13369,119.42
13370,119.42
13371,119.42
13372,119.42
13373,119.42
13374,119.42
13375,119.42
13376,119.42
13377,119.42
13378,119.42
13379,119.42
13380,119.42
13381,119.42
13382,119.42
13383,119.42
13384,119.42
13385,119.42
13386,119.42
13387,116.132
13388,116.132
13389,116.132
13390,116.132
13391,116.132
13392,116.132
13393,116.132
13394,116.132
13395,116.132
13396,116.132
13397,116.132
13398,116.132
13399,116.132
13400,116.132
13401,116.132
13402,116.132
13403,116.132
13404,116.132
13405,116.132
13406,116.132
13407,118.212
13408,118.212
13409,118.212
13410,118.212
13411,118.212
13412,118.212
13413,118.212
13414,118.212
13415,118.212
13416,118.212
13417,118.212
13418,118.212
13419,118.212
13420,118.212
13421,118.212
13422,118.212
13423,118.212
13424,118.212
13425,118.212
13426,118.212
13427,117.94
13428,117.94
13429,117.94
13430,117.94
13431,117.94
13432,117.94
13433,117.94
13434,117.94
13435,117.94
13436,117.94
13437,117.94
13438,117.94
13439,117.94
13440,117.94
13441,117.94
13442,117.94
13443,117.94
13444,117.94
13445,117.94
13446,117.94
13447,115.251
13448,115.251
13449,115.251
13450,115.251
13451,115.251
13452,115.251
13453,115.251
13454,115.251
13455,115.251
13456,115.251
13457,115.251
13458,115.251
13459,115.251
13460,115.251
13461,115.251
13462,115.251
13463,115.251
13464,115.251
13465,115.251
13466,115.251
13467,115.251
13468,119.093
13469,119.093
13470,119.093
13471,119.093
13472,119.093
13473,119.093
13474,119.093
13475,119.093
13476,119.093
13477,119.093
13478,119.093
13479,119.093
13480,119.093
13481,119.093
13482,119.093
13483,119.093
13484,119.093
13485,119.093
13486,119.093
13487,119.093
13488,115.579
13489,115.579
13490,115.579
13491,115.579
13492,115.579
13493,115.579
13494,115.579
13495,115.579
13496,115.579
13497,115.579
13498,115.579
13499,115.579
13500,115.579
13501,115.579
13502,115.579
13503,115.579
13504,115.579
13505,115.579
13506,115.579
13507,115.579
13508,119.693
13509,119.693
13510,119.693
13511,119.693
13512,119.693
13513,119.693
13514,119.693
13515,119.693
13516,119.693
13517,119.693
13518,119.693
13519,119.693
13520,119.693
13521,119.693
13522,119.693
13523,119.693
13524,119.693
13525,119.693
13526,119.693
13527,119.693
13528,117.34
13529,117.34
13530,117.34
13531,117.34
13532,117.34
13533,117.34
13534,117.34
13535,117.34
13536,117.34
13537,117.34
13538,117.34
13539,117.34
13540,117.34
13541,117.34
13542,117.34
13543,117.34
13544,117.34
13545,117.34
13546,117.34
13547,117.34
13548,115.579
13549,115.579
13550,115.579
13551,115.579
13552,115.579
13553,115.579
13554,115.579
13555,115.579
13556,115.579
13557,115.579
13558,115.579
13559,115.579
13560,115.579
13561,115.579
13562,115.579
13563,115.579
13564,115.579
13565,115.579
13566,115.579
13567,115.579
13568,118.212
13569,118.212
13570,118.212
13571,118.212
13572,118.212
13573,118.212
13574,118.212
13575,118.212
13576,118.212
13577,118.212
13578,118.212
13579,118.212
13580,118.212
13581,118.212
13582,118.212
13583,118.212
13584,118.212
13585,118.212
13586,118.212
13587,118.212
13588,118.212
13589,115.579
13590,115.579
13591,115.579
13592,115.579
13593,115.579
13594,115.579
13595,115.579
13596,115.579
13597,115.579
13598,115.579
13599,115.579
13600,115.579
13601,115.579
13602,115.579
13603,115.579
13604,115.579
13605,115.579
13606,115.579
13607,115.579
13608,119.693
13609,119.693
13610,119.693
13611,119.693
13612,119.693
13613,119.693
13614,119.693
13615,119.693
13616,119.693
13617,119.693
13618,119.693
13619,119.693
13620,119.693
13621,119.693
13622,119.693
13623,119.693
13624,119.693
13625,119.693
13626,119.693
13627,119.693
13628,116.459
13629,116.459
13630,116.459
13631,116.459
13632,116.459
13633,116.459
13634,116.459
13635,116.459
13636,116.459
13637,116.459
13638,116.459
13639,116.459
13640,116.459
13641,116.459
13642,116.459
13643,116.459
13644,116.459
13645,116.459
13646,116.459
13647,116.459
13648,116.132
13649,116.132
13650,116.132
13651,116.132
13652,116.132
13653,116.132
13654,116.132
13655,116.132
13656,116.132
13657,116.132
13658,116.132
13659,116.132
13660,116.132
13661,116.132
13662,116.132
13663,116.132
13664,116.132
13665,116.132
13666,116.132
13667,116.132
13668,116.132
13669,118.212
13670,118.212
13671,118.212
13672,118.212
13673,118.212
13674,118.212
13675,118.212
13676,118.212
13677,118.212
13678,118.212
13679,118.212
13680,118.212
13681,118.212
13682,118.212
13683,118.212
13684,118.212
13685,118.212
13686,118.212
13687,118.212
13688,118.212
13689,115.859
13690,115.859
13691,115.859
13692,115.859
13693,115.859
13694,115.859
13695,115.859
13696,115.859
13697,115.859
13698,115.859
13699,115.859
13700,115.859
13701,115.859
13702,115.859
13703,115.859
13704,115.859
13705,115.859
13706,115.859
13707,115.859
13708,115.859
13709,119.42
13710,119.42
13711,119.42
13712,119.42
13713,119.42
13714,119.42
13715,119.42
13716,119.42
13717,119.42
13718,119.42
13719,119.42
13720,119.42
13721,119.42
13722,119.42
13723,119.42
13724,119.42
13725,119.42
13726,119.42
13727,119.42
13728,119.42
13729,116.732
13730,116.732
13731,116.732
13732,116.732
13733,116.732
13734,116.732
13735,116.732
13736,116.732
13737,116.732
13738,116.732
13739,116.732
13740,116.732
13741,116.732
13742,116.732
13743,116.732
13744,116.732
13745,116.732
13746,116.732
13747,116.732
13748,116.732
13749,118.212
13750,118.212
13751,118.212
13752,118.212
13753,118.212
13754,118.212
13755,118.212
13756,118.212
13757,118.212
13758,118.212
13759,118.212
13760,118.212
13761,118.212
13762,118.212
13763,118.212
13764,118.212
13765,118.212
13766,118.212
13767,118.212
13768,118.212
13769,117.34
13770,117.34
13771,117.34
13772,117.34
13773,117.34
13774,117.34
13775,117.34
13776,117.34
13777,117.34
13778,117.34
13779,117.34
13780,117.34
13781,117.34
13782,117.34
13783,117.34
13784,117.34
13785,117.34
13786,117.34
13787,117.34
13788,117.34
13789,114.979
13790,114.979
13791,114.979
13792,114.979
13793,114.979
13794,114.979
13795,114.979
13796,114.979
13797,114.979
13798,114.979
13799,114.979
13800,114.979
13801,114.979
13802,114.979
13803,114.979
13804,114.979
13805,114.979
13806,114.979
13807,114.979
13808,114.979
13809,118.82
13810,118.82
13811,118.82
13812,118.82
13813,118.82
13814,118.82
13815,118.82
13816,118.82
13817,118.82
13818,118.82
13819,118.82
13820,118.82
13821,118.82
13822,118.82
13823,118.82
13824,118.82
13825,118.82
13826,118.82
13827,118.82
13828,118.82
13829,115.579
13830,115.579
13831,115.579
13832,115.579
13833,115.579
13834,115.579
13835,115.579
13836,115.579
13837,115.579
13838,115.579
13839,115.579
13840,115.579
13841,115.579
13842,115.579
13843,115.579
13844,115.579
13845,115.579
13846,115.579
13847,115.579
13848,115.579
13849,119.693
13850,119.693
13851,119.693
13852,119.693
13853,119.693
13854,119.693
13855,119.693
13856,119.693
13857,119.693
13858,119.693
13859,119.693
13860,119.693
13861,119.693
13862,119.693
13863,119.693
13864,119.693
13865,119.693
13866,119.693
13867,119.693
13868,119.693
13869,117.34
13870,117.34
13871,117.34
13872,117.34
13873,117.34
13874,117.34
13875,117.34
13876,117.34
13877,117.34
13878,117.34
13879,117.34
13880,117.34
13881,117.34
13882,117.34
13883,117.34
13884,117.34
13885,117.34
13886,117.34
13887,117.34
13888,117.34
13889,115.859
13890,115.859
13891,115.859
13892,115.859
13893,115.859
13894,115.859
13895,115.859
13896,115.859
13897,115.859
13898,115.859
13899,115.859
13900,115.859
13901,115.859
13902,115.859
13903,115.859
13904,115.859
13905,115.859
13906,115.859
13907,115.859
13908,115.859
13909,115.859
13910,117.94
13911,117.94
13912,117.94
13913,117.94
13914,117.94
13915,117.94
13916,117.94
13917,117.94
13918,117.94
13919,117.94
13920,117.94
13921,117.94
13922,117.94
13923,117.94
13924,117.94
13925,117.94
13926,117.94
13927,117.94
13928,117.94
13929,117.94
13930,115.251
13931,115.251
13932,115.251
13933,115.251
13934,115.251
13935,115.251
13936,115.251
13937,115.251
13938,115.251
13939,115.251
13940,115.251
13941,115.251
13942,115.251
13943,115.251
13944,115.251
13945,115.251
13946,115.251
13947,115.251
13948,115.251
13949,115.251
13950,119.973
13951,119.973
13952,119.973
13953,119.973
13954,119.973
13955,119.973
13956,119.973
13957,119.973
13958,119.973
13959,119.973
13960,119.973
13961,119.973
13962,119.973
13963,119.973
13964,119.973
13965,119.973
13966,119.973
13967,119.973
13968,119.973
13969,119.973
13970,116.132
13971,116.132
13972,116.132
13973,116.132
13974,116.132
13975,116.132
13976,116.132
13977,116.132
13978,116.132
13979,116.132
13980,116.132
13981,116.132
13982,116.132
13983,116.132
13984,116.132
13985,116.132
13986,116.132
13987,116.132
13988,116.132
13989,116.132
13990,118.212
13991,118.212
13992,118.212
13993,118.212
13994,118.212
13995,118.212
13996,118.212
13997,118.212
13998,118.212
13999,118.212
14000,118.212
14001,118.212
14002,118.212
14003,118.212
14004,118.212
14005,118.212
14006,118.212
14007,118.212
14008,118.212
14009,118.212
14010,117.94
14011,117.94
14012,117.94
14013,117.94
14014,117.94
14015,117.94
14016,117.94
14017,117.94
14018,117.94
14019,117.94
14020,117.94
14021,117.94
14022,117.94
14023,117.94
14024,117.94
14025,117.94
14026,117.94
14027,117.94
14028,117.94
14029,117.94
14030,115.859
14031,115.859
14032,115.859
14033,115.859
14034,115.859
14035,115.859
14036,115.859
14037,115.859
14038,115.859
14039,115.859
14040,115.859
14041,115.859
14042,115.859
14043,115.859
14044,115.859
14045,115.859
14046,115.859
14047,115.859
14048,115.859
14049,115.859
14050,119.093
14051,119.093
14052,119.093
14053,119.093
14054,119.093
14055,119.093
14056,119.093
14057,119.093
14058,119.093
14059,119.093
14060,119.093
14061,119.093
14062,119.093
14063,119.093
14064,119.093
14065,119.093
14066,119.093
14067,119.093
14068,119.093
14069,119.093
14070,115.579
14071,115.579
14072,115.579
14073,115.579
14074,115.579
14075,115.579
14076,115.579
14077,115.579
14078,115.579
14079,115.579
14080,115.579
14081,115.579
14082,115.579
14083,115.579
14084,115.579
14085,115.579
14086,115.579
14087,115.579
14088,115.579
14089,115.579
14090,119.093
14091,119.093
14092,119.093
14093,119.093
14094,119.093
14095,119.093
14096,119.093
14097,119.093
14098,119.093
14099,119.093
14100,119.093
14101,119.093
14102,119.093
14103,119.093
14104,119.093
14105,119.093
14106,119.093
14107,119.093
14108,119.093
14109,119.093
14110,117.059
14111,117.059
14112,117.059
14113,117.059
14114,117.059
14115,117.059
14116,117.059
14117,117.059
14118,117.059
14119,117.059
14120,117.059
14121,117.059
14122,117.059
14123,117.059
14124,117.059
14125,117.059
14126,117.059
14127,117.059
14128,117.059
14129,117.059
14130,117.059
14131,115.579
14132,115.579
14133,115.579
14134,115.579
14135,115.579
14136,115.579
14137,115.579
14138,115.579
14139,115.579
14140,115.579
14141,115.579
14142,115.579
14143,115.579
14144,115.579
14145,115.579
14146,115.579
14147,115.579
14148,115.579
14149,115.579
14150,115.579
14151,118.485
14152,118.485
14153,118.485
14154,118.485
14155,118.485
14156,118.485
14157,118.485
14158,118.485
14159,118.485
14160,118.485
14161,118.485
14162,118.485
14163,118.485
14164,118.485
14165,118.485
14166,118.485
14167,118.485
14168,118.485
14169,118.485
14170,118.485
14171,115.579
14172,115.579
14173,115.579
14174,115.579
14175,115.579
14176,115.579
14177,115.579
14178,115.579
14179,115.579
14180,115.579
14181,115.579
14182,115.579
14183,115.579
14184,115.579
14185,115.579
14186,115.579
14187,115.579
14188,115.579
14189,115.579
14190,115.579
14191,119.973
14192,119.973
14193,119.973
14194,119.973
14195,119.973
14196,119.973
14197,119.973
14198,119.973
14199,119.973
14200,119.973
14201,119.973
14202,119.973
14203,119.973
14204,119.973
14205,119.973
14206,119.973
14207,119.973
14208,119.973
14209,119.973
14210,119.973
14211,116.732
14212,116.732
14213,116.732
14214,116.732
14215,116.732
14216,116.732
14217,116.732
14218,116.732
14219,116.732
14220,116.732
14221,116.732
14222,116.732
14223,116.732
14224,116.732
14225,116.732
14226,116.732
14227,116.732
14228,116.732
14229,116.732
14230,116.732
14231,116.132
14232,116.132
14233,116.132
14234,116.132
14235,116.132
14236,116.132
14237,116.132
14238,116.132
14239,116.132
14240,116.132
14241,116.132
14242,116.132
14243,116.132
14244,116.132
14245,116.132
14246,116.132
14247,116.132
14248,116.132
14249,116.132
14250,116.132
14251,118.485
14252,118.485
14253,118.485
14254,118.485
14255,118.485
14256,118.485
14257,118.485
14258,118.485
14259,118.485
14260,118.485
14261,118.485
14262,118.485
14263,118.485
14264,118.485
14265,118.485
14266,118.485
14267,118.485
14268,118.485
14269,118.485
14270,118.485
14271,116.132
14272,116.132
14273,116.132
14274,116.132
14275,116.132
14276,116.132
14277,116.132
14278,116.132
14279,116.132
14280,116.132
14281,116.132
14282,116.132
14283,116.132
14284,116.132
14285,116.132
14286,116.132
14287,116.132
14288,116.132
14289,116.132
14290,116.132
14291,119.693
14292,119.693
14293,119.693
14294,119.693
14295,119.693
14296,119.693
14297,119.693
14298,119.693
14299,119.693
14300,119.693
14301,119.693
14302,119.693
14303,119.693
14304,119.693
14305,119.693
14306,119.693
14307,119.693
14308,119.693
14309,119.693
14310,119.693
14311,116.459
14312,116.459
14313,116.459
14314,116.459
14315,116.459
14316,116.459
14317,116.459
14318,116.459
14319,116.459
14320,116.459
14321,116.459
14322,116.459
14323,116.459
14324,116.459
14325,116.459
14326,116.459
14327,116.459
14328,116.459
14329,116.459
14330,116.459
14331,118.212
14332,118.212
14333,118.212
14334,118.212
14335,118.212
14336,118.212
14337,118.212
14338,118.212
14339,118.212
14340,118.212
14341,118.212
14342,118.212
14343,118.212
14344,118.212
14345,118.212
14346,118.212
14347,118.212
14348,118.212
14349,118.212
14350,118.212
14351,118.212
14352,117.94
14353,117.94
14354,117.94
14355,117.94
14356,117.94
14357,117.94
14358,117.94
14359,117.94
14360,117.94
14361,117.94
14362,117.94
14363,117.94
14364,117.94
14365,117.94
14366,117.94
14367,117.94
14368,117.94
14369,117.94
14370,117.94
14371,117.94
14372,115.579
14373,115.579
14374,115.579
14375,115.579
14376,115.579
14377,115.579
14378,115.579
14379,115.579
14380,115.579
14381,115.579
14382,115.579
14383,115.579
14384,115.579
14385,115.579
14386,115.579
14387,115.579
14388,115.579
14389,115.579
14390,115.579
14391,115.579
14392,118.82
14393,118.82
14394,118.82
14395,118.82
14396,118.82
14397,118.82
14398,118.82
14399,118.82
14400,118.82
14401,118.82
14402,118.82
14403,118.82
14404,118.82
14405,118.82
14406,118.82
14407,118.82
14408,118.82
14409,118.82
14410,118.82
14411,118.82
14412,115.579
14413,115.579
14414,115.579
14415,115.579
14416,115.579
14417,115.579
14418,115.579
14419,115.579
14420,115.579
14421,115.579
14422,115.579
14423,115.579
14424,115.579
14425,115.579
14426,115.579
14427,115.579
14428,115.579
14429,115.579
14430,115.579
14431,115.579
14432,119.693
14433,119.693
14434,119.693
14435,119.693
14436,119.693
14437,119.693
14438,119.693
14439,119.693
14440,119.693
14441,119.693
14442,119.693
14443,119.693
14444,119.693
14445,119.693
14446,119.693
14447,119.693
14448,119.693
14449,119.693
14450,119.693
14451,119.693
14452,117.34
14453,117.34
14454,117.34
14455,117.34
14456,117.34
14457,117.34
14458,117.34
14459,117.34
14460,117.34
14461,117.34
14462,117.34
14463,117.34
14464,117.34
14465,117.34
14466,117.34
14467,117.34
14468,117.34
14469,117.34
14470,117.34
14471,117.34
14472,115.859
14473,115.859
14474,115.859
14475,115.859
14476,115.859
14477,115.859
14478,115.859
14479,115.859
14480,115.859
14481,115.859
14482,115.859
14483,115.859
14484,115.859
14485,115.859
14486,115.859
14487,115.859
14488,115.859
14489,115.859
14490,115.859
14491,115.859
14492,117.94
14493,117.94
14494,117.94
14495,117.94
14496,117.94
14497,117.94
14498,117.94
14499,117.94
14500,117.94
14501,117.94
14502,117.94
14503,117.94
14504,117.94
14505,117.94
14506,117.94
14507,117.94
14508,117.94
14509,117.94
14510,117.94
14511,117.94
14512,115.579
14513,115.579
14514,115.579
14515,115.579
14516,115.579
14517,115.579
14518,115.579
14519,115.579
14520,115.579
14521,115.579
14522,115.579
14523,115.579
14524,115.579
14525,115.579
14526,115.579
14527,115.579
14528,115.579
14529,115.579
14530,115.579
14531,115.579
14532,119.973
14533,119.973
14534,119.973
14535,119.973
14536,119.973
14537,119.973
14538,119.973
14539,119.973
14540,119.973
14541,119.973
14542,119.973
14543,119.973
14544,119.973
14545,119.973
14546,119.973
14547,119.973
14548,119.973
14549,119.973
14550,119.973
14551,119.973
14552,116.132
14553,116.132
14554,116.132
14555,116.132
14556,116.132
14557,116.132
14558,116.132
14559,116.132
14560,116.132
14561,116.132
14562,116.132
14563,116.132
14564,116.132
14565,116.132
14566,116.132
14567,116.132
14568,116.132
14569,116.132
14570,116.132
14571,116.132
14572,117.612
14573,117.612
14574,117.612
14575,117.612
14576,117.612
14577,117.612
14578,117.612
14579,117.612
14580,117.612
14581,117.612
14582,117.612
14583,117.612
14584,117.612
14585,117.612
14586,117.612
14587,117.612
14588,117.612
14589,117.612
14590,117.612
14591,117.612
14592,117.94
14593,117.94
14594,117.94
14595,117.94
14596,117.94
14597,117.94
14598,117.94
14599,117.94
14600,117.94
14601,117.94
14602,117.94
14603,117.94
14604,117.94
14605,117.94
14606,117.94
14607,117.94
14608,117.94
14609,117.94
14610,117.94
14611,117.94
14612,117.94
14613,115.859
14614,115.859
14615,115.859
14616,115.859
14617,115.859
14618,115.859
14619,115.859
14620,115.859
14621,115.859
14622,115.859
14623,115.859
14624,115.859
14625,115.859
14626,115.859
14627,115.859
14628,115.859
14629,115.859
14630,115.859
14631,115.859
14632,115.859
14633,119.093
14634,119.093
14635,119.093
14636,119.093
14637,119.093
14638,119.093
14639,119.093
14640,119.093
14641,119.093
14642,119.093
14643,119.093
14644,119.093
14645,119.093
14646,119.093
14647,119.093
14648,119.093
14649,119.093
14650,119.093
14651,119.093
14652,119.093
14653,116.459
14654,116.459
14655,116.459
14656,116.459
14657,116.459
14658,116.459
14659,116.459
14660,116.459
14661,116.459
14662,116.459
14663,116.459
14664,116.459
14665,116.459
14666,116.459
14667,116.459
14668,116.459
14669,116.459
14670,116.459
14671,116.459
14672,116.459
14673,119.093
14674,119.093
14675,119.093
14676,119.093
14677,119.093
14678,119.093
14679,119.093
14680,119.093
14681,119.093
14682,119.093
14683,119.093
14684,119.093
14685,119.093
14686,119.093
14687,119.093
14688,119.093
14689,119.093
14690,119.093
14691,119.093
14692,119.093
14693,117.34
14694,117.34
14695,117.34
14696,117.34
14697,117.34
14698,117.34
14699,117.34
14700,117.34
14701,117.34
14702,117.34
14703,117.34
14704,117.34
14705,117.34
14706,117.34
14707,117.34
14708,117.34
14709,117.34
14710,117.34
14711,117.34
14712,117.34
14713,115.251
14714,115.251
14715,115.251
14716,115.251
14717,115.251
14718,115.251
14719,115.251
14720,115.251
14721,115.251
14722,115.251
14723,115.251
14724,115.251
14725,115.251
14726,115.251
14727,115.251
14728,115.251
14729,115.251
14730,115.251
14731,115.251
14732,115.251
14733,118.212
14734,118.212
14735,118.212
14736,118.212
14737,118.212
14738,118.212
14739,118.212
14740,118.212
14741,118.212
14742,118.212
14743,118.212
14744,118.212
14745,118.212
14746,118.212
14747,118.212
14748,118.212
14749,118.212
14750,118.212
14751,118.212
14752,118.212
14753,115.859
14754,115.859
14755,115.859
14756,115.859
14757,115.859
14758,115.859
14759,115.859
14760,115.859
14761,115.859
14762,115.859
14763,115.859
14764,115.859
14765,115.859
14766,115.859
14767,115.859
14768,115.859
14769,115.859
14770,115.859
14771,115.859
14772,115.859
14773,119.693
14774,119.693
14775,119.693
14776,119.693
14777,119.693
14778,119.693
14779,119.693
14780,119.693
14781,119.693
14782,119.693
14783,119.693
14784,119.693
14785,119.693
14786,119.693
14787,119.693
14788,119.693
14789,119.693
14790,119.693
14791,119.693
14792,119.693
14793,116.732
14794,116.732
14795,116.732
14796,116.732
14797,116.732
14798,116.732
14799,116.732
14800,116.732
14801,116.732
14802,116.732
14803,116.732
14804,116.732
14805,116.732
14806,116.732
14807,116.732
14808,116.732
14809,116.732
14810,116.732
14811,116.732
14812,116.732
14813,116.459
14814,116.459
14815,116.459
14816,116.459
14817,116.459
14818,116.459
14819,116.459
14820,116.459
14821,116.459
14822,116.459
14823,116.459
14824,116.459
14825,116.459
14826,116.459
14827,116.459
14828,116.459
14829,116.459
14830,116.459
14831,116.459
14832,116.459
14833,118.485
14834,118.485
14835,118.485
14836,118.485
14837,118.485
14838,118.485
14839,118.485
14840,118.485
14841,118.485
14842,118.485
14843,118.485
14844,118.485
14845,118.485
14846,118.485
14847,118.485
14848,118.485
14849,118.485
14850,118.485
14851,118.485
14852,118.485
14853,118.485
14854,116.132
14855,116.132
14856,116.132
14857,116.132
14858,116.132
14859,116.132
14860,116.132
14861,116.132
14862,116.132
14863,116.132
14864,116.132
14865,116.132
14866,116.132
14867,116.132
14868,116.132
14869,116.132
14870,116.132
14871,116.132
14872,116.132
14873,116.132
14874,119.693
14875,119.693
14876,119.693
14877,119.693
14878,119.693
14879,119.693
14880,119.693
14881,119.693
14882,119.693
14883,119.693
14884,119.693
14885,119.693
14886,119.693
14887,119.693
14888,119.693
14889,119.693
14890,119.693
14891,119.693
14892,119.693
14893,119.693
14894,116.732
14895,116.732
14896,116.732
14897,116.732
14898,116.732
14899,116.732
14900,116.732
14901,116.732
14902,116.732
14903,116.732
14904,116.732
14905,116.732
14906,116.732
14907,116.732
14908,116.732
14909,116.732
14910,116.732
14911,116.732
14912,116.732
14913,116.732
14914,118.212
14915,118.212
14916,118.212
14917,118.212
14918,118.212
14919,118.212
14920,118.212
14921,118.212
14922,118.212
14923,118.212
14924,118.212
14925,118.212
14926,118.212
14927,118.212
14928,118.212
14929,118.212
14930,118.212
14931,118.212
14932,118.212
14933,118.212
14934,117.94
14935,117.94
14936,117.94
14937,117.94
14938,117.94
14939,117.94
14940,117.94
14941,117.94
14942,117.94
14943,117.94
14944,117.94
14945,117.94
14946,117.94
14947,117.94
14948,117.94
14949,117.94
14950,117.94
14951,117.94
14952,117.94
14953,117.94
14954,115.859
14955,115.859
14956,115.859
14957,115.859
14958,115.859
14959,115.859
14960,115.859
14961,115.859
14962,115.859
14963,115.859
14964,115.859
14965,115.859
14966,115.859
14967,115.859
14968,115.859
14969,115.859
14970,115.859
14971,115.859
14972,115.859
14973,115.859
14974,118.82
14975,118.82
14976,118.82
14977,118.82
14978,118.82
14979,118.82
14980,118.82
14981,118.82
14982,118.82
14983,118.82
14984,118.82
14985,118.82
14986,118.82
14987,118.82
14988,118.82
14989,118.82
14990,118.82
14991,118.82
14992,118.82
14993,118.82
14994,115.859
14995,115.859
14996,115.859
14997,115.859
14998,115.859
14999,115.859
15000,115.859
15001,115.859
15002,115.859
15003,115.859
15004,115.859
15005,115.859
15006,115.859
15007,115.859
15008,115.859
15009,115.859
15010,115.859
15011,115.859
15012,115.859
15013,115.859
15014,118.82
15015,118.82
15016,118.82
15017,118.82
15018,118.82
15019,118.82
15020,118.82
15021,118.82
15022,118.82
15023,118.82
15024,118.82
15025,118.82
15026,118.82
15027,118.82
15028,118.82
15029,118.82
15030,118.82
15031,118.82
15032,118.82
15033,118.82
15034,117.34
15035,117.34
15036,117.34
15037,117.34
15038,117.34
15039,117.34
15040,117.34
15041,117.34
15042,117.34
15043,117.34
15044,117.34
15045,117.34
15046,117.34
15047,117.34
15048,117.34
15049,117.34
15050,117.34
15051,117.34
15052,117.34
15053,117.34
15054,117.34
15055,115.251
15056,115.251
15057,115.251
15058,115.251
15059,115.251
15060,115.251
15061,115.251
15062,115.251
15063,115.251
15064,115.251
15065,115.251
15066,115.251
15067,115.251
15068,115.251
15069,115.251
15070,115.251
15071,115.251
15072,115.251
15073,115.251
15074,115.251
15075,117.94
15076,117.94
15077,117.94
15078,117.94
15079,117.94
15080,117.94
15081,117.94
15082,117.94
15083,117.94
15084,117.94
15085,117.94
15086,117.94
15087,117.94
15088,117.94
15089,117.94
15090,117.94
15091,117.94
15092,117.94
15093,117.94
15094,117.94
15095,115.251
15096,115.251
15097,115.251
15098,115.251
15099,115.251
15100,115.251
15101,115.251
15102,115.251
15103,115.251
15104,115.251
15105,115.251
15106,115.251
15107,115.251
15108,115.251
15109,115.251
15110,115.251
15111,115.251
15112,115.251
15113,115.251
15114,115.251
15115,119.973
15116,119.973
15117,119.973
15118,119.973
15119,119.973
15120,119.973
15121,119.973
15122,119.973
15123,119.973
15124,119.973
15125,119.973
15126,119.973
15127,119.973
15128,119.973
15129,119.973
15130,119.973
15131,119.973
15132,119.973
15133,119.973
15134,119.973
15135,116.459
15136,116.459
15137,116.459
15138,116.459
15139,116.459
15140,116.459
15141,116.459
15142,116.459
15143,116.459
15144,116.459
15145,116.459
15146,116.459
15147,116.459
15148,116.459
15149,116.459
15150,116.459
15151,116.459
15152,116.459
15153,116.459
15154,116.459
15155,117.059
15156,117.059
15157,117.059
15158,117.059
15159,117.059
15160,117.059
15161,117.059
15162,117.059
15163,117.059
15164,117.059
15165,117.059
15166,117.059
15167,117.059
15168,117.059
15169,117.059
15170,117.059
15171,117.059
15172,117.059
15173,117.059
15174,117.059
15175,117.94
15176,117.94
15177,117.94
15178,117.94
15179,117.94
15180,117.94
15181,117.94
15182,117.94
15183,117.94
15184,117.94
15185,117.94
15186,117.94
15187,117.94
15188,117.94
15189,117.94
15190,117.94
15191,117.94
15192,117.94
15193,117.94
15194,117.94
15195,116.459
15196,116.459
15197,116.459
15198,116.459
15199,116.459
15200,116.459
15201,116.459
15202,116.459
15203,116.459
15204,116.459
15205,116.459
15206,116.459
15207,116.459
15208,116.459
15209,116.459
15210,116.459
15211,116.459
15212,116.459
15213,116.459
15214,116.459
15215,119.42
15216,119.42
15217,119.42
15218,119.42
15219,119.42
15220,119.42
15221,119.42
15222,119.42
15223,119.42
15224,119.42
15225,119.42
15226,119.42
15227,119.42
15228,119.42
15229,119.42
15230,119.42
15231,119.42
15232,119.42
15233,119.42
15234,119.42
15235,119.42
15236,116.459
15237,116.459
15238,116.459
15239,116.459
15240,116.459
15241,116.459
15242,116.459
15243,116.459
15244,116.459
15245,116.459
15246,116.459
15247,116.459
15248,116.459
15249,116.459
15250,116.459
15251,116.459
15252,116.459
15253,116.459
15254,116.459
15255,116.459
15256,117.94
15257,117.94
15258,117.94
15259,117.94
15260,117.94
15261,117.94
15262,117.94
15263,117.94
15264,117.94
15265,117.94
15266,117.94
15267,117.94
15268,117.94
15269,117.94
15270,117.94
15271,117.94
15272,117.94
15273,117.94
15274,117.94
15275,117.94
15276,117.612
15277,117.612
15278,117.612
15279,117.612
15280,117.612
15281,117.612
15282,117.612
15283,117.612
15284,117.612
15285,117.612
15286,117.612
15287,117.612
15288,117.612
15289,117.612
15290,117.612
15291,117.612
15292,117.612
15293,117.612
15294,117.612
15295,117.612
15296,115.579
15297,115.579
15298,115.579
15299,115.579
15300,115.579
15301,115.579
15302,115.579
15303,115.579
15304,115.579
15305,115.579
15306,115.579
15307,115.579
15308,115.579
15309,115.579
15310,115.579
15311,115.579
15312,115.579
15313,115.579
15314,115.579
15315,115.579
15316,118.485
15317,118.485
15318,118.485
15319,118.485
15320,118.485
15321,118.485
15322,118.485
15323,118.485
15324,118.485
15325,118.485
15326,118.485
15327,118.485
15328,118.485
15329,118.485
15330,118.485
15331,118.485
15332,118.485
15333,118.485
15334,118.485
15335,118.485
15336,115.251
15337,115.251
15338,115.251
15339,115.251
15340,115.251
15341,115.251
15342,115.251
15343,115.251
15344,115.251
15345,115.251
15346,115.251
15347,115.251
15348,115.251
15349,115.251
15350,115.251
15351,115.251
15352,115.251
15353,115.251
15354,115.251
15355,115.251
15356,119.693
15357,119.693
15358,119.693
15359,119.693
15360,119.693
15361,119.693
15362,119.693
15363,119.693
15364,119.693
15365,119.693
15366,119.693
15367,119.693
15368,119.693
15369,119.693
15370,119.693
15371,119.693
15372,119.693
15373,119.693
15374,119.693
15375,119.693
15376,116.732
15377,116.732
15378,116.732
15379,116.732
15380,116.732
15381,116.732
15382,116.732
15383,116.732
15384,116.732
15385,116.732
15386,116.732
15387,116.732
15388,116.732
15389,116.732
15390,116.732
15391,116.732
15392,116.732
15393,116.732
15394,116.732
15395,116.732
15396,115.579
15397,115.579
15398,115.579
15399,115.579
15400,115.579
15401,115.579
15402,115.579
15403,115.579
15404,115.579
15405,115.579
15406,115.579
15407,115.579
15408,115.579
15409,115.579
15410,115.579
15411,115.579
15412,115.579
15413,115.579
15414,115.579
15415,115.579
15416,117.94
15417,117.94
15418,117.94
15419,117.94
15420,117.94
15421,117.94
15422,117.94
15423,117.94
15424,117.94
15425,117.94
15426,117.94
15427,117.94
15428,117.94
15429,117.94
15430,117.94
15431,117.94
15432,117.94
15433,117.94
15434,117.94
15435,117.94
15436,115.859
15437,115.859
15438,115.859
15439,115.859
15440,115.859
15441,115.859
15442,115.859
15443,115.859
15444,115.859
15445,115.859
15446,115.859
15447,115.859
15448,115.859
15449,115.859
15450,115.859
15451,115.859
15452,115.859
15453,115.859
15454,115.859
15455,115.859
15456,119.973
15457,119.973
15458,119.973
15459,119.973
15460,119.973
15461,119.973
15462,119.973
15463,119.973
15464,119.973
15465,119.973
15466,119.973
15467,119.973
15468,119.973
15469,119.973
15470,119.973
15471,119.973
15472,119.973
15473,119.973
15474,119.973
15475,119.973
15476,119.973
15477,116.459
15478,116.459
15479,116.459
15480,116.459
15481,116.459
15482,116.459
15483,116.459
15484,116.459
15485,116.459
15486,116.459
15487,116.459
15488,116.459
15489,116.459
15490,116.459
15491,116.459
15492,116.459
15493,116.459
15494,116.459
15495,116.459
15496,116.459
15497,118.485
15498,118.485
15499,118.485
15500,118.485
15501,118.485
15502,118.485
15503,118.485
15504,118.485
15505,118.485
15506,118.485
15507,118.485
15508,118.485
15509,118.485
15510,118.485
15511,118.485
15512,118.485
15513,118.485
15514,118.485
15515,118.485
15516,118.485
15517,117.94
15518,117.94
15519,117.94
15520,117.94
15521,117.94
15522,117.94
15523,117.94
15524,117.94
15525,117.94
15526,117.94
15527,117.94
15528,117.94
15529,117.94
15530,117.94
15531,117.94
15532,117.94
15533,117.94
15534,117.94
15535,117.94
15536,117.94
15537,116.459
15538,116.459
15539,116.459
15540,116.459
15541,116.459
15542,116.459
15543,116.459
15544,116.459
15545,116.459
15546,116.459
15547,116.459
15548,116.459
15549,116.459
15550,116.459
15551,116.459
15552,116.459
15553,116.459
15554,116.459
15555,116.459
15556,116.459
15557,119.093
15558,119.093
15559,119.093
15560,119.093
15561,119.093
15562,119.093
15563,119.093
15564,119.093
15565,119.093
15566,119.093
15567,119.093
15568,119.093
15569,119.093
15570,119.093
15571,119.093
15572,119.093
15573,119.093
15574,119.093
15575,119.093
15576,119.093
15577,115.579
15578,115.579
15579,115.579
15580,115.579
15581,115.579
15582,115.579
15583,115.579
15584,115.579
15585,115.579
15586,115.579
15587,115.579
15588,115.579
15589,115.579
15590,115.579
15591,115.579
15592,115.579
15593,115.579
15594,115.579
15595,115.579
15596,115.579
15597,118.212
15598,118.212
15599,118.212
15600,118.212
15601,118.212
15602,118.212
15603,118.212
15604,118.212
15605,118.212
15606,118.212
15607,118.212
15608,118.212
15609,118.212
15610,118.212
15611,118.212
15612,118.212
15613,118.212
15614,118.212
15615,118.212
15616,118.212
15617,117.34
15618,117.34
15619,117.34
15620,117.34
15621,117.34
15622,117.34
15623,117.34
15624,117.34
15625,117.34
15626,117.34
15627,117.34
15628,117.34
15629,117.34
15630,117.34
15631,117.34
15632,117.34
15633,117.34
15634,117.34
15635,117.34
15636,117.34
15637,117.34
15638,115.579
15639,115.579
15640,115.579
15641,115.579
15642,115.579
15643,115.579
15644,115.579
15645,115.579
15646,115.579
15647,115.579
15648,115.579
15649,115.579
15650,115.579
15651,115.579
15652,115.579
15653,115.579
15654,115.579
15655,115.579
15656,115.579
15657,115.579
15658,118.485
15659,118.485
15660,118.485
15661,118.485
15662,118.485
15663,118.485
15664,118.485
15665,118.485
15666,118.485
15667,118.485
15668,118.485
15669,118.485
15670,118.485
15671,118.485
15672,118.485
15673,118.485
15674,118.485
15675,118.485
15676,118.485
15677,118.485
15678,115.579
15679,115.579
15680,115.579
15681,115.579
15682,115.579
15683,115.579
15684,115.579
15685,115.579
15686,115.579
15687,115.579
15688,115.579
15689,115.579
15690,115.579
15691,115.579
15692,115.579
15693,115.579
15694,115.579
15695,115.579
15696,115.579
15697,115.579
15698,119.973
15699,119.973
15700,119.973
15701,119.973
15702,119.973
15703,119.973
15704,119.973
15705,119.973
15706,119.973
15707,119.973
15708,119.973
15709,119.973
15710,119.973
15711,119.973
15712,119.973
15713,119.973
15714,119.973
15715,119.973
15716,119.973
15717,119.973
15718,116.732
15719,116.732
15720,116.732
15721,116.732
15722,116.732
15723,116.732
15724,116.732
15725,116.732
15726,116.732
15727,116.732
15728,116.732
15729,116.732
15730,116.732
15731,116.732
15732,116.732
15733,116.732
15734,116.732
15735,116.732
15736,116.732
15737,116.732
15738,116.459
15739,116.459
15740,116.459
15741,116.459
15742,116.459
15743,116.459
15744,116.459
15745,116.459
15746,116.459
15747,116.459
15748,116.459
15749,116.459
15750,116.459
15751,116.459
15752,116.459
15753,116.459
15754,116.459
15755,116.459
15756,116.459
15757,116.459
15758,118.485
15759,118.485
15760,118.485
15761,118.485
15762,118.485
15763,118.485
15764,118.485
15765,118.485
15766,118.485
15767,118.485
15768,118.485
15769,118.485
15770,118.485
15771,118.485
15772,118.485
15773,118.485
15774,118.485
15775,118.485
15776,118.485
15777,118.485
15778,115.579
15779,115.579
15780,115.579
15781,115.579
15782,115.579
15783,115.579
15784,115.579
15785,115.579
15786,115.579
15787,115.579
15788,115.579
15789,115.579
15790,115.579
15791,115.579
15792,115.579
15793,115.579
15794,115.579
15795,115.579
15796,115.579
15797,115.579
15798,119.42
15799,119.42
15800,119.42
15801,119.42
15802,119.42
15803,119.42
15804,119.42
15805,119.42
15806,119.42
15807,119.42
15808,119.42
15809,119.42
15810,119.42
15811,119.42
15812,119.42
15813,119.42
15814,119.42
15815,119.42
15816,119.42
15817,119.42
15818,116.459
15819,116.459
15820,116.459
15821,116.459
15822,116.459
15823,116.459
15824,116.459
15825,116.459
15826,116.459
15827,116.459
15828,116.459
15829,116.459
15830,116.459
15831,116.459
15832,116.459
15833,116.459
15834,116.459
15835,116.459
15836,116.459
15837,116.459
15838,118.82
15839,118.82
15840,118.82
15841,118.82
15842,118.82
15843,118.82
15844,118.82
15845,118.82
15846,118.82
15847,118.82
15848,118.82
15849,118.82
15850,118.82
15851,118.82
15852,118.82
15853,118.82
15854,118.82
15855,118.82
15856,118.82
15857,118.82
15858,118.82
15859,117.94
15860,117.94
15861,117.94
15862,117.94
15863,117.94
15864,117.94
15865,117.94
15866,117.94
15867,117.94
15868,117.94
15869,117.94
15870,117.94
15871,117.94
15872,117.94
15873,117.94
15874,117.94
15875,117.94
15876,117.94
15877,117.94
15878,117.94
15879,116.132
15880,116.132
15881,116.132
15882,116.132
15883,116.132
15884,116.132
15885,116.132
15886,116.132
15887,116.132
15888,116.132
15889,116.132
15890,116.132
15891,116.132
15892,116.132
15893,116.132
15894,116.132
15895,116.132
15896,116.132
15897,116.132
15898,116.132
15899,118.82
15900,118.82
15901,118.82
15902,118.82
15903,118.82
15904,118.82
15905,118.82
15906,118.82
15907,118.82
15908,118.82
15909,118.82
15910,118.82
15911,118.82
15912,118.82
15913,118.82
15914,118.82
15915,118.82
15916,118.82
15917,118.82
15918,118.82
15919,115.579
15920,115.579
15921,115.579
15922,115.579
15923,115.579
15924,115.579
15925,115.579
15926,115.579
15927,115.579
15928,115.579
15929,115.579
15930,115.579
15931,115.579
15932,115.579
15933,115.579
15934,115.579
15935,115.579
15936,115.579
15937,115.579
15938,115.579
15939,119.093
15940,119.093
15941,119.093
15942,119.093
15943,119.093
15944,119.093
15945,119.093
15946,119.093
15947,119.093
15948,119.093
15949,119.093
15950,119.093
15951,119.093
15952,119.093
15953,119.093
15954,119.093
15955,119.093
15956,119.093
15957,119.093
15958,119.093
15959,117.34
15960,117.34
15961,117.34
15962,117.34
15963,117.34
15964,117.34
15965,117.34
15966,117.34
15967,117.34
15968,117.34
15969,117.34
15970,117.34
15971,117.34
15972,117.34
15973,117.34
15974,117.34
15975,117.34
15976,117.34
15977,117.34
15978,117.34
15979,115.579
15980,115.579
15981,115.579
15982,115.579
15983,115.579
15984,115.579
15985,115.579
15986,115.579
15987,115.579
15988,115.579
15989,115.579
15990,115.579
15991,115.579
15992,115.579
15993,115.579
15994,115.579
15995,115.579
15996,115.579
15997,115.579
15998,115.579
15999,118.212
16000,118.212
16001,118.212
16002,118.212
16003,118.212
16004,118.212
16005,118.212
16006,118.212
16007,118.212
16008,118.212
16009,118.212
16010,118.212
16011,118.212
16012,118.212
16013,118.212
16014,118.212
16015,118.212
16016,118.212
16017,118.212
16018,118.212
16019,115.251
16020,115.251
16021,115.251
16022,115.251
16023,115.251
16024,115.251
16025,115.251
16026,115.251
16027,115.251
16028,115.251
16029,115.251
16030,115.251
16031,115.251
16032,115.251
16033,115.251
16034,115.251
16035,115.251
16036,115.251
16037,115.251
16038,115.251
16039,119.973
16040,119.973
16041,119.973
16042,119.973
16043,119.973
16044,119.973
16045,119.973
16046,119.973
16047,119.973
16048,119.973
16049,119.973
16050,119.973
16051,119.973
16052,119.973
16053,119.973
16054,119.973
16055,119.973
16056,119.973
16057,119.973
16058,119.973
16059,116.732
16060,116.732
16061,116.732
16062,116.732
16063,116.732
16064,116.732
16065,116.732
16066,116.732
16067,116.732
16068,116.732
16069,116.732
16070,116.732
16071,116.732
16072,116.732
16073,116.732
16074,116.732
16075,116.732
16076,116.732
16077,116.732
16078,116.732
16079,116.732
16080,117.059
16081,117.059
16082,117.059
16083,117.059
16084,117.059
16085,117.059
16086,117.059
16087,117.059
16088,117.059
16089,117.059
16090,117.059
16091,117.059
16092,117.059
16093,117.059
16094,117.059
16095,117.059
16096,117.059
16097,117.059
16098,117.059
16099,117.059
16100,118.485
16101,118.485
16102,118.485
16103,118.485
16104,118.485
16105,118.485
16106,118.485
16107,118.485
16108,118.485
16109,118.485
16110,118.485
16111,118.485
16112,118.485
16113,118.485
16114,118.485
16115,118.485
16116,118.485
16117,118.485
16118,118.485
16119,118.485
16120,116.132
16121,116.132
16122,116.132
16123,116.132
16124,116.132
16125,116.132
16126,116.132
16127,116.132
16128,116.132
16129,116.132
16130,116.132
16131,116.132
16132,116.132
16133,116.132
16134,116.132
16135,116.132
16136,116.132
16137,116.132
16138,116.132
16139,116.132
16140,119.42
16141,119.42
16142,119.42
16143,119.42
16144,119.42
16145,119.42
16146,119.42
16147,119.42
16148,119.42
16149,119.42
16150,119.42
16151,119.42
16152,119.42
16153,119.42
16154,119.42
16155,119.42
16156,119.42
16157,119.42
16158,119.42
16159,119.42
16160,116.732
16161,116.732
16162,116.732
16163,116.732
16164,116.732
16165,116.732
16166,116.732
16167,116.732
16168,116.732
16169,116.732
16170,116.732
16171,116.732
16172,116.732
16173,116.732
16174,116.732
16175,116.732
16176,116.732
16177,116.732
16178,116.732
16179,116.732
16180,118.82
16181,118.82
16182,118.82
16183,118.82
16184,118.82
16185,118.82
16186,118.82
16187,118.82
16188,118.82
16189,118.82
16190,118.82
16191,118.82
16192,118.82
16193,118.82
16194,118.82
16195,118.82
16196,118.82
16197,118.82
16198,118.82
16199,118.82
16200,118.212
16201,118.212
16202,118.212
16203,118.212
16204,118.212
16205,118.212
16206,118.212
16207,118.212
16208,118.212
16209,118.212
16210,118.212
16211,118.212
16212,118.212
16213,118.212
16214,118.212
16215,118.212
16216,118.212
16217,118.212
16218,118.212
16219,118.212
16220,115.251
16221,115.251
16222,115.251
16223,115.251
16224,115.251
16225,115.251
16226,115.251
16227,115.251
16228,115.251
16229,115.251
16230,115.251
16231,115.251
16232,115.251
16233,115.251
16234,115.251
16235,115.251
16236,115.251
16237,115.251
16238,115.251
16239,115.251
16240,118.82
16241,118.82
16242,118.82
16243,118.82
16244,118.82
16245,118.82
16246,118.82
16247,118.82
16248,118.82
16249,118.82
16250,118.82
16251,118.82
16252,118.82
16253,118.82
16254,118.82
16255,118.82
16256,118.82
16257,118.82
16258,118.82
16259,118.82
16260,115.859
16261,115.859
16262,115.859
16263,115.859
16264,115.859
16265,115.859
16266,115.859
16267,115.859
16268,115.859
16269,115.859
16270,115.859
16271,115.859
16272,115.859
16273,115.859
16274,115.859
16275,115.859
16276,115.859
16277,115.859
16278,115.859
16279,115.859
16280,119.693
16281,119.693
16282,119.693
16283,119.693
16284,119.693
16285,119.693
16286,119.693
16287,119.693
16288,119.693
16289,119.693
16290,119.693
16291,119.693
16292,119.693
16293,119.693
16294,119.693
16295,119.693
16296,119.693
16297,119.693
16298,119.693
16299,119.693
16300,119.693
16301,117.34
16302,117.34
16303,117.34
16304,117.34
16305,117.34
16306,117.34
16307,117.34
16308,117.34
16309,117.34
16310,117.34
16311,117.34
16312,117.34
16313,117.34
16314,117.34
16315,117.34
16316,117.34
16317,117.34
16318,117.34
16319,117.34
16320,117.34
16321,115.859
16322,115.859
16323,115.859
16324,115.859
16325,115.859
16326,115.859
16327,115.859
16328,115.859
16329,115.859
16330,115.859
16331,115.859
16332,115.859
16333,115.859
16334,115.859
16335,115.859
16336,115.859
16337,115.859
16338,115.859
16339,115.859
16340,115.859
16341,118.212
16342,118.212
16343,118.212
16344,118.212
16345,118.212
16346,118.212
16347,118.212
16348,118.212
16349,118.212
16350,118.212
16351,118.212
16352,118.212
16353,118.212
16354,118.212
16355,118.212
16356,118.212
16357,118.212
16358,118.212
16359,118.212
16360,118.212
16361,115.251
16362,115.251
16363,115.251
16364,115.251
16365,115.251
16366,115.251
16367,115.251
16368,115.251
16369,115.251
16370,115.251
16371,115.251
16372,115.251
16373,115.251
16374,115.251
16375,115.251
16376,115.251
16377,115.251
16378,115.251
16379,115.251
16380,115.251
16381,119.973
16382,119.973
16383,119.973
16384,119.973
16385,119.973
16386,119.973
16387,119.973
16388,119.973
16389,119.973
16390,119.973
16391,119.973
16392,119.973
16393,119.973
16394,119.973
16395,119.973
16396,119.973
16397,119.973
16398,119.973
16399,119.973
16400,119.973
16401,116.459
16402,116.459
16403,116.459
16404,116.459
16405,116.459
16406,116.459
16407,116.459
16408,116.459
16409,116.459
16410,116.459
16411,116.459
16412,116.459
16413,116.459
16414,116.459
16415,116.459
16416,116.459
16417,116.459
16418,116.459
16419,116.459
16420,116.459
16421,117.612
16422,117.612
16423,117.612
16424,117.612
16425,117.612
16426,117.612
16427,117.612
16428,117.612
16429,117.612
16430,117.612
16431,117.612
16432,117.612
16433,117.612
16434,117.612
16435,117.612
16436,117.612
16437,117.612
16438,117.612
16439,117.612
16440,117.612
16441,117.94
16442,117.94
16443,117.94
16444,117.94
16445,117.94
16446,117.94
16447,117.94
16448,117.94
16449,117.94
16450,117.94
16451,117.94
16452,117.94
16453,117.94
16454,117.94
16455,117.94
16456,117.94
16457,117.94
16458,117.94
16459,117.94
16460,117.94
16461,116.132
16462,116.132
16463,116.132
16464,116.132
16465,116.132
16466,116.132
16467,116.132
16468,116.132
16469,116.132
16470,116.132
16471,116.132
16472,116.132
16473,116.132
16474,116.132
16475,116.132
16476,116.132
16477,116.132
16478,116.132
16479,116.132
16480,116.132
16481,119.42
16482,119.42
16483,119.42
16484,119.42
16485,119.42
16486,119.42
16487,119.42
16488,119.42
16489,119.42
16490,119.42
16491,119.42
16492,119.42
16493,119.42
16494,119.42
16495,119.42
16496,119.42
16497,119.42
16498,119.42
16499,119.42
16500,119.42
16501,116.132
16502,116.132
16503,116.132
16504,116.132
16505,116.132
16506,116.132
16507,116.132
16508,116.132
16509,116.132
16510,116.132
16511,116.132
16512,116.132
16513,116.132
16514,116.132
16515,116.132
16516,116.132
16517,116.132
16518,116.132
16519,116.132
16520,116.132
16521,116.132
16522,119.093
16523,119.093
16524,119.093
16525,119.093
16526,119.093
16527,119.093
16528,119.093
16529,119.093
16530,119.093
16531,119.093
16532,119.093
16533,119.093
16534,119.093
16535,119.093
16536,119.093
16537,119.093
16538,119.093
16539,119.093
16540,119.093
16541,119.093
16542,117.34
16543,117.34
16544,117.34
16545,117.34
16546,117.34
16547,117.34
16548,117.34
16549,117.34
16550,117.34
16551,117.34
16552,117.34
16553,117.34
16554,117.34
16555,117.34
16556,117.34
16557,117.34
16558,117.34
16559,117.34
16560,117.34
16561,117.34
16562,115.251
16563,115.251
16564,115.251
16565,115.251
16566,115.251
16567,115.251
16568,115.251
16569,115.251
16570,115.251
16571,115.251
16572,115.251
16573,115.251
16574,115.251
16575,115.251
16576,115.251
16577,115.251
16578,115.251
16579,115.251
16580,115.251
16581,115.251
16582,118.485
16583,118.485
16584,118.485
16585,118.485
16586,118.485
16587,118.485
16588,118.485
16589,118.485
16590,118.485
16591,118.485
16592,118.485
16593,118.485
16594,118.485
16595,118.485
16596,118.485
16597,118.485
16598,118.485
16599,118.485
16600,118.485
16601,118.485
16602,115.579
16603,115.579
16604,115.579
16605,115.579
16606,115.579
16607,115.579
16608,115.579
16609,115.579
16610,115.579
16611,115.579
16612,115.579
16613,115.579
16614,115.579
16615,115.579
16616,115.579
16617,115.579
16618,115.579
16619,115.579
16620,115.579
16621,115.579
16622,119.693
16623,119.693
16624,119.693
16625,119.693
16626,119.693
16627,119.693
16628,119.693
16629,119.693
16630,119.693
16631,119.693
16632,119.693
16633,119.693
16634,119.693
16635,119.693
16636,119.693
16637,119.693
16638,119.693
16639,119.693
16640,119.693
16641,119.693
16642,116.732
16643,116.732
16644,116.732
16645,116.732
16646,116.732
16647,116.732
16648,116.732
16649,116.732
16650,116.732
16651,116.732
16652,116.732
16653,116.732
16654,116.732
16655,116.732
16656,116.732
16657,116.732
16658,116.732
16659,116.732
16660,116.732
16661,116.732
16662,116.732
16663,116.732
16664,116.732
16665,116.732
16666,116.732
16667,116.732
16668,116.732
16669,116.732
16670,116.732
16671,116.732
16672,116.732
16673,116.732
16674,116.732
16675,116.732
16676,116.732
16677,116.732
16678,116.732
16679,116.732
16680,116.732
16681,116.732
16682,118.212
16683,118.212
16684,118.212
16685,118.212
16686,118.212
16687,118.212
16688,118.212
16689,118.212
16690,118.212
16691,118.212
16692,118.212
16693,118.212
16694,118.212
16695,118.212
16696,118.212
16697,118.212
16698,118.212
16699,118.212
16700,118.212
16701,118.212
16702,115.859
16703,115.859
16704,115.859
16705,115.859
16706,115.859
16707,115.859
16708,115.859
16709,115.859
16710,115.859
16711,115.859
16712,115.859
16713,115.859
16714,115.859
16715,115.859
16716,115.859
16717,115.859
16718,115.859
16719,115.859
16720,115.859
16721,115.859
16722,115.859
16723,119.693
16724,119.693
16725,119.693
16726,119.693
16727,119.693
16728,119.693
16729,119.693
16730,119.693
16731,119.693
16732,119.693
16733,119.693
16734,119.693
16735,119.693
16736,119.693
16737,119.693
16738,119.693
16739,119.693
16740,119.693
16741,119.693
16742,119.693
16743,116.459
16744,116.459
16745,116.459
16746,116.459
16747,116.459
16748,116.459
16749,116.459
16750,116.459
16751,116.459
16752,116.459
16753,116.459
16754,116.459
16755,116.459
16756,116.459
16757,116.459
16758,116.459
16759,116.459
16760,116.459
16761,116.459
16762,116.459
16763,118.212
16764,118.212
16765,118.212
16766,118.212
16767,118.212
16768,118.212
16769,118.212
16770,118.212
16771,118.212
16772,118.212
16773,118.212
16774,118.212
16775,118.212
16776,118.212
16777,118.212
16778,118.212
16779,118.212
16780,118.212
16781,118.212
16782,118.212
16783,117.94
16784,117.94
16785,117.94
16786,117.94
16787,117.94
16788,117.94
16789,117.94
16790,117.94
16791,117.94
16792,117.94
16793,117.94
16794,117.94
16795,117.94
16796,117.94
16797,117.94
16798,117.94
16799,117.94
16800,117.94
16801,117.94
16802,117.94
16803,115.251
16804,115.251
16805,115.251
16806,115.251
16807,115.251
16808,115.251
16809,115.251
16810,115.251
16811,115.251
16812,115.251
16813,115.251
16814,115.251
16815,115.251
16816,115.251
16817,115.251
16818,115.251
16819,115.251
16820,115.251
16821,115.251
16822,115.251
16823,119.093
16824,119.093
16825,119.093
16826,119.093
16827,119.093
16828,119.093
16829,119.093
16830,119.093
16831,119.093
16832,119.093
16833,119.093
16834,119.093
16835,119.093
16836,119.093
16837,119.093
16838,119.093
16839,119.093
16840,119.093
16841,119.093
16842,119.093
16843,115.859
16844,115.859
16845,115.859
16846,115.859
16847,115.859
16848,115.859
16849,115.859
16850,115.859
16851,115.859
16852,115.859
16853,115.859
16854,115.859
16855,115.859
16856,115.859
16857,115.859
16858,115.859
16859,115.859
16860,115.859
16861,115.859
16862,115.859
16863,119.693
16864,119.693
16865,119.693
16866,119.693
16867,119.693
16868,119.693
16869,119.693
16870,119.693
16871,119.693
16872,119.693
16873,119.693
16874,119.693
16875,119.693
16876,119.693
16877,119.693
16878,119.693
16879,119.693
16880,119.693
16881,119.693
16882,119.693
16883,117.34
16884,117.34
16885,117.34
16886,117.34
16887,117.34
16888,117.34
16889,117.34
16890,117.34
16891,117.34
16892,117.34
16893,117.34
16894,117.34
16895,117.34
16896,117.34
16897,117.34
16898,117.34
16899,117.34
16900,117.34
16901,117.34
16902,117.34
16903,115.579
16904,115.579
16905,115.579
16906,115.579
16907,115.579
16908,115.579
16909,115.579
16910,115.579
16911,115.579
16912,115.579
16913,115.579
16914,115.579
16915,115.579
16916,115.579
16917,115.579
16918,115.579
16919,115.579
16920,115.579
16921,115.579
16922,115.579
16923,115.579
16924,118.212
16925,118.212
16926,118.212
16927,118.212
16928,118.212
16929,118.212
16930,118.212
16931,118.212
16932,118.212
16933,118.212
16934,118.212
16935,118.212
16936,118.212
16937,118.212
16938,118.212
16939,118.212
16940,118.212
16941,118.212
16942,118.212
16943,118.212
16944,115.579
16945,115.579
16946,115.579
16947,115.579
16948,115.579
16949,115.579
16950,115.579
16951,115.579
16952,115.579
16953,115.579
16954,115.579
16955,115.579
16956,115.579
16957,115.579
16958,115.579
16959,115.579
16960,115.579
16961,115.579
16962,115.579
16963,115.579
16964,119.693
16965,119.693
16966,119.693
16967,119.693
16968,119.693
16969,119.693
16970,119.693
16971,119.693
16972,119.693
16973,119.693
16974,119.693
16975,119.693
16976,119.693
16977,119.693
16978,119.693
16979,119.693
16980,119.693
16981,119.693
16982,119.693
16983,119.693
16984,116.459
16985,116.459
16986,116.459
16987,116.459
16988,116.459
16989,116.459
16990,116.459
16991,116.459
16992,116.459
16993,116.459
16994,116.459
16995,116.459
16996,116.459
16997,116.459
16998,116.459
16999,116.459
17000,116.459
17001,116.459
17002,116.459
17003,116.459
17004,117.612
17005,117.612
17006,117.612
17007,117.612
17008,117.612
17009,117.612
17010,117.612
17011,117.612
17012,117.612
17013,117.612
17014,117.612
17015,117.612
17016,117.612
17017,117.612
17018,117.612
17019,117.612
17020,117.612
17021,117.612
17022,117.612
17023,117.612
17024,118.485
17025,118.485
17026,118.485
17027,118.485
17028,118.485
17029,118.485
17030,118.485
17031,118.485
17032,118.485
17033,118.485
17034,118.485
17035,118.485
17036,118.485
17037,118.485
17038,118.485
17039,118.485
17040,118.485
17041,118.485
17042,118.485
17043,118.485
17044,116.132
17045,116.132
17046,116.132
17047,116.132
17048,116.132
17049,116.132
17050,116.132
17051,116.132
17052,116.132
17053,116.132
17054,116.132
17055,116.132
17056,116.132
17057,116.132
17058,116.132
17059,116.132
17060,116.132
17061,116.132
17062,116.132
17063,116.132
17064,119.693
17065,119.693
17066,119.693
17067,119.693
17068,119.693
17069,119.693
17070,119.693
17071,119.693
17072,119.693
17073,119.693
17074,119.693
17075,119.693
17076,119.693
17077,119.693
17078,119.693
17079,119.693
17080,119.693
17081,119.693
17082,119.693
17083,119.693
17084,116.459
17085,116.459
17086,116.459
17087,116.459
17088,116.459
17089,116.459
17090,116.459
17091,116.459
17092,116.459
17093,116.459
17094,116.459
17095,116.459
17096,116.459
17097,116.459
17098,116.459
17099,116.459
17100,116.459
17101,116.459
17102,116.459
17103,116.459
17104,118.485
17105,118.485
17106,118.485
17107,118.485
17108,118.485
17109,118.485
17110,118.485
17111,118.485
17112,118.485
17113,118.485
17114,118.485
17115,118.485
17116,118.485
17117,118.485
17118,118.485
17119,118.485
17120,118.485
17121,118.485
17122,118.485
17123,118.485
17124,118.485
17125,117.612
17126,117.612
17127,117.612
17128,117.612
17129,117.612
17130,117.612
17131,117.612
17132,117.612
17133,117.612
17134,117.612
17135,117.612
17136,117.612
17137,117.612
17138,117.612
17139,117.612
17140,117.612
17141,117.612
17142,117.612
17143,117.612
17144,115.251
17145,115.251
17146,115.251
17147,115.251
17148,115.251
17149,115.251
17150,115.251
17151,115.251
17152,115.251
17153,115.251
17154,115.251
17155,115.251
17156,115.251
17157,115.251
17158,115.251
17159,115.251
17160,115.251
17161,115.251
17162,115.251
17163,115.251
17164,119.093
17165,119.093
17166,119.093
17167,119.093
17168,119.093
17169,119.093
17170,119.093
17171,119.093
17172,119.093
17173,119.093
17174,119.093
17175,119.093
17176,119.093
17177,119.093
17178,119.093
17179,119.093
17180,119.093
17181,119.093
17182,119.093
17183,119.093
17184,115.579
17185,115.579
17186,115.579
17187,115.579
17188,115.579
17189,115.579
17190,115.579
17191,115.579
17192,115.579
17193,115.579
17194,115.579
17195,115.579
17196,115.579
17197,115.579
17198,115.579
17199,115.579
17200,115.579
17201,115.579
17202,115.579
17203,115.579
17204,119.973
17205,119.973
17206,119.973
17207,119.973
17208,119.973
17209,119.973
17210,119.973
17211,119.973
17212,119.973
17213,119.973
17214,119.973
17215,119.973
17216,119.973
17217,119.973
17218,119.973
17219,119.973
17220,119.973
17221,119.973
17222,119.973
17223,119.973
17224,119.973
17225,117.059
17226,117.059
17227,117.059
17228,117.059
17229,117.059
17230,117.059
17231,117.059
17232,117.059
17233,117.059
17234,117.059
17235,117.059
17236,117.059
17237,117.059
17238,117.059
17239,117.059
17240,117.059
17241,117.059
17242,117.059
17243,117.059
17244,117.059
17245,116.132
17246,116.132
17247,116.132
17248,116.132
17249,116.132
17250,116.132
17251,116.132
17252,116.132
17253,116.132
17254,116.132
17255,116.132
17256,116.132
17257,116.132
17258,116.132
17259,116.132
17260,116.132
17261,116.132
17262,116.132
17263,116.132
17264,116.132
17265,118.212
17266,118.212
17267,118.212
17268,118.212
17269,118.212
17270,118.212
17271,118.212
17272,118.212
17273,118.212
17274,118.212
17275,118.212
17276,118.212
17277,118.212
17278,118.212
17279,118.212
17280,118.212
17281,118.212
17282,118.212
17283,118.212
17284,118.212
17285,115.859
17286,115.859
17287,115.859
17288,115.859
17289,115.859
17290,115.859
17291,115.859
17292,115.859
17293,115.859
17294,115.859
17295,115.859
17296,115.859
17297,115.859
17298,115.859
17299,115.859
17300,115.859
17301,115.859
17302,115.859
17303,115.859
17304,115.859
17305,119.693
17306,119.693
17307,119.693
17308,119.693
17309,119.693
17310,119.693
17311,119.693
17312,119.693
17313,119.693
17314,119.693
17315,119.693
17316,119.693
17317,119.693
17318,119.693
17319,119.693
17320,119.693
17321,119.693
17322,119.693
17323,119.693
17324,119.693
17325,116.132
17326,116.132
17327,116.132
17328,116.132
17329,116.132
17330,116.132
17331,116.132
17332,116.132
17333,116.132
17334,116.132
17335,116.132
17336,116.132
17337,116.132
17338,116.132
17339,116.132
17340,116.132
17341,116.132
17342,116.132
17343,116.132
17344,116.132
17345,117.94
17346,117.94
17347,117.94
17348,117.94
17349,117.94
17350,117.94
17351,117.94
17352,117.94
17353,117.94
17354,117.94
17355,117.94
17356,117.94
17357,117.94
17358,117.94
17359,117.94
17360,117.94
17361,117.94
17362,117.94
17363,117.94
17364,117.94
17365,117.94
17366,117.94
17367,117.94
17368,117.94
17369,117.94
17370,117.94
17371,117.94
17372,117.94
17373,117.94
17374,117.94
17375,117.94
17376,117.94
17377,117.94
17378,117.94
17379,117.94
17380,117.94
17381,117.94
17382,117.94
17383,117.94
17384,117.94
17385,116.132
17386,116.132
17387,116.132
17388,116.132
17389,116.132
17390,116.132
17391,116.132
17392,116.132
17393,116.132
17394,116.132
17395,116.132
17396,116.132
17397,116.132
17398,116.132
17399,116.132
17400,116.132
17401,116.132
17402,116.132
17403,116.132
17404,116.132
17405,119.093
17406,119.093
17407,119.093
17408,119.093
17409,119.093
17410,119.093
17411,119.093
17412,119.093
17413,119.093
17414,119.093
17415,119.093
17416,119.093
17417,119.093
17418,119.093
17419,119.093
17420,119.093
17421,119.093
17422,119.093
17423,119.093
17424,119.093
17425,115.978
17426,115.978
17427,115.978
17428,115.978
17429,115.978
17430,115.978
17431,115.978
17432,115.978
17433,115.978
17434,115.978
17435,115.978
17436,115.978
17437,115.978
17438,115.978
17439,115.978
17440,115.978
17441,115.978
17442,115.978
17443,115.978
17444,115.978
17445,119.543
17446,119.543
17447,119.543
17448,119.543
17449,119.543
17450,119.543
17451,119.543
17452,119.543
17453,119.543
17454,119.543
17455,119.543
17456,119.543
17457,119.543
17458,119.543
17459,119.543
17460,119.543
17461,119.543
17462,119.543
17463,119.543
17464,119.543
17465,119.543
17466,117.179
17467,117.179
17468,117.179
17469,117.179
17470,117.179
17471,117.179
17472,117.179
17473,117.179
17474,117.179
17475,117.179
17476,117.179
17477,117.179
17478,117.179
17479,117.179
17480,117.179
17481,117.179
17482,117.179
17483,117.179
17484,117.179
17485,117.179
17486,115.697
17487,115.697
17488,115.697
17489,115.697
17490,115.697
17491,115.697
17492,115.697
17493,115.697
17494,115.697
17495,115.697
17496,115.697
17497,115.697
17498,115.697
17499,115.697
17500,115.697
17501,115.697
17502,115.697
17503,115.697
17504,115.697
17505,115.697
17506,118.334
17507,118.334
17508,118.334
17509,118.334
17510,118.334
17511,118.334
17512,118.334
17513,118.334
17514,118.334
17515,118.334
17516,118.334
17517,118.334
17518,118.334
17519,118.334
17520,118.334
17521,118.334
17522,118.334
17523,118.334
17524,118.334
17525,118.334
17526,115.697
17527,115.697
17528,115.697
17529,115.697
17530,115.697
17531,115.697
17532,115.697
17533,115.697
17534,115.697
17535,115.697
17536,115.697
17537,115.697
17538,115.697
17539,115.697
17540,115.697
17541,115.697
17542,115.697
17543,115.697
17544,115.697
17545,115.697
17546,120.097
17547,120.097
17548,120.097
17549,120.097
17550,120.097
17551,120.097
17552,120.097
17553,120.097
17554,120.097
17555,120.097
17556,120.097
17557,120.097
17558,120.097
17559,120.097
17560,120.097
17561,120.097
17562,120.097
17563,120.097
17564,120.097
17565,120.097
17566,116.579
17567,116.579
17568,116.579
17569,116.579
17570,116.579
17571,116.579
17572,116.579
17573,116.579
17574,116.579
17575,116.579
17576,116.579
17577,116.579
17578,116.579
17579,116.579
17580,116.579
17581,116.579
17582,116.579
17583,116.579
17584,116.579
17585,116.579
17586,117.46
17587,117.46
17588,117.46
17589,117.46
17590,117.46
17591,117.46
17592,117.46
17593,117.46
17594,117.46
17595,117.46
17596,117.46
17597,117.46
17598,117.46
17599,117.46
17600,117.46
17601,117.46
17602,117.46
17603,117.46
17604,117.46
17605,117.46
17606,118.607
17607,118.607
17608,118.607
17609,118.607
17610,118.607
17611,118.607
17612,118.607
17613,118.607
17614,118.607
17615,118.607
17616,118.607
17617,118.607
17618,118.607
17619,118.607
17620,118.607
17621,118.607
17622,118.607
17623,118.607
17624,118.607
17625,118.607
17626,116.251
17627,116.251
17628,116.251
17629,116.251
17630,116.251
17631,116.251
17632,116.251
17633,116.251
17634,116.251
17635,116.251
17636,116.251
17637,116.251
17638,116.251
17639,116.251
17640,116.251
17641,116.251
17642,116.251
17643,116.251
17644,116.251
17645,116.251
17646,119.816
17647,119.816
17648,119.816
17649,119.816
17650,119.816
17651,119.816
17652,119.816
17653,119.816
17654,119.816
17655,119.816
17656,119.816
17657,119.816
17658,119.816
17659,119.816
17660,119.816
17661,119.816
17662,119.816
17663,119.816
17664,119.816
17665,119.816
17666,116.852
17667,116.852
17668,116.852
17669,116.852
17670,116.852
17671,116.852
17672,116.852
17673,116.852
17674,116.852
17675,116.852
17676,116.852
17677,116.852
17678,116.852
17679,116.852
17680,116.852
17681,116.852
17682,116.852
17683,116.852
17684,116.852
17685,116.852
17686,116.852
17687,118.607
17688,118.607
17689,118.607
17690,118.607
17691,118.607
17692,118.607
17693,118.607
17694,118.607
17695,118.607
17696,118.607
17697,118.607
17698,118.607
17699,118.607
17700,118.607
17701,118.607
17702,118.607
17703,118.607
17704,118.607
17705,118.607
17706,118.607
17707,117.733
17708,117.733
17709,117.733
17710,117.733
17711,117.733
17712,117.733
17713,117.733
17714,117.733
17715,117.733
17716,117.733
17717,117.733
17718,117.733
17719,117.733
17720,117.733
17721,117.733
17722,117.733
17723,117.733
17724,117.733
17725,117.733
17726,117.733
17727,115.37
17728,115.37
17729,115.37
17730,115.37
17731,115.37
17732,115.37
17733,115.37
17734,115.37
17735,115.37
17736,115.37
17737,115.37
17738,115.37
17739,115.37
17740,115.37
17741,115.37
17742,115.37
17743,115.37
17744,115.37
17745,115.37
17746,115.37
17747,119.215
17748,119.215
17749,119.215
17750,119.215
17751,119.215
17752,119.215
17753,119.215
17754,119.215
17755,119.215
17756,119.215
17757,119.215
17758,119.215
17759,119.215
17760,119.215
17761,119.215
17762,119.215
17763,119.215
17764,119.215
17765,119.215
17766,119.215
17767,115.978
17768,115.978
17769,115.978
17770,115.978
17771,115.978
17772,115.978
17773,115.978
17774,115.978
17775,115.978
17776,115.978
17777,115.978
17778,115.978
17779,115.978
17780,115.978
17781,115.978
17782,115.978
17783,115.978
17784,115.978
17785,115.978
17786,115.978
17787,120.097
17788,120.097
17789,120.097
17790,120.097
17791,120.097
17792,120.097
17793,120.097
17794,120.097
17795,120.097
17796,120.097
17797,120.097
17798,120.097
17799,120.097
17800,120.097
17801,120.097
17802,120.097
17803,120.097
17804,120.097
17805,120.097
17806,120.097
17807,117.733
17808,117.733
17809,117.733
17810,117.733
17811,117.733
17812,117.733
17813,117.733
17814,117.733
17815,117.733
17816,117.733
17817,117.733
17818,117.733
17819,117.733
17820,117.733
17821,117.733
17822,117.733
17823,117.733
17824,117.733
17825,117.733
17826,117.733
17827,116.251
17828,116.251
17829,116.251
17830,116.251
17831,116.251
17832,116.251
17833,116.251
17834,116.251
17835,116.251
17836,116.251
17837,116.251
17838,116.251
17839,116.251
17840,116.251
17841,116.251
17842,116.251
17843,116.251
17844,116.251
17845,116.251
17846,116.251
17847,118.334
17848,118.334
17849,118.334
17850,118.334
17851,118.334
17852,118.334
17853,118.334
17854,118.334
17855,118.334
17856,118.334
17857,118.334
17858,118.334
17859,118.334
17860,118.334
17861,118.334
17862,118.334
17863,118.334
17864,118.334
17865,118.334
17866,118.334
17867,115.978
17868,115.978
17869,115.978
17870,115.978
17871,115.978
17872,115.978
17873,115.978
17874,115.978
17875,115.978
17876,115.978
17877,115.978
17878,115.978
17879,115.978
17880,115.978
17881,115.978
17882,115.978
17883,115.978
17884,115.978
17885,115.978
17886,115.978
17887,120.097
17888,120.097
17889,120.097
17890,120.097
17891,120.097
17892,120.097
17893,120.097
17894,120.097
17895,120.097
17896,120.097
17897,120.097
17898,120.097
17899,120.097
17900,120.097
17901,120.097
17902,120.097
17903,120.097
17904,120.097
17905,120.097
17906,120.097
17907,116.251
17908,116.251
17909,116.251
17910,116.251
17911,116.251
17912,116.251
17913,116.251
17914,116.251
17915,116.251
17916,116.251
17917,116.251
17918,116.251
17919,116.251
17920,116.251
17921,116.251
17922,116.251
17923,116.251
17924,116.251
17925,116.251
17926,116.251
17927,116.251
17928,118.061
17929,118.061
17930,118.061
17931,118.061
17932,118.061
17933,118.061
17934,118.061
17935,118.061
17936,118.061
17937,118.061
17938,118.061
17939,118.061
17940,118.061
17941,118.061
17942,118.061
17943,118.061
17944,118.061
17945,118.061
17946,118.061
17947,118.061
17948,118.334
17949,118.334
17950,118.334
17951,118.334
17952,118.334
17953,118.334
17954,118.334
17955,118.334
17956,118.334
17957,118.334
17958,118.334
17959,118.334
17960,118.334
17961,118.334
17962,118.334
17963,118.334
17964,118.334
17965,118.334
17966,118.334
17967,118.334
17968,116.579
17969,116.579
17970,116.579
17971,116.579
17972,116.579
17973,116.579
17974,116.579
17975,116.579
17976,116.579
17977,116.579
17978,116.579
17979,116.579
17980,116.579
17981,116.579
17982,116.579
17983,116.579
17984,116.579
17985,116.579
17986,116.579
17987,116.579
17988,119.215
17989,119.215
17990,119.215
17991,119.215
17992,119.215
17993,119.215
17994,119.215
17995,119.215
17996,119.215
17997,119.215
17998,119.215
17999,119.215
18000,119.215
18001,119.215
18002,119.215
18003,119.215
18004,119.215
18005,119.215
18006,119.215
18007,119.215
18008,115.978
18009,115.978
18010,115.978
18011,115.978
18012,115.978
18013,115.978
18014,115.978
18015,115.978
18016,115.978
18017,115.978
18018,115.978
18019,115.978
18020,115.978
18021,115.978
18022,115.978
18023,115.978
18024,115.978
18025,115.978
18026,115.978
18027,115.978
18028,118.485
18029,118.485
18030,118.485
18031,118.485
18032,118.485
18033,118.485
18034,118.485
18035,118.485
18036,118.485
18037,118.485
18038,118.485
18039,118.485
18040,118.485
18041,118.485
18042,118.485
18043,118.485
18044,118.485
18045,118.485
18046,118.485
18047,118.485
18048,117.733
18049,117.733
18050,117.733
18051,117.733
18052,117.733
18053,117.733
18054,117.733
18055,117.733
18056,117.733
18057,117.733
18058,117.733
18059,117.733
18060,117.733
18061,117.733
18062,117.733
18063,117.733
18064,117.733
18065,117.733
18066,117.733
18067,117.733
18068,115.37
18069,115.37
18070,115.37
18071,115.37
18072,115.37
18073,115.37
18074,115.37
18075,115.37
18076,115.37
18077,115.37
18078,115.37
18079,115.37
18080,115.37
18081,115.37
18082,115.37
18083,115.37
18084,115.37
18085,115.37
18086,115.37
18087,115.37
18088,118.485
18089,118.485
18090,118.485
18091,118.485
18092,118.485
18093,118.485
18094,118.485
18095,118.485
18096,118.485
18097,118.485
18098,118.485
18099,118.485
18100,118.485
18101,118.485
18102,118.485
18103,118.485
18104,118.485
18105,118.485
18106,118.485
18107,118.485
18108,115.978
18109,115.978
18110,115.978
18111,115.978
18112,115.978
18113,115.978
18114,115.978
18115,115.978
18116,115.978
18117,115.978
18118,115.978
18119,115.978
18120,115.978
18121,115.978
18122,115.978
18123,115.978
18124,115.978
18125,115.978
18126,115.978
18127,115.978
18128,115.978
18129,120.097
18130,120.097
18131,120.097
18132,120.097
18133,120.097
18134,120.097
18135,120.097
18136,120.097
18137,120.097
18138,120.097
18139,120.097
18140,120.097
18141,120.097
18142,120.097
18143,120.097
18144,120.097
18145,120.097
18146,120.097
18147,120.097
18148,120.097
18149,116.852
18150,116.852
18151,116.852
18152,116.852
18153,116.852
18154,116.852
18155,116.852
18156,116.852
18157,116.852
18158,116.852
18159,116.852
18160,116.852
18161,116.852
18162,116.852
18163,116.852
18164,116.852
18165,116.852
18166,116.852
18167,116.852
18168,116.852
18169,116.132
18170,116.132
18171,116.132
18172,116.132
18173,116.132
18174,116.132
18175,116.132
18176,116.132
18177,116.132
18178,116.132
18179,116.132
18180,116.132
18181,116.132
18182,116.132
18183,116.132
18184,116.132
18185,116.132
18186,116.132
18187,116.132
18188,116.132
18189,118.485
18190,118.485
18191,118.485
18192,118.485
18193,118.485
18194,118.485
18195,118.485
18196,118.485
18197,118.485
18198,118.485
18199,118.485
18200,118.485
18201,118.485
18202,118.485
18203,118.485
18204,118.485
18205,118.485
18206,118.485
18207,118.485
18208,118.485
18209,116.459
18210,116.459
18211,116.459
18212,116.459
18213,116.459
18214,116.459
18215,116.459
18216,116.459
18217,116.459
18218,116.459
18219,116.459
18220,116.459
18221,116.459
18222,116.459
18223,116.459
18224,116.459
18225,116.459
18226,116.459
18227,116.459
18228,116.459
18229,119.693
18230,119.693
18231,119.693
18232,119.693
18233,119.693
18234,119.693
18235,119.693
18236,119.693
18237,119.693
18238,119.693
18239,119.693
18240,119.693
18241,119.693
18242,119.693
18243,119.693
18244,119.693
18245,119.693
18246,119.693
18247,119.693
18248,119.693
18249,116.852
18250,116.852
18251,116.852
18252,116.852
18253,116.852
18254,116.852
18255,116.852
18256,116.852
18257,116.852
18258,116.852
18259,116.852
18260,116.852
18261,116.852
18262,116.852
18263,116.852
18264,116.852
18265,116.852
18266,116.852
18267,116.852
18268,116.852
18269,118.485
18270,118.485
18271,118.485
18272,118.485
18273,118.485
18274,118.485
18275,118.485
18276,118.485
18277,118.485
18278,118.485
18279,118.485
18280,118.485
18281,118.485
18282,118.485
18283,118.485
18284,118.485
18285,118.485
18286,118.485
18287,118.485
18288,118.485
18289,117.94
18290,117.94
18291,117.94
18292,117.94
18293,117.94
18294,117.94
18295,117.94
18296,117.94
18297,117.94
18298,117.94
18299,117.94
18300,117.94
18301,117.94
18302,117.94
18303,117.94
18304,117.94
18305,117.94
18306,117.94
18307,117.94
18308,117.94
18309,115.978
18310,115.978
18311,115.978
18312,115.978
18313,115.978
18314,115.978
18315,115.978
18316,115.978
18317,115.978
18318,115.978
18319,115.978
18320,115.978
18321,115.978
18322,115.978
18323,115.978
18324,115.978
18325,115.978
18326,115.978
18327,115.978
18328,115.978
18329,115.978
18330,118.82
18331,118.82
18332,118.82
18333,118.82
18334,118.82
18335,118.82
18336,118.82
18337,118.82
18338,118.82
18339,118.82
18340,118.82
18341,118.82
18342,118.82
18343,118.82
18344,118.82
18345,118.82
18346,118.82
18347,118.82
18348,118.82
18349,116.132
18350,116.132
18351,116.132
18352,116.132
18353,116.132
18354,116.132
18355,116.132
18356,116.132
18357,116.132
18358,116.132
18359,116.132
18360,116.132
18361,116.132
18362,116.132
18363,116.132
18364,116.132
18365,116.132
18366,116.132
18367,116.132
18368,116.132
18369,116.132
18370,119.093
18371,119.093
18372,119.093
18373,119.093
18374,119.093
18375,119.093
18376,119.093
18377,119.093
18378,119.093
18379,119.093
18380,119.093
18381,119.093
18382,119.093
18383,119.093
18384,119.093
18385,119.093
18386,119.093
18387,119.093
18388,119.093
18389,119.093
18390,117.34
18391,117.34
18392,117.34
18393,117.34
18394,117.34
18395,117.34
18396,117.34
18397,117.34
18398,117.34
18399,117.34
18400,117.34
18401,117.34
18402,117.34
18403,117.34
18404,117.34
18405,117.34
18406,117.34
18407,117.34
18408,117.34
18409,117.34
18410,115.978
18411,115.978
18412,115.978
18413,115.978
18414,115.978
18415,115.978
18416,115.978
18417,115.978
18418,115.978
18419,115.978
18420,115.978
18421,115.978
18422,115.978
18423,115.978
18424,115.978
18425,115.978
18426,115.978
18427,115.978
18428,115.978
18429,115.978
18430,118.212
18431,118.212
18432,118.212
18433,118.212
18434,118.212
18435,118.212
18436,118.212
18437,118.212
18438,118.212
18439,118.212
18440,118.212
18441,118.212
18442,118.212
18443,118.212
18444,118.212
18445,118.212
18446,118.212
18447,118.212
18448,118.212
18449,118.212
18450,114.979
18451,114.979
18452,114.979
18453,114.979
18454,114.979
18455,114.979
18456,114.979
18457,114.979
18458,114.979
18459,114.979
18460,114.979
18461,114.979
18462,114.979
18463,114.979
18464,114.979
18465,114.979
18466,114.979
18467,114.979
18468,114.979
18469,114.979
18470,119.973
18471,119.973
18472,119.973
18473,119.973
18474,119.973
18475,119.973
18476,119.973
18477,119.973
18478,119.973
18479,119.973
18480,119.973
18481,119.973
18482,119.973
18483,119.973
18484,119.973
18485,119.973
18486,119.973
18487,119.973
18488,119.973
18489,119.973
18490,116.852
18491,116.852
18492,116.852
18493,116.852
18494,116.852
18495,116.852
18496,116.852
18497,116.852
18498,116.852
18499,116.852
18500,116.852
18501,116.852
18502,116.852
18503,116.852
18504,116.852
18505,116.852
18506,116.852
18507,116.852
18508,116.852
18509,116.852
18510,116.732
18511,116.732
18512,116.732
18513,116.732
18514,116.732
18515,116.732
18516,116.732
18517,116.732
18518,116.732
18519,116.732
18520,116.732
18521,116.732
18522,116.732
18523,116.732
18524,116.732
18525,116.732
18526,116.732
18527,116.732
18528,116.732
18529,116.732
18530,116.732
18531,118.212
18532,118.212
18533,118.212
18534,118.212
18535,118.212
18536,118.212
18537,118.212
18538,118.212
18539,118.212
18540,118.212
18541,118.212
18542,118.212
18543,118.212
18544,118.212
18545,118.212
18546,118.212
18547,118.212
18548,118.212
18549,118.212
18550,118.212
18551,116.459
18552,116.459
18553,116.459
18554,116.459
18555,116.459
18556,116.459
18557,116.459
18558,116.459
18559,116.459
18560,116.459
18561,116.459
18562,116.459
18563,116.459
18564,116.459
18565,116.459
18566,116.459
18567,116.459
18568,116.459
18569,116.459
18570,116.459
18571,119.816
18572,119.816
18573,119.816
18574,119.816
18575,119.816
18576,119.816
18577,119.816
18578,119.816
18579,119.816
18580,119.816
18581,119.816
18582,119.816
18583,119.816
18584,119.816
18585,119.816
18586,119.816
18587,119.816
18588,119.816
18589,119.816
18590,119.816
18591,116.852
18592,116.852
18593,116.852
18594,116.852
18595,116.852
18596,116.852
18597,116.852
18598,116.852
18599,116.852
18600,116.852
18601,116.852
18602,116.852
18603,116.852
18604,116.852
18605,116.852
18606,116.852
18607,116.852
18608,116.852
18609,116.852
18610,116.852
18611,118.607
18612,118.607
18613,118.607
18614,118.607
18615,118.607
18616,118.607
18617,118.607
18618,118.607
18619,118.607
18620,118.607
18621,118.607
18622,118.607
18623,118.607
18624,118.607
18625,118.607
18626,118.607
18627,118.607
18628,118.607
18629,118.607
18630,118.607
18631,117.94
18632,117.94
18633,117.94
18634,117.94
18635,117.94
18636,117.94
18637,117.94
18638,117.94
18639,117.94
18640,117.94
18641,117.94
18642,117.94
18643,117.94
18644,117.94
18645,117.94
18646,117.94
18647,117.94
18648,117.94
18649,117.94
18650,117.94
18651,115.251
18652,115.251
18653,115.251
18654,115.251
18655,115.251
18656,115.251
18657,115.251
18658,115.251
18659,115.251
18660,115.251
18661,115.251
18662,115.251
18663,115.251
18664,115.251
18665,115.251
18666,115.251
18667,115.251
18668,115.251
18669,115.251
18670,115.251
18671,118.607
18672,118.607
18673,118.607
18674,118.607
18675,118.607
18676,118.607
18677,118.607
18678,118.607
18679,118.607
18680,118.607
18681,118.607
18682,118.607
18683,118.607
18684,118.607
18685,118.607
18686,118.607
18687,118.607
18688,118.607
18689,118.607
18690,118.607
18691,115.697
18692,115.697
18693,115.697
18694,115.697
18695,115.697
18696,115.697
18697,115.697
18698,115.697
18699,115.697
18700,115.697
18701,115.697
18702,115.697
18703,115.697
18704,115.697
18705,115.697
18706,115.697
18707,115.697
18708,115.697
18709,115.697
18710,115.697
18711,119.543
18712,119.543
18713,119.543
18714,119.543
18715,119.543
18716,119.543
18717,119.543
18718,119.543
18719,119.543
18720,119.543
18721,119.543
18722,119.543
18723,119.543
18724,119.543
18725,119.543
18726,119.543
18727,119.543
18728,119.543
18729,119.543
18730,119.543
18731,119.543
18732,116.852
18733,116.852
18734,116.852
18735,116.852
18736,116.852
18737,116.852
18738,116.852
18739,116.852
18740,116.852
18741,116.852
18742,116.852
18743,116.852
18744,116.852
18745,116.852
18746,116.852
18747,116.852
18748,116.852
18749,116.852
18750,116.852
18751,116.251
18752,116.251
18753,116.251
18754,116.251
18755,116.251
18756,116.251
18757,116.251
18758,116.251
18759,116.251
18760,116.251
18761,116.251
18762,116.251
18763,116.251
18764,116.251
18765,116.251
18766,116.251
18767,116.251
18768,116.251
18769,116.251
18770,116.251
18771,116.251
18772,118.334
18773,118.334
18774,118.334
18775,118.334
18776,118.334
18777,118.334
18778,118.334
18779,118.334
18780,118.334
18781,118.334
18782,118.334
18783,118.334
18784,118.334
18785,118.334
18786,118.334
18787,118.334
18788,118.334
18789,118.334
18790,118.334
18791,118.334
18792,115.859
18793,115.859
18794,115.859
18795,115.859
18796,115.859
18797,115.859
18798,115.859
18799,115.859
18800,115.859
18801,115.859
18802,115.859
18803,115.859
18804,115.859
18805,115.859
18806,115.859
18807,115.859
18808,115.859
18809,115.859
18810,115.859
18811,115.859
18812,119.816
18813,119.816
18814,119.816
18815,119.816
18816,119.816
18817,119.816
18818,119.816
18819,119.816
18820,119.816
18821,119.816
18822,119.816
18823,119.816
18824,119.816
18825,119.816
18826,119.816
18827,119.816
18828,119.816
18829,119.816
18830,119.816
18831,119.816
18832,116.579
18833,116.579
18834,116.579
18835,116.579
18836,116.579
18837,116.579
18838,116.579
18839,116.579
18840,116.579
18841,116.579
18842,116.579
18843,116.579
18844,116.579
18845,116.579
18846,116.579
18847,116.579
18848,116.579
18849,116.579
18850,116.579
18851,116.579
18852,118.334
18853,118.334
18854,118.334
18855,118.334
18856,118.334
18857,118.334
18858,118.334
18859,118.334
18860,118.334
18861,118.334
18862,118.334
18863,118.334
18864,118.334
18865,118.334
18866,118.334
18867,118.334
18868,118.334
18869,118.334
18870,118.334
18871,118.334
18872,118.061
18873,118.061
18874,118.061
18875,118.061
18876,118.061
18877,118.061
18878,118.061
18879,118.061
18880,118.061
18881,118.061
18882,118.061
18883,118.061
18884,118.061
18885,118.061
18886,118.061
18887,118.061
18888,118.061
18889,118.061
18890,118.061
18891,118.061
18892,116.132
18893,116.132
18894,116.132
18895,116.132
18896,116.132
18897,116.132
18898,116.132
18899,116.132
18900,116.132
18901,116.132
18902,116.132
18903,116.132
18904,116.132
18905,116.132
18906,116.132
18907,116.132
18908,116.132
18909,116.132
18910,116.132
18911,116.132
18912,119.093
18913,119.093
18914,119.093
18915,119.093
18916,119.093
18917,119.093
18918,119.093
18919,119.093
18920,119.093
18921,119.093
18922,119.093
18923,119.093
18924,119.093
18925,119.093
18926,119.093
18927,119.093
18928,119.093
18929,119.093
18930,119.093
18931,119.093
18932,115.978
18933,115.978
18934,115.978
18935,115.978
18936,115.978
18937,115.978
18938,115.978
18939,115.978
18940,115.978
18941,115.978
18942,115.978
18943,115.978
18944,115.978
18945,115.978
18946,115.978
18947,115.978
18948,115.978
18949,115.978
18950,115.978
18951,115.978
18952,118.82
18953,118.82
18954,118.82
18955,118.82
18956,118.82
18957,118.82
18958,118.82
18959,118.82
18960,118.82
18961,118.82
18962,118.82
18963,118.82
18964,118.82
18965,118.82
18966,118.82
18967,118.82
18968,118.82
18969,118.82
18970,118.82
18971,118.82
18972,117.34
18973,117.34
18974,117.34
18975,117.34
18976,117.34
18977,117.34
18978,117.34
18979,117.34
18980,117.34
18981,117.34
18982,117.34
18983,117.34
18984,117.34
18985,117.34
18986,117.34
18987,117.34
18988,117.34
18989,117.34
18990,117.34
18991,117.34
18992,115.978
18993,115.978
18994,115.978
18995,115.978
18996,115.978
18997,115.978
18998,115.978
18999,115.978
19000,115.978
19001,115.978
19002,115.978
19003,115.978
19004,115.978
19005,115.978
19006,115.978
19007,115.978
19008,115.978
19009,115.978
19010,115.978
19011,115.978
19012,118.334
19013,118.334
19014,118.334
19015,118.334
19016,118.334
19017,118.334
19018,118.334
19019,118.334
19020,118.334
19021,118.334
19022,118.334
19023,118.334
19024,118.334
19025,118.334
19026,118.334
19027,118.334
19028,118.334
19029,118.334
19030,118.334
19031,118.334
19032,115.37
19033,115.37
19034,115.37
19035,115.37
19036,115.37
19037,115.37
19038,115.37
19039,115.37
19040,115.37
19041,115.37
19042,115.37
19043,115.37
19044,115.37
19045,115.37
19046,115.37
19047,115.37
19048,115.37
19049,115.37
19050,115.37
19051,115.37
19052,120.097
19053,120.097
19054,120.097
19055,120.097
19056,120.097
19057,120.097
19058,120.097
19059,120.097
19060,120.097
19061,120.097
19062,120.097
19063,120.097
19064,120.097
19065,120.097
19066,120.097
19067,120.097
19068,120.097
19069,120.097
19070,120.097
19071,120.097
19072,120.097
19073,116.852
19074,116.852
19075,116.852
19076,116.852
19077,116.852
19078,116.852
19079,116.852
19080,116.852
19081,116.852
19082,116.852
19083,116.852
19084,116.852
19085,116.852
19086,116.852
19087,116.852
19088,116.852
19089,116.852
19090,116.852
19091,116.852
19092,116.852
19093,117.179
19094,117.179
19095,117.179
19096,117.179
19097,117.179
19098,117.179
19099,117.179
19100,117.179
19101,117.179
19102,117.179
19103,117.179
19104,117.179
19105,117.179
19106,117.179
19107,117.179
19108,117.179
19109,117.179
19110,117.179
19111,117.179
19112,117.179
19113,118.212
19114,118.212
19115,118.212
19116,118.212
19117,118.212
19118,118.212
19119,118.212
19120,118.212
19121,118.212
19122,118.212
19123,118.212
19124,118.212
19125,118.212
19126,118.212
19127,118.212
19128,118.212
19129,118.212
19130,118.212
19131,118.212
19132,118.212
19133,116.579
19134,116.579
19135,116.579
19136,116.579
19137,116.579
19138,116.579
19139,116.579
19140,116.579
19141,116.579
19142,116.579
19143,116.579
19144,116.579
19145,116.579
19146,116.579
19147,116.579
19148,116.579
19149,116.579
19150,116.579
19151,116.579
19152,116.579
19153,119.693
19154,119.693
19155,119.693
19156,119.693
19157,119.693
19158,119.693
19159,119.693
19160,119.693
19161,119.693
19162,119.693
19163,119.693
19164,119.693
19165,119.693
19166,119.693
19167,119.693
19168,119.693
19169,119.693
19170,119.693
19171,119.693
19172,119.693
19173,116.852
19174,116.852
19175,116.852
19176,116.852
19177,116.852
19178,116.852
19179,116.852
19180,116.852
19181,116.852
19182,116.852
19183,116.852
19184,116.852
19185,116.852
19186,116.852
19187,116.852
19188,116.852
19189,116.852
19190,116.852
19191,116.852
19192,116.852
19193,118.485
19194,118.485
19195,118.485
19196,118.485
19197,118.485
19198,118.485
19199,118.485
19200,118.485
19201,118.485
19202,118.485
19203,118.485
19204,118.485
19205,118.485
19206,118.485
19207,118.485
19208,118.485
19209,118.485
19210,118.485
19211,118.485
19212,118.485
19213,118.212
19214,118.212
19215,118.212
19216,118.212
19217,118.212
19218,118.212
19219,118.212
19220,118.212
19221,118.212
19222,118.212
19223,118.212
19224,118.212
19225,118.212
19226,118.212
19227,118.212
19228,118.212
19229,118.212
19230,118.212
19231,118.212
19232,118.212
19233,115.579
19234,115.579
19235,115.579
19236,115.579
19237,115.579
19238,115.579
19239,115.579
19240,115.579
19241,115.579
19242,115.579
19243,115.579
19244,115.579
19245,115.579
19246,115.579
19247,115.579
19248,115.579
19249,115.579
19250,115.579
19251,115.579
19252,115.579
19253,118.82
19254,118.82
19255,118.82
19256,118.82
19257,118.82
19258,118.82
19259,118.82
19260,118.82
19261,118.82
19262,118.82
19263,118.82
19264,118.82
19265,118.82
19266,118.82
19267,118.82
19268,118.82
19269,118.82
19270,118.82
19271,118.82
19272,118.82
19273,118.82
19274,115.579
19275,115.579
19276,115.579
19277,115.579
19278,115.579
19279,115.579
19280,115.579
19281,115.579
19282,115.579
19283,115.579
19284,115.579
19285,115.579
19286,115.579
19287,115.579
19288,115.579
19289,115.579
19290,115.579
19291,115.579
19292,115.579
19293,115.579
19294,119.693
19295,119.693
19296,119.693
19297,119.693
19298,119.693
19299,119.693
19300,119.693
19301,119.693
19302,119.693
19303,119.693
19304,119.693
19305,119.693
19306,119.693
19307,119.693
19308,119.693
19309,119.693
19310,119.693
19311,119.693
19312,119.693
19313,119.693
19314,117.34
19315,117.34
19316,117.34
19317,117.34
19318,117.34
19319,117.34
19320,117.34
19321,117.34
19322,117.34
19323,117.34
19324,117.34
19325,117.34
19326,117.34
19327,117.34
19328,117.34
19329,117.34
19330,117.34
19331,117.34
19332,117.34
19333,117.34
19334,116.132
19335,116.132
19336,116.132
19337,116.132
19338,116.132
19339,116.132
19340,116.132
19341,116.132
19342,116.132
19343,116.132
19344,116.132
19345,116.132
19346,116.132
19347,116.132
19348,116.132
19349,116.132
19350,116.132
19351,116.132
19352,116.132
19353,116.132
19354,118.485
19355,118.485
19356,118.485
19357,118.485
19358,118.485
19359,118.485
19360,118.485
19361,118.485
19362,118.485
19363,118.485
19364,118.485
19365,118.485
19366,118.485
19367,118.485
19368,118.485
19369,118.485
19370,118.485
19371,118.485
19372,118.485
19373,118.485
19374,115.859
19375,115.859
19376,115.859
19377,115.859
19378,115.859
19379,115.859
19380,115.859
19381,115.859
19382,115.859
19383,115.859
19384,115.859
19385,115.859
19386,115.859
19387,115.859
19388,115.859
19389,115.859
19390,115.859
19391,115.859
19392,115.859
19393,115.859
19394,119.973
19395,119.973
19396,119.973
19397,119.973
19398,119.973
19399,119.973
19400,119.973
19401,119.973
19402,119.973
19403,119.973
19404,119.973
19405,119.973
19406,119.973
19407,119.973
19408,119.973
19409,119.973
19410,119.973
19411,119.973
19412,119.973
19413,119.973
19414,116.732
19415,116.732
19416,116.732
19417,116.732
19418,116.732
19419,116.732
19420,116.732
19421,116.732
19422,116.732
19423,116.732
19424,116.732
19425,116.732
19426,116.732
19427,116.732
19428,116.732
19429,116.732
19430,116.732
19431,116.732
19432,116.732
19433,116.732
19434,118.82
19435,118.82
19436,118.82
19437,118.82
19438,118.82
19439,118.82
19440,118.82
19441,118.82
19442,118.82
19443,118.82
19444,118.82
19445,118.82
19446,118.82
19447,118.82
19448,118.82
19449,118.82
19450,118.82
19451,118.82
19452,118.82
19453,118.82
19454,118.212
19455,118.212
19456,118.212
19457,118.212
19458,118.212
19459,118.212
19460,118.212
19461,118.212
19462,118.212
19463,118.212
19464,118.212
19465,118.212
19466,118.212
19467,118.212
19468,118.212
19469,118.212
19470,118.212
19471,118.212
19472,118.212
19473,118.212
19474,116.732
19475,116.732
19476,116.732
19477,116.732
19478,116.732
19479,116.732
19480,116.732
19481,116.732
19482,116.732
19483,116.732
19484,116.732
19485,116.732
19486,116.732
19487,116.732
19488,116.732
19489,116.732
19490,116.732
19491,116.732
19492,116.732
19493,116.732
19494,119.42
19495,119.42
19496,119.42
19497,119.42
19498,119.42
19499,119.42
19500,119.42
19501,119.42
19502,119.42
19503,119.42
19504,119.42
19505,119.42
19506,119.42
19507,119.42
19508,119.42
19509,119.42
19510,119.42
19511,119.42
19512,119.42
19513,119.42
19514,116.132
19515,116.132
19516,116.132
19517,116.132
19518,116.132
19519,116.132
19520,116.132
19521,116.132
19522,116.132
19523,116.132
19524,116.132
19525,116.132
19526,116.132
19527,116.132
19528,116.132
19529,116.132
19530,116.132
19531,116.132
19532,116.132
19533,116.132
19534,116.132
19535,119.093
19536,119.093
19537,119.093
19538,119.093
19539,119.093
19540,119.093
19541,119.093
19542,119.093
19543,119.093
19544,119.093
19545,119.093
19546,119.093
19547,119.093
19548,119.093
19549,119.093
19550,119.093
19551,119.093
19552,119.093
19553,119.093
19554,119.093
19555,117.612
19556,117.612
19557,117.612
19558,117.612
19559,117.612
19560,117.612
19561,117.612
19562,117.612
19563,117.612
19564,117.612
19565,117.612
19566,117.612
19567,117.612
19568,117.612
19569,117.612
19570,117.612
19571,117.612
19572,117.612
19573,117.612
19574,117.612
19575,115.579
19576,115.579
19577,115.579
19578,115.579
19579,115.579
19580,115.579
19581,115.579
19582,115.579
19583,115.579
19584,115.579
19585,115.579
19586,115.579
19587,115.579
19588,115.579
19589,115.579
19590,115.579
19591,115.579
19592,115.579
19593,115.579
19594,115.579
19595,118.212
19596,118.212
19597,118.212
19598,118.212
19599,118.212
19600,118.212
19601,118.212
19602,118.212
19603,118.212
19604,118.212
19605,118.212
19606,118.212
19607,118.212
19608,118.212
19609,118.212
19610,118.212
19611,118.212
19612,118.212
19613,118.212
19614,118.212
19615,115.859
19616,115.859
19617,115.859
19618,115.859
19619,115.859
19620,115.859
19621,115.859
19622,115.859
19623,115.859
19624,115.859
19625,115.859
19626,115.859
19627,115.859
19628,115.859
19629,115.859
19630,115.859
19631,115.859
19632,115.859
19633,115.859
19634,115.859
19635,120.301
19636,120.301
19637,120.301
19638,120.301
19639,120.301
19640,120.301
19641,120.301
19642,120.301
19643,120.301
19644,120.301
19645,120.301
19646,120.301
19647,120.301
19648,120.301
19649,120.301
19650,120.301
19651,120.301
19652,120.301
19653,120.301
19654,120.301
19655,117.059
19656,117.059
19657,117.059
19658,117.059
19659,117.059
19660,117.059
19661,117.059
19662,117.059
19663,117.059
19664,117.059
19665,117.059
19666,117.059
19667,117.059
19668,117.059
19669,117.059
19670,117.059
19671,117.059
19672,117.059
19673,117.059
19674,117.059
19675,116.459
19676,116.459
19677,116.459
19678,116.459
19679,116.459
19680,116.459
19681,116.459
19682,116.459
19683,116.459
19684,116.459
19685,116.459
19686,116.459
19687,116.459
19688,116.459
19689,116.459
19690,116.459
19691,116.459
19692,116.459
19693,116.459
19694,116.459
19695,118.485
19696,118.485
19697,118.485
19698,118.485
19699,118.485
19700,118.485
19701,118.485
19702,118.485
19703,118.485
19704,118.485
19705,118.485
19706,118.485
19707,118.485
19708,118.485
19709,118.485
19710,118.485
19711,118.485
19712,118.485
19713,118.485
19714,118.485
19715,116.459
19716,116.459
19717,116.459
19718,116.459
19719,116.459
19720,116.459
19721,116.459
19722,116.459
19723,116.459
19724,116.459
19725,116.459
19726,116.459
19727,116.459
19728,116.459
19729,116.459
19730,116.459
19731,116.459
19732,116.459
19733,116.459
19734,116.459
19735,116.459
19736,119.973
19737,119.973
19738,119.973
19739,119.973
19740,119.973
19741,119.973
19742,119.973
19743,119.973
19744,119.973
19745,119.973
19746,119.973
19747,119.973
19748,119.973
19749,119.973
19750,119.973
19751,119.973
19752,119.973
19753,119.973
19754,119.973
19755,119.973
19756,117.059
19757,117.059
19758,117.059
19759,117.059
19760,117.059
19761,117.059
19762,117.059
19763,117.059
19764,117.059
19765,117.059
19766,117.059
19767,117.059
19768,117.059
19769,117.059
19770,117.059
19771,117.059
19772,117.059
19773,117.059
19774,117.059
19775,117.059
19776,118.485
19777,118.485
19778,118.485
19779,118.485
19780,118.485
19781,118.485
19782,118.485
19783,118.485
19784,118.485
19785,118.485
19786,118.485
19787,118.485
19788,118.485
19789,118.485
19790,118.485
19791,118.485
19792,118.485
19793,118.485
19794,118.485
19795,118.485
19796,118.212
19797,118.212
19798,118.212
19799,118.212
19800,118.212
19801,118.212
19802,118.212
19803,118.212
19804,118.212
19805,118.212
19806,118.212
19807,118.212
19808,118.212
19809,118.212
19810,118.212
19811,118.212
19812,118.212
19813,118.212
19814,118.212
19815,118.212
19816,116.459
19817,116.459
19818,116.459
19819,116.459
19820,116.459
19821,116.459
19822,116.459
19823,116.459
19824,116.459
19825,116.459
19826,116.459
19827,116.459
19828,116.459
19829,116.459
19830,116.459
19831,116.459
19832,116.459
19833,116.459
19834,116.459
19835,116.459
19836,116.459
19837,119.093
19838,119.093
19839,119.093
19840,119.093
19841,119.093
19842,119.093
19843,119.093
19844,119.093
19845,119.093
19846,119.093
19847,119.093
19848,119.093
19849,119.093
19850,119.093
19851,119.093
19852,119.093
19853,119.093
19854,119.093
19855,119.093
19856,115.859
19857,115.859
19858,115.859
19859,115.859
19860,115.859
19861,115.859
19862,115.859
19863,115.859
19864,115.859
19865,115.859
19866,115.859
19867,115.859
19868,115.859
19869,115.859
19870,115.859
19871,115.859
19872,115.859
19873,115.859
19874,115.859
19875,115.859
19876,119.093
19877,119.093
19878,119.093
19879,119.093
19880,119.093
19881,119.093
19882,119.093
19883,119.093
19884,119.093
19885,119.093
19886,119.093
19887,119.093
19888,119.093
19889,119.093
19890,119.093
19891,119.093
19892,119.093
19893,119.093
19894,119.093
19895,119.093
19896,119.093
19897,117.612
19898,117.612
19899,117.612
19900,117.612
19901,117.612
19902,117.612
19903,117.612
19904,117.612
19905,117.612
19906,117.612
19907,117.612
19908,117.612
19909,117.612
19910,117.612
19911,117.612
19912,117.612
19913,117.612
19914,117.612
19915,117.612
19916,117.612
19917,116.459
19918,116.459
19919,116.459
19920,116.459
19921,116.459
19922,116.459
19923,116.459
19924,116.459
19925,116.459
19926,116.459
19927,116.459
19928,116.459
19929,116.459
19930,116.459
19931,116.459
19932,116.459
19933,116.459
19934,116.459
19935,116.459
19936,116.459
19937,118.82
19938,118.82
19939,118.82
19940,118.82
19941,118.82
19942,118.82
19943,118.82
19944,118.82
19945,118.82
19946,118.82
19947,118.82
19948,118.82
19949,118.82
19950,118.82
19951,118.82
19952,118.82
19953,118.82
19954,118.82
19955,118.82
19956,118.82
19957,115.579
19958,115.579
19959,115.579
19960,115.579
19961,115.579
19962,115.579
19963,115.579
19964,115.579
19965,115.579
19966,115.579
19967,115.579
19968,115.579
19969,115.579
19970,115.579
19971,115.579
19972,115.579
19973,115.579
19974,115.579
19975,115.579
19976,115.579
19977,120.301
19978,120.301
19979,120.301
19980,120.301
19981,120.301
19982,120.301
19983,120.301
19984,120.301
19985,120.301
19986,120.301
19987,120.301
19988,120.301
19989,120.301
19990,120.301
19991,120.301
19992,120.301
19993,120.301
19994,120.301
19995,120.301
19996,120.301
19997,117.059
19998,117.059
19999,117.059
20000,117.059
20001,117.059
20002,117.059
20003,117.059
20004,117.059
20005,117.059
20006,117.059
20007,117.059
20008,117.059
20009,117.059
20010,117.059
20011,117.059
20012,117.059
20013,117.059
20014,117.059
20015,117.059
20016,117.059
20017,117.34
20018,117.34
20019,117.34
20020,117.34
20021,117.34
20022,117.34
20023,117.34
20024,117.34
20025,117.34
20026,117.34
20027,117.34
20028,117.34
20029,117.34
20030,117.34
20031,117.34
20032,117.34
20033,117.34
20034,117.34
20035,117.34
20036,117.34
20037,118.82
20038,118.82
20039,118.82
20040,118.82
20041,118.82
20042,118.82
20043,118.82
20044,118.82
20045,118.82
20046,118.82
20047,118.82
20048,118.82
20049,118.82
20050,118.82
20051,118.82
20052,118.82
20053,118.82
20054,118.82
20055,118.82
20056,118.82
20057,116.459
20058,116.459
20059,116.459
20060,116.459
20061,116.459
20062,116.459
20063,116.459
20064,116.459
20065,116.459
20066,116.459
20067,116.459
20068,116.459
20069,116.459
20070,116.459
20071,116.459
20072,116.459
20073,116.459
20074,116.459
20075,116.459
20076,116.459
20077,119.693
20078,119.693
20079,119.693
20080,119.693
20081,119.693
20082,119.693
20083,119.693
20084,119.693
20085,119.693
20086,119.693
20087,119.693
20088,119.693
20089,119.693
20090,119.693
20091,119.693
20092,119.693
20093,119.693
20094,119.693
20095,119.693
20096,119.693
20097,117.059
20098,117.059
20099,117.059
20100,117.059
20101,117.059
20102,117.059
20103,117.059
20104,117.059
20105,117.059
20106,117.059
20107,117.059
20108,117.059
20109,117.059
20110,117.059
20111,117.059
20112,117.059
20113,117.059
20114,117.059
20115,117.059
20116,117.059
20117,119.42
20118,119.42
20119,119.42
20120,119.42
20121,119.42
20122,119.42
20123,119.42
20124,119.42
20125,119.42
20126,119.42
20127,119.42
20128,119.42
20129,119.42
20130,119.42
20131,119.42
20132,119.42
20133,119.42
20134,119.42
20135,119.42
20136,119.42
20137,119.42
20138,118.212
20139,118.212
20140,118.212
20141,118.212
20142,118.212
20143,118.212
20144,118.212
20145,118.212
20146,118.212
20147,118.212
20148,118.212
20149,118.212
20150,118.212
20151,118.212
20152,118.212
20153,118.212
20154,118.212
20155,118.212
20156,118.212
20157,118.212
20158,115.859
20159,115.859
20160,115.859
20161,115.859
20162,115.859
20163,115.859
20164,115.859
20165,115.859
20166,115.859
20167,115.859
20168,115.859
20169,115.859
20170,115.859
20171,115.859
20172,115.859
20173,115.859
20174,115.859
20175,115.859
20176,115.859
20177,115.859
20178,119.093
20179,119.093
20180,119.093
20181,119.093
20182,119.093
20183,119.093
20184,119.093
20185,119.093
20186,119.093
20187,119.093
20188,119.093
20189,119.093
20190,119.093
20191,119.093
20192,119.093
20193,119.093
20194,119.093
20195,119.093
20196,119.093
20197,119.093
20198,115.859
20199,115.859
20200,115.859
20201,115.859
20202,115.859
20203,115.859
20204,115.859
20205,115.859
20206,115.859
20207,115.859
20208,115.859
20209,115.859
20210,115.859
20211,115.859
20212,115.859
20213,115.859
20214,115.859
20215,115.859
20216,115.859
20217,115.859
20218,119.42
20219,119.42
20220,119.42
20221,119.42
20222,119.42
20223,119.42
20224,119.42
20225,119.42
20226,119.42
20227,119.42
20228,119.42
20229,119.42
20230,119.42
20231,119.42
20232,119.42
20233,119.42
20234,119.42
20235,119.42
20236,119.42
20237,119.42
20238,117.34
20239,117.34
20240,117.34
20241,117.34
20242,117.34
20243,117.34
20244,117.34
20245,117.34
20246,117.34
20247,117.34
20248,117.34
20249,117.34
20250,117.34
20251,117.34
20252,117.34
20253,117.34
20254,117.34
20255,117.34
20256,117.34
20257,117.34
20258,116.132
20259,116.132
20260,116.132
20261,116.132
20262,116.132
20263,116.132
20264,116.132
20265,116.132
20266,116.132
20267,116.132
20268,116.132
20269,116.132
20270,116.132
20271,116.132
20272,116.132
20273,116.132
20274,116.132
20275,116.132
20276,116.132
20277,116.132
20278,118.485
20279,118.485
20280,118.485
20281,118.485
20282,118.485
20283,118.485
20284,118.485
20285,118.485
20286,118.485
20287,118.485
20288,118.485
20289,118.485
20290,118.485
20291,118.485
20292,118.485
20293,118.485
20294,118.485
20295,118.485
20296,118.485
20297,118.485
20298,115.579
20299,115.579
20300,115.579
20301,115.579
20302,115.579
20303,115.579
20304,115.579
20305,115.579
20306,115.579
20307,115.579
20308,115.579
20309,115.579
20310,115.579
20311,115.579
20312,115.579
20313,115.579
20314,115.579
20315,115.579
20316,115.579
20317,115.579
20318,120.301
20319,120.301
20320,120.301
20321,120.301
20322,120.301
20323,120.301
20324,120.301
20325,120.301
20326,120.301
20327,120.301
20328,120.301
20329,120.301
20330,120.301
20331,120.301
20332,120.301
20333,120.301
20334,120.301
20335,120.301
20336,120.301
20337,120.301
20338,120.301
20339,117.059
20340,117.059
20341,117.059
20342,117.059
20343,117.059
20344,117.059
20345,117.059
20346,117.059
20347,117.059
20348,117.059
20349,117.059
20350,117.059
20351,117.059
20352,117.059
20353,117.059
20354,117.059
20355,117.059
20356,117.059
20357,117.059
20358,117.059
20359,119.093
20360,119.093
20361,119.093
20362,119.093
20363,119.093
20364,119.093
20365,119.093
20366,119.093
20367,119.093
20368,119.093
20369,119.093
20370,119.093
20371,119.093
20372,119.093
20373,119.093
20374,119.093
20375,119.093
20376,119.093
20377,119.093
20378,119.093
20379,118.485
20380,118.485
20381,118.485
20382,118.485
20383,118.485
20384,118.485
20385,118.485
20386,118.485
20387,118.485
20388,118.485
20389,118.485
20390,118.485
20391,118.485
20392,118.485
20393,118.485
20394,118.485
20395,118.485
20396,118.485
20397,118.485
20398,118.485
20399,116.132
20400,116.132
20401,116.132
20402,116.132
20403,116.132
20404,116.132
20405,116.132
20406,116.132
20407,116.132
20408,116.132
20409,116.132
20410,116.132
20411,116.132
20412,116.132
20413,116.132
20414,116.132
20415,116.132
20416,116.132
20417,116.132
20418,116.132
20419,119.693
20420,119.693
20421,119.693
20422,119.693
20423,119.693
20424,119.693
20425,119.693
20426,119.693
20427,119.693
20428,119.693
20429,119.693
20430,119.693
20431,119.693
20432,119.693
20433,119.693
20434,119.693
20435,119.693
20436,119.693
20437,119.693
20438,119.693
20439,116.459
20440,116.459
20441,116.459
20442,116.459
20443,116.459
20444,116.459
20445,116.459
20446,116.459
20447,116.459
20448,116.459
20449,116.459
20450,116.459
20451,116.459
20452,116.459
20453,116.459
20454,116.459
20455,116.459
20456,116.459
20457,116.459
20458,116.459
20459,119.693
20460,119.693
20461,119.693
20462,119.693
20463,119.693
20464,119.693
20465,119.693
20466,119.693
20467,119.693
20468,119.693
20469,119.693
20470,119.693
20471,119.693
20472,119.693
20473,119.693
20474,119.693
20475,119.693
20476,119.693
20477,119.693
20478,119.693
20479,117.94
20480,117.94
20481,117.94
20482,117.94
20483,117.94
20484,117.94
20485,117.94
20486,117.94
20487,117.94
20488,117.94
20489,117.94
20490,117.94
20491,117.94
20492,117.94
20493,117.94
20494,117.94
20495,117.94
20496,117.94
20497,117.94
20498,117.94
20499,115.859
20500,115.859
20501,115.859
20502,115.859
20503,115.859
20504,115.859
20505,115.859
20506,115.859
20507,115.859
20508,115.859
20509,115.859
20510,115.859
20511,115.859
20512,115.859
20513,115.859
20514,115.859
20515,115.859
20516,115.859
20517,115.859
20518,115.859
20519,118.82
20520,118.82
20521,118.82
20522,118.82
20523,118.82
20524,118.82
20525,118.82
20526,118.82
20527,118.82
20528,118.82
20529,118.82
20530,118.82
20531,118.82
20532,118.82
20533,118.82
20534,118.82
20535,118.82
20536,118.82
20537,118.82
20538,118.82
20539,118.82
20540,116.132
20541,116.132
20542,116.132
20543,116.132
20544,116.132
20545,116.132
20546,116.132
20547,116.132
20548,116.132
20549,116.132
20550,116.132
20551,116.132
20552,116.132
20553,116.132
20554,116.132
20555,116.132
20556,116.132
20557,116.132
20558,116.132
20559,116.132
20560,119.693
20561,119.693
20562,119.693
20563,119.693
20564,119.693
20565,119.693
20566,119.693
20567,119.693
20568,119.693
20569,119.693
20570,119.693
20571,119.693
20572,119.693
20573,119.693
20574,119.693
20575,119.693
20576,119.693
20577,119.693
20578,119.693
20579,119.693
20580,116.732
20581,116.732
20582,116.732
20583,116.732
20584,116.732
20585,116.732
20586,116.732
20587,116.732
20588,116.732
20589,116.732
20590,116.732
20591,116.732
20592,116.732
20593,116.732
20594,116.732
20595,116.732
20596,116.732
20597,116.732
20598,116.732
20599,116.732
20600,116.732
20601,116.732
20602,116.732
20603,116.732
20604,116.732
20605,116.732
20606,116.732
20607,116.732
20608,116.732
20609,116.732
20610,116.732
20611,116.732
20612,116.732
20613,116.732
20614,116.732
20615,116.732
20616,116.732
20617,116.732
20618,116.732
20619,116.732
20620,118.485
20621,118.485
20622,118.485
20623,118.485
20624,118.485
20625,118.485
20626,118.485
20627,118.485
20628,118.485
20629,118.485
20630,118.485
20631,118.485
20632,118.485
20633,118.485
20634,118.485
20635,118.485
20636,118.485
20637,118.485
20638,118.485
20639,118.485
20640,116.132
20641,116.132
20642,116.132
20643,116.132
20644,116.132
20645,116.132
20646,116.132
20647,116.132
20648,116.132
20649,116.132
20650,116.132
20651,116.132
20652,116.132
20653,116.132
20654,116.132
20655,116.132
20656,116.132
20657,116.132
20658,116.132
20659,116.132
20660,119.693
20661,119.693
20662,119.693
20663,119.693
20664,119.693
20665,119.693
20666,119.693
20667,119.693
20668,119.693
20669,119.693
20670,119.693
20671,119.693
20672,119.693
20673,119.693
20674,119.693
20675,119.693
20676,119.693
20677,119.693
20678,119.693
20679,119.693
20680,116.732
20681,116.732
20682,116.732
20683,116.732
20684,116.732
20685,116.732
20686,116.732
20687,116.732
20688,116.732
20689,116.732
20690,116.732
20691,116.732
20692,116.732
20693,116.732
20694,116.732
20695,116.732
20696,116.732
20697,116.732
20698,116.732
20699,116.732
20700,119.42
20701,119.42
20702,119.42
20703,119.42
20704,119.42
20705,119.42
20706,119.42
20707,119.42
20708,119.42
20709,119.42
20710,119.42
20711,119.42
20712,119.42
20713,119.42
20714,119.42
20715,119.42
20716,119.42
20717,119.42
20718,119.42
20719,119.42
20720,118.485
20721,118.485
20722,118.485
20723,118.485
20724,118.485
20725,118.485
20726,118.485
20727,118.485
20728,118.485
20729,118.485
20730,118.485
20731,118.485
20732,118.485
20733,118.485
20734,118.485
20735,118.485
20736,118.485
20737,118.485
20738,118.485
20739,118.485
20740,118.485
20741,116.132
20742,116.132
20743,116.132
20744,116.132
20745,116.132
20746,116.132
20747,116.132
20748,116.132
20749,116.132
20750,116.132
20751,116.132
20752,116.132
20753,116.132
20754,116.132
20755,116.132
20756,116.132
20757,116.132
20758,116.132
20759,116.132
20760,116.132
20761,119.093
20762,119.093
20763,119.093
20764,119.093
20765,119.093
20766,119.093
20767,119.093
20768,119.093
20769,119.093
20770,119.093
20771,119.093
20772,119.093
20773,119.093
20774,119.093
20775,119.093
20776,119.093
20777,119.093
20778,119.093
20779,119.093
20780,119.093
20781,115.859
20782,115.859
20783,115.859
20784,115.859
20785,115.859
20786,115.859
20787,115.859
20788,115.859
20789,115.859
20790,115.859
20791,115.859
20792,115.859
20793,115.859
20794,115.859
20795,115.859
20796,115.859
20797,115.859
20798,115.859
20799,115.859
20800,115.859
20801,119.693
20802,119.693
20803,119.693
20804,119.693
20805,119.693
20806,119.693
20807,119.693
20808,119.693
20809,119.693
20810,119.693
20811,119.693
20812,119.693
20813,119.693
20814,119.693
20815,119.693
20816,119.693
20817,119.693
20818,119.693
20819,119.693
20820,119.693
20821,117.612
20822,117.612
20823,117.612
20824,117.612
20825,117.612
20826,117.612
20827,117.612
20828,117.612
20829,117.612
20830,117.612
20831,117.612
20832,117.612
20833,117.612
20834,117.612
20835,117.612
20836,117.612
20837,117.612
20838,117.612
20839,117.612
20840,117.612
20841,116.132
20842,116.132
20843,116.132
20844,116.132
20845,116.132
20846,116.132
20847,116.132
20848,116.132
20849,116.132
20850,116.132
20851,116.132
20852,116.132
20853,116.132
20854,116.132
20855,116.132
20856,116.132
20857,116.132
20858,116.132
20859,116.132
20860,116.132
20861,118.82
20862,118.82
20863,118.82
20864,118.82
20865,118.82
20866,118.82
20867,118.82
20868,118.82
20869,118.82
20870,118.82
20871,118.82
20872,118.82
20873,118.82
20874,118.82
20875,118.82
20876,118.82
20877,118.82
20878,118.82
20879,118.82
20880,118.82
20881,115.579
20882,115.579
20883,115.579
20884,115.579
20885,115.579
20886,115.579
20887,115.579
20888,115.579
20889,115.579
20890,115.579
20891,115.579
20892,115.579
20893,115.579
20894,115.579
20895,115.579
20896,115.579
20897,115.579
20898,115.579
20899,115.579
20900,115.579
20901,120.301
20902,120.301
20903,120.301
20904,120.301
20905,120.301
20906,120.301
20907,120.301
20908,120.301
20909,120.301
20910,120.301
20911,120.301
20912,120.301
20913,120.301
20914,120.301
20915,120.301
20916,120.301
20917,120.301
20918,120.301
20919,120.301
20920,120.301
20921,117.059
20922,117.059
20923,117.059
20924,117.059
20925,117.059
20926,117.059
20927,117.059
20928,117.059
20929,117.059
20930,117.059
20931,117.059
20932,117.059
20933,117.059
20934,117.059
20935,117.059
20936,117.059
20937,117.059
20938,117.059
20939,117.059
20940,117.059
20941,117.059
20942,117.059
20943,117.059
20944,117.059
20945,117.059
20946,117.059
20947,117.059
20948,117.059
20949,117.059
20950,117.059
20951,117.059
20952,117.059
20953,117.059
20954,117.059
20955,117.059
20956,117.059
20957,117.059
20958,117.059
20959,117.059
20960,117.059
20961,117.059
20962,118.82
20963,118.82
20964,118.82
20965,118.82
20966,118.82
20967,118.82
20968,118.82
20969,118.82
20970,118.82
20971,118.82
20972,118.82
20973,118.82
20974,118.82
20975,118.82
20976,118.82
20977,118.82
20978,118.82
20979,118.82
20980,118.82
20981,118.82
20982,116.459
20983,116.459
20984,116.459
20985,116.459
20986,116.459
20987,116.459
20988,116.459
20989,116.459
20990,116.459
20991,116.459
20992,116.459
20993,116.459
20994,116.459
20995,116.459
20996,116.459
20997,116.459
20998,116.459
20999,116.459
21000,116.459
21001,116.459
21002,119.973
21003,119.973
21004,119.973
21005,119.973
21006,119.973
21007,119.973
21008,119.973
21009,119.973
21010,119.973
21011,119.973
21012,119.973
21013,119.973
21014,119.973
21015,119.973
21016,119.973
21017,119.973
21018,119.973
21019,119.973
21020,119.973
21021,119.973
21022,116.459
21023,116.459
21024,116.459
21025,116.459
21026,116.459
21027,116.459
21028,116.459
21029,116.459
21030,116.459
21031,116.459
21032,116.459
21033,116.459
21034,116.459
21035,116.459
21036,116.459
21037,116.459
21038,116.459
21039,116.459
21040,116.459
21041,116.459
21042,119.42
21043,119.42
21044,119.42
21045,119.42
21046,119.42
21047,119.42
21048,119.42
21049,119.42
21050,119.42
21051,119.42
21052,119.42
21053,119.42
21054,119.42
21055,119.42
21056,119.42
21057,119.42
21058,119.42
21059,119.42
21060,119.42
21061,119.42
21062,117.94
21063,117.94
21064,117.94
21065,117.94
21066,117.94
21067,117.94
21068,117.94
21069,117.94
21070,117.94
21071,117.94
21072,117.94
21073,117.94
21074,117.94
21075,117.94
21076,117.94
21077,117.94
21078,117.94
21079,117.94
21080,117.94
21081,117.94
21082,115.579
21083,115.579
21084,115.579
21085,115.579
21086,115.579
21087,115.579
21088,115.579
21089,115.579
21090,115.579
21091,115.579
21092,115.579
21093,115.579
21094,115.579
21095,115.579
21096,115.579
21097,115.579
21098,115.579
21099,115.579
21100,115.579
21101,115.579
21102,119.42
21103,119.42
21104,119.42
21105,119.42
21106,119.42
21107,119.42
21108,119.42
21109,119.42
21110,119.42
21111,119.42
21112,119.42
21113,119.42
21114,119.42
21115,119.42
21116,119.42
21117,119.42
21118,119.42
21119,119.42
21120,119.42
21121,119.42
21122,116.132
21123,116.132
21124,116.132
21125,116.132
21126,116.132
21127,116.132
21128,116.132
21129,116.132
21130,116.132
21131,116.132
21132,116.132
21133,116.132
21134,116.132
21135,116.132
21136,116.132
21137,116.132
21138,116.132
21139,116.132
21140,116.132
21141,116.132
21142,116.132
21143,119.42
21144,119.42
21145,119.42
21146,119.42
21147,119.42
21148,119.42
21149,119.42
21150,119.42
21151,119.42
21152,119.42
21153,119.42
21154,119.42
21155,119.42
21156,119.42
21157,119.42
21158,119.42
21159,119.42
21160,119.42
21161,119.42
21162,117.34
21163,117.34
21164,117.34
21165,117.34
21166,117.34
21167,117.34
21168,117.34
21169,117.34
21170,117.34
21171,117.34
21172,117.34
21173,117.34
21174,117.34
21175,117.34
21176,117.34
21177,117.34
21178,117.34
21179,117.34
21180,117.34
21181,117.34
21182,117.34
21183,116.459
21184,116.459
21185,116.459
21186,116.459
21187,116.459
21188,116.459
21189,116.459
21190,116.459
21191,116.459
21192,116.459
21193,116.459
21194,116.459
21195,116.459
21196,116.459
21197,116.459
21198,116.459
21199,116.459
21200,116.459
21201,116.459
21202,116.459
21203,118.485
21204,118.485
21205,118.485
21206,118.485
21207,118.485
21208,118.485
21209,118.485
21210,118.485
21211,118.485
21212,118.485
21213,118.485
21214,118.485
21215,118.485
21216,118.485
21217,118.485
21218,118.485
21219,118.485
21220,118.485
21221,118.485
21222,118.485
21223,116.132
21224,116.132
21225,116.132
21226,116.132
21227,116.132
21228,116.132
21229,116.132
21230,116.132
21231,116.132
21232,116.132
21233,116.132
21234,116.132
21235,116.132
21236,116.132
21237,116.132
21238,116.132
21239,116.132
21240,116.132
21241,116.132
21242,116.132
21243,119.973
21244,119.973
21245,119.973
21246,119.973
21247,119.973
21248,119.973
21249,119.973
21250,119.973
21251,119.973
21252,119.973
21253,119.973
21254,119.973
21255,119.973
21256,119.973
21257,119.973
21258,119.973
21259,119.973
21260,119.973
21261,119.973
21262,119.973
21263,116.732
21264,116.732
21265,116.732
21266,116.732
21267,116.732
21268,116.732
21269,116.732
21270,116.732
21271,116.732
21272,116.732
21273,116.732
21274,116.732
21275,116.732
21276,116.732
21277,116.732
21278,116.732
21279,116.732
21280,116.732
21281,116.732
21282,116.732
21283,119.42
21284,119.42
21285,119.42
21286,119.42
21287,119.42
21288,119.42
21289,119.42
21290,119.42
21291,119.42
21292,119.42
21293,119.42
21294,119.42
21295,119.42
21296,119.42
21297,119.42
21298,119.42
21299,119.42
21300,119.42
21301,119.42
21302,119.42
21303,118.212
21304,118.212
21305,118.212
21306,118.212
21307,118.212
21308,118.212
21309,118.212
21310,118.212
21311,118.212
21312,118.212
21313,118.212
21314,118.212
21315,118.212
21316,118.212
21317,118.212
21318,118.212
21319,118.212
21320,118.212
21321,118.212
21322,118.212
21323,116.132
21324,116.132
21325,116.132
21326,116.132
21327,116.132
21328,116.132
21329,116.132
21330,116.132
21331,116.132
21332,116.132
21333,116.132
21334,116.132
21335,116.132
21336,116.132
21337,116.132
21338,116.132
21339,116.132
21340,116.132
21341,116.132
21342,116.132
21343,119.093
21344,119.093
21345,119.093
21346,119.093
21347,119.093
21348,119.093
21349,119.093
21350,119.093
21351,119.093
21352,119.093
21353,119.093
21354,119.093
21355,119.093
21356,119.093
21357,119.093
21358,119.093
21359,119.093
21360,119.093
21361,119.093
21362,119.093
21363,115.859
21364,115.859
21365,115.859
21366,115.859
21367,115.859
21368,115.859
21369,115.859
21370,115.859
21371,115.859
21372,115.859
21373,115.859
21374,115.859
21375,115.859
21376,115.859
21377,115.859
21378,115.859
21379,115.859
21380,115.859
21381,115.859
21382,115.859
21383,115.859
21384,119.093
21385,119.093
21386,119.093
21387,119.093
21388,119.093
21389,119.093
21390,119.093
21391,119.093
21392,119.093
21393,119.093
21394,119.093
21395,119.093
21396,119.093
21397,119.093
21398,119.093
21399,119.093
21400,119.093
21401,119.093
21402,119.093
21403,119.093
21404,117.612
21405,117.612
21406,117.612
21407,117.612
21408,117.612
21409,117.612
21410,117.612
21411,117.612
21412,117.612
21413,117.612
21414,117.612
21415,117.612
21416,117.612
21417,117.612
21418,117.612
21419,117.612
21420,117.612
21421,117.612
21422,117.612
21423,117.612
21424,115.579
21425,115.579
21426,115.579
21427,115.579
21428,115.579
21429,115.579
21430,115.579
21431,115.579
21432,115.579
21433,115.579
21434,115.579
21435,115.579
21436,115.579
21437,115.579
21438,115.579
21439,115.579
21440,115.579
21441,115.579
21442,115.579
21443,115.579
21444,118.212
21445,118.212
21446,118.212
21447,118.212
21448,118.212
21449,118.212
21450,118.212
21451,118.212
21452,118.212
21453,118.212
21454,118.212
21455,118.212
21456,118.212
21457,118.212
21458,118.212
21459,118.212
21460,118.212
21461,118.212
21462,118.212
21463,118.212
21464,115.579
21465,115.579
21466,115.579
21467,115.579
21468,115.579
21469,115.579
21470,115.579
21471,115.579
21472,115.579
21473,115.579
21474,115.579
21475,115.579
21476,115.579
21477,115.579
21478,115.579
21479,115.579
21480,115.579
21481,115.579
21482,115.579
21483,115.579
21484,120.301
21485,120.301
21486,120.301
21487,120.301
21488,120.301
21489,120.301
21490,120.301
21491,120.301
21492,120.301
21493,120.301
21494,120.301
21495,120.301
21496,120.301
21497,120.301
21498,120.301
21499,120.301
21500,120.301
21501,120.301
21502,120.301
21503,120.301
21504,117.059
21505,117.059
21506,117.059
21507,117.059
21508,117.059
21509,117.059
21510,117.059
21511,117.059
21512,117.059
21513,117.059
21514,117.059
21515,117.059
21516,117.059
21517,117.059
21518,117.059
21519,117.059
21520,117.059
21521,117.059
21522,117.059
21523,117.059
21524,117.34
21525,117.34
21526,117.34
21527,117.34
21528,117.34
21529,117.34
21530,117.34
21531,117.34
21532,117.34
21533,117.34
21534,117.34
21535,117.34
21536,117.34
21537,117.34
21538,117.34
21539,117.34
21540,117.34
21541,117.34
21542,117.34
21543,117.34
21544,118.212
21545,118.212
21546,118.212
21547,118.212
21548,118.212
21549,118.212
21550,118.212
21551,118.212
21552,118.212
21553,118.212
21554,118.212
21555,118.212
21556,118.212
21557,118.212
21558,118.212
21559,118.212
21560,118.212
21561,118.212
21562,118.212
21563,118.212
21564,116.459
21565,116.459
21566,116.459
21567,116.459
21568,116.459
21569,116.459
21570,116.459
21571,116.459
21572,116.459
21573,116.459
21574,116.459
21575,116.459
21576,116.459
21577,116.459
21578,116.459
21579,116.459
21580,116.459
21581,116.459
21582,116.459
21583,116.459
21584,116.459
21585,119.973
21586,119.973
21587,119.973
21588,119.973
21589,119.973
21590,119.973
21591,119.973
21592,119.973
21593,119.973
21594,119.973
21595,119.973
21596,119.973
21597,119.973
21598,119.973
21599,119.973
21600,119.973
21601,119.973
21602,119.973
21603,119.973
21604,119.973
21605,116.732
21606,116.732
21607,116.732
21608,116.732
21609,116.732
21610,116.732
21611,116.732
21612,116.732
21613,116.732
21614,116.732
21615,116.732
21616,116.732
21617,116.732
21618,116.732
21619,116.732
21620,116.732
21621,116.732
21622,116.732
21623,116.732
21624,116.732
21625,118.485
21626,118.485
21627,118.485
21628,118.485
21629,118.485
21630,118.485
21631,118.485
21632,118.485
21633,118.485
21634,118.485
21635,118.485
21636,118.485
21637,118.485
21638,118.485
21639,118.485
21640,118.485
21641,118.485
21642,118.485
21643,118.485
21644,118.485
21645,117.94
21646,117.94
21647,117.94
21648,117.94
21649,117.94
21650,117.94
21651,117.94
21652,117.94
21653,117.94
21654,117.94
21655,117.94
21656,117.94
21657,117.94
21658,117.94
21659,117.94
21660,117.94
21661,117.94
21662,117.94
21663,117.94
21664,117.94
21665,115.579
21666,115.579
21667,115.579
21668,115.579
21669,115.579
21670,115.579
21671,115.579
21672,115.579
21673,115.579
21674,115.579
21675,115.579
21676,115.579
21677,115.579
21678,115.579
21679,115.579
21680,115.579
21681,115.579
21682,115.579
21683,115.579
21684,115.579
21685,118.82
21686,118.82
21687,118.82
21688,118.82
21689,118.82
21690,118.82
21691,118.82
21692,118.82
21693,118.82
21694,118.82
21695,118.82
21696,118.82
21697,118.82
21698,118.82
21699,118.82
21700,118.82
21701,118.82
21702,118.82
21703,118.82
21704,118.82
21705,116.132
21706,116.132
21707,116.132
21708,116.132
21709,116.132
21710,116.132
21711,116.132
21712,116.132
21713,116.132
21714,116.132
21715,116.132
21716,116.132
21717,116.132
21718,116.132
21719,116.132
21720,116.132
21721,116.132
21722,116.132
21723,116.132
21724,116.132
21725,120.301
21726,120.301
21727,120.301
21728,120.301
21729,120.301
21730,120.301
21731,120.301
21732,120.301
21733,120.301
21734,120.301
21735,120.301
21736,120.301
21737,120.301
21738,120.301
21739,120.301
21740,120.301
21741,120.301
21742,120.301
21743,120.301
21744,120.301
21745,117.059
21746,117.059
21747,117.059
21748,117.059
21749,117.059
21750,117.059
21751,117.059
21752,117.059
21753,117.059
21754,117.059
21755,117.059
21756,117.059
21757,117.059
21758,117.059
21759,117.059
21760,117.059
21761,117.059
21762,117.059
21763,117.059
21764,117.059
21765,116.132
21766,116.132
21767,116.132
21768,116.132
21769,116.132
21770,116.132
21771,116.132
21772,116.132
21773,116.132
21774,116.132
21775,116.132
21776,116.132
21777,116.132
21778,116.132
21779,116.132
21780,116.132
21781,116.132
21782,116.132
21783,116.132
21784,116.132
21785,118.607
21786,118.607
21787,118.607
21788,118.607
21789,118.607
21790,118.607
21791,118.607
21792,118.607
21793,118.607
21794,118.607
21795,118.607
21796,118.607
21797,118.607
21798,118.607
21799,118.607
21800,118.607
21801,118.607
21802,118.607
21803,118.607
21804,118.607
21805,118.607
21806,116.132
21807,116.132
21808,116.132
21809,116.132
21810,116.132
21811,116.132
21812,116.132
21813,116.132
21814,116.132
21815,116.132
21816,116.132
21817,116.132
21818,116.132
21819,116.132
21820,116.132
21821,116.132
21822,116.132
21823,116.132
21824,116.132
21825,116.132
21826,119.693
21827,119.693
21828,119.693
21829,119.693
21830,119.693
21831,119.693
21832,119.693
21833,119.693
21834,119.693
21835,119.693
21836,119.693
21837,119.693
21838,119.693
21839,119.693
21840,119.693
21841,119.693
21842,119.693
21843,119.693
21844,119.693
21845,119.693
21846,116.852
21847,116.852
21848,116.852
21849,116.852
21850,116.852
21851,116.852
21852,116.852
21853,116.852
21854,116.852
21855,116.852
21856,116.852
21857,116.852
21858,116.852
21859,116.852
21860,116.852
21861,116.852
21862,116.852
21863,116.852
21864,116.852
21865,116.852
21866,119.215
21867,119.215
21868,119.215
21869,119.215
21870,119.215
21871,119.215
21872,119.215
21873,119.215
21874,119.215
21875,119.215
21876,119.215
21877,119.215
21878,119.215
21879,119.215
21880,119.215
21881,119.215
21882,119.215
21883,119.215
21884,119.215
21885,119.215
21886,118.485
21887,118.485
21888,118.485
21889,118.485
21890,118.485
21891,118.485
21892,118.485
21893,118.485
21894,118.485
21895,118.485
21896,118.485
21897,118.485
21898,118.485
21899,118.485
21900,118.485
21901,118.485
21902,118.485
21903,118.485
21904,118.485
21905,118.485
21906,116.132
21907,116.132
21908,116.132
21909,116.132
21910,116.132
21911,116.132
21912,116.132
21913,116.132
21914,116.132
21915,116.132
21916,116.132
21917,116.132
21918,116.132
21919,116.132
21920,116.132
21921,116.132
21922,116.132
21923,116.132
21924,116.132
21925,116.132
21926,119.42
21927,119.42
21928,119.42
21929,119.42
21930,119.42
21931,119.42
21932,119.42
21933,119.42
21934,119.42
21935,119.42
21936,119.42
21937,119.42
21938,119.42
21939,119.42
21940,119.42
21941,119.42
21942,119.42
21943,119.42
21944,119.42
21945,119.42
21946,115.859
21947,115.859
21948,115.859
21949,115.859
21950,115.859
21951,115.859
21952,115.859
21953,115.859
21954,115.859
21955,115.859
21956,115.859
21957,115.859
21958,115.859
21959,115.859
21960,115.859
21961,115.859
21962,115.859
21963,115.859
21964,115.859
21965,115.859
21966,119.693
21967,119.693
21968,119.693
21969,119.693
21970,119.693
21971,119.693
21972,119.693
21973,119.693
21974,119.693
21975,119.693
21976,119.693
21977,119.693
21978,119.693
21979,119.693
21980,119.693
21981,119.693
21982,119.693
21983,119.693
21984,119.693
21985,119.693
21986,119.693
21987,117.612
21988,117.612
21989,117.612
21990,117.612
21991,117.612
21992,117.612
21993,117.612
21994,117.612
21995,117.612
21996,117.612
21997,117.612
21998,117.612
21999,117.612
22000,117.612
22001,117.612
22002,117.612
22003,117.612
22004,117.612
22005,117.612
22006,117.612
22007,116.251
22008,116.251
22009,116.251
22010,116.251
22011,116.251
22012,116.251
22013,116.251
22014,116.251
22015,116.251
22016,116.251
22017,116.251
22018,116.251
22019,116.251
22020,116.251
22021,116.251
22022,116.251
22023,116.251
22024,116.251
22025,116.251
22026,116.251
22027,118.607
22028,118.607
22029,118.607
22030,118.607
22031,118.607
22032,118.607
22033,118.607
22034,118.607
22035,118.607
22036,118.607
22037,118.607
22038,118.607
22039,118.607
22040,118.607
22041,118.607
22042,118.607
22043,118.607
22044,118.607
22045,118.607
22046,118.607
22047,115.859
22048,115.859
22049,115.859
22050,115.859
22051,115.859
22052,115.859
22053,115.859
22054,115.859
22055,115.859
22056,115.859
22057,115.859
22058,115.859
22059,115.859
22060,115.859
22061,115.859
22062,115.859
22063,115.859
22064,115.859
22065,115.859
22066,115.859
22067,120.301
22068,120.301
22069,120.301
22070,120.301
22071,120.301
22072,120.301
22073,120.301
22074,120.301
22075,120.301
22076,120.301
22077,120.301
22078,120.301
22079,120.301
22080,120.301
22081,120.301
22082,120.301
22083,120.301
22084,120.301
22085,120.301
22086,120.301
22087,117.059
22088,117.059
22089,117.059
22090,117.059
22091,117.059
22092,117.059
22093,117.059
22094,117.059
22095,117.059
22096,117.059
22097,117.059
22098,117.059
22099,117.059
22100,117.059
22101,117.059
22102,117.059
22103,117.059
22104,117.059
22105,117.059
22106,117.059
22107,117.059
22108,117.059
22109,117.059
22110,117.059
22111,117.059
22112,117.059
22113,117.059
22114,117.059
22115,117.059
22116,117.059
22117,117.059
22118,117.059
22119,117.059
22120,117.059
22121,117.059
22122,117.059
22123,117.059
22124,117.059
22125,117.059
22126,117.059
22127,118.82
22128,118.82
22129,118.82
22130,118.82
22131,118.82
22132,118.82
22133,118.82
22134,118.82
22135,118.82
22136,118.82
22137,118.82
22138,118.82
22139,118.82
22140,118.82
22141,118.82
22142,118.82
22143,118.82
22144,118.82
22145,118.82
22146,118.82
22147,116.852
22148,116.852
22149,116.852
22150,116.852
22151,116.852
22152,116.852
22153,116.852
22154,116.852
22155,116.852
22156,116.852
22157,116.852
22158,116.852
22159,116.852
22160,116.852
22161,116.852
22162,116.852
22163,116.852
22164,116.852
22165,116.852
22166,116.852
22167,119.973
22168,119.973
22169,119.973
22170,119.973
22171,119.973
22172,119.973
22173,119.973
22174,119.973
22175,119.973
22176,119.973
22177,119.973
22178,119.973
22179,119.973
22180,119.973
22181,119.973
22182,119.973
22183,119.973
22184,119.973
22185,119.973
22186,119.973
22187,119.973
22188,117.179
22189,117.179
22190,117.179
22191,117.179
22192,117.179
22193,117.179
22194,117.179
22195,117.179
22196,117.179
22197,117.179
22198,117.179
22199,117.179
22200,117.179
22201,117.179
22202,117.179
22203,117.179
22204,117.179
22205,117.179
22206,117.179
22207,117.179
22208,119.215
22209,119.215
22210,119.215
22211,119.215
22212,119.215
22213,119.215
22214,119.215
22215,119.215
22216,119.215
22217,119.215
22218,119.215
22219,119.215
22220,119.215
22221,119.215
22222,119.215
22223,119.215
22224,119.215
22225,119.215
22226,119.215
22227,119.215
22228,118.607
22229,118.607
22230,118.607
22231,118.607
22232,118.607
22233,118.607
22234,118.607
22235,118.607
22236,118.607
22237,118.607
22238,118.607
22239,118.607
22240,118.607
22241,118.607
22242,118.607
22243,118.607
22244,118.607
22245,118.607
22246,118.607
22247,118.607
22248,115.978
22249,115.978
22250,115.978
22251,115.978
22252,115.978
22253,115.978
22254,115.978
22255,115.978
22256,115.978
22257,115.978
22258,115.978
22259,115.978
22260,115.978
22261,115.978
22262,115.978
22263,115.978
22264,115.978
22265,115.978
22266,115.978
22267,115.978
22268,119.42
22269,119.42
22270,119.42
22271,119.42
22272,119.42
22273,119.42
22274,119.42
22275,119.42
22276,119.42
22277,119.42
22278,119.42
22279,119.42
22280,119.42
22281,119.42
22282,119.42
22283,119.42
22284,119.42
22285,119.42
22286,119.42
22287,119.42
22288,116.132
22289,116.132
22290,116.132
22291,116.132
22292,116.132
22293,116.132
22294,116.132
22295,116.132
22296,116.132
22297,116.132
22298,116.132
22299,116.132
22300,116.132
22301,116.132
22302,116.132
22303,116.132
22304,116.132
22305,116.132
22306,116.132
22307,116.132
22308,120.301
22309,120.301
22310,120.301
22311,120.301
22312,120.301
22313,120.301
22314,120.301
22315,120.301
22316,120.301
22317,120.301
22318,120.301
22319,120.301
22320,120.301
22321,120.301
22322,120.301
22323,120.301
22324,120.301
22325,120.301
22326,120.301
22327,120.301
22328,117.612
22329,117.612
22330,117.612
22331,117.612
22332,117.612
22333,117.612
22334,117.612
22335,117.612
22336,117.612
22337,117.612
22338,117.612
22339,117.612
22340,117.612
22341,117.612
22342,117.612
22343,117.612
22344,117.612
22345,117.612
22346,117.612
22347,117.612
22348,116.459
22349,116.459
22350,116.459
22351,116.459
22352,116.459
22353,116.459
22354,116.459
22355,116.459
22356,116.459
22357,116.459
22358,116.459
22359,116.459
22360,116.459
22361,116.459
22362,116.459
22363,116.459
22364,116.459
22365,116.459
22366,116.459
22367,116.459
22368,118.485
22369,118.485
22370,118.485
22371,118.485
22372,118.485
22373,118.485
22374,118.485
22375,118.485
22376,118.485
22377,118.485
22378,118.485
22379,118.485
22380,118.485
22381,118.485
22382,118.485
22383,118.485
22384,118.485
22385,118.485
22386,118.485
22387,118.485
22388,115.978
22389,115.978
22390,115.978
22391,115.978
22392,115.978
22393,115.978
22394,115.978
22395,115.978
22396,115.978
22397,115.978
22398,115.978
22399,115.978
22400,115.978
22401,115.978
22402,115.978
22403,115.978
22404,115.978
22405,115.978
22406,115.978
22407,115.978
22408,115.978
22409,120.573
22410,120.573
22411,120.573
22412,120.573
22413,120.573
22414,120.573
22415,120.573
22416,120.573
22417,120.573
22418,120.573
22419,120.573
22420,120.573
22421,120.573
22422,120.573
22423,120.573
22424,120.573
22425,120.573
22426,120.573
22427,120.573
22428,120.573
22429,116.459
22430,116.459
22431,116.459
22432,116.459
22433,116.459
22434,116.459
22435,116.459
22436,116.459
22437,116.459
22438,116.459
22439,116.459
22440,116.459
22441,116.459
22442,116.459
22443,116.459
22444,116.459
22445,116.459
22446,116.459
22447,116.459
22448,116.459
22449,117.94
22450,117.94
22451,117.94
22452,117.94
22453,117.94
22454,117.94
22455,117.94
22456,117.94
22457,117.94
22458,117.94
22459,117.94
22460,117.94
22461,117.94
22462,117.94
22463,117.94
22464,117.94
22465,117.94
22466,117.94
22467,117.94
22468,117.94
22469,118.485
22470,118.485
22471,118.485
22472,118.485
22473,118.485
22474,118.485
22475,118.485
22476,118.485
22477,118.485
22478,118.485
22479,118.485
22480,118.485
22481,118.485
22482,118.485
22483,118.485
22484,118.485
22485,118.485
22486,118.485
22487,118.485
22488,118.485
22489,116.459
22490,116.459
22491,116.459
22492,116.459
22493,116.459
22494,116.459
22495,116.459
22496,116.459
22497,116.459
22498,116.459
22499,116.459
22500,116.459
22501,116.459
22502,116.459
22503,116.459
22504,116.459
22505,116.459
22506,116.459
22507,116.459
22508,116.459
22509,119.973
22510,119.973
22511,119.973
22512,119.973
22513,119.973
22514,119.973
22515,119.973
22516,119.973
22517,119.973
22518,119.973
22519,119.973
22520,119.973
22521,119.973
22522,119.973
22523,119.973
22524,119.973
22525,119.973
22526,119.973
22527,119.973
22528,119.973
22529,116.732
22530,116.732
22531,116.732
22532,116.732
22533,116.732
22534,116.732
22535,116.732
22536,116.732
22537,116.732
22538,116.732
22539,116.732
22540,116.732
22541,116.732
22542,116.732
22543,116.732
22544,116.732
22545,116.732
22546,116.732
22547,116.732
22548,116.732
22549,119.693
22550,119.693
22551,119.693
22552,119.693
22553,119.693
22554,119.693
22555,119.693
22556,119.693
22557,119.693
22558,119.693
22559,119.693
22560,119.693
22561,119.693
22562,119.693
22563,119.693
22564,119.693
22565,119.693
22566,119.693
22567,119.693
22568,119.693
22569,117.612
22570,117.612
22571,117.612
22572,117.612
22573,117.612
22574,117.612
22575,117.612
22576,117.612
22577,117.612
22578,117.612
22579,117.612
22580,117.612
22581,117.612
22582,117.612
22583,117.612
22584,117.612
22585,117.612
22586,117.612
22587,117.612
22588,117.612
22589,115.579
22590,115.579
22591,115.579
22592,115.579
22593,115.579
22594,115.579
22595,115.579
22596,115.579
22597,115.579
22598,115.579
22599,115.579
22600,115.579
22601,115.579
22602,115.579
22603,115.579
22604,115.579
22605,115.579
22606,115.579
22607,115.579
22608,115.579
22609,118.82
22610,118.82
22611,118.82
22612,118.82
22613,118.82
22614,118.82
22615,118.82
22616,118.82
22617,118.82
22618,118.82
22619,118.82
22620,118.82
22621,118.82
22622,118.82
22623,118.82
22624,118.82
22625,118.82
22626,118.82
22627,118.82
22628,118.82
22629,115.859
22630,115.859
22631,115.859
22632,115.859
22633,115.859
22634,115.859
22635,115.859
22636,115.859
22637,115.859
22638,115.859
22639,115.859
22640,115.859
22641,115.859
22642,115.859
22643,115.859
22644,115.859
22645,115.859
22646,115.859
22647,115.859
22648,115.859
22649,119.973
22650,119.973
22651,119.973
22652,119.973
22653,119.973
22654,119.973
22655,119.973
22656,119.973
22657,119.973
22658,119.973
22659,119.973
22660,119.973
22661,119.973
22662,119.973
22663,119.973
22664,119.973
22665,119.973
22666,119.973
22667,119.973
22668,119.973
22669,117.059
22670,117.059
22671,117.059
22672,117.059
22673,117.059
22674,117.059
22675,117.059
22676,117.059
22677,117.059
22678,117.059
22679,117.059
22680,117.059
22681,117.059
22682,117.059
22683,117.059
22684,117.059
22685,117.059
22686,117.059
22687,117.059
22688,117.059
22689,117.059
22690,116.732
22691,116.732
22692,116.732
22693,116.732
22694,116.732
22695,116.732
22696,116.732
22697,116.732
22698,116.732
22699,116.732
22700,116.732
22701,116.732
22702,116.732
22703,116.732
22704,116.732
22705,116.732
22706,116.732
22707,116.732
22708,116.732
22709,116.732
22710,118.82
22711,118.82
22712,118.82
22713,118.82
22714,118.82
22715,118.82
22716,118.82
22717,118.82
22718,118.82
22719,118.82
22720,118.82
22721,118.82
22722,118.82
22723,118.82
22724,118.82
22725,118.82
22726,118.82
22727,118.82
22728,118.82
22729,118.82
22730,116.132
22731,116.132
22732,116.132
22733,116.132
22734,116.132
22735,116.132
22736,116.132
22737,116.132
22738,116.132
22739,116.132
22740,116.132
22741,116.132
22742,116.132
22743,116.132
22744,116.132
22745,116.132
22746,116.132
22747,116.132
22748,116.132
22749,116.132
22750,119.693
22751,119.693
22752,119.693
22753,119.693
22754,119.693
22755,119.693
22756,119.693
22757,119.693
22758,119.693
22759,119.693
22760,119.693
22761,119.693
22762,119.693
22763,119.693
22764,119.693
22765,119.693
22766,119.693
22767,119.693
22768,119.693
22769,119.693
22770,117.34
22771,117.34
22772,117.34
22773,117.34
22774,117.34
22775,117.34
22776,117.34
22777,117.34
22778,117.34
22779,117.34
22780,117.34
22781,117.34
22782,117.34
22783,117.34
22784,117.34
22785,117.34
22786,117.34
22787,117.34
22788,117.34
22789,117.34
22790,119.093
22791,119.093
22792,119.093
22793,119.093
22794,119.093
22795,119.093
22796,119.093
22797,119.093
22798,119.093
22799,119.093
22800,119.093
22801,119.093
22802,119.093
22803,119.093
22804,119.093
22805,119.093
22806,119.093
22807,119.093
22808,119.093
22809,119.093
22810,118.485
22811,118.485
22812,118.485
22813,118.485
22814,118.485
22815,118.485
22816,118.485
22817,118.485
22818,118.485
22819,118.485
22820,118.485
22821,118.485
22822,118.485
22823,118.485
22824,118.485
22825,118.485
22826,118.485
22827,118.485
22828,118.485
22829,118.485
22830,115.859
22831,115.859
22832,115.859
22833,115.859
22834,115.859
22835,115.859
22836,115.859
22837,115.859
22838,115.859
22839,115.859
22840,115.859
22841,115.859
22842,115.859
22843,115.859
22844,115.859
22845,115.859
22846,115.859
22847,115.859
22848,115.859
22849,115.859
22850,119.42
22851,119.42
22852,119.42
22853,119.42
22854,119.42
22855,119.42
22856,119.42
22857,119.42
22858,119.42
22859,119.42
22860,119.42
22861,119.42
22862,119.42
22863,119.42
22864,119.42
22865,119.42
22866,119.42
22867,119.42
22868,119.42
22869,119.42
22870,115.859
22871,115.859
22872,115.859
22873,115.859
22874,115.859
22875,115.859
22876,115.859
22877,115.859
22878,115.859
22879,115.859
22880,115.859
22881,115.859
22882,115.859
22883,115.859
22884,115.859
22885,115.859
22886,115.859
22887,115.859
22888,115.859
22889,115.859
22890,115.859
22891,119.973
22892,119.973
22893,119.973
22894,119.973
22895,119.973
22896,119.973
22897,119.973
22898,119.973
22899,119.973
22900,119.973
22901,119.973
22902,119.973
22903,119.973
22904,119.973
22905,119.973
22906,119.973
22907,119.973
22908,119.973
22909,119.973
22910,119.973
22911,117.612
22912,117.612
22913,117.612
22914,117.612
22915,117.612
22916,117.612
22917,117.612
22918,117.612
22919,117.612
22920,117.612
22921,117.612
22922,117.612
22923,117.612
22924,117.612
22925,117.612
22926,117.612
22927,117.612
22928,117.612
22929,117.612
22930,117.612
22931,116.132
22932,116.132
22933,116.132
22934,116.132
22935,116.132
22936,116.132
22937,116.132
22938,116.132
22939,116.132
22940,116.132
22941,116.132
22942,116.132
22943,116.132
22944,116.132
22945,116.132
22946,116.132
22947,116.132
22948,116.132
22949,116.132
22950,116.132
22951,118.82
22952,118.82
22953,118.82
22954,118.82
22955,118.82
22956,118.82
22957,118.82
22958,118.82
22959,118.82
22960,118.82
22961,118.82
22962,118.82
22963,118.82
22964,118.82
22965,118.82
22966,118.82
22967,118.82
22968,118.82
22969,118.82
22970,118.82
22971,115.859
22972,115.859
22973,115.859
22974,115.859
22975,115.859
22976,115.859
22977,115.859
22978,115.859
22979,115.859
22980,115.859
22981,115.859
22982,115.859
22983,115.859
22984,115.859
22985,115.859
22986,115.859
22987,115.859
22988,115.859
22989,115.859
22990,115.859
22991,120.301
22992,120.301
22993,120.301
22994,120.301
22995,120.301
22996,120.301
22997,120.301
22998,120.301
22999,120.301
23000,120.301
23001,120.301
23002,120.301
23003,120.301
23004,120.301
23005,120.301
23006,120.301
23007,120.301
23008,120.301
23009,120.301
23010,120.301
23011,117.059
23012,117.059
23013,117.059
23014,117.059
23015,117.059
23016,117.059
23017,117.059
23018,117.059
23019,117.059
23020,117.059
23021,117.059
23022,117.059
23023,117.059
23024,117.059
23025,117.059
23026,117.059
23027,117.059
23028,117.059
23029,117.059
23030,117.059
23031,118.82
23032,118.82
23033,118.82
23034,118.82
23035,118.82
23036,118.82
23037,118.82
23038,118.82
23039,118.82
23040,118.82
23041,118.82
23042,118.82
23043,118.82
23044,118.82
23045,118.82
23046,118.82
23047,118.82
23048,118.82
23049,118.82
23050,118.82
23051,118.485
23052,118.485
23053,118.485
23054,118.485
23055,118.485
23056,118.485
23057,118.485
23058,118.485
23059,118.485
23060,118.485
23061,118.485
23062,118.485
23063,118.485
23064,118.485
23065,118.485
23066,118.485
23067,118.485
23068,118.485
23069,118.485
23070,118.485
23071,116.459
23072,116.459
23073,116.459
23074,116.459
23075,116.459
23076,116.459
23077,116.459
23078,116.459
23079,116.459
23080,116.459
23081,116.459
23082,116.459
23083,116.459
23084,116.459
23085,116.459
23086,116.459
23087,116.459
23088,116.459
23089,116.459
23090,116.459
23091,119.693
23092,119.693
23093,119.693
23094,119.693
23095,119.693
23096,119.693
23097,119.693
23098,119.693
23099,119.693
23100,119.693
23101,119.693
23102,119.693
23103,119.693
23104,119.693
23105,119.693
23106,119.693
23107,119.693
23108,119.693
23109,119.693
23110,119.693
23111,119.693
23112,116.459
23113,116.459
23114,116.459
23115,116.459
23116,116.459
23117,116.459
23118,116.459
23119,116.459
23120,116.459
23121,116.459
23122,116.459
23123,116.459
23124,116.459
23125,116.459
23126,116.459
23127,116.459
23128,116.459
23129,116.459
23130,116.459
23131,116.459
23132,119.973
23133,119.973
23134,119.973
23135,119.973
23136,119.973
23137,119.973
23138,119.973
23139,119.973
23140,119.973
23141,119.973
23142,119.973
23143,119.973
23144,119.973
23145,119.973
23146,119.973
23147,119.973
23148,119.973
23149,119.973
23150,119.973
23151,119.973
23152,117.94
23153,117.94
23154,117.94
23155,117.94
23156,117.94
23157,117.94
23158,117.94
23159,117.94
23160,117.94
23161,117.94
23162,117.94
23163,117.94
23164,117.94
23165,117.94
23166,117.94
23167,117.94
23168,117.94
23169,117.94
23170,117.94
23171,117.94
23172,115.859
23173,115.859
23174,115.859
23175,115.859
23176,115.859
23177,115.859
23178,115.859
23179,115.859
23180,115.859
23181,115.859
23182,115.859
23183,115.859
23184,115.859
23185,115.859
23186,115.859
23187,115.859
23188,115.859
23189,115.859
23190,115.859
23191,115.859
23192,118.82
23193,118.82
23194,118.82
23195,118.82
23196,118.82
23197,118.82
23198,118.82
23199,118.82
23200,118.82
23201,118.82
23202,118.82
23203,118.82
23204,118.82
23205,118.82
23206,118.82
23207,118.82
23208,118.82
23209,118.82
23210,118.82
23211,118.82
23212,116.132
23213,116.132
23214,116.132
23215,116.132
23216,116.132
23217,116.132
23218,116.132
23219,116.132
23220,116.132
23221,116.132
23222,116.132
23223,116.132
23224,116.132
23225,116.132
23226,116.132
23227,116.132
23228,116.132
23229,116.132
23230,116.132
23231,116.132
23232,119.973
23233,119.973
23234,119.973
23235,119.973
23236,119.973
23237,119.973
23238,119.973
23239,119.973
23240,119.973
23241,119.973
23242,119.973
23243,119.973
23244,119.973
23245,119.973
23246,119.973
23247,119.973
23248,119.973
23249,119.973
23250,119.973
23251,119.973
23252,117.059
23253,117.059
23254,117.059
23255,117.059
23256,117.059
23257,117.059
23258,117.059
23259,117.059
23260,117.059
23261,117.059
23262,117.059
23263,117.059
23264,117.059
23265,117.059
23266,117.059
23267,117.059
23268,117.059
23269,117.059
23270,117.059
23271,117.059
23272,116.459
23273,116.459
23274,116.459
23275,116.459
23276,116.459
23277,116.459
23278,116.459
23279,116.459
23280,116.459
23281,116.459
23282,116.459
23283,116.459
23284,116.459
23285,116.459
23286,116.459
23287,116.459
23288,116.459
23289,116.459
23290,116.459
23291,116.459
23292,118.485
23293,118.485
23294,118.485
23295,118.485
23296,118.485
23297,118.485
23298,118.485
23299,118.485
23300,118.485
23301,118.485
23302,118.485
23303,118.485
23304,118.485
23305,118.485
23306,118.485
23307,118.485
23308,118.485
23309,118.485
23310,118.485
23311,118.485
23312,116.459
23313,116.459
23314,116.459
23315,116.459
23316,116.459
23317,116.459
23318,116.459
23319,116.459
23320,116.459
23321,116.459
23322,116.459
23323,116.459
23324,116.459
23325,116.459
23326,116.459
23327,116.459
23328,116.459
23329,116.459
23330,116.459
23331,116.459
23332,119.973
23333,119.973
23334,119.973
23335,119.973
23336,119.973
23337,119.973
23338,119.973
23339,119.973
23340,119.973
23341,119.973
23342,119.973
23343,119.973
23344,119.973
23345,119.973
23346,119.973
23347,119.973
23348,119.973
23349,119.973
23350,119.973
23351,119.973
23352,119.973
23353,116.732
23354,116.732
23355,116.732
23356,116.732
23357,116.732
23358,116.732
23359,116.732
23360,116.732
23361,116.732
23362,116.732
23363,116.732
23364,116.732
23365,116.732
23366,116.732
23367,116.732
23368,116.732
23369,116.732
23370,116.732
23371,116.732
23372,116.732
23373,119.42
23374,119.42
23375,119.42
23376,119.42
23377,119.42
23378,119.42
23379,119.42
23380,119.42
23381,119.42
23382,119.42
23383,119.42
23384,119.42
23385,119.42
23386,119.42
23387,119.42
23388,119.42
23389,119.42
23390,119.42
23391,119.42
23392,119.42
23393,118.485
23394,118.485
23395,118.485
23396,118.485
23397,118.485
23398,118.485
23399,118.485
23400,118.485
23401,118.485
23402,118.485
23403,118.485
23404,118.485
23405,118.485
23406,118.485
23407,118.485
23408,118.485
23409,118.485
23410,118.485
23411,118.485
23412,118.485
23413,116.459
23414,116.459
23415,116.459
23416,116.459
23417,116.459
23418,116.459
23419,116.459
23420,116.459
23421,116.459
23422,116.459
23423,116.459
23424,116.459
23425,116.459
23426,116.459
23427,116.459
23428,116.459
23429,116.459
23430,116.459
23431,116.459
23432,116.459
23433,119.42
23434,119.42
23435,119.42
23436,119.42
23437,119.42
23438,119.42
23439,119.42
23440,119.42
23441,119.42
23442,119.42
23443,119.42
23444,119.42
23445,119.42
23446,119.42
23447,119.42
23448,119.42
23449,119.42
23450,119.42
23451,119.42
23452,119.42
23453,116.459
23454,116.459
23455,116.459
23456,116.459
23457,116.459
23458,116.459
23459,116.459
23460,116.459
23461,116.459
23462,116.459
23463,116.459
23464,116.459
23465,116.459
23466,116.459
23467,116.459
23468,116.459
23469,116.459
23470,116.459
23471,116.459
23472,116.459
23473,120.301
23474,120.301
23475,120.301
23476,120.301
23477,120.301
23478,120.301
23479,120.301
23480,120.301
23481,120.301
23482,120.301
23483,120.301
23484,120.301
23485,120.301
23486,120.301
23487,120.301
23488,120.301
23489,120.301
23490,120.301
23491,120.301
23492,120.301
23493,117.94
23494,117.94
23495,117.94
23496,117.94
23497,117.94
23498,117.94
23499,117.94
23500,117.94
23501,117.94
23502,117.94
23503,117.94
23504,117.94
23505,117.94
23506,117.94
23507,117.94
23508,117.94
23509,117.94
23510,117.94
23511,117.94
23512,117.94
23513,116.132
23514,116.132
23515,116.132
23516,116.132
23517,116.132
23518,116.132
23519,116.132
23520,116.132
23521,116.132
23522,116.132
23523,116.132
23524,116.132
23525,116.132
23526,116.132
23527,116.132
23528,116.132
23529,116.132
23530,116.132
23531,116.132
23532,116.132
23533,116.132
23534,118.82
23535,118.82
23536,118.82
23537,118.82
23538,118.82
23539,118.82
23540,118.82
23541,118.82
23542,118.82
23543,118.82
23544,118.82
23545,118.82
23546,118.82
23547,118.82
23548,118.82
23549,118.82
23550,118.82
23551,118.82
23552,118.82
23553,118.82
23554,115.859
23555,115.859
23556,115.859
23557,115.859
23558,115.859
23559,115.859
23560,115.859
23561,115.859
23562,115.859
23563,115.859
23564,115.859
23565,115.859
23566,115.859
23567,115.859
23568,115.859
23569,115.859
23570,115.859
23571,115.859
23572,115.859
23573,115.859
23574,120.301
23575,120.301
23576,120.301
23577,120.301
23578,120.301
23579,120.301
23580,120.301
23581,120.301
23582,120.301
23583,120.301
23584,120.301
23585,120.301
23586,120.301
23587,120.301
23588,120.301
23589,120.301
23590,120.301
23591,120.301
23592,120.301
23593,120.301
23594,117.059
23595,117.059
23596,117.059
23597,117.059
23598,117.059
23599,117.059
23600,117.059
23601,117.059
23602,117.059
23603,117.059
23604,117.059
23605,117.059
23606,117.059
23607,117.059
23608,117.059
23609,117.059
23610,117.059
23611,117.059
23612,117.059
23613,117.059
23614,116.732
23615,116.732
23616,116.732
23617,116.732
23618,116.732
23619,116.732
23620,116.732
23621,116.732
23622,116.732
23623,116.732
23624,116.732
23625,116.732
23626,116.732
23627,116.732
23628,116.732
23629,116.732
23630,116.732
23631,116.732
23632,116.732
23633,116.732
23634,118.82
23635,118.82
23636,118.82
23637,118.82
23638,118.82
23639,118.82
23640,118.82
23641,118.82
23642,118.82
23643,118.82
23644,118.82
23645,118.82
23646,118.82
23647,118.82
23648,118.82
23649,118.82
23650,118.82
23651,118.82
23652,118.82
23653,118.82
23654,116.459
23655,116.459
23656,116.459
23657,116.459
23658,116.459
23659,116.459
23660,116.459
23661,116.459
23662,116.459
23663,116.459
23664,116.459
23665,116.459
23666,116.459
23667,116.459
23668,116.459
23669,116.459
23670,116.459
23671,116.459
23672,116.459
23673,116.459
23674,119.973
23675,119.973
23676,119.973
23677,119.973
23678,119.973
23679,119.973
23680,119.973
23681,119.973
23682,119.973
23683,119.973
23684,119.973
23685,119.973
23686,119.973
23687,119.973
23688,119.973
23689,119.973
23690,119.973
23691,119.973
23692,119.973
23693,119.973
23694,117.34
23695,117.34
23696,117.34
23697,117.34
23698,117.34
23699,117.34
23700,117.34
23701,117.34
23702,117.34
23703,117.34
23704,117.34
23705,117.34
23706,117.34
23707,117.34
23708,117.34
23709,117.34
23710,117.34
23711,117.34
23712,117.34
23713,117.34
23714,119.093
23715,119.093
23716,119.093
23717,119.093
23718,119.093
23719,119.093
23720,119.093
23721,119.093
23722,119.093
23723,119.093
23724,119.093
23725,119.093
23726,119.093
23727,119.093
23728,119.093
23729,119.093
23730,119.093
23731,119.093
23732,119.093
23733,119.093
23734,119.093
23735,118.485
23736,118.485
23737,118.485
23738,118.485
23739,118.485
23740,118.485
23741,118.485
23742,118.485
23743,118.485
23744,118.485
23745,118.485
23746,118.485
23747,118.485
23748,118.485
23749,118.485
23750,118.485
23751,118.485
23752,118.485
23753,118.485
23754,118.485
23755,116.132
23756,116.132
23757,116.132
23758,116.132
23759,116.132
23760,116.132
23761,116.132
23762,116.132
23763,116.132
23764,116.132
23765,116.132
23766,116.132
23767,116.132
23768,116.132
23769,116.132
23770,116.132
23771,116.132
23772,116.132
23773,116.132
23774,116.132
23775,119.42
23776,119.42
23777,119.42
23778,119.42
23779,119.42
23780,119.42
23781,119.42
23782,119.42
23783,119.42
23784,119.42
23785,119.42
23786,119.42
23787,119.42
23788,119.42
23789,119.42
23790,119.42
23791,119.42
23792,119.42
23793,119.42
23794,119.42
23795,116.459
23796,116.459
23797,116.459
23798,116.459
23799,116.459
23800,116.459
23801,116.459
23802,116.459
23803,116.459
23804,116.459
23805,116.459
23806,116.459
23807,116.459
23808,116.459
23809,116.459
23810,116.459
23811,116.459
23812,116.459
23813,116.459
23814,116.459
23815,119.973
23816,119.973
23817,119.973
23818,119.973
23819,119.973
23820,119.973
23821,119.973
23822,119.973
23823,119.973
23824,119.973
23825,119.973
23826,119.973
23827,119.973
23828,119.973
23829,119.973
23830,119.973
23831,119.973
23832,119.973
23833,119.973
23834,119.973
23835,117.94
23836,117.94
23837,117.94
23838,117.94
23839,117.94
23840,117.94
23841,117.94
23842,117.94
23843,117.94
23844,117.94
23845,117.94
23846,117.94
23847,117.94
23848,117.94
23849,117.94
23850,117.94
23851,117.94
23852,117.94
23853,117.94
23854,117.94
23855,116.459
23856,116.459
23857,116.459
23858,116.459
23859,116.459
23860,116.459
23861,116.459
23862,116.459
23863,116.459
23864,116.459
23865,116.459
23866,116.459
23867,116.459
23868,116.459
23869,116.459
23870,116.459
23871,116.459
23872,116.459
23873,116.459
23874,116.459
23875,118.485
23876,118.485
23877,118.485
23878,118.485
23879,118.485
23880,118.485
23881,118.485
23882,118.485
23883,118.485
23884,118.485
23885,118.485
23886,118.485
23887,118.485
23888,118.485
23889,118.485
23890,118.485
23891,118.485
23892,118.485
23893,118.485
23894,118.485
23895,118.485
23896,115.859
23897,115.859
23898,115.859
23899,115.859
23900,115.859
23901,115.859
23902,115.859
23903,115.859
23904,115.859
23905,115.859
23906,115.859
23907,115.859
23908,115.859
23909,115.859
23910,115.859
23911,115.859
23912,115.859
23913,115.859
23914,115.859
23915,120.573
23916,120.573
23917,120.573
23918,120.573
23919,120.573
23920,120.573
23921,120.573
23922,120.573
23923,120.573
23924,120.573
23925,120.573
23926,120.573
23927,120.573
23928,120.573
23929,120.573
23930,120.573
23931,120.573
23932,120.573
23933,120.573
23934,120.573
23935,120.573
23936,117.34
23937,117.34
23938,117.34
23939,117.34
23940,117.34
23941,117.34
23942,117.34
23943,117.34
23944,117.34
23945,117.34
23946,117.34
23947,117.34
23948,117.34
23949,117.34
23950,117.34
23951,117.34
23952,117.34
23953,117.34
23954,117.34
23955,117.34
23956,117.612
23957,117.612
23958,117.612
23959,117.612
23960,117.612
23961,117.612
23962,117.612
23963,117.612
23964,117.612
23965,117.612
23966,117.612
23967,117.612
23968,117.612
23969,117.612
23970,117.612
23971,117.612
23972,117.612
23973,117.612
23974,117.612
23975,117.612
23976,118.485
23977,118.485
23978,118.485
23979,118.485
23980,118.485
23981,118.485
23982,118.485
23983,118.485
23984,118.485
23985,118.485
23986,118.485
23987,118.485
23988,118.485
23989,118.485
23990,118.485
23991,118.485
23992,118.485
23993,118.485
23994,118.485
23995,118.485
23996,116.732
23997,116.732
23998,116.732
23999,116.732
24000,116.732
24001,116.732
24002,116.732
24003,116.732
24004,116.732
24005,116.732
24006,116.732
24007,116.732
24008,116.732
24009,116.732
24010,116.732
24011,116.732
24012,116.732
24013,116.732
24014,116.732
24015,116.732
24016,119.973
24017,119.973
24018,119.973
24019,119.973
24020,119.973
24021,119.973
24022,119.973
24023,119.973
24024,119.973
24025,119.973
24026,119.973
24027,119.973
24028,119.973
24029,119.973
24030,119.973
24031,119.973
24032,119.973
24033,119.973
24034,119.973
24035,119.973
24036,117.059
24037,117.059
24038,117.059
24039,117.059
24040,117.059
24041,117.059
24042,117.059
24043,117.059
24044,117.059
24045,117.059
24046,117.059
24047,117.059
24048,117.059
24049,117.059
24050,117.059
24051,117.059
24052,117.059
24053,117.059
24054,117.059
24055,117.059
24056,118.82
24057,118.82
24058,118.82
24059,118.82
24060,118.82
24061,118.82
24062,118.82
24063,118.82
24064,118.82
24065,118.82
24066,118.82
24067,118.82
24068,118.82
24069,118.82
24070,118.82
24071,118.82
24072,118.82
24073,118.82
24074,118.82
24075,118.82
24076,118.212
24077,118.212
24078,118.212
24079,118.212
24080,118.212
24081,118.212
24082,118.212
24083,118.212
24084,118.212
24085,118.212
24086,118.212
24087,118.212
24088,118.212
24089,118.212
24090,118.212
24091,118.212
24092,118.212
24093,118.212
24094,118.212
24095,118.212
24096,115.579
24097,115.579
24098,115.579
24099,115.579
24100,115.579
24101,115.579
24102,115.579
24103,115.579
24104,115.579
24105,115.579
24106,115.579
24107,115.579
24108,115.579
24109,115.579
24110,115.579
24111,115.579
24112,115.579
24113,115.579
24114,115.579
24115,115.579
24116,118.82
24117,118.82
24118,118.82
24119,118.82
24120,118.82
24121,118.82
24122,118.82
24123,118.82
24124,118.82
24125,118.82
24126,118.82
24127,118.82
24128,118.82
24129,118.82
24130,118.82
24131,118.82
24132,118.82
24133,118.82
24134,118.82
24135,118.82
24136,118.82
24137,116.459
24138,116.459
24139,116.459
24140,116.459
24141,116.459
24142,116.459
24143,116.459
24144,116.459
24145,116.459
24146,116.459
24147,116.459
24148,116.459
24149,116.459
24150,116.459
24151,116.459
24152,116.459
24153,116.459
24154,116.459
24155,116.459
24156,116.459
24157,120.573
24158,120.573
24159,120.573
24160,120.573
24161,120.573
24162,120.573
24163,120.573
24164,120.573
24165,120.573
24166,120.573
24167,120.573
24168,120.573
24169,120.573
24170,120.573
24171,120.573
24172,120.573
24173,120.573
24174,120.573
24175,120.573
24176,120.573
24177,117.612
24178,117.612
24179,117.612
24180,117.612
24181,117.612
24182,117.612
24183,117.612
24184,117.612
24185,117.612
24186,117.612
24187,117.612
24188,117.612
24189,117.612
24190,117.612
24191,117.612
24192,117.612
24193,117.612
24194,117.612
24195,117.612
24196,117.612
24197,116.459
24198,116.459
24199,116.459
24200,116.459
24201,116.459
24202,116.459
24203,116.459
24204,116.459
24205,116.459
24206,116.459
24207,116.459
24208,116.459
24209,116.459
24210,116.459
24211,116.459
24212,116.459
24213,116.459
24214,116.459
24215,116.459
24216,116.459
24217,118.485
24218,118.485
24219,118.485
24220,118.485
24221,118.485
24222,118.485
24223,118.485
24224,118.485
24225,118.485
24226,118.485
24227,118.485
24228,118.485
24229,118.485
24230,118.485
24231,118.485
24232,118.485
24233,118.485
24234,118.485
24235,118.485
24236,118.485
24237,116.132
24238,116.132
24239,116.132
24240,116.132
24241,116.132
24242,116.132
24243,116.132
24244,116.132
24245,116.132
24246,116.132
24247,116.132
24248,116.132
24249,116.132
24250,116.132
24251,116.132
24252,116.132
24253,116.132
24254,116.132
24255,116.132
24256,116.132
24257,120.573
24258,120.573
24259,120.573
24260,120.573
24261,120.573
24262,120.573
24263,120.573
24264,120.573
24265,120.573
24266,120.573
24267,120.573
24268,120.573
24269,120.573
24270,120.573
24271,120.573
24272,120.573
24273,120.573
24274,120.573
24275,120.573
24276,120.573
24277,116.732
24278,116.732
24279,116.732
24280,116.732
24281,116.732
24282,116.732
24283,116.732
24284,116.732
24285,116.732
24286,116.732
24287,116.732
24288,116.732
24289,116.732
24290,116.732
24291,116.732
24292,116.732
24293,116.732
24294,116.732
24295,116.732
24296,116.732
24297,116.732
24298,118.485
24299,118.485
24300,118.485
24301,118.485
24302,118.485
24303,118.485
24304,118.485
24305,118.485
24306,118.485
24307,118.485
24308,118.485
24309,118.485
24310,118.485
24311,118.485
24312,118.485
24313,118.485
24314,118.485
24315,118.485
24316,118.485
24317,118.485
24318,118.485
24319,118.485
24320,118.485
24321,118.485
24322,118.485
24323,118.485
24324,118.485
24325,118.485
24326,118.485
24327,118.485
24328,118.485
24329,118.485
24330,118.485
24331,118.485
24332,118.485
24333,118.485
24334,118.485
24335,118.485
24336,118.485
24337,118.485
24338,116.732
24339,116.732
24340,116.732
24341,116.732
24342,116.732
24343,116.732
24344,116.732
24345,116.732
24346,116.732
24347,116.732
24348,116.732
24349,116.732
24350,116.732
24351,116.732
24352,116.732
24353,116.732
24354,116.732
24355,116.732
24356,116.732
24357,116.732
24358,119.42
24359,119.42
24360,119.42
24361,119.42
24362,119.42
24363,119.42
24364,119.42
24365,119.42
24366,119.42
24367,119.42
24368,119.42
24369,119.42
24370,119.42
24371,119.42
24372,119.42
24373,119.42
24374,119.42
24375,119.42
24376,119.42
24377,119.42
24378,116.132
24379,116.132
24380,116.132
24381,116.132
24382,116.132
24383,116.132
24384,116.132
24385,116.132
24386,116.132
24387,116.132
24388,116.132
24389,116.132
24390,116.132
24391,116.132
24392,116.132
24393,116.132
24394,116.132
24395,116.132
24396,116.132
24397,116.132
24398,118.82
24399,118.82
24400,118.82
24401,118.82
24402,118.82
24403,118.82
24404,118.82
24405,118.82
24406,118.82
24407,118.82
24408,118.82
24409,118.82
24410,118.82
24411,118.82
24412,118.82
24413,118.82
24414,118.82
24415,118.82
24416,118.82
24417,118.82
24418,117.94
24419,117.94
24420,117.94
24421,117.94
24422,117.94
24423,117.94
24424,117.94
24425,117.94
24426,117.94
24427,117.94
24428,117.94
24429,117.94
24430,117.94
24431,117.94
24432,117.94
24433,117.94
24434,117.94
24435,117.94
24436,117.94
24437,117.94
24438,116.132
24439,116.132
24440,116.132
24441,116.132
24442,116.132
24443,116.132
24444,116.132
24445,116.132
24446,116.132
24447,116.132
24448,116.132
24449,116.132
24450,116.132
24451,116.132
24452,116.132
24453,116.132
24454,116.132
24455,116.132
24456,116.132
24457,116.132
24458,118.485
24459,118.485
24460,118.485
24461,118.485
24462,118.485
24463,118.485
24464,118.485
24465,118.485
24466,118.485
24467,118.485
24468,118.485
24469,118.485
24470,118.485
24471,118.485
24472,118.485
24473,118.485
24474,118.485
24475,118.485
24476,118.485
24477,118.485
24478,116.132
24479,116.132
24480,116.132
24481,116.132
24482,116.132
24483,116.132
24484,116.132
24485,116.132
24486,116.132
24487,116.132
24488,116.132
24489,116.132
24490,116.132
24491,116.132
24492,116.132
24493,116.132
24494,116.132
24495,116.132
24496,116.132
24497,116.132
24498,120.573
24499,120.573
24500,120.573
24501,120.573
24502,120.573
24503,120.573
24504,120.573
24505,120.573
24506,120.573
24507,120.573
24508,120.573
24509,120.573
24510,120.573
24511,120.573
24512,120.573
24513,120.573
24514,120.573
24515,120.573
24516,120.573
24517,120.573
24518,117.059
24519,117.059
24520,117.059
24521,117.059
24522,117.059
24523,117.059
24524,117.059
24525,117.059
24526,117.059
24527,117.059
24528,117.059
24529,117.059
24530,117.059
24531,117.059
24532,117.059
24533,117.059
24534,117.059
24535,117.059
24536,117.059
24537,117.059
24538,116.732
24539,116.732
24540,116.732
24541,116.732
24542,116.732
24543,116.732
24544,116.732
24545,116.732
24546,116.732
24547,116.732
24548,116.732
24549,116.732
24550,116.732
24551,116.732
24552,116.732
24553,116.732
24554,116.732
24555,116.732
24556,116.732
24557,116.732
24558,116.732
24559,118.82
24560,118.82
24561,118.82
24562,118.82
24563,118.82
24564,118.82
24565,118.82
24566,118.82
24567,118.82
24568,118.82
24569,118.82
24570,118.82
24571,118.82
24572,118.82
24573,118.82
24574,118.82
24575,118.82
24576,118.82
24577,118.82
24578,118.82
24579,116.732
24580,116.732
24581,116.732
24582,116.732
24583,116.732
24584,116.732
24585,116.732
24586,116.732
24587,116.732
24588,116.732
24589,116.732
24590,116.732
24591,116.732
24592,116.732
24593,116.732
24594,116.732
24595,116.732
24596,116.732
24597,116.732
24598,116.732
24599,120.301
24600,120.301
24601,120.301
24602,120.301
24603,120.301
24604,120.301
24605,120.301
24606,120.301
24607,120.301
24608,120.301
24609,120.301
24610,120.301
24611,120.301
24612,120.301
24613,120.301
24614,120.301
24615,120.301
24616,120.301
24617,120.301
24618,120.301
24619,117.059
24620,117.059
24621,117.059
24622,117.059
24623,117.059
24624,117.059
24625,117.059
24626,117.059
24627,117.059
24628,117.059
24629,117.059
24630,117.059
24631,117.059
24632,117.059
24633,117.059
24634,117.059
24635,117.059
24636,117.059
24637,117.059
24638,117.059
24639,118.485
24640,118.485
24641,118.485
24642,118.485
24643,118.485
24644,118.485
24645,118.485
24646,118.485
24647,118.485
24648,118.485
24649,118.485
24650,118.485
24651,118.485
24652,118.485
24653,118.485
24654,118.485
24655,118.485
24656,118.485
24657,118.485
24658,118.485
24659,118.212
24660,118.212
24661,118.212
24662,118.212
24663,118.212
24664,118.212
24665,118.212
24666,118.212
24667,118.212
24668,118.212
24669,118.212
24670,118.212
24671,118.212
24672,118.212
24673,118.212
24674,118.212
24675,118.212
24676,118.212
24677,118.212
24678,118.212
24679,116.459
24680,116.459
24681,116.459
24682,116.459
24683,116.459
24684,116.459
24685,116.459
24686,116.459
24687,116.459
24688,116.459
24689,116.459
24690,116.459
24691,116.459
24692,116.459
24693,116.459
24694,116.459
24695,116.459
24696,116.459
24697,116.459
24698,116.459
24699,119.42
24700,119.42
24701,119.42
24702,119.42
24703,119.42
24704,119.42
24705,119.42
24706,119.42
24707,119.42
24708,119.42
24709,119.42
24710,119.42
24711,119.42
24712,119.42
24713,119.42
24714,119.42
24715,119.42
24716,119.42
24717,119.42
24718,119.42
24719,116.132
24720,116.132
24721,116.132
24722,116.132
24723,116.132
24724,116.132
24725,116.132
24726,116.132
24727,116.132
24728,116.132
24729,116.132
24730,116.132
24731,116.132
24732,116.132
24733,116.132
24734,116.132
24735,116.132
24736,116.132
24737,116.132
24738,116.132
24739,119.973
24740,119.973
24741,119.973
24742,119.973
24743,119.973
24744,119.973
24745,119.973
24746,119.973
24747,119.973
24748,119.973
24749,119.973
24750,119.973
24751,119.973
24752,119.973
24753,119.973
24754,119.973
24755,119.973
24756,119.973
24757,119.973
24758,119.973
24759,119.973
24760,117.94
24761,117.94
24762,117.94
24763,117.94
24764,117.94
24765,117.94
24766,117.94
24767,117.94
24768,117.94
24769,117.94
24770,117.94
24771,117.94
24772,117.94
24773,117.94
24774,117.94
24775,117.94
24776,117.94
24777,117.94
24778,117.94
24779,117.94
24780,116.132
24781,116.132
24782,116.132
24783,116.132
24784,116.132
24785,116.132
24786,116.132
24787,116.132
24788,116.132
24789,116.132
24790,116.132
24791,116.132
24792,116.132
24793,116.132
24794,116.132
24795,116.132
24796,116.132
24797,116.132
24798,116.132
24799,116.132
24800,118.82
24801,118.82
24802,118.82
24803,118.82
24804,118.82
24805,118.82
24806,118.82
24807,118.82
24808,118.82
24809,118.82
24810,118.82
24811,118.82
24812,118.82
24813,118.82
24814,118.82
24815,118.82
24816,118.82
24817,118.82
24818,118.82
24819,118.82
24820,115.859
24821,115.859
24822,115.859
24823,115.859
24824,115.859
24825,115.859
24826,115.859
24827,115.859
24828,115.859
24829,115.859
24830,115.859
24831,115.859
24832,115.859
24833,115.859
24834,115.859
24835,115.859
24836,115.859
24837,115.859
24838,115.859
24839,115.859
24840,120.573
24841,120.573
24842,120.573
24843,120.573
24844,120.573
24845,120.573
24846,120.573
24847,120.573
24848,120.573
24849,120.573
24850,120.573
24851,120.573
24852,120.573
24853,120.573
24854,120.573
24855,120.573
24856,120.573
24857,120.573
24858,120.573
24859,120.573
24860,117.34
24861,117.34
24862,117.34
24863,117.34
24864,117.34
24865,117.34
24866,117.34
24867,117.34
24868,117.34
24869,117.34
24870,117.34
24871,117.34
24872,117.34
24873,117.34
24874,117.34
24875,117.34
24876,117.34
24877,117.34
24878,117.34
24879,117.34
24880,119.093
24881,119.093
24882,119.093
24883,119.093
24884,119.093
24885,119.093
24886,119.093
24887,119.093
24888,119.093
24889,119.093
24890,119.093
24891,119.093
24892,119.093
24893,119.093
24894,119.093
24895,119.093
24896,119.093
24897,119.093
24898,119.093
24899,119.093
24900,118.82
24901,118.82
24902,118.82
24903,118.82
24904,118.82
24905,118.82
24906,118.82
24907,118.82
24908,118.82
24909,118.82
24910,118.82
24911,118.82
24912,118.82
24913,118.82
24914,118.82
24915,118.82
24916,118.82
24917,118.82
24918,118.82
24919,118.82
24920,116.732
24921,116.732
24922,116.732
24923,116.732
24924,116.732
24925,116.732
24926,116.732
24927,116.732
24928,116.732
24929,116.732
24930,116.732
24931,116.732
24932,116.732
24933,116.732
24934,116.732
24935,116.732
24936,116.732
24937,116.732
24938,116.732
24939,116.732
24940,119.693
24941,119.693
24942,119.693
24943,119.693
24944,119.693
24945,119.693
24946,119.693
24947,119.693
24948,119.693
24949,119.693
24950,119.693
24951,119.693
24952,119.693
24953,119.693
24954,119.693
24955,119.693
24956,119.693
24957,119.693
24958,119.693
24959,119.693
24960,117.34
24961,117.34
24962,117.34
24963,117.34
24964,117.34
24965,117.34
24966,117.34
24967,117.34
24968,117.34
24969,117.34
24970,117.34
24971,117.34
24972,117.34
24973,117.34
24974,117.34
24975,117.34
24976,117.34
24977,117.34
24978,117.34
24979,117.34
24980,118.82
24981,118.82
24982,118.82
24983,118.82
24984,118.82
24985,118.82
24986,118.82
24987,118.82
24988,118.82
24989,118.82
24990,118.82
24991,118.82
24992,118.82
24993,118.82
24994,118.82
24995,118.82
24996,118.82
24997,118.82
24998,118.82
24999,118.82
25000,118.82
25001,117.94
25002,117.94
25003,117.94
25004,117.94
25005,117.94
25006,117.94
25007,117.94
25008,117.94
25009,117.94
25010,117.94
25011,117.94
25012,117.94
25013,117.94
25014,117.94
25015,117.94
25016,117.94
25017,117.94
25018,117.94
25019,117.94
25020,117.94
25021,116.132
25022,116.132
25023,116.132
25024,116.132
25025,116.132
25026,116.132
25027,116.132
25028,116.132
25029,116.132
25030,116.132
25031,116.132
25032,116.132
25033,116.132
25034,116.132
25035,116.132
25036,116.132
25037,116.132
25038,116.132
25039,116.132
25040,116.132
25041,119.093
25042,119.093
25043,119.093
25044,119.093
25045,119.093
25046,119.093
25047,119.093
25048,119.093
25049,119.093
25050,119.093
25051,119.093
25052,119.093
25053,119.093
25054,119.093
25055,119.093
25056,119.093
25057,119.093
25058,119.093
25059,119.093
25060,119.093
25061,116.132
25062,116.132
25063,116.132
25064,116.132
25065,116.132
25066,116.132
25067,116.132
25068,116.132
25069,116.132
25070,116.132
25071,116.132
25072,116.132
25073,116.132
25074,116.132
25075,116.132
25076,116.132
25077,116.132
25078,116.132
25079,116.132
25080,116.132
25081,119.973
25082,119.973
25083,119.973
25084,119.973
25085,119.973
25086,119.973
25087,119.973
25088,119.973
25089,119.973
25090,119.973
25091,119.973
25092,119.973
25093,119.973
25094,119.973
25095,119.973
25096,119.973
25097,119.973
25098,119.973
25099,119.973
25100,119.973
25101,117.612
25102,117.612
25103,117.612
25104,117.612
25105,117.612
25106,117.612
25107,117.612
25108,117.612
25109,117.612
25110,117.612
25111,117.612
25112,117.612
25113,117.612
25114,117.612
25115,117.612
25116,117.612
25117,117.612
25118,117.612
25119,117.612
25120,117.612
25121,116.459
25122,116.459
25123,116.459
25124,116.459
25125,116.459
25126,116.459
25127,116.459
25128,116.459
25129,116.459
25130,116.459
25131,116.459
25132,116.459
25133,116.459
25134,116.459
25135,116.459
25136,116.459
25137,116.459
25138,116.459
25139,116.459
25140,116.459
25141,118.82
25142,118.82
25143,118.82
25144,118.82
25145,118.82
25146,118.82
25147,118.82
25148,118.82
25149,118.82
25150,118.82
25151,118.82
25152,118.82
25153,118.82
25154,118.82
25155,118.82
25156,118.82
25157,118.82
25158,118.82
25159,118.82
25160,118.82
25161,118.82
25162,116.132
25163,116.132
25164,116.132
25165,116.132
25166,116.132
25167,116.132
25168,116.132
25169,116.132
25170,116.132
25171,116.132
25172,116.132
25173,116.132
25174,116.132
25175,116.132
25176,116.132
25177,116.132
25178,116.132
25179,116.132
25180,116.132
25181,119.973
25182,119.973
25183,119.973
25184,119.973
25185,119.973
25186,119.973
25187,119.973
25188,119.973
25189,119.973
25190,119.973
25191,119.973
25192,119.973
25193,119.973
25194,119.973
25195,119.973
25196,119.973
25197,119.973
25198,119.973
25199,119.973
25200,119.973
25201,119.973
25202,117.059
25203,117.059
25204,117.059
25205,117.059
25206,117.059
25207,117.059
25208,117.059
25209,117.059
25210,117.059
25211,117.059
25212,117.059
25213,117.059
25214,117.059
25215,117.059
25216,117.059
25217,117.059
25218,117.059
25219,117.059
25220,117.059
25221,117.059
25222,118.82
25223,118.82
25224,118.82
25225,118.82
25226,118.82
25227,118.82
25228,118.82
25229,118.82
25230,118.82
25231,118.82
25232,118.82
25233,118.82
25234,118.82
25235,118.82
25236,118.82
25237,118.82
25238,118.82
25239,118.82
25240,118.82
25241,118.82
25242,118.212
25243,118.212
25244,118.212
25245,118.212
25246,118.212
25247,118.212
25248,118.212
25249,118.212
25250,118.212
25251,118.212
25252,118.212
25253,118.212
25254,118.212
25255,118.212
25256,118.212
25257,118.212
25258,118.212
25259,118.212
25260,118.212
25261,118.212
25262,116.132
25263,116.132
25264,116.132
25265,116.132
25266,116.132
25267,116.132
25268,116.132
25269,116.132
25270,116.132
25271,116.132
25272,116.132
25273,116.132
25274,116.132
25275,116.132
25276,116.132
25277,116.132
25278,116.132
25279,116.132
25280,116.132
25281,116.132
25282,119.093
25283,119.093
25284,119.093
25285,119.093
25286,119.093
25287,119.093
25288,119.093
25289,119.093
25290,119.093
25291,119.093
25292,119.093
25293,119.093
25294,119.093
25295,119.093
25296,119.093
25297,119.093
25298,119.093
25299,119.093
25300,119.093
25301,119.093
25302,116.132
25303,116.132
25304,116.132
25305,116.132
25306,116.132
25307,116.132
25308,116.132
25309,116.132
25310,116.132
25311,116.132
25312,116.132
25313,116.132
25314,116.132
25315,116.132
25316,116.132
25317,116.132
25318,116.132
25319,116.132
25320,116.132
25321,116.132
25322,119.42
25323,119.42
25324,119.42
25325,119.42
25326,119.42
25327,119.42
25328,119.42
25329,119.42
25330,119.42
25331,119.42
25332,119.42
25333,119.42
25334,119.42
25335,119.42
25336,119.42
25337,119.42
25338,119.42
25339,119.42
25340,119.42
25341,119.42
25342,117.94
25343,117.94
25344,117.94
25345,117.94
25346,117.94
25347,117.94
25348,117.94
25349,117.94
25350,117.94
25351,117.94
25352,117.94
25353,117.94
25354,117.94
25355,117.94
25356,117.94
25357,117.94
25358,117.94
25359,117.94
25360,117.94
25361,117.94
25362,116.132
25363,116.132
25364,116.132
25365,116.132
25366,116.132
25367,116.132
25368,116.132
25369,116.132
25370,116.132
25371,116.132
25372,116.132
25373,116.132
25374,116.132
25375,116.132
25376,116.132
25377,116.132
25378,116.132
25379,116.132
25380,116.132
25381,116.132
25382,118.485
25383,118.485
25384,118.485
25385,118.485
25386,118.485
25387,118.485
25388,118.485
25389,118.485
25390,118.485
25391,118.485
25392,118.485
25393,118.485
25394,118.485
25395,118.485
25396,118.485
25397,118.485
25398,118.485
25399,118.485
25400,118.485
25401,118.485
25402,118.485
25403,115.859
25404,115.859
25405,115.859
25406,115.859
25407,115.859
25408,115.859
25409,115.859
25410,115.859
25411,115.859
25412,115.859
25413,115.859
25414,115.859
25415,115.859
25416,115.859
25417,115.859
25418,115.859
25419,115.859
25420,115.859
25421,115.859
25422,115.859
25423,120.573
25424,120.573
25425,120.573
25426,120.573
25427,120.573
25428,120.573
25429,120.573
25430,120.573
25431,120.573
25432,120.573
25433,120.573
25434,120.573
25435,120.573
25436,120.573
25437,120.573
25438,120.573
25439,120.573
25440,120.573
25441,120.573
25442,120.573
25443,117.34
25444,117.34
25445,117.34
25446,117.34
25447,117.34
25448,117.34
25449,117.34
25450,117.34
25451,117.34
25452,117.34
25453,117.34
25454,117.34
25455,117.34
25456,117.34
25457,117.34
25458,117.34
25459,117.34
25460,117.34
25461,117.34
25462,117.34
25463,117.34
25464,117.34
25465,117.34
25466,117.34
25467,117.34
25468,117.34
25469,117.34
25470,117.34
25471,117.34
25472,117.34
25473,117.34
25474,117.34
25475,117.34
25476,117.34
25477,117.34
25478,117.34
25479,117.34
25480,117.34
25481,117.34
25482,117.34
25483,118.485
25484,118.485
25485,118.485
25486,118.485
25487,118.485
25488,118.485
25489,118.485
25490,118.485
25491,118.485
25492,118.485
25493,118.485
25494,118.485
25495,118.485
25496,118.485
25497,118.485
25498,118.485
25499,118.485
25500,118.485
25501,118.485
25502,118.485
25503,116.732
25504,116.732
25505,116.732
25506,116.732
25507,116.732
25508,116.732
25509,116.732
25510,116.732
25511,116.732
25512,116.732
25513,116.732
25514,116.732
25515,116.732
25516,116.732
25517,116.732
25518,116.732
25519,116.732
25520,116.732
25521,116.732
25522,116.732
25523,119.693
25524,119.693
25525,119.693
25526,119.693
25527,119.693
25528,119.693
25529,119.693
25530,119.693
25531,119.693
25532,119.693
25533,119.693
25534,119.693
25535,119.693
25536,119.693
25537,119.693
25538,119.693
25539,119.693
25540,119.693
25541,119.693
25542,119.693
25543,117.34
25544,117.34
25545,117.34
25546,117.34
25547,117.34
25548,117.34
25549,117.34
25550,117.34
25551,117.34
25552,117.34
25553,117.34
25554,117.34
25555,117.34
25556,117.34
25557,117.34
25558,117.34
25559,117.34
25560,117.34
25561,117.34
25562,117.34
25563,119.215
25564,119.215
25565,119.215
25566,119.215
25567,119.215
25568,119.215
25569,119.215
25570,119.215
25571,119.215
25572,119.215
25573,119.215
25574,119.215
25575,119.215
25576,119.215
25577,119.215
25578,119.215
25579,119.215
25580,119.215
25581,119.215
25582,119.215
25583,118.485
25584,118.485
25585,118.485
25586,118.485
25587,118.485
25588,118.485
25589,118.485
25590,118.485
25591,118.485
25592,118.485
25593,118.485
25594,118.485
25595,118.485
25596,118.485
25597,118.485
25598,118.485
25599,118.485
25600,118.485
25601,118.485
25602,118.485
25603,115.978
25604,115.978
25605,115.978
25606,115.978
25607,115.978
25608,115.978
25609,115.978
25610,115.978
25611,115.978
25612,115.978
25613,115.978
25614,115.978
25615,115.978
25616,115.978
25617,115.978
25618,115.978
25619,115.978
25620,115.978
25621,115.978
25622,115.978
25623,115.978
25624,119.093
25625,119.093
25626,119.093
25627,119.093
25628,119.093
25629,119.093
25630,119.093
25631,119.093
25632,119.093
25633,119.093
25634,119.093
25635,119.093
25636,119.093
25637,119.093
25638,119.093
25639,119.093
25640,119.093
25641,119.093
25642,119.093
25643,119.093
25644,115.859
25645,115.859
25646,115.859
25647,115.859
25648,115.859
25649,115.859
25650,115.859
25651,115.859
25652,115.859
25653,115.859
25654,115.859
25655,115.859
25656,115.859
25657,115.859
25658,115.859
25659,115.859
25660,115.859
25661,115.859
25662,115.859
25663,115.859
25664,119.42
25665,119.42
25666,119.42
25667,119.42
25668,119.42
25669,119.42
25670,119.42
25671,119.42
25672,119.42
25673,119.42
25674,119.42
25675,119.42
25676,119.42
25677,119.42
25678,119.42
25679,119.42
25680,119.42
25681,119.42
25682,119.42
25683,119.42
25684,117.34
25685,117.34
25686,117.34
25687,117.34
25688,117.34
25689,117.34
25690,117.34
25691,117.34
25692,117.34
25693,117.34
25694,117.34
25695,117.34
25696,117.34
25697,117.34
25698,117.34
25699,117.34
25700,117.34
25701,117.34
25702,117.34
25703,117.34
25704,116.732
25705,116.732
25706,116.732
25707,116.732
25708,116.732
25709,116.732
25710,116.732
25711,116.732
25712,116.732
25713,116.732
25714,116.732
25715,116.732
25716,116.732
25717,116.732
25718,116.732
25719,116.732
25720,116.732
25721,116.732
25722,116.732
25723,116.732
25724,118.82
25725,118.82
25726,118.82
25727,118.82
25728,118.82
25729,118.82
25730,118.82
25731,118.82
25732,118.82
25733,118.82
25734,118.82
25735,118.82
25736,118.82
25737,118.82
25738,118.82
25739,118.82
25740,118.82
25741,118.82
25742,118.82
25743,118.82
25744,115.859
25745,115.859
25746,115.859
25747,115.859
25748,115.859
25749,115.859
25750,115.859
25751,115.859
25752,115.859
25753,115.859
25754,115.859
25755,115.859
25756,115.859
25757,115.859
25758,115.859
25759,115.859
25760,115.859
25761,115.859
25762,115.859
25763,115.859
25764,120.301
25765,120.301
25766,120.301
25767,120.301
25768,120.301
25769,120.301
25770,120.301
25771,120.301
25772,120.301
25773,120.301
25774,120.301
25775,120.301
25776,120.301
25777,120.301
25778,120.301
25779,120.301
25780,120.301
25781,120.301
25782,120.301
25783,120.301
25784,117.34
25785,117.34
25786,117.34
25787,117.34
25788,117.34
25789,117.34
25790,117.34
25791,117.34
25792,117.34
25793,117.34
25794,117.34
25795,117.34
25796,117.34
25797,117.34
25798,117.34
25799,117.34
25800,117.34
25801,117.34
25802,117.34
25803,117.34
25804,119.093
25805,119.093
25806,119.093
25807,119.093
25808,119.093
25809,119.093
25810,119.093
25811,119.093
25812,119.093
25813,119.093
25814,119.093
25815,119.093
25816,119.093
25817,119.093
25818,119.093
25819,119.093
25820,119.093
25821,119.093
25822,119.093
25823,119.093
25824,118.485
25825,118.485
25826,118.485
25827,118.485
25828,118.485
25829,118.485
25830,118.485
25831,118.485
25832,118.485
25833,118.485
25834,118.485
25835,118.485
25836,118.485
25837,118.485
25838,118.485
25839,118.485
25840,118.485
25841,118.485
25842,118.485
25843,118.485
25844,116.732
25845,116.732
25846,116.732
25847,116.732
25848,116.732
25849,116.732
25850,116.732
25851,116.732
25852,116.732
25853,116.732
25854,116.732
25855,116.732
25856,116.732
25857,116.732
25858,116.732
25859,116.732
25860,116.732
25861,116.732
25862,116.732
25863,116.732
25864,116.732
25865,119.973
25866,119.973
25867,119.973
25868,119.973
25869,119.973
25870,119.973
25871,119.973
25872,119.973
25873,119.973
25874,119.973
25875,119.973
25876,119.973
25877,119.973
25878,119.973
25879,119.973
25880,119.973
25881,119.973
25882,119.973
25883,119.973
25884,119.973
25885,117.059
25886,117.059
25887,117.059
25888,117.059
25889,117.059
25890,117.059
25891,117.059
25892,117.059
25893,117.059
25894,117.059
25895,117.059
25896,117.059
25897,117.059
25898,117.059
25899,117.059
25900,117.059
25901,117.059
25902,117.059
25903,117.059
25904,117.059
25905,119.693
25906,119.693
25907,119.693
25908,119.693
25909,119.693
25910,119.693
25911,119.693
25912,119.693
25913,119.693
25914,119.693
25915,119.693
25916,119.693
25917,119.693
25918,119.693
25919,119.693
25920,119.693
25921,119.693
25922,119.693
25923,119.693
25924,119.693
25925,118.212
25926,118.212
25927,118.212
25928,118.212
25929,118.212
25930,118.212
25931,118.212
25932,118.212
25933,118.212
25934,118.212
25935,118.212
25936,118.212
25937,118.212
25938,118.212
25939,118.212
25940,118.212
25941,118.212
25942,118.212
25943,118.212
25944,118.212
25945,115.859
25946,115.859
25947,115.859
25948,115.859
25949,115.859
25950,115.859
25951,115.859
25952,115.859
25953,115.859
25954,115.859
25955,115.859
25956,115.859
25957,115.859
25958,115.859
25959,115.859
25960,115.859
25961,115.859
25962,115.859
25963,115.859
25964,115.859
25965,115.859
25966,115.859
25967,115.859
25968,115.859
25969,115.859
25970,115.859
25971,115.859
25972,115.859
25973,115.859
25974,115.859
25975,115.859
25976,115.859
25977,115.859
25978,115.859
25979,115.859
25980,115.859
25981,115.859
25982,115.859
25983,115.859
25984,115.859
25985,115.859
25986,115.859
25987,115.859
25988,115.859
25989,115.859
25990,115.859
25991,115.859
25992,115.859
25993,117.34
25994,117.34
25995,117.34
25996,117.34
25997,117.34
25998,117.34
25999,117.34
26000,117.34
26001,117.34
26002,117.34
26003,117.34
26004,117.34
26005,117.34
26006,117.34
26007,117.34
26008,117.34
26009,117.34
26010,117.34
26011,120.301
26012,120.301
26013,120.301
26014,120.301
26015,120.301
26016,120.301
26017,120.301
26018,120.301
26019,120.301
26020,120.301
26021,120.301
26022,120.301
26023,120.301
26024,120.301
26025,120.301
26026,120.301
26027,117.612
26028,117.612
26029,117.612
26030,117.612
26031,117.612
26032,117.612
26033,117.612
26034,117.612
26035,117.612
26036,117.612
26037,117.612
26038,117.612
26039,117.612
26040,117.612
26041,117.612
26042,117.612
26043,117.612
26044,117.612
26045,117.612
26046,117.612
26047,112.618
26048,112.618
26049,112.618
26050,112.618
26051,112.618
26052,112.618
26053,112.618
26054,112.618
26055,112.618
26056,112.618
26057,112.618
26058,112.618
26059,112.618
26060,112.618
26061,112.618
26062,112.618
26063,112.618
26064,112.618
26065,112.618
26066,112.618
26067,115.37
26068,115.37
26069,115.37
26070,115.37
26071,115.37
26072,115.37
26073,115.37
26074,115.37
26075,115.37
26076,115.37
26077,115.37
26078,115.37
26079,115.37
26080,115.37
26081,115.37
26082,115.37
26083,115.37
26084,115.37
26085,115.37
26086,115.37
26087,113.006
26088,113.006
26089,113.006
26090,113.006
26091,113.006
26092,113.006
26093,113.006
26094,113.006
26095,113.006
26096,113.006
26097,113.006
26098,113.006
26099,113.006
26100,113.006
26101,113.006
26102,113.006
26103,113.006
26104,113.006
26105,113.006
26106,113.006
26107,117.34
26108,117.34
26109,117.34
26110,117.34
26111,117.34
26112,117.34
26113,117.34
26114,117.34
26115,117.34
26116,117.34
26117,117.34
26118,117.34
26119,117.34
26120,117.34
26121,117.34
26122,117.34
26123,117.34
26124,117.34
26125,117.34
26126,117.34
26127,114.979
26128,114.979
26129,114.979
26130,114.979
26131,114.979
26132,114.979
26133,114.979
26134,114.979
26135,114.979
26136,114.979
26137,114.979
26138,114.979
26139,114.979
26140,114.979
26141,114.979
26142,114.979
26143,114.979
26144,114.979
26145,114.979
26146,114.979
26147,114.979
26148,114.371
26149,114.371
26150,114.371
26151,114.371
26152,114.371
26153,114.371
26154,114.371
26155,114.371
26156,114.371
26157,114.371
26158,114.371
26159,114.371
26160,114.371
26161,114.371
26162,114.371
26163,114.371
26164,114.371
26165,114.371
26166,114.371
26167,114.371
26168,116.459
26169,116.459
26170,116.459
26171,116.459
26172,116.459
26173,116.459
26174,116.459
26175,116.459
26176,116.459
26177,116.459
26178,116.459
26179,116.459
26180,116.459
26181,116.459
26182,116.459
26183,116.459
26184,116.459
26185,116.459
26186,116.459
26187,116.459
26188,113.771
26189,113.771
26190,113.771
26191,113.771
26192,113.771
26193,113.771
26194,113.771
26195,113.771
26196,113.771
26197,113.771
26198,113.771
26199,113.771
26200,113.771
26201,113.771
26202,113.771
26203,113.771
26204,113.771
26205,113.771
26206,113.771
26207,113.771
26208,118.212
26209,118.212
26210,118.212
26211,118.212
26212,118.212
26213,118.212
26214,118.212
26215,118.212
26216,118.212
26217,118.212
26218,118.212
26219,118.212
26220,118.212
26221,118.212
26222,118.212
26223,118.212
26224,118.212
26225,118.212
26226,118.212
26227,118.212
26228,114.706
26229,114.706
26230,114.706
26231,114.706
26232,114.706
26233,114.706
26234,114.706
26235,114.706
26236,114.706
26237,114.706
26238,114.706
26239,114.706
26240,114.706
26241,114.706
26242,114.706
26243,114.706
26244,114.706
26245,114.706
26246,114.706
26247,114.706
26248,115.859
26249,115.859
26250,115.859
26251,115.859
26252,115.859
26253,115.859
26254,115.859
26255,115.859
26256,115.859
26257,115.859
26258,115.859
26259,115.859
26260,115.859
26261,115.859
26262,115.859
26263,115.859
26264,115.859
26265,115.859
26266,115.859
26267,115.859
26268,116.459
26269,116.459
26270,116.459
26271,116.459
26272,116.459
26273,116.459
26274,116.459
26275,116.459
26276,116.459
26277,116.459
26278,116.459
26279,116.459
26280,116.459
26281,116.459
26282,116.459
26283,116.459
26284,116.459
26285,116.459
26286,116.459
26287,116.459
26288,114.979
26289,114.979
26290,114.979
26291,114.979
26292,114.979
26293,114.979
26294,114.979
26295,114.979
26296,114.979
26297,114.979
26298,114.979
26299,114.979
26300,114.979
26301,114.979
26302,114.979
26303,114.979
26304,114.979
26305,114.979
26306,114.979
26307,114.979
26308,117.179
26309,117.179
26310,117.179
26311,117.179
26312,117.179
26313,117.179
26314,117.179
26315,117.179
26316,117.179
26317,117.179
26318,117.179
26319,117.179
26320,117.179
26321,117.179
26322,117.179
26323,117.179
26324,117.179
26325,117.179
26326,117.179
26327,117.179
26328,114.098
26329,114.098
26330,114.098
26331,114.098
26332,114.098
26333,114.098
26334,114.098
26335,114.098
26336,114.098
26337,114.098
26338,114.098
26339,114.098
26340,114.098
26341,114.098
26342,114.098
26343,114.098
26344,114.098
26345,114.098
26346,114.098
26347,114.098
26348,115.579
26349,115.579
26350,115.579
26351,115.579
26352,115.579
26353,115.579
26354,115.579
26355,115.579
26356,115.579
26357,115.579
26358,115.579
26359,115.579
26360,115.579
26361,115.579
26362,115.579
26363,115.579
26364,115.579
26365,115.579
26366,115.579
26367,115.579
26368,115.579
26369,114.371
26370,114.371
26371,114.371
26372,114.371
26373,114.371
26374,114.371
26375,114.371
26376,114.371
26377,114.371
26378,114.371
26379,114.371
26380,114.371
26381,114.371
26382,114.371
26383,114.371
26384,114.371
26385,114.371
26386,114.371
26387,114.371
26388,114.371
26389,112.618
26390,112.618
26391,112.618
26392,112.618
26393,112.618
26394,112.618
26395,112.618
26396,112.618
26397,112.618
26398,112.618
26399,112.618
26400,112.618
26401,112.618
26402,112.618
26403,112.618
26404,112.618
26405,112.618
26406,112.618
26407,112.618
26408,112.618
26409,115.579
26410,115.579
26411,115.579
26412,115.579
26413,115.579
26414,115.579
26415,115.579
26416,115.579
26417,115.579
26418,115.579
26419,115.579
26420,115.579
26421,115.579
26422,115.579
26423,115.579
26424,115.579
26425,115.579
26426,115.579
26427,115.579
26428,115.579
26429,112.618
26430,112.618
26431,112.618
26432,112.618
26433,112.618
26434,112.618
26435,112.618
26436,112.618
26437,112.618
26438,112.618
26439,112.618
26440,112.618
26441,112.618
26442,112.618
26443,112.618
26444,112.618
26445,112.618
26446,112.618
26447,112.618
26448,112.618
26449,115.859
26450,115.859
26451,115.859
26452,115.859
26453,115.859
26454,115.859
26455,115.859
26456,115.859
26457,115.859
26458,115.859
26459,115.859
26460,115.859
26461,115.859
26462,115.859
26463,115.859
26464,115.859
26465,115.859
26466,115.859
26467,115.859
26468,115.859
26469,114.098
26470,114.098
26471,114.098
26472,114.098
26473,114.098
26474,114.098
26475,114.098
26476,114.098
26477,114.098
26478,114.098
26479,114.098
26480,114.098
26481,114.098
26482,114.098
26483,114.098
26484,114.098
26485,114.098
26486,114.098
26487,114.098
26488,114.098
26489,113.006
26490,113.006
26491,113.006
26492,113.006
26493,113.006
26494,113.006
26495,113.006
26496,113.006
26497,113.006
26498,113.006
26499,113.006
26500,113.006
26501,113.006
26502,113.006
26503,113.006
26504,113.006
26505,113.006
26506,113.006
26507,113.006
26508,113.006
26509,115.859
26510,115.859
26511,115.859
26512,115.859
26513,115.859
26514,115.859
26515,115.859
26516,115.859
26517,115.859
26518,115.859
26519,115.859
26520,115.859
26521,115.859
26522,115.859
26523,115.859
26524,115.859
26525,115.859
26526,115.859
26527,115.859
26528,115.859
26529,113.498
26530,113.498
26531,113.498
26532,113.498
26533,113.498
26534,113.498
26535,113.498
26536,113.498
26537,113.498
26538,113.498
26539,113.498
26540,113.498
26541,113.498
26542,113.498
26543,113.498
26544,113.498
26545,113.498
26546,113.498
26547,113.498
26548,113.498
26549,118.212
26550,118.212
26551,118.212
26552,118.212
26553,118.212
26554,118.212
26555,118.212
26556,118.212
26557,118.212
26558,118.212
26559,118.212
26560,118.212
26561,118.212
26562,118.212
26563,118.212
26564,118.212
26565,118.212
26566,118.212
26567,118.212
26568,118.212
26569,118.212
26570,114.706
26571,114.706
26572,114.706
26573,114.706
26574,114.706
26575,114.706
26576,114.706
26577,114.706
26578,114.706
26579,114.706
26580,114.706
26581,114.706
26582,114.706
26583,114.706
26584,114.706
26585,114.706
26586,114.706
26587,114.706
26588,114.706
26589,114.706
26590,115.579
26591,115.579
26592,115.579
26593,115.579
26594,115.579
26595,115.579
26596,115.579
26597,115.579
26598,115.579
26599,115.579
26600,115.579
26601,115.579
26602,115.579
26603,115.579
26604,115.579
26605,115.579
26606,115.579
26607,115.579
26608,115.579
26609,115.579
26610,116.459
26611,116.459
26612,116.459
26613,116.459
26614,116.459
26615,116.459
26616,116.459
26617,116.459
26618,116.459
26619,116.459
26620,116.459
26621,116.459
26622,116.459
26623,116.459
26624,116.459
26625,116.459
26626,116.459
26627,116.459
26628,116.459
26629,116.459
26630,114.706
26631,114.706
26632,114.706
26633,114.706
26634,114.706
26635,114.706
26636,114.706
26637,114.706
26638,114.706
26639,114.706
26640,114.706
26641,114.706
26642,114.706
26643,114.706
26644,114.706
26645,114.706
26646,114.706
26647,114.706
26648,114.706
26649,114.706
26650,117.733
26651,117.733
26652,117.733
26653,117.733
26654,117.733
26655,117.733
26656,117.733
26657,117.733
26658,117.733
26659,117.733
26660,117.733
26661,117.733
26662,117.733
26663,117.733
26664,117.733
26665,117.733
26666,117.733
26667,117.733
26668,117.733
26669,117.733
26670,115.37
26671,115.37
26672,115.37
26673,115.37
26674,115.37
26675,115.37
26676,115.37
26677,115.37
26678,115.37
26679,115.37
26680,115.37
26681,115.37
26682,115.37
26683,115.37
26684,115.37
26685,115.37
26686,115.37
26687,115.37
26688,115.37
26689,115.37
26690,117.34
26691,117.34
26692,117.34
26693,117.34
26694,117.34
26695,117.34
26696,117.34
26697,117.34
26698,117.34
26699,117.34
26700,117.34
26701,117.34
26702,117.34
26703,117.34
26704,117.34
26705,117.34
26706,117.34
26707,117.34
26708,117.34
26709,117.34
26710,115.859
26711,115.859
26712,115.859
26713,115.859
26714,115.859
26715,115.859
26716,115.859
26717,115.859
26718,115.859
26719,115.859
26720,115.859
26721,115.859
26722,115.859
26723,115.859
26724,115.859
26725,115.859
26726,115.859
26727,115.859
26728,115.859
26729,115.859
26730,113.888
26731,113.888
26732,113.888
26733,113.888
26734,113.888
26735,113.888
26736,113.888
26737,113.888
26738,113.888
26739,113.888
26740,113.888
26741,113.888
26742,113.888
26743,113.888
26744,113.888
26745,113.888
26746,113.888
26747,113.888
26748,113.888
26749,113.888
26750,117.059
26751,117.059
26752,117.059
26753,117.059
26754,117.059
26755,117.059
26756,117.059
26757,117.059
26758,117.059
26759,117.059
26760,117.059
26761,117.059
26762,117.059
26763,117.059
26764,117.059
26765,117.059
26766,117.059
26767,117.059
26768,117.059
26769,117.059
26770,117.059
26771,113.888
26772,113.888
26773,113.888
26774,113.888
26775,113.888
26776,113.888
26777,113.888
26778,113.888
26779,113.888
26780,113.888
26781,113.888
26782,113.888
26783,113.888
26784,113.888
26785,113.888
26786,113.888
26787,113.888
26788,113.888
26789,113.888
26790,113.888
26791,117.059
26792,117.059
26793,117.059
26794,117.059
26795,117.059
26796,117.059
26797,117.059
26798,117.059
26799,117.059
26800,117.059
26801,117.059
26802,117.059
26803,117.059
26804,117.059
26805,117.059
26806,117.059
26807,117.059
26808,117.059
26809,117.059
26810,117.059
26811,115.251
26812,115.251
26813,115.251
26814,115.251
26815,115.251
26816,115.251
26817,115.251
26818,115.251
26819,115.251
26820,115.251
26821,115.251
26822,115.251
26823,115.251
26824,115.251
26825,115.251
26826,115.251
26827,115.251
26828,115.251
26829,115.251
26830,115.251
26831,113.226
26832,113.226
26833,113.226
26834,113.226
26835,113.226
26836,113.226
26837,113.226
26838,113.226
26839,113.226
26840,113.226
26841,113.226
26842,113.226
26843,113.226
26844,113.226
26845,113.226
26846,113.226
26847,113.226
26848,113.226
26849,113.226
26850,113.226
26851,115.097
26852,115.097
26853,115.097
26854,115.097
26855,115.097
26856,115.097
26857,115.097
26858,115.097
26859,115.097
26860,115.097
26861,115.097
26862,115.097
26863,115.097
26864,115.097
26865,115.097
26866,115.097
26867,115.097
26868,115.097
26869,115.097
26870,115.097
26871,112.345
26872,112.345
26873,112.345
26874,112.345
26875,112.345
26876,112.345
26877,112.345
26878,112.345
26879,112.345
26880,112.345
26881,112.345
26882,112.345
26883,112.345
26884,112.345
26885,112.345
26886,112.345
26887,112.345
26888,112.345
26889,112.345
26890,112.345
26891,116.852
26892,116.852
26893,116.852
26894,116.852
26895,116.852
26896,116.852
26897,116.852
26898,116.852
26899,116.852
26900,116.852
26901,116.852
26902,116.852
26903,116.852
26904,116.852
26905,116.852
26906,116.852
26907,116.852
26908,116.852
26909,116.852
26910,116.852
26911,113.498
26912,113.498
26913,113.498
26914,113.498
26915,113.498
26916,113.498
26917,113.498
26918,113.498
26919,113.498
26920,113.498
26921,113.498
26922,113.498
26923,113.498
26924,113.498
26925,113.498
26926,113.498
26927,113.498
26928,113.498
26929,113.498
26930,113.498
26931,113.615
26932,113.615
26933,113.615
26934,113.615
26935,113.615
26936,113.615
26937,113.615
26938,113.615
26939,113.615
26940,113.615
26941,113.615
26942,113.615
26943,113.615
26944,113.615
26945,113.615
26946,113.615
26947,113.615
26948,113.615
26949,113.615
26950,113.615
26951,114.979
26952,114.979
26953,114.979
26954,114.979
26955,114.979
26956,114.979
26957,114.979
26958,114.979
26959,114.979
26960,114.979
26961,114.979
26962,114.979
26963,114.979
26964,114.979
26965,114.979
26966,114.979
26967,114.979
26968,114.979
26969,114.979
26970,114.979
26971,114.979
26972,113.342
26973,113.342
26974,113.342
26975,113.342
26976,113.342
26977,113.342
26978,113.342
26979,113.342
26980,113.342
26981,113.342
26982,113.342
26983,113.342
26984,113.342
26985,113.342
26986,113.342
26987,113.342
26988,113.342
26989,113.342
26990,113.342
26991,113.342
26992,116.132
26993,116.132
26994,116.132
26995,116.132
26996,116.132
26997,116.132
26998,116.132
26999,116.132
27000,116.132
27001,116.132
27002,116.132
27003,116.132
27004,116.132
27005,116.132
27006,116.132
27007,116.132
27008,116.132
27009,116.132
27010,116.132
27011,116.132
27012,114.371
27013,114.371
27014,114.371
27015,114.371
27016,114.371
27017,114.371
27018,114.371
27019,114.371
27020,114.371
27021,114.371
27022,114.371
27023,114.371
27024,114.371
27025,114.371
27026,114.371
27027,114.371
27028,114.371
27029,114.371
27030,114.371
27031,114.371
27032,117.059
27033,117.059
27034,117.059
27035,117.059
27036,117.059
27037,117.059
27038,117.059
27039,117.059
27040,117.059
27041,117.059
27042,117.059
27043,117.059
27044,117.059
27045,117.059
27046,117.059
27047,117.059
27048,117.059
27049,117.059
27050,117.059
27051,117.059
27052,116.251
27053,116.251
27054,116.251
27055,116.251
27056,116.251
27057,116.251
27058,116.251
27059,116.251
27060,116.251
27061,116.251
27062,116.251
27063,116.251
27064,116.251
27065,116.251
27066,116.251
27067,116.251
27068,116.251
27069,116.251
27070,116.251
27071,116.251
27072,113.888
27073,113.888
27074,113.888
27075,113.888
27076,113.888
27077,113.888
27078,113.888
27079,113.888
27080,113.888
27081,113.888
27082,113.888
27083,113.888
27084,113.888
27085,113.888
27086,113.888
27087,113.888
27088,113.888
27089,113.888
27090,113.888
27091,113.888
27092,117.34
27093,117.34
27094,117.34
27095,117.34
27096,117.34
27097,117.34
27098,117.34
27099,117.34
27100,117.34
27101,117.34
27102,117.34
27103,117.34
27104,117.34
27105,117.34
27106,117.34
27107,117.34
27108,117.34
27109,117.34
27110,117.34
27111,117.34
27112,114.215
27113,114.215
27114,114.215
27115,114.215
27116,114.215
27117,114.215
27118,114.215
27119,114.215
27120,114.215
27121,114.215
27122,114.215
27123,114.215
27124,114.215
27125,114.215
27126,114.215
27127,114.215
27128,114.215
27129,114.215
27130,114.215
27131,114.215
27132,117.733
27133,117.733
27134,117.733
27135,117.733
27136,117.733
27137,117.733
27138,117.733
27139,117.733
27140,117.733
27141,117.733
27142,117.733
27143,117.733
27144,117.733
27145,117.733
27146,117.733
27147,117.733
27148,117.733
27149,117.733
27150,117.733
27151,117.733
27152,115.978
27153,115.978
27154,115.978
27155,115.978
27156,115.978
27157,115.978
27158,115.978
27159,115.978
27160,115.978
27161,115.978
27162,115.978
27163,115.978
27164,115.978
27165,115.978
27166,115.978
27167,115.978
27168,115.978
27169,115.978
27170,115.978
27171,115.978
27172,115.978
27173,114.215
27174,114.215
27175,114.215
27176,114.215
27177,114.215
27178,114.215
27179,114.215
27180,114.215
27181,114.215
27182,114.215
27183,114.215
27184,114.215
27185,114.215
27186,114.215
27187,114.215
27188,114.215
27189,114.215
27190,114.215
27191,114.215
27192,114.215
27193,116.459
27194,116.459
27195,116.459
27196,116.459
27197,116.459
27198,116.459
27199,116.459
27200,116.459
27201,116.459
27202,116.459
27203,116.459
27204,116.459
27205,116.459
27206,116.459
27207,116.459
27208,116.459
27209,116.459
27210,116.459
27211,116.459
27212,116.459
27213,113.498
27214,113.498
27215,113.498
27216,113.498
27217,113.498
27218,113.498
27219,113.498
27220,113.498
27221,113.498
27222,113.498
27223,113.498
27224,113.498
27225,113.498
27226,113.498
27227,113.498
27228,113.498
27229,113.498
27230,113.498
27231,113.498
27232,113.498
27233,117.94
27234,117.94
27235,117.94
27236,117.94
27237,117.94
27238,117.94
27239,117.94
27240,117.94
27241,117.94
27242,117.94
27243,117.94
27244,117.94
27245,117.94
27246,117.94
27247,117.94
27248,117.94
27249,117.94
27250,117.94
27251,117.94
27252,117.94
27253,114.979
27254,114.979
27255,114.979
27256,114.979
27257,114.979
27258,114.979
27259,114.979
27260,114.979
27261,114.979
27262,114.979
27263,114.979
27264,114.979
27265,114.979
27266,114.979
27267,114.979
27268,114.979
27269,114.979
27270,114.979
27271,114.979
27272,114.979
27273,114.824
27274,114.824
27275,114.824
27276,114.824
27277,114.824
27278,114.824
27279,114.824
27280,114.824
27281,114.824
27282,114.824
27283,114.824
27284,114.824
27285,114.824
27286,114.824
27287,114.824
27288,114.824
27289,114.824
27290,114.824
27291,114.824
27292,114.824
27293,116.852
27294,116.852
27295,116.852
27296,116.852
27297,116.852
27298,116.852
27299,116.852
27300,116.852
27301,116.852
27302,116.852
27303,116.852
27304,116.852
27305,116.852
27306,116.852
27307,116.852
27308,116.852
27309,116.852
27310,116.852
27311,116.852
27312,116.852
27313,114.215
27314,114.215
27315,114.215
27316,114.215
27317,114.215
27318,114.215
27319,114.215
27320,114.215
27321,114.215
27322,114.215
27323,114.215
27324,114.215
27325,114.215
27326,114.215
27327,114.215
27328,114.215
27329,114.215
27330,114.215
27331,114.215
27332,114.215
27333,114.215
27334,117.94
27335,117.94
27336,117.94
27337,117.94
27338,117.94
27339,117.94
27340,117.94
27341,117.94
27342,117.94
27343,117.94
27344,117.94
27345,117.94
27346,117.94
27347,117.94
27348,117.94
27349,117.94
27350,117.94
27351,117.94
27352,117.94
27353,114.979
27354,114.979
27355,114.979
27356,114.979
27357,114.979
27358,114.979
27359,114.979
27360,114.979
27361,114.979
27362,114.979
27363,114.979
27364,114.979
27365,114.979
27366,114.979
27367,114.979
27368,114.979
27369,114.979
27370,114.979
27371,114.979
27372,114.979
27373,114.979
27374,116.732
27375,116.732
27376,116.732
27377,116.732
27378,116.732
27379,116.732
27380,116.732
27381,116.732
27382,116.732
27383,116.732
27384,116.732
27385,116.732
27386,116.732
27387,116.732
27388,116.732
27389,116.732
27390,116.732
27391,116.732
27392,116.732
27393,116.732
27394,116.132
27395,116.132
27396,116.132
27397,116.132
27398,116.132
27399,116.132
27400,116.132
27401,116.132
27402,116.132
27403,116.132
27404,116.132
27405,116.132
27406,116.132
27407,116.132
27408,116.132
27409,116.132
27410,116.132
27411,116.132
27412,116.132
27413,116.132
27414,114.098
27415,114.098
27416,114.098
27417,114.098
27418,114.098
27419,114.098
27420,114.098
27421,114.098
27422,114.098
27423,114.098
27424,114.098
27425,114.098
27426,114.098
27427,114.098
27428,114.098
27429,114.098
27430,114.098
27431,114.098
27432,114.098
27433,114.098
27434,117.34
27435,117.34
27436,117.34
27437,117.34
27438,117.34
27439,117.34
27440,117.34
27441,117.34
27442,117.34
27443,117.34
27444,117.34
27445,117.34
27446,117.34
27447,117.34
27448,117.34
27449,117.34
27450,117.34
27451,117.34
27452,117.34
27453,117.34
27454,114.979
27455,114.979
27456,114.979
27457,114.979
27458,114.979
27459,114.979
27460,114.979
27461,114.979
27462,114.979
27463,114.979
27464,114.979
27465,114.979
27466,114.979
27467,114.979
27468,114.979
27469,114.979
27470,114.979
27471,114.979
27472,114.979
27473,114.979
27474,117.179
27475,117.179
27476,117.179
27477,117.179
27478,117.179
27479,117.179
27480,117.179
27481,117.179
27482,117.179
27483,117.179
27484,117.179
27485,117.179
27486,117.179
27487,117.179
27488,117.179
27489,117.179
27490,117.179
27491,117.179
27492,117.179
27493,117.179
27494,115.859
27495,115.859
27496,115.859
27497,115.859
27498,115.859
27499,115.859
27500,115.859
27501,115.859
27502,115.859
27503,115.859
27504,115.859
27505,115.859
27506,115.859
27507,115.859
27508,115.859
27509,115.859
27510,115.859
27511,115.859
27512,115.859
27513,115.859
27514,115.859
27515,114.098
27516,114.098
27517,114.098
27518,114.098
27519,114.098
27520,114.098
27521,114.098
27522,114.098
27523,114.098
27524,114.098
27525,114.098
27526,114.098
27527,114.098
27528,114.098
27529,114.098
27530,114.098
27531,114.098
27532,114.098
27533,114.098
27534,117.179
27535,117.179
27536,117.179
27537,117.179
27538,117.179
27539,117.179
27540,117.179
27541,117.179
27542,117.179
27543,117.179
27544,117.179
27545,117.179
27546,117.179
27547,117.179
27548,117.179
27549,117.179
27550,117.179
27551,117.179
27552,117.179
27553,117.179
27554,114.215
27555,114.215
27556,114.215
27557,114.215
27558,114.215
27559,114.215
27560,114.215
27561,114.215
27562,114.215
27563,114.215
27564,114.215
27565,114.215
27566,114.215
27567,114.215
27568,114.215
27569,114.215
27570,114.215
27571,114.215
27572,114.215
27573,114.215
27574,114.215
27575,117.94
27576,117.94
27577,117.94
27578,117.94
27579,117.94
27580,117.94
27581,117.94
27582,117.94
27583,117.94
27584,117.94
27585,117.94
27586,117.94
27587,117.94
27588,117.94
27589,117.94
27590,117.94
27591,117.94
27592,117.94
27593,117.94
27594,117.94
27595,115.579
27596,115.579
27597,115.579
27598,115.579
27599,115.579
27600,115.579
27601,115.579
27602,115.579
27603,115.579
27604,115.579
27605,115.579
27606,115.579
27607,115.579
27608,115.579
27609,115.579
27610,115.579
27611,115.579
27612,115.579
27613,115.579
27614,115.579
27615,114.371
27616,114.371
27617,114.371
27618,114.371
27619,114.371
27620,114.371
27621,114.371
27622,114.371
27623,114.371
27624,114.371
27625,114.371
27626,114.371
27627,114.371
27628,114.371
27629,114.371
27630,114.371
27631,114.371
27632,114.371
27633,114.371
27634,114.371
27635,116.579
27636,116.579
27637,116.579
27638,116.579
27639,116.579
27640,116.579
27641,116.579
27642,116.579
27643,116.579
27644,116.579
27645,116.579
27646,116.579
27647,116.579
27648,116.579
27649,116.579
27650,116.579
27651,116.579
27652,116.579
27653,116.579
27654,116.579
27655,113.615
27656,113.615
27657,113.615
27658,113.615
27659,113.615
27660,113.615
27661,113.615
27662,113.615
27663,113.615
27664,113.615
27665,113.615
27666,113.615
27667,113.615
27668,113.615
27669,113.615
27670,113.615
27671,113.615
27672,113.615
27673,113.615
27674,113.615
27675,118.212
27676,118.212
27677,118.212
27678,118.212
27679,118.212
27680,118.212
27681,118.212
27682,118.212
27683,118.212
27684,118.212
27685,118.212
27686,118.212
27687,118.212
27688,118.212
27689,118.212
27690,118.212
27691,118.212
27692,118.212
27693,118.212
27694,118.212
27695,115.097
27696,115.097
27697,115.097
27698,115.097
27699,115.097
27700,115.097
27701,115.097
27702,115.097
27703,115.097
27704,115.097
27705,115.097
27706,115.097
27707,115.097
27708,115.097
27709,115.097
27710,115.097
27711,115.097
27712,115.097
27713,115.097
27714,115.097
27715,116.732
27716,116.732
27717,116.732
27718,116.732
27719,116.732
27720,116.732
27721,116.732
27722,116.732
27723,116.732
27724,116.732
27725,116.732
27726,116.732
27727,116.732
27728,116.732
27729,116.732
27730,116.732
27731,116.732
27732,116.732
27733,116.732
27734,116.732
27735,116.732
27736,116.732
27737,116.732
27738,116.732
27739,116.732
27740,116.732
27741,116.732
27742,116.732
27743,116.732
27744,116.732
27745,116.732
27746,116.732
27747,116.732
27748,116.732
27749,116.732
27750,116.732
27751,116.732
27752,116.732
27753,116.732
27754,116.732
27755,114.488
27756,114.488
27757,114.488
27758,114.488
27759,114.488
27760,114.488
27761,114.488
27762,114.488
27763,114.488
27764,114.488
27765,114.488
27766,114.488
27767,114.488
27768,114.488
27769,114.488
27770,114.488
27771,114.488
27772,114.488
27773,114.488
27774,114.488
27775,118.061
27776,118.061
27777,118.061
27778,118.061
27779,118.061
27780,118.061
27781,118.061
27782,118.061
27783,118.061
27784,118.061
27785,118.061
27786,118.061
27787,118.061
27788,118.061
27789,118.061
27790,118.061
27791,118.061
27792,118.061
27793,118.061
27794,118.061
27795,115.097
27796,115.097
27797,115.097
27798,115.097
27799,115.097
27800,115.097
27801,115.097
27802,115.097
27803,115.097
27804,115.097
27805,115.097
27806,115.097
27807,115.097
27808,115.097
27809,115.097
27810,115.097
27811,115.097
27812,115.097
27813,115.097
27814,115.097
27815,115.097
27816,116.251
27817,116.251
27818,116.251
27819,116.251
27820,116.251
27821,116.251
27822,116.251
27823,116.251
27824,116.251
27825,116.251
27826,116.251
27827,116.251
27828,116.251
27829,116.251
27830,116.251
27831,116.251
27832,116.251
27833,116.251
27834,116.251
27835,116.251
27836,116.579
27837,116.579
27838,116.579
27839,116.579
27840,116.579
27841,116.579
27842,116.579
27843,116.579
27844,116.579
27845,116.579
27846,116.579
27847,116.579
27848,116.579
27849,116.579
27850,116.579
27851,116.579
27852,116.579
27853,116.579
27854,116.579
27855,116.579
27856,113.888
27857,113.888
27858,113.888
27859,113.888
27860,113.888
27861,113.888
27862,113.888
27863,113.888
27864,113.888
27865,113.888
27866,113.888
27867,113.888
27868,113.888
27869,113.888
27870,113.888
27871,113.888
27872,113.888
27873,113.888
27874,113.888
27875,113.888
27876,117.179
27877,117.179
27878,117.179
27879,117.179
27880,117.179
27881,117.179
27882,117.179
27883,117.179
27884,117.179
27885,117.179
27886,117.179
27887,117.179
27888,117.179
27889,117.179
27890,117.179
27891,117.179
27892,117.179
27893,117.179
27894,117.179
27895,117.179
27896,114.215
27897,114.215
27898,114.215
27899,114.215
27900,114.215
27901,114.215
27902,114.215
27903,114.215
27904,114.215
27905,114.215
27906,114.215
27907,114.215
27908,114.215
27909,114.215
27910,114.215
27911,114.215
27912,114.215
27913,114.215
27914,114.215
27915,114.215
27916,118.061
27917,118.061
27918,118.061
27919,118.061
27920,118.061
27921,118.061
27922,118.061
27923,118.061
27924,118.061
27925,118.061
27926,118.061
27927,118.061
27928,118.061
27929,118.061
27930,118.061
27931,118.061
27932,118.061
27933,118.061
27934,118.061
27935,118.061
27936,115.697
27937,115.697
27938,115.697
27939,115.697
27940,115.697
27941,115.697
27942,115.697
27943,115.697
27944,115.697
27945,115.697
27946,115.697
27947,115.697
27948,115.697
27949,115.697
27950,115.697
27951,115.697
27952,115.697
27953,115.697
27954,115.697
27955,115.697
27956,113.888
27957,113.888
27958,113.888
27959,113.888
27960,113.888
27961,113.888
27962,113.888
27963,113.888
27964,113.888
27965,113.888
27966,113.888
27967,113.888
27968,113.888
27969,113.888
27970,113.888
27971,113.888
27972,113.888
27973,113.888
27974,113.888
27975,113.888
27976,116.251
27977,116.251
27978,116.251
27979,116.251
27980,116.251
27981,116.251
27982,116.251
27983,116.251
27984,116.251
27985,116.251
27986,116.251
27987,116.251
27988,116.251
27989,116.251
27990,116.251
27991,116.251
27992,116.251
27993,116.251
27994,116.251
27995,116.251
27996,113.615
27997,113.615
27998,113.615
27999,113.615
28000,113.615
28001,113.615
28002,113.615
28003,113.615
28004,113.615
28005,113.615
28006,113.615
28007,113.615
28008,113.615
28009,113.615
28010,113.615
28011,113.615
28012,113.615
28013,113.615
28014,113.615
28015,113.615
28016,118.334
28017,118.334
28018,118.334
28019,118.334
28020,118.334
28021,118.334
28022,118.334
28023,118.334
28024,118.334
28025,118.334
28026,118.334
28027,118.334
28028,118.334
28029,118.334
28030,118.334
28031,118.334
28032,118.334
28033,118.334
28034,118.334
28035,118.334
28036,114.979
28037,114.979
28038,114.979
28039,114.979
28040,114.979
28041,114.979
28042,114.979
28043,114.979
28044,114.979
28045,114.979
28046,114.979
28047,114.979
28048,114.979
28049,114.979
28050,114.979
28051,114.979
28052,114.979
28053,114.979
28054,114.979
28055,114.979
28056,114.824
28057,114.824
28058,114.824
28059,114.824
28060,114.824
28061,114.824
28062,114.824
28063,114.824
28064,114.824
28065,114.824
28066,114.824
28067,114.824
28068,114.824
28069,114.824
28070,114.824
28071,114.824
28072,114.824
28073,114.824
28074,114.824
28075,114.824
28076,114.824
28077,116.579
28078,116.579
28079,116.579
28080,116.579
28081,116.579
28082,116.579
28083,116.579
28084,116.579
28085,116.579
28086,116.579
28087,116.579
28088,116.579
28089,116.579
28090,116.579
28091,116.579
28092,116.579
28093,116.579
28094,116.579
28095,116.579
28096,116.579
28097,114.215
28098,114.215
28099,114.215
28100,114.215
28101,114.215
28102,114.215
28103,114.215
28104,114.215
28105,114.215
28106,114.215
28107,114.215
28108,114.215
28109,114.215
28110,114.215
28111,114.215
28112,114.215
28113,114.215
28114,114.215
28115,114.215
28116,114.215
28117,117.179
28118,117.179
28119,117.179
28120,117.179
28121,117.179
28122,117.179
28123,117.179
28124,117.179
28125,117.179
28126,117.179
28127,117.179
28128,117.179
28129,117.179
28130,117.179
28131,117.179
28132,117.179
28133,117.179
28134,117.179
28135,117.179
28136,117.179
28137,113.888
28138,113.888
28139,113.888
28140,113.888
28141,113.888
28142,113.888
28143,113.888
28144,113.888
28145,113.888
28146,113.888
28147,113.888
28148,113.888
28149,113.888
28150,113.888
28151,113.888
28152,113.888
28153,113.888
28154,113.888
28155,113.888
28156,113.888
28157,115.37
28158,115.37
28159,115.37
28160,115.37
28161,115.37
28162,115.37
28163,115.37
28164,115.37
28165,115.37
28166,115.37
28167,115.37
28168,115.37
28169,115.37
28170,115.37
28171,115.37
28172,115.37
28173,115.37
28174,115.37
28175,115.37
28176,115.37
28177,115.097
28178,115.097
28179,115.097
28180,115.097
28181,115.097
28182,115.097
28183,115.097
28184,115.097
28185,115.097
28186,115.097
28187,115.097
28188,115.097
28189,115.097
28190,115.097
28191,115.097
28192,115.097
28193,115.097
28194,115.097
28195,115.097
28196,115.097
28197,112.733
28198,112.733
28199,112.733
28200,112.733
28201,112.733
28202,112.733
28203,112.733
28204,112.733
28205,112.733
28206,112.733
28207,112.733
28208,112.733
28209,112.733
28210,112.733
28211,112.733
28212,112.733
28213,112.733
28214,112.733
28215,112.733
28216,112.733
28217,115.978
28218,115.978
28219,115.978
28220,115.978
28221,115.978
28222,115.978
28223,115.978
28224,115.978
28225,115.978
28226,115.978
28227,115.978
28228,115.978
28229,115.978
28230,115.978
28231,115.978
28232,115.978
28233,115.978
28234,115.978
28235,115.978
28236,115.978
28237,112.733
28238,112.733
28239,112.733
28240,112.733
28241,112.733
28242,112.733
28243,112.733
28244,112.733
28245,112.733
28246,112.733
28247,112.733
28248,112.733
28249,112.733
28250,112.733
28251,112.733
28252,112.733
28253,112.733
28254,112.733
28255,112.733
28256,112.733
28257,116.579
28258,116.579
28259,116.579
28260,116.579
28261,116.579
28262,116.579
28263,116.579
28264,116.579
28265,116.579
28266,116.579
28267,116.579
28268,116.579
28269,116.579
28270,116.579
28271,116.579
28272,116.579
28273,116.579
28274,116.579
28275,116.579
28276,116.579
28277,114.215
28278,114.215
28279,114.215
28280,114.215
28281,114.215
28282,114.215
28283,114.215
28284,114.215
28285,114.215
28286,114.215
28287,114.215
28288,114.215
28289,114.215
28290,114.215
28291,114.215
28292,114.215
28293,114.215
28294,114.215
28295,114.215
28296,114.215
28297,112.618
28298,112.618
28299,112.618
28300,112.618
28301,112.618
28302,112.618
28303,112.618
28304,112.618
28305,112.618
28306,112.618
28307,112.618
28308,112.618
28309,112.618
28310,112.618
28311,112.618
28312,112.618
28313,112.618
28314,112.618
28315,112.618
28316,112.618
28317,112.618
28318,115.251
28319,115.251
28320,115.251
28321,115.251
28322,115.251
28323,115.251
28324,115.251
28325,115.251
28326,115.251
28327,115.251
28328,115.251
28329,115.251
28330,115.251
28331,115.251
28332,115.251
28333,115.251
28334,115.251
28335,115.251
28336,115.251
28337,115.251
28338,112.345
28339,112.345
28340,112.345
28341,112.345
28342,112.345
28343,112.345
28344,112.345
28345,112.345
28346,112.345
28347,112.345
28348,112.345
28349,112.345
28350,112.345
28351,112.345
28352,112.345
28353,112.345
28354,112.345
28355,112.345
28356,112.345
28357,112.345
28358,116.732
28359,116.732
28360,116.732
28361,116.732
28362,116.732
28363,116.732
28364,116.732
28365,116.732
28366,116.732
28367,116.732
28368,116.732
28369,116.732
28370,116.732
28371,116.732
28372,116.732
28373,116.732
28374,116.732
28375,116.732
28376,116.732
28377,116.732
28378,113.771
28379,113.771
28380,113.771
28381,113.771
28382,113.771
28383,113.771
28384,113.771
28385,113.771
28386,113.771
28387,113.771
28388,113.771
28389,113.771
28390,113.771
28391,113.771
28392,113.771
28393,113.771
28394,113.771
28395,113.771
28396,113.771
28397,113.771
28398,115.251
28399,115.251
28400,115.251
28401,115.251
28402,115.251
28403,115.251
28404,115.251
28405,115.251
28406,115.251
28407,115.251
28408,115.251
28409,115.251
28410,115.251
28411,115.251
28412,115.251
28413,115.251
28414,115.251
28415,115.251
28416,115.251
28417,115.251
28418,115.579
28419,115.579
28420,115.579
28421,115.579
28422,115.579
28423,115.579
28424,115.579
28425,115.579
28426,115.579
28427,115.579
28428,115.579
28429,115.579
28430,115.579
28431,115.579
28432,115.579
28433,115.579
28434,115.579
28435,115.579
28436,115.579
28437,115.579
28438,115.579
28439,114.098
28440,114.098
28441,114.098
28442,114.098
28443,114.098
28444,114.098
28445,114.098
28446,114.098
28447,114.098
28448,114.098
28449,114.098
28450,114.098
28451,114.098
28452,114.098
28453,114.098
28454,114.098
28455,114.098
28456,114.098
28457,114.098
28458,117.94
28459,117.94
28460,117.94
28461,117.94
28462,117.94
28463,117.94
28464,117.94
28465,117.94
28466,117.94
28467,117.94
28468,117.94
28469,117.94
28470,117.94
28471,117.94
28472,117.94
28473,117.94
28474,117.94
28475,117.94
28476,117.94
28477,117.94
28478,114.706
28479,114.706
28480,114.706
28481,114.706
28482,114.706
28483,114.706
28484,114.706
28485,114.706
28486,114.706
28487,114.706
28488,114.706
28489,114.706
28490,114.706
28491,114.706
28492,114.706
28493,114.706
28494,114.706
28495,114.706
28496,114.706
28497,114.706
28498,116.459
28499,116.459
28500,116.459
28501,116.459
28502,116.459
28503,116.459
28504,116.459
28505,116.459
28506,116.459
28507,116.459
28508,116.459
28509,116.459
28510,116.459
28511,116.459
28512,116.459
28513,116.459
28514,116.459
28515,116.459
28516,116.459
28517,116.459
28518,116.459
28519,115.251
28520,115.251
28521,115.251
28522,115.251
28523,115.251
28524,115.251
28525,115.251
28526,115.251
28527,115.251
28528,115.251
28529,115.251
28530,115.251
28531,115.251
28532,115.251
28533,115.251
28534,115.251
28535,115.251
28536,115.251
28537,115.251
28538,115.251
28539,112.345
28540,112.345
28541,112.345
28542,112.345
28543,112.345
28544,112.345
28545,112.345
28546,112.345
28547,112.345
28548,112.345
28549,112.345
28550,112.345
28551,112.345
28552,112.345
28553,112.345
28554,112.345
28555,112.345
28556,112.345
28557,112.345
28558,112.345
28559,115.251
28560,115.251
28561,115.251
28562,115.251
28563,115.251
28564,115.251
28565,115.251
28566,115.251
28567,115.251
28568,115.251
28569,115.251
28570,115.251
28571,115.251
28572,115.251
28573,115.251
28574,115.251
28575,115.251
28576,115.251
28577,115.251
28578,115.251
28579,112.618
28580,112.618
28581,112.618
28582,112.618
28583,112.618
28584,112.618
28585,112.618
28586,112.618
28587,112.618
28588,112.618
28589,112.618
28590,112.618
28591,112.618
28592,112.618
28593,112.618
28594,112.618
28595,112.618
28596,112.618
28597,112.618
28598,112.618
28599,116.459
28600,116.459
28601,116.459
28602,116.459
28603,116.459
28604,116.459
28605,116.459
28606,116.459
28607,116.459
28608,116.459
28609,116.459
28610,116.459
28611,116.459
28612,116.459
28613,116.459
28614,116.459
28615,116.459
28616,116.459
28617,116.459
28618,116.459
28619,114.098
28620,114.098
28621,114.098
28622,114.098
28623,114.098
28624,114.098
28625,114.098
28626,114.098
28627,114.098
28628,114.098
28629,114.098
28630,114.098
28631,114.098
28632,114.098
28633,114.098
28634,114.098
28635,114.098
28636,114.098
28637,114.098
28638,114.098
28639,112.89
28640,112.89
28641,112.89
28642,112.89
28643,112.89
28644,112.89
28645,112.89
28646,112.89
28647,112.89
28648,112.89
28649,112.89
28650,112.89
28651,112.89
28652,112.89
28653,112.89
28654,112.89
28655,112.89
28656,112.89
28657,112.89
28658,112.89
28659,114.979
28660,114.979
28661,114.979
28662,114.979
28663,114.979
28664,114.979
28665,114.979
28666,114.979
28667,114.979
28668,114.979
28669,114.979
28670,114.979
28671,114.979
28672,114.979
28673,114.979
28674,114.979
28675,114.979
28676,114.979
28677,114.979
28678,114.979
28679,112.618
28680,112.618
28681,112.618
28682,112.618
28683,112.618
28684,112.618
28685,112.618
28686,112.618
28687,112.618
28688,112.618
28689,112.618
28690,112.618
28691,112.618
28692,112.618
28693,112.618
28694,112.618
28695,112.618
28696,112.618
28697,112.618
28698,112.618
28699,116.459
28700,116.459
28701,116.459
28702,116.459
28703,116.459
28704,116.459
28705,116.459
28706,116.459
28707,116.459
28708,116.459
28709,116.459
28710,116.459
28711,116.459
28712,116.459
28713,116.459
28714,116.459
28715,116.459
28716,116.459
28717,116.459
28718,116.459
28719,113.771
28720,113.771
28721,113.771
28722,113.771
28723,113.771
28724,113.771
28725,113.771
28726,113.771
28727,113.771
28728,113.771
28729,113.771
28730,113.771
28731,113.771
28732,113.771
28733,113.771
28734,113.771
28735,113.771
28736,113.771
28737,113.771
28738,113.771
28739,116.132
28740,116.132
28741,116.132
28742,116.132
28743,116.132
28744,116.132
28745,116.132
28746,116.132
28747,116.132
28748,116.132
28749,116.132
28750,116.132
28751,116.132
28752,116.132
28753,116.132
28754,116.132
28755,116.132
28756,116.132
28757,116.132
28758,116.132
28759,116.132
28760,116.132
28761,116.132
28762,116.132
28763,116.132
28764,116.132
28765,116.132
28766,116.132
28767,116.132
28768,116.132
28769,116.132
28770,116.132
28771,116.132
28772,116.132
28773,116.132
28774,116.132
28775,116.132
28776,116.132
28777,116.132
28778,116.132
28779,116.132
28780,114.706
28781,114.706
28782,114.706
28783,114.706
28784,114.706
28785,114.706
28786,114.706
28787,114.706
28788,114.706
28789,114.706
28790,114.706
28791,114.706
28792,114.706
28793,114.706
28794,114.706
28795,114.706
28796,114.706
28797,114.706
28798,114.706
28799,114.706
28800,117.612
28801,117.612
28802,117.612
28803,117.612
28804,117.612
28805,117.612
28806,117.612
28807,117.612
28808,117.612
28809,117.612
28810,117.612
28811,117.612
28812,117.612
28813,117.612
28814,117.612
28815,117.612
28816,117.612
28817,117.612
28818,117.612
28819,117.612
28820,113.771
28821,113.771
28822,113.771
28823,113.771
28824,113.771
28825,113.771
28826,113.771
28827,113.771
28828,113.771
28829,113.771
28830,113.771
28831,113.771
28832,113.771
28833,113.771
28834,113.771
28835,113.771
28836,113.771
28837,113.771
28838,113.771
28839,113.771
28840,116.251
28841,116.251
28842,116.251
28843,116.251
28844,116.251
28845,116.251
28846,116.251
28847,116.251
28848,116.251
28849,116.251
28850,116.251
28851,116.251
28852,116.251
28853,116.251
28854,116.251
28855,116.251
28856,116.251
28857,116.251
28858,116.251
28859,116.251
28860,114.371
28861,114.371
28862,114.371
28863,114.371
28864,114.371
28865,114.371
28866,114.371
28867,114.371
28868,114.371
28869,114.371
28870,114.371
28871,114.371
28872,114.371
28873,114.371
28874,114.371
28875,114.371
28876,114.371
28877,114.371
28878,114.371
28879,114.371
28880,112.345
28881,112.345
28882,112.345
28883,112.345
28884,112.345
28885,112.345
28886,112.345
28887,112.345
28888,112.345
28889,112.345
28890,112.345
28891,112.345
28892,112.345
28893,112.345
28894,112.345
28895,112.345
28896,112.345
28897,112.345
28898,112.345
28899,112.345
28900,114.979
28901,114.979
28902,114.979
28903,114.979
28904,114.979
28905,114.979
28906,114.979
28907,114.979
28908,114.979
28909,114.979
28910,114.979
28911,114.979
28912,114.979
28913,114.979
28914,114.979
28915,114.979
28916,114.979
28917,114.979
28918,114.979
28919,114.979
28920,113.226
28921,113.226
28922,113.226
28923,113.226
28924,113.226
28925,113.226
28926,113.226
28927,113.226
28928,113.226
28929,113.226
28930,113.226
28931,113.226
28932,113.226
28933,113.226
28934,113.226
28935,113.226
28936,113.226
28937,113.226
28938,113.226
28939,113.226
28940,117.733
28941,117.733
28942,117.733
28943,117.733
28944,117.733
28945,117.733
28946,117.733
28947,117.733
28948,117.733
28949,117.733
28950,117.733
28951,117.733
28952,117.733
28953,117.733
28954,117.733
28955,117.733
28956,117.733
28957,117.733
28958,117.733
28959,117.733
28960,117.733
28961,115.097
28962,115.097
28963,115.097
28964,115.097
28965,115.097
28966,115.097
28967,115.097
28968,115.097
28969,115.097
28970,115.097
28971,115.097
28972,115.097
28973,115.097
28974,115.097
28975,115.097
28976,115.097
28977,115.097
28978,115.097
28979,115.097
28980,115.097
28981,114.488
28982,114.488
28983,114.488
28984,114.488
28985,114.488
28986,114.488
28987,114.488
28988,114.488
28989,114.488
28990,114.488
28991,114.488
28992,114.488
28993,114.488
28994,114.488
28995,114.488
28996,114.488
28997,114.488
28998,114.488
28999,114.488
29000,114.488
29001,116.579
29002,116.579
29003,116.579
29004,116.579
29005,116.579
29006,116.579
29007,116.579
29008,116.579
29009,116.579
29010,116.579
29011,116.579
29012,116.579
29013,116.579
29014,116.579
29015,116.579
29016,116.579
29017,116.579
29018,116.579
29019,116.579
29020,116.579
29021,114.215
29022,114.215
29023,114.215
29024,114.215
29025,114.215
29026,114.215
29027,114.215
29028,114.215
29029,114.215
29030,114.215
29031,114.215
29032,114.215
29033,114.215
29034,114.215
29035,114.215
29036,114.215
29037,114.215
29038,114.215
29039,114.215
29040,114.215
29041,118.334
29042,118.334
29043,118.334
29044,118.334
29045,118.334
29046,118.334
29047,118.334
29048,118.334
29049,118.334
29050,118.334
29051,118.334
29052,118.334
29053,118.334
29054,118.334
29055,118.334
29056,118.334
29057,118.334
29058,118.334
29059,118.334
29060,118.334
29061,115.251
29062,115.251
29063,115.251
29064,115.251
29065,115.251
29066,115.251
29067,115.251
29068,115.251
29069,115.251
29070,115.251
29071,115.251
29072,115.251
29073,115.251
29074,115.251
29075,115.251
29076,115.251
29077,115.251
29078,115.251
29079,115.251
29080,115.251
29081,117.179
29082,117.179
29083,117.179
29084,117.179
29085,117.179
29086,117.179
29087,117.179
29088,117.179
29089,117.179
29090,117.179
29091,117.179
29092,117.179
29093,117.179
29094,117.179
29095,117.179
29096,117.179
29097,117.179
29098,117.179
29099,117.179
29100,117.179
29101,116.459
29102,116.459
29103,116.459
29104,116.459
29105,116.459
29106,116.459
29107,116.459
29108,116.459
29109,116.459
29110,116.459
29111,116.459
29112,116.459
29113,116.459
29114,116.459
29115,116.459
29116,116.459
29117,116.459
29118,116.459
29119,116.459
29120,116.459
29121,114.706
29122,114.706
29123,114.706
29124,114.706
29125,114.706
29126,114.706
29127,114.706
29128,114.706
29129,114.706
29130,114.706
29131,114.706
29132,114.706
29133,114.706
29134,114.706
29135,114.706
29136,114.706
29137,114.706
29138,114.706
29139,114.706
29140,114.706
29141,117.94
29142,117.94
29143,117.94
29144,117.94
29145,117.94
29146,117.94
29147,117.94
29148,117.94
29149,117.94
29150,117.94
29151,117.94
29152,117.94
29153,117.94
29154,117.94
29155,117.94
29156,117.94
29157,117.94
29158,117.94
29159,117.94
29160,117.94
29161,117.94
29162,115.097
29163,115.097
29164,115.097
29165,115.097
29166,115.097
29167,115.097
29168,115.097
29169,115.097
29170,115.097
29171,115.097
29172,115.097
29173,115.097
29174,115.097
29175,115.097
29176,115.097
29177,115.097
29178,115.097
29179,115.097
29180,115.097
29181,115.097
29182,116.459
29183,116.459
29184,116.459
29185,116.459
29186,116.459
29187,116.459
29188,116.459
29189,116.459
29190,116.459
29191,116.459
29192,116.459
29193,116.459
29194,116.459
29195,116.459
29196,116.459
29197,116.459
29198,116.459
29199,116.459
29200,116.459
29201,116.459
29202,116.459
29203,116.459
29204,116.459
29205,116.459
29206,116.459
29207,116.459
29208,116.459
29209,116.459
29210,116.459
29211,116.459
29212,116.459
29213,116.459
29214,116.459
29215,116.459
29216,116.459
29217,116.459
29218,116.459
29219,116.459
29220,116.459
29221,116.459
29222,113.498
29223,113.498
29224,113.498
29225,113.498
29226,113.498
29227,113.498
29228,113.498
29229,113.498
29230,113.498
29231,113.498
29232,113.498
29233,113.498
29234,113.498
29235,113.498
29236,113.498
29237,113.498
29238,113.498
29239,113.498
29240,113.498
29241,113.498
29242,115.579
29243,115.579
29244,115.579
29245,115.579
29246,115.579
29247,115.579
29248,115.579
29249,115.579
29250,115.579
29251,115.579
29252,115.579
29253,115.579
29254,115.579
29255,115.579
29256,115.579
29257,115.579
29258,115.579
29259,115.579
29260,115.579
29261,115.579
29262,112.618
29263,112.618
29264,112.618
29265,112.618
29266,112.618
29267,112.618
29268,112.618
29269,112.618
29270,112.618
29271,112.618
29272,112.618
29273,112.618
29274,112.618
29275,112.618
29276,112.618
29277,112.618
29278,112.618
29279,112.618
29280,112.618
29281,112.618
29282,115.859
29283,115.859
29284,115.859
29285,115.859
29286,115.859
29287,115.859
29288,115.859
29289,115.859
29290,115.859
29291,115.859
29292,115.859
29293,115.859
29294,115.859
29295,115.859
29296,115.859
29297,115.859
29298,115.859
29299,115.859
29300,115.859
29301,115.859
29302,115.859
29303,114.488
29304,114.488
29305,114.488
29306,114.488
29307,114.488
29308,114.488
29309,114.488
29310,114.488
29311,114.488
29312,114.488
29313,114.488
29314,114.488
29315,114.488
29316,114.488
29317,114.488
29318,114.488
29319,114.488
29320,114.488
29321,114.488
29322,114.488
29323,113.771
29324,113.771
29325,113.771
29326,113.771
29327,113.771
29328,113.771
29329,113.771
29330,113.771
29331,113.771
29332,113.771
29333,113.771
29334,113.771
29335,113.771
29336,113.771
29337,113.771
29338,113.771
29339,113.771
29340,113.771
29341,113.771
29342,113.771
29343,116.579
29344,116.579
29345,116.579
29346,116.579
29347,116.579
29348,116.579
29349,116.579
29350,116.579
29351,116.579
29352,116.579
29353,116.579
29354,116.579
29355,116.579
29356,116.579
29357,116.579
29358,116.579
29359,116.579
29360,116.579
29361,116.579
29362,116.579
29363,114.215
29364,114.215
29365,114.215
29366,114.215
29367,114.215
29368,114.215
29369,114.215
29370,114.215
29371,114.215
29372,114.215
29373,114.215
29374,114.215
29375,114.215
29376,114.215
29377,114.215
29378,114.215
29379,114.215
29380,114.215
29381,114.215
29382,114.215
29383,118.334
29384,118.334
29385,118.334
29386,118.334
29387,118.334
29388,118.334
29389,118.334
29390,118.334
29391,118.334
29392,118.334
29393,118.334
29394,118.334
29395,118.334
29396,118.334
29397,118.334
29398,118.334
29399,118.334
29400,118.334
29401,118.334
29402,118.334
29403,115.097
29404,115.097
29405,115.097
29406,115.097
29407,115.097
29408,115.097
29409,115.097
29410,115.097
29411,115.097
29412,115.097
29413,115.097
29414,115.097
29415,115.097
29416,115.097
29417,115.097
29418,115.097
29419,115.097
29420,115.097
29421,115.097
29422,115.097
29423,114.371
29424,114.371
29425,114.371
29426,114.371
29427,114.371
29428,114.371
29429,114.371
29430,114.371
29431,114.371
29432,114.371
29433,114.371
29434,114.371
29435,114.371
29436,114.371
29437,114.371
29438,114.371
29439,114.371
29440,114.371
29441,114.371
29442,114.371
29443,116.732
29444,116.732
29445,116.732
29446,116.732
29447,116.732
29448,116.732
29449,116.732
29450,116.732
29451,116.732
29452,116.732
29453,116.732
29454,116.732
29455,116.732
29456,116.732
29457,116.732
29458,116.732
29459,116.732
29460,116.732
29461,116.732
29462,116.732
29463,114.824
29464,114.824
29465,114.824
29466,114.824
29467,114.824
29468,114.824
29469,114.824
29470,114.824
29471,114.824
29472,114.824
29473,114.824
29474,114.824
29475,114.824
29476,114.824
29477,114.824
29478,114.824
29479,114.824
29480,114.824
29481,114.824
29482,114.824
29483,117.612
29484,117.612
29485,117.612
29486,117.612
29487,117.612
29488,117.612
29489,117.612
29490,117.612
29491,117.612
29492,117.612
29493,117.612
29494,117.612
29495,117.612
29496,117.612
29497,117.612
29498,117.612
29499,117.612
29500,117.612
29501,117.612
29502,117.612
29503,115.097
29504,115.097
29505,115.097
29506,115.097
29507,115.097
29508,115.097
29509,115.097
29510,115.097
29511,115.097
29512,115.097
29513,115.097
29514,115.097
29515,115.097
29516,115.097
29517,115.097
29518,115.097
29519,115.097
29520,115.097
29521,115.097
29522,115.097
29523,115.097
29524,116.852
29525,116.852
29526,116.852
29527,116.852
29528,116.852
29529,116.852
29530,116.852
29531,116.852
29532,116.852
29533,116.852
29534,116.852
29535,116.852
29536,116.852
29537,116.852
29538,116.852
29539,116.852
29540,116.852
29541,116.852
29542,116.852
29543,116.852
29544,115.251
29545,115.251
29546,115.251
29547,115.251
29548,115.251
29549,115.251
29550,115.251
29551,115.251
29552,115.251
29553,115.251
29554,115.251
29555,115.251
29556,115.251
29557,115.251
29558,115.251
29559,115.251
29560,115.251
29561,115.251
29562,115.251
29563,115.251
29564,112.89
29565,112.89
29566,112.89
29567,112.89
29568,112.89
29569,112.89
29570,112.89
29571,112.89
29572,112.89
29573,112.89
29574,112.89
29575,112.89
29576,112.89
29577,112.89
29578,112.89
29579,112.89
29580,112.89
29581,112.89
29582,112.89
29583,112.89
29584,115.579
29585,115.579
29586,115.579
29587,115.579
29588,115.579
29589,115.579
29590,115.579
29591,115.579
29592,115.579
29593,115.579
29594,115.579
29595,115.579
29596,115.579
29597,115.579
29598,115.579
29599,115.579
29600,115.579
29601,115.579
29602,115.579
29603,115.579
29604,112.89
29605,112.89
29606,112.89
29607,112.89
29608,112.89
29609,112.89
29610,112.89
29611,112.89
29612,112.89
29613,112.89
29614,112.89
29615,112.89
29616,112.89
29617,112.89
29618,112.89
29619,112.89
29620,112.89
29621,112.89
29622,112.89
29623,112.89
29624,116.132
29625,116.132
29626,116.132
29627,116.132
29628,116.132
29629,116.132
29630,116.132
29631,116.132
29632,116.132
29633,116.132
29634,116.132
29635,116.132
29636,116.132
29637,116.132
29638,116.132
29639,116.132
29640,116.132
29641,116.132
29642,116.132
29643,116.132
29644,114.215
29645,114.215
29646,114.215
29647,114.215
29648,114.215
29649,114.215
29650,114.215
29651,114.215
29652,114.215
29653,114.215
29654,114.215
29655,114.215
29656,114.215
29657,114.215
29658,114.215
29659,114.215
29660,114.215
29661,114.215
29662,114.215
29663,114.215
29664,112.733
29665,112.733
29666,112.733
29667,112.733
29668,112.733
29669,112.733
29670,112.733
29671,112.733
29672,112.733
29673,112.733
29674,112.733
29675,112.733
29676,112.733
29677,112.733
29678,112.733
29679,112.733
29680,112.733
29681,112.733
29682,112.733
29683,112.733
29684,115.37
29685,115.37
29686,115.37
29687,115.37
29688,115.37
29689,115.37
29690,115.37
29691,115.37
29692,115.37
29693,115.37
29694,115.37
29695,115.37
29696,115.37
29697,115.37
29698,115.37
29699,115.37
29700,115.37
29701,115.37
29702,115.37
29703,115.37
29704,112.133
29705,112.133
29706,112.133
29707,112.133
29708,112.133
29709,112.133
29710,112.133
29711,112.133
29712,112.133
29713,112.133
29714,112.133
29715,112.133
29716,112.133
29717,112.133
29718,112.133
29719,112.133
29720,112.133
29721,112.133
29722,112.133
29723,112.133
29724,112.133
29725,117.46
29726,117.46
29727,117.46
29728,117.46
29729,117.46
29730,117.46
29731,117.46
29732,117.46
29733,117.46
29734,117.46
29735,117.46
29736,117.46
29737,117.46
29738,117.46
29739,117.46
29740,117.46
29741,117.46
29742,117.46
29743,117.46
29744,117.46
29745,115.097
29746,115.097
29747,115.097
29748,115.097
29749,115.097
29750,115.097
29751,115.097
29752,115.097
29753,115.097
29754,115.097
29755,115.097
29756,115.097
29757,115.097
29758,115.097
29759,115.097
29760,115.097
29761,115.097
29762,115.097
29763,115.097
29764,115.097
29765,114.824
29766,114.824
29767,114.824
29768,114.824
29769,114.824
29770,114.824
29771,114.824
29772,114.824
29773,114.824
29774,114.824
29775,114.824
29776,114.824
29777,114.824
29778,114.824
29779,114.824
29780,114.824
29781,114.824
29782,114.824
29783,114.824
29784,114.824
29785,116.852
29786,116.852
29787,116.852
29788,116.852
29789,116.852
29790,116.852
29791,116.852
29792,116.852
29793,116.852
29794,116.852
29795,116.852
29796,116.852
29797,116.852
29798,116.852
29799,116.852
29800,116.852
29801,116.852
29802,116.852
29803,116.852
29804,116.852
29805,114.371
29806,114.371
29807,114.371
29808,114.371
29809,114.371
29810,114.371
29811,114.371
29812,114.371
29813,114.371
29814,114.371
29815,114.371
29816,114.371
29817,114.371
29818,114.371
29819,114.371
29820,114.371
29821,114.371
29822,114.371
29823,114.371
29824,114.371
29825,117.059
29826,117.059
29827,117.059
29828,117.059
29829,117.059
29830,117.059
29831,117.059
29832,117.059
29833,117.059
29834,117.059
29835,117.059
29836,117.059
29837,117.059
29838,117.059
29839,117.059
29840,117.059
29841,117.059
29842,117.059
29843,117.059
29844,117.059
29845,113.771
29846,113.771
29847,113.771
29848,113.771
29849,113.771
29850,113.771
29851,113.771
29852,113.771
29853,113.771
29854,113.771
29855,113.771
29856,113.771
29857,113.771
29858,113.771
29859,113.771
29860,113.771
29861,113.771
29862,113.771
29863,113.771
29864,113.771
29865,115.097
29866,115.097
29867,115.097
29868,115.097
29869,115.097
29870,115.097
29871,115.097
29872,115.097
29873,115.097
29874,115.097
29875,115.097
29876,115.097
29877,115.097
29878,115.097
29879,115.097
29880,115.097
29881,115.097
29882,115.097
29883,115.097
29884,115.097
29885,114.706
29886,114.706
29887,114.706
29888,114.706
29889,114.706
29890,114.706
29891,114.706
29892,114.706
29893,114.706
29894,114.706
29895,114.706
29896,114.706
29897,114.706
29898,114.706
29899,114.706
29900,114.706
29901,114.706
29902,114.706
29903,114.706
29904,114.706
29905,112.46
29906,112.46
29907,112.46
29908,112.46
29909,112.46
29910,112.46
29911,112.46
29912,112.46
29913,112.46
29914,112.46
29915,112.46
29916,112.46
29917,112.46
29918,112.46
29919,112.46
29920,112.46
29921,112.46
29922,112.46
29923,112.46
29924,112.46
29925,112.46
29926,116.579
29927,116.579
29928,116.579
29929,116.579
29930,116.579
29931,116.579
29932,116.579
29933,116.579
29934,116.579
29935,116.579
29936,116.579
29937,116.579
29938,116.579
29939,116.579
29940,116.579
29941,116.579
29942,116.579
29943,116.579
29944,116.579
29945,116.579
29946,113.771
29947,113.771
29948,113.771
29949,113.771
29950,113.771
29951,113.771
29952,113.771
29953,113.771
29954,113.771
29955,113.771
29956,113.771
29957,113.771
29958,113.771
29959,113.771
29960,113.771
29961,113.771
29962,113.771
29963,113.771
29964,113.771
29965,113.771
29966,117.34
29967,117.34
29968,117.34
29969,117.34
29970,117.34
29971,117.34
29972,117.34
29973,117.34
29974,117.34
29975,117.34
29976,117.34
29977,117.34
29978,117.34
29979,117.34
29980,117.34
29981,117.34
29982,117.34
29983,117.34
29984,117.34
29985,117.34
29986,115.859
29987,115.859
29988,115.859
29989,115.859
29990,115.859
29991,115.859
29992,115.859
29993,115.859
29994,115.859
29995,115.859
29996,115.859
29997,115.859
29998,115.859
29999,115.859
30000,115.859
30001,115.859
30002,115.859
30003,115.859
30004,115.859
30005,115.859
30006,114.371
30007,114.371
30008,114.371
30009,114.371
30010,114.371
30011,114.371
30012,114.371
30013,114.371
30014,114.371
30015,114.371
30016,114.371
30017,114.371
30018,114.371
30019,114.371
30020,114.371
30021,114.371
30022,114.371
30023,114.371
30024,114.371
30025,114.371
30026,116.732
30027,116.732
30028,116.732
30029,116.732
30030,116.732
30031,116.732
30032,116.732
30033,116.732
30034,116.732
30035,116.732
30036,116.732
30037,116.732
30038,116.732
30039,116.732
30040,116.732
30041,116.732
30042,116.732
30043,116.732
30044,116.732
30045,116.732
30046,113.771
30047,113.771
30048,113.771
30049,113.771
30050,113.771
30051,113.771
30052,113.771
30053,113.771
30054,113.771
30055,113.771
30056,113.771
30057,113.771
30058,113.771
30059,113.771
30060,113.771
30061,113.771
30062,113.771
30063,113.771
30064,113.771
30065,113.771
30066,117.94
30067,117.94
30068,117.94
30069,117.94
30070,117.94
30071,117.94
30072,117.94
30073,117.94
30074,117.94
30075,117.94
30076,117.94
30077,117.94
30078,117.94
30079,117.94
30080,117.94
30081,117.94
30082,117.94
30083,117.94
30084,117.94
30085,117.94
30086,114.979
30087,114.979
30088,114.979
30089,114.979
30090,114.979
30091,114.979
30092,114.979
30093,114.979
30094,114.979
30095,114.979
30096,114.979
30097,114.979
30098,114.979
30099,114.979
30100,114.979
30101,114.979
30102,114.979
30103,114.979
30104,114.979
30105,114.979
30106,114.706
30107,114.706
30108,114.706
30109,114.706
30110,114.706
30111,114.706
30112,114.706
30113,114.706
30114,114.706
30115,114.706
30116,114.706
30117,114.706
30118,114.706
30119,114.706
30120,114.706
30121,114.706
30122,114.706
30123,114.706
30124,114.706
30125,114.706
30126,116.732
30127,116.732
30128,116.732
30129,116.732
30130,116.732
30131,116.732
30132,116.732
30133,116.732
30134,116.732
30135,116.732
30136,116.732
30137,116.732
30138,116.732
30139,116.732
30140,116.732
30141,116.732
30142,116.732
30143,116.732
30144,116.732
30145,116.732
30146,116.732
30147,114.706
30148,114.706
30149,114.706
30150,114.706
30151,114.706
30152,114.706
30153,114.706
30154,114.706
30155,114.706
30156,114.706
30157,114.706
30158,114.706
30159,114.706
30160,114.706
30161,114.706
30162,114.706
30163,114.706
30164,114.706
30165,114.706
30166,114.706
30167,117.612
30168,117.612
30169,117.612
30170,117.612
30171,117.612
30172,117.612
30173,117.612
30174,117.612
30175,117.612
30176,117.612
30177,117.612
30178,117.612
30179,117.612
30180,117.612
30181,117.612
30182,117.612
30183,117.612
30184,117.612
30185,117.612
30186,117.612
30187,114.979
30188,114.979
30189,114.979
30190,114.979
30191,114.979
30192,114.979
30193,114.979
30194,114.979
30195,114.979
30196,114.979
30197,114.979
30198,114.979
30199,114.979
30200,114.979
30201,114.979
30202,114.979
30203,114.979
30204,114.979
30205,114.979
30206,114.979
30207,117.34
30208,117.34
30209,117.34
30210,117.34
30211,117.34
30212,117.34
30213,117.34
30214,117.34
30215,117.34
30216,117.34
30217,117.34
30218,117.34
30219,117.34
30220,117.34
30221,117.34
30222,117.34
30223,117.34
30224,117.34
30225,117.34
30226,117.34
30227,116.579
30228,116.579
30229,116.579
30230,116.579
30231,116.579
30232,116.579
30233,116.579
30234,116.579
30235,116.579
30236,116.579
30237,116.579
30238,116.579
30239,116.579
30240,116.579
30241,116.579
30242,116.579
30243,116.579
30244,116.579
30245,116.579
30246,116.579
30247,114.098
30248,114.098
30249,114.098
30250,114.098
30251,114.098
30252,114.098
30253,114.098
30254,114.098
30255,114.098
30256,114.098
30257,114.098
30258,114.098
30259,114.098
30260,114.098
30261,114.098
30262,114.098
30263,114.098
30264,114.098
30265,114.098
30266,114.098
30267,117.46
30268,117.46
30269,117.46
30270,117.46
30271,117.46
30272,117.46
30273,117.46
30274,117.46
30275,117.46
30276,117.46
30277,117.46
30278,117.46
30279,117.46
30280,117.46
30281,117.46
30282,117.46
30283,117.46
30284,117.46
30285,117.46
30286,117.46
30287,114.098
30288,114.098
30289,114.098
30290,114.098
30291,114.098
30292,114.098
30293,114.098
30294,114.098
30295,114.098
30296,114.098
30297,114.098
30298,114.098
30299,114.098
30300,114.098
30301,114.098
30302,114.098
30303,114.098
30304,114.098
30305,114.098
30306,114.098
30307,114.098
30308,116.732
30309,116.732
30310,116.732
30311,116.732
30312,116.732
30313,116.732
30314,116.732
30315,116.732
30316,116.732
30317,116.732
30318,116.732
30319,116.732
30320,116.732
30321,116.732
30322,116.732
30323,116.732
30324,116.732
30325,116.732
30326,116.732
30327,115.978
30328,115.978
30329,115.978
30330,115.978
30331,115.978
30332,115.978
30333,115.978
30334,115.978
30335,115.978
30336,115.978
30337,115.978
30338,115.978
30339,115.978
30340,115.978
30341,115.978
30342,115.978
30343,115.978
30344,115.978
30345,115.978
30346,115.978
30347,114.098
30348,114.098
30349,114.098
30350,114.098
30351,114.098
30352,114.098
30353,114.098
30354,114.098
30355,114.098
30356,114.098
30357,114.098
30358,114.098
30359,114.098
30360,114.098
30361,114.098
30362,114.098
30363,114.098
30364,114.098
30365,114.098
30366,114.098
30367,116.732
30368,116.732
30369,116.732
30370,116.732
30371,116.732
30372,116.732
30373,116.732
30374,116.732
30375,116.732
30376,116.732
30377,116.732
30378,116.732
30379,116.732
30380,116.732
30381,116.732
30382,116.732
30383,116.732
30384,116.732
30385,116.732
30386,116.732
30387,116.732
30388,114.371
30389,114.371
30390,114.371
30391,114.371
30392,114.371
30393,114.371
30394,114.371
30395,114.371
30396,114.371
30397,114.371
30398,114.371
30399,114.371
30400,114.371
30401,114.371
30402,114.371
30403,114.371
30404,114.371
30405,114.371
30406,114.371
30407,114.371
30408,117.94
30409,117.94
30410,117.94
30411,117.94
30412,117.94
30413,117.94
30414,117.94
30415,117.94
30416,117.94
30417,117.94
30418,117.94
30419,117.94
30420,117.94
30421,117.94
30422,117.94
30423,117.94
30424,117.94
30425,117.94
30426,117.94
30427,117.94
30428,115.859
30429,115.859
30430,115.859
30431,115.859
30432,115.859
30433,115.859
30434,115.859
30435,115.859
30436,115.859
30437,115.859
30438,115.859
30439,115.859
30440,115.859
30441,115.859
30442,115.859
30443,115.859
30444,115.859
30445,115.859
30446,115.859
30447,115.859
30448,114.371
30449,114.371
30450,114.371
30451,114.371
30452,114.371
30453,114.371
30454,114.371
30455,114.371
30456,114.371
30457,114.371
30458,114.371
30459,114.371
30460,114.371
30461,114.371
30462,114.371
30463,114.371
30464,114.371
30465,114.371
30466,114.371
30467,114.371
30468,116.579
30469,116.579
30470,116.579
30471,116.579
30472,116.579
30473,116.579
30474,116.579
30475,116.579
30476,116.579
30477,116.579
30478,116.579
30479,116.579
30480,116.579
30481,116.579
30482,116.579
30483,116.579
30484,116.579
30485,116.579
30486,116.579
30487,116.579
30488,114.215
30489,114.215
30490,114.215
30491,114.215
30492,114.215
30493,114.215
30494,114.215
30495,114.215
30496,114.215
30497,114.215
30498,114.215
30499,114.215
30500,114.215
30501,114.215
30502,114.215
30503,114.215
30504,114.215
30505,114.215
30506,114.215
30507,114.215
30508,118.212
30509,118.212
30510,118.212
30511,118.212
30512,118.212
30513,118.212
30514,118.212
30515,118.212
30516,118.212
30517,118.212
30518,118.212
30519,118.212
30520,118.212
30521,118.212
30522,118.212
30523,118.212
30524,118.212
30525,118.212
30526,118.212
30527,118.212
30528,115.37
30529,115.37
30530,115.37
30531,115.37
30532,115.37
30533,115.37
30534,115.37
30535,115.37
30536,115.37
30537,115.37
30538,115.37
30539,115.37
30540,115.37
30541,115.37
30542,115.37
30543,115.37
30544,115.37
30545,115.37
30546,115.37
30547,115.37
30548,116.732
30549,116.732
30550,116.732
30551,116.732
30552,116.732
30553,116.732
30554,116.732
30555,116.732
30556,116.732
30557,116.732
30558,116.732
30559,116.732
30560,116.732
30561,116.732
30562,116.732
30563,116.732
30564,116.732
30565,116.732
30566,116.732
30567,116.732
30568,116.732
30569,116.732
30570,116.732
30571,116.732
30572,116.732
30573,116.732
30574,116.732
30575,116.732
30576,116.732
30577,116.732
30578,116.732
30579,116.732
30580,116.732
30581,116.732
30582,116.732
30583,116.732
30584,116.732
30585,116.732
30586,116.732
30587,116.732
30588,116.732
30589,114.979
30590,114.979
30591,114.979
30592,114.979
30593,114.979
30594,114.979
30595,114.979
30596,114.979
30597,114.979
30598,114.979
30599,114.979
30600,114.979
30601,114.979
30602,114.979
30603,114.979
30604,114.979
30605,114.979
30606,114.979
30607,114.979
30608,114.979
30609,118.061
30610,118.061
30611,118.061
30612,118.061
30613,118.061
30614,118.061
30615,118.061
30616,118.061
30617,118.061
30618,118.061
30619,118.061
30620,118.061
30621,118.061
30622,118.061
30623,118.061
30624,118.061
30625,118.061
30626,118.061
30627,118.061
30628,118.061
30629,115.251
30630,115.251
30631,115.251
30632,115.251
30633,115.251
30634,115.251
30635,115.251
30636,115.251
30637,115.251
30638,115.251
30639,115.251
30640,115.251
30641,115.251
30642,115.251
30643,115.251
30644,115.251
30645,115.251
30646,115.251
30647,115.251
30648,115.251
30649,117.34
30650,117.34
30651,117.34
30652,117.34
30653,117.34
30654,117.34
30655,117.34
30656,117.34
30657,117.34
30658,117.34
30659,117.34
30660,117.34
30661,117.34
30662,117.34
30663,117.34
30664,117.34
30665,117.34
30666,117.34
30667,117.34
30668,117.34
30669,116.459
30670,116.459
30671,116.459
30672,116.459
30673,116.459
30674,116.459
30675,116.459
30676,116.459
30677,116.459
30678,116.459
30679,116.459
30680,116.459
30681,116.459
30682,116.459
30683,116.459
30684,116.459
30685,116.459
30686,116.459
30687,116.459
30688,116.459
30689,113.771
30690,113.771
30691,113.771
30692,113.771
30693,113.771
30694,113.771
30695,113.771
30696,113.771
30697,113.771
30698,113.771
30699,113.771
30700,113.771
30701,113.771
30702,113.771
30703,113.771
30704,113.771
30705,113.771
30706,113.771
30707,113.771
30708,113.771
30709,117.34
30710,117.34
30711,117.34
30712,117.34
30713,117.34
30714,117.34
30715,117.34
30716,117.34
30717,117.34
30718,117.34
30719,117.34
30720,117.34
30721,117.34
30722,117.34
30723,117.34
30724,117.34
30725,117.34
30726,117.34
30727,117.34
30728,117.34
30729,114.098
30730,114.098
30731,114.098
30732,114.098
30733,114.098
30734,114.098
30735,114.098
30736,114.098
30737,114.098
30738,114.098
30739,114.098
30740,114.098
30741,114.098
30742,114.098
30743,114.098
30744,114.098
30745,114.098
30746,114.098
30747,114.098
30748,114.098
30749,117.612
30750,117.612
30751,117.612
30752,117.612
30753,117.612
30754,117.612
30755,117.612
30756,117.612
30757,117.612
30758,117.612
30759,117.612
30760,117.612
30761,117.612
30762,117.612
30763,117.612
30764,117.612
30765,117.612
30766,117.612
30767,117.612
30768,117.612
30769,115.859
30770,115.859
30771,115.859
30772,115.859
30773,115.859
30774,115.859
30775,115.859
30776,115.859
30777,115.859
30778,115.859
30779,115.859
30780,115.859
30781,115.859
30782,115.859
30783,115.859
30784,115.859
30785,115.859
30786,115.859
30787,115.859
30788,115.859
30789,115.859
30790,113.771
30791,113.771
30792,113.771
30793,113.771
30794,113.771
30795,113.771
30796,113.771
30797,113.771
30798,113.771
30799,113.771
30800,113.771
30801,113.771
30802,113.771
30803,113.771
30804,113.771
30805,113.771
30806,113.771
30807,113.771
30808,113.771
30809,113.771
30810,116.459
30811,116.459
30812,116.459
30813,116.459
30814,116.459
30815,116.459
30816,116.459
30817,116.459
30818,116.459
30819,116.459
30820,116.459
30821,116.459
30822,116.459
30823,116.459
30824,116.459
30825,116.459
30826,116.459
30827,116.459
30828,116.459
30829,116.459
30830,113.771
30831,113.771
30832,113.771
30833,113.771
30834,113.771
30835,113.771
30836,113.771
30837,113.771
30838,113.771
30839,113.771
30840,113.771
30841,113.771
30842,113.771
30843,113.771
30844,113.771
30845,113.771
30846,113.771
30847,113.771
30848,113.771
30849,113.771
30850,117.612
30851,117.612
30852,117.612
30853,117.612
30854,117.612
30855,117.612
30856,117.612
30857,117.612
30858,117.612
30859,117.612
30860,117.612
30861,117.612
30862,117.612
30863,117.612
30864,117.612
30865,117.612
30866,117.612
30867,117.612
30868,117.612
30869,117.612
30870,115.251
30871,115.251
30872,115.251
30873,115.251
30874,115.251
30875,115.251
30876,115.251
30877,115.251
30878,115.251
30879,115.251
30880,115.251
30881,115.251
30882,115.251
30883,115.251
30884,115.251
30885,115.251
30886,115.251
30887,115.251
30888,115.251
30889,115.251
30890,114.706
30891,114.706
30892,114.706
30893,114.706
30894,114.706
30895,114.706
30896,114.706
30897,114.706
30898,114.706
30899,114.706
30900,114.706
30901,114.706
30902,114.706
30903,114.706
30904,114.706
30905,114.706
30906,114.706
30907,114.706
30908,114.706
30909,114.706
30910,116.459
30911,116.459
30912,116.459
30913,116.459
30914,116.459
30915,116.459
30916,116.459
30917,116.459
30918,116.459
30919,116.459
30920,116.459
30921,116.459
30922,116.459
30923,116.459
30924,116.459
30925,116.459
30926,116.459
30927,116.459
30928,116.459
30929,116.459
30930,114.371
30931,114.371
30932,114.371
30933,114.371
30934,114.371
30935,114.371
30936,114.371
30937,114.371
30938,114.371
30939,114.371
30940,114.371
30941,114.371
30942,114.371
30943,114.371
30944,114.371
30945,114.371
30946,114.371
30947,114.371
30948,114.371
30949,114.371
30950,117.94
30951,117.94
30952,117.94
30953,117.94
30954,117.94
30955,117.94
30956,117.94
30957,117.94
30958,117.94
30959,117.94
30960,117.94
30961,117.94
30962,117.94
30963,117.94
30964,117.94
30965,117.94
30966,117.94
30967,117.94
30968,117.94
30969,117.94
30970,114.979
30971,114.979
30972,114.979
30973,114.979
30974,114.979
30975,114.979
30976,114.979
30977,114.979
30978,114.979
30979,114.979
30980,114.979
30981,114.979
30982,114.979
30983,114.979
30984,114.979
30985,114.979
30986,114.979
30987,114.979
30988,114.979
30989,114.979
30990,117.059
30991,117.059
30992,117.059
30993,117.059
30994,117.059
30995,117.059
30996,117.059
30997,117.059
30998,117.059
30999,117.059
31000,117.059
31001,117.059
31002,117.059
31003,117.059
31004,117.059
31005,117.059
31006,117.059
31007,117.059
31008,117.059
31009,117.059
31010,117.059
31011,116.459
31012,116.459
31013,116.459
31014,116.459
31015,116.459
31016,116.459
31017,116.459
31018,116.459
31019,116.459
31020,116.459
31021,116.459
31022,116.459
31023,116.459
31024,116.459
31025,116.459
31026,116.459
31027,116.459
31028,116.459
31029,116.459
31030,116.459
31031,114.371
31032,114.371
31033,114.371
31034,114.371
31035,114.371
31036,114.371
31037,114.371
31038,114.371
31039,114.371
31040,114.371
31041,114.371
31042,114.371
31043,114.371
31044,114.371
31045,114.371
31046,114.371
31047,114.371
31048,114.371
31049,114.371
31050,114.371
31051,117.94
31052,117.94
31053,117.94
31054,117.94
31055,117.94
31056,117.94
31057,117.94
31058,117.94
31059,117.94
31060,117.94
31061,117.94
31062,117.94
31063,117.94
31064,117.94
31065,117.94
31066,117.94
31067,117.94
31068,117.94
31069,117.94
31070,117.94
31071,114.979
31072,114.979
31073,114.979
31074,114.979
31075,114.979
31076,114.979
31077,114.979
31078,114.979
31079,114.979
31080,114.979
31081,114.979
31082,114.979
31083,114.979
31084,114.979
31085,114.979
31086,114.979
31087,114.979
31088,114.979
31089,114.979
31090,114.979
31091,116.459
31092,116.459
31093,116.459
31094,116.459
31095,116.459
31096,116.459
31097,116.459
31098,116.459
31099,116.459
31100,116.459
31101,116.459
31102,116.459
31103,116.459
31104,116.459
31105,116.459
31106,116.459
31107,116.459
31108,116.459
31109,116.459
31110,116.459
31111,115.859
31112,115.859
31113,115.859
31114,115.859
31115,115.859
31116,115.859
31117,115.859
31118,115.859
31119,115.859
31120,115.859
31121,115.859
31122,115.859
31123,115.859
31124,115.859
31125,115.859
31126,115.859
31127,115.859
31128,115.859
31129,115.859
31130,115.859
31131,113.771
31132,113.771
31133,113.771
31134,113.771
31135,113.771
31136,113.771
31137,113.771
31138,113.771
31139,113.771
31140,113.771
31141,113.771
31142,113.771
31143,113.771
31144,113.771
31145,113.771
31146,113.771
31147,113.771
31148,113.771
31149,113.771
31150,113.771
31151,117.34
31152,117.34
31153,117.34
31154,117.34
31155,117.34
31156,117.34
31157,117.34
31158,117.34
31159,117.34
31160,117.34
31161,117.34
31162,117.34
31163,117.34
31164,117.34
31165,117.34
31166,117.34
31167,117.34
31168,117.34
31169,117.34
31170,117.34
31171,114.098
31172,114.098
31173,114.098
31174,114.098
31175,114.098
31176,114.098
31177,114.098
31178,114.098
31179,114.098
31180,114.098
31181,114.098
31182,114.098
31183,114.098
31184,114.098
31185,114.098
31186,114.098
31187,114.098
31188,114.098
31189,114.098
31190,114.098
31191,117.94
31192,117.94
31193,117.94
31194,117.94
31195,117.94
31196,117.94
31197,117.94
31198,117.94
31199,117.94
31200,117.94
31201,117.94
31202,117.94
31203,117.94
31204,117.94
31205,117.94
31206,117.94
31207,117.94
31208,117.94
31209,117.94
31210,117.94
31211,117.94
31212,115.579
31213,115.579
31214,115.579
31215,115.579
31216,115.579
31217,115.579
31218,115.579
31219,115.579
31220,115.579
31221,115.579
31222,115.579
31223,115.579
31224,115.579
31225,115.579
31226,115.579
31227,115.579
31228,115.579
31229,115.579
31230,115.579
31231,115.579
31232,114.371
31233,114.371
31234,114.371
31235,114.371
31236,114.371
31237,114.371
31238,114.371
31239,114.371
31240,114.371
31241,114.371
31242,114.371
31243,114.371
31244,114.371
31245,114.371
31246,114.371
31247,114.371
31248,114.371
31249,114.371
31250,114.371
31251,114.371
31252,116.459
31253,116.459
31254,116.459
31255,116.459
31256,116.459
31257,116.459
31258,116.459
31259,116.459
31260,116.459
31261,116.459
31262,116.459
31263,116.459
31264,116.459
31265,116.459
31266,116.459
31267,116.459
31268,116.459
31269,116.459
31270,116.459
31271,116.459
31272,113.888
31273,113.888
31274,113.888
31275,113.888
31276,113.888
31277,113.888
31278,113.888
31279,113.888
31280,113.888
31281,113.888
31282,113.888
31283,113.888
31284,113.888
31285,113.888
31286,113.888
31287,113.888
31288,113.888
31289,113.888
31290,113.888
31291,113.888
31292,118.212
31293,118.212
31294,118.212
31295,118.212
31296,118.212
31297,118.212
31298,118.212
31299,118.212
31300,118.212
31301,118.212
31302,118.212
31303,118.212
31304,118.212
31305,118.212
31306,118.212
31307,118.212
31308,118.212
31309,118.212
31310,118.212
31311,118.212
31312,115.251
31313,115.251
31314,115.251
31315,115.251
31316,115.251
31317,115.251
31318,115.251
31319,115.251
31320,115.251
31321,115.251
31322,115.251
31323,115.251
31324,115.251
31325,115.251
31326,115.251
31327,115.251
31328,115.251
31329,115.251
31330,115.251
31331,115.251
31332,115.251
31333,115.251
31334,115.251
31335,115.251
31336,115.251
31337,115.251
31338,115.251
31339,115.251
31340,115.251
31341,115.251
31342,115.251
31343,115.251
31344,115.251
31345,115.251
31346,115.251
31347,115.251
31348,115.251
31349,115.251
31350,115.251
31351,115.251
31352,117.059
31353,117.059
31354,117.059
31355,117.059
31356,117.059
31357,117.059
31358,117.059
31359,117.059
31360,117.059
31361,117.059
31362,117.059
31363,117.059
31364,117.059
31365,117.059
31366,117.059
31367,117.059
31368,117.059
31369,117.059
31370,117.059
31371,117.059
31372,114.706
31373,114.706
31374,114.706
31375,114.706
31376,114.706
31377,114.706
31378,114.706
31379,114.706
31380,114.706
31381,114.706
31382,114.706
31383,114.706
31384,114.706
31385,114.706
31386,114.706
31387,114.706
31388,114.706
31389,114.706
31390,114.706
31391,114.706
31392,117.94
31393,117.94
31394,117.94
31395,117.94
31396,117.94
31397,117.94
31398,117.94
31399,117.94
31400,117.94
31401,117.94
31402,117.94
31403,117.94
31404,117.94
31405,117.94
31406,117.94
31407,117.94
31408,117.94
31409,117.94
31410,117.94
31411,117.94
31412,117.94
31413,115.097
31414,115.097
31415,115.097
31416,115.097
31417,115.097
31418,115.097
31419,115.097
31420,115.097
31421,115.097
31422,115.097
31423,115.097
31424,115.097
31425,115.097
31426,115.097
31427,115.097
31428,115.097
31429,115.097
31430,115.097
31431,115.097
31432,115.097
31433,116.579
31434,116.579
31435,116.579
31436,116.579
31437,116.579
31438,116.579
31439,116.579
31440,116.579
31441,116.579
31442,116.579
31443,116.579
31444,116.579
31445,116.579
31446,116.579
31447,116.579
31448,116.579
31449,116.579
31450,116.579
31451,116.579
31452,116.579
31453,115.978
31454,115.978
31455,115.978
31456,115.978
31457,115.978
31458,115.978
31459,115.978
31460,115.978
31461,115.978
31462,115.978
31463,115.978
31464,115.978
31465,115.978
31466,115.978
31467,115.978
31468,115.978
31469,115.978
31470,115.978
31471,115.978
31472,115.978
31473,114.215
31474,114.215
31475,114.215
31476,114.215
31477,114.215
31478,114.215
31479,114.215
31480,114.215
31481,114.215
31482,114.215
31483,114.215
31484,114.215
31485,114.215
31486,114.215
31487,114.215
31488,114.215
31489,114.215
31490,114.215
31491,114.215
31492,114.215
31493,117.34
31494,117.34
31495,117.34
31496,117.34
31497,117.34
31498,117.34
31499,117.34
31500,117.34
31501,117.34
31502,117.34
31503,117.34
31504,117.34
31505,117.34
31506,117.34
31507,117.34
31508,117.34
31509,117.34
31510,117.34
31511,117.34
31512,117.34
31513,114.215
31514,114.215
31515,114.215
31516,114.215
31517,114.215
31518,114.215
31519,114.215
31520,114.215
31521,114.215
31522,114.215
31523,114.215
31524,114.215
31525,114.215
31526,114.215
31527,114.215
31528,114.215
31529,114.215
31530,114.215
31531,114.215
31532,114.215
31533,117.612
31534,117.612
31535,117.612
31536,117.612
31537,117.612
31538,117.612
31539,117.612
31540,117.612
31541,117.612
31542,117.612
31543,117.612
31544,117.612
31545,117.612
31546,117.612
31547,117.612
31548,117.612
31549,117.612
31550,117.612
31551,117.612
31552,117.612
31553,115.859
31554,115.859
31555,115.859
31556,115.859
31557,115.859
31558,115.859
31559,115.859
31560,115.859
31561,115.859
31562,115.859
31563,115.859
31564,115.859
31565,115.859
31566,115.859
31567,115.859
31568,115.859
31569,115.859
31570,115.859
31571,115.859
31572,115.859
31573,114.098
31574,114.098
31575,114.098
31576,114.098
31577,114.098
31578,114.098
31579,114.098
31580,114.098
31581,114.098
31582,114.098
31583,114.098
31584,114.098
31585,114.098
31586,114.098
31587,114.098
31588,114.098
31589,114.098
31590,114.098
31591,114.098
31592,114.098
31593,116.732
31594,116.732
31595,116.732
31596,116.732
31597,116.732
31598,116.732
31599,116.732
31600,116.732
31601,116.732
31602,116.732
31603,116.732
31604,116.732
31605,116.732
31606,116.732
31607,116.732
31608,116.732
31609,116.732
31610,116.732
31611,116.732
31612,116.732
31613,116.732
31614,114.098
31615,114.098
31616,114.098
31617,114.098
31618,114.098
31619,114.098
31620,114.098
31621,114.098
31622,114.098
31623,114.098
31624,114.098
31625,114.098
31626,114.098
31627,114.098
31628,114.098
31629,114.098
31630,114.098
31631,114.098
31632,114.098
31633,114.098
31634,118.061
31635,118.061
31636,118.061
31637,118.061
31638,118.061
31639,118.061
31640,118.061
31641,118.061
31642,118.061
31643,118.061
31644,118.061
31645,118.061
31646,118.061
31647,118.061
31648,118.061
31649,118.061
31650,118.061
31651,118.061
31652,118.061
31653,118.061
31654,115.697
31655,115.697
31656,115.697
31657,115.697
31658,115.697
31659,115.697
31660,115.697
31661,115.697
31662,115.697
31663,115.697
31664,115.697
31665,115.697
31666,115.697
31667,115.697
31668,115.697
31669,115.697
31670,115.697
31671,115.697
31672,115.697
31673,115.697
31674,114.824
31675,114.824
31676,114.824
31677,114.824
31678,114.824
31679,114.824
31680,114.824
31681,114.824
31682,114.824
31683,114.824
31684,114.824
31685,114.824
31686,114.824
31687,114.824
31688,114.824
31689,114.824
31690,114.824
31691,114.824
31692,114.824
31693,114.824
31694,116.579
31695,116.579
31696,116.579
31697,116.579
31698,116.579
31699,116.579
31700,116.579
31701,116.579
31702,116.579
31703,116.579
31704,116.579
31705,116.579
31706,116.579
31707,116.579
31708,116.579
31709,116.579
31710,116.579
31711,116.579
31712,116.579
31713,116.579
31714,114.098
31715,114.098
31716,114.098
31717,114.098
31718,114.098
31719,114.098
31720,114.098
31721,114.098
31722,114.098
31723,114.098
31724,114.098
31725,114.098
31726,114.098
31727,114.098
31728,114.098
31729,114.098
31730,114.098
31731,114.098
31732,114.098
31733,114.098
31734,118.485
31735,118.485
31736,118.485
31737,118.485
31738,118.485
31739,118.485
31740,118.485
31741,118.485
31742,118.485
31743,118.485
31744,118.485
31745,118.485
31746,118.485
31747,118.485
31748,118.485
31749,118.485
31750,118.485
31751,118.485
31752,118.485
31753,118.485
31754,114.706
31755,114.706
31756,114.706
31757,114.706
31758,114.706
31759,114.706
31760,114.706
31761,114.706
31762,114.706
31763,114.706
31764,114.706
31765,114.706
31766,114.706
31767,114.706
31768,114.706
31769,114.706
31770,114.706
31771,114.706
31772,114.706
31773,114.706
31774,116.732
31775,116.732
31776,116.732
31777,116.732
31778,116.732
31779,116.732
31780,116.732
31781,116.732
31782,116.732
31783,116.732
31784,116.732
31785,116.732
31786,116.732
31787,116.732
31788,116.732
31789,116.732
31790,116.732
31791,116.732
31792,116.732
31793,116.732
31794,116.459
31795,116.459
31796,116.459
31797,116.459
31798,116.459
31799,116.459
31800,116.459
31801,116.459
31802,116.459
31803,116.459
31804,116.459
31805,116.459
31806,116.459
31807,116.459
31808,116.459
31809,116.459
31810,116.459
31811,116.459
31812,116.459
31813,116.459
31814,114.706
31815,114.706
31816,114.706
31817,114.706
31818,114.706
31819,114.706
31820,114.706
31821,114.706
31822,114.706
31823,114.706
31824,114.706
31825,114.706
31826,114.706
31827,114.706
31828,114.706
31829,114.706
31830,114.706
31831,114.706
31832,114.706
31833,114.706
31834,114.706
31835,117.94
31836,117.94
31837,117.94
31838,117.94
31839,117.94
31840,117.94
31841,117.94
31842,117.94
31843,117.94
31844,117.94
31845,117.94
31846,117.94
31847,117.94
31848,117.94
31849,117.94
31850,117.94
31851,117.94
31852,117.94
31853,117.94
31854,117.94
31855,115.579
31856,115.579
31857,115.579
31858,115.579
31859,115.579
31860,115.579
31861,115.579
31862,115.579
31863,115.579
31864,115.579
31865,115.579
31866,115.579
31867,115.579
31868,115.579
31869,115.579
31870,115.579
31871,115.579
31872,115.579
31873,115.579
31874,115.579
31875,116.732
31876,116.732
31877,116.732
31878,116.732
31879,116.732
31880,116.732
31881,116.732
31882,116.732
31883,116.732
31884,116.732
31885,116.732
31886,116.732
31887,116.732
31888,116.732
31889,116.732
31890,116.732
31891,116.732
31892,116.732
31893,116.732
31894,116.732
31895,115.859
31896,115.859
31897,115.859
31898,115.859
31899,115.859
31900,115.859
31901,115.859
31902,115.859
31903,115.859
31904,115.859
31905,115.859
31906,115.859
31907,115.859
31908,115.859
31909,115.859
31910,115.859
31911,115.859
31912,115.859
31913,115.859
31914,115.859
31915,113.771
31916,113.771
31917,113.771
31918,113.771
31919,113.771
31920,113.771
31921,113.771
31922,113.771
31923,113.771
31924,113.771
31925,113.771
31926,113.771
31927,113.771
31928,113.771
31929,113.771
31930,113.771
31931,113.771
31932,113.771
31933,113.771
31934,113.771
31935,117.059
31936,117.059
31937,117.059
31938,117.059
31939,117.059
31940,117.059
31941,117.059
31942,117.059
31943,117.059
31944,117.059
31945,117.059
31946,117.059
31947,117.059
31948,117.059
31949,117.059
31950,117.059
31951,117.059
31952,117.059
31953,117.059
31954,117.059
31955,113.888
31956,113.888
31957,113.888
31958,113.888
31959,113.888
31960,113.888
31961,113.888
31962,113.888
31963,113.888
31964,113.888
31965,113.888
31966,113.888
31967,113.888
31968,113.888
31969,113.888
31970,113.888
31971,113.888
31972,113.888
31973,113.888
31974,113.888
31975,117.34
31976,117.34
31977,117.34
31978,117.34
31979,117.34
31980,117.34
31981,117.34
31982,117.34
31983,117.34
31984,117.34
31985,117.34
31986,117.34
31987,117.34
31988,117.34
31989,117.34
31990,117.34
31991,117.34
31992,117.34
31993,117.34
31994,117.34
31995,115.579
31996,115.579
31997,115.579
31998,115.579
31999,115.579
32000,115.579
32001,115.579
32002,115.579
32003,115.579
32004,115.579
32005,115.579
32006,115.579
32007,115.579
32008,115.579
32009,115.579
32010,115.579
32011,115.579
32012,115.579
32013,115.579
32014,115.579
32015,114.371
32016,114.371
32017,114.371
32018,114.371
32019,114.371
32020,114.371
32021,114.371
32022,114.371
32023,114.371
32024,114.371
32025,114.371
32026,114.371
32027,114.371
32028,114.371
32029,114.371
32030,114.371
32031,114.371
32032,114.371
32033,114.371
32034,114.371
32035,114.371
32036,116.732
32037,116.732
32038,116.732
32039,116.732
32040,116.732
32041,116.732
32042,116.732
32043,116.732
32044,116.732
32045,116.732
32046,116.732
32047,116.732
32048,116.732
32049,116.732
32050,116.732
32051,116.732
32052,116.732
32053,116.732
32054,116.732
32055,116.732
32056,114.098
32057,114.098
32058,114.098
32059,114.098
32060,114.098
32061,114.098
32062,114.098
32063,114.098
32064,114.098
32065,114.098
32066,114.098
32067,114.098
32068,114.098
32069,114.098
32070,114.098
32071,114.098
32072,114.098
32073,114.098
32074,114.098
32075,114.098
32076,118.334
32077,118.334
32078,118.334
32079,118.334
32080,118.334
32081,118.334
32082,118.334
32083,118.334
32084,118.334
32085,118.334
32086,118.334
32087,118.334
32088,118.334
32089,118.334
32090,118.334
32091,118.334
32092,118.334
32093,118.334
32094,118.334
32095,118.334
32096,115.251
32097,115.251
32098,115.251
32099,115.251
32100,115.251
32101,115.251
32102,115.251
32103,115.251
32104,115.251
32105,115.251
32106,115.251
32107,115.251
32108,115.251
32109,115.251
32110,115.251
32111,115.251
32112,115.251
32113,115.251
32114,115.251
32115,115.251
32116,115.251
32117,115.251
32118,115.251
32119,115.251
32120,115.251
32121,115.251
32122,115.251
32123,115.251
32124,115.251
32125,115.251
32126,115.251
32127,115.251
32128,115.251
32129,115.251
32130,115.251
32131,115.251
32132,115.251
32133,115.251
32134,115.251
32135,115.251
32136,116.732
32137,116.732
32138,116.732
32139,116.732
32140,116.732
32141,116.732
32142,116.732
32143,116.732
32144,116.732
32145,116.732
32146,116.732
32147,116.732
32148,116.732
32149,116.732
32150,116.732
32151,116.732
32152,116.732
32153,116.732
32154,116.732
32155,116.732
32156,114.706
32157,114.706
32158,114.706
32159,114.706
32160,114.706
32161,114.706
32162,114.706
32163,114.706
32164,114.706
32165,114.706
32166,114.706
32167,114.706
32168,114.706
32169,114.706
32170,114.706
32171,114.706
32172,114.706
32173,114.706
32174,114.706
32175,114.706
32176,117.94
32177,117.94
32178,117.94
32179,117.94
32180,117.94
32181,117.94
32182,117.94
32183,117.94
32184,117.94
32185,117.94
32186,117.94
32187,117.94
32188,117.94
32189,117.94
32190,117.94
32191,117.94
32192,117.94
32193,117.94
32194,117.94
32195,117.94
32196,114.979
32197,114.979
32198,114.979
32199,114.979
32200,114.979
32201,114.979
32202,114.979
32203,114.979
32204,114.979
32205,114.979
32206,114.979
32207,114.979
32208,114.979
32209,114.979
32210,114.979
32211,114.979
32212,114.979
32213,114.979
32214,114.979
32215,114.979
32216,116.732
32217,116.732
32218,116.732
32219,116.732
32220,116.732
32221,116.732
32222,116.732
32223,116.732
32224,116.732
32225,116.732
32226,116.732
32227,116.732
32228,116.732
32229,116.732
32230,116.732
32231,116.732
32232,116.732
32233,116.732
32234,116.732
32235,116.732
32236,116.732
32237,115.978
32238,115.978
32239,115.978
32240,115.978
32241,115.978
32242,115.978
32243,115.978
32244,115.978
32245,115.978
32246,115.978
32247,115.978
32248,115.978
32249,115.978
32250,115.978
32251,115.978
32252,115.978
32253,115.978
32254,115.978
32255,115.978
32256,115.978
32257,113.342
32258,113.342
32259,113.342
32260,113.342
32261,113.342
32262,113.342
32263,113.342
32264,113.342
32265,113.342
32266,113.342
32267,113.342
32268,113.342
32269,113.342
32270,113.342
32271,113.342
32272,113.342
32273,113.342
32274,113.342
32275,113.342
32276,113.342
32277,116.251
32278,116.251
32279,116.251
32280,116.251
32281,116.251
32282,116.251
32283,116.251
32284,116.251
32285,116.251
32286,116.251
32287,116.251
32288,116.251
32289,116.251
32290,116.251
32291,116.251
32292,116.251
32293,116.251
32294,116.251
32295,116.251
32296,116.251
32297,112.89
32298,112.89
32299,112.89
32300,112.89
32301,112.89
32302,112.89
32303,112.89
32304,112.89
32305,112.89
32306,112.89
32307,112.89
32308,112.89
32309,112.89
32310,112.89
32311,112.89
32312,112.89
32313,112.89
32314,112.89
32315,112.89
32316,112.89
32317,115.978
32318,115.978
32319,115.978
32320,115.978
32321,115.978
32322,115.978
32323,115.978
32324,115.978
32325,115.978
32326,115.978
32327,115.978
32328,115.978
32329,115.978
32330,115.978
32331,115.978
32332,115.978
32333,115.978
32334,115.978
32335,115.978
32336,115.978
32337,115.097
32338,115.097
32339,115.097
32340,115.097
32341,115.097
32342,115.097
32343,115.097
32344,115.097
32345,115.097
32346,115.097
32347,115.097
32348,115.097
32349,115.097
32350,115.097
32351,115.097
32352,115.097
32353,115.097
32354,115.097
32355,115.097
32356,115.097
32357,113.615
32358,113.615
32359,113.615
32360,113.615
32361,113.615
32362,113.615
32363,113.615
32364,113.615
32365,113.615
32366,113.615
32367,113.615
32368,113.615
32369,113.615
32370,113.615
32371,113.615
32372,113.615
32373,113.615
32374,113.615
32375,113.615
32376,113.615
32377,116.579
32378,116.579
32379,116.579
32380,116.579
32381,116.579
32382,116.579
32383,116.579
32384,116.579
32385,116.579
32386,116.579
32387,116.579
32388,116.579
32389,116.579
32390,116.579
32391,116.579
32392,116.579
32393,116.579
32394,116.579
32395,116.579
32396,116.579
32397,114.215
32398,114.215
32399,114.215
32400,114.215
32401,114.215
32402,114.215
32403,114.215
32404,114.215
32405,114.215
32406,114.215
32407,114.215
32408,114.215
32409,114.215
32410,114.215
32411,114.215
32412,114.215
32413,114.215
32414,114.215
32415,114.215
32416,114.215
32417,118.061
32418,118.061
32419,118.061
32420,118.061
32421,118.061
32422,118.061
32423,118.061
32424,118.061
32425,118.061
32426,118.061
32427,118.061
32428,118.061
32429,118.061
32430,118.061
32431,118.061
32432,118.061
32433,118.061
32434,118.061
32435,118.061
32436,118.061
32437,118.061
32438,114.824
32439,114.824
32440,114.824
32441,114.824
32442,114.824
32443,114.824
32444,114.824
32445,114.824
32446,114.824
32447,114.824
32448,114.824
32449,114.824
32450,114.824
32451,114.824
32452,114.824
32453,114.824
32454,114.824
32455,114.824
32456,114.824
32457,114.824
32458,114.488
32459,114.488
32460,114.488
32461,114.488
32462,114.488
32463,114.488
32464,114.488
32465,114.488
32466,114.488
32467,114.488
32468,114.488
32469,114.488
32470,114.488
32471,114.488
32472,114.488
32473,114.488
32474,114.488
32475,114.488
32476,114.488
32477,114.488
32478,116.852
32479,116.852
32480,116.852
32481,116.852
32482,116.852
32483,116.852
32484,116.852
32485,116.852
32486,116.852
32487,116.852
32488,116.852
32489,116.852
32490,116.852
32491,116.852
32492,116.852
32493,116.852
32494,116.852
32495,116.852
32496,116.852
32497,116.852
32498,114.824
32499,114.824
32500,114.824
32501,114.824
32502,114.824
32503,114.824
32504,114.824
32505,114.824
32506,114.824
32507,114.824
32508,114.824
32509,114.824
32510,114.824
32511,114.824
32512,114.824
32513,114.824
32514,114.824
32515,114.824
32516,114.824
32517,114.824
32518,117.733
32519,117.733
32520,117.733
32521,117.733
32522,117.733
32523,117.733
32524,117.733
32525,117.733
32526,117.733
32527,117.733
32528,117.733
32529,117.733
32530,117.733
32531,117.733
32532,117.733
32533,117.733
32534,117.733
32535,117.733
32536,117.733
32537,117.733
32538,114.215
32539,114.215
32540,114.215
32541,114.215
32542,114.215
32543,114.215
32544,114.215
32545,114.215
32546,114.215
32547,114.215
32548,114.215
32549,114.215
32550,114.215
32551,114.215
32552,114.215
32553,114.215
32554,114.215
32555,114.215
32556,114.215
32557,114.215
32558,116.251
32559,116.251
32560,116.251
32561,116.251
32562,116.251
32563,116.251
32564,116.251
32565,116.251
32566,116.251
32567,116.251
32568,116.251
32569,116.251
32570,116.251
32571,116.251
32572,116.251
32573,116.251
32574,116.251
32575,116.251
32576,116.251
32577,116.251
32578,115.097
32579,115.097
32580,115.097
32581,115.097
32582,115.097
32583,115.097
32584,115.097
32585,115.097
32586,115.097
32587,115.097
32588,115.097
32589,115.097
32590,115.097
32591,115.097
32592,115.097
32593,115.097
32594,115.097
32595,115.097
32596,115.097
32597,115.097
32598,113.006
32599,113.006
32600,113.006
32601,113.006
32602,113.006
32603,113.006
32604,113.006
32605,113.006
32606,113.006
32607,113.006
32608,113.006
32609,113.006
32610,113.006
32611,113.006
32612,113.006
32613,113.006
32614,113.006
32615,113.006
32616,113.006
32617,113.006
32618,115.978
32619,115.978
32620,115.978
32621,115.978
32622,115.978
32623,115.978
32624,115.978
32625,115.978
32626,115.978
32627,115.978
32628,115.978
32629,115.978
32630,115.978
32631,115.978
32632,115.978
32633,115.978
32634,115.978
32635,115.978
32636,115.978
32637,115.978
32638,115.978
32639,113.342
32640,113.342
32641,113.342
32642,113.342
32643,113.342
32644,113.342
32645,113.342
32646,113.342
32647,113.342
32648,113.342
32649,113.342
32650,113.342
32651,113.342
32652,113.342
32653,113.342
32654,113.342
32655,113.342
32656,113.342
32657,113.342
32658,113.342
32659,117.733
32660,117.733
32661,117.733
32662,117.733
32663,117.733
32664,117.733
32665,117.733
32666,117.733
32667,117.733
32668,117.733
32669,117.733
32670,117.733
32671,117.733
32672,117.733
32673,117.733
32674,117.733
32675,117.733
32676,117.733
32677,117.733
32678,117.733
32679,115.697
32680,115.697
32681,115.697
32682,115.697
32683,115.697
32684,115.697
32685,115.697
32686,115.697
32687,115.697
32688,115.697
32689,115.697
32690,115.697
32691,115.697
32692,115.697
32693,115.697
32694,115.697
32695,115.697
32696,115.697
32697,115.697
32698,115.697
32699,113.888
32700,113.888
32701,113.888
32702,113.888
32703,113.888
32704,113.888
32705,113.888
32706,113.888
32707,113.888
32708,113.888
32709,113.888
32710,113.888
32711,113.888
32712,113.888
32713,113.888
32714,113.888
32715,113.888
32716,113.888
32717,113.888
32718,113.888
32719,116.579
32720,116.579
32721,116.579
32722,116.579
32723,116.579
32724,116.579
32725,116.579
32726,116.579
32727,116.579
32728,116.579
32729,116.579
32730,116.579
32731,116.579
32732,116.579
32733,116.579
32734,116.579
32735,116.579
32736,116.579
32737,116.579
32738,116.579
32739,114.215
32740,114.215
32741,114.215
32742,114.215
32743,114.215
32744,114.215
32745,114.215
32746,114.215
32747,114.215
32748,114.215
32749,114.215
32750,114.215
32751,114.215
32752,114.215
32753,114.215
32754,114.215
32755,114.215
32756,114.215
32757,114.215
32758,114.215
32759,117.94
32760,117.94
32761,117.94
32762,117.94
32763,117.94
32764,117.94
32765,117.94
32766,117.94
32767,117.94
32768,117.94
32769,117.94
32770,117.94
32771,117.94
32772,117.94
32773,117.94
32774,117.94
32775,117.94
32776,117.94
32777,117.94
32778,117.94
32779,115.097
32780,115.097
32781,115.097
32782,115.097
32783,115.097
32784,115.097
32785,115.097
32786,115.097
32787,115.097
32788,115.097
32789,115.097
32790,115.097
32791,115.097
32792,115.097
32793,115.097
32794,115.097
32795,115.097
32796,115.097
32797,115.097
32798,115.097
32799,114.824
32800,114.824
32801,114.824
32802,114.824
32803,114.824
32804,114.824
32805,114.824
32806,114.824
32807,114.824
32808,114.824
32809,114.824
32810,114.824
32811,114.824
32812,114.824
32813,114.824
32814,114.824
32815,114.824
32816,114.824
32817,114.824
32818,114.824
32819,116.852
32820,116.852
32821,116.852
32822,116.852
32823,116.852
32824,116.852
32825,116.852
32826,116.852
32827,116.852
32828,116.852
32829,116.852
32830,116.852
32831,116.852
32832,116.852
32833,116.852
32834,116.852
32835,116.852
32836,116.852
32837,116.852
32838,116.852
32839,116.852
32840,113.498
32841,113.498
32842,113.498
32843,113.498
32844,113.498
32845,113.498
32846,113.498
32847,113.498
32848,113.498
32849,113.498
32850,113.498
32851,113.498
32852,113.498
32853,113.498
32854,113.498
32855,113.498
32856,113.498
32857,113.498
32858,113.498
32859,113.498
32860,117.059
32861,117.059
32862,117.059
32863,117.059
32864,117.059
32865,117.059
32866,117.059
32867,117.059
32868,117.059
32869,117.059
32870,117.059
32871,117.059
32872,117.059
32873,117.059
32874,117.059
32875,117.059
32876,117.059
32877,117.059
32878,117.059
32879,117.059
32880,113.498
32881,113.498
32882,113.498
32883,113.498
32884,113.498
32885,113.498
32886,113.498
32887,113.498
32888,113.498
32889,113.498
32890,113.498
32891,113.498
32892,113.498
32893,113.498
32894,113.498
32895,113.498
32896,113.498
32897,113.498
32898,113.498
32899,113.498
32900,115.37
32901,115.37
32902,115.37
32903,115.37
32904,115.37
32905,115.37
32906,115.37
32907,115.37
32908,115.37
32909,115.37
32910,115.37
32911,115.37
32912,115.37
32913,115.37
32914,115.37
32915,115.37
32916,115.37
32917,115.37
32918,115.37
32919,115.37
32920,114.979
32921,114.979
32922,114.979
32923,114.979
32924,114.979
32925,114.979
32926,114.979
32927,114.979
32928,114.979
32929,114.979
32930,114.979
32931,114.979
32932,114.979
32933,114.979
32934,114.979
32935,114.979
32936,114.979
32937,114.979
32938,114.979
32939,114.979
32940,113.006
32941,113.006
32942,113.006
32943,113.006
32944,113.006
32945,113.006
32946,113.006
32947,113.006
32948,113.006
32949,113.006
32950,113.006
32951,113.006
32952,113.006
32953,113.006
32954,113.006
32955,113.006
32956,113.006
32957,113.006
32958,113.006
32959,113.006
32960,115.859
32961,115.859
32962,115.859
32963,115.859
32964,115.859
32965,115.859
32966,115.859
32967,115.859
32968,115.859
32969,115.859
32970,115.859
32971,115.859
32972,115.859
32973,115.859
32974,115.859
32975,115.859
32976,115.859
32977,115.859
32978,115.859
32979,115.859
32980,112.733
32981,112.733
32982,112.733
32983,112.733
32984,112.733
32985,112.733
32986,112.733
32987,112.733
32988,112.733
32989,112.733
32990,112.733
32991,112.733
32992,112.733
32993,112.733
32994,112.733
32995,112.733
32996,112.733
32997,112.733
32998,112.733
32999,112.733
33000,116.251
33001,116.251
33002,116.251
33003,116.251
33004,116.251
33005,116.251
33006,116.251
33007,116.251
33008,116.251
33009,116.251
33010,116.251
33011,116.251
33012,116.251
33013,116.251
33014,116.251
33015,116.251
33016,116.251
33017,116.251
33018,116.251
33019,116.251
33020,114.371
33021,114.371
33022,114.371
33023,114.371
33024,114.371
33025,114.371
33026,114.371
33027,114.371
33028,114.371
33029,114.371
33030,114.371
33031,114.371
33032,114.371
33033,114.371
33034,114.371
33035,114.371
33036,114.371
33037,114.371
33038,114.371
33039,114.371
33040,113.342
33041,113.342
33042,113.342
33043,113.342
33044,113.342
33045,113.342
33046,113.342
33047,113.342
33048,113.342
33049,113.342
33050,113.342
33051,113.342
33052,113.342
33053,113.342
33054,113.342
33055,113.342
33056,113.342
33057,113.342
33058,113.342
33059,113.342
33060,116.459
33061,116.459
33062,116.459
33063,116.459
33064,116.459
33065,116.459
33066,116.459
33067,116.459
33068,116.459
33069,116.459
33070,116.459
33071,116.459
33072,116.459
33073,116.459
33074,116.459
33075,116.459
33076,116.459
33077,116.459
33078,116.459
33079,116.459
33080,114.098
33081,114.098
33082,114.098
33083,114.098
33084,114.098
33085,114.098
33086,114.098
33087,114.098
33088,114.098
33089,114.098
33090,114.098
33091,114.098
33092,114.098
33093,114.098
33094,114.098
33095,114.098
33096,114.098
33097,114.098
33098,114.098
33099,114.098
33100,118.485
33101,118.485
33102,118.485
33103,118.485
33104,118.485
33105,118.485
33106,118.485
33107,118.485
33108,118.485
33109,118.485
33110,118.485
33111,118.485
33112,118.485
33113,118.485
33114,118.485
33115,118.485
33116,118.485
33117,118.485
33118,118.485
33119,118.485
33120,118.485
33121,115.251
33122,115.251
33123,115.251
33124,115.251
33125,115.251
33126,115.251
33127,115.251
33128,115.251
33129,115.251
33130,115.251
33131,115.251
33132,115.251
33133,115.251
33134,115.251
33135,115.251
33136,115.251
33137,115.251
33138,115.251
33139,115.251
33140,115.251
33141,114.215
33142,114.215
33143,114.215
33144,114.215
33145,114.215
33146,114.215
33147,114.215
33148,114.215
33149,114.215
33150,114.215
33151,114.215
33152,114.215
33153,114.215
33154,114.215
33155,114.215
33156,114.215
33157,114.215
33158,114.215
33159,114.215
33160,114.215
33161,115.579
33162,115.579
33163,115.579
33164,115.579
33165,115.579
33166,115.579
33167,115.579
33168,115.579
33169,115.579
33170,115.579
33171,115.579
33172,115.579
33173,115.579
33174,115.579
33175,115.579
33176,115.579
33177,115.579
33178,115.579
33179,115.579
33180,115.579
33181,113.226
33182,113.226
33183,113.226
33184,113.226
33185,113.226
33186,113.226
33187,113.226
33188,113.226
33189,113.226
33190,113.226
33191,113.226
33192,113.226
33193,113.226
33194,113.226
33195,113.226
33196,113.226
33197,113.226
33198,113.226
33199,113.226
33200,113.226
33201,116.459
33202,116.459
33203,116.459
33204,116.459
33205,116.459
33206,116.459
33207,116.459
33208,116.459
33209,116.459
33210,116.459
33211,116.459
33212,116.459
33213,116.459
33214,116.459
33215,116.459
33216,116.459
33217,116.459
33218,116.459
33219,116.459
33220,116.459
33221,113.498
33222,113.498
33223,113.498
33224,113.498
33225,113.498
33226,113.498
33227,113.498
33228,113.498
33229,113.498
33230,113.498
33231,113.498
33232,113.498
33233,113.498
33234,113.498
33235,113.498
33236,113.498
33237,113.498
33238,113.498
33239,113.498
33240,113.498
33241,115.097
33242,115.097
33243,115.097
33244,115.097
33245,115.097
33246,115.097
33247,115.097
33248,115.097
33249,115.097
33250,115.097
33251,115.097
33252,115.097
33253,115.097
33254,115.097
33255,115.097
33256,115.097
33257,115.097
33258,115.097
33259,115.097
33260,115.097
33261,114.979
33262,114.979
33263,114.979
33264,114.979
33265,114.979
33266,114.979
33267,114.979
33268,114.979
33269,114.979
33270,114.979
33271,114.979
33272,114.979
33273,114.979
33274,114.979
33275,114.979
33276,114.979
33277,114.979
33278,114.979
33279,114.979
33280,114.979
33281,112.733
33282,112.733
33283,112.733
33284,112.733
33285,112.733
33286,112.733
33287,112.733
33288,112.733
33289,112.733
33290,112.733
33291,112.733
33292,112.733
33293,112.733
33294,112.733
33295,112.733
33296,112.733
33297,112.733
33298,112.733
33299,112.733
33300,112.733
33301,115.859
33302,115.859
33303,115.859
33304,115.859
33305,115.859
33306,115.859
33307,115.859
33308,115.859
33309,115.859
33310,115.859
33311,115.859
33312,115.859
33313,115.859
33314,115.859
33315,115.859
33316,115.859
33317,115.859
33318,115.859
33319,115.859
33320,115.859
33321,115.859
33322,112.618
33323,112.618
33324,112.618
33325,112.618
33326,112.618
33327,112.618
33328,112.618
33329,112.618
33330,112.618
33331,112.618
33332,112.618
33333,112.618
33334,112.618
33335,112.618
33336,112.618
33337,112.618
33338,112.618
33339,112.618
33340,112.618
33341,112.618
33342,117.34
33343,117.34
33344,117.34
33345,117.34
33346,117.34
33347,117.34
33348,117.34
33349,117.34
33350,117.34
33351,117.34
33352,117.34
33353,117.34
33354,117.34
33355,117.34
33356,117.34
33357,117.34
33358,117.34
33359,117.34
33360,117.34
33361,117.34
33362,115.859
33363,115.859
33364,115.859
33365,115.859
33366,115.859
33367,115.859
33368,115.859
33369,115.859
33370,115.859
33371,115.859
33372,115.859
33373,115.859
33374,115.859
33375,115.859
33376,115.859
33377,115.859
33378,115.859
33379,115.859
33380,115.859
33381,115.859
33382,114.098
33383,114.098
33384,114.098
33385,114.098
33386,114.098
33387,114.098
33388,114.098
33389,114.098
33390,114.098
33391,114.098
33392,114.098
33393,114.098
33394,114.098
33395,114.098
33396,114.098
33397,114.098
33398,114.098
33399,114.098
33400,114.098
33401,114.098
33402,116.732
33403,116.732
33404,116.732
33405,116.732
33406,116.732
33407,116.732
33408,116.732
33409,116.732
33410,116.732
33411,116.732
33412,116.732
33413,116.732
33414,116.732
33415,116.732
33416,116.732
33417,116.732
33418,116.732
33419,116.732
33420,116.732
33421,116.732
33422,114.098
33423,114.098
33424,114.098
33425,114.098
33426,114.098
33427,114.098
33428,114.098
33429,114.098
33430,114.098
33431,114.098
33432,114.098
33433,114.098
33434,114.098
33435,114.098
33436,114.098
33437,114.098
33438,114.098
33439,114.098
33440,114.098
33441,114.098
33442,118.212
33443,118.212
33444,118.212
33445,118.212
33446,118.212
33447,118.212
33448,118.212
33449,118.212
33450,118.212
33451,118.212
33452,118.212
33453,118.212
33454,118.212
33455,118.212
33456,118.212
33457,118.212
33458,118.212
33459,118.212
33460,118.212
33461,118.212
33462,115.251
33463,115.251
33464,115.251
33465,115.251
33466,115.251
33467,115.251
33468,115.251
33469,115.251
33470,115.251
33471,115.251
33472,115.251
33473,115.251
33474,115.251
33475,115.251
33476,115.251
33477,115.251
33478,115.251
33479,115.251
33480,115.251
33481,115.251
33482,116.732
33483,116.732
33484,116.732
33485,116.732
33486,116.732
33487,116.732
33488,116.732
33489,116.732
33490,116.732
33491,116.732
33492,116.732
33493,116.732
33494,116.732
33495,116.732
33496,116.732
33497,116.732
33498,116.732
33499,116.732
33500,116.732
33501,116.732
33502,117.059
33503,117.059
33504,117.059
33505,117.059
33506,117.059
33507,117.059
33508,117.059
33509,117.059
33510,117.059
33511,117.059
33512,117.059
33513,117.059
33514,117.059
33515,117.059
33516,117.059
33517,117.059
33518,117.059
33519,117.059
33520,117.059
33521,117.059
33522,114.706
33523,114.706
33524,114.706
33525,114.706
33526,114.706
33527,114.706
33528,114.706
33529,114.706
33530,114.706
33531,114.706
33532,114.706
33533,114.706
33534,114.706
33535,114.706
33536,114.706
33537,114.706
33538,114.706
33539,114.706
33540,114.706
33541,114.706
33542,117.94
33543,117.94
33544,117.94
33545,117.94
33546,117.94
33547,117.94
33548,117.94
33549,117.94
33550,117.94
33551,117.94
33552,117.94
33553,117.94
33554,117.94
33555,117.94
33556,117.94
33557,117.94
33558,117.94
33559,117.94
33560,117.94
33561,117.94
33562,114.979
33563,114.979
33564,114.979
33565,114.979
33566,114.979
33567,114.979
33568,114.979
33569,114.979
33570,114.979
33571,114.979
33572,114.979
33573,114.979
33574,114.979
33575,114.979
33576,114.979
33577,114.979
33578,114.979
33579,114.979
33580,114.979
33581,114.979
33582,116.732
33583,116.732
33584,116.732
33585,116.732
33586,116.732
33587,116.732
33588,116.732
33589,116.732
33590,116.732
33591,116.732
33592,116.732
33593,116.732
33594,116.732
33595,116.732
33596,116.732
33597,116.732
33598,116.732
33599,116.732
33600,116.732
33601,116.732
33602,116.732
33603,116.459
33604,116.459
33605,116.459
33606,116.459
33607,116.459
33608,116.459
33609,116.459
33610,116.459
33611,116.459
33612,116.459
33613,116.459
33614,116.459
33615,116.459
33616,116.459
33617,116.459
33618,116.459
33619,116.459
33620,116.459
33621,116.459
33622,116.459
33623,114.098
33624,114.098
33625,114.098
33626,114.098
33627,114.098
33628,114.098
33629,114.098
33630,114.098
33631,114.098
33632,114.098
33633,114.098
33634,114.098
33635,114.098
33636,114.098
33637,114.098
33638,114.098
33639,114.098
33640,114.098
33641,114.098
33642,114.098
33643,117.34
33644,117.34
33645,117.34
33646,117.34
33647,117.34
33648,117.34
33649,117.34
33650,117.34
33651,117.34
33652,117.34
33653,117.34
33654,117.34
33655,117.34
33656,117.34
33657,117.34
33658,117.34
33659,117.34
33660,117.34
33661,117.34
33662,117.34
33663,114.098
33664,114.098
33665,114.098
33666,114.098
33667,114.098
33668,114.098
33669,114.098
33670,114.098
33671,114.098
33672,114.098
33673,114.098
33674,114.098
33675,114.098
33676,114.098
33677,114.098
33678,114.098
33679,114.098
33680,114.098
33681,114.098
33682,114.098
33683,118.212
33684,118.212
33685,118.212
33686,118.212
33687,118.212
33688,118.212
33689,118.212
33690,118.212
33691,118.212
33692,118.212
33693,118.212
33694,118.212
33695,118.212
33696,118.212
33697,118.212
33698,118.212
33699,118.212
33700,118.212
33701,118.212
33702,118.212
33703,115.859
33704,115.859
33705,115.859
33706,115.859
33707,115.859
33708,115.859
33709,115.859
33710,115.859
33711,115.859
33712,115.859
33713,115.859
33714,115.859
33715,115.859
33716,115.859
33717,115.859
33718,115.859
33719,115.859
33720,115.859
33721,115.859
33722,115.859
33723,114.098
33724,114.098
33725,114.098
33726,114.098
33727,114.098
33728,114.098
33729,114.098
33730,114.098
33731,114.098
33732,114.098
33733,114.098
33734,114.098
33735,114.098
33736,114.098
33737,114.098
33738,114.098
33739,114.098
33740,114.098
33741,114.098
33742,114.098
33743,115.859
33744,115.859
33745,115.859
33746,115.859
33747,115.859
33748,115.859
33749,115.859
33750,115.859
33751,115.859
33752,115.859
33753,115.859
33754,115.859
33755,115.859
33756,115.859
33757,115.859
33758,115.859
33759,115.859
33760,115.859
33761,115.859
33762,115.859
33763,112.618
33764,112.618
33765,112.618
33766,112.618
33767,112.618
33768,112.618
33769,112.618
33770,112.618
33771,112.618
33772,112.618
33773,112.618
33774,112.618
33775,112.618
33776,112.618
33777,112.618
33778,112.618
33779,112.618
33780,112.618
33781,112.618
33782,112.618
33783,117.059
33784,117.059
33785,117.059
33786,117.059
33787,117.059
33788,117.059
33789,117.059
33790,117.059
33791,117.059
33792,117.059
33793,117.059
33794,117.059
33795,117.059
33796,117.059
33797,117.059
33798,117.059
33799,117.059
33800,117.059
33801,117.059
33802,117.059
33803,113.771
33804,113.771
33805,113.771
33806,113.771
33807,113.771
33808,113.771
33809,113.771
33810,113.771
33811,113.771
33812,113.771
33813,113.771
33814,113.771
33815,113.771
33816,113.771
33817,113.771
33818,113.771
33819,113.771
33820,113.771
33821,113.771
33822,113.771
33823,114.488
33824,114.488
33825,114.488
33826,114.488
33827,114.488
33828,114.488
33829,114.488
33830,114.488
33831,114.488
33832,114.488
33833,114.488
33834,114.488
33835,114.488
33836,114.488
33837,114.488
33838,114.488
33839,114.488
33840,114.488
33841,114.488
33842,114.488
33843,114.488
33844,115.978
33845,115.978
33846,115.978
33847,115.978
33848,115.978
33849,115.978
33850,115.978
33851,115.978
33852,115.978
33853,115.978
33854,115.978
33855,115.978
33856,115.978
33857,115.978
33858,115.978
33859,115.978
33860,115.978
33861,115.978
33862,115.978
33863,115.978
33864,114.979
33865,114.979
33866,114.979
33867,114.979
33868,114.979
33869,114.979
33870,114.979
33871,114.979
33872,114.979
33873,114.979
33874,114.979
33875,114.979
33876,114.979
33877,114.979
33878,114.979
33879,114.979
33880,114.979
33881,114.979
33882,114.979
33883,114.979
33884,117.94
33885,117.94
33886,117.94
33887,117.94
33888,117.94
33889,117.94
33890,117.94
33891,117.94
33892,117.94
33893,117.94
33894,117.94
33895,117.94
33896,117.94
33897,117.94
33898,117.94
33899,117.94
33900,117.94
33901,117.94
33902,117.94
33903,117.94
33904,115.37
33905,115.37
33906,115.37
33907,115.37
33908,115.37
33909,115.37
33910,115.37
33911,115.37
33912,115.37
33913,115.37
33914,115.37
33915,115.37
33916,115.37
33917,115.37
33918,115.37
33919,115.37
33920,115.37
33921,115.37
33922,115.37
33923,115.37
33924,117.34
33925,117.34
33926,117.34
33927,117.34
33928,117.34
33929,117.34
33930,117.34
33931,117.34
33932,117.34
33933,117.34
33934,117.34
33935,117.34
33936,117.34
33937,117.34
33938,117.34
33939,117.34
33940,117.34
33941,117.34
33942,117.34
33943,117.34
33944,116.459
33945,116.459
33946,116.459
33947,116.459
33948,116.459
33949,116.459
33950,116.459
33951,116.459
33952,116.459
33953,116.459
33954,116.459
33955,116.459
33956,116.459
33957,116.459
33958,116.459
33959,116.459
33960,116.459
33961,116.459
33962,116.459
33963,116.459
33964,113.771
33965,113.771
33966,113.771
33967,113.771
33968,113.771
33969,113.771
33970,113.771
33971,113.771
33972,113.771
33973,113.771
33974,113.771
33975,113.771
33976,113.771
33977,113.771
33978,113.771
33979,113.771
33980,113.771
33981,113.771
33982,113.771
33983,113.771
33984,117.612
33985,117.612
33986,117.612
33987,117.612
33988,117.612
33989,117.612
33990,117.612
33991,117.612
33992,117.612
33993,117.612
33994,117.612
33995,117.612
33996,117.612
33997,117.612
33998,117.612
33999,117.612
34000,117.612
34001,117.612
34002,117.612
34003,117.612
34004,114.488
34005,114.488
34006,114.488
34007,114.488
34008,114.488
34009,114.488
34010,114.488
34011,114.488
34012,114.488
34013,114.488
34014,114.488
34015,114.488
34016,114.488
34017,114.488
34018,114.488
34019,114.488
34020,114.488
34021,114.488
34022,114.488
34023,114.488
34024,118.212
34025,118.212
34026,118.212
34027,118.212
34028,118.212
34029,118.212
34030,118.212
34031,118.212
34032,118.212
34033,118.212
34034,118.212
34035,118.212
34036,118.212
34037,118.212
34038,118.212
34039,118.212
34040,118.212
34041,118.212
34042,118.212
34043,118.212
34044,115.859
34045,115.859
34046,115.859
34047,115.859
34048,115.859
34049,115.859
34050,115.859
34051,115.859
34052,115.859
34053,115.859
34054,115.859
34055,115.859
34056,115.859
34057,115.859
34058,115.859
34059,115.859
34060,115.859
34061,115.859
34062,115.859
34063,115.859
34064,114.371
34065,114.371
34066,114.371
34067,114.371
34068,114.371
34069,114.371
34070,114.371
34071,114.371
34072,114.371
34073,114.371
34074,114.371
34075,114.371
34076,114.371
34077,114.371
34078,114.371
34079,114.371
34080,114.371
34081,114.371
34082,114.371
34083,114.371
34084,114.371
34085,116.459
34086,116.459
34087,116.459
34088,116.459
34089,116.459
34090,116.459
34091,116.459
34092,116.459
34093,116.459
34094,116.459
34095,116.459
34096,116.459
34097,116.459
34098,116.459
34099,116.459
34100,116.459
34101,116.459
34102,116.459
34103,116.459
34104,116.459
34105,113.771
34106,113.771
34107,113.771
34108,113.771
34109,113.771
34110,113.771
34111,113.771
34112,113.771
34113,113.771
34114,113.771
34115,113.771
34116,113.771
34117,113.771
34118,113.771
34119,113.771
34120,113.771
34121,113.771
34122,113.771
34123,113.771
34124,113.771
34125,118.212
34126,118.212
34127,118.212
34128,118.212
34129,118.212
34130,118.212
34131,118.212
34132,118.212
34133,118.212
34134,118.212
34135,118.212
34136,118.212
34137,118.212
34138,118.212
34139,118.212
34140,118.212
34141,118.212
34142,118.212
34143,118.212
34144,118.212
34145,114.979
34146,114.979
34147,114.979
34148,114.979
34149,114.979
34150,114.979
34151,114.979
34152,114.979
34153,114.979
34154,114.979
34155,114.979
34156,114.979
34157,114.979
34158,114.979
34159,114.979
34160,114.979
34161,114.979
34162,114.979
34163,114.979
34164,114.979
34165,114.979
34166,114.979
34167,114.979
34168,114.979
34169,114.979
34170,114.979
34171,114.979
34172,114.979
34173,114.979
34174,114.979
34175,114.979
34176,114.979
34177,114.979
34178,114.979
34179,114.979
34180,114.979
34181,114.979
34182,114.979
34183,114.979
34184,114.979
34185,117.059
34186,117.059
34187,117.059
34188,117.059
34189,117.059
34190,117.059
34191,117.059
34192,117.059
34193,117.059
34194,117.059
34195,117.059
34196,117.059
34197,117.059
34198,117.059
34199,117.059
34200,117.059
34201,117.059
34202,117.059
34203,117.059
34204,117.059
34205,114.706
34206,114.706
34207,114.706
34208,114.706
34209,114.706
34210,114.706
34211,114.706
34212,114.706
34213,114.706
34214,114.706
34215,114.706
34216,114.706
34217,114.706
34218,114.706
34219,114.706
34220,114.706
34221,114.706
34222,114.706
34223,114.706
34224,114.706
34225,118.212
34226,118.212
34227,118.212
34228,118.212
34229,118.212
34230,118.212
34231,118.212
34232,118.212
34233,118.212
34234,118.212
34235,118.212
34236,118.212
34237,118.212
34238,118.212
34239,118.212
34240,118.212
34241,118.212
34242,118.212
34243,118.212
34244,118.212
34245,114.979
34246,114.979
34247,114.979
34248,114.979
34249,114.979
34250,114.979
34251,114.979
34252,114.979
34253,114.979
34254,114.979
34255,114.979
34256,114.979
34257,114.979
34258,114.979
34259,114.979
34260,114.979
34261,114.979
34262,114.979
34263,114.979
34264,114.979
34265,114.979
34266,117.059
34267,117.059
34268,117.059
34269,117.059
34270,117.059
34271,117.059
34272,117.059
34273,117.059
34274,117.059
34275,117.059
34276,117.059
34277,117.059
34278,117.059
34279,117.059
34280,117.059
34281,117.059
34282,117.059
34283,117.059
34284,117.059
34285,117.059
34286,116.132
34287,116.132
34288,116.132
34289,116.132
34290,116.132
34291,116.132
34292,116.132
34293,116.132
34294,116.132
34295,116.132
34296,116.132
34297,116.132
34298,116.132
34299,116.132
34300,116.132
34301,116.132
34302,116.132
34303,116.132
34304,116.132
34305,116.132
34306,114.371
34307,114.371
34308,114.371
34309,114.371
34310,114.371
34311,114.371
34312,114.371
34313,114.371
34314,114.371
34315,114.371
34316,114.371
34317,114.371
34318,114.371
34319,114.371
34320,114.371
34321,114.371
34322,114.371
34323,114.371
34324,114.371
34325,114.371
34326,117.34
34327,117.34
34328,117.34
34329,117.34
34330,117.34
34331,117.34
34332,117.34
34333,117.34
34334,117.34
34335,117.34
34336,117.34
34337,117.34
34338,117.34
34339,117.34
34340,117.34
34341,117.34
34342,117.34
34343,117.34
34344,117.34
34345,117.34
34346,114.706
34347,114.706
34348,114.706
34349,114.706
34350,114.706
34351,114.706
34352,114.706
34353,114.706
34354,114.706
34355,114.706
34356,114.706
34357,114.706
34358,114.706
34359,114.706
34360,114.706
34361,114.706
34362,114.706
34363,114.706
34364,114.706
34365,114.706
34366,117.612
34367,117.612
34368,117.612
34369,117.612
34370,117.612
34371,117.612
34372,117.612
34373,117.612
34374,117.612
34375,117.612
34376,117.612
34377,117.612
34378,117.612
34379,117.612
34380,117.612
34381,117.612
34382,117.612
34383,117.612
34384,117.612
34385,117.612
34386,115.859
34387,115.859
34388,115.859
34389,115.859
34390,115.859
34391,115.859
34392,115.859
34393,115.859
34394,115.859
34395,115.859
34396,115.859
34397,115.859
34398,115.859
34399,115.859
34400,115.859
34401,115.859
34402,115.859
34403,115.859
34404,115.859
34405,115.859
34406,113.498
34407,113.498
34408,113.498
34409,113.498
34410,113.498
34411,113.498
34412,113.498
34413,113.498
34414,113.498
34415,113.498
34416,113.498
34417,113.498
34418,113.498
34419,113.498
34420,113.498
34421,113.498
34422,113.498
34423,113.498
34424,113.498
34425,113.498
34426,116.732
34427,116.732
34428,116.732
34429,116.732
34430,116.732
34431,116.732
34432,116.732
34433,116.732
34434,116.732
34435,116.732
34436,116.732
34437,116.732
34438,116.732
34439,116.732
34440,116.732
34441,116.732
34442,116.732
34443,116.732
34444,116.732
34445,116.732
34446,116.732
34447,114.371
34448,114.371
34449,114.371
34450,114.371
34451,114.371
34452,114.371
34453,114.371
34454,114.371
34455,114.371
34456,114.371
34457,114.371
34458,114.371
34459,114.371
34460,114.371
34461,114.371
34462,114.371
34463,114.371
34464,114.371
34465,114.371
34466,114.371
34467,117.612
34468,117.612
34469,117.612
34470,117.612
34471,117.612
34472,117.612
34473,117.612
34474,117.612
34475,117.612
34476,117.612
34477,117.612
34478,117.612
34479,117.612
34480,117.612
34481,117.612
34482,117.612
34483,117.612
34484,117.612
34485,117.612
34486,117.612
34487,115.579
34488,115.579
34489,115.579
34490,115.579
34491,115.579
34492,115.579
34493,115.579
34494,115.579
34495,115.579
34496,115.579
34497,115.579
34498,115.579
34499,115.579
34500,115.579
34501,115.579
34502,115.579
34503,115.579
34504,115.579
34505,115.579
34506,115.579
34507,114.706
34508,114.706
34509,114.706
34510,114.706
34511,114.706
34512,114.706
34513,114.706
34514,114.706
34515,114.706
34516,114.706
34517,114.706
34518,114.706
34519,114.706
34520,114.706
34521,114.706
34522,114.706
34523,114.706
34524,114.706
34525,114.706
34526,114.706
34527,116.732
34528,116.732
34529,116.732
34530,116.732
34531,116.732
34532,116.732
34533,116.732
34534,116.732
34535,116.732
34536,116.732
34537,116.732
34538,116.732
34539,116.732
34540,116.732
34541,116.732
34542,116.732
34543,116.732
34544,116.732
34545,116.732
34546,116.732
34547,113.771
34548,113.771
34549,113.771
34550,113.771
34551,113.771
34552,113.771
34553,113.771
34554,113.771
34555,113.771
34556,113.771
34557,113.771
34558,113.771
34559,113.771
34560,113.771
34561,113.771
34562,113.771
34563,113.771
34564,113.771
34565,113.771
34566,113.771
34567,118.485
34568,118.485
34569,118.485
34570,118.485
34571,118.485
34572,118.485
34573,118.485
34574,118.485
34575,118.485
34576,118.485
34577,118.485
34578,118.485
34579,118.485
34580,118.485
34581,118.485
34582,118.485
34583,118.485
34584,118.485
34585,118.485
34586,118.485
34587,114.979
34588,114.979
34589,114.979
34590,114.979
34591,114.979
34592,114.979
34593,114.979
34594,114.979
34595,114.979
34596,114.979
34597,114.979
34598,114.979
34599,114.979
34600,114.979
34601,114.979
34602,114.979
34603,114.979
34604,114.979
34605,114.979
34606,114.979
34607,115.859
34608,115.859
34609,115.859
34610,115.859
34611,115.859
34612,115.859
34613,115.859
34614,115.859
34615,115.859
34616,115.859
34617,115.859
34618,115.859
34619,115.859
34620,115.859
34621,115.859
34622,115.859
34623,115.859
34624,115.859
34625,115.859
34626,115.859
34627,116.732
34628,116.732
34629,116.732
34630,116.732
34631,116.732
34632,116.732
34633,116.732
34634,116.732
34635,116.732
34636,116.732
34637,116.732
34638,116.732
34639,116.732
34640,116.732
34641,116.732
34642,116.732
34643,116.732
34644,116.732
34645,116.732
34646,116.732
34647,114.979
34648,114.979
34649,114.979
34650,114.979
34651,114.979
34652,114.979
34653,114.979
34654,114.979
34655,114.979
34656,114.979
34657,114.979
34658,114.979
34659,114.979
34660,114.979
34661,114.979
34662,114.979
34663,114.979
34664,114.979
34665,114.979
34666,114.979
34667,114.979
34668,117.94
34669,117.94
34670,117.94
34671,117.94
34672,117.94
34673,117.94
34674,117.94
34675,117.94
34676,117.94
34677,117.94
34678,117.94
34679,117.94
34680,117.94
34681,117.94
34682,117.94
34683,117.94
34684,117.94
34685,117.94
34686,117.94
34687,117.94
34688,115.251
34689,115.251
34690,115.251
34691,115.251
34692,115.251
34693,115.251
34694,115.251
34695,115.251
34696,115.251
34697,115.251
34698,115.251
34699,115.251
34700,115.251
34701,115.251
34702,115.251
34703,115.251
34704,115.251
34705,115.251
34706,115.251
34707,115.251
34708,117.612
34709,117.612
34710,117.612
34711,117.612
34712,117.612
34713,117.612
34714,117.612
34715,117.612
34716,117.612
34717,117.612
34718,117.612
34719,117.612
34720,117.612
34721,117.612
34722,117.612
34723,117.612
34724,117.612
34725,117.612
34726,117.612
34727,117.612
34728,116.132
34729,116.132
34730,116.132
34731,116.132
34732,116.132
34733,116.132
34734,116.132
34735,116.132
34736,116.132
34737,116.132
34738,116.132
34739,116.132
34740,116.132
34741,116.132
34742,116.132
34743,116.132
34744,116.132
34745,116.132
34746,116.132
34747,116.132
34748,113.771
34749,113.771
34750,113.771
34751,113.771
34752,113.771
34753,113.771
34754,113.771
34755,113.771
34756,113.771
34757,113.771
34758,113.771
34759,113.771
34760,113.771
34761,113.771
34762,113.771
34763,113.771
34764,113.771
34765,113.771
34766,113.771
34767,113.771
34768,117.34
34769,117.34
34770,117.34
34771,117.34
34772,117.34
34773,117.34
34774,117.34
34775,117.34
34776,117.34
34777,117.34
34778,117.34
34779,117.34
34780,117.34
34781,117.34
34782,117.34
34783,117.34
34784,117.34
34785,117.34
34786,117.34
34787,117.34
34788,114.371
34789,114.371
34790,114.371
34791,114.371
34792,114.371
34793,114.371
34794,114.371
34795,114.371
34796,114.371
34797,114.371
34798,114.371
34799,114.371
34800,114.371
34801,114.371
34802,114.371
34803,114.371
34804,114.371
34805,114.371
34806,114.371
34807,114.371
34808,114.371
34809,117.612
34810,117.612
34811,117.612
34812,117.612
34813,117.612
34814,117.612
34815,117.612
34816,117.612
34817,117.612
34818,117.612
34819,117.612
34820,117.612
34821,117.612
34822,117.612
34823,117.612
34824,117.612
34825,117.612
34826,117.612
34827,117.612
34828,115.859
34829,115.859
34830,115.859
34831,115.859
34832,115.859
34833,115.859
34834,115.859
34835,115.859
34836,115.859
34837,115.859
34838,115.859
34839,115.859
34840,115.859
34841,115.859
34842,115.859
34843,115.859
34844,115.859
34845,115.859
34846,115.859
34847,115.859
34848,115.859
34849,114.371
34850,114.371
34851,114.371
34852,114.371
34853,114.371
34854,114.371
34855,114.371
34856,114.371
34857,114.371
34858,114.371
34859,114.371
34860,114.371
34861,114.371
34862,114.371
34863,114.371
34864,114.371
34865,114.371
34866,114.371
34867,114.371
34868,114.371
34869,116.459
34870,116.459
34871,116.459
34872,116.459
34873,116.459
34874,116.459
34875,116.459
34876,116.459
34877,116.459
34878,116.459
34879,116.459
34880,116.459
34881,116.459
34882,116.459
34883,116.459
34884,116.459
34885,116.459
34886,116.459
34887,116.459
34888,116.459
34889,113.771
34890,113.771
34891,113.771
34892,113.771
34893,113.771
34894,113.771
34895,113.771
34896,113.771
34897,113.771
34898,113.771
34899,113.771
34900,113.771
34901,113.771
34902,113.771
34903,113.771
34904,113.771
34905,113.771
34906,113.771
34907,113.771
34908,113.771
34909,118.212
34910,118.212
34911,118.212
34912,118.212
34913,118.212
34914,118.212
34915,118.212
34916,118.212
34917,118.212
34918,118.212
34919,118.212
34920,118.212
34921,118.212
34922,118.212
34923,118.212
34924,118.212
34925,118.212
34926,118.212
34927,118.212
34928,118.212
34929,115.251
34930,115.251
34931,115.251
34932,115.251
34933,115.251
34934,115.251
34935,115.251
34936,115.251
34937,115.251
34938,115.251
34939,115.251
34940,115.251
34941,115.251
34942,115.251
34943,115.251
34944,115.251
34945,115.251
34946,115.251
34947,115.251
34948,115.251
34949,114.706
34950,114.706
34951,114.706
34952,114.706
34953,114.706
34954,114.706
34955,114.706
34956,114.706
34957,114.706
34958,114.706
34959,114.706
34960,114.706
34961,114.706
34962,114.706
34963,114.706
34964,114.706
34965,114.706
34966,114.706
34967,114.706
34968,114.706
34969,116.732
34970,116.732
34971,116.732
34972,116.732
34973,116.732
34974,116.732
34975,116.732
34976,116.732
34977,116.732
34978,116.732
34979,116.732
34980,116.732
34981,116.732
34982,116.732
34983,116.732
34984,116.732
34985,116.732
34986,116.732
34987,116.732
34988,116.732
34989,114.706
34990,114.706
34991,114.706
34992,114.706
34993,114.706
34994,114.706
34995,114.706
34996,114.706
34997,114.706
34998,114.706
34999,114.706
35000,114.706
35001,114.706
35002,114.706
35003,114.706
35004,114.706
35005,114.706
35006,114.706
35007,114.706
35008,114.706
35009,114.706
35010,117.94
35011,117.94
35012,117.94
35013,117.94
35014,117.94
35015,117.94
35016,117.94
35017,117.94
35018,117.94
35019,117.94
35020,117.94
35021,117.94
35022,117.94
35023,117.94
35024,117.94
35025,117.94
35026,117.94
35027,117.94
35028,117.94
35029,115.251
35030,115.251
35031,115.251
35032,115.251
35033,115.251
35034,115.251
35035,115.251
35036,115.251
35037,115.251
35038,115.251
35039,115.251
35040,115.251
35041,115.251
35042,115.251
35043,115.251
35044,115.251
35045,115.251
35046,115.251
35047,115.251
35048,115.251
35049,115.251
35050,116.132
35051,116.132
35052,116.132
35053,116.132
35054,116.132
35055,116.132
35056,116.132
35057,116.132
35058,116.132
35059,116.132
35060,116.132
35061,116.132
35062,116.132
35063,116.132
35064,116.132
35065,116.132
35066,116.132
35067,116.132
35068,116.132
35069,116.132
35070,114.979
35071,114.979
35072,114.979
35073,114.979
35074,114.979
35075,114.979
35076,114.979
35077,114.979
35078,114.979
35079,114.979
35080,114.979
35081,114.979
35082,114.979
35083,114.979
35084,114.979
35085,114.979
35086,114.979
35087,114.979
35088,114.979
35089,114.979
35090,113.226
35091,113.226
35092,113.226
35093,113.226
35094,113.226
35095,113.226
35096,113.226
35097,113.226
35098,113.226
35099,113.226
35100,113.226
35101,113.226
35102,113.226
35103,113.226
35104,113.226
35105,113.226
35106,113.226
35107,113.226
35108,113.226
35109,113.226
35110,115.859
35111,115.859
35112,115.859
35113,115.859
35114,115.859
35115,115.859
35116,115.859
35117,115.859
35118,115.859
35119,115.859
35120,115.859
35121,115.859
35122,115.859
35123,115.859
35124,115.859
35125,115.859
35126,115.859
35127,115.859
35128,115.859
35129,115.859
35130,112.618
35131,112.618
35132,112.618
35133,112.618
35134,112.618
35135,112.618
35136,112.618
35137,112.618
35138,112.618
35139,112.618
35140,112.618
35141,112.618
35142,112.618
35143,112.618
35144,112.618
35145,112.618
35146,112.618
35147,112.618
35148,112.618
35149,112.618
35150,116.732
35151,116.732
35152,116.732
35153,116.732
35154,116.732
35155,116.732
35156,116.732
35157,116.732
35158,116.732
35159,116.732
35160,116.732
35161,116.732
35162,116.732
35163,116.732
35164,116.732
35165,116.732
35166,116.732
35167,116.732
35168,116.732
35169,116.732
35170,115.859
35171,115.859
35172,115.859
35173,115.859
35174,115.859
35175,115.859
35176,115.859
35177,115.859
35178,115.859
35179,115.859
35180,115.859
35181,115.859
35182,115.859
35183,115.859
35184,115.859
35185,115.859
35186,115.859
35187,115.859
35188,115.859
35189,115.859
35190,114.371
35191,114.371
35192,114.371
35193,114.371
35194,114.371
35195,114.371
35196,114.371
35197,114.371
35198,114.371
35199,114.371
35200,114.371
35201,114.371
35202,114.371
35203,114.371
35204,114.371
35205,114.371
35206,114.371
35207,114.371
35208,114.371
35209,114.371
35210,114.371
35211,117.059
35212,117.059
35213,117.059
35214,117.059
35215,117.059
35216,117.059
35217,117.059
35218,117.059
35219,117.059
35220,117.059
35221,117.059
35222,117.059
35223,117.059
35224,117.059
35225,117.059
35226,117.059
35227,117.059
35228,117.059
35229,117.059
35230,117.059
35231,114.098
35232,114.098
35233,114.098
35234,114.098
35235,114.098
35236,114.098
35237,114.098
35238,114.098
35239,114.098
35240,114.098
35241,114.098
35242,114.098
35243,114.098
35244,114.098
35245,114.098
35246,114.098
35247,114.098
35248,114.098
35249,114.098
35250,114.098
35251,118.212
35252,118.212
35253,118.212
35254,118.212
35255,118.212
35256,118.212
35257,118.212
35258,118.212
35259,118.212
35260,118.212
35261,118.212
35262,118.212
35263,118.212
35264,118.212
35265,118.212
35266,118.212
35267,118.212
35268,118.212
35269,118.212
35270,118.212
35271,115.251
35272,115.251
35273,115.251
35274,115.251
35275,115.251
35276,115.251
35277,115.251
35278,115.251
35279,115.251
35280,115.251
35281,115.251
35282,115.251
35283,115.251
35284,115.251
35285,115.251
35286,115.251
35287,115.251
35288,115.251
35289,115.251
35290,115.251
35291,114.706
35292,114.706
35293,114.706
35294,114.706
35295,114.706
35296,114.706
35297,114.706
35298,114.706
35299,114.706
35300,114.706
35301,114.706
35302,114.706
35303,114.706
35304,114.706
35305,114.706
35306,114.706
35307,114.706
35308,114.706
35309,114.706
35310,114.706
35311,116.732
35312,116.732
35313,116.732
35314,116.732
35315,116.732
35316,116.732
35317,116.732
35318,116.732
35319,116.732
35320,116.732
35321,116.732
35322,116.732
35323,116.732
35324,116.732
35325,116.732
35326,116.732
35327,116.732
35328,116.732
35329,116.732
35330,116.732
35331,114.371
35332,114.371
35333,114.371
35334,114.371
35335,114.371
35336,114.371
35337,114.371
35338,114.371
35339,114.371
35340,114.371
35341,114.371
35342,114.371
35343,114.371
35344,114.371
35345,114.371
35346,114.371
35347,114.371
35348,114.371
35349,114.371
35350,114.371
35351,118.212
35352,118.212
35353,118.212
35354,118.212
35355,118.212
35356,118.212
35357,118.212
35358,118.212
35359,118.212
35360,118.212
35361,118.212
35362,118.212
35363,118.212
35364,118.212
35365,118.212
35366,118.212
35367,118.212
35368,118.212
35369,118.212
35370,118.212
35371,114.979
35372,114.979
35373,114.979
35374,114.979
35375,114.979
35376,114.979
35377,114.979
35378,114.979
35379,114.979
35380,114.979
35381,114.979
35382,114.979
35383,114.979
35384,114.979
35385,114.979
35386,114.979
35387,114.979
35388,114.979
35389,114.979
35390,114.979
35391,117.059
35392,117.059
35393,117.059
35394,117.059
35395,117.059
35396,117.059
35397,117.059
35398,117.059
35399,117.059
35400,117.059
35401,117.059
35402,117.059
35403,117.059
35404,117.059
35405,117.059
35406,117.059
35407,117.059
35408,117.059
35409,117.059
35410,117.059
35411,117.059
35412,117.059
35413,116.459
35414,116.459
35415,116.459
35416,116.459
35417,116.459
35418,116.459
35419,116.459
35420,116.459
35421,116.459
35422,116.459
35423,116.459
35424,116.459
35425,116.459
35426,116.459
35427,116.459
35428,116.459
35429,116.459
35430,116.459
35431,116.459
35432,114.371
35433,114.371
35434,114.371
35435,114.371
35436,114.371
35437,114.371
35438,114.371
35439,114.371
35440,114.371
35441,114.371
35442,114.371
35443,114.371
35444,114.371
35445,114.371
35446,114.371
35447,114.371
35448,114.371
35449,114.371
35450,114.371
35451,114.371
35452,118.212
35453,118.212
35454,118.212
35455,118.212
35456,118.212
35457,118.212
35458,118.212
35459,118.212
35460,118.212
35461,118.212
35462,118.212
35463,118.212
35464,118.212
35465,118.212
35466,118.212
35467,118.212
35468,118.212
35469,118.212
35470,118.212
35471,118.212
35472,114.979
35473,114.979
35474,114.979
35475,114.979
35476,114.979
35477,114.979
35478,114.979
35479,114.979
35480,114.979
35481,114.979
35482,114.979
35483,114.979
35484,114.979
35485,114.979
35486,114.979
35487,114.979
35488,114.979
35489,114.979
35490,114.979
35491,114.979
35492,116.732
35493,116.732
35494,116.732
35495,116.732
35496,116.732
35497,116.732
35498,116.732
35499,116.732
35500,116.732
35501,116.732
35502,116.732
35503,116.732
35504,116.732
35505,116.732
35506,116.732
35507,116.732
35508,116.732
35509,116.732
35510,116.732
35511,116.732
35512,116.459
35513,116.459
35514,116.459
35515,116.459
35516,116.459
35517,116.459
35518,116.459
35519,116.459
35520,116.459
35521,116.459
35522,116.459
35523,116.459
35524,116.459
35525,116.459
35526,116.459
35527,116.459
35528,116.459
35529,116.459
35530,116.459
35531,116.459
35532,114.098
35533,114.098
35534,114.098
35535,114.098
35536,114.098
35537,114.098
35538,114.098
35539,114.098
35540,114.098
35541,114.098
35542,114.098
35543,114.098
35544,114.098
35545,114.098
35546,114.098
35547,114.098
35548,114.098
35549,114.098
35550,114.098
35551,114.098
35552,117.34
35553,117.34
35554,117.34
35555,117.34
35556,117.34
35557,117.34
35558,117.34
35559,117.34
35560,117.34
35561,117.34
35562,117.34
35563,117.34
35564,117.34
35565,117.34
35566,117.34
35567,117.34
35568,117.34
35569,117.34
35570,117.34
35571,117.34
35572,114.098
35573,114.098
35574,114.098
35575,114.098
35576,114.098
35577,114.098
35578,114.098
35579,114.098
35580,114.098
35581,114.098
35582,114.098
35583,114.098
35584,114.098
35585,114.098
35586,114.098
35587,114.098
35588,114.098
35589,114.098
35590,114.098
35591,114.098
35592,117.612
35593,117.612
35594,117.612
35595,117.612
35596,117.612
35597,117.612
35598,117.612
35599,117.612
35600,117.612
35601,117.612
35602,117.612
35603,117.612
35604,117.612
35605,117.612
35606,117.612
35607,117.612
35608,117.612
35609,117.612
35610,117.612
35611,117.612
35612,117.612
35613,117.612
35614,115.579
35615,115.579
35616,115.579
35617,115.579
35618,115.579
35619,115.579
35620,115.579
35621,115.579
35622,115.579
35623,115.579
35624,115.579
35625,115.579
35626,115.579
35627,115.579
35628,115.579
35629,115.579
35630,115.579
35631,115.579
35632,115.579
35633,114.371
35634,114.371
35635,114.371
35636,114.371
35637,114.371
35638,114.371
35639,114.371
35640,114.371
35641,114.371
35642,114.371
35643,114.371
35644,114.371
35645,114.371
35646,114.371
35647,114.371
35648,114.371
35649,114.371
35650,114.371
35651,114.371
35652,114.371
35653,116.732
35654,116.732
35655,116.732
35656,116.732
35657,116.732
35658,116.732
35659,116.732
35660,116.732
35661,116.732
35662,116.732
35663,116.732
35664,116.732
35665,116.732
35666,116.732
35667,116.732
35668,116.732
35669,116.732
35670,116.732
35671,116.732
35672,116.732
35673,114.098
35674,114.098
35675,114.098
35676,114.098
35677,114.098
35678,114.098
35679,114.098
35680,114.098
35681,114.098
35682,114.098
35683,114.098
35684,114.098
35685,114.098
35686,114.098
35687,114.098
35688,114.098
35689,114.098
35690,114.098
35691,114.098
35692,114.098
35693,118.485
35694,118.485
35695,118.485
35696,118.485
35697,118.485
35698,118.485
35699,118.485
35700,118.485
35701,118.485
35702,118.485
35703,118.485
35704,118.485
35705,118.485
35706,118.485
35707,118.485
35708,118.485
35709,118.485
35710,118.485
35711,118.485
35712,118.485
35713,115.251
35714,115.251
35715,115.251
35716,115.251
35717,115.251
35718,115.251
35719,115.251
35720,115.251
35721,115.251
35722,115.251
35723,115.251
35724,115.251
35725,115.251
35726,115.251
35727,115.251
35728,115.251
35729,115.251
35730,115.251
35731,115.251
35732,115.251
35733,115.579
35734,115.579
35735,115.579
35736,115.579
35737,115.579
35738,115.579
35739,115.579
35740,115.579
35741,115.579
35742,115.579
35743,115.579
35744,115.579
35745,115.579
35746,115.579
35747,115.579
35748,115.579
35749,115.579
35750,115.579
35751,115.579
35752,115.579
35753,116.459
35754,116.459
35755,116.459
35756,116.459
35757,116.459
35758,116.459
35759,116.459
35760,116.459
35761,116.459
35762,116.459
35763,116.459
35764,116.459
35765,116.459
35766,116.459
35767,116.459
35768,116.459
35769,116.459
35770,116.459
35771,116.459
35772,116.459
35773,114.706
35774,114.706
35775,114.706
35776,114.706
35777,114.706
35778,114.706
35779,114.706
35780,114.706
35781,114.706
35782,114.706
35783,114.706
35784,114.706
35785,114.706
35786,114.706
35787,114.706
35788,114.706
35789,114.706
35790,114.706
35791,114.706
35792,114.706
35793,117.94
35794,117.94
35795,117.94
35796,117.94
35797,117.94
35798,117.94
35799,117.94
35800,117.94
35801,117.94
35802,117.94
35803,117.94
35804,117.94
35805,117.94
35806,117.94
35807,117.94
35808,117.94
35809,117.94
35810,117.94
35811,117.94
35812,117.94
35813,117.94
35814,117.94
35815,115.251
35816,115.251
35817,115.251
35818,115.251
35819,115.251
35820,115.251
35821,115.251
35822,115.251
35823,115.251
35824,115.251
35825,115.251
35826,115.251
35827,115.251
35828,115.251
35829,115.251
35830,115.251
35831,115.251
35832,115.251
35833,115.251
35834,117.612
35835,117.612
35836,117.612
35837,117.612
35838,117.612
35839,117.612
35840,117.612
35841,117.612
35842,117.612
35843,117.612
35844,117.612
35845,117.612
35846,117.612
35847,117.612
35848,117.612
35849,117.612
35850,117.612
35851,117.612
35852,117.612
35853,117.612
35854,116.459
35855,116.459
35856,116.459
35857,116.459
35858,116.459
35859,116.459
35860,116.459
35861,116.459
35862,116.459
35863,116.459
35864,116.459
35865,116.459
35866,116.459
35867,116.459
35868,116.459
35869,116.459
35870,116.459
35871,116.459
35872,116.459
35873,116.459
35874,114.098
35875,114.098
35876,114.098
35877,114.098
35878,114.098
35879,114.098
35880,114.098
35881,114.098
35882,114.098
35883,114.098
35884,114.098
35885,114.098
35886,114.098
35887,114.098
35888,114.098
35889,114.098
35890,114.098
35891,114.098
35892,114.098
35893,114.098
35894,117.34
35895,117.34
35896,117.34
35897,117.34
35898,117.34
35899,117.34
35900,117.34
35901,117.34
35902,117.34
35903,117.34
35904,117.34
35905,117.34
35906,117.34
35907,117.34
35908,117.34
35909,117.34
35910,117.34
35911,117.34
35912,117.34
35913,117.34
35914,114.371
35915,114.371
35916,114.371
35917,114.371
35918,114.371
35919,114.371
35920,114.371
35921,114.371
35922,114.371
35923,114.371
35924,114.371
35925,114.371
35926,114.371
35927,114.371
35928,114.371
35929,114.371
35930,114.371
35931,114.371
35932,114.371
35933,114.371
35934,117.34
35935,117.34
35936,117.34
35937,117.34
35938,117.34
35939,117.34
35940,117.34
35941,117.34
35942,117.34
35943,117.34
35944,117.34
35945,117.34
35946,117.34
35947,117.34
35948,117.34
35949,117.34
35950,117.34
35951,117.34
35952,117.34
35953,117.34
35954,115.859
35955,115.859
35956,115.859
35957,115.859
35958,115.859
35959,115.859
35960,115.859
35961,115.859
35962,115.859
35963,115.859
35964,115.859
35965,115.859
35966,115.859
35967,115.859
35968,115.859
35969,115.859
35970,115.859
35971,115.859
35972,115.859
35973,115.859
35974,114.098
35975,114.098
35976,114.098
35977,114.098
35978,114.098
35979,114.098
35980,114.098
35981,114.098
35982,114.098
35983,114.098
35984,114.098
35985,114.098
35986,114.098
35987,114.098
35988,114.098
35989,114.098
35990,114.098
35991,114.098
35992,114.098
35993,114.098
35994,116.732
35995,116.732
35996,116.732
35997,116.732
35998,116.732
35999,116.732
36000,116.732
36001,116.732
36002,116.732
36003,116.732
36004,116.732
36005,116.732
36006,116.732
36007,116.732
36008,116.732
36009,116.732
36010,116.732
36011,116.732
36012,116.732
36013,116.732
36014,116.732
36015,116.732
36016,113.771
36017,113.771
36018,113.771
36019,113.771
36020,113.771
36021,113.771
36022,113.771
36023,113.771
36024,113.771
36025,113.771
36026,113.771
36027,113.771
36028,113.771
36029,113.771
36030,113.771
36031,113.771
36032,113.771
36033,113.771
36034,113.771
36035,117.94
36036,117.94
36037,117.94
36038,117.94
36039,117.94
36040,117.94
36041,117.94
36042,117.94
36043,117.94
36044,117.94
36045,117.94
36046,117.94
36047,117.94
36048,117.94
36049,117.94
36050,117.94
36051,117.94
36052,117.94
36053,117.94
36054,117.94
36055,114.979
36056,114.979
36057,114.979
36058,114.979
36059,114.979
36060,114.979
36061,114.979
36062,114.979
36063,114.979
36064,114.979
36065,114.979
36066,114.979
36067,114.979
36068,114.979
36069,114.979
36070,114.979
36071,114.979
36072,114.979
36073,114.979
36074,114.979
36075,114.979
36076,114.979
36077,114.979
36078,114.979
36079,114.979
36080,114.979
36081,114.979
36082,114.979
36083,114.979
36084,114.979
36085,114.979
36086,114.979
36087,114.979
36088,114.979
36089,114.979
36090,114.979
36091,114.979
36092,114.979
36093,114.979
36094,114.979
36095,117.059
36096,117.059
36097,117.059
36098,117.059
36099,117.059
36100,117.059
36101,117.059
36102,117.059
36103,117.059
36104,117.059
36105,117.059
36106,117.059
36107,117.059
36108,117.059
36109,117.059
36110,117.059
36111,117.059
36112,117.059
36113,117.059
36114,117.059
36115,114.706
36116,114.706
36117,114.706
36118,114.706
36119,114.706
36120,114.706
36121,114.706
36122,114.706
36123,114.706
36124,114.706
36125,114.706
36126,114.706
36127,114.706
36128,114.706
36129,114.706
36130,114.706
36131,114.706
36132,114.706
36133,114.706
36134,114.706
36135,118.212
36136,118.212
36137,118.212
36138,118.212
36139,118.212
36140,118.212
36141,118.212
36142,118.212
36143,118.212
36144,118.212
36145,118.212
36146,118.212
36147,118.212
36148,118.212
36149,118.212
36150,118.212
36151,118.212
36152,118.212
36153,118.212
36154,118.212
36155,115.251
36156,115.251
36157,115.251
36158,115.251
36159,115.251
36160,115.251
36161,115.251
36162,115.251
36163,115.251
36164,115.251
36165,115.251
36166,115.251
36167,115.251
36168,115.251
36169,115.251
36170,115.251
36171,115.251
36172,115.251
36173,115.251
36174,115.251
36175,117.059
36176,117.059
36177,117.059
36178,117.059
36179,117.059
36180,117.059
36181,117.059
36182,117.059
36183,117.059
36184,117.059
36185,117.059
36186,117.059
36187,117.059
36188,117.059
36189,117.059
36190,117.059
36191,117.059
36192,117.059
36193,117.059
36194,117.059
36195,116.459
36196,116.459
36197,116.459
36198,116.459
36199,116.459
36200,116.459
36201,116.459
36202,116.459
36203,116.459
36204,116.459
36205,116.459
36206,116.459
36207,116.459
36208,116.459
36209,116.459
36210,116.459
36211,116.459
36212,116.459
36213,116.459
36214,116.459
36215,116.459
36216,116.459
36217,114.706
36218,114.706
36219,114.706
36220,114.706
36221,114.706
36222,114.706
36223,114.706
36224,114.706
36225,114.706
36226,114.706
36227,114.706
36228,114.706
36229,114.706
36230,114.706
36231,114.706
36232,114.706
36233,114.706
36234,114.706
36235,114.706
36236,118.212
36237,118.212
36238,118.212
36239,118.212
36240,118.212
36241,118.212
36242,118.212
36243,118.212
36244,118.212
36245,118.212
36246,118.212
36247,118.212
36248,118.212
36249,118.212
36250,118.212
36251,118.212
36252,118.212
36253,118.212
36254,118.212
36255,118.212
36256,114.371
36257,114.371
36258,114.371
36259,114.371
36260,114.371
36261,114.371
36262,114.371
36263,114.371
36264,114.371
36265,114.371
36266,114.371
36267,114.371
36268,114.371
36269,114.371
36270,114.371
36271,114.371
36272,114.371
36273,114.371
36274,114.371
36275,114.371
36276,116.459
36277,116.459
36278,116.459
36279,116.459
36280,116.459
36281,116.459
36282,116.459
36283,116.459
36284,116.459
36285,116.459
36286,116.459
36287,116.459
36288,116.459
36289,116.459
36290,116.459
36291,116.459
36292,116.459
36293,116.459
36294,116.459
36295,116.459
36296,114.706
36297,114.706
36298,114.706
36299,114.706
36300,114.706
36301,114.706
36302,114.706
36303,114.706
36304,114.706
36305,114.706
36306,114.706
36307,114.706
36308,114.706
36309,114.706
36310,114.706
36311,114.706
36312,114.706
36313,114.706
36314,114.706
36315,114.706
36316,112.618
36317,112.618
36318,112.618
36319,112.618
36320,112.618
36321,112.618
36322,112.618
36323,112.618
36324,112.618
36325,112.618
36326,112.618
36327,112.618
36328,112.618
36329,112.618
36330,112.618
36331,112.618
36332,112.618
36333,112.618
36334,112.618
36335,112.618
36336,115.579
36337,115.579
36338,115.579
36339,115.579
36340,115.579
36341,115.579
36342,115.579
36343,115.579
36344,115.579
36345,115.579
36346,115.579
36347,115.579
36348,115.579
36349,115.579
36350,115.579
36351,115.579
36352,115.579
36353,115.579
36354,115.579
36355,115.579
36356,113.226
36357,113.226
36358,113.226
36359,113.226
36360,113.226
36361,113.226
36362,113.226
36363,113.226
36364,113.226
36365,113.226
36366,113.226
36367,113.226
36368,113.226
36369,113.226
36370,113.226
36371,113.226
36372,113.226
36373,113.226
36374,113.226
36375,113.226
36376,116.459
36377,116.459
36378,116.459
36379,116.459
36380,116.459
36381,116.459
36382,116.459
36383,116.459
36384,116.459
36385,116.459
36386,116.459
36387,116.459
36388,116.459
36389,116.459
36390,116.459
36391,116.459
36392,116.459
36393,116.459
36394,116.459
36395,116.459
36396,114.098
36397,114.098
36398,114.098
36399,114.098
36400,114.098
36401,114.098
36402,114.098
36403,114.098
36404,114.098
36405,114.098
36406,114.098
36407,114.098
36408,114.098
36409,114.098
36410,114.098
36411,114.098
36412,114.098
36413,114.098
36414,114.098
36415,114.098
36416,114.098
36417,114.098
36418,113.498
36419,113.498
36420,113.498
36421,113.498
36422,113.498
36423,113.498
36424,113.498
36425,113.498
36426,113.498
36427,113.498
36428,113.498
36429,113.498
36430,113.498
36431,113.498
36432,113.498
36433,113.498
36434,113.498
36435,113.498
36436,113.498
36437,115.251
36438,115.251
36439,115.251
36440,115.251
36441,115.251
36442,115.251
36443,115.251
36444,115.251
36445,115.251
36446,115.251
36447,115.251
36448,115.251
36449,115.251
36450,115.251
36451,115.251
36452,115.251
36453,115.251
36454,115.251
36455,115.251
36456,115.251
36457,113.771
36458,113.771
36459,113.771
36460,113.771
36461,113.771
36462,113.771
36463,113.771
36464,113.771
36465,113.771
36466,113.771
36467,113.771
36468,113.771
36469,113.771
36470,113.771
36471,113.771
36472,113.771
36473,113.771
36474,113.771
36475,113.771
36476,113.771
36477,117.94
36478,117.94
36479,117.94
36480,117.94
36481,117.94
36482,117.94
36483,117.94
36484,117.94
36485,117.94
36486,117.94
36487,117.94
36488,117.94
36489,117.94
36490,117.94
36491,117.94
36492,117.94
36493,117.94
36494,117.94
36495,117.94
36496,117.94
36497,114.979
36498,114.979
36499,114.979
36500,114.979
36501,114.979
36502,114.979
36503,114.979
36504,114.979
36505,114.979
36506,114.979
36507,114.979
36508,114.979
36509,114.979
36510,114.979
36511,114.979
36512,114.979
36513,114.979
36514,114.979
36515,114.979
36516,114.979
36517,116.459
36518,116.459
36519,116.459
36520,116.459
36521,116.459
36522,116.459
36523,116.459
36524,116.459
36525,116.459
36526,116.459
36527,116.459
36528,116.459
36529,116.459
36530,116.459
36531,116.459
36532,116.459
36533,116.459
36534,116.459
36535,116.459
36536,116.459
36537,116.459
36538,116.459
36539,116.459
36540,116.459
36541,116.459
36542,116.459
36543,116.459
36544,116.459
36545,116.459
36546,116.459
36547,116.459
36548,116.459
36549,116.459
36550,116.459
36551,116.459
36552,116.459
36553,116.459
36554,116.459
36555,116.459
36556,116.459
36557,114.979
36558,114.979
36559,114.979
36560,114.979
36561,114.979
36562,114.979
36563,114.979
36564,114.979
36565,114.979
36566,114.979
36567,114.979
36568,114.979
36569,114.979
36570,114.979
36571,114.979
36572,114.979
36573,114.979
36574,114.979
36575,114.979
36576,114.979
36577,117.612
36578,117.612
36579,117.612
36580,117.612
36581,117.612
36582,117.612
36583,117.612
36584,117.612
36585,117.612
36586,117.612
36587,117.612
36588,117.612
36589,117.612
36590,117.612
36591,117.612
36592,117.612
36593,117.612
36594,117.612
36595,117.612
36596,117.612
36597,117.612
36598,114.371
36599,114.371
36600,114.371
36601,114.371
36602,114.371
36603,114.371
36604,114.371
36605,114.371
36606,114.371
36607,114.371
36608,114.371
36609,114.371
36610,114.371
36611,114.371
36612,114.371
36613,114.371
36614,114.371
36615,114.371
36616,114.371
36617,114.371
36618,114.371
36619,117.34
36620,117.34
36621,117.34
36622,117.34
36623,117.34
36624,117.34
36625,117.34
36626,117.34
36627,117.34
36628,117.34
36629,117.34
36630,117.34
36631,117.34
36632,117.34
36633,117.34
36634,117.34
36635,117.34
36636,117.34
36637,117.34
36638,116.132
36639,116.132
36640,116.132
36641,116.132
36642,116.132
36643,116.132
36644,116.132
36645,116.132
36646,116.132
36647,116.132
36648,116.132
36649,116.132
36650,116.132
36651,116.132
36652,116.132
36653,116.132
36654,116.132
36655,116.132
36656,116.132
36657,116.132
36658,113.771
36659,113.771
36660,113.771
36661,113.771
36662,113.771
36663,113.771
36664,113.771
36665,113.771
36666,113.771
36667,113.771
36668,113.771
36669,113.771
36670,113.771
36671,113.771
36672,113.771
36673,113.771
36674,113.771
36675,113.771
36676,113.771
36677,113.771
36678,117.059
36679,117.059
36680,117.059
36681,117.059
36682,117.059
36683,117.059
36684,117.059
36685,117.059
36686,117.059
36687,117.059
36688,117.059
36689,117.059
36690,117.059
36691,117.059
36692,117.059
36693,117.059
36694,117.059
36695,117.059
36696,117.059
36697,117.059
36698,114.371
36699,114.371
36700,114.371
36701,114.371
36702,114.371
36703,114.371
36704,114.371
36705,114.371
36706,114.371
36707,114.371
36708,114.371
36709,114.371
36710,114.371
36711,114.371
36712,114.371
36713,114.371
36714,114.371
36715,114.371
36716,114.371
36717,114.371
36718,118.485
36719,118.485
36720,118.485
36721,118.485
36722,118.485
36723,118.485
36724,118.485
36725,118.485
36726,118.485
36727,118.485
36728,118.485
36729,118.485
36730,118.485
36731,118.485
36732,118.485
36733,118.485
36734,118.485
36735,118.485
36736,118.485
36737,118.485
36738,115.579
36739,115.579
36740,115.579
36741,115.579
36742,115.579
36743,115.579
36744,115.579
36745,115.579
36746,115.579
36747,115.579
36748,115.579
36749,115.579
36750,115.579
36751,115.579
36752,115.579
36753,115.579
36754,115.579
36755,115.579
36756,115.579
36757,115.579
36758,114.371
36759,114.371
36760,114.371
36761,114.371
36762,114.371
36763,114.371
36764,114.371
36765,114.371
36766,114.371
36767,114.371
36768,114.371
36769,114.371
36770,114.371
36771,114.371
36772,114.371
36773,114.371
36774,114.371
36775,114.371
36776,114.371
36777,114.371
36778,117.059
36779,117.059
36780,117.059
36781,117.059
36782,117.059
36783,117.059
36784,117.059
36785,117.059
36786,117.059
36787,117.059
36788,117.059
36789,117.059
36790,117.059
36791,117.059
36792,117.059
36793,117.059
36794,117.059
36795,117.059
36796,117.059
36797,117.059
36798,114.098
36799,114.098
36800,114.098
36801,114.098
36802,114.098
36803,114.098
36804,114.098
36805,114.098
36806,114.098
36807,114.098
36808,114.098
36809,114.098
36810,114.098
36811,114.098
36812,114.098
36813,114.098
36814,114.098
36815,114.098
36816,114.098
36817,114.098
36818,114.098
36819,114.098
36820,118.212
36821,118.212
36822,118.212
36823,118.212
36824,118.212
36825,118.212
36826,118.212
36827,118.212
36828,118.212
36829,118.212
36830,118.212
36831,118.212
36832,118.212
36833,118.212
36834,118.212
36835,118.212
36836,118.212
36837,118.212
36838,118.212
36839,115.579
36840,115.579
36841,115.579
36842,115.579
36843,115.579
36844,115.579
36845,115.579
36846,115.579
36847,115.579
36848,115.579
36849,115.579
36850,115.579
36851,115.579
36852,115.579
36853,115.579
36854,115.579
36855,115.579
36856,115.579
36857,115.579
36858,115.579
36859,116.459
36860,116.459
36861,116.459
36862,116.459
36863,116.459
36864,116.459
36865,116.459
36866,116.459
36867,116.459
36868,116.459
36869,116.459
36870,116.459
36871,116.459
36872,116.459
36873,116.459
36874,116.459
36875,116.459
36876,116.459
36877,116.459
36878,116.459
36879,116.732
36880,116.732
36881,116.732
36882,116.732
36883,116.732
36884,116.732
36885,116.732
36886,116.732
36887,116.732
36888,116.732
36889,116.732
36890,116.732
36891,116.732
36892,116.732
36893,116.732
36894,116.732
36895,116.732
36896,116.732
36897,116.732
36898,116.732
36899,114.706
36900,114.706
36901,114.706
36902,114.706
36903,114.706
36904,114.706
36905,114.706
36906,114.706
36907,114.706
36908,114.706
36909,114.706
36910,114.706
36911,114.706
36912,114.706
36913,114.706
36914,114.706
36915,114.706
36916,114.706
36917,114.706
36918,114.706
36919,118.212
36920,118.212
36921,118.212
36922,118.212
36923,118.212
36924,118.212
36925,118.212
36926,118.212
36927,118.212
36928,118.212
36929,118.212
36930,118.212
36931,118.212
36932,118.212
36933,118.212
36934,118.212
36935,118.212
36936,118.212
36937,118.212
36938,118.212
36939,115.251
36940,115.251
36941,115.251
36942,115.251
36943,115.251
36944,115.251
36945,115.251
36946,115.251
36947,115.251
36948,115.251
36949,115.251
36950,115.251
36951,115.251
36952,115.251
36953,115.251
36954,115.251
36955,115.251
36956,115.251
36957,115.251
36958,115.251
36959,116.732
36960,116.732
36961,116.732
36962,116.732
36963,116.732
36964,116.732
36965,116.732
36966,116.732
36967,116.732
36968,116.732
36969,116.732
36970,116.732
36971,116.732
36972,116.732
36973,116.732
36974,116.732
36975,116.732
36976,116.732
36977,116.732
36978,116.732
36979,116.459
36980,116.459
36981,116.459
36982,116.459
36983,116.459
36984,116.459
36985,116.459
36986,116.459
36987,116.459
36988,116.459
36989,116.459
36990,116.459
36991,116.459
36992,116.459
36993,116.459
36994,116.459
36995,116.459
36996,116.459
36997,116.459
36998,116.459
36999,114.098
37000,114.098
37001,114.098
37002,114.098
37003,114.098
37004,114.098
37005,114.098
37006,114.098
37007,114.098
37008,114.098
37009,114.098
37010,114.098
37011,114.098
37012,114.098
37013,114.098
37014,114.098
37015,114.098
37016,114.098
37017,114.098
37018,114.098
37019,114.098
37020,117.34
37021,117.34
37022,117.34
37023,117.34
37024,117.34
37025,117.34
37026,117.34
37027,117.34
37028,117.34
37029,117.34
37030,117.34
37031,117.34
37032,117.34
37033,117.34
37034,117.34
37035,117.34
37036,117.34
37037,117.34
37038,117.34
37039,117.34
37040,114.098
37041,114.098
37042,114.098
37043,114.098
37044,114.098
37045,114.098
37046,114.098
37047,114.098
37048,114.098
37049,114.098
37050,114.098
37051,114.098
37052,114.098
37053,114.098
37054,114.098
37055,114.098
37056,114.098
37057,114.098
37058,114.098
37059,114.098
37060,117.94
37061,117.94
37062,117.94
37063,117.94
37064,117.94
37065,117.94
37066,117.94
37067,117.94
37068,117.94
37069,117.94
37070,117.94
37071,117.94
37072,117.94
37073,117.94
37074,117.94
37075,117.94
37076,117.94
37077,117.94
37078,117.94
37079,117.94
37080,115.859
37081,115.859
37082,115.859
37083,115.859
37084,115.859
37085,115.859
37086,115.859
37087,115.859
37088,115.859
37089,115.859
37090,115.859
37091,115.859
37092,115.859
37093,115.859
37094,115.859
37095,115.859
37096,115.859
37097,115.859
37098,115.859
37099,115.859
37100,114.098
37101,114.098
37102,114.098
37103,114.098
37104,114.098
37105,114.098
37106,114.098
37107,114.098
37108,114.098
37109,114.098
37110,114.098
37111,114.098
37112,114.098
37113,114.098
37114,114.098
37115,114.098
37116,114.098
37117,114.098
37118,114.098
37119,114.098
37120,116.732
37121,116.732
37122,116.732
37123,116.732
37124,116.732
37125,116.732
37126,116.732
37127,116.732
37128,116.732
37129,116.732
37130,116.732
37131,116.732
37132,116.732
37133,116.732
37134,116.732
37135,116.732
37136,116.732
37137,116.732
37138,116.732
37139,116.732
37140,116.732
37141,114.098
37142,114.098
37143,114.098
37144,114.098
37145,114.098
37146,114.098
37147,114.098
37148,114.098
37149,114.098
37150,114.098
37151,114.098
37152,114.098
37153,114.098
37154,114.098
37155,114.098
37156,114.098
37157,114.098
37158,114.098
37159,114.098
37160,118.485
37161,118.485
37162,118.485
37163,118.485
37164,118.485
37165,118.485
37166,118.485
37167,118.485
37168,118.485
37169,118.485
37170,118.485
37171,118.485
37172,118.485
37173,118.485
37174,118.485
37175,118.485
37176,118.485
37177,118.485
37178,118.485
37179,118.485
37180,115.251
37181,115.251
37182,115.251
37183,115.251
37184,115.251
37185,115.251
37186,115.251
37187,115.251
37188,115.251
37189,115.251
37190,115.251
37191,115.251
37192,115.251
37193,115.251
37194,115.251
37195,115.251
37196,115.251
37197,115.251
37198,115.251
37199,115.251
37200,115.251
37201,115.251
37202,115.251
37203,115.251
37204,115.251
37205,115.251
37206,115.251
37207,115.251
37208,115.251
37209,115.251
37210,115.251
37211,115.251
37212,115.251
37213,115.251
37214,115.251
37215,115.251
37216,115.251
37217,115.251
37218,115.251
37219,115.251
37220,115.251
37221,117.059
37222,117.059
37223,117.059
37224,117.059
37225,117.059
37226,117.059
37227,117.059
37228,117.059
37229,117.059
37230,117.059
37231,117.059
37232,117.059
37233,117.059
37234,117.059
37235,117.059
37236,117.059
37237,117.059
37238,117.059
37239,117.059
37240,117.059
37241,114.371
37242,114.371
37243,114.371
37244,114.371
37245,114.371
37246,114.371
37247,114.371
37248,114.371
37249,114.371
37250,114.371
37251,114.371
37252,114.371
37253,114.371
37254,114.371
37255,114.371
37256,114.371
37257,114.371
37258,114.371
37259,114.371
37260,114.371
37261,117.059
37262,117.059
37263,117.059
37264,117.059
37265,117.059
37266,117.059
37267,117.059
37268,117.059
37269,117.059
37270,117.059
37271,117.059
37272,117.059
37273,117.059
37274,117.059
37275,117.059
37276,117.059
37277,117.059
37278,117.059
37279,117.059
37280,117.059
37281,113.771
37282,113.771
37283,113.771
37284,113.771
37285,113.771
37286,113.771
37287,113.771
37288,113.771
37289,113.771
37290,113.771
37291,113.771
37292,113.771
37293,113.771
37294,113.771
37295,113.771
37296,113.771
37297,113.771
37298,113.771
37299,113.771
37300,113.771
37301,115.859
37302,115.859
37303,115.859
37304,115.859
37305,115.859
37306,115.859
37307,115.859
37308,115.859
37309,115.859
37310,115.859
37311,115.859
37312,115.859
37313,115.859
37314,115.859
37315,115.859
37316,115.859
37317,115.859
37318,115.859
37319,115.859
37320,115.859
37321,115.251
37322,115.251
37323,115.251
37324,115.251
37325,115.251
37326,115.251
37327,115.251
37328,115.251
37329,115.251
37330,115.251
37331,115.251
37332,115.251
37333,115.251
37334,115.251
37335,115.251
37336,115.251
37337,115.251
37338,115.251
37339,115.251
37340,115.251
37341,112.618
37342,112.618
37343,112.618
37344,112.618
37345,112.618
37346,112.618
37347,112.618
37348,112.618
37349,112.618
37350,112.618
37351,112.618
37352,112.618
37353,112.618
37354,112.618
37355,112.618
37356,112.618
37357,112.618
37358,112.618
37359,112.618
37360,112.618
37361,112.618
37362,117.059
37363,117.059
37364,117.059
37365,117.059
37366,117.059
37367,117.059
37368,117.059
37369,117.059
37370,117.059
37371,117.059
37372,117.059
37373,117.059
37374,117.059
37375,117.059
37376,117.059
37377,117.059
37378,117.059
37379,117.059
37380,117.059
37381,117.059
37382,114.371
37383,114.371
37384,114.371
37385,114.371
37386,114.371
37387,114.371
37388,114.371
37389,114.371
37390,114.371
37391,114.371
37392,114.371
37393,114.371
37394,114.371
37395,114.371
37396,114.371
37397,114.371
37398,114.371
37399,114.371
37400,114.371
37401,114.371
37402,118.212
37403,118.212
37404,118.212
37405,118.212
37406,118.212
37407,118.212
37408,118.212
37409,118.212
37410,118.212
37411,118.212
37412,118.212
37413,118.212
37414,118.212
37415,118.212
37416,118.212
37417,118.212
37418,118.212
37419,118.212
37420,118.212
37421,118.212
37422,116.132
37423,116.132
37424,116.132
37425,116.132
37426,116.132
37427,116.132
37428,116.132
37429,116.132
37430,116.132
37431,116.132
37432,116.132
37433,116.132
37434,116.132
37435,116.132
37436,116.132
37437,116.132
37438,116.132
37439,116.132
37440,116.132
37441,116.132
37442,114.098
37443,114.098
37444,114.098
37445,114.098
37446,114.098
37447,114.098
37448,114.098
37449,114.098
37450,114.098
37451,114.098
37452,114.098
37453,114.098
37454,114.098
37455,114.098
37456,114.098
37457,114.098
37458,114.098
37459,114.098
37460,114.098
37461,114.098
37462,116.732
37463,116.732
37464,116.732
37465,116.732
37466,116.732
37467,116.732
37468,116.732
37469,116.732
37470,116.732
37471,116.732
37472,116.732
37473,116.732
37474,116.732
37475,116.732
37476,116.732
37477,116.732
37478,116.732
37479,116.732
37480,116.732
37481,116.732
37482,114.488
37483,114.488
37484,114.488
37485,114.488
37486,114.488
37487,114.488
37488,114.488
37489,114.488
37490,114.488
37491,114.488
37492,114.488
37493,114.488
37494,114.488
37495,114.488
37496,114.488
37497,114.488
37498,114.488
37499,114.488
37500,114.488
37501,114.488
37502,117.94
37503,117.94
37504,117.94
37505,117.94
37506,117.94
37507,117.94
37508,117.94
37509,117.94
37510,117.94
37511,117.94
37512,117.94
37513,117.94
37514,117.94
37515,117.94
37516,117.94
37517,117.94
37518,117.94
37519,117.94
37520,117.94
37521,117.94
37522,114.979
37523,114.979
37524,114.979
37525,114.979
37526,114.979
37527,114.979
37528,114.979
37529,114.979
37530,114.979
37531,114.979
37532,114.979
37533,114.979
37534,114.979
37535,114.979
37536,114.979
37537,114.979
37538,114.979
37539,114.979
37540,114.979
37541,114.979
37542,114.706
37543,114.706
37544,114.706
37545,114.706
37546,114.706
37547,114.706
37548,114.706
37549,114.706
37550,114.706
37551,114.706
37552,114.706
37553,114.706
37554,114.706
37555,114.706
37556,114.706
37557,114.706
37558,114.706
37559,114.706
37560,114.706
37561,114.706
37562,114.706
37563,116.852
37564,116.852
37565,116.852
37566,116.852
37567,116.852
37568,116.852
37569,116.852
37570,116.852
37571,116.852
37572,116.852
37573,116.852
37574,116.852
37575,116.852
37576,116.852
37577,116.852
37578,116.852
37579,116.852
37580,116.852
37581,116.852
37582,116.852
37583,114.371
37584,114.371
37585,114.371
37586,114.371
37587,114.371
37588,114.371
37589,114.371
37590,114.371
37591,114.371
37592,114.371
37593,114.371
37594,114.371
37595,114.371
37596,114.371
37597,114.371
37598,114.371
37599,114.371
37600,114.371
37601,114.371
37602,114.371
37603,118.212
37604,118.212
37605,118.212
37606,118.212
37607,118.212
37608,118.212
37609,118.212
37610,118.212
37611,118.212
37612,118.212
37613,118.212
37614,118.212
37615,118.212
37616,118.212
37617,118.212
37618,118.212
37619,118.212
37620,118.212
37621,118.212
37622,118.212
37623,118.212
37624,114.979
37625,114.979
37626,114.979
37627,114.979
37628,114.979
37629,114.979
37630,114.979
37631,114.979
37632,114.979
37633,114.979
37634,114.979
37635,114.979
37636,114.979
37637,114.979
37638,114.979
37639,114.979
37640,114.979
37641,114.979
37642,114.979
37643,116.459
37644,116.459
37645,116.459
37646,116.459
37647,116.459
37648,116.459
37649,116.459
37650,116.459
37651,116.459
37652,116.459
37653,116.459
37654,116.459
37655,116.459
37656,116.459
37657,116.459
37658,116.459
37659,116.459
37660,116.459
37661,116.459
37662,116.459
37663,116.459
37664,116.459
37665,116.459
37666,116.459
37667,116.459
37668,116.459
37669,116.459
37670,116.459
37671,116.459
37672,116.459
37673,116.459
37674,116.459
37675,116.459
37676,116.459
37677,116.459
37678,116.459
37679,116.459
37680,116.459
37681,116.459
37682,116.459
37683,114.979
37684,114.979
37685,114.979
37686,114.979
37687,114.979
37688,114.979
37689,114.979
37690,114.979
37691,114.979
37692,114.979
37693,114.979
37694,114.979
37695,114.979
37696,114.979
37697,114.979
37698,114.979
37699,114.979
37700,114.979
37701,114.979
37702,114.979
37703,117.94
37704,117.94
37705,117.94
37706,117.94
37707,117.94
37708,117.94
37709,117.94
37710,117.94
37711,117.94
37712,117.94
37713,117.94
37714,117.94
37715,117.94
37716,117.94
37717,117.94
37718,117.94
37719,117.94
37720,117.94
37721,117.94
37722,117.94
37723,114.706
37724,114.706
37725,114.706
37726,114.706
37727,114.706
37728,114.706
37729,114.706
37730,114.706
37731,114.706
37732,114.706
37733,114.706
37734,114.706
37735,114.706
37736,114.706
37737,114.706
37738,114.706
37739,114.706
37740,114.706
37741,114.706
37742,114.706
37743,118.212
37744,118.212
37745,118.212
37746,118.212
37747,118.212
37748,118.212
37749,118.212
37750,118.212
37751,118.212
37752,118.212
37753,118.212
37754,118.212
37755,118.212
37756,118.212
37757,118.212
37758,118.212
37759,118.212
37760,118.212
37761,118.212
37762,118.212
37763,118.212
37764,116.132
37765,116.132
37766,116.132
37767,116.132
37768,116.132
37769,116.132
37770,116.132
37771,116.132
37772,116.132
37773,116.132
37774,116.132
37775,116.132
37776,116.132
37777,116.132
37778,116.132
37779,116.132
37780,116.132
37781,116.132
37782,116.132
37783,116.132
37784,113.771
37785,113.771
37786,113.771
37787,113.771
37788,113.771
37789,113.771
37790,113.771
37791,113.771
37792,113.771
37793,113.771
37794,113.771
37795,113.771
37796,113.771
37797,113.771
37798,113.771
37799,113.771
37800,113.771
37801,113.771
37802,113.771
37803,113.771
37804,117.059
37805,117.059
37806,117.059
37807,117.059
37808,117.059
37809,117.059
37810,117.059
37811,117.059
37812,117.059
37813,117.059
37814,117.059
37815,117.059
37816,117.059
37817,117.059
37818,117.059
37819,117.059
37820,117.059
37821,117.059
37822,117.059
37823,117.059
37824,117.059
37825,114.706
37826,114.706
37827,114.706
37828,114.706
37829,114.706
37830,114.706
37831,114.706
37832,114.706
37833,114.706
37834,114.706
37835,114.706
37836,114.706
37837,114.706
37838,114.706
37839,114.706
37840,114.706
37841,114.706
37842,114.706
37843,114.706
37844,117.94
37845,117.94
37846,117.94
37847,117.94
37848,117.94
37849,117.94
37850,117.94
37851,117.94
37852,117.94
37853,117.94
37854,117.94
37855,117.94
37856,117.94
37857,117.94
37858,117.94
37859,117.94
37860,117.94
37861,117.94
37862,117.94
37863,117.94
37864,115.579
37865,115.579
37866,115.579
37867,115.579
37868,115.579
37869,115.579
37870,115.579
37871,115.579
37872,115.579
37873,115.579
37874,115.579
37875,115.579
37876,115.579
37877,115.579
37878,115.579
37879,115.579
37880,115.579
37881,115.579
37882,115.579
37883,115.579
37884,114.706
37885,114.706
37886,114.706
37887,114.706
37888,114.706
37889,114.706
37890,114.706
37891,114.706
37892,114.706
37893,114.706
37894,114.706
37895,114.706
37896,114.706
37897,114.706
37898,114.706
37899,114.706
37900,114.706
37901,114.706
37902,114.706
37903,114.706
37904,117.059
37905,117.059
37906,117.059
37907,117.059
37908,117.059
37909,117.059
37910,117.059
37911,117.059
37912,117.059
37913,117.059
37914,117.059
37915,117.059
37916,117.059
37917,117.059
37918,117.059
37919,117.059
37920,117.059
37921,117.059
37922,117.059
37923,117.059
37924,114.098
37925,114.098
37926,114.098
37927,114.098
37928,114.098
37929,114.098
37930,114.098
37931,114.098
37932,114.098
37933,114.098
37934,114.098
37935,114.098
37936,114.098
37937,114.098
37938,114.098
37939,114.098
37940,114.098
37941,114.098
37942,114.098
37943,114.098
37944,118.485
37945,118.485
37946,118.485
37947,118.485
37948,118.485
37949,118.485
37950,118.485
37951,118.485
37952,118.485
37953,118.485
37954,118.485
37955,118.485
37956,118.485
37957,118.485
37958,118.485
37959,118.485
37960,118.485
37961,118.485
37962,118.485
37963,118.485
37964,115.251
37965,115.251
37966,115.251
37967,115.251
37968,115.251
37969,115.251
37970,115.251
37971,115.251
37972,115.251
37973,115.251
37974,115.251
37975,115.251
37976,115.251
37977,115.251
37978,115.251
37979,115.251
37980,115.251
37981,115.251
37982,115.251
37983,115.251
37984,115.251
37985,116.132
37986,116.132
37987,116.132
37988,116.132
37989,116.132
37990,116.132
37991,116.132
37992,116.132
37993,116.132
37994,116.132
37995,116.132
37996,116.132
37997,116.132
37998,116.132
37999,116.132
38000,116.132
38001,116.132
38002,116.132
38003,116.132
38004,116.132
38005,116.732
38006,116.732
38007,116.732
38008,116.732
38009,116.732
38010,116.732
38011,116.732
38012,116.732
38013,116.732
38014,116.732
38015,116.732
38016,116.732
38017,116.732
38018,116.732
38019,116.732
38020,116.732
38021,116.732
38022,116.732
38023,116.732
38024,116.732
38025,116.732
38026,114.979
38027,114.979
38028,114.979
38029,114.979
38030,114.979
38031,114.979
38032,114.979
38033,114.979
38034,114.979
38035,114.979
38036,114.979
38037,114.979
38038,114.979
38039,114.979
38040,114.979
38041,114.979
38042,114.979
38043,114.979
38044,114.979
38045,117.94
38046,117.94
38047,117.94
38048,117.94
38049,117.94
38050,117.94
38051,117.94
38052,117.94
38053,117.94
38054,117.94
38055,117.94
38056,117.94
38057,117.94
38058,117.94
38059,117.94
38060,117.94
38061,117.94
38062,117.94
38063,117.94
38064,117.94
38065,114.371
38066,114.371
38067,114.371
38068,114.371
38069,114.371
38070,114.371
38071,114.371
38072,114.371
38073,114.371
38074,114.371
38075,114.371
38076,114.371
38077,114.371
38078,114.371
38079,114.371
38080,114.371
38081,114.371
38082,114.371
38083,114.371
38084,114.371
38085,115.251
38086,115.251
38087,115.251
38088,115.251
38089,115.251
38090,115.251
38091,115.251
38092,115.251
38093,115.251
38094,115.251
38095,115.251
38096,115.251
38097,115.251
38098,115.251
38099,115.251
38100,115.251
38101,115.251
38102,115.251
38103,115.251
38104,115.251
38105,114.979
38106,114.979
38107,114.979
38108,114.979
38109,114.979
38110,114.979
38111,114.979
38112,114.979
38113,114.979
38114,114.979
38115,114.979
38116,114.979
38117,114.979
38118,114.979
38119,114.979
38120,114.979
38121,114.979
38122,114.979
38123,114.979
38124,114.979
38125,112.618
38126,112.618
38127,112.618
38128,112.618
38129,112.618
38130,112.618
38131,112.618
38132,112.618
38133,112.618
38134,112.618
38135,112.618
38136,112.618
38137,112.618
38138,112.618
38139,112.618
38140,112.618
38141,112.618
38142,112.618
38143,112.618
38144,112.618
38145,115.579
38146,115.579
38147,115.579
38148,115.579
38149,115.579
38150,115.579
38151,115.579
38152,115.579
38153,115.579
38154,115.579
38155,115.579
38156,115.579
38157,115.579
38158,115.579
38159,115.579
38160,115.579
38161,115.579
38162,115.579
38163,115.579
38164,115.579
38165,115.579
38166,113.771
38167,113.771
38168,113.771
38169,113.771
38170,113.771
38171,113.771
38172,113.771
38173,113.771
38174,113.771
38175,113.771
38176,113.771
38177,113.771
38178,113.771
38179,113.771
38180,113.771
38181,113.771
38182,113.771
38183,113.771
38184,113.771
38185,113.771
38186,117.94
38187,117.94
38188,117.94
38189,117.94
38190,117.94
38191,117.94
38192,117.94
38193,117.94
38194,117.94
38195,117.94
38196,117.94
38197,117.94
38198,117.94
38199,117.94
38200,117.94
38201,117.94
38202,117.94
38203,117.94
38204,117.94
38205,117.94
38206,115.579
38207,115.579
38208,115.579
38209,115.579
38210,115.579
38211,115.579
38212,115.579
38213,115.579
38214,115.579
38215,115.579
38216,115.579
38217,115.579
38218,115.579
38219,115.579
38220,115.579
38221,115.579
38222,115.579
38223,115.579
38224,115.579
38225,115.579
38226,115.579
38227,114.706
38228,114.706
38229,114.706
38230,114.706
38231,114.706
38232,114.706
38233,114.706
38234,114.706
38235,114.706
38236,114.706
38237,114.706
38238,114.706
38239,114.706
38240,114.706
38241,114.706
38242,114.706
38243,114.706
38244,114.706
38245,114.706
38246,117.059
38247,117.059
38248,117.059
38249,117.059
38250,117.059
38251,117.059
38252,117.059
38253,117.059
38254,117.059
38255,117.059
38256,117.059
38257,117.059
38258,117.059
38259,117.059
38260,117.059
38261,117.059
38262,117.059
38263,117.059
38264,117.059
38265,117.059
38266,113.771
38267,113.771
38268,113.771
38269,113.771
38270,113.771
38271,113.771
38272,113.771
38273,113.771
38274,113.771
38275,113.771
38276,113.771
38277,113.771
38278,113.771
38279,113.771
38280,113.771
38281,113.771
38282,113.771
38283,113.771
38284,113.771
38285,113.771
38286,118.212
38287,118.212
38288,118.212
38289,118.212
38290,118.212
38291,118.212
38292,118.212
38293,118.212
38294,118.212
38295,118.212
38296,118.212
38297,118.212
38298,118.212
38299,118.212
38300,118.212
38301,118.212
38302,118.212
38303,118.212
38304,118.212
38305,118.212
38306,115.251
38307,115.251
38308,115.251
38309,115.251
38310,115.251
38311,115.251
38312,115.251
38313,115.251
38314,115.251
38315,115.251
38316,115.251
38317,115.251
38318,115.251
38319,115.251
38320,115.251
38321,115.251
38322,115.251
38323,115.251
38324,115.251
38325,115.251
38326,115.859
38327,115.859
38328,115.859
38329,115.859
38330,115.859
38331,115.859
38332,115.859
38333,115.859
38334,115.859
38335,115.859
38336,115.859
38337,115.859
38338,115.859
38339,115.859
38340,115.859
38341,115.859
38342,115.859
38343,115.859
38344,115.859
38345,115.859
38346,117.059
38347,117.059
38348,117.059
38349,117.059
38350,117.059
38351,117.059
38352,117.059
38353,117.059
38354,117.059
38355,117.059
38356,117.059
38357,117.059
38358,117.059
38359,117.059
38360,117.059
38361,117.059
38362,117.059
38363,117.059
38364,117.059
38365,117.059
38366,114.979
38367,114.979
38368,114.979
38369,114.979
38370,114.979
38371,114.979
38372,114.979
38373,114.979
38374,114.979
38375,114.979
38376,114.979
38377,114.979
38378,114.979
38379,114.979
38380,114.979
38381,114.979
38382,114.979
38383,114.979
38384,114.979
38385,114.979
38386,114.979
38387,117.94
38388,117.94
38389,117.94
38390,117.94
38391,117.94
38392,117.94
38393,117.94
38394,117.94
38395,117.94
38396,117.94
38397,117.94
38398,117.94
38399,117.94
38400,117.94
38401,117.94
38402,117.94
38403,117.94
38404,117.94
38405,117.94
38406,117.94
38407,115.579
38408,115.579
38409,115.579
38410,115.579
38411,115.579
38412,115.579
38413,115.579
38414,115.579
38415,115.579
38416,115.579
38417,115.579
38418,115.579
38419,115.579
38420,115.579
38421,115.579
38422,115.579
38423,115.579
38424,115.579
38425,115.579
38426,115.579
38427,117.612
38428,117.612
38429,117.612
38430,117.612
38431,117.612
38432,117.612
38433,117.612
38434,117.612
38435,117.612
38436,117.612
38437,117.612
38438,117.612
38439,117.612
38440,117.612
38441,117.612
38442,117.612
38443,117.612
38444,117.612
38445,117.612
38446,117.612
38447,116.732
38448,116.732
38449,116.732
38450,116.732
38451,116.732
38452,116.732
38453,116.732
38454,116.732
38455,116.732
38456,116.732
38457,116.732
38458,116.732
38459,116.732
38460,116.732
38461,116.732
38462,116.732
38463,116.732
38464,116.732
38465,116.732
38466,116.732
38467,114.098
38468,114.098
38469,114.098
38470,114.098
38471,114.098
38472,114.098
38473,114.098
38474,114.098
38475,114.098
38476,114.098
38477,114.098
38478,114.098
38479,114.098
38480,114.098
38481,114.098
38482,114.098
38483,114.098
38484,114.098
38485,114.098
38486,114.098
38487,117.612
38488,117.612
38489,117.612
38490,117.612
38491,117.612
38492,117.612
38493,117.612
38494,117.612
38495,117.612
38496,117.612
38497,117.612
38498,117.612
38499,117.612
38500,117.612
38501,117.612
38502,117.612
38503,117.612
38504,117.612
38505,117.612
38506,117.612
38507,114.371
38508,114.371
38509,114.371
38510,114.371
38511,114.371
38512,114.371
38513,114.371
38514,114.371
38515,114.371
38516,114.371
38517,114.371
38518,114.371
38519,114.371
38520,114.371
38521,114.371
38522,114.371
38523,114.371
38524,114.371
38525,114.371
38526,114.371
38527,117.34
38528,117.34
38529,117.34
38530,117.34
38531,117.34
38532,117.34
38533,117.34
38534,117.34
38535,117.34
38536,117.34
38537,117.34
38538,117.34
38539,117.34
38540,117.34
38541,117.34
38542,117.34
38543,117.34
38544,117.34
38545,117.34
38546,117.34
38547,115.859
38548,115.859
38549,115.859
38550,115.859
38551,115.859
38552,115.859
38553,115.859
38554,115.859
38555,115.859
38556,115.859
38557,115.859
38558,115.859
38559,115.859
38560,115.859
38561,115.859
38562,115.859
38563,115.859
38564,115.859
38565,115.859
38566,115.859
38567,114.215
38568,114.215
38569,114.215
38570,114.215
38571,114.215
38572,114.215
38573,114.215
38574,114.215
38575,114.215
38576,114.215
38577,114.215
38578,114.215
38579,114.215
38580,114.215
38581,114.215
38582,114.215
38583,114.215
38584,114.215
38585,114.215
38586,114.215
38587,117.059
38588,117.059
38589,117.059
38590,117.059
38591,117.059
38592,117.059
38593,117.059
38594,117.059
38595,117.059
38596,117.059
38597,117.059
38598,117.059
38599,117.059
38600,117.059
38601,117.059
38602,117.059
38603,117.059
38604,117.059
38605,117.059
38606,117.059
38607,114.371
38608,114.371
38609,114.371
38610,114.371
38611,114.371
38612,114.371
38613,114.371
38614,114.371
38615,114.371
38616,114.371
38617,114.371
38618,114.371
38619,114.371
38620,114.371
38621,114.371
38622,114.371
38623,114.371
38624,114.371
38625,114.371
38626,114.371
38627,114.371
38628,118.485
38629,118.485
38630,118.485
38631,118.485
38632,118.485
38633,118.485
38634,118.485
38635,118.485
38636,118.485
38637,118.485
38638,118.485
38639,118.485
38640,118.485
38641,118.485
38642,118.485
38643,118.485
38644,118.485
38645,118.485
38646,118.485
38647,118.485
38648,115.579
38649,115.579
38650,115.579
38651,115.579
38652,115.579
38653,115.579
38654,115.579
38655,115.579
38656,115.579
38657,115.579
38658,115.579
38659,115.579
38660,115.579
38661,115.579
38662,115.579
38663,115.579
38664,115.579
38665,115.579
38666,115.579
38667,115.579
38668,115.097
38669,115.097
38670,115.097
38671,115.097
38672,115.097
38673,115.097
38674,115.097
38675,115.097
38676,115.097
38677,115.097
38678,115.097
38679,115.097
38680,115.097
38681,115.097
38682,115.097
38683,115.097
38684,115.097
38685,115.097
38686,115.097
38687,115.097
38688,117.059
38689,117.059
38690,117.059
38691,117.059
38692,117.059
38693,117.059
38694,117.059
38695,117.059
38696,117.059
38697,117.059
38698,117.059
38699,117.059
38700,117.059
38701,117.059
38702,117.059
38703,117.059
38704,117.059
38705,117.059
38706,117.059
38707,117.059
38708,114.098
38709,114.098
38710,114.098
38711,114.098
38712,114.098
38713,114.098
38714,114.098
38715,114.098
38716,114.098
38717,114.098
38718,114.098
38719,114.098
38720,114.098
38721,114.098
38722,114.098
38723,114.098
38724,114.098
38725,114.098
38726,114.098
38727,114.098
38728,118.485
38729,118.485
38730,118.485
38731,118.485
38732,118.485
38733,118.485
38734,118.485
38735,118.485
38736,118.485
38737,118.485
38738,118.485
38739,118.485
38740,118.485
38741,118.485
38742,118.485
38743,118.485
38744,118.485
38745,118.485
38746,118.485
38747,118.485
38748,114.979
38749,114.979
38750,114.979
38751,114.979
38752,114.979
38753,114.979
38754,114.979
38755,114.979
38756,114.979
38757,114.979
38758,114.979
38759,114.979
38760,114.979
38761,114.979
38762,114.979
38763,114.979
38764,114.979
38765,114.979
38766,114.979
38767,114.979
38768,116.132
38769,116.132
38770,116.132
38771,116.132
38772,116.132
38773,116.132
38774,116.132
38775,116.132
38776,116.132
38777,116.132
38778,116.132
38779,116.132
38780,116.132
38781,116.132
38782,116.132
38783,116.132
38784,116.132
38785,116.132
38786,116.132
38787,116.132
38788,116.732
38789,116.732
38790,116.732
38791,116.732
38792,116.732
38793,116.732
38794,116.732
38795,116.732
38796,116.732
38797,116.732
38798,116.732
38799,116.732
38800,116.732
38801,116.732
38802,116.732
38803,116.732
38804,116.732
38805,116.732
38806,116.732
38807,116.732
38808,115.097
38809,115.097
38810,115.097
38811,115.097
38812,115.097
38813,115.097
38814,115.097
38815,115.097
38816,115.097
38817,115.097
38818,115.097
38819,115.097
38820,115.097
38821,115.097
38822,115.097
38823,115.097
38824,115.097
38825,115.097
38826,115.097
38827,115.097
38828,115.097
38829,117.612
38830,117.612
38831,117.612
38832,117.612
38833,117.612
38834,117.612
38835,117.612
38836,117.612
38837,117.612
38838,117.612
38839,117.612
38840,117.612
38841,117.612
38842,117.612
38843,117.612
38844,117.612
38845,117.612
38846,117.612
38847,117.612
38848,117.612
38849,115.251
38850,115.251
38851,115.251
38852,115.251
38853,115.251
38854,115.251
38855,115.251
38856,115.251
38857,115.251
38858,115.251
38859,115.251
38860,115.251
38861,115.251
38862,115.251
38863,115.251
38864,115.251
38865,115.251
38866,115.251
38867,115.251
38868,115.251
38869,117.612
38870,117.612
38871,117.612
38872,117.612
38873,117.612
38874,117.612
38875,117.612
38876,117.612
38877,117.612
38878,117.612
38879,117.612
38880,117.612
38881,117.612
38882,117.612
38883,117.612
38884,117.612
38885,117.612
38886,117.612
38887,117.612
38888,117.612
38889,116.132
38890,116.132
38891,116.132
38892,116.132
38893,116.132
38894,116.132
38895,116.132
38896,116.132
38897,116.132
38898,116.132
38899,116.132
38900,116.132
38901,116.132
38902,116.132
38903,116.132
38904,116.132
38905,116.132
38906,116.132
38907,116.132
38908,116.132
38909,114.098
38910,114.098
38911,114.098
38912,114.098
38913,114.098
38914,114.098
38915,114.098
38916,114.098
38917,114.098
38918,114.098
38919,114.098
38920,114.098
38921,114.098
38922,114.098
38923,114.098
38924,114.098
38925,114.098
38926,114.098
38927,114.098
38928,114.098
38929,117.612
38930,117.612
38931,117.612
38932,117.612
38933,117.612
38934,117.612
38935,117.612
38936,117.612
38937,117.612
38938,117.612
38939,117.612
38940,117.612
38941,117.612
38942,117.612
38943,117.612
38944,117.612
38945,117.612
38946,117.612
38947,117.612
38948,117.612
38949,114.706
38950,114.706
38951,114.706
38952,114.706
38953,114.706
38954,114.706
38955,114.706
38956,114.706
38957,114.706
38958,114.706
38959,114.706
38960,114.706
38961,114.706
38962,114.706
38963,114.706
38964,114.706
38965,114.706
38966,114.706
38967,114.706
38968,114.706
38969,117.612
38970,117.612
38971,117.612
38972,117.612
38973,117.612
38974,117.612
38975,117.612
38976,117.612
38977,117.612
38978,117.612
38979,117.612
38980,117.612
38981,117.612
38982,117.612
38983,117.612
38984,117.612
38985,117.612
38986,117.612
38987,117.612
38988,117.612
38989,116.132
38990,116.132
38991,116.132
38992,116.132
38993,116.132
38994,116.132
38995,116.132
38996,116.132
38997,116.132
38998,116.132
38999,116.132
39000,116.132
39001,116.132
39002,116.132
39003,116.132
39004,116.132
39005,116.132
39006,116.132
39007,116.132
39008,116.132
39009,114.979
39010,114.979
39011,114.979
39012,114.979
39013,114.979
39014,114.979
39015,114.979
39016,114.979
39017,114.979
39018,114.979
39019,114.979
39020,114.979
39021,114.979
39022,114.979
39023,114.979
39024,114.979
39025,114.979
39026,114.979
39027,114.979
39028,114.979
39029,114.979
39030,117.059
39031,117.059
39032,117.059
39033,117.059
39034,117.059
39035,117.059
39036,117.059
39037,117.059
39038,117.059
39039,117.059
39040,117.059
39041,117.059
39042,117.059
39043,117.059
39044,117.059
39045,117.059
39046,117.059
39047,117.059
39048,117.059
39049,114.371
39050,114.371
39051,114.371
39052,114.371
39053,114.371
39054,114.371
39055,114.371
39056,114.371
39057,114.371
39058,114.371
39059,114.371
39060,114.371
39061,114.371
39062,114.371
39063,114.371
39064,114.371
39065,114.371
39066,114.371
39067,114.371
39068,114.371
39069,118.485
39070,118.485
39071,118.485
39072,118.485
39073,118.485
39074,118.485
39075,118.485
39076,118.485
39077,118.485
39078,118.485
39079,118.485
39080,118.485
39081,118.485
39082,118.485
39083,118.485
39084,118.485
39085,118.485
39086,118.485
39087,118.485
39088,118.485
39089,118.485
39090,115.251
39091,115.251
39092,115.251
39093,115.251
39094,115.251
39095,115.251
39096,115.251
39097,115.251
39098,115.251
39099,115.251
39100,115.251
39101,115.251
39102,115.251
39103,115.251
39104,115.251
39105,115.251
39106,115.251
39107,115.251
39108,115.251
39109,115.251
39110,115.251
39111,115.251
39112,115.251
39113,115.251
39114,115.251
39115,115.251
39116,115.251
39117,115.251
39118,115.251
39119,115.251
39120,115.251
39121,115.251
39122,115.251
39123,115.251
39124,115.251
39125,115.251
39126,115.251
39127,115.251
39128,115.251
39129,115.251
39130,117.059
39131,117.059
39132,117.059
39133,117.059
39134,117.059
39135,117.059
39136,117.059
39137,117.059
39138,117.059
39139,117.059
39140,117.059
39141,117.059
39142,117.059
39143,117.059
39144,117.059
39145,117.059
39146,117.059
39147,117.059
39148,117.059
39149,117.059
39150,114.706
39151,114.706
39152,114.706
39153,114.706
39154,114.706
39155,114.706
39156,114.706
39157,114.706
39158,114.706
39159,114.706
39160,114.706
39161,114.706
39162,114.706
39163,114.706
39164,114.706
39165,114.706
39166,114.706
39167,114.706
39168,114.706
39169,114.706
39170,117.94
39171,117.94
39172,117.94
39173,117.94
39174,117.94
39175,117.94
39176,117.94
39177,117.94
39178,117.94
39179,117.94
39180,117.94
39181,117.94
39182,117.94
39183,117.94
39184,117.94
39185,117.94
39186,117.94
39187,117.94
39188,117.94
39189,117.94
39190,115.251
39191,115.251
39192,115.251
39193,115.251
39194,115.251
39195,115.251
39196,115.251
39197,115.251
39198,115.251
39199,115.251
39200,115.251
39201,115.251
39202,115.251
39203,115.251
39204,115.251
39205,115.251
39206,115.251
39207,115.251
39208,115.251
39209,115.251
39210,116.732
39211,116.732
39212,116.732
39213,116.732
39214,116.732
39215,116.732
39216,116.732
39217,116.732
39218,116.732
39219,116.732
39220,116.732
39221,116.732
39222,116.732
39223,116.732
39224,116.732
39225,116.732
39226,116.732
39227,116.732
39228,116.732
39229,116.732
39230,116.732
39231,116.732
39232,116.732
39233,116.732
39234,116.732
39235,116.732
39236,116.732
39237,116.732
39238,116.732
39239,116.732
39240,116.732
39241,116.732
39242,116.732
39243,116.732
39244,116.732
39245,116.732
39246,116.732
39247,116.732
39248,116.732
39249,116.732
39250,114.706
39251,114.706
39252,114.706
39253,114.706
39254,114.706
39255,114.706
39256,114.706
39257,114.706
39258,114.706
39259,114.706
39260,114.706
39261,114.706
39262,114.706
39263,114.706
39264,114.706
39265,114.706
39266,114.706
39267,114.706
39268,114.706
39269,114.706
39270,117.94
39271,117.94
39272,117.94
39273,117.94
39274,117.94
39275,117.94
39276,117.94
39277,117.94
39278,117.94
39279,117.94
39280,117.94
39281,117.94
39282,117.94
39283,117.94
39284,117.94
39285,117.94
39286,117.94
39287,117.94
39288,117.94
39289,117.94
39290,117.94
39291,114.706
39292,114.706
39293,114.706
39294,114.706
39295,114.706
39296,114.706
39297,114.706
39298,114.706
39299,114.706
39300,114.706
39301,114.706
39302,114.706
39303,114.706
39304,114.706
39305,114.706
39306,114.706
39307,114.706
39308,114.706
39309,114.706
39310,117.94
39311,117.94
39312,117.94
39313,117.94
39314,117.94
39315,117.94
39316,117.94
39317,117.94
39318,117.94
39319,117.94
39320,117.94
39321,117.94
39322,117.94
39323,117.94
39324,117.94
39325,117.94
39326,117.94
39327,117.94
39328,117.94
39329,117.94
39330,117.94
39331,115.859
39332,115.859
39333,115.859
39334,115.859
39335,115.859
39336,115.859
39337,115.859
39338,115.859
39339,115.859
39340,115.859
39341,115.859
39342,115.859
39343,115.859
39344,115.859
39345,115.859
39346,115.859
39347,115.859
39348,115.859
39349,115.859
39350,115.859
39351,113.771
39352,113.771
39353,113.771
39354,113.771
39355,113.771
39356,113.771
39357,113.771
39358,113.771
39359,113.771
39360,113.771
39361,113.771
39362,113.771
39363,113.771
39364,113.771
39365,113.771
39366,113.771
39367,113.771
39368,113.771
39369,113.771
39370,113.771
39371,117.059
39372,117.059
39373,117.059
39374,117.059
39375,117.059
39376,117.059
39377,117.059
39378,117.059
39379,117.059
39380,117.059
39381,117.059
39382,117.059
39383,117.059
39384,117.059
39385,117.059
39386,117.059
39387,117.059
39388,117.059
39389,117.059
39390,117.059
39391,114.371
39392,114.371
39393,114.371
39394,114.371
39395,114.371
39396,114.371
39397,114.371
39398,114.371
39399,114.371
39400,114.371
39401,114.371
39402,114.371
39403,114.371
39404,114.371
39405,114.371
39406,114.371
39407,114.371
39408,114.371
39409,114.371
39410,114.371
39411,118.485
39412,118.485
39413,118.485
39414,118.485
39415,118.485
39416,118.485
39417,118.485
39418,118.485
39419,118.485
39420,118.485
39421,118.485
39422,118.485
39423,118.485
39424,118.485
39425,118.485
39426,118.485
39427,118.485
39428,118.485
39429,118.485
39430,118.485
39431,118.485
39432,116.132
39433,116.132
39434,116.132
39435,116.132
39436,116.132
39437,116.132
39438,116.132
39439,116.132
39440,116.132
39441,116.132
39442,116.132
39443,116.132
39444,116.132
39445,116.132
39446,116.132
39447,116.132
39448,116.132
39449,116.132
39450,116.132
39451,114.371
39452,114.371
39453,114.371
39454,114.371
39455,114.371
39456,114.371
39457,114.371
39458,114.371
39459,114.371
39460,114.371
39461,114.371
39462,114.371
39463,114.371
39464,114.371
39465,114.371
39466,114.371
39467,114.371
39468,114.371
39469,114.371
39470,114.371
39471,116.732
39472,116.732
39473,116.732
39474,116.732
39475,116.732
39476,116.732
39477,116.732
39478,116.732
39479,116.732
39480,116.732
39481,116.732
39482,116.732
39483,116.732
39484,116.732
39485,116.732
39486,116.732
39487,116.732
39488,116.732
39489,116.732
39490,116.732
39491,116.732
39492,114.098
39493,114.098
39494,114.098
39495,114.098
39496,114.098
39497,114.098
39498,114.098
39499,114.098
39500,114.098
39501,114.098
39502,114.098
39503,114.098
39504,114.098
39505,114.098
39506,114.098
39507,114.098
39508,114.098
39509,114.098
39510,114.098
39511,114.098
39512,118.485
39513,118.485
39514,118.485
39515,118.485
39516,118.485
39517,118.485
39518,118.485
39519,118.485
39520,118.485
39521,118.485
39522,118.485
39523,118.485
39524,118.485
39525,118.485
39526,118.485
39527,118.485
39528,118.485
39529,118.485
39530,118.485
39531,118.485
39532,115.251
39533,115.251
39534,115.251
39535,115.251
39536,115.251
39537,115.251
39538,115.251
39539,115.251
39540,115.251
39541,115.251
39542,115.251
39543,115.251
39544,115.251
39545,115.251
39546,115.251
39547,115.251
39548,115.251
39549,115.251
39550,115.251
39551,115.251
39552,116.732
39553,116.732
39554,116.732
39555,116.732
39556,116.732
39557,116.732
39558,116.732
39559,116.732
39560,116.732
39561,116.732
39562,116.732
39563,116.732
39564,116.732
39565,116.732
39566,116.732
39567,116.732
39568,116.732
39569,116.732
39570,116.732
39571,116.732
39572,116.732
39573,116.732
39574,116.732
39575,116.732
39576,116.732
39577,116.732
39578,116.732
39579,116.732
39580,116.732
39581,116.732
39582,116.732
39583,116.732
39584,116.732
39585,116.732
39586,116.732
39587,116.732
39588,116.732
39589,116.732
39590,116.732
39591,116.732
39592,114.706
39593,114.706
39594,114.706
39595,114.706
39596,114.706
39597,114.706
39598,114.706
39599,114.706
39600,114.706
39601,114.706
39602,114.706
39603,114.706
39604,114.706
39605,114.706
39606,114.706
39607,114.706
39608,114.706
39609,114.706
39610,114.706
39611,114.706
39612,118.212
39613,118.212
39614,118.212
39615,118.212
39616,118.212
39617,118.212
39618,118.212
39619,118.212
39620,118.212
39621,118.212
39622,118.212
39623,118.212
39624,118.212
39625,118.212
39626,118.212
39627,118.212
39628,118.212
39629,118.212
39630,118.212
39631,118.212
39632,118.212
39633,115.251
39634,115.251
39635,115.251
39636,115.251
39637,115.251
39638,115.251
39639,115.251
39640,115.251
39641,115.251
39642,115.251
39643,115.251
39644,115.251
39645,115.251
39646,115.251
39647,115.251
39648,115.251
39649,115.251
39650,115.251
39651,115.251
39652,116.732
39653,116.732
39654,116.732
39655,116.732
39656,116.732
39657,116.732
39658,116.732
39659,116.732
39660,116.732
39661,116.732
39662,116.732
39663,116.732
39664,116.732
39665,116.732
39666,116.732
39667,116.732
39668,116.732
39669,116.732
39670,116.732
39671,116.732
39672,116.459
39673,116.459
39674,116.459
39675,116.459
39676,116.459
39677,116.459
39678,116.459
39679,116.459
39680,116.459
39681,116.459
39682,116.459
39683,116.459
39684,116.459
39685,116.459
39686,116.459
39687,116.459
39688,116.459
39689,116.459
39690,116.459
39691,116.459
39692,116.459
39693,114.098
39694,114.098
39695,114.098
39696,114.098
39697,114.098
39698,114.098
39699,114.098
39700,114.098
39701,114.098
39702,114.098
39703,114.098
39704,114.098
39705,114.098
39706,114.098
39707,114.098
39708,114.098
39709,114.098
39710,114.098
39711,114.098
39712,114.098
39713,117.34
39714,117.34
39715,117.34
39716,117.34
39717,117.34
39718,117.34
39719,117.34
39720,117.34
39721,117.34
39722,117.34
39723,117.34
39724,117.34
39725,117.34
39726,117.34
39727,117.34
39728,117.34
39729,117.34
39730,117.34
39731,117.34
39732,117.34
39733,114.706
39734,114.706
39735,114.706
39736,114.706
39737,114.706
39738,114.706
39739,114.706
39740,114.706
39741,114.706
39742,114.706
39743,114.706
39744,114.706
39745,114.706
39746,114.706
39747,114.706
39748,114.706
39749,114.706
39750,114.706
39751,114.706
39752,114.706
39753,118.212
39754,118.212
39755,118.212
39756,118.212
39757,118.212
39758,118.212
39759,118.212
39760,118.212
39761,118.212
39762,118.212
39763,118.212
39764,118.212
39765,118.212
39766,118.212
39767,118.212
39768,118.212
39769,118.212
39770,118.212
39771,118.212
39772,118.212
39773,116.132
39774,116.132
39775,116.132
39776,116.132
39777,116.132
39778,116.132
39779,116.132
39780,116.132
39781,116.132
39782,116.132
39783,116.132
39784,116.132
39785,116.132
39786,116.132
39787,116.132
39788,116.132
39789,116.132
39790,116.132
39791,116.132
39792,116.132
39793,114.371
39794,114.371
39795,114.371
39796,114.371
39797,114.371
39798,114.371
39799,114.371
39800,114.371
39801,114.371
39802,114.371
39803,114.371
39804,114.371
39805,114.371
39806,114.371
39807,114.371
39808,114.371
39809,114.371
39810,114.371
39811,114.371
39812,114.371
39813,116.732
39814,116.732
39815,116.732
39816,116.732
39817,116.732
39818,116.732
39819,116.732
39820,116.732
39821,116.732
39822,116.732
39823,116.732
39824,116.732
39825,116.732
39826,116.732
39827,116.732
39828,116.732
39829,116.732
39830,116.732
39831,116.732
39832,116.732
39833,114.371
39834,114.371
39835,114.371
39836,114.371
39837,114.371
39838,114.371
39839,114.371
39840,114.371
39841,114.371
39842,114.371
39843,114.371
39844,114.371
39845,114.371
39846,114.371
39847,114.371
39848,114.371
39849,114.371
39850,114.371
39851,114.371
39852,114.371
39853,117.94
39854,117.94
39855,117.94
39856,117.94
39857,117.94
39858,117.94
39859,117.94
39860,117.94
39861,117.94
39862,117.94
39863,117.94
39864,117.94
39865,117.94
39866,117.94
39867,117.94
39868,117.94
39869,117.94
39870,117.94
39871,117.94
39872,117.94
39873,117.94
39874,115.251
39875,115.251
39876,115.251
39877,115.251
39878,115.251
39879,115.251
39880,115.251
39881,115.251
39882,115.251
39883,115.251
39884,115.251
39885,115.251
39886,115.251
39887,115.251
39888,115.251
39889,115.251
39890,115.251
39891,115.251
39892,115.251
39893,115.251
39894,114.979
39895,114.979
39896,114.979
39897,114.979
39898,114.979
39899,114.979
39900,114.979
39901,114.979
39902,114.979
39903,114.979
39904,114.979
39905,114.979
39906,114.979
39907,114.979
39908,114.979
39909,114.979
39910,114.979
39911,114.979
39912,114.979
39913,114.979
39914,116.732
39915,116.732
39916,116.732
39917,116.732
39918,116.732
39919,116.732
39920,116.732
39921,116.732
39922,116.732
39923,116.732
39924,116.732
39925,116.732
39926,116.732
39927,116.732
39928,116.732
39929,116.732
39930,116.732
39931,116.732
39932,116.732
39933,116.732
39934,114.371
39935,114.371
39936,114.371
39937,114.371
39938,114.371
39939,114.371
39940,114.371
39941,114.371
39942,114.371
39943,114.371
39944,114.371
39945,114.371
39946,114.371
39947,114.371
39948,114.371
39949,114.371
39950,114.371
39951,114.371
39952,114.371
39953,114.371
39954,118.212
39955,118.212
39956,118.212
39957,118.212
39958,118.212
39959,118.212
39960,118.212
39961,118.212
39962,118.212
39963,118.212
39964,118.212
39965,118.212
39966,118.212
39967,118.212
39968,118.212
39969,118.212
39970,118.212
39971,118.212
39972,118.212
39973,118.212
39974,115.251
39975,115.251
39976,115.251
39977,115.251
39978,115.251
39979,115.251
39980,115.251
39981,115.251
39982,115.251
39983,115.251
39984,115.251
39985,115.251
39986,115.251
39987,115.251
39988,115.251
39989,115.251
39990,115.251
39991,115.251
39992,115.251
39993,115.251
39994,117.34
39995,117.34
39996,117.34
39997,117.34
39998,117.34
39999,117.34
40000,117.34
40001,117.34
40002,117.34
40003,117.34
40004,117.34
40005,117.34
40006,117.34
40007,117.34
40008,117.34
40009,117.34
40010,117.34
40011,117.34
40012,117.34
40013,117.34
40014,116.732
40015,116.732
40016,116.732
40017,116.732
40018,116.732
40019,116.732
40020,116.732
40021,116.732
40022,116.732
40023,116.732
40024,116.732
40025,116.732
40026,116.732
40027,116.732
40028,116.732
40029,116.732
40030,116.732
40031,116.732
40032,116.732
40033,116.732
40034,114.706
40035,114.706
40036,114.706
40037,114.706
40038,114.706
40039,114.706
40040,114.706
40041,114.706
40042,114.706
40043,114.706
40044,114.706
40045,114.706
40046,114.706
40047,114.706
40048,114.706
40049,114.706
40050,114.706
40051,114.706
40052,114.706
40053,114.706
40054,118.212
40055,118.212
40056,118.212
40057,118.212
40058,118.212
40059,118.212
40060,118.212
40061,118.212
40062,118.212
40063,118.212
40064,118.212
40065,118.212
40066,118.212
40067,118.212
40068,118.212
40069,118.212
40070,118.212
40071,118.212
40072,118.212
40073,118.212
40074,115.251
40075,115.251
40076,115.251
40077,115.251
40078,115.251
40079,115.251
40080,115.251
40081,115.251
40082,115.251
40083,115.251
40084,115.251
40085,115.251
40086,115.251
40087,115.251
40088,115.251
40089,115.251
40090,115.251
40091,115.251
40092,115.251
40093,115.251
40094,115.251
40095,116.732
40096,116.732
40097,116.732
40098,116.732
40099,116.732
40100,116.732
40101,116.732
40102,116.732
40103,116.732
40104,116.732
40105,116.732
40106,116.732
40107,116.732
40108,116.732
40109,116.732
40110,116.732
40111,116.732
40112,116.732
40113,116.732
40114,116.732
40115,116.459
40116,116.459
40117,116.459
40118,116.459
40119,116.459
40120,116.459
40121,116.459
40122,116.459
40123,116.459
40124,116.459
40125,116.459
40126,116.459
40127,116.459
40128,116.459
40129,116.459
40130,116.459
40131,116.459
40132,116.459
40133,116.459
40134,116.459
40135,114.098
40136,114.098
40137,114.098
40138,114.098
40139,114.098
40140,114.098
40141,114.098
40142,114.098
40143,114.098
40144,114.098
40145,114.098
40146,114.098
40147,114.098
40148,114.098
40149,114.098
40150,114.098
40151,114.098
40152,114.098
40153,114.098
40154,114.098
40155,117.059
40156,117.059
40157,117.059
40158,117.059
40159,117.059
40160,117.059
40161,117.059
40162,117.059
40163,117.059
40164,117.059
40165,117.059
40166,117.059
40167,117.059
40168,117.059
40169,117.059
40170,117.059
40171,117.059
40172,117.059
40173,117.059
40174,117.059
40175,114.098
40176,114.098
40177,114.098
40178,114.098
40179,114.098
40180,114.098
40181,114.098
40182,114.098
40183,114.098
40184,114.098
40185,114.098
40186,114.098
40187,114.098
40188,114.098
40189,114.098
40190,114.098
40191,114.098
40192,114.098
40193,114.098
40194,114.098
40195,117.94
40196,117.94
40197,117.94
40198,117.94
40199,117.94
40200,117.94
40201,117.94
40202,117.94
40203,117.94
40204,117.94
40205,117.94
40206,117.94
40207,117.94
40208,117.94
40209,117.94
40210,117.94
40211,117.94
40212,117.94
40213,117.94
40214,117.94
40215,115.859
40216,115.859
40217,115.859
40218,115.859
40219,115.859
40220,115.859
40221,115.859
40222,115.859
40223,115.859
40224,115.859
40225,115.859
40226,115.859
40227,115.859
40228,115.859
40229,115.859
40230,115.859
40231,115.859
40232,115.859
40233,115.859
40234,115.859
40235,114.371
40236,114.371
40237,114.371
40238,114.371
40239,114.371
40240,114.371
40241,114.371
40242,114.371
40243,114.371
40244,114.371
40245,114.371
40246,114.371
40247,114.371
40248,114.371
40249,114.371
40250,114.371
40251,114.371
40252,114.371
40253,114.371
40254,114.371
40255,116.732
40256,116.732
40257,116.732
40258,116.732
40259,116.732
40260,116.732
40261,116.732
40262,116.732
40263,116.732
40264,116.732
40265,116.732
40266,116.732
40267,116.732
40268,116.732
40269,116.732
40270,116.732
40271,116.732
40272,116.732
40273,116.732
40274,116.732
40275,116.732
40276,114.098
40277,114.098
40278,114.098
40279,114.098
40280,114.098
40281,114.098
40282,114.098
40283,114.098
40284,114.098
40285,114.098
40286,114.098
40287,114.098
40288,114.098
40289,114.098
40290,114.098
40291,114.098
40292,114.098
40293,114.098
40294,114.098
40295,114.098
40296,118.485
40297,118.485
40298,118.485
40299,118.485
40300,118.485
40301,118.485
40302,118.485
40303,118.485
40304,118.485
40305,118.485
40306,118.485
40307,118.485
40308,118.485
40309,118.485
40310,118.485
40311,118.485
40312,118.485
40313,118.485
40314,118.485
40315,118.485
40316,115.251
40317,115.251
40318,115.251
40319,115.251
40320,115.251
40321,115.251
40322,115.251
40323,115.251
40324,115.251
40325,115.251
40326,115.251
40327,115.251
40328,115.251
40329,115.251
40330,115.251
40331,115.251
40332,115.251
40333,115.251
40334,115.251
40335,115.251
40336,115.251
40337,115.251
40338,115.251
40339,115.251
40340,115.251
40341,115.251
40342,115.251
40343,115.251
40344,115.251
40345,115.251
40346,115.251
40347,115.251
40348,115.251
40349,115.251
40350,115.251
40351,115.251
40352,115.251
40353,115.251
40354,115.251
40355,115.251
40356,117.059
40357,117.059
40358,117.059
40359,117.059
40360,117.059
40361,117.059
40362,117.059
40363,117.059
40364,117.059
40365,117.059
40366,117.059
40367,117.059
40368,117.059
40369,117.059
40370,117.059
40371,117.059
40372,117.059
40373,117.059
40374,117.059
40375,117.059
40376,114.488
40377,114.488
40378,114.488
40379,114.488
40380,114.488
40381,114.488
40382,114.488
40383,114.488
40384,114.488
40385,114.488
40386,114.488
40387,114.488
40388,114.488
40389,114.488
40390,114.488
40391,114.488
40392,114.488
40393,114.488
40394,114.488
40395,114.488
40396,117.94
40397,117.94
40398,117.94
40399,117.94
40400,117.94
40401,117.94
40402,117.94
40403,117.94
40404,117.94
40405,117.94
40406,117.94
40407,117.94
40408,117.94
40409,117.94
40410,117.94
40411,117.94
40412,117.94
40413,117.94
40414,117.94
40415,117.94
40416,115.251
40417,115.251
40418,115.251
40419,115.251
40420,115.251
40421,115.251
40422,115.251
40423,115.251
40424,115.251
40425,115.251
40426,115.251
40427,115.251
40428,115.251
40429,115.251
40430,115.251
40431,115.251
40432,115.251
40433,115.251
40434,115.251
40435,115.251
40436,116.459
40437,116.459
40438,116.459
40439,116.459
40440,116.459
40441,116.459
40442,116.459
40443,116.459
40444,116.459
40445,116.459
40446,116.459
40447,116.459
40448,116.459
40449,116.459
40450,116.459
40451,116.459
40452,116.459
40453,116.459
40454,116.459
40455,116.459
40456,116.459
40457,116.459
40458,116.459
40459,116.459
40460,116.459
40461,116.459
40462,116.459
40463,116.459
40464,116.459
40465,116.459
40466,116.459
40467,116.459
40468,116.459
40469,116.459
40470,116.459
40471,116.459
40472,116.459
40473,116.459
40474,116.459
40475,116.459
40476,116.459
40477,114.706
40478,114.706
40479,114.706
40480,114.706
40481,114.706
40482,114.706
40483,114.706
40484,114.706
40485,114.706
40486,114.706
40487,114.706
40488,114.706
40489,114.706
40490,114.706
40491,114.706
40492,114.706
40493,114.706
40494,114.706
40495,114.706
40496,114.706
40497,117.612
40498,117.612
40499,117.612
40500,117.612
40501,117.612
40502,117.612
40503,117.612
40504,117.612
40505,117.612
40506,117.612
40507,117.612
40508,117.612
40509,117.612
40510,117.612
40511,117.612
40512,117.612
40513,117.612
40514,117.612
40515,117.612
40516,117.612
40517,114.706
40518,114.706
40519,114.706
40520,114.706
40521,114.706
40522,114.706
40523,114.706
40524,114.706
40525,114.706
40526,114.706
40527,114.706
40528,114.706
40529,114.706
40530,114.706
40531,114.706
40532,114.706
40533,114.706
40534,114.706
40535,114.706
40536,114.706
40537,117.94
40538,117.94
40539,117.94
40540,117.94
40541,117.94
40542,117.94
40543,117.94
40544,117.94
40545,117.94
40546,117.94
40547,117.94
40548,117.94
40549,117.94
40550,117.94
40551,117.94
40552,117.94
40553,117.94
40554,117.94
40555,117.94
40556,117.94
40557,115.859
40558,115.859
40559,115.859
40560,115.859
40561,115.859
40562,115.859
40563,115.859
40564,115.859
40565,115.859
40566,115.859
40567,115.859
40568,115.859
40569,115.859
40570,115.859
40571,115.859
40572,115.859
40573,115.859
40574,115.859
40575,115.859
40576,115.859
40577,113.771
40578,113.771
40579,113.771
40580,113.771
40581,113.771
40582,113.771
40583,113.771
40584,113.771
40585,113.771
40586,113.771
40587,113.771
40588,113.771
40589,113.771
40590,113.771
40591,113.771
40592,113.771
40593,113.771
40594,113.771
40595,113.771
40596,113.771
40597,117.059
40598,117.059
40599,117.059
40600,117.059
40601,117.059
40602,117.059
40603,117.059
40604,117.059
40605,117.059
40606,117.059
40607,117.059
40608,117.059
40609,117.059
40610,117.059
40611,117.059
40612,117.059
40613,117.059
40614,117.059
40615,117.059
40616,117.059
40617,114.371
40618,114.371
40619,114.371
40620,114.371
40621,114.371
40622,114.371
40623,114.371
40624,114.371
40625,114.371
40626,114.371
40627,114.371
40628,114.371
40629,114.371
40630,114.371
40631,114.371
40632,114.371
40633,114.371
40634,114.371
40635,114.371
40636,114.371
40637,118.212
40638,118.212
40639,118.212
40640,118.212
40641,118.212
40642,118.212
40643,118.212
40644,118.212
40645,118.212
40646,118.212
40647,118.212
40648,118.212
40649,118.212
40650,118.212
40651,118.212
40652,118.212
40653,118.212
40654,118.212
40655,118.212
40656,118.212
40657,115.579
40658,115.579
40659,115.579
40660,115.579
40661,115.579
40662,115.579
40663,115.579
40664,115.579
40665,115.579
40666,115.579
40667,115.579
40668,115.579
40669,115.579
40670,115.579
40671,115.579
40672,115.579
40673,115.579
40674,115.579
40675,115.579
40676,115.579
40677,115.579
40678,114.824
40679,114.824
40680,114.824
40681,114.824
40682,114.824
40683,114.824
40684,114.824
40685,114.824
40686,114.824
40687,114.824
40688,114.824
40689,114.824
40690,114.824
40691,114.824
40692,114.824
40693,114.824
40694,114.824
40695,114.824
40696,114.824
40697,114.824
40698,116.732
40699,116.732
40700,116.732
40701,116.732
40702,116.732
40703,116.732
40704,116.732
40705,116.732
40706,116.732
40707,116.732
40708,116.732
40709,116.732
40710,116.732
40711,116.732
40712,116.732
40713,116.732
40714,116.732
40715,116.732
40716,116.732
40717,116.732
40718,113.888
40719,113.888
40720,113.888
40721,113.888
40722,113.888
40723,113.888
40724,113.888
40725,113.888
40726,113.888
40727,113.888
40728,113.888
40729,113.888
40730,113.888
40731,113.888
40732,113.888
40733,113.888
40734,113.888
40735,113.888
40736,113.888
40737,113.888
40738,118.607
40739,118.607
40740,118.607
40741,118.607
40742,118.607
40743,118.607
40744,118.607
40745,118.607
40746,118.607
40747,118.607
40748,118.607
40749,118.607
40750,118.607
40751,118.607
40752,118.607
40753,118.607
40754,118.607
40755,118.607
40756,118.607
40757,118.607
40758,115.097
40759,115.097
40760,115.097
40761,115.097
40762,115.097
40763,115.097
40764,115.097
40765,115.097
40766,115.097
40767,115.097
40768,115.097
40769,115.097
40770,115.097
40771,115.097
40772,115.097
40773,115.097
40774,115.097
40775,115.097
40776,115.097
40777,115.097
40778,115.859
40779,115.859
40780,115.859
40781,115.859
40782,115.859
40783,115.859
40784,115.859
40785,115.859
40786,115.859
40787,115.859
40788,115.859
40789,115.859
40790,115.859
40791,115.859
40792,115.859
40793,115.859
40794,115.859
40795,115.859
40796,115.859
40797,115.859
40798,116.852
40799,116.852
40800,116.852
40801,116.852
40802,116.852
40803,116.852
40804,116.852
40805,116.852
40806,116.852
40807,116.852
40808,116.852
40809,116.852
40810,116.852
40811,116.852
40812,116.852
40813,116.852
40814,116.852
40815,116.852
40816,116.852
40817,116.852
40818,115.37
40819,115.37
40820,115.37
40821,115.37
40822,115.37
40823,115.37
40824,115.37
40825,115.37
40826,115.37
40827,115.37
40828,115.37
40829,115.37
40830,115.37
40831,115.37
40832,115.37
40833,115.37
40834,115.37
40835,115.37
40836,115.37
40837,115.37
40838,118.061
40839,118.061
40840,118.061
40841,118.061
40842,118.061
40843,118.061
40844,118.061
40845,118.061
40846,118.061
40847,118.061
40848,118.061
40849,118.061
40850,118.061
40851,118.061
40852,118.061
40853,118.061
40854,118.061
40855,118.061
40856,118.061
40857,118.061
40858,115.859
40859,115.859
40860,115.859
40861,115.859
40862,115.859
40863,115.859
40864,115.859
40865,115.859
40866,115.859
40867,115.859
40868,115.859
40869,115.859
40870,115.859
40871,115.859
40872,115.859
40873,115.859
40874,115.859
40875,115.859
40876,115.859
40877,115.859
40878,117.34
40879,117.34
40880,117.34
40881,117.34
40882,117.34
40883,117.34
40884,117.34
40885,117.34
40886,117.34
40887,117.34
40888,117.34
40889,117.34
40890,117.34
40891,117.34
40892,117.34
40893,117.34
40894,117.34
40895,117.34
40896,117.34
40897,117.34
40898,117.34
40899,116.459
40900,116.459
40901,116.459
40902,116.459
40903,116.459
40904,116.459
40905,116.459
40906,116.459
40907,116.459
40908,116.459
40909,116.459
40910,116.459
40911,116.459
40912,116.459
40913,116.459
40914,116.459
40915,116.459
40916,116.459
40917,116.459
40918,116.459
40919,114.098
40920,114.098
40921,114.098
40922,114.098
40923,114.098
40924,114.098
40925,114.098
40926,114.098
40927,114.098
40928,114.098
40929,114.098
40930,114.098
40931,114.098
40932,114.098
40933,114.098
40934,114.098
40935,114.098
40936,114.098
40937,114.098
40938,114.098
40939,117.34
40940,117.34
40941,117.34
40942,117.34
40943,117.34
40944,117.34
40945,117.34
40946,117.34
40947,117.34
40948,117.34
40949,117.34
40950,117.34
40951,117.34
40952,117.34
40953,117.34
40954,117.34
40955,117.34
40956,117.34
40957,117.34
40958,117.34
40959,114.098
40960,114.098
40961,114.098
40962,114.098
40963,114.098
40964,114.098
40965,114.098
40966,114.098
40967,114.098
40968,114.098
40969,114.098
40970,114.098
40971,114.098
40972,114.098
40973,114.098
40974,114.098
40975,114.098
40976,114.098
40977,114.098
40978,114.098
40979,117.612
40980,117.612
40981,117.612
40982,117.612
40983,117.612
40984,117.612
40985,117.612
40986,117.612
40987,117.612
40988,117.612
40989,117.612
40990,117.612
40991,117.612
40992,117.612
40993,117.612
40994,117.612
40995,117.612
40996,117.612
40997,117.612
40998,117.612
40999,115.859
41000,115.859
41001,115.859
41002,115.859
41003,115.859
41004,115.859
41005,115.859
41006,115.859
41007,115.859
41008,115.859
41009,115.859
41010,115.859
41011,115.859
41012,115.859
41013,115.859
41014,115.859
41015,115.859
41016,115.859
41017,115.859
41018,115.859
41019,114.371
41020,114.371
41021,114.371
41022,114.371
41023,114.371
41024,114.371
41025,114.371
41026,114.371
41027,114.371
41028,114.371
41029,114.371
41030,114.371
41031,114.371
41032,114.371
41033,114.371
41034,114.371
41035,114.371
41036,114.371
41037,114.371
41038,114.371
41039,116.732
41040,116.732
41041,116.732
41042,116.732
41043,116.732
41044,116.732
41045,116.732
41046,116.732
41047,116.732
41048,116.732
41049,116.732
41050,116.732
41051,116.732
41052,116.732
41053,116.732
41054,116.732
41055,116.732
41056,116.732
41057,116.732
41058,116.732
41059,114.371
41060,114.371
41061,114.371
41062,114.371
41063,114.371
41064,114.371
41065,114.371
41066,114.371
41067,114.371
41068,114.371
41069,114.371
41070,114.371
41071,114.371
41072,114.371
41073,114.371
41074,114.371
41075,114.371
41076,114.371
41077,114.371
41078,114.371
41079,118.82
41080,118.82
41081,118.82
41082,118.82
41083,118.82
41084,118.82
41085,118.82
41086,118.82
41087,118.82
41088,118.82
41089,118.82
41090,118.82
41091,118.82
41092,118.82
41093,118.82
41094,118.82
41095,118.82
41096,118.82
41097,118.82
41098,118.82
41099,115.251
41100,115.251
41101,115.251
41102,115.251
41103,115.251
41104,115.251
41105,115.251
41106,115.251
41107,115.251
41108,115.251
41109,115.251
41110,115.251
41111,115.251
41112,115.251
41113,115.251
41114,115.251
41115,115.251
41116,115.251
41117,115.251
41118,115.251
41119,115.37
41120,115.37
41121,115.37
41122,115.37
41123,115.37
41124,115.37
41125,115.37
41126,115.37
41127,115.37
41128,115.37
41129,115.37
41130,115.37
41131,115.37
41132,115.37
41133,115.37
41134,115.37
41135,115.37
41136,115.37
41137,115.37
41138,115.37
41139,117.059
41140,117.059
41141,117.059
41142,117.059
41143,117.059
41144,117.059
41145,117.059
41146,117.059
41147,117.059
41148,117.059
41149,117.059
41150,117.059
41151,117.059
41152,117.059
41153,117.059
41154,117.059
41155,117.059
41156,117.059
41157,117.059
41158,117.059
41159,117.059
41160,114.371
41161,114.371
41162,114.371
41163,114.371
41164,114.371
41165,114.371
41166,114.371
41167,114.371
41168,114.371
41169,114.371
41170,114.371
41171,114.371
41172,114.371
41173,114.371
41174,114.371
41175,114.371
41176,114.371
41177,114.371
41178,114.371
41179,114.371
41180,117.94
41181,117.94
41182,117.94
41183,117.94
41184,117.94
41185,117.94
41186,117.94
41187,117.94
41188,117.94
41189,117.94
41190,117.94
41191,117.94
41192,117.94
41193,117.94
41194,117.94
41195,117.94
41196,117.94
41197,117.94
41198,117.94
41199,117.94
41200,115.097
41201,115.097
41202,115.097
41203,115.097
41204,115.097
41205,115.097
41206,115.097
41207,115.097
41208,115.097
41209,115.097
41210,115.097
41211,115.097
41212,115.097
41213,115.097
41214,115.097
41215,115.097
41216,115.097
41217,115.097
41218,115.097
41219,115.097
41220,116.732
41221,116.732
41222,116.732
41223,116.732
41224,116.732
41225,116.732
41226,116.732
41227,116.732
41228,116.732
41229,116.732
41230,116.732
41231,116.732
41232,116.732
41233,116.732
41234,116.732
41235,116.732
41236,116.732
41237,116.732
41238,116.732
41239,116.732
41240,116.459
41241,116.459
41242,116.459
41243,116.459
41244,116.459
41245,116.459
41246,116.459
41247,116.459
41248,116.459
41249,116.459
41250,116.459
41251,116.459
41252,116.459
41253,116.459
41254,116.459
41255,116.459
41256,116.459
41257,116.459
41258,116.459
41259,116.459
41260,114.979
41261,114.979
41262,114.979
41263,114.979
41264,114.979
41265,114.979
41266,114.979
41267,114.979
41268,114.979
41269,114.979
41270,114.979
41271,114.979
41272,114.979
41273,114.979
41274,114.979
41275,114.979
41276,114.979
41277,114.979
41278,114.979
41279,114.979
41280,118.061
41281,118.061
41282,118.061
41283,118.061
41284,118.061
41285,118.061
41286,118.061
41287,118.061
41288,118.061
41289,118.061
41290,118.061
41291,118.061
41292,118.061
41293,118.061
41294,118.061
41295,118.061
41296,118.061
41297,118.061
41298,118.061
41299,118.061
41300,114.706
41301,114.706
41302,114.706
41303,114.706
41304,114.706
41305,114.706
41306,114.706
41307,114.706
41308,114.706
41309,114.706
41310,114.706
41311,114.706
41312,114.706
41313,114.706
41314,114.706
41315,114.706
41316,114.706
41317,114.706
41318,114.706
41319,114.706
41320,118.212
41321,118.212
41322,118.212
41323,118.212
41324,118.212
41325,118.212
41326,118.212
41327,118.212
41328,118.212
41329,118.212
41330,118.212
41331,118.212
41332,118.212
41333,118.212
41334,118.212
41335,118.212
41336,118.212
41337,118.212
41338,118.212
41339,118.212
41340,118.212
41341,116.459
41342,116.459
41343,116.459
41344,116.459
41345,116.459
41346,116.459
41347,116.459
41348,116.459
41349,116.459
41350,116.459
41351,116.459
41352,116.459
41353,116.459
41354,116.459
41355,116.459
41356,116.459
41357,116.459
41358,116.459
41359,116.459
41360,113.771
41361,113.771
41362,113.771
41363,113.771
41364,113.771
41365,113.771
41366,113.771
41367,113.771
41368,113.771
41369,113.771
41370,113.771
41371,113.771
41372,113.771
41373,113.771
41374,113.771
41375,113.771
41376,113.771
41377,113.771
41378,113.771
41379,113.771
41380,113.771
41381,117.059
41382,117.059
41383,117.059
41384,117.059
41385,117.059
41386,117.059
41387,117.059
41388,117.059
41389,117.059
41390,117.059
41391,117.059
41392,117.059
41393,117.059
41394,117.059
41395,117.059
41396,117.059
41397,117.059
41398,117.059
41399,117.059
41400,117.059
41401,114.371
41402,114.371
41403,114.371
41404,114.371
41405,114.371
41406,114.371
41407,114.371
41408,114.371
41409,114.371
41410,114.371
41411,114.371
41412,114.371
41413,114.371
41414,114.371
41415,114.371
41416,114.371
41417,114.371
41418,114.371
41419,114.371
41420,114.371
41421,117.94
41422,117.94
41423,117.94
41424,117.94
41425,117.94
41426,117.94
41427,117.94
41428,117.94
41429,117.94
41430,117.94
41431,117.94
41432,117.94
41433,117.94
41434,117.94
41435,117.94
41436,117.94
41437,117.94
41438,117.94
41439,117.94
41440,117.94
41441,115.579
41442,115.579
41443,115.579
41444,115.579
41445,115.579
41446,115.579
41447,115.579
41448,115.579
41449,115.579
41450,115.579
41451,115.579
41452,115.579
41453,115.579
41454,115.579
41455,115.579
41456,115.579
41457,115.579
41458,115.579
41459,115.579
41460,115.579
41461,114.979
41462,114.979
41463,114.979
41464,114.979
41465,114.979
41466,114.979
41467,114.979
41468,114.979
41469,114.979
41470,114.979
41471,114.979
41472,114.979
41473,114.979
41474,114.979
41475,114.979
41476,114.979
41477,114.979
41478,114.979
41479,114.979
41480,114.979
41481,117.059
41482,117.059
41483,117.059
41484,117.059
41485,117.059
41486,117.059
41487,117.059
41488,117.059
41489,117.059
41490,117.059
41491,117.059
41492,117.059
41493,117.059
41494,117.059
41495,117.059
41496,117.059
41497,117.059
41498,117.059
41499,117.059
41500,117.059
41501,114.098
41502,114.098
41503,114.098
41504,114.098
41505,114.098
41506,114.098
41507,114.098
41508,114.098
41509,114.098
41510,114.098
41511,114.098
41512,114.098
41513,114.098
41514,114.098
41515,114.098
41516,114.098
41517,114.098
41518,114.098
41519,114.098
41520,114.098
41521,118.82
41522,118.82
41523,118.82
41524,118.82
41525,118.82
41526,118.82
41527,118.82
41528,118.82
41529,118.82
41530,118.82
41531,118.82
41532,118.82
41533,118.82
41534,118.82
41535,118.82
41536,118.82
41537,118.82
41538,118.82
41539,118.82
41540,118.82
41541,115.251
41542,115.251
41543,115.251
41544,115.251
41545,115.251
41546,115.251
41547,115.251
41548,115.251
41549,115.251
41550,115.251
41551,115.251
41552,115.251
41553,115.251
41554,115.251
41555,115.251
41556,115.251
41557,115.251
41558,115.251
41559,115.251
41560,115.251
41561,115.859
41562,115.859
41563,115.859
41564,115.859
41565,115.859
41566,115.859
41567,115.859
41568,115.859
41569,115.859
41570,115.859
41571,115.859
41572,115.859
41573,115.859
41574,115.859
41575,115.859
41576,115.859
41577,115.859
41578,115.859
41579,115.859
41580,115.859
41581,115.859
41582,115.859
41583,115.859
41584,115.859
41585,115.859
41586,115.859
41587,115.859
41588,115.859
41589,115.859
41590,115.859
41591,115.859
41592,115.859
41593,115.859
41594,115.859
41595,115.859
41596,115.859
41597,115.859
41598,115.859
41599,115.859
41600,115.859
41601,115.859
41602,113.498
41603,113.498
41604,113.498
41605,113.498
41606,113.498
41607,113.498
41608,113.498
41609,113.498
41610,113.498
41611,113.498
41612,113.498
41613,113.498
41614,113.498
41615,113.498
41616,113.498
41617,113.498
41618,113.498
41619,113.498
41620,113.498
41621,113.498
41622,116.732
41623,116.732
41624,116.732
41625,116.732
41626,116.732
41627,116.732
41628,116.732
41629,116.732
41630,116.732
41631,116.732
41632,116.732
41633,116.732
41634,116.732
41635,116.732
41636,116.732
41637,116.732
41638,116.732
41639,116.732
41640,116.732
41641,116.732
41642,113.771
41643,113.771
41644,113.771
41645,113.771
41646,113.771
41647,113.771
41648,113.771
41649,113.771
41650,113.771
41651,113.771
41652,113.771
41653,113.771
41654,113.771
41655,113.771
41656,113.771
41657,113.771
41658,113.771
41659,113.771
41660,113.771
41661,113.771
41662,115.251
41663,115.251
41664,115.251
41665,115.251
41666,115.251
41667,115.251
41668,115.251
41669,115.251
41670,115.251
41671,115.251
41672,115.251
41673,115.251
41674,115.251
41675,115.251
41676,115.251
41677,115.251
41678,115.251
41679,115.251
41680,115.251
41681,115.251
41682,115.251
41683,115.251
41684,115.251
41685,115.251
41686,115.251
41687,115.251
41688,115.251
41689,115.251
41690,115.251
41691,115.251
41692,115.251
41693,115.251
41694,115.251
41695,115.251
41696,115.251
41697,115.251
41698,115.251
41699,115.251
41700,115.251
41701,115.251
41702,113.226
41703,113.226
41704,113.226
41705,113.226
41706,113.226
41707,113.226
41708,113.226
41709,113.226
41710,113.226
41711,113.226
41712,113.226
41713,113.226
41714,113.226
41715,113.226
41716,113.226
41717,113.226
41718,113.226
41719,113.226
41720,113.226
41721,113.226
41722,115.859
41723,115.859
41724,115.859
41725,115.859
41726,115.859
41727,115.859
41728,115.859
41729,115.859
41730,115.859
41731,115.859
41732,115.859
41733,115.859
41734,115.859
41735,115.859
41736,115.859
41737,115.859
41738,115.859
41739,115.859
41740,115.859
41741,115.859
41742,112.89
41743,112.89
41744,112.89
41745,112.89
41746,112.89
41747,112.89
41748,112.89
41749,112.89
41750,112.89
41751,112.89
41752,112.89
41753,112.89
41754,112.89
41755,112.89
41756,112.89
41757,112.89
41758,112.89
41759,112.89
41760,112.89
41761,112.89
41762,116.459
41763,116.459
41764,116.459
41765,116.459
41766,116.459
41767,116.459
41768,116.459
41769,116.459
41770,116.459
41771,116.459
41772,116.459
41773,116.459
41774,116.459
41775,116.459
41776,116.459
41777,116.459
41778,116.459
41779,116.459
41780,116.459
41781,116.459
41782,114.979
41783,114.979
41784,114.979
41785,114.979
41786,114.979
41787,114.979
41788,114.979
41789,114.979
41790,114.979
41791,114.979
41792,114.979
41793,114.979
41794,114.979
41795,114.979
41796,114.979
41797,114.979
41798,114.979
41799,114.979
41800,114.979
41801,114.979
41802,114.979
41803,114.706
41804,114.706
41805,114.706
41806,114.706
41807,114.706
41808,114.706
41809,114.706
41810,114.706
41811,114.706
41812,114.706
41813,114.706
41814,114.706
41815,114.706
41816,114.706
41817,114.706
41818,114.706
41819,114.706
41820,114.706
41821,114.706
41822,114.706
41823,117.059
41824,117.059
41825,117.059
41826,117.059
41827,117.059
41828,117.059
41829,117.059
41830,117.059
41831,117.059
41832,117.059
41833,117.059
41834,117.059
41835,117.059
41836,117.059
41837,117.059
41838,117.059
41839,117.059
41840,117.059
41841,117.059
41842,117.059
41843,114.098
41844,114.098
41845,114.098
41846,114.098
41847,114.098
41848,114.098
41849,114.098
41850,114.098
41851,114.098
41852,114.098
41853,114.098
41854,114.098
41855,114.098
41856,114.098
41857,114.098
41858,114.098
41859,114.098
41860,114.098
41861,114.098
41862,114.098
41863,118.485
41864,118.485
41865,118.485
41866,118.485
41867,118.485
41868,118.485
41869,118.485
41870,118.485
41871,118.485
41872,118.485
41873,118.485
41874,118.485
41875,118.485
41876,118.485
41877,118.485
41878,118.485
41879,118.485
41880,118.485
41881,118.485
41882,118.485
41883,115.579
41884,115.579
41885,115.579
41886,115.579
41887,115.579
41888,115.579
41889,115.579
41890,115.579
41891,115.579
41892,115.579
41893,115.579
41894,115.579
41895,115.579
41896,115.579
41897,115.579
41898,115.579
41899,115.579
41900,115.579
41901,115.579
41902,115.579
41903,116.132
41904,116.132
41905,116.132
41906,116.132
41907,116.132
41908,116.132
41909,116.132
41910,116.132
41911,116.132
41912,116.132
41913,116.132
41914,116.132
41915,116.132
41916,116.132
41917,116.132
41918,116.132
41919,116.132
41920,116.132
41921,116.132
41922,116.132
41923,116.732
41924,116.732
41925,116.732
41926,116.732
41927,116.732
41928,116.732
41929,116.732
41930,116.732
41931,116.732
41932,116.732
41933,116.732
41934,116.732
41935,116.732
41936,116.732
41937,116.732
41938,116.732
41939,116.732
41940,116.732
41941,116.732
41942,116.732
41943,114.979
41944,114.979
41945,114.979
41946,114.979
41947,114.979
41948,114.979
41949,114.979
41950,114.979
41951,114.979
41952,114.979
41953,114.979
41954,114.979
41955,114.979
41956,114.979
41957,114.979
41958,114.979
41959,114.979
41960,114.979
41961,114.979
41962,114.979
41963,118.212
41964,118.212
41965,118.212
41966,118.212
41967,118.212
41968,118.212
41969,118.212
41970,118.212
41971,118.212
41972,118.212
41973,118.212
41974,118.212
41975,118.212
41976,118.212
41977,118.212
41978,118.212
41979,118.212
41980,118.212
41981,118.212
41982,118.212
41983,114.371
41984,114.371
41985,114.371
41986,114.371
41987,114.371
41988,114.371
41989,114.371
41990,114.371
41991,114.371
41992,114.371
41993,114.371
41994,114.371
41995,114.371
41996,114.371
41997,114.371
41998,114.371
41999,114.371
42000,114.371
42001,114.371
42002,114.371
42003,115.579
42004,115.579
42005,115.579
42006,115.579
42007,115.579
42008,115.579
42009,115.579
42010,115.579
42011,115.579
42012,115.579
42013,115.579
42014,115.579
42015,115.579
42016,115.579
42017,115.579
42018,115.579
42019,115.579
42020,115.579
42021,115.579
42022,115.579
42023,115.251
42024,115.251
42025,115.251
42026,115.251
42027,115.251
42028,115.251
42029,115.251
42030,115.251
42031,115.251
42032,115.251
42033,115.251
42034,115.251
42035,115.251
42036,115.251
42037,115.251
42038,115.251
42039,115.251
42040,115.251
42041,115.251
42042,115.251
42043,115.251
42044,112.89
42045,112.89
42046,112.89
42047,112.89
42048,112.89
42049,112.89
42050,112.89
42051,112.89
42052,112.89
42053,112.89
42054,112.89
42055,112.89
42056,112.89
42057,112.89
42058,112.89
42059,112.89
42060,112.89
42061,112.89
42062,112.89
42063,112.89
42064,115.579
42065,115.579
42066,115.579
42067,115.579
42068,115.579
42069,115.579
42070,115.579
42071,115.579
42072,115.579
42073,115.579
42074,115.579
42075,115.579
42076,115.579
42077,115.579
42078,115.579
42079,115.579
42080,115.579
42081,115.579
42082,115.579
42083,115.579
42084,112.89
42085,112.89
42086,112.89
42087,112.89
42088,112.89
42089,112.89
42090,112.89
42091,112.89
42092,112.89
42093,112.89
42094,112.89
42095,112.89
42096,112.89
42097,112.89
42098,112.89
42099,112.89
42100,112.89
42101,112.89
42102,112.89
42103,112.89
42104,116.459
42105,116.459
42106,116.459
42107,116.459
42108,116.459
42109,116.459
42110,116.459
42111,116.459
42112,116.459
42113,116.459
42114,116.459
42115,116.459
42116,116.459
42117,116.459
42118,116.459
42119,116.459
42120,116.459
42121,116.459
42122,116.459
42123,116.459
42124,114.098
42125,114.098
42126,114.098
42127,114.098
42128,114.098
42129,114.098
42130,114.098
42131,114.098
42132,114.098
42133,114.098
42134,114.098
42135,114.098
42136,114.098
42137,114.098
42138,114.098
42139,114.098
42140,114.098
42141,114.098
42142,114.098
42143,114.098
42144,113.498
42145,113.498
42146,113.498
42147,113.498
42148,113.498
42149,113.498
42150,113.498
42151,113.498
42152,113.498
42153,113.498
42154,113.498
42155,113.498
42156,113.498
42157,113.498
42158,113.498
42159,113.498
42160,113.498
42161,113.498
42162,113.498
42163,113.498
42164,115.579
42165,115.579
42166,115.579
42167,115.579
42168,115.579
42169,115.579
42170,115.579
42171,115.579
42172,115.579
42173,115.579
42174,115.579
42175,115.579
42176,115.579
42177,115.579
42178,115.579
42179,115.579
42180,115.579
42181,115.579
42182,115.579
42183,115.579
42184,113.771
42185,113.771
42186,113.771
42187,113.771
42188,113.771
42189,113.771
42190,113.771
42191,113.771
42192,113.771
42193,113.771
42194,113.771
42195,113.771
42196,113.771
42197,113.771
42198,113.771
42199,113.771
42200,113.771
42201,113.771
42202,113.771
42203,113.771
42204,118.212
42205,118.212
42206,118.212
42207,118.212
42208,118.212
42209,118.212
42210,118.212
42211,118.212
42212,118.212
42213,118.212
42214,118.212
42215,118.212
42216,118.212
42217,118.212
42218,118.212
42219,118.212
42220,118.212
42221,118.212
42222,118.212
42223,118.212
42224,114.979
42225,114.979
42226,114.979
42227,114.979
42228,114.979
42229,114.979
42230,114.979
42231,114.979
42232,114.979
42233,114.979
42234,114.979
42235,114.979
42236,114.979
42237,114.979
42238,114.979
42239,114.979
42240,114.979
42241,114.979
42242,114.979
42243,114.979
42244,116.732
42245,116.732
42246,116.732
42247,116.732
42248,116.732
42249,116.732
42250,116.732
42251,116.732
42252,116.732
42253,116.732
42254,116.732
42255,116.732
42256,116.732
42257,116.732
42258,116.732
42259,116.732
42260,116.732
42261,116.732
42262,116.732
42263,116.732
42264,116.732
42265,116.732
42266,116.732
42267,116.732
42268,116.732
42269,116.732
42270,116.732
42271,116.732
42272,116.732
42273,116.732
42274,116.732
42275,116.732
42276,116.732
42277,116.732
42278,116.732
42279,116.732
42280,116.732
42281,116.732
42282,116.732
42283,116.732
42284,116.732
42285,114.098
42286,114.098
42287,114.098
42288,114.098
42289,114.098
42290,114.098
42291,114.098
42292,114.098
42293,114.098
42294,114.098
42295,114.098
42296,114.098
42297,114.098
42298,114.098
42299,114.098
42300,114.098
42301,114.098
42302,114.098
42303,114.098
42304,114.098
42305,116.459
42306,116.459
42307,116.459
42308,116.459
42309,116.459
42310,116.459
42311,116.459
42312,116.459
42313,116.459
42314,116.459
42315,116.459
42316,116.459
42317,116.459
42318,116.459
42319,116.459
42320,116.459
42321,116.459
42322,116.459
42323,116.459
42324,116.459
42325,113.771
42326,113.771
42327,113.771
42328,113.771
42329,113.771
42330,113.771
42331,113.771
42332,113.771
42333,113.771
42334,113.771
42335,113.771
42336,113.771
42337,113.771
42338,113.771
42339,113.771
42340,113.771
42341,113.771
42342,113.771
42343,113.771
42344,113.771
42345,115.579
42346,115.579
42347,115.579
42348,115.579
42349,115.579
42350,115.579
42351,115.579
42352,115.579
42353,115.579
42354,115.579
42355,115.579
42356,115.579
42357,115.579
42358,115.579
42359,115.579
42360,115.579
42361,115.579
42362,115.579
42363,115.579
42364,115.579
42365,114.706
42366,114.706
42367,114.706
42368,114.706
42369,114.706
42370,114.706
42371,114.706
42372,114.706
42373,114.706
42374,114.706
42375,114.706
42376,114.706
42377,114.706
42378,114.706
42379,114.706
42380,114.706
42381,114.706
42382,114.706
42383,114.706
42384,114.706
42385,112.733
42386,112.733
42387,112.733
42388,112.733
42389,112.733
42390,112.733
42391,112.733
42392,112.733
42393,112.733
42394,112.733
42395,112.733
42396,112.733
42397,112.733
42398,112.733
42399,112.733
42400,112.733
42401,112.733
42402,112.733
42403,112.733
42404,112.733
42405,115.579
42406,115.579
42407,115.579
42408,115.579
42409,115.579
42410,115.579
42411,115.579
42412,115.579
42413,115.579
42414,115.579
42415,115.579
42416,115.579
42417,115.579
42418,115.579
42419,115.579
42420,115.579
42421,115.579
42422,115.579
42423,115.579
42424,115.579
42425,112.89
42426,112.89
42427,112.89
42428,112.89
42429,112.89
42430,112.89
42431,112.89
42432,112.89
42433,112.89
42434,112.89
42435,112.89
42436,112.89
42437,112.89
42438,112.89
42439,112.89
42440,112.89
42441,112.89
42442,112.89
42443,112.89
42444,112.89
42445,117.059
42446,117.059
42447,117.059
42448,117.059
42449,117.059
42450,117.059
42451,117.059
42452,117.059
42453,117.059
42454,117.059
42455,117.059
42456,117.059
42457,117.059
42458,117.059
42459,117.059
42460,117.059
42461,117.059
42462,117.059
42463,117.059
42464,117.059
42465,117.059
42466,114.098
42467,114.098
42468,114.098
42469,114.098
42470,114.098
42471,114.098
42472,114.098
42473,114.098
42474,114.098
42475,114.098
42476,114.098
42477,114.098
42478,114.098
42479,114.098
42480,114.098
42481,114.098
42482,114.098
42483,114.098
42484,114.098
42485,114.098
42486,114.098
42487,114.098
42488,114.098
42489,114.098
42490,114.098
42491,114.098
42492,114.098
42493,114.098
42494,114.098
42495,114.098
42496,114.098
42497,114.098
42498,114.098
42499,114.098
42500,114.098
42501,114.098
42502,114.098
42503,114.098
42504,114.098
42505,114.098
42506,116.732
42507,116.732
42508,116.732
42509,116.732
42510,116.732
42511,116.732
42512,116.732
42513,116.732
42514,116.732
42515,116.732
42516,116.732
42517,116.732
42518,116.732
42519,116.732
42520,116.732
42521,116.732
42522,116.732
42523,116.732
42524,116.732
42525,116.732
42526,114.371
42527,114.371
42528,114.371
42529,114.371
42530,114.371
42531,114.371
42532,114.371
42533,114.371
42534,114.371
42535,114.371
42536,114.371
42537,114.371
42538,114.371
42539,114.371
42540,114.371
42541,114.371
42542,114.371
42543,114.371
42544,114.371
42545,114.371
42546,118.212
42547,118.212
42548,118.212
42549,118.212
42550,118.212
42551,118.212
42552,118.212
42553,118.212
42554,118.212
42555,118.212
42556,118.212
42557,118.212
42558,118.212
42559,118.212
42560,118.212
42561,118.212
42562,118.212
42563,118.212
42564,118.212
42565,118.212
42566,115.579
42567,115.579
42568,115.579
42569,115.579
42570,115.579
42571,115.579
42572,115.579
42573,115.579
42574,115.579
42575,115.579
42576,115.579
42577,115.579
42578,115.579
42579,115.579
42580,115.579
42581,115.579
42582,115.579
42583,115.579
42584,115.579
42585,115.579
42586,116.459
42587,116.459
42588,116.459
42589,116.459
42590,116.459
42591,116.459
42592,116.459
42593,116.459
42594,116.459
42595,116.459
42596,116.459
42597,116.459
42598,116.459
42599,116.459
42600,116.459
42601,116.459
42602,116.459
42603,116.459
42604,116.459
42605,116.459
42606,115.579
42607,115.579
42608,115.579
42609,115.579
42610,115.579
42611,115.579
42612,115.579
42613,115.579
42614,115.579
42615,115.579
42616,115.579
42617,115.579
42618,115.579
42619,115.579
42620,115.579
42621,115.579
42622,115.579
42623,115.579
42624,115.579
42625,115.579
42626,113.226
42627,113.226
42628,113.226
42629,113.226
42630,113.226
42631,113.226
42632,113.226
42633,113.226
42634,113.226
42635,113.226
42636,113.226
42637,113.226
42638,113.226
42639,113.226
42640,113.226
42641,113.226
42642,113.226
42643,113.226
42644,113.226
42645,113.226
42646,113.226
42647,116.852
42648,116.852
42649,116.852
42650,116.852
42651,116.852
42652,116.852
42653,116.852
42654,116.852
42655,116.852
42656,116.852
42657,116.852
42658,116.852
42659,116.852
42660,116.852
42661,116.852
42662,116.852
42663,116.852
42664,116.852
42665,116.852
42666,116.852
42667,113.498
42668,113.498
42669,113.498
42670,113.498
42671,113.498
42672,113.498
42673,113.498
42674,113.498
42675,113.498
42676,113.498
42677,113.498
42678,113.498
42679,113.498
42680,113.498
42681,113.498
42682,113.498
42683,113.498
42684,113.498
42685,113.498
42686,113.498
42687,116.459
42688,116.459
42689,116.459
42690,116.459
42691,116.459
42692,116.459
42693,116.459
42694,116.459
42695,116.459
42696,116.459
42697,116.459
42698,116.459
42699,116.459
42700,116.459
42701,116.459
42702,116.459
42703,116.459
42704,116.459
42705,116.459
42706,116.459
42707,114.979
42708,114.979
42709,114.979
42710,114.979
42711,114.979
42712,114.979
42713,114.979
42714,114.979
42715,114.979
42716,114.979
42717,114.979
42718,114.979
42719,114.979
42720,114.979
42721,114.979
42722,114.979
42723,114.979
42724,114.979
42725,114.979
42726,114.979
42727,112.89
42728,112.89
42729,112.89
42730,112.89
42731,112.89
42732,112.89
42733,112.89
42734,112.89
42735,112.89
42736,112.89
42737,112.89
42738,112.89
42739,112.89
42740,112.89
42741,112.89
42742,112.89
42743,112.89
42744,112.89
42745,112.89
42746,112.89
42747,115.579
42748,115.579
42749,115.579
42750,115.579
42751,115.579
42752,115.579
42753,115.579
42754,115.579
42755,115.579
42756,115.579
42757,115.579
42758,115.579
42759,115.579
42760,115.579
42761,115.579
42762,115.579
42763,115.579
42764,115.579
42765,115.579
42766,115.579
42767,113.226
42768,113.226
42769,113.226
42770,113.226
42771,113.226
42772,113.226
42773,113.226
42774,113.226
42775,113.226
42776,113.226
42777,113.226
42778,113.226
42779,113.226
42780,113.226
42781,113.226
42782,113.226
42783,113.226
42784,113.226
42785,113.226
42786,113.226
42787,117.612
42788,117.612
42789,117.612
42790,117.612
42791,117.612
42792,117.612
42793,117.612
42794,117.612
42795,117.612
42796,117.612
42797,117.612
42798,117.612
42799,117.612
42800,117.612
42801,117.612
42802,117.612
42803,117.612
42804,117.612
42805,117.612
42806,117.612
42807,115.251
42808,115.251
42809,115.251
42810,115.251
42811,115.251
42812,115.251
42813,115.251
42814,115.251
42815,115.251
42816,115.251
42817,115.251
42818,115.251
42819,115.251
42820,115.251
42821,115.251
42822,115.251
42823,115.251
42824,115.251
42825,115.251
42826,115.251
42827,114.706
42828,114.706
42829,114.706
42830,114.706
42831,114.706
42832,114.706
42833,114.706
42834,114.706
42835,114.706
42836,114.706
42837,114.706
42838,114.706
42839,114.706
42840,114.706
42841,114.706
42842,114.706
42843,114.706
42844,114.706
42845,114.706
42846,114.706
42847,114.706
42848,116.732
42849,116.732
42850,116.732
42851,116.732
42852,116.732
42853,116.732
42854,116.732
42855,116.732
42856,116.732
42857,116.732
42858,116.732
42859,116.732
42860,116.732
42861,116.732
42862,116.732
42863,116.732
42864,116.732
42865,116.732
42866,116.732
42867,116.732
42868,114.706
42869,114.706
42870,114.706
42871,114.706
42872,114.706
42873,114.706
42874,114.706
42875,114.706
42876,114.706
42877,114.706
42878,114.706
42879,114.706
42880,114.706
42881,114.706
42882,114.706
42883,114.706
42884,114.706
42885,114.706
42886,114.706
42887,114.706
42888,118.82
42889,118.82
42890,118.82
42891,118.82
42892,118.82
42893,118.82
42894,118.82
42895,118.82
42896,118.82
42897,118.82
42898,118.82
42899,118.82
42900,118.82
42901,118.82
42902,118.82
42903,118.82
42904,118.82
42905,118.82
42906,118.82
42907,118.82
42908,115.37
42909,115.37
42910,115.37
42911,115.37
42912,115.37
42913,115.37
42914,115.37
42915,115.37
42916,115.37
42917,115.37
42918,115.37
42919,115.37
42920,115.37
42921,115.37
42922,115.37
42923,115.37
42924,115.37
42925,115.37
42926,115.37
42927,115.37
42928,117.179
42929,117.179
42930,117.179
42931,117.179
42932,117.179
42933,117.179
42934,117.179
42935,117.179
42936,117.179
42937,117.179
42938,117.179
42939,117.179
42940,117.179
42941,117.179
42942,117.179
42943,117.179
42944,117.179
42945,117.179
42946,117.179
42947,117.179
42948,116.852
42949,116.852
42950,116.852
42951,116.852
42952,116.852
42953,116.852
42954,116.852
42955,116.852
42956,116.852
42957,116.852
42958,116.852
42959,116.852
42960,116.852
42961,116.852
42962,116.852
42963,116.852
42964,116.852
42965,116.852
42966,116.852
42967,116.852
42968,114.979
42969,114.979
42970,114.979
42971,114.979
42972,114.979
42973,114.979
42974,114.979
42975,114.979
42976,114.979
42977,114.979
42978,114.979
42979,114.979
42980,114.979
42981,114.979
42982,114.979
42983,114.979
42984,114.979
42985,114.979
42986,114.979
42987,114.979
42988,118.212
42989,118.212
42990,118.212
42991,118.212
42992,118.212
42993,118.212
42994,118.212
42995,118.212
42996,118.212
42997,118.212
42998,118.212
42999,118.212
43000,118.212
43001,118.212
43002,118.212
43003,118.212
43004,118.212
43005,118.212
43006,118.212
43007,118.212
43008,115.251
43009,115.251
43010,115.251
43011,115.251
43012,115.251
43013,115.251
43014,115.251
43015,115.251
43016,115.251
43017,115.251
43018,115.251
43019,115.251
43020,115.251
43021,115.251
43022,115.251
43023,115.251
43024,115.251
43025,115.251
43026,115.251
43027,115.251
43028,117.34
43029,117.34
43030,117.34
43031,117.34
43032,117.34
43033,117.34
43034,117.34
43035,117.34
43036,117.34
43037,117.34
43038,117.34
43039,117.34
43040,117.34
43041,117.34
43042,117.34
43043,117.34
43044,117.34
43045,117.34
43046,117.34
43047,117.34
43048,116.732
43049,116.732
43050,116.732
43051,116.732
43052,116.732
43053,116.732
43054,116.732
43055,116.732
43056,116.732
43057,116.732
43058,116.732
43059,116.732
43060,116.732
43061,116.732
43062,116.732
43063,116.732
43064,116.732
43065,116.732
43066,116.732
43067,116.732
43068,116.732
43069,114.098
43070,114.098
43071,114.098
43072,114.098
43073,114.098
43074,114.098
43075,114.098
43076,114.098
43077,114.098
43078,114.098
43079,114.098
43080,114.098
43081,114.098
43082,114.098
43083,114.098
43084,114.098
43085,114.098
43086,114.098
43087,114.098
43088,114.098
43089,117.34
43090,117.34
43091,117.34
43092,117.34
43093,117.34
43094,117.34
43095,117.34
43096,117.34
43097,117.34
43098,117.34
43099,117.34
43100,117.34
43101,117.34
43102,117.34
43103,117.34
43104,117.34
43105,117.34
43106,117.34
43107,117.34
43108,117.34
43109,114.098
43110,114.098
43111,114.098
43112,114.098
43113,114.098
43114,114.098
43115,114.098
43116,114.098
43117,114.098
43118,114.098
43119,114.098
43120,114.098
43121,114.098
43122,114.098
43123,114.098
43124,114.098
43125,114.098
43126,114.098
43127,114.098
43128,114.098
43129,117.612
43130,117.612
43131,117.612
43132,117.612
43133,117.612
43134,117.612
43135,117.612
43136,117.612
43137,117.612
43138,117.612
43139,117.612
43140,117.612
43141,117.612
43142,117.612
43143,117.612
43144,117.612
43145,117.612
43146,117.612
43147,117.612
43148,117.612
43149,115.859
43150,115.859
43151,115.859
43152,115.859
43153,115.859
43154,115.859
43155,115.859
43156,115.859
43157,115.859
43158,115.859
43159,115.859
43160,115.859
43161,115.859
43162,115.859
43163,115.859
43164,115.859
43165,115.859
43166,115.859
43167,115.859
43168,115.859
43169,114.371
43170,114.371
43171,114.371
43172,114.371
43173,114.371
43174,114.371
43175,114.371
43176,114.371
43177,114.371
43178,114.371
43179,114.371
43180,114.371
43181,114.371
43182,114.371
43183,114.371
43184,114.371
43185,114.371
43186,114.371
43187,114.371
43188,114.371
43189,116.251
43190,116.251
43191,116.251
43192,116.251
43193,116.251
43194,116.251
43195,116.251
43196,116.251
43197,116.251
43198,116.251
43199,116.251
43200,116.251
43201,116.251
43202,116.251
43203,116.251
43204,116.251
43205,116.251
43206,116.251
43207,116.251
43208,116.251
43209,112.89
43210,112.89
43211,112.89
43212,112.89
43213,112.89
43214,112.89
43215,112.89
43216,112.89
43217,112.89
43218,112.89
43219,112.89
43220,112.89
43221,112.89
43222,112.89
43223,112.89
43224,112.89
43225,112.89
43226,112.89
43227,112.89
43228,112.89
43229,117.059
43230,117.059
43231,117.059
43232,117.059
43233,117.059
43234,117.059
43235,117.059
43236,117.059
43237,117.059
43238,117.059
43239,117.059
43240,117.059
43241,117.059
43242,117.059
43243,117.059
43244,117.059
43245,117.059
43246,117.059
43247,117.059
43248,117.059
43249,114.098
43250,114.098
43251,114.098
43252,114.098
43253,114.098
43254,114.098
43255,114.098
43256,114.098
43257,114.098
43258,114.098
43259,114.098
43260,114.098
43261,114.098
43262,114.098
43263,114.098
43264,114.098
43265,114.098
43266,114.098
43267,114.098
43268,114.098
43269,115.579
43270,115.579
43271,115.579
43272,115.579
43273,115.579
43274,115.579
43275,115.579
43276,115.579
43277,115.579
43278,115.579
43279,115.579
43280,115.579
43281,115.579
43282,115.579
43283,115.579
43284,115.579
43285,115.579
43286,115.579
43287,115.579
43288,115.579
43289,115.579
43290,115.251
43291,115.251
43292,115.251
43293,115.251
43294,115.251
43295,115.251
43296,115.251
43297,115.251
43298,115.251
43299,115.251
43300,115.251
43301,115.251
43302,115.251
43303,115.251
43304,115.251
43305,115.251
43306,115.251
43307,115.251
43308,115.251
43309,115.251
43310,113.615
43311,113.615
43312,113.615
43313,113.615
43314,113.615
43315,113.615
43316,113.615
43317,113.615
43318,113.615
43319,113.615
43320,113.615
43321,113.615
43322,113.615
43323,113.615
43324,113.615
43325,113.615
43326,113.615
43327,113.615
43328,113.615
43329,113.615
43330,116.732
43331,116.732
43332,116.732
43333,116.732
43334,116.732
43335,116.732
43336,116.732
43337,116.732
43338,116.732
43339,116.732
43340,116.732
43341,116.732
43342,116.732
43343,116.732
43344,116.732
43345,116.732
43346,116.732
43347,116.732
43348,116.732
43349,116.732
43350,113.498
43351,113.498
43352,113.498
43353,113.498
43354,113.498
43355,113.498
43356,113.498
43357,113.498
43358,113.498
43359,113.498
43360,113.498
43361,113.498
43362,113.498
43363,113.498
43364,113.498
43365,113.498
43366,113.498
43367,113.498
43368,113.498
43369,113.498
43370,116.132
43371,116.132
43372,116.132
43373,116.132
43374,116.132
43375,116.132
43376,116.132
43377,116.132
43378,116.132
43379,116.132
43380,116.132
43381,116.132
43382,116.132
43383,116.132
43384,116.132
43385,116.132
43386,116.132
43387,116.132
43388,116.132
43389,116.132
43390,114.706
43391,114.706
43392,114.706
43393,114.706
43394,114.706
43395,114.706
43396,114.706
43397,114.706
43398,114.706
43399,114.706
43400,114.706
43401,114.706
43402,114.706
43403,114.706
43404,114.706
43405,114.706
43406,114.706
43407,114.706
43408,114.706
43409,114.706
43410,112.618
43411,112.618
43412,112.618
43413,112.618
43414,112.618
43415,112.618
43416,112.618
43417,112.618
43418,112.618
43419,112.618
43420,112.618
43421,112.618
43422,112.618
43423,112.618
43424,112.618
43425,112.618
43426,112.618
43427,112.618
43428,112.618
43429,112.618
43430,115.579
43431,115.579
43432,115.579
43433,115.579
43434,115.579
43435,115.579
43436,115.579
43437,115.579
43438,115.579
43439,115.579
43440,115.579
43441,115.579
43442,115.579
43443,115.579
43444,115.579
43445,115.579
43446,115.579
43447,115.579
43448,115.579
43449,115.579
43450,113.226
43451,113.226
43452,113.226
43453,113.226
43454,113.226
43455,113.226
43456,113.226
43457,113.226
43458,113.226
43459,113.226
43460,113.226
43461,113.226
43462,113.226
43463,113.226
43464,113.226
43465,113.226
43466,113.226
43467,113.226
43468,113.226
43469,113.226
43470,113.226
43471,116.732
43472,116.732
43473,116.732
43474,116.732
43475,116.732
43476,116.732
43477,116.732
43478,116.732
43479,116.732
43480,116.732
43481,116.732
43482,116.732
43483,116.732
43484,116.732
43485,116.732
43486,116.732
43487,116.732
43488,116.732
43489,116.732
43490,116.732
43491,114.098
43492,114.098
43493,114.098
43494,114.098
43495,114.098
43496,114.098
43497,114.098
43498,114.098
43499,114.098
43500,114.098
43501,114.098
43502,114.098
43503,114.098
43504,114.098
43505,114.098
43506,114.098
43507,114.098
43508,114.098
43509,114.098
43510,114.098
43511,113.498
43512,113.498
43513,113.498
43514,113.498
43515,113.498
43516,113.498
43517,113.498
43518,113.498
43519,113.498
43520,113.498
43521,113.498
43522,113.498
43523,113.498
43524,113.498
43525,113.498
43526,113.498
43527,113.498
43528,113.498
43529,113.498
43530,113.498
43531,115.579
43532,115.579
43533,115.579
43534,115.579
43535,115.579
43536,115.579
43537,115.579
43538,115.579
43539,115.579
43540,115.579
43541,115.579
43542,115.579
43543,115.579
43544,115.579
43545,115.579
43546,115.579
43547,115.579
43548,115.579
43549,115.579
43550,115.579
43551,113.498
43552,113.498
43553,113.498
43554,113.498
43555,113.498
43556,113.498
43557,113.498
43558,113.498
43559,113.498
43560,113.498
43561,113.498
43562,113.498
43563,113.498
43564,113.498
43565,113.498
43566,113.498
43567,113.498
43568,113.498
43569,113.498
43570,113.498
43571,116.732
43572,116.732
43573,116.732
43574,116.732
43575,116.732
43576,116.732
43577,116.732
43578,116.732
43579,116.732
43580,116.732
43581,116.732
43582,116.732
43583,116.732
43584,116.732
43585,116.732
43586,116.732
43587,116.732
43588,116.732
43589,116.732
43590,116.732
43591,116.732
43592,114.098
43593,114.098
43594,114.098
43595,114.098
43596,114.098
43597,114.098
43598,114.098
43599,114.098
43600,114.098
43601,114.098
43602,114.098
43603,114.098
43604,114.098
43605,114.098
43606,114.098
43607,114.098
43608,114.098
43609,114.098
43610,114.098
43611,116.132
43612,116.132
43613,116.132
43614,116.132
43615,116.132
43616,116.132
43617,116.132
43618,116.132
43619,116.132
43620,116.132
43621,116.132
43622,116.132
43623,116.132
43624,116.132
43625,116.132
43626,116.132
43627,116.132
43628,116.132
43629,116.132
43630,116.132
43631,115.251
43632,115.251
43633,115.251
43634,115.251
43635,115.251
43636,115.251
43637,115.251
43638,115.251
43639,115.251
43640,115.251
43641,115.251
43642,115.251
43643,115.251
43644,115.251
43645,115.251
43646,115.251
43647,115.251
43648,115.251
43649,115.251
43650,115.251
43651,113.226
43652,113.226
43653,113.226
43654,113.226
43655,113.226
43656,113.226
43657,113.226
43658,113.226
43659,113.226
43660,113.226
43661,113.226
43662,113.226
43663,113.226
43664,113.226
43665,113.226
43666,113.226
43667,113.226
43668,113.226
43669,113.226
43670,113.226
43671,113.226
43672,116.132
43673,116.132
43674,116.132
43675,116.132
43676,116.132
43677,116.132
43678,116.132
43679,116.132
43680,116.132
43681,116.132
43682,116.132
43683,116.132
43684,116.132
43685,116.132
43686,116.132
43687,116.132
43688,116.132
43689,116.132
43690,116.132
43691,116.132
43692,113.006
43693,113.006
43694,113.006
43695,113.006
43696,113.006
43697,113.006
43698,113.006
43699,113.006
43700,113.006
43701,113.006
43702,113.006
43703,113.006
43704,113.006
43705,113.006
43706,113.006
43707,113.006
43708,113.006
43709,113.006
43710,113.006
43711,113.006
43712,116.459
43713,116.459
43714,116.459
43715,116.459
43716,116.459
43717,116.459
43718,116.459
43719,116.459
43720,116.459
43721,116.459
43722,116.459
43723,116.459
43724,116.459
43725,116.459
43726,116.459
43727,116.459
43728,116.459
43729,116.459
43730,116.459
43731,116.459
43732,114.706
43733,114.706
43734,114.706
43735,114.706
43736,114.706
43737,114.706
43738,114.706
43739,114.706
43740,114.706
43741,114.706
43742,114.706
43743,114.706
43744,114.706
43745,114.706
43746,114.706
43747,114.706
43748,114.706
43749,114.706
43750,114.706
43751,114.706
43752,112.89
43753,112.89
43754,112.89
43755,112.89
43756,112.89
43757,112.89
43758,112.89
43759,112.89
43760,112.89
43761,112.89
43762,112.89
43763,112.89
43764,112.89
43765,112.89
43766,112.89
43767,112.89
43768,112.89
43769,112.89
43770,112.89
43771,112.89
43772,115.579
43773,115.579
43774,115.579
43775,115.579
43776,115.579
43777,115.579
43778,115.579
43779,115.579
43780,115.579
43781,115.579
43782,115.579
43783,115.579
43784,115.579
43785,115.579
43786,115.579
43787,115.579
43788,115.579
43789,115.579
43790,115.579
43791,115.579
43792,112.618
43793,112.618
43794,112.618
43795,112.618
43796,112.618
43797,112.618
43798,112.618
43799,112.618
43800,112.618
43801,112.618
43802,112.618
43803,112.618
43804,112.618
43805,112.618
43806,112.618
43807,112.618
43808,112.618
43809,112.618
43810,112.618
43811,112.618
43812,117.059
43813,117.059
43814,117.059
43815,117.059
43816,117.059
43817,117.059
43818,117.059
43819,117.059
43820,117.059
43821,117.059
43822,117.059
43823,117.059
43824,117.059
43825,117.059
43826,117.059
43827,117.059
43828,117.059
43829,117.059
43830,117.059
43831,117.059
43832,113.771
43833,113.771
43834,113.771
43835,113.771
43836,113.771
43837,113.771
43838,113.771
43839,113.771
43840,113.771
43841,113.771
43842,113.771
43843,113.771
43844,113.771
43845,113.771
43846,113.771
43847,113.771
43848,113.771
43849,113.771
43850,113.771
43851,113.771
43852,114.098
43853,114.098
43854,114.098
43855,114.098
43856,114.098
43857,114.098
43858,114.098
43859,114.098
43860,114.098
43861,114.098
43862,114.098
43863,114.098
43864,114.098
43865,114.098
43866,114.098
43867,114.098
43868,114.098
43869,114.098
43870,114.098
43871,114.098
43872,115.579
43873,115.579
43874,115.579
43875,115.579
43876,115.579
43877,115.579
43878,115.579
43879,115.579
43880,115.579
43881,115.579
43882,115.579
43883,115.579
43884,115.579
43885,115.579
43886,115.579
43887,115.579
43888,115.579
43889,115.579
43890,115.579
43891,115.579
43892,114.371
43893,114.371
43894,114.371
43895,114.371
43896,114.371
43897,114.371
43898,114.371
43899,114.371
43900,114.371
43901,114.371
43902,114.371
43903,114.371
43904,114.371
43905,114.371
43906,114.371
43907,114.371
43908,114.371
43909,114.371
43910,114.371
43911,114.371
43912,114.371
43913,117.94
43914,117.94
43915,117.94
43916,117.94
43917,117.94
43918,117.94
43919,117.94
43920,117.94
43921,117.94
43922,117.94
43923,117.94
43924,117.94
43925,117.94
43926,117.94
43927,117.94
43928,117.94
43929,117.94
43930,117.94
43931,117.94
43932,117.94
43933,115.579
43934,115.579
43935,115.579
43936,115.579
43937,115.579
43938,115.579
43939,115.579
43940,115.579
43941,115.579
43942,115.579
43943,115.579
43944,115.579
43945,115.579
43946,115.579
43947,115.579
43948,115.579
43949,115.579
43950,115.579
43951,115.579
43952,115.579
43953,116.852
43954,116.852
43955,116.852
43956,116.852
43957,116.852
43958,116.852
43959,116.852
43960,116.852
43961,116.852
43962,116.852
43963,116.852
43964,116.852
43965,116.852
43966,116.852
43967,116.852
43968,116.852
43969,116.852
43970,116.852
43971,116.852
43972,116.852
43973,116.732
43974,116.732
43975,116.732
43976,116.732
43977,116.732
43978,116.732
43979,116.732
43980,116.732
43981,116.732
43982,116.732
43983,116.732
43984,116.732
43985,116.732
43986,116.732
43987,116.732
43988,116.732
43989,116.732
43990,116.732
43991,116.732
43992,116.732
43993,114.979
43994,114.979
43995,114.979
43996,114.979
43997,114.979
43998,114.979
43999,114.979
44000,114.979
44001,114.979
44002,114.979
44003,114.979
44004,114.979
44005,114.979
44006,114.979
44007,114.979
44008,114.979
44009,114.979
44010,114.979
44011,114.979
44012,114.979
44013,117.612
44014,117.612
44015,117.612
44016,117.612
44017,117.612
44018,117.612
44019,117.612
44020,117.612
44021,117.612
44022,117.612
44023,117.612
44024,117.612
44025,117.612
44026,117.612
44027,117.612
44028,117.612
44029,117.612
44030,117.612
44031,117.612
44032,117.612
44033,114.371
44034,114.371
44035,114.371
44036,114.371
44037,114.371
44038,114.371
44039,114.371
44040,114.371
44041,114.371
44042,114.371
44043,114.371
44044,114.371
44045,114.371
44046,114.371
44047,114.371
44048,114.371
44049,114.371
44050,114.371
44051,114.371
44052,114.371
44053,118.212
44054,118.212
44055,118.212
44056,118.212
44057,118.212
44058,118.212
44059,118.212
44060,118.212
44061,118.212
44062,118.212
44063,118.212
44064,118.212
44065,118.212
44066,118.212
44067,118.212
44068,118.212
44069,118.212
44070,118.212
44071,118.212
44072,118.212
44073,116.132
44074,116.132
44075,116.132
44076,116.132
44077,116.132
44078,116.132
44079,116.132
44080,116.132
44081,116.132
44082,116.132
44083,116.132
44084,116.132
44085,116.132
44086,116.132
44087,116.132
44088,116.132
44089,116.132
44090,116.132
44091,116.132
44092,116.132
44093,113.498
44094,113.498
44095,113.498
44096,113.498
44097,113.498
44098,113.498
44099,113.498
44100,113.498
44101,113.498
44102,113.498
44103,113.498
44104,113.498
44105,113.498
44106,113.498
44107,113.498
44108,113.498
44109,113.498
44110,113.498
44111,113.498
44112,113.498
44113,115.579
44114,115.579
44115,115.579
44116,115.579
44117,115.579
44118,115.579
44119,115.579
44120,115.579
44121,115.579
44122,115.579
44123,115.579
44124,115.579
44125,115.579
44126,115.579
44127,115.579
44128,115.579
44129,115.579
44130,115.579
44131,115.579
44132,115.579
44133,112.89
44134,112.89
44135,112.89
44136,112.89
44137,112.89
44138,112.89
44139,112.89
44140,112.89
44141,112.89
44142,112.89
44143,112.89
44144,112.89
44145,112.89
44146,112.89
44147,112.89
44148,112.89
44149,112.89
44150,112.89
44151,112.89
44152,112.89
44153,117.059
44154,117.059
44155,117.059
44156,117.059
44157,117.059
44158,117.059
44159,117.059
44160,117.059
44161,117.059
44162,117.059
44163,117.059
44164,117.059
44165,117.059
44166,117.059
44167,117.059
44168,117.059
44169,117.059
44170,117.059
44171,117.059
44172,117.059
44173,117.059
44174,114.098
44175,114.098
44176,114.098
44177,114.098
44178,114.098
44179,114.098
44180,114.098
44181,114.098
44182,114.098
44183,114.098
44184,114.098
44185,114.098
44186,114.098
44187,114.098
44188,114.098
44189,114.098
44190,114.098
44191,114.098
44192,114.098
44193,114.098
44194,113.771
44195,113.771
44196,113.771
44197,113.771
44198,113.771
44199,113.771
44200,113.771
44201,113.771
44202,113.771
44203,113.771
44204,113.771
44205,113.771
44206,113.771
44207,113.771
44208,113.771
44209,113.771
44210,113.771
44211,113.771
44212,113.771
44213,113.771
44214,115.579
44215,115.579
44216,115.579
44217,115.579
44218,115.579
44219,115.579
44220,115.579
44221,115.579
44222,115.579
44223,115.579
44224,115.579
44225,115.579
44226,115.579
44227,115.579
44228,115.579
44229,115.579
44230,115.579
44231,115.579
44232,115.579
44233,115.579
44234,114.098
44235,114.098
44236,114.098
44237,114.098
44238,114.098
44239,114.098
44240,114.098
44241,114.098
44242,114.098
44243,114.098
44244,114.098
44245,114.098
44246,114.098
44247,114.098
44248,114.098
44249,114.098
44250,114.098
44251,114.098
44252,114.098
44253,114.098
44254,116.732
44255,116.732
44256,116.732
44257,116.732
44258,116.732
44259,116.732
44260,116.732
44261,116.732
44262,116.732
44263,116.732
44264,116.732
44265,116.732
44266,116.732
44267,116.732
44268,116.732
44269,116.732
44270,116.732
44271,116.732
44272,116.732
44273,116.732
44274,114.098
44275,114.098
44276,114.098
44277,114.098
44278,114.098
44279,114.098
44280,114.098
44281,114.098
44282,114.098
44283,114.098
44284,114.098
44285,114.098
44286,114.098
44287,114.098
44288,114.098
44289,114.098
44290,114.098
44291,114.098
44292,114.098
44293,114.098
44294,115.251
44295,115.251
44296,115.251
44297,115.251
44298,115.251
44299,115.251
44300,115.251
44301,115.251
44302,115.251
44303,115.251
44304,115.251
44305,115.251
44306,115.251
44307,115.251
44308,115.251
44309,115.251
44310,115.251
44311,115.251
44312,115.251
44313,115.251
44314,114.979
44315,114.979
44316,114.979
44317,114.979
44318,114.979
44319,114.979
44320,114.979
44321,114.979
44322,114.979
44323,114.979
44324,114.979
44325,114.979
44326,114.979
44327,114.979
44328,114.979
44329,114.979
44330,114.979
44331,114.979
44332,114.979
44333,114.979
44334,112.89
44335,112.89
44336,112.89
44337,112.89
44338,112.89
44339,112.89
44340,112.89
44341,112.89
44342,112.89
44343,112.89
44344,112.89
44345,112.89
44346,112.89
44347,112.89
44348,112.89
44349,112.89
44350,112.89
44351,112.89
44352,112.89
44353,112.89
44354,116.132
44355,116.132
44356,116.132
44357,116.132
44358,116.132
44359,116.132
44360,116.132
44361,116.132
44362,116.132
44363,116.132
44364,116.132
44365,116.132
44366,116.132
44367,116.132
44368,116.132
44369,116.132
44370,116.132
44371,116.132
44372,116.132
44373,116.132
44374,113.226
44375,113.226
44376,113.226
44377,113.226
44378,113.226
44379,113.226
44380,113.226
44381,113.226
44382,113.226
44383,113.226
44384,113.226
44385,113.226
44386,113.226
44387,113.226
44388,113.226
44389,113.226
44390,113.226
44391,113.226
44392,113.226
44393,113.226
44394,113.226
44395,117.059
44396,117.059
44397,117.059
44398,117.059
44399,117.059
44400,117.059
44401,117.059
44402,117.059
44403,117.059
44404,117.059
44405,117.059
44406,117.059
44407,117.059
44408,117.059
44409,117.059
44410,117.059
44411,117.059
44412,117.059
44413,117.059
44414,117.059
44415,114.979
44416,114.979
44417,114.979
44418,114.979
44419,114.979
44420,114.979
44421,114.979
44422,114.979
44423,114.979
44424,114.979
44425,114.979
44426,114.979
44427,114.979
44428,114.979
44429,114.979
44430,114.979
44431,114.979
44432,114.979
44433,114.979
44434,114.979
44435,113.226
44436,113.226
44437,113.226
44438,113.226
44439,113.226
44440,113.226
44441,113.226
44442,113.226
44443,113.226
44444,113.226
44445,113.226
44446,113.226
44447,113.226
44448,113.226
44449,113.226
44450,113.226
44451,113.226
44452,113.226
44453,113.226
44454,113.226
44455,115.579
44456,115.579
44457,115.579
44458,115.579
44459,115.579
44460,115.579
44461,115.579
44462,115.579
44463,115.579
44464,115.579
44465,115.579
44466,115.579
44467,115.579
44468,115.579
44469,115.579
44470,115.579
44471,115.579
44472,115.579
44473,115.579
44474,115.579
44475,112.89
44476,112.89
44477,112.89
44478,112.89
44479,112.89
44480,112.89
44481,112.89
44482,112.89
44483,112.89
44484,112.89
44485,112.89
44486,112.89
44487,112.89
44488,112.89
44489,112.89
44490,112.89
44491,112.89
44492,112.89
44493,112.89
44494,112.89
44495,117.34
44496,117.34
44497,117.34
44498,117.34
44499,117.34
44500,117.34
44501,117.34
44502,117.34
44503,117.34
44504,117.34
44505,117.34
44506,117.34
44507,117.34
44508,117.34
44509,117.34
44510,117.34
44511,117.34
44512,117.34
44513,117.34
44514,117.34
44515,114.098
44516,114.098
44517,114.098
44518,114.098
44519,114.098
44520,114.098
44521,114.098
44522,114.098
44523,114.098
44524,114.098
44525,114.098
44526,114.098
44527,114.098
44528,114.098
44529,114.098
44530,114.098
44531,114.098
44532,114.098
44533,114.098
44534,114.098
44535,115.697
44536,115.697
44537,115.697
44538,115.697
44539,115.697
44540,115.697
44541,115.697
44542,115.697
44543,115.697
44544,115.697
44545,115.697
44546,115.697
44547,115.697
44548,115.697
44549,115.697
44550,115.697
44551,115.697
44552,115.697
44553,115.697
44554,115.697
44555,115.697
44556,115.697
44557,115.697
44558,115.697
44559,115.697
44560,115.697
44561,115.697
44562,115.697
44563,115.697
44564,115.697
44565,115.697
44566,115.697
44567,115.697
44568,115.697
44569,115.697
44570,115.697
44571,115.697
44572,115.697
44573,115.697
44574,115.697
44575,113.771
44576,113.771
44577,113.771
44578,113.771
44579,113.771
44580,113.771
44581,113.771
44582,113.771
44583,113.771
44584,113.771
44585,113.771
44586,113.771
44587,113.771
44588,113.771
44589,113.771
44590,113.771
44591,113.771
44592,113.771
44593,113.771
44594,113.771
44595,113.771
44596,117.34
44597,117.34
44598,117.34
44599,117.34
44600,117.34
44601,117.34
44602,117.34
44603,117.34
44604,117.34
44605,117.34
44606,117.34
44607,117.34
44608,117.34
44609,117.34
44610,117.34
44611,117.34
44612,117.34
44613,117.34
44614,117.34
44615,117.34
44616,115.579
44617,115.579
44618,115.579
44619,115.579
44620,115.579
44621,115.579
44622,115.579
44623,115.579
44624,115.579
44625,115.579
44626,115.579
44627,115.579
44628,115.579
44629,115.579
44630,115.579
44631,115.579
44632,115.579
44633,115.579
44634,115.579
44635,115.579
44636,117.94
44637,117.94
44638,117.94
44639,117.94
44640,117.94
44641,117.94
44642,117.94
44643,117.94
44644,117.94
44645,117.94
44646,117.94
44647,117.94
44648,117.94
44649,117.94
44650,117.94
44651,117.94
44652,117.94
44653,117.94
44654,117.94
44655,117.94
44656,116.459
44657,116.459
44658,116.459
44659,116.459
44660,116.459
44661,116.459
44662,116.459
44663,116.459
44664,116.459
44665,116.459
44666,116.459
44667,116.459
44668,116.459
44669,116.459
44670,116.459
44671,116.459
44672,116.459
44673,116.459
44674,116.459
44675,116.459
44676,114.371
44677,114.371
44678,114.371
44679,114.371
44680,114.371
44681,114.371
44682,114.371
44683,114.371
44684,114.371
44685,114.371
44686,114.371
44687,114.371
44688,114.371
44689,114.371
44690,114.371
44691,114.371
44692,114.371
44693,114.371
44694,114.371
44695,114.371
44696,116.459
44697,116.459
44698,116.459
44699,116.459
44700,116.459
44701,116.459
44702,116.459
44703,116.459
44704,116.459
44705,116.459
44706,116.459
44707,116.459
44708,116.459
44709,116.459
44710,116.459
44711,116.459
44712,116.459
44713,116.459
44714,116.459
44715,116.459
44716,113.342
44717,113.342
44718,113.342
44719,113.342
44720,113.342
44721,113.342
44722,113.342
44723,113.342
44724,113.342
44725,113.342
44726,113.342
44727,113.342
44728,113.342
44729,113.342
44730,113.342
44731,113.342
44732,113.342
44733,113.342
44734,113.342
44735,113.342
44736,116.459
44737,116.459
44738,116.459
44739,116.459
44740,116.459
44741,116.459
44742,116.459
44743,116.459
44744,116.459
44745,116.459
44746,116.459
44747,116.459
44748,116.459
44749,116.459
44750,116.459
44751,116.459
44752,116.459
44753,116.459
44754,116.459
44755,116.459
44756,114.706
44757,114.706
44758,114.706
44759,114.706
44760,114.706
44761,114.706
44762,114.706
44763,114.706
44764,114.706
44765,114.706
44766,114.706
44767,114.706
44768,114.706
44769,114.706
44770,114.706
44771,114.706
44772,114.706
44773,114.706
44774,114.706
44775,114.706
44776,113.226
44777,113.226
44778,113.226
44779,113.226
44780,113.226
44781,113.226
44782,113.226
44783,113.226
44784,113.226
44785,113.226
44786,113.226
44787,113.226
44788,113.226
44789,113.226
44790,113.226
44791,113.226
44792,113.226
44793,113.226
44794,113.226
44795,113.226
44796,113.226
44797,116.132
44798,116.132
44799,116.132
44800,116.132
44801,116.132
44802,116.132
44803,116.132
44804,116.132
44805,116.132
44806,116.132
44807,116.132
44808,116.132
44809,116.132
44810,116.132
44811,116.132
44812,116.132
44813,116.132
44814,116.132
44815,116.132
44816,116.132
44817,113.771
44818,113.771
44819,113.771
44820,113.771
44821,113.771
44822,113.771
44823,113.771
44824,113.771
44825,113.771
44826,113.771
44827,113.771
44828,113.771
44829,113.771
44830,113.771
44831,113.771
44832,113.771
44833,113.771
44834,113.771
44835,113.771
44836,113.771
44837,118.485
44838,118.485
44839,118.485
44840,118.485
44841,118.485
44842,118.485
44843,118.485
44844,118.485
44845,118.485
44846,118.485
44847,118.485
44848,118.485
44849,118.485
44850,118.485
44851,118.485
44852,118.485
44853,118.485
44854,118.485
44855,118.485
44856,118.485
44857,115.697
44858,115.697
44859,115.697
44860,115.697
44861,115.697
44862,115.697
44863,115.697
44864,115.697
44865,115.697
44866,115.697
44867,115.697
44868,115.697
44869,115.697
44870,115.697
44871,115.697
44872,115.697
44873,115.697
44874,115.697
44875,115.697
44876,115.697
44877,115.251
44878,115.251
44879,115.251
44880,115.251
44881,115.251
44882,115.251
44883,115.251
44884,115.251
44885,115.251
44886,115.251
44887,115.251
44888,115.251
44889,115.251
44890,115.251
44891,115.251
44892,115.251
44893,115.251
44894,115.251
44895,115.251
44896,115.251
44897,115.251
44898,117.059
44899,117.059
44900,117.059
44901,117.059
44902,117.059
44903,117.059
44904,117.059
44905,117.059
44906,117.059
44907,117.059
44908,117.059
44909,117.059
44910,117.059
44911,117.059
44912,117.059
44913,117.059
44914,117.059
44915,117.059
44916,117.059
44917,114.979
44918,114.979
44919,114.979
44920,114.979
44921,114.979
44922,114.979
44923,114.979
44924,114.979
44925,114.979
44926,114.979
44927,114.979
44928,114.979
44929,114.979
44930,114.979
44931,114.979
44932,114.979
44933,114.979
44934,114.979
44935,114.979
44936,114.979
44937,118.212
44938,118.212
44939,118.212
44940,118.212
44941,118.212
44942,118.212
44943,118.212
44944,118.212
44945,118.212
44946,118.212
44947,118.212
44948,118.212
44949,118.212
44950,118.212
44951,118.212
44952,118.212
44953,118.212
44954,118.212
44955,118.212
44956,118.212
44957,115.251
44958,115.251
44959,115.251
44960,115.251
44961,115.251
44962,115.251
44963,115.251
44964,115.251
44965,115.251
44966,115.251
44967,115.251
44968,115.251
44969,115.251
44970,115.251
44971,115.251
44972,115.251
44973,115.251
44974,115.251
44975,115.251
44976,115.251
44977,115.251
44978,117.612
44979,117.612
44980,117.612
44981,117.612
44982,117.612
44983,117.612
44984,117.612
44985,117.612
44986,117.612
44987,117.612
44988,117.612
44989,117.612
44990,117.612
44991,117.612
44992,117.612
44993,117.612
44994,117.612
44995,117.612
44996,117.612
44997,117.612
44998,116.459
44999,116.459
45000,116.459
45001,116.459
45002,116.459
45003,116.459
45004,116.459
45005,116.459
45006,116.459
45007,116.459
45008,116.459
45009,116.459
45010,116.459
45011,116.459
45012,116.459
45013,116.459
45014,116.459
45015,116.459
45016,116.459
45017,116.459
45018,114.371
45019,114.371
45020,114.371
45021,114.371
45022,114.371
45023,114.371
45024,114.371
45025,114.371
45026,114.371
45027,114.371
45028,114.371
45029,114.371
45030,114.371
45031,114.371
45032,114.371
45033,114.371
45034,114.371
45035,114.371
45036,114.371
45037,114.371
45038,118.061
45039,118.061
45040,118.061
45041,118.061
45042,118.061
45043,118.061
45044,118.061
45045,118.061
45046,118.061
45047,118.061
45048,118.061
45049,118.061
45050,118.061
45051,118.061
45052,118.061
45053,118.061
45054,118.061
45055,118.061
45056,118.061
45057,118.061
45058,115.097
45059,115.097
45060,115.097
45061,115.097
45062,115.097
45063,115.097
45064,115.097
45065,115.097
45066,115.097
45067,115.097
45068,115.097
45069,115.097
45070,115.097
45071,115.097
45072,115.097
45073,115.097
45074,115.097
45075,115.097
45076,115.097
45077,115.097
45078,117.733
45079,117.733
45080,117.733
45081,117.733
45082,117.733
45083,117.733
45084,117.733
45085,117.733
45086,117.733
45087,117.733
45088,117.733
45089,117.733
45090,117.733
45091,117.733
45092,117.733
45093,117.733
45094,117.733
45095,117.733
45096,117.733
45097,117.733
45098,115.097
45099,115.097
45100,115.097
45101,115.097
45102,115.097
45103,115.097
45104,115.097
45105,115.097
45106,115.097
45107,115.097
45108,115.097
45109,115.097
45110,115.097
45111,115.097
45112,115.097
45113,115.097
45114,115.097
45115,115.097
45116,115.097
45117,115.097
45118,113.006
45119,113.006
45120,113.006
45121,113.006
45122,113.006
45123,113.006
45124,113.006
45125,113.006
45126,113.006
45127,113.006
45128,113.006
45129,113.006
45130,113.006
45131,113.006
45132,113.006
45133,113.006
45134,113.006
45135,113.006
45136,113.006
45137,113.006
45138,115.697
45139,115.697
45140,115.697
45141,115.697
45142,115.697
45143,115.697
45144,115.697
45145,115.697
45146,115.697
45147,115.697
45148,115.697
45149,115.697
45150,115.697
45151,115.697
45152,115.697
45153,115.697
45154,115.697
45155,115.697
45156,115.697
45157,115.697
45158,113.006
45159,113.006
45160,113.006
45161,113.006
45162,113.006
45163,113.006
45164,113.006
45165,113.006
45166,113.006
45167,113.006
45168,113.006
45169,113.006
45170,113.006
45171,113.006
45172,113.006
45173,113.006
45174,113.006
45175,113.006
45176,113.006
45177,113.006
45178,113.006
45179,117.179
45180,117.179
45181,117.179
45182,117.179
45183,117.179
45184,117.179
45185,117.179
45186,117.179
45187,117.179
45188,117.179
45189,117.179
45190,117.179
45191,117.179
45192,117.179
45193,117.179
45194,117.179
45195,117.179
45196,117.179
45197,117.179
45198,117.179
45199,113.888
45200,113.888
45201,113.888
45202,113.888
45203,113.888
45204,113.888
45205,113.888
45206,113.888
45207,113.888
45208,113.888
45209,113.888
45210,113.888
45211,113.888
45212,113.888
45213,113.888
45214,113.888
45215,113.888
45216,113.888
45217,113.888
45218,113.888
45219,113.888
45220,113.888
45221,113.888
45222,113.888
45223,113.888
45224,113.888
45225,113.888
45226,113.888
45227,113.888
45228,113.888
45229,113.888
45230,113.888
45231,113.888
45232,113.888
45233,113.888
45234,113.888
45235,113.888
45236,113.888
45237,113.888
45238,113.888
45239,115.579
45240,115.579
45241,115.579
45242,115.579
45243,115.579
45244,115.579
45245,115.579
45246,115.579
45247,115.579
45248,115.579
45249,115.579
45250,115.579
45251,115.579
45252,115.579
45253,115.579
45254,115.579
45255,115.579
45256,115.579
45257,115.579
45258,115.579
45259,113.342
45260,113.342
45261,113.342
45262,113.342
45263,113.342
45264,113.342
45265,113.342
45266,113.342
45267,113.342
45268,113.342
45269,113.342
45270,113.342
45271,113.342
45272,113.342
45273,113.342
45274,113.342
45275,113.342
45276,113.342
45277,113.342
45278,113.342
45279,116.732
45280,116.732
45281,116.732
45282,116.732
45283,116.732
45284,116.732
45285,116.732
45286,116.732
45287,116.732
45288,116.732
45289,116.732
45290,116.732
45291,116.732
45292,116.732
45293,116.732
45294,116.732
45295,116.732
45296,116.732
45297,116.732
45298,116.732
45299,114.979
45300,114.979
45301,114.979
45302,114.979
45303,114.979
45304,114.979
45305,114.979
45306,114.979
45307,114.979
45308,114.979
45309,114.979
45310,114.979
45311,114.979
45312,114.979
45313,114.979
45314,114.979
45315,114.979
45316,114.979
45317,114.979
45318,114.979
45319,116.732
45320,116.732
45321,116.732
45322,116.732
45323,116.732
45324,116.732
45325,116.732
45326,116.732
45327,116.732
45328,116.732
45329,116.732
45330,116.732
45331,116.732
45332,116.732
45333,116.732
45334,116.732
45335,116.732
45336,116.732
45337,116.732
45338,116.732
45339,116.732
45340,116.732
45341,116.732
45342,116.732
45343,116.732
45344,116.732
45345,116.732
45346,116.732
45347,116.732
45348,116.732
45349,116.732
45350,116.732
45351,116.732
45352,116.732
45353,116.732
45354,116.732
45355,116.732
45356,116.732
45357,116.732
45358,116.732
45359,114.706
45360,114.706
45361,114.706
45362,114.706
45363,114.706
45364,114.706
45365,114.706
45366,114.706
45367,114.706
45368,114.706
45369,114.706
45370,114.706
45371,114.706
45372,114.706
45373,114.706
45374,114.706
45375,114.706
45376,114.706
45377,114.706
45378,114.706
45379,114.706
45380,117.34
45381,117.34
45382,117.34
45383,117.34
45384,117.34
45385,117.34
45386,117.34
45387,117.34
45388,117.34
45389,117.34
45390,117.34
45391,117.34
45392,117.34
45393,117.34
45394,117.34
45395,117.34
45396,117.34
45397,117.34
45398,117.34
45399,117.34
45400,114.979
45401,114.979
45402,114.979
45403,114.979
45404,114.979
45405,114.979
45406,114.979
45407,114.979
45408,114.979
45409,114.979
45410,114.979
45411,114.979
45412,114.979
45413,114.979
45414,114.979
45415,114.979
45416,114.979
45417,114.979
45418,114.979
45419,114.979
45420,118.212
45421,118.212
45422,118.212
45423,118.212
45424,118.212
45425,118.212
45426,118.212
45427,118.212
45428,118.212
45429,118.212
45430,118.212
45431,118.212
45432,118.212
45433,118.212
45434,118.212
45435,118.212
45436,118.212
45437,118.212
45438,118.212
45439,118.212
45440,116.132
45441,116.132
45442,116.132
45443,116.132
45444,116.132
45445,116.132
45446,116.132
45447,116.132
45448,116.132
45449,116.132
45450,116.132
45451,116.132
45452,116.132
45453,116.132
45454,116.132
45455,116.132
45456,116.132
45457,116.132
45458,116.132
45459,116.132
45460,114.215
45461,114.215
45462,114.215
45463,114.215
45464,114.215
45465,114.215
45466,114.215
45467,114.215
45468,114.215
45469,114.215
45470,114.215
45471,114.215
45472,114.215
45473,114.215
45474,114.215
45475,114.215
45476,114.215
45477,114.215
45478,114.215
45479,114.215
45480,117.059
45481,117.059
45482,117.059
45483,117.059
45484,117.059
45485,117.059
45486,117.059
45487,117.059
45488,117.059
45489,117.059
45490,117.059
45491,117.059
45492,117.059
45493,117.059
45494,117.059
45495,117.059
45496,117.059
45497,117.059
45498,117.059
45499,117.059
45500,114.371
45501,114.371
45502,114.371
45503,114.371
45504,114.371
45505,114.371
45506,114.371
45507,114.371
45508,114.371
45509,114.371
45510,114.371
45511,114.371
45512,114.371
45513,114.371
45514,114.371
45515,114.371
45516,114.371
45517,114.371
45518,114.371
45519,114.371
45520,117.94
45521,117.94
45522,117.94
45523,117.94
45524,117.94
45525,117.94
45526,117.94
45527,117.94
45528,117.94
45529,117.94
45530,117.94
45531,117.94
45532,117.94
45533,117.94
45534,117.94
45535,117.94
45536,117.94
45537,117.94
45538,117.94
45539,117.94
45540,117.94
45541,115.859
45542,115.859
45543,115.859
45544,115.859
45545,115.859
45546,115.859
45547,115.859
45548,115.859
45549,115.859
45550,115.859
45551,115.859
45552,115.859
45553,115.859
45554,115.859
45555,115.859
45556,115.859
45557,115.859
45558,115.859
45559,115.859
45560,115.859
45561,114.979
45562,114.979
45563,114.979
45564,114.979
45565,114.979
45566,114.979
45567,114.979
45568,114.979
45569,114.979
45570,114.979
45571,114.979
45572,114.979
45573,114.979
45574,114.979
45575,114.979
45576,114.979
45577,114.979
45578,114.979
45579,114.979
45580,114.979
45581,116.732
45582,116.732
45583,116.732
45584,116.732
45585,116.732
45586,116.732
45587,116.732
45588,116.732
45589,116.732
45590,116.732
45591,116.732
45592,116.732
45593,116.732
45594,116.732
45595,116.732
45596,116.732
45597,116.732
45598,116.732
45599,116.732
45600,116.732
45601,113.498
45602,113.498
45603,113.498
45604,113.498
45605,113.498
45606,113.498
45607,113.498
45608,113.498
45609,113.498
45610,113.498
45611,113.498
45612,113.498
45613,113.498
45614,113.498
45615,113.498
45616,113.498
45617,113.498
45618,113.498
45619,113.498
45620,113.498
45621,117.34
45622,117.34
45623,117.34
45624,117.34
45625,117.34
45626,117.34
45627,117.34
45628,117.34
45629,117.34
45630,117.34
45631,117.34
45632,117.34
45633,117.34
45634,117.34
45635,117.34
45636,117.34
45637,117.34
45638,117.34
45639,117.34
45640,117.34
45641,117.34
45642,114.098
45643,114.098
45644,114.098
45645,114.098
45646,114.098
45647,114.098
45648,114.098
45649,114.098
45650,114.098
45651,114.098
45652,114.098
45653,114.098
45654,114.098
45655,114.098
45656,114.098
45657,114.098
45658,114.098
45659,114.098
45660,114.098
45661,114.706
45662,114.706
45663,114.706
45664,114.706
45665,114.706
45666,114.706
45667,114.706
45668,114.706
45669,114.706
45670,114.706
45671,114.706
45672,114.706
45673,114.706
45674,114.706
45675,114.706
45676,114.706
45677,114.706
45678,114.706
45679,114.706
45680,114.706
45681,115.579
45682,115.579
45683,115.579
45684,115.579
45685,115.579
45686,115.579
45687,115.579
45688,115.579
45689,115.579
45690,115.579
45691,115.579
45692,115.579
45693,115.579
45694,115.579
45695,115.579
45696,115.579
45697,115.579
45698,115.579
45699,115.579
45700,115.579
45701,113.498
45702,113.498
45703,113.498
45704,113.498
45705,113.498
45706,113.498
45707,113.498
45708,113.498
45709,113.498
45710,113.498
45711,113.498
45712,113.498
45713,113.498
45714,113.498
45715,113.498
45716,113.498
45717,113.498
45718,113.498
45719,113.498
45720,113.498
45721,118.212
45722,118.212
45723,118.212
45724,118.212
45725,118.212
45726,118.212
45727,118.212
45728,118.212
45729,118.212
45730,118.212
45731,118.212
45732,118.212
45733,118.212
45734,118.212
45735,118.212
45736,118.212
45737,118.212
45738,118.212
45739,118.212
45740,118.212
45741,118.212
45742,115.251
45743,115.251
45744,115.251
45745,115.251
45746,115.251
45747,115.251
45748,115.251
45749,115.251
45750,115.251
45751,115.251
45752,115.251
45753,115.251
45754,115.251
45755,115.251
45756,115.251
45757,115.251
45758,115.251
45759,115.251
45760,115.251
45761,115.251
45762,117.34
45763,117.34
45764,117.34
45765,117.34
45766,117.34
45767,117.34
45768,117.34
45769,117.34
45770,117.34
45771,117.34
45772,117.34
45773,117.34
45774,117.34
45775,117.34
45776,117.34
45777,117.34
45778,117.34
45779,117.34
45780,117.34
45781,117.34
45782,116.459
45783,116.459
45784,116.459
45785,116.459
45786,116.459
45787,116.459
45788,116.459
45789,116.459
45790,116.459
45791,116.459
45792,116.459
45793,116.459
45794,116.459
45795,116.459
45796,116.459
45797,116.459
45798,116.459
45799,116.459
45800,116.459
45801,116.459
45802,114.371
45803,114.371
45804,114.371
45805,114.371
45806,114.371
45807,114.371
45808,114.371
45809,114.371
45810,114.371
45811,114.371
45812,114.371
45813,114.371
45814,114.371
45815,114.371
45816,114.371
45817,114.371
45818,114.371
45819,114.371
45820,114.371
45821,114.371
45822,117.34
45823,117.34
45824,117.34
45825,117.34
45826,117.34
45827,117.34
45828,117.34
45829,117.34
45830,117.34
45831,117.34
45832,117.34
45833,117.34
45834,117.34
45835,117.34
45836,117.34
45837,117.34
45838,117.34
45839,117.34
45840,117.34
45841,117.34
45842,114.706
45843,114.706
45844,114.706
45845,114.706
45846,114.706
45847,114.706
45848,114.706
45849,114.706
45850,114.706
45851,114.706
45852,114.706
45853,114.706
45854,114.706
45855,114.706
45856,114.706
45857,114.706
45858,114.706
45859,114.706
45860,114.706
45861,114.706
45862,118.212
45863,118.212
45864,118.212
45865,118.212
45866,118.212
45867,118.212
45868,118.212
45869,118.212
45870,118.212
45871,118.212
45872,118.212
45873,118.212
45874,118.212
45875,118.212
45876,118.212
45877,118.212
45878,118.212
45879,118.212
45880,118.212
45881,118.212
45882,116.132
45883,116.132
45884,116.132
45885,116.132
45886,116.132
45887,116.132
45888,116.132
45889,116.132
45890,116.132
45891,116.132
45892,116.132
45893,116.132
45894,116.132
45895,116.132
45896,116.132
45897,116.132
45898,116.132
45899,116.132
45900,116.132
45901,116.132
45902,114.098
45903,114.098
45904,114.098
45905,114.098
45906,114.098
45907,114.098
45908,114.098
45909,114.098
45910,114.098
45911,114.098
45912,114.098
45913,114.098
45914,114.098
45915,114.098
45916,114.098
45917,114.098
45918,114.098
45919,114.098
45920,114.098
45921,114.098
45922,115.579
45923,115.579
45924,115.579
45925,115.579
45926,115.579
45927,115.579
45928,115.579
45929,115.579
45930,115.579
45931,115.579
45932,115.579
45933,115.579
45934,115.579
45935,115.579
45936,115.579
45937,115.579
45938,115.579
45939,115.579
45940,115.579
45941,115.579
45942,112.89
45943,112.89
45944,112.89
45945,112.89
45946,112.89
45947,112.89
45948,112.89
45949,112.89
45950,112.89
45951,112.89
45952,112.89
45953,112.89
45954,112.89
45955,112.89
45956,112.89
45957,112.89
45958,112.89
45959,112.89
45960,112.89
45961,112.89
45962,117.34
45963,117.34
45964,117.34
45965,117.34
45966,117.34
45967,117.34
45968,117.34
45969,117.34
45970,117.34
45971,117.34
45972,117.34
45973,117.34
45974,117.34
45975,117.34
45976,117.34
45977,117.34
45978,117.34
45979,117.34
45980,117.34
45981,117.34
45982,117.34
45983,113.771
45984,113.771
45985,113.771
45986,113.771
45987,113.771
45988,113.771
45989,113.771
45990,113.771
45991,113.771
45992,113.771
45993,113.771
45994,113.771
45995,113.771
45996,113.771
45997,113.771
45998,113.771
45999,113.771
46000,113.771
46001,113.771
46002,113.771
46003,114.371
46004,114.371
46005,114.371
46006,114.371
46007,114.371
46008,114.371
46009,114.371
46010,114.371
46011,114.371
46012,114.371
46013,114.371
46014,114.371
46015,114.371
46016,114.371
46017,114.371
46018,114.371
46019,114.371
46020,114.371
46021,114.371
46022,114.371
46023,115.251
46024,115.251
46025,115.251
46026,115.251
46027,115.251
46028,115.251
46029,115.251
46030,115.251
46031,115.251
46032,115.251
46033,115.251
46034,115.251
46035,115.251
46036,115.251
46037,115.251
46038,115.251
46039,115.251
46040,115.251
46041,115.251
46042,115.251
46043,113.771
46044,113.771
46045,113.771
46046,113.771
46047,113.771
46048,113.771
46049,113.771
46050,113.771
46051,113.771
46052,113.771
46053,113.771
46054,113.771
46055,113.771
46056,113.771
46057,113.771
46058,113.771
46059,113.771
46060,113.771
46061,113.771
46062,113.771
46063,116.732
46064,116.732
46065,116.732
46066,116.732
46067,116.732
46068,116.732
46069,116.732
46070,116.732
46071,116.732
46072,116.732
46073,116.732
46074,116.732
46075,116.732
46076,116.732
46077,116.732
46078,116.732
46079,116.732
46080,116.732
46081,116.732
46082,116.732
46083,113.771
46084,113.771
46085,113.771
46086,113.771
46087,113.771
46088,113.771
46089,113.771
46090,113.771
46091,113.771
46092,113.771
46093,113.771
46094,113.771
46095,113.771
46096,113.771
46097,113.771
46098,113.771
46099,113.771
46100,113.771
46101,113.771
46102,113.771
46103,116.459
46104,116.459
46105,116.459
46106,116.459
46107,116.459
46108,116.459
46109,116.459
46110,116.459
46111,116.459
46112,116.459
46113,116.459
46114,116.459
46115,116.459
46116,116.459
46117,116.459
46118,116.459
46119,116.459
46120,116.459
46121,116.459
46122,116.459
46123,116.732
46124,116.732
46125,116.732
46126,116.732
46127,116.732
46128,116.732
46129,116.732
46130,116.732
46131,116.732
46132,116.732
46133,116.732
46134,116.732
46135,116.732
46136,116.732
46137,116.732
46138,116.732
46139,116.732
46140,116.732
46141,116.732
46142,116.732
46143,114.098
46144,114.098
46145,114.098
46146,114.098
46147,114.098
46148,114.098
46149,114.098
46150,114.098
46151,114.098
46152,114.098
46153,114.098
46154,114.098
46155,114.098
46156,114.098
46157,114.098
46158,114.098
46159,114.098
46160,114.098
46161,114.098
46162,114.098
46163,117.612
46164,117.612
46165,117.612
46166,117.612
46167,117.612
46168,117.612
46169,117.612
46170,117.612
46171,117.612
46172,117.612
46173,117.612
46174,117.612
46175,117.612
46176,117.612
46177,117.612
46178,117.612
46179,117.612
46180,117.612
46181,117.612
46182,117.612
46183,114.706
46184,114.706
46185,114.706
46186,114.706
46187,114.706
46188,114.706
46189,114.706
46190,114.706
46191,114.706
46192,114.706
46193,114.706
46194,114.706
46195,114.706
46196,114.706
46197,114.706
46198,114.706
46199,114.706
46200,114.706
46201,114.706
46202,114.706
46203,114.706
46204,117.34
46205,117.34
46206,117.34
46207,117.34
46208,117.34
46209,117.34
46210,117.34
46211,117.34
46212,117.34
46213,117.34
46214,117.34
46215,117.34
46216,117.34
46217,117.34
46218,117.34
46219,117.34
46220,117.34
46221,117.34
46222,117.34
46223,117.34
46224,114.706
46225,114.706
46226,114.706
46227,114.706
46228,114.706
46229,114.706
46230,114.706
46231,114.706
46232,114.706
46233,114.706
46234,114.706
46235,114.706
46236,114.706
46237,114.706
46238,114.706
46239,114.706
46240,114.706
46241,114.706
46242,114.706
46243,114.706
46244,113.498
46245,113.498
46246,113.498
46247,113.498
46248,113.498
46249,113.498
46250,113.498
46251,113.498
46252,113.498
46253,113.498
46254,113.498
46255,113.498
46256,113.498
46257,113.498
46258,113.498
46259,113.498
46260,113.498
46261,113.498
46262,113.498
46263,113.498
46264,115.579
46265,115.579
46266,115.579
46267,115.579
46268,115.579
46269,115.579
46270,115.579
46271,115.579
46272,115.579
46273,115.579
46274,115.579
46275,115.579
46276,115.579
46277,115.579
46278,115.579
46279,115.579
46280,115.579
46281,115.579
46282,115.579
46283,115.579
46284,112.89
46285,112.89
46286,112.89
46287,112.89
46288,112.89
46289,112.89
46290,112.89
46291,112.89
46292,112.89
46293,112.89
46294,112.89
46295,112.89
46296,112.89
46297,112.89
46298,112.89
46299,112.89
46300,112.89
46301,112.89
46302,112.89
46303,112.89
46304,118.212
46305,118.212
46306,118.212
46307,118.212
46308,118.212
46309,118.212
46310,118.212
46311,118.212
46312,118.212
46313,118.212
46314,118.212
46315,118.212
46316,118.212
46317,118.212
46318,118.212
46319,118.212
46320,118.212
46321,118.212
46322,118.212
46323,118.212
46324,114.979
46325,114.979
46326,114.979
46327,114.979
46328,114.979
46329,114.979
46330,114.979
46331,114.979
46332,114.979
46333,114.979
46334,114.979
46335,114.979
46336,114.979
46337,114.979
46338,114.979
46339,114.979
46340,114.979
46341,114.979
46342,114.979
46343,114.979
46344,115.859
46345,115.859
46346,115.859
46347,115.859
46348,115.859
46349,115.859
46350,115.859
46351,115.859
46352,115.859
46353,115.859
46354,115.859
46355,115.859
46356,115.859
46357,115.859
46358,115.859
46359,115.859
46360,115.859
46361,115.859
46362,115.859
46363,115.859
46364,116.732
46365,116.732
46366,116.732
46367,116.732
46368,116.732
46369,116.732
46370,116.732
46371,116.732
46372,116.732
46373,116.732
46374,116.732
46375,116.732
46376,116.732
46377,116.732
46378,116.732
46379,116.732
46380,116.732
46381,116.732
46382,116.732
46383,116.732
46384,115.251
46385,115.251
46386,115.251
46387,115.251
46388,115.251
46389,115.251
46390,115.251
46391,115.251
46392,115.251
46393,115.251
46394,115.251
46395,115.251
46396,115.251
46397,115.251
46398,115.251
46399,115.251
46400,115.251
46401,115.251
46402,115.251
46403,115.251
46404,115.251
46405,117.059
46406,117.059
46407,117.059
46408,117.059
46409,117.059
46410,117.059
46411,117.059
46412,117.059
46413,117.059
46414,117.059
46415,117.059
46416,117.059
46417,117.059
46418,117.059
46419,117.059
46420,117.059
46421,117.059
46422,117.059
46423,117.059
46424,117.059
46425,114.371
46426,114.371
46427,114.371
46428,114.371
46429,114.371
46430,114.371
46431,114.371
46432,114.371
46433,114.371
46434,114.371
46435,114.371
46436,114.371
46437,114.371
46438,114.371
46439,114.371
46440,114.371
46441,114.371
46442,114.371
46443,114.371
46444,114.371
46445,116.459
46446,116.459
46447,116.459
46448,116.459
46449,116.459
46450,116.459
46451,116.459
46452,116.459
46453,116.459
46454,116.459
46455,116.459
46456,116.459
46457,116.459
46458,116.459
46459,116.459
46460,116.459
46461,116.459
46462,116.459
46463,116.459
46464,116.459
46465,115.251
46466,115.251
46467,115.251
46468,115.251
46469,115.251
46470,115.251
46471,115.251
46472,115.251
46473,115.251
46474,115.251
46475,115.251
46476,115.251
46477,115.251
46478,115.251
46479,115.251
46480,115.251
46481,115.251
46482,115.251
46483,115.251
46484,115.251
46485,112.89
46486,112.89
46487,112.89
46488,112.89
46489,112.89
46490,112.89
46491,112.89
46492,112.89
46493,112.89
46494,112.89
46495,112.89
46496,112.89
46497,112.89
46498,112.89
46499,112.89
46500,112.89
46501,112.89
46502,112.89
46503,112.89
46504,112.89
46505,116.132
46506,116.132
46507,116.132
46508,116.132
46509,116.132
46510,116.132
46511,116.132
46512,116.132
46513,116.132
46514,116.132
46515,116.132
46516,116.132
46517,116.132
46518,116.132
46519,116.132
46520,116.132
46521,116.132
46522,116.132
46523,116.132
46524,116.132
46525,113.226
46526,113.226
46527,113.226
46528,113.226
46529,113.226
46530,113.226
46531,113.226
46532,113.226
46533,113.226
46534,113.226
46535,113.226
46536,113.226
46537,113.226
46538,113.226
46539,113.226
46540,113.226
46541,113.226
46542,113.226
46543,113.226
46544,113.226
46545,116.459
46546,116.459
46547,116.459
46548,116.459
46549,116.459
46550,116.459
46551,116.459
46552,116.459
46553,116.459
46554,116.459
46555,116.459
46556,116.459
46557,116.459
46558,116.459
46559,116.459
46560,116.459
46561,116.459
46562,116.459
46563,116.459
46564,116.459
46565,114.371
46566,114.371
46567,114.371
46568,114.371
46569,114.371
46570,114.371
46571,114.371
46572,114.371
46573,114.371
46574,114.371
46575,114.371
46576,114.371
46577,114.371
46578,114.371
46579,114.371
46580,114.371
46581,114.371
46582,114.371
46583,114.371
46584,114.371
46585,113.498
46586,113.498
46587,113.498
46588,113.498
46589,113.498
46590,113.498
46591,113.498
46592,113.498
46593,113.498
46594,113.498
46595,113.498
46596,113.498
46597,113.498
46598,113.498
46599,113.498
46600,113.498
46601,113.498
46602,113.498
46603,113.498
46604,113.498
46605,115.579
46606,115.579
46607,115.579
46608,115.579
46609,115.579
46610,115.579
46611,115.579
46612,115.579
46613,115.579
46614,115.579
46615,115.579
46616,115.579
46617,115.579
46618,115.579
46619,115.579
46620,115.579
46621,115.579
46622,115.579
46623,115.579
46624,115.579
46625,112.89
46626,112.89
46627,112.89
46628,112.89
46629,112.89
46630,112.89
46631,112.89
46632,112.89
46633,112.89
46634,112.89
46635,112.89
46636,112.89
46637,112.89
46638,112.89
46639,112.89
46640,112.89
46641,112.89
46642,112.89
46643,112.89
46644,112.89
46645,112.89
46646,116.732
46647,116.732
46648,116.732
46649,116.732
46650,116.732
46651,116.732
46652,116.732
46653,116.732
46654,116.732
46655,116.732
46656,116.732
46657,116.732
46658,116.732
46659,116.732
46660,116.732
46661,116.732
46662,116.732
46663,116.732
46664,116.732
46665,116.732
46666,114.098
46667,114.098
46668,114.098
46669,114.098
46670,114.098
46671,114.098
46672,114.098
46673,114.098
46674,114.098
46675,114.098
46676,114.098
46677,114.098
46678,114.098
46679,114.098
46680,114.098
46681,114.098
46682,114.098
46683,114.098
46684,114.098
46685,114.098
46686,115.859
46687,115.859
46688,115.859
46689,115.859
46690,115.859
46691,115.859
46692,115.859
46693,115.859
46694,115.859
46695,115.859
46696,115.859
46697,115.859
46698,115.859
46699,115.859
46700,115.859
46701,115.859
46702,115.859
46703,115.859
46704,115.859
46705,115.859
46706,115.251
46707,115.251
46708,115.251
46709,115.251
46710,115.251
46711,115.251
46712,115.251
46713,115.251
46714,115.251
46715,115.251
46716,115.251
46717,115.251
46718,115.251
46719,115.251
46720,115.251
46721,115.251
46722,115.251
46723,115.251
46724,115.251
46725,115.251
46726,113.226
46727,113.226
46728,113.226
46729,113.226
46730,113.226
46731,113.226
46732,113.226
46733,113.226
46734,113.226
46735,113.226
46736,113.226
46737,113.226
46738,113.226
46739,113.226
46740,113.226
46741,113.226
46742,113.226
46743,113.226
46744,113.226
46745,113.226
46746,116.132
46747,116.132
46748,116.132
46749,116.132
46750,116.132
46751,116.132
46752,116.132
46753,116.132
46754,116.132
46755,116.132
46756,116.132
46757,116.132
46758,116.132
46759,116.132
46760,116.132
46761,116.132
46762,116.132
46763,116.132
46764,116.132
46765,116.132
46766,113.342
46767,113.342
46768,113.342
46769,113.342
46770,113.342
46771,113.342
46772,113.342
46773,113.342
46774,113.342
46775,113.342
46776,113.342
46777,113.342
46778,113.342
46779,113.342
46780,113.342
46781,113.342
46782,113.342
46783,113.342
46784,113.342
46785,113.342
46786,116.132
46787,116.132
46788,116.132
46789,116.132
46790,116.132
46791,116.132
46792,116.132
46793,116.132
46794,116.132
46795,116.132
46796,116.132
46797,116.132
46798,116.132
46799,116.132
46800,116.132
46801,116.132
46802,116.132
46803,116.132
46804,116.132
46805,116.132
46806,114.706
46807,114.706
46808,114.706
46809,114.706
46810,114.706
46811,114.706
46812,114.706
46813,114.706
46814,114.706
46815,114.706
46816,114.706
46817,114.706
46818,114.706
46819,114.706
46820,114.706
46821,114.706
46822,114.706
46823,114.706
46824,114.706
46825,114.706
46826,112.89
46827,112.89
46828,112.89
46829,112.89
46830,112.89
46831,112.89
46832,112.89
46833,112.89
46834,112.89
46835,112.89
46836,112.89
46837,112.89
46838,112.89
46839,112.89
46840,112.89
46841,112.89
46842,112.89
46843,112.89
46844,112.89
46845,112.89
46846,115.579
46847,115.579
46848,115.579
46849,115.579
46850,115.579
46851,115.579
46852,115.579
46853,115.579
46854,115.579
46855,115.579
46856,115.579
46857,115.579
46858,115.579
46859,115.579
46860,115.579
46861,115.579
46862,115.579
46863,115.579
46864,115.579
46865,115.579
46866,115.579
46867,112.618
46868,112.618
46869,112.618
46870,112.618
46871,112.618
46872,112.618
46873,112.618
46874,112.618
46875,112.618
46876,112.618
46877,112.618
46878,112.618
46879,112.618
46880,112.618
46881,112.618
46882,112.618
46883,112.618
46884,112.618
46885,112.618
46886,112.618
46887,117.059
46888,117.059
46889,117.059
46890,117.059
46891,117.059
46892,117.059
46893,117.059
46894,117.059
46895,117.059
46896,117.059
46897,117.059
46898,117.059
46899,117.059
46900,117.059
46901,117.059
46902,117.059
46903,117.059
46904,117.059
46905,117.059
46906,117.059
46907,114.979
46908,114.979
46909,114.979
46910,114.979
46911,114.979
46912,114.979
46913,114.979
46914,114.979
46915,114.979
46916,114.979
46917,114.979
46918,114.979
46919,114.979
46920,114.979
46921,114.979
46922,114.979
46923,114.979
46924,114.979
46925,114.979
46926,114.979
46927,115.251
46928,115.251
46929,115.251
46930,115.251
46931,115.251
46932,115.251
46933,115.251
46934,115.251
46935,115.251
46936,115.251
46937,115.251
46938,115.251
46939,115.251
46940,115.251
46941,115.251
46942,115.251
46943,115.251
46944,115.251
46945,115.251
46946,115.251
46947,117.34
46948,117.34
46949,117.34
46950,117.34
46951,117.34
46952,117.34
46953,117.34
46954,117.34
46955,117.34
46956,117.34
46957,117.34
46958,117.34
46959,117.34
46960,117.34
46961,117.34
46962,117.34
46963,117.34
46964,117.34
46965,117.34
46966,117.34
46967,115.251
46968,115.251
46969,115.251
46970,115.251
46971,115.251
46972,115.251
46973,115.251
46974,115.251
46975,115.251
46976,115.251
46977,115.251
46978,115.251
46979,115.251
46980,115.251
46981,115.251
46982,115.251
46983,115.251
46984,115.251
46985,115.251
46986,115.251
46987,118.485
46988,118.485
46989,118.485
46990,118.485
46991,118.485
46992,118.485
46993,118.485
46994,118.485
46995,118.485
46996,118.485
46997,118.485
46998,118.485
46999,118.485
47000,118.485
47001,118.485
47002,118.485
47003,118.485
47004,118.485
47005,118.485
47006,118.485
47007,114.706
47008,114.706
47009,114.706
47010,114.706
47011,114.706
47012,114.706
47013,114.706
47014,114.706
47015,114.706
47016,114.706
47017,114.706
47018,114.706
47019,114.706
47020,114.706
47021,114.706
47022,114.706
47023,114.706
47024,114.706
47025,114.706
47026,114.706
47027,115.579
47028,115.579
47029,115.579
47030,115.579
47031,115.579
47032,115.579
47033,115.579
47034,115.579
47035,115.579
47036,115.579
47037,115.579
47038,115.579
47039,115.579
47040,115.579
47041,115.579
47042,115.579
47043,115.579
47044,115.579
47045,115.579
47046,115.579
47047,115.251
47048,115.251
47049,115.251
47050,115.251
47051,115.251
47052,115.251
47053,115.251
47054,115.251
47055,115.251
47056,115.251
47057,115.251
47058,115.251
47059,115.251
47060,115.251
47061,115.251
47062,115.251
47063,115.251
47064,115.251
47065,115.251
47066,115.251
47067,113.498
47068,113.498
47069,113.498
47070,113.498
47071,113.498
47072,113.498
47073,113.498
47074,113.498
47075,113.498
47076,113.498
47077,113.498
47078,113.498
47079,113.498
47080,113.498
47081,113.498
47082,113.498
47083,113.498
47084,113.498
47085,113.498
47086,113.498
47087,116.132
47088,116.132
47089,116.132
47090,116.132
47091,116.132
47092,116.132
47093,116.132
47094,116.132
47095,116.132
47096,116.132
47097,116.132
47098,116.132
47099,116.132
47100,116.132
47101,116.132
47102,116.132
47103,116.132
47104,116.132
47105,116.132
47106,116.132
47107,113.226
47108,113.226
47109,113.226
47110,113.226
47111,113.226
47112,113.226
47113,113.226
47114,113.226
47115,113.226
47116,113.226
47117,113.226
47118,113.226
47119,113.226
47120,113.226
47121,113.226
47122,113.226
47123,113.226
47124,113.226
47125,113.226
47126,113.226
47127,113.226
47128,116.132
47129,116.132
47130,116.132
47131,116.132
47132,116.132
47133,116.132
47134,116.132
47135,116.132
47136,116.132
47137,116.132
47138,116.132
47139,116.132
47140,116.132
47141,116.132
47142,116.132
47143,116.132
47144,116.132
47145,116.132
47146,116.132
47147,116.132
47148,114.706
47149,114.706
47150,114.706
47151,114.706
47152,114.706
47153,114.706
47154,114.706
47155,114.706
47156,114.706
47157,114.706
47158,114.706
47159,114.706
47160,114.706
47161,114.706
47162,114.706
47163,114.706
47164,114.706
47165,114.706
47166,114.706
47167,114.706
47168,113.771
47169,113.771
47170,113.771
47171,113.771
47172,113.771
47173,113.771
47174,113.771
47175,113.771
47176,113.771
47177,113.771
47178,113.771
47179,113.771
47180,113.771
47181,113.771
47182,113.771
47183,113.771
47184,113.771
47185,113.771
47186,113.771
47187,113.771
47188,115.579
47189,115.579
47190,115.579
47191,115.579
47192,115.579
47193,115.579
47194,115.579
47195,115.579
47196,115.579
47197,115.579
47198,115.579
47199,115.579
47200,115.579
47201,115.579
47202,115.579
47203,115.579
47204,115.579
47205,115.579
47206,115.579
47207,115.579
47208,113.498
47209,113.498
47210,113.498
47211,113.498
47212,113.498
47213,113.498
47214,113.498
47215,113.498
47216,113.498
47217,113.498
47218,113.498
47219,113.498
47220,113.498
47221,113.498
47222,113.498
47223,113.498
47224,113.498
47225,113.498
47226,113.498
47227,113.498
47228,118.485
47229,118.485
47230,118.485
47231,118.485
47232,118.485
47233,118.485
47234,118.485
47235,118.485
47236,118.485
47237,118.485
47238,118.485
47239,118.485
47240,118.485
47241,118.485
47242,118.485
47243,118.485
47244,118.485
47245,118.485
47246,118.485
47247,118.485
47248,115.579
47249,115.579
47250,115.579
47251,115.579
47252,115.579
47253,115.579
47254,115.579
47255,115.579
47256,115.579
47257,115.579
47258,115.579
47259,115.579
47260,115.579
47261,115.579
47262,115.579
47263,115.579
47264,115.579
47265,115.579
47266,115.579
47267,115.579
47268,115.251
47269,115.251
47270,115.251
47271,115.251
47272,115.251
47273,115.251
47274,115.251
47275,115.251
47276,115.251
47277,115.251
47278,115.251
47279,115.251
47280,115.251
47281,115.251
47282,115.251
47283,115.251
47284,115.251
47285,115.251
47286,115.251
47287,115.251
47288,117.34
47289,117.34
47290,117.34
47291,117.34
47292,117.34
47293,117.34
47294,117.34
47295,117.34
47296,117.34
47297,117.34
47298,117.34
47299,117.34
47300,117.34
47301,117.34
47302,117.34
47303,117.34
47304,117.34
47305,117.34
47306,117.34
47307,117.34
47308,114.706
47309,114.706
47310,114.706
47311,114.706
47312,114.706
47313,114.706
47314,114.706
47315,114.706
47316,114.706
47317,114.706
47318,114.706
47319,114.706
47320,114.706
47321,114.706
47322,114.706
47323,114.706
47324,114.706
47325,114.706
47326,114.706
47327,114.706
47328,117.059
47329,117.059
47330,117.059
47331,117.059
47332,117.059
47333,117.059
47334,117.059
47335,117.059
47336,117.059
47337,117.059
47338,117.059
47339,117.059
47340,117.059
47341,117.059
47342,117.059
47343,117.059
47344,117.059
47345,117.059
47346,117.059
47347,117.059
47348,114.098
47349,114.098
47350,114.098
47351,114.098
47352,114.098
47353,114.098
47354,114.098
47355,114.098
47356,114.098
47357,114.098
47358,114.098
47359,114.098
47360,114.098
47361,114.098
47362,114.098
47363,114.098
47364,114.098
47365,114.098
47366,114.098
47367,114.098
47368,114.098
47369,115.579
47370,115.579
47371,115.579
47372,115.579
47373,115.579
47374,115.579
47375,115.579
47376,115.579
47377,115.579
47378,115.579
47379,115.579
47380,115.579
47381,115.579
47382,115.579
47383,115.579
47384,115.579
47385,115.579
47386,115.579
47387,115.579
47388,115.579
47389,115.251
47390,115.251
47391,115.251
47392,115.251
47393,115.251
47394,115.251
47395,115.251
47396,115.251
47397,115.251
47398,115.251
47399,115.251
47400,115.251
47401,115.251
47402,115.251
47403,115.251
47404,115.251
47405,115.251
47406,115.251
47407,115.251
47408,115.251
47409,113.226
47410,113.226
47411,113.226
47412,113.226
47413,113.226
47414,113.226
47415,113.226
47416,113.226
47417,113.226
47418,113.226
47419,113.226
47420,113.226
47421,113.226
47422,113.226
47423,113.226
47424,113.226
47425,113.226
47426,113.226
47427,113.226
47428,113.226
47429,116.132
47430,116.132
47431,116.132
47432,116.132
47433,116.132
47434,116.132
47435,116.132
47436,116.132
47437,116.132
47438,116.132
47439,116.132
47440,116.132
47441,116.132
47442,116.132
47443,116.132
47444,116.132
47445,116.132
47446,116.132
47447,116.132
47448,116.132
47449,113.226
47450,113.226
47451,113.226
47452,113.226
47453,113.226
47454,113.226
47455,113.226
47456,113.226
47457,113.226
47458,113.226
47459,113.226
47460,113.226
47461,113.226
47462,113.226
47463,113.226
47464,113.226
47465,113.226
47466,113.226
47467,113.226
47468,113.226
47469,116.732
47470,116.732
47471,116.732
47472,116.732
47473,116.732
47474,116.732
47475,116.732
47476,116.732
47477,116.732
47478,116.732
47479,116.732
47480,116.732
47481,116.732
47482,116.732
47483,116.732
47484,116.732
47485,116.732
47486,116.732
47487,116.732
47488,116.732
47489,114.706
47490,114.706
47491,114.706
47492,114.706
47493,114.706
47494,114.706
47495,114.706
47496,114.706
47497,114.706
47498,114.706
47499,114.706
47500,114.706
47501,114.706
47502,114.706
47503,114.706
47504,114.706
47505,114.706
47506,114.706
47507,114.706
47508,114.706
47509,113.498
47510,113.498
47511,113.498
47512,113.498
47513,113.498
47514,113.498
47515,113.498
47516,113.498
47517,113.498
47518,113.498
47519,113.498
47520,113.498
47521,113.498
47522,113.498
47523,113.498
47524,113.498
47525,113.498
47526,113.498
47527,113.498
47528,113.498
47529,115.579
47530,115.579
47531,115.579
47532,115.579
47533,115.579
47534,115.579
47535,115.579
47536,115.579
47537,115.579
47538,115.579
47539,115.579
47540,115.579
47541,115.579
47542,115.579
47543,115.579
47544,115.579
47545,115.579
47546,115.579
47547,115.579
47548,115.579
47549,113.226
47550,113.226
47551,113.226
47552,113.226
47553,113.226
47554,113.226
47555,113.226
47556,113.226
47557,113.226
47558,113.226
47559,113.226
47560,113.226
47561,113.226
47562,113.226
47563,113.226
47564,113.226
47565,113.226
47566,113.226
47567,113.226
47568,113.226
47569,117.34
47570,117.34
47571,117.34
47572,117.34
47573,117.34
47574,117.34
47575,117.34
47576,117.34
47577,117.34
47578,117.34
47579,117.34
47580,117.34
47581,117.34
47582,117.34
47583,117.34
47584,117.34
47585,117.34
47586,117.34
47587,117.34
47588,117.34
47589,117.34
47590,114.098
47591,114.098
47592,114.098
47593,114.098
47594,114.098
47595,114.098
47596,114.098
47597,114.098
47598,114.098
47599,114.098
47600,114.098
47601,114.098
47602,114.098
47603,114.098
47604,114.098
47605,114.098
47606,114.098
47607,114.098
47608,114.098
47609,114.098
47610,114.371
47611,114.371
47612,114.371
47613,114.371
47614,114.371
47615,114.371
47616,114.371
47617,114.371
47618,114.371
47619,114.371
47620,114.371
47621,114.371
47622,114.371
47623,114.371
47624,114.371
47625,114.371
47626,114.371
47627,114.371
47628,114.371
47629,114.371
47630,115.579
47631,115.579
47632,115.579
47633,115.579
47634,115.579
47635,115.579
47636,115.579
47637,115.579
47638,115.579
47639,115.579
47640,115.579
47641,115.579
47642,115.579
47643,115.579
47644,115.579
47645,115.579
47646,115.579
47647,115.579
47648,115.579
47649,115.579
47650,114.098
47651,114.098
47652,114.098
47653,114.098
47654,114.098
47655,114.098
47656,114.098
47657,114.098
47658,114.098
47659,114.098
47660,114.098
47661,114.098
47662,114.098
47663,114.098
47664,114.098
47665,114.098
47666,114.098
47667,114.098
47668,114.098
47669,114.098
47670,117.059
47671,117.059
47672,117.059
47673,117.059
47674,117.059
47675,117.059
47676,117.059
47677,117.059
47678,117.059
47679,117.059
47680,117.059
47681,117.059
47682,117.059
47683,117.059
47684,117.059
47685,117.059
47686,117.059
47687,117.059
47688,117.059
47689,117.059
47690,114.098
47691,114.098
47692,114.098
47693,114.098
47694,114.098
47695,114.098
47696,114.098
47697,114.098
47698,114.098
47699,114.098
47700,114.098
47701,114.098
47702,114.098
47703,114.098
47704,114.098
47705,114.098
47706,114.098
47707,114.098
47708,114.098
47709,114.098
47710,115.579
47711,115.579
47712,115.579
47713,115.579
47714,115.579
47715,115.579
47716,115.579
47717,115.579
47718,115.579
47719,115.579
47720,115.579
47721,115.579
47722,115.579
47723,115.579
47724,115.579
47725,115.579
47726,115.579
47727,115.579
47728,115.579
47729,115.579
47730,115.251
47731,115.251
47732,115.251
47733,115.251
47734,115.251
47735,115.251
47736,115.251
47737,115.251
47738,115.251
47739,115.251
47740,115.251
47741,115.251
47742,115.251
47743,115.251
47744,115.251
47745,115.251
47746,115.251
47747,115.251
47748,115.251
47749,115.251
47750,112.89
47751,112.89
47752,112.89
47753,112.89
47754,112.89
47755,112.89
47756,112.89
47757,112.89
47758,112.89
47759,112.89
47760,112.89
47761,112.89
47762,112.89
47763,112.89
47764,112.89
47765,112.89
47766,112.89
47767,112.89
47768,112.89
47769,112.89
47770,115.859
47771,115.859
47772,115.859
47773,115.859
47774,115.859
47775,115.859
47776,115.859
47777,115.859
47778,115.859
47779,115.859
47780,115.859
47781,115.859
47782,115.859
47783,115.859
47784,115.859
47785,115.859
47786,115.859
47787,115.859
47788,115.859
47789,115.859
47790,115.859
47791,113.226
47792,113.226
47793,113.226
47794,113.226
47795,113.226
47796,113.226
47797,113.226
47798,113.226
47799,113.226
47800,113.226
47801,113.226
47802,113.226
47803,113.226
47804,113.226
47805,113.226
47806,113.226
47807,113.226
47808,113.226
47809,113.226
47810,113.226
47811,117.059
47812,117.059
47813,117.059
47814,117.059
47815,117.059
47816,117.059
47817,117.059
47818,117.059
47819,117.059
47820,117.059
47821,117.059
47822,117.059
47823,117.059
47824,117.059
47825,117.059
47826,117.059
47827,117.059
47828,117.059
47829,117.059
47830,117.059
47831,114.371
47832,114.371
47833,114.371
47834,114.371
47835,114.371
47836,114.371
47837,114.371
47838,114.371
47839,114.371
47840,114.371
47841,114.371
47842,114.371
47843,114.371
47844,114.371
47845,114.371
47846,114.371
47847,114.371
47848,114.371
47849,114.371
47850,114.371
47851,113.498
47852,113.498
47853,113.498
47854,113.498
47855,113.498
47856,113.498
47857,113.498
47858,113.498
47859,113.498
47860,113.498
47861,113.498
47862,113.498
47863,113.498
47864,113.498
47865,113.498
47866,113.498
47867,113.498
47868,113.498
47869,113.498
47870,113.498
47871,115.579
47872,115.579
47873,115.579
47874,115.579
47875,115.579
47876,115.579
47877,115.579
47878,115.579
47879,115.579
47880,115.579
47881,115.579
47882,115.579
47883,115.579
47884,115.579
47885,115.579
47886,115.579
47887,115.579
47888,115.579
47889,115.579
47890,115.579
47891,113.226
47892,113.226
47893,113.226
47894,113.226
47895,113.226
47896,113.226
47897,113.226
47898,113.226
47899,113.226
47900,113.226
47901,113.226
47902,113.226
47903,113.226
47904,113.226
47905,113.226
47906,113.226
47907,113.226
47908,113.226
47909,113.226
47910,113.226
47911,116.732
47912,116.732
47913,116.732
47914,116.732
47915,116.732
47916,116.732
47917,116.732
47918,116.732
47919,116.732
47920,116.732
47921,116.732
47922,116.732
47923,116.732
47924,116.732
47925,116.732
47926,116.732
47927,116.732
47928,116.732
47929,116.732
47930,116.732
47931,114.098
47932,114.098
47933,114.098
47934,114.098
47935,114.098
47936,114.098
47937,114.098
47938,114.098
47939,114.098
47940,114.098
47941,114.098
47942,114.098
47943,114.098
47944,114.098
47945,114.098
47946,114.098
47947,114.098
47948,114.098
47949,114.098
47950,114.098
47951,115.859
47952,115.859
47953,115.859
47954,115.859
47955,115.859
47956,115.859
47957,115.859
47958,115.859
47959,115.859
47960,115.859
47961,115.859
47962,115.859
47963,115.859
47964,115.859
47965,115.859
47966,115.859
47967,115.859
47968,115.859
47969,115.859
47970,115.859
47971,115.251
47972,115.251
47973,115.251
47974,115.251
47975,115.251
47976,115.251
47977,115.251
47978,115.251
47979,115.251
47980,115.251
47981,115.251
47982,115.251
47983,115.251
47984,115.251
47985,115.251
47986,115.251
47987,115.251
47988,115.251
47989,115.251
47990,115.251
47991,113.498
47992,113.498
47993,113.498
47994,113.498
47995,113.498
47996,113.498
47997,113.498
47998,113.498
47999,113.498
48000,113.498
48001,113.498
48002,113.498
48003,113.498
48004,113.498
48005,113.498
48006,113.498
48007,113.498
48008,113.498
48009,113.498
48010,113.498
48011,113.498
48012,116.459
48013,116.459
48014,116.459
48015,116.459
48016,116.459
48017,116.459
48018,116.459
48019,116.459
48020,116.459
48021,116.459
48022,116.459
48023,116.459
48024,116.459
48025,116.459
48026,116.459
48027,116.459
48028,116.459
48029,116.459
48030,116.459
48031,116.459
48032,113.498
48033,113.498
48034,113.498
48035,113.498
48036,113.498
48037,113.498
48038,113.498
48039,113.498
48040,113.498
48041,113.498
48042,113.498
48043,113.498
48044,113.498
48045,113.498
48046,113.498
48047,113.498
48048,113.498
48049,113.498
48050,113.498
48051,113.498
48052,116.132
48053,116.132
48054,116.132
48055,116.132
48056,116.132
48057,116.132
48058,116.132
48059,116.132
48060,116.132
48061,116.132
48062,116.132
48063,116.132
48064,116.132
48065,116.132
48066,116.132
48067,116.132
48068,116.132
48069,116.132
48070,116.132
48071,116.132
48072,114.979
48073,114.979
48074,114.979
48075,114.979
48076,114.979
48077,114.979
48078,114.979
48079,114.979
48080,114.979
48081,114.979
48082,114.979
48083,114.979
48084,114.979
48085,114.979
48086,114.979
48087,114.979
48088,114.979
48089,114.979
48090,114.979
48091,114.979
48092,113.226
48093,113.226
48094,113.226
48095,113.226
48096,113.226
48097,113.226
48098,113.226
48099,113.226
48100,113.226
48101,113.226
48102,113.226
48103,113.226
48104,113.226
48105,113.226
48106,113.226
48107,113.226
48108,113.226
48109,113.226
48110,113.226
48111,113.226
48112,115.859
48113,115.859
48114,115.859
48115,115.859
48116,115.859
48117,115.859
48118,115.859
48119,115.859
48120,115.859
48121,115.859
48122,115.859
48123,115.859
48124,115.859
48125,115.859
48126,115.859
48127,115.859
48128,115.859
48129,115.859
48130,115.859
48131,115.859
48132,112.89
48133,112.89
48134,112.89
48135,112.89
48136,112.89
48137,112.89
48138,112.89
48139,112.89
48140,112.89
48141,112.89
48142,112.89
48143,112.89
48144,112.89
48145,112.89
48146,112.89
48147,112.89
48148,112.89
48149,112.89
48150,112.89
48151,112.89
48152,116.732
48153,116.732
48154,116.732
48155,116.732
48156,116.732
48157,116.732
48158,116.732
48159,116.732
48160,116.732
48161,116.732
48162,116.732
48163,116.732
48164,116.732
48165,116.732
48166,116.732
48167,116.732
48168,116.732
48169,116.732
48170,116.732
48171,116.732
48172,114.098
48173,114.098
48174,114.098
48175,114.098
48176,114.098
48177,114.098
48178,114.098
48179,114.098
48180,114.098
48181,114.098
48182,114.098
48183,114.098
48184,114.098
48185,114.098
48186,114.098
48187,114.098
48188,114.098
48189,114.098
48190,114.098
48191,114.098
48192,114.098
48193,114.098
48194,114.098
48195,114.098
48196,114.098
48197,114.098
48198,114.098
48199,114.098
48200,114.098
48201,114.098
48202,114.098
48203,114.098
48204,114.098
48205,114.098
48206,114.098
48207,114.098
48208,114.098
48209,114.098
48210,114.098
48211,114.098
48212,114.098
48213,115.579
48214,115.579
48215,115.579
48216,115.579
48217,115.579
48218,115.579
48219,115.579
48220,115.579
48221,115.579
48222,115.579
48223,115.579
48224,115.579
48225,115.579
48226,115.579
48227,115.579
48228,115.579
48229,115.579
48230,115.579
48231,115.579
48232,115.579
48233,113.498
48234,113.498
48235,113.498
48236,113.498
48237,113.498
48238,113.498
48239,113.498
48240,113.498
48241,113.498
48242,113.498
48243,113.498
48244,113.498
48245,113.498
48246,113.498
48247,113.498
48248,113.498
48249,113.498
48250,113.498
48251,113.498
48252,113.498
48253,116.732
48254,116.732
48255,116.732
48256,116.732
48257,116.732
48258,116.732
48259,116.732
48260,116.732
48261,116.732
48262,116.732
48263,116.732
48264,116.732
48265,116.732
48266,116.732
48267,116.732
48268,116.732
48269,116.732
48270,116.732
48271,116.732
48272,116.732
48273,113.771
48274,113.771
48275,113.771
48276,113.771
48277,113.771
48278,113.771
48279,113.771
48280,113.771
48281,113.771
48282,113.771
48283,113.771
48284,113.771
48285,113.771
48286,113.771
48287,113.771
48288,113.771
48289,113.771
48290,113.771
48291,113.771
48292,113.771
48293,116.132
48294,116.132
48295,116.132
48296,116.132
48297,116.132
48298,116.132
48299,116.132
48300,116.132
48301,116.132
48302,116.132
48303,116.132
48304,116.132
48305,116.132
48306,116.132
48307,116.132
48308,116.132
48309,116.132
48310,116.132
48311,116.132
48312,116.132
48313,115.579
48314,115.579
48315,115.579
48316,115.579
48317,115.579
48318,115.579
48319,115.579
48320,115.579
48321,115.579
48322,115.579
48323,115.579
48324,115.579
48325,115.579
48326,115.579
48327,115.579
48328,115.579
48329,115.579
48330,115.579
48331,115.579
48332,115.579
48333,112.89
48334,112.89
48335,112.89
48336,112.89
48337,112.89
48338,112.89
48339,112.89
48340,112.89
48341,112.89
48342,112.89
48343,112.89
48344,112.89
48345,112.89
48346,112.89
48347,112.89
48348,112.89
48349,112.89
48350,112.89
48351,112.89
48352,112.89
48353,116.459
48354,116.459
48355,116.459
48356,116.459
48357,116.459
48358,116.459
48359,116.459
48360,116.459
48361,116.459
48362,116.459
48363,116.459
48364,116.459
48365,116.459
48366,116.459
48367,116.459
48368,116.459
48369,116.459
48370,116.459
48371,116.459
48372,116.459
48373,113.226
48374,113.226
48375,113.226
48376,113.226
48377,113.226
48378,113.226
48379,113.226
48380,113.226
48381,113.226
48382,113.226
48383,113.226
48384,113.226
48385,113.226
48386,113.226
48387,113.226
48388,113.226
48389,113.226
48390,113.226
48391,113.226
48392,113.226
48393,117.059
48394,117.059
48395,117.059
48396,117.059
48397,117.059
48398,117.059
48399,117.059
48400,117.059
48401,117.059
48402,117.059
48403,117.059
48404,117.059
48405,117.059
48406,117.059
48407,117.059
48408,117.059
48409,117.059
48410,117.059
48411,117.059
48412,117.059
48413,117.059
48414,114.706
48415,114.706
48416,114.706
48417,114.706
48418,114.706
48419,114.706
48420,114.706
48421,114.706
48422,114.706
48423,114.706
48424,114.706
48425,114.706
48426,114.706
48427,114.706
48428,114.706
48429,114.706
48430,114.706
48431,114.706
48432,114.706
48433,114.706
48434,113.226
48435,113.226
48436,113.226
48437,113.226
48438,113.226
48439,113.226
48440,113.226
48441,113.226
48442,113.226
48443,113.226
48444,113.226
48445,113.226
48446,113.226
48447,113.226
48448,113.226
48449,113.226
48450,113.226
48451,113.226
48452,113.226
48453,113.226
48454,115.579
48455,115.579
48456,115.579
48457,115.579
48458,115.579
48459,115.579
48460,115.579
48461,115.579
48462,115.579
48463,115.579
48464,115.579
48465,115.579
48466,115.579
48467,115.579
48468,115.579
48469,115.579
48470,115.579
48471,115.579
48472,115.579
48473,115.579
48474,112.89
48475,112.89
48476,112.89
48477,112.89
48478,112.89
48479,112.89
48480,112.89
48481,112.89
48482,112.89
48483,112.89
48484,112.89
48485,112.89
48486,112.89
48487,112.89
48488,112.89
48489,112.89
48490,112.89
48491,112.89
48492,112.89
48493,112.89
48494,117.059
48495,117.059
48496,117.059
48497,117.059
48498,117.059
48499,117.059
48500,117.059
48501,117.059
48502,117.059
48503,117.059
48504,117.059
48505,117.059
48506,117.059
48507,117.059
48508,117.059
48509,117.059
48510,117.059
48511,117.059
48512,117.059
48513,117.059
48514,114.979
48515,114.979
48516,114.979
48517,114.979
48518,114.979
48519,114.979
48520,114.979
48521,114.979
48522,114.979
48523,114.979
48524,114.979
48525,114.979
48526,114.979
48527,114.979
48528,114.979
48529,114.979
48530,114.979
48531,114.979
48532,114.979
48533,114.979
48534,114.979
48535,114.979
48536,114.979
48537,114.979
48538,114.979
48539,114.979
48540,114.979
48541,114.979
48542,114.979
48543,114.979
48544,114.979
48545,114.979
48546,114.979
48547,114.979
48548,114.979
48549,114.979
48550,114.979
48551,114.979
48552,114.979
48553,114.979
48554,117.34
48555,117.34
48556,117.34
48557,117.34
48558,117.34
48559,117.34
48560,117.34
48561,117.34
48562,117.34
48563,117.34
48564,117.34
48565,117.34
48566,117.34
48567,117.34
48568,117.34
48569,117.34
48570,117.34
48571,117.34
48572,117.34
48573,117.34
48574,115.251
48575,115.251
48576,115.251
48577,115.251
48578,115.251
48579,115.251
48580,115.251
48581,115.251
48582,115.251
48583,115.251
48584,115.251
48585,115.251
48586,115.251
48587,115.251
48588,115.251
48589,115.251
48590,115.251
48591,115.251
48592,115.251
48593,115.251
48594,118.212
48595,118.212
48596,118.212
48597,118.212
48598,118.212
48599,118.212
48600,118.212
48601,118.212
48602,118.212
48603,118.212
48604,118.212
48605,118.212
48606,118.212
48607,118.212
48608,118.212
48609,118.212
48610,118.212
48611,118.212
48612,118.212
48613,118.212
48614,118.212
48615,114.706
48616,114.706
48617,114.706
48618,114.706
48619,114.706
48620,114.706
48621,114.706
48622,114.706
48623,114.706
48624,114.706
48625,114.706
48626,114.706
48627,114.706
48628,114.706
48629,114.706
48630,114.706
48631,114.706
48632,114.706
48633,114.706
48634,114.706
48635,115.859
48636,115.859
48637,115.859
48638,115.859
48639,115.859
48640,115.859
48641,115.859
48642,115.859
48643,115.859
48644,115.859
48645,115.859
48646,115.859
48647,115.859
48648,115.859
48649,115.859
48650,115.859
48651,115.859
48652,115.859
48653,115.859
48654,115.859
48655,115.251
48656,115.251
48657,115.251
48658,115.251
48659,115.251
48660,115.251
48661,115.251
48662,115.251
48663,115.251
48664,115.251
48665,115.251
48666,115.251
48667,115.251
48668,115.251
48669,115.251
48670,115.251
48671,115.251
48672,115.251
48673,115.251
48674,115.251
48675,112.89
48676,112.89
48677,112.89
48678,112.89
48679,112.89
48680,112.89
48681,112.89
48682,112.89
48683,112.89
48684,112.89
48685,112.89
48686,112.89
48687,112.89
48688,112.89
48689,112.89
48690,112.89
48691,112.89
48692,112.89
48693,112.89
48694,112.89
48695,115.859
48696,115.859
48697,115.859
48698,115.859
48699,115.859
48700,115.859
48701,115.859
48702,115.859
48703,115.859
48704,115.859
48705,115.859
48706,115.859
48707,115.859
48708,115.859
48709,115.859
48710,115.859
48711,115.859
48712,115.859
48713,115.859
48714,115.859
48715,112.89
48716,112.89
48717,112.89
48718,112.89
48719,112.89
48720,112.89
48721,112.89
48722,112.89
48723,112.89
48724,112.89
48725,112.89
48726,112.89
48727,112.89
48728,112.89
48729,112.89
48730,112.89
48731,112.89
48732,112.89
48733,112.89
48734,112.89
48735,116.732
48736,116.732
48737,116.732
48738,116.732
48739,116.732
48740,116.732
48741,116.732
48742,116.732
48743,116.732
48744,116.732
48745,116.732
48746,116.732
48747,116.732
48748,116.732
48749,116.732
48750,116.732
48751,116.732
48752,116.732
48753,116.732
48754,116.732
48755,114.979
48756,114.979
48757,114.979
48758,114.979
48759,114.979
48760,114.979
48761,114.979
48762,114.979
48763,114.979
48764,114.979
48765,114.979
48766,114.979
48767,114.979
48768,114.979
48769,114.979
48770,114.979
48771,114.979
48772,114.979
48773,114.979
48774,114.979
48775,113.498
48776,113.498
48777,113.498
48778,113.498
48779,113.498
48780,113.498
48781,113.498
48782,113.498
48783,113.498
48784,113.498
48785,113.498
48786,113.498
48787,113.498
48788,113.498
48789,113.498
48790,113.498
48791,113.498
48792,113.498
48793,113.498
48794,113.498
48795,115.579
48796,115.579
48797,115.579
48798,115.579
48799,115.579
48800,115.579
48801,115.579
48802,115.579
48803,115.579
48804,115.579
48805,115.579
48806,115.579
48807,115.579
48808,115.579
48809,115.579
48810,115.579
48811,115.579
48812,115.579
48813,115.579
48814,115.579
48815,115.579
48816,113.498
48817,113.498
48818,113.498
48819,113.498
48820,113.498
48821,113.498
48822,113.498
48823,113.498
48824,113.498
48825,113.498
48826,113.498
48827,113.498
48828,113.498
48829,113.498
48830,113.498
48831,113.498
48832,113.498
48833,113.498
48834,113.498
48835,113.498
48836,118.485
48837,118.485
48838,118.485
48839,118.485
48840,118.485
48841,118.485
48842,118.485
48843,118.485
48844,118.485
48845,118.485
48846,118.485
48847,118.485
48848,118.485
48849,118.485
48850,118.485
48851,118.485
48852,118.485
48853,118.485
48854,118.485
48855,118.485
48856,115.579
48857,115.579
48858,115.579
48859,115.579
48860,115.579
48861,115.579
48862,115.579
48863,115.579
48864,115.579
48865,115.579
48866,115.579
48867,115.579
48868,115.579
48869,115.579
48870,115.579
48871,115.579
48872,115.579
48873,115.579
48874,115.579
48875,115.579
48876,115.251
48877,115.251
48878,115.251
48879,115.251
48880,115.251
48881,115.251
48882,115.251
48883,115.251
48884,115.251
48885,115.251
48886,115.251
48887,115.251
48888,115.251
48889,115.251
48890,115.251
48891,115.251
48892,115.251
48893,115.251
48894,115.251
48895,115.251
48896,117.34
48897,117.34
48898,117.34
48899,117.34
48900,117.34
48901,117.34
48902,117.34
48903,117.34
48904,117.34
48905,117.34
48906,117.34
48907,117.34
48908,117.34
48909,117.34
48910,117.34
48911,117.34
48912,117.34
48913,117.34
48914,117.34
48915,117.34
48916,114.371
48917,114.371
48918,114.371
48919,114.371
48920,114.371
48921,114.371
48922,114.371
48923,114.371
48924,114.371
48925,114.371
48926,114.371
48927,114.371
48928,114.371
48929,114.371
48930,114.371
48931,114.371
48932,114.371
48933,114.371
48934,114.371
48935,114.371
48936,117.059
48937,117.059
48938,117.059
48939,117.059
48940,117.059
48941,117.059
48942,117.059
48943,117.059
48944,117.059
48945,117.059
48946,117.059
48947,117.059
48948,117.059
48949,117.059
48950,117.059
48951,117.059
48952,117.059
48953,117.059
48954,117.059
48955,117.059
48956,114.098
48957,114.098
48958,114.098
48959,114.098
48960,114.098
48961,114.098
48962,114.098
48963,114.098
48964,114.098
48965,114.098
48966,114.098
48967,114.098
48968,114.098
48969,114.098
48970,114.098
48971,114.098
48972,114.098
48973,114.098
48974,114.098
48975,114.098
48976,115.579
48977,115.579
48978,115.579
48979,115.579
48980,115.579
48981,115.579
48982,115.579
48983,115.579
48984,115.579
48985,115.579
48986,115.579
48987,115.579
48988,115.579
48989,115.579
48990,115.579
48991,115.579
48992,115.579
48993,115.579
48994,115.579
48995,115.579
48996,115.251
48997,115.251
48998,115.251
48999,115.251
49000,115.251
49001,115.251
49002,115.251
49003,115.251
49004,115.251
49005,115.251
49006,115.251
49007,115.251
49008,115.251
49009,115.251
49010,115.251
49011,115.251
49012,115.251
49013,115.251
49014,115.251
49015,115.251
49016,113.226
49017,113.226
49018,113.226
49019,113.226
49020,113.226
49021,113.226
49022,113.226
49023,113.226
49024,113.226
49025,113.226
49026,113.226
49027,113.226
49028,113.226
49029,113.226
49030,113.226
49031,113.226
49032,113.226
49033,113.226
49034,113.226
49035,113.226
49036,113.226
49037,115.859
49038,115.859
49039,115.859
49040,115.859
49041,115.859
49042,115.859
49043,115.859
49044,115.859
49045,115.859
49046,115.859
49047,115.859
49048,115.859
49049,115.859
49050,115.859
49051,115.859
49052,115.859
49053,115.859
49054,115.859
49055,115.859
49056,113.226
49057,113.226
49058,113.226
49059,113.226
49060,113.226
49061,113.226
49062,113.226
49063,113.226
49064,113.226
49065,113.226
49066,113.226
49067,113.226
49068,113.226
49069,113.226
49070,113.226
49071,113.226
49072,113.226
49073,113.226
49074,113.226
49075,113.226
49076,113.226
49077,116.132
49078,116.132
49079,116.132
49080,116.132
49081,116.132
49082,116.132
49083,116.132
49084,116.132
49085,116.132
49086,116.132
49087,116.132
49088,116.132
49089,116.132
49090,116.132
49091,116.132
49092,116.132
49093,116.132
49094,116.132
49095,116.132
49096,116.132
49097,114.979
49098,114.979
49099,114.979
49100,114.979
49101,114.979
49102,114.979
49103,114.979
49104,114.979
49105,114.979
49106,114.979
49107,114.979
49108,114.979
49109,114.979
49110,114.979
49111,114.979
49112,114.979
49113,114.979
49114,114.979
49115,114.979
49116,114.979
49117,113.226
49118,113.226
49119,113.226
49120,113.226
49121,113.226
49122,113.226
49123,113.226
49124,113.226
49125,113.226
49126,113.226
49127,113.226
49128,113.226
49129,113.226
49130,113.226
49131,113.226
49132,113.226
49133,113.226
49134,113.226
49135,113.226
49136,113.226
49137,113.226
49138,115.859
49139,115.859
49140,115.859
49141,115.859
49142,115.859
49143,115.859
49144,115.859
49145,115.859
49146,115.859
49147,115.859
49148,115.859
49149,115.859
49150,115.859
49151,115.859
49152,115.859
49153,115.859
49154,115.859
49155,115.859
49156,115.859
49157,112.89
49158,112.89
49159,112.89
49160,112.89
49161,112.89
49162,112.89
49163,112.89
49164,112.89
49165,112.89
49166,112.89
49167,112.89
49168,112.89
49169,112.89
49170,112.89
49171,112.89
49172,112.89
49173,112.89
49174,112.89
49175,112.89
49176,112.89
49177,117.34
49178,117.34
49179,117.34
49180,117.34
49181,117.34
49182,117.34
49183,117.34
49184,117.34
49185,117.34
49186,117.34
49187,117.34
49188,117.34
49189,117.34
49190,117.34
49191,117.34
49192,117.34
49193,117.34
49194,117.34
49195,117.34
49196,117.34
49197,114.098
49198,114.098
49199,114.098
49200,114.098
49201,114.098
49202,114.098
49203,114.098
49204,114.098
49205,114.098
49206,114.098
49207,114.098
49208,114.098
49209,114.098
49210,114.098
49211,114.098
49212,114.098
49213,114.098
49214,114.098
49215,114.098
49216,114.098
49217,115.859
49218,115.859
49219,115.859
49220,115.859
49221,115.859
49222,115.859
49223,115.859
49224,115.859
49225,115.859
49226,115.859
49227,115.859
49228,115.859
49229,115.859
49230,115.859
49231,115.859
49232,115.859
49233,115.859
49234,115.859
49235,115.859
49236,115.859
49237,115.859
49238,115.859
49239,115.579
49240,115.579
49241,115.579
49242,115.579
49243,115.579
49244,115.579
49245,115.579
49246,115.579
49247,115.579
49248,115.579
49249,115.579
49250,115.579
49251,115.579
49252,115.579
49253,115.579
49254,115.579
49255,115.579
49256,115.579
49257,113.771
49258,113.771
49259,113.771
49260,113.771
49261,113.771
49262,113.771
49263,113.771
49264,113.771
49265,113.771
49266,113.771
49267,113.771
49268,113.771
49269,113.771
49270,113.771
49271,113.771
49272,113.771
49273,113.771
49274,113.771
49275,113.771
49276,113.771
49277,113.771
49278,116.459
49279,116.459
49280,116.459
49281,116.459
49282,116.459
49283,116.459
49284,116.459
49285,116.459
49286,116.459
49287,116.459
49288,116.459
49289,116.459
49290,116.459
49291,116.459
49292,116.459
49293,116.459
49294,116.459
49295,116.459
49296,116.459
49297,116.459
49298,114.371
49299,114.371
49300,114.371
49301,114.371
49302,114.371
49303,114.371
49304,114.371
49305,114.371
49306,114.371
49307,114.371
49308,114.371
49309,114.371
49310,114.371
49311,114.371
49312,114.371
49313,114.371
49314,114.371
49315,114.371
49316,114.371
49317,114.371
49318,115.859
49319,115.859
49320,115.859
49321,115.859
49322,115.859
49323,115.859
49324,115.859
49325,115.859
49326,115.859
49327,115.859
49328,115.859
49329,115.859
49330,115.859
49331,115.859
49332,115.859
49333,115.859
49334,115.859
49335,115.859
49336,115.859
49337,115.859
49338,115.859
49339,115.251
49340,115.251
49341,115.251
49342,115.251
49343,115.251
49344,115.251
49345,115.251
49346,115.251
49347,115.251
49348,115.251
49349,115.251
49350,115.251
49351,115.251
49352,115.251
49353,115.251
49354,115.251
49355,115.251
49356,115.251
49357,115.251
49358,113.226
49359,113.226
49360,113.226
49361,113.226
49362,113.226
49363,113.226
49364,113.226
49365,113.226
49366,113.226
49367,113.226
49368,113.226
49369,113.226
49370,113.226
49371,113.226
49372,113.226
49373,113.226
49374,113.226
49375,113.226
49376,113.226
49377,113.226
49378,116.132
49379,116.132
49380,116.132
49381,116.132
49382,116.132
49383,116.132
49384,116.132
49385,116.132
49386,116.132
49387,116.132
49388,116.132
49389,116.132
49390,116.132
49391,116.132
49392,116.132
49393,116.132
49394,116.132
49395,116.132
49396,116.132
49397,116.132
49398,113.226
49399,113.226
49400,113.226
49401,113.226
49402,113.226
49403,113.226
49404,113.226
49405,113.226
49406,113.226
49407,113.226
49408,113.226
49409,113.226
49410,113.226
49411,113.226
49412,113.226
49413,113.226
49414,113.226
49415,113.226
49416,113.226
49417,113.226
49418,116.732
49419,116.732
49420,116.732
49421,116.732
49422,116.732
49423,116.732
49424,116.732
49425,116.732
49426,116.732
49427,116.732
49428,116.732
49429,116.732
49430,116.732
49431,116.732
49432,116.732
49433,116.732
49434,116.732
49435,116.732
49436,116.732
49437,116.732
49438,116.732
49439,116.732
49440,114.706
49441,114.706
49442,114.706
49443,114.706
49444,114.706
49445,114.706
49446,114.706
49447,114.706
49448,114.706
49449,114.706
49450,114.706
49451,114.706
49452,114.706
49453,114.706
49454,114.706
49455,114.706
49456,114.706
49457,114.706
49458,113.771
49459,113.771
49460,113.771
49461,113.771
49462,113.771
49463,113.771
49464,113.771
49465,113.771
49466,113.771
49467,113.771
49468,113.771
49469,113.771
49470,113.771
49471,113.771
49472,113.771
49473,113.771
49474,113.771
49475,113.771
49476,113.771
49477,113.771
49478,115.579
49479,115.579
49480,115.579
49481,115.579
49482,115.579
49483,115.579
49484,115.579
49485,115.579
49486,115.579
49487,115.579
49488,115.579
49489,115.579
49490,115.579
49491,115.579
49492,115.579
49493,115.579
49494,115.579
49495,115.579
49496,115.579
49497,115.579
49498,113.498
49499,113.498
49500,113.498
49501,113.498
49502,113.498
49503,113.498
49504,113.498
49505,113.498
49506,113.498
49507,113.498
49508,113.498
49509,113.498
49510,113.498
49511,113.498
49512,113.498
49513,113.498
49514,113.498
49515,113.498
49516,113.498
49517,113.498
49518,113.498
49519,117.059
49520,117.059
49521,117.059
49522,117.059
49523,117.059
49524,117.059
49525,117.059
49526,117.059
49527,117.059
49528,117.059
49529,117.059
49530,117.059
49531,117.059
49532,117.059
49533,117.059
49534,117.059
49535,117.059
49536,117.059
49537,117.059
49538,117.059
49539,117.059
49540,114.098
49541,114.098
49542,114.098
49543,114.098
49544,114.098
49545,114.098
49546,114.098
49547,114.098
49548,114.098
49549,114.098
49550,114.098
49551,114.098
49552,114.098
49553,114.098
49554,114.098
49555,114.098
49556,114.098
49557,114.098
49558,114.098
49559,116.459
49560,116.459
49561,116.459
49562,116.459
49563,116.459
49564,116.459
49565,116.459
49566,116.459
49567,116.459
49568,116.459
49569,116.459
49570,116.459
49571,116.459
49572,116.459
49573,116.459
49574,116.459
49575,116.459
49576,116.459
49577,116.459
49578,116.459
49579,114.979
49580,114.979
49581,114.979
49582,114.979
49583,114.979
49584,114.979
49585,114.979
49586,114.979
49587,114.979
49588,114.979
49589,114.979
49590,114.979
49591,114.979
49592,114.979
49593,114.979
49594,114.979
49595,114.979
49596,114.979
49597,114.979
49598,114.979
49599,113.226
49600,113.226
49601,113.226
49602,113.226
49603,113.226
49604,113.226
49605,113.226
49606,113.226
49607,113.226
49608,113.226
49609,113.226
49610,113.226
49611,113.226
49612,113.226
49613,113.226
49614,113.226
49615,113.226
49616,113.226
49617,113.226
49618,113.226
49619,116.132
49620,116.132
49621,116.132
49622,116.132
49623,116.132
49624,116.132
49625,116.132
49626,116.132
49627,116.132
49628,116.132
49629,116.132
49630,116.132
49631,116.132
49632,116.132
49633,116.132
49634,116.132
49635,116.132
49636,116.132
49637,116.132
49638,116.132
49639,116.132
49640,114.098
49641,114.098
49642,114.098
49643,114.098
49644,114.098
49645,114.098
49646,114.098
49647,114.098
49648,114.098
49649,114.098
49650,114.098
49651,114.098
49652,114.098
49653,114.098
49654,114.098
49655,114.098
49656,114.098
49657,114.098
49658,114.098
49659,116.132
49660,116.132
49661,116.132
49662,116.132
49663,116.132
49664,116.132
49665,116.132
49666,116.132
49667,116.132
49668,116.132
49669,116.132
49670,116.132
49671,116.132
49672,116.132
49673,116.132
49674,116.132
49675,116.132
49676,116.132
49677,116.132
49678,116.132
49679,114.706
49680,114.706
49681,114.706
49682,114.706
49683,114.706
49684,114.706
49685,114.706
49686,114.706
49687,114.706
49688,114.706
49689,114.706
49690,114.706
49691,114.706
49692,114.706
49693,114.706
49694,114.706
49695,114.706
49696,114.706
49697,114.706
49698,114.706
49699,113.226
49700,113.226
49701,113.226
49702,113.226
49703,113.226
49704,113.226
49705,113.226
49706,113.226
49707,113.226
49708,113.226
49709,113.226
49710,113.226
49711,113.226
49712,113.226
49713,113.226
49714,113.226
49715,113.226
49716,113.226
49717,113.226
49718,113.226
49719,115.251
49720,115.251
49721,115.251
49722,115.251
49723,115.251
49724,115.251
49725,115.251
49726,115.251
49727,115.251
49728,115.251
49729,115.251
49730,115.251
49731,115.251
49732,115.251
49733,115.251
49734,115.251
49735,115.251
49736,115.251
49737,115.251
49738,115.251
49739,115.251
49740,115.251
49741,113.226
49742,113.226
49743,113.226
49744,113.226
49745,113.226
49746,113.226
49747,113.226
49748,113.226
49749,113.226
49750,113.226
49751,113.226
49752,113.226
49753,113.226
49754,113.226
49755,113.226
49756,113.226
49757,113.226
49758,113.226
49759,117.34
49760,117.34
49761,117.34
49762,117.34
49763,117.34
49764,117.34
49765,117.34
49766,117.34
49767,117.34
49768,117.34
49769,117.34
49770,117.34
49771,117.34
49772,117.34
49773,117.34
49774,117.34
49775,117.34
49776,117.34
49777,117.34
49778,117.34
49779,117.34
49780,114.098
49781,114.098
49782,114.098
49783,114.098
49784,114.098
49785,114.098
49786,114.098
49787,114.098
49788,114.098
49789,114.098
49790,114.098
49791,114.098
49792,114.098
49793,114.098
49794,114.098
49795,114.098
49796,114.098
49797,114.098
49798,114.098
49799,114.098
49800,114.371
49801,114.371
49802,114.371
49803,114.371
49804,114.371
49805,114.371
49806,114.371
49807,114.371
49808,114.371
49809,114.371
49810,114.371
49811,114.371
49812,114.371
49813,114.371
49814,114.371
49815,114.371
49816,114.371
49817,114.371
49818,114.371
49819,114.371
49820,115.579
49821,115.579
49822,115.579
49823,115.579
49824,115.579
49825,115.579
49826,115.579
49827,115.579
49828,115.579
49829,115.579
49830,115.579
49831,115.579
49832,115.579
49833,115.579
49834,115.579
49835,115.579
49836,115.579
49837,115.579
49838,115.579
49839,115.579
49840,115.579
49841,115.579
49842,112.89
49843,112.89
49844,112.89
49845,112.89
49846,112.89
49847,112.89
49848,112.89
49849,112.89
49850,112.89
49851,112.89
49852,112.89
49853,112.89
49854,112.89
49855,112.89
49856,112.89
49857,112.89
49858,112.89
49859,112.89
49860,116.732
49861,116.732
49862,116.732
49863,116.732
49864,116.732
49865,116.732
49866,116.732
49867,116.732
49868,116.732
49869,116.732
49870,116.732
49871,116.732
49872,116.732
49873,116.732
49874,116.732
49875,116.732
49876,116.732
49877,116.732
49878,116.732
49879,116.732
49880,114.098
49881,114.098
49882,114.098
49883,114.098
49884,114.098
49885,114.098
49886,114.098
49887,114.098
49888,114.098
49889,114.098
49890,114.098
49891,114.098
49892,114.098
49893,114.098
49894,114.098
49895,114.098
49896,114.098
49897,114.098
49898,114.098
49899,114.098
49900,115.579
49901,115.579
49902,115.579
49903,115.579
49904,115.579
49905,115.579
49906,115.579
49907,115.579
49908,115.579
49909,115.579
49910,115.579
49911,115.579
49912,115.579
49913,115.579
49914,115.579
49915,115.579
49916,115.579
49917,115.579
49918,115.579
49919,115.579
49920,115.251
49921,115.251
49922,115.251
49923,115.251
49924,115.251
49925,115.251
49926,115.251
49927,115.251
49928,115.251
49929,115.251
49930,115.251
49931,115.251
49932,115.251
49933,115.251
49934,115.251
49935,115.251
49936,115.251
49937,115.251
49938,115.251
49939,115.251
49940,115.251
49941,115.251
49942,113.498
49943,113.498
49944,113.498
49945,113.498
49946,113.498
49947,113.498
49948,113.498
49949,113.498
49950,113.498
49951,113.498
49952,113.498
49953,113.498
49954,113.498
49955,113.498
49956,113.498
49957,113.498
49958,113.498
49959,113.498
49960,113.498
49961,115.859
49962,115.859
49963,115.859
49964,115.859
49965,115.859
49966,115.859
49967,115.859
49968,115.859
49969,115.859
49970,115.859
49971,115.859
49972,115.859
49973,115.859
49974,115.859
49975,115.859
49976,115.859
49977,115.859
49978,115.859
49979,115.859
49980,115.859
49981,113.226
49982,113.226
49983,113.226
49984,113.226
49985,113.226
49986,113.226
49987,113.226
49988,113.226
49989,113.226
49990,113.226
49991,113.226
49992,113.226
49993,113.226
49994,113.226
49995,113.226
49996,113.226
49997,113.226
49998,113.226
49999,113.226
50000,113.226
50001,116.732
50002,116.732
50003,116.732
50004,116.732
50005,116.732
50006,116.732
50007,116.732
50008,116.732
50009,116.732
50010,116.732
50011,116.732
50012,116.732
50013,116.732
50014,116.732
50015,116.732
50016,116.732
50017,116.732
50018,116.732
50019,116.732
50020,116.732
50021,114.371
50022,114.371
50023,114.371
50024,114.371
50025,114.371
50026,114.371
50027,114.371
50028,114.371
50029,114.371
50030,114.371
50031,114.371
50032,114.371
50033,114.371
50034,114.371
50035,114.371
50036,114.371
50037,114.371
50038,114.371
50039,114.371
50040,114.371
50041,114.371
50042,114.371
50043,112.89
50044,112.89
50045,112.89
50046,112.89
50047,112.89
50048,112.89
50049,112.89
50050,112.89
50051,112.89
50052,112.89
50053,112.89
50054,112.89
50055,112.89
50056,112.89
50057,112.89
50058,112.89
50059,112.89
50060,112.89
50061,115.579
50062,115.579
50063,115.579
50064,115.579
50065,115.579
50066,115.579
50067,115.579
50068,115.579
50069,115.579
50070,115.579
50071,115.579
50072,115.579
50073,115.579
50074,115.579
50075,115.579
50076,115.579
50077,115.579
50078,115.579
50079,115.579
50080,115.579
50081,113.226
50082,113.226
50083,113.226
50084,113.226
50085,113.226
50086,113.226
50087,113.226
50088,113.226
50089,113.226
50090,113.226
50091,113.226
50092,113.226
50093,113.226
50094,113.226
50095,113.226
50096,113.226
50097,113.226
50098,113.226
50099,113.226
50100,113.226
50101,117.059
50102,117.059
50103,117.059
50104,117.059
50105,117.059
50106,117.059
50107,117.059
50108,117.059
50109,117.059
50110,117.059
50111,117.059
50112,117.059
50113,117.059
50114,117.059
50115,117.059
50116,117.059
50117,117.059
50118,117.059
50119,117.059
50120,117.059
50121,113.771
50122,113.771
50123,113.771
50124,113.771
50125,113.771
50126,113.771
50127,113.771
50128,113.771
50129,113.771
50130,113.771
50131,113.771
50132,113.771
50133,113.771
50134,113.771
50135,113.771
50136,113.771
50137,113.771
50138,113.771
50139,113.771
50140,113.771
50141,113.771
50142,113.771
50143,114.706
50144,114.706
50145,114.706
50146,114.706
50147,114.706
50148,114.706
50149,114.706
50150,114.706
50151,114.706
50152,114.706
50153,114.706
50154,114.706
50155,114.706
50156,114.706
50157,114.706
50158,114.706
50159,114.706
50160,114.706
50161,115.251
50162,115.251
50163,115.251
50164,115.251
50165,115.251
50166,115.251
50167,115.251
50168,115.251
50169,115.251
50170,115.251
50171,115.251
50172,115.251
50173,115.251
50174,115.251
50175,115.251
50176,115.251
50177,115.251
50178,115.251
50179,115.251
50180,115.251
50181,113.226
50182,113.226
50183,113.226
50184,113.226
50185,113.226
50186,113.226
50187,113.226
50188,113.226
50189,113.226
50190,113.226
50191,113.226
50192,113.226
50193,113.226
50194,113.226
50195,113.226
50196,113.226
50197,113.226
50198,113.226
50199,113.226
50200,113.226
50201,113.226
50202,116.459
50203,116.459
50204,116.459
50205,116.459
50206,116.459
50207,116.459
50208,116.459
50209,116.459
50210,116.459
50211,116.459
50212,116.459
50213,116.459
50214,116.459
50215,116.459
50216,116.459
50217,116.459
50218,116.459
50219,116.459
50220,116.459
50221,116.459
50222,113.498
50223,113.498
50224,113.498
50225,113.498
50226,113.498
50227,113.498
50228,113.498
50229,113.498
50230,113.498
50231,113.498
50232,113.498
50233,113.498
50234,113.498
50235,113.498
50236,113.498
50237,113.498
50238,113.498
50239,113.498
50240,113.498
50241,113.498
50242,113.498
50243,115.859
50244,115.859
50245,115.859
50246,115.859
50247,115.859
50248,115.859
50249,115.859
50250,115.859
50251,115.859
50252,115.859
50253,115.859
50254,115.859
50255,115.859
50256,115.859
50257,115.859
50258,115.859
50259,115.859
50260,115.859
50261,115.859
50262,114.979
50263,114.979
50264,114.979
50265,114.979
50266,114.979
50267,114.979
50268,114.979
50269,114.979
50270,114.979
50271,114.979
50272,114.979
50273,114.979
50274,114.979
50275,114.979
50276,114.979
50277,114.979
50278,114.979
50279,114.979
50280,114.979
50281,114.979
50282,112.89
50283,112.89
50284,112.89
50285,112.89
50286,112.89
50287,112.89
50288,112.89
50289,112.89
50290,112.89
50291,112.89
50292,112.89
50293,112.89
50294,112.89
50295,112.89
50296,112.89
50297,112.89
50298,112.89
50299,112.89
50300,112.89
50301,112.89
50302,115.251
50303,115.251
50304,115.251
50305,115.251
50306,115.251
50307,115.251
50308,115.251
50309,115.251
50310,115.251
50311,115.251
50312,115.251
50313,115.251
50314,115.251
50315,115.251
50316,115.251
50317,115.251
50318,115.251
50319,115.251
50320,115.251
50321,115.251
50322,112.618
50323,112.618
50324,112.618
50325,112.618
50326,112.618
50327,112.618
50328,112.618
50329,112.618
50330,112.618
50331,112.618
50332,112.618
50333,112.618
50334,112.618
50335,112.618
50336,112.618
50337,112.618
50338,112.618
50339,112.618
50340,112.618
50341,112.618
50342,112.618
50343,117.059
50344,117.059
50345,117.059
50346,117.059
50347,117.059
50348,117.059
50349,117.059
50350,117.059
50351,117.059
50352,117.059
50353,117.059
50354,117.059
50355,117.059
50356,117.059
50357,117.059
50358,117.059
50359,117.059
50360,117.059
50361,117.059
50362,114.371
50363,114.371
50364,114.371
50365,114.371
50366,114.371
50367,114.371
50368,114.371
50369,114.371
50370,114.371
50371,114.371
50372,114.371
50373,114.371
50374,114.371
50375,114.371
50376,114.371
50377,114.371
50378,114.371
50379,114.371
50380,114.371
50381,114.371
50382,114.706
50383,114.706
50384,114.706
50385,114.706
50386,114.706
50387,114.706
50388,114.706
50389,114.706
50390,114.706
50391,114.706
50392,114.706
50393,114.706
50394,114.706
50395,114.706
50396,114.706
50397,114.706
50398,114.706
50399,114.706
50400,114.706
50401,114.706
50402,114.706
50403,115.859
50404,115.859
50405,115.859
50406,115.859
50407,115.859
50408,115.859
50409,115.859
50410,115.859
50411,115.859
50412,115.859
50413,115.859
50414,115.859
50415,115.859
50416,115.859
50417,115.859
50418,115.859
50419,115.859
50420,115.859
50421,115.859
50422,115.859
50423,113.771
50424,113.771
50425,113.771
50426,113.771
50427,113.771
50428,113.771
50429,113.771
50430,113.771
50431,113.771
50432,113.771
50433,113.771
50434,113.771
50435,113.771
50436,113.771
50437,113.771
50438,113.771
50439,113.771
50440,113.771
50441,113.771
50442,113.771
50443,113.771
50444,117.34
50445,117.34
50446,117.34
50447,117.34
50448,117.34
50449,117.34
50450,117.34
50451,117.34
50452,117.34
50453,117.34
50454,117.34
50455,117.34
50456,117.34
50457,117.34
50458,117.34
50459,117.34
50460,117.34
50461,117.34
50462,117.34
50463,114.098
50464,114.098
50465,114.098
50466,114.098
50467,114.098
50468,114.098
50469,114.098
50470,114.098
50471,114.098
50472,114.098
50473,114.098
50474,114.098
50475,114.098
50476,114.098
50477,114.098
50478,114.098
50479,114.098
50480,114.098
50481,114.098
50482,114.098
50483,115.859
50484,115.859
50485,115.859
50486,115.859
50487,115.859
50488,115.859
50489,115.859
50490,115.859
50491,115.859
50492,115.859
50493,115.859
50494,115.859
50495,115.859
50496,115.859
50497,115.859
50498,115.859
50499,115.859
50500,115.859
50501,115.859
50502,115.859
50503,114.979
50504,114.979
50505,114.979
50506,114.979
50507,114.979
50508,114.979
50509,114.979
50510,114.979
50511,114.979
50512,114.979
50513,114.979
50514,114.979
50515,114.979
50516,114.979
50517,114.979
50518,114.979
50519,114.979
50520,114.979
50521,114.979
50522,114.979
50523,113.498
50524,113.498
50525,113.498
50526,113.498
50527,113.498
50528,113.498
50529,113.498
50530,113.498
50531,113.498
50532,113.498
50533,113.498
50534,113.498
50535,113.498
50536,113.498
50537,113.498
50538,113.498
50539,113.498
50540,113.498
50541,113.498
50542,113.498
50543,113.498
50544,117.94
50545,117.94
50546,117.94
50547,117.94
50548,117.94
50549,117.94
50550,117.94
50551,117.94
50552,117.94
50553,117.94
50554,117.94
50555,117.94
50556,117.94
50557,117.94
50558,117.94
50559,117.94
50560,117.94
50561,117.94
50562,117.94
50563,114.706
50564,114.706
50565,114.706
50566,114.706
50567,114.706
50568,114.706
50569,114.706
50570,114.706
50571,114.706
50572,114.706
50573,114.706
50574,114.706
50575,114.706
50576,114.706
50577,114.706
50578,114.706
50579,114.706
50580,114.706
50581,114.706
50582,114.706
50583,118.212
50584,118.212
50585,118.212
50586,118.212
50587,118.212
50588,118.212
50589,118.212
50590,118.212
50591,118.212
50592,118.212
50593,118.212
50594,118.212
50595,118.212
50596,118.212
50597,118.212
50598,118.212
50599,118.212
50600,118.212
50601,118.212
50602,118.212
50603,115.859
50604,115.859
50605,115.859
50606,115.859
50607,115.859
50608,115.859
50609,115.859
50610,115.859
50611,115.859
50612,115.859
50613,115.859
50614,115.859
50615,115.859
50616,115.859
50617,115.859
50618,115.859
50619,115.859
50620,115.859
50621,115.859
50622,115.859
50623,115.859
50624,114.098
50625,114.098
50626,114.098
50627,114.098
50628,114.098
50629,114.098
50630,114.098
50631,114.098
50632,114.098
50633,114.098
50634,114.098
50635,114.098
50636,114.098
50637,114.098
50638,114.098
50639,114.098
50640,114.098
50641,114.098
50642,114.098
50643,114.098
50644,114.098
50645,115.579
50646,115.579
50647,115.579
50648,115.579
50649,115.579
50650,115.579
50651,115.579
50652,115.579
50653,115.579
50654,115.579
50655,115.579
50656,115.579
50657,115.579
50658,115.579
50659,115.579
50660,115.579
50661,115.579
50662,115.579
50663,115.579
50664,113.226
50665,113.226
50666,113.226
50667,113.226
50668,113.226
50669,113.226
50670,113.226
50671,113.226
50672,113.226
50673,113.226
50674,113.226
50675,113.226
50676,113.226
50677,113.226
50678,113.226
50679,113.226
50680,113.226
50681,113.226
50682,113.226
50683,113.226
50684,117.34
50685,117.34
50686,117.34
50687,117.34
50688,117.34
50689,117.34
50690,117.34
50691,117.34
50692,117.34
50693,117.34
50694,117.34
50695,117.34
50696,117.34
50697,117.34
50698,117.34
50699,117.34
50700,117.34
50701,117.34
50702,117.34
50703,117.34
50704,114.098
50705,114.098
50706,114.098
50707,114.098
50708,114.098
50709,114.098
50710,114.098
50711,114.098
50712,114.098
50713,114.098
50714,114.098
50715,114.098
50716,114.098
50717,114.098
50718,114.098
50719,114.098
50720,114.098
50721,114.098
50722,114.098
50723,114.098
50724,116.132
50725,116.132
50726,116.132
50727,116.132
50728,116.132
50729,116.132
50730,116.132
50731,116.132
50732,116.132
50733,116.132
50734,116.132
50735,116.132
50736,116.132
50737,116.132
50738,116.132
50739,116.132
50740,116.132
50741,116.132
50742,116.132
50743,116.132
50744,116.132
50745,115.859
50746,115.859
50747,115.859
50748,115.859
50749,115.859
50750,115.859
50751,115.859
50752,115.859
50753,115.859
50754,115.859
50755,115.859
50756,115.859
50757,115.859
50758,115.859
50759,115.859
50760,115.859
50761,115.859
50762,115.859
50763,115.859
50764,113.498
50765,113.498
50766,113.498
50767,113.498
50768,113.498
50769,113.498
50770,113.498
50771,113.498
50772,113.498
50773,113.498
50774,113.498
50775,113.498
50776,113.498
50777,113.498
50778,113.498
50779,113.498
50780,113.498
50781,113.498
50782,113.498
50783,113.498
50784,116.459
50785,116.459
50786,116.459
50787,116.459
50788,116.459
50789,116.459
50790,116.459
50791,116.459
50792,116.459
50793,116.459
50794,116.459
50795,116.459
50796,116.459
50797,116.459
50798,116.459
50799,116.459
50800,116.459
50801,116.459
50802,116.459
50803,116.459
50804,113.498
50805,113.498
50806,113.498
50807,113.498
50808,113.498
50809,113.498
50810,113.498
50811,113.498
50812,113.498
50813,113.498
50814,113.498
50815,113.498
50816,113.498
50817,113.498
50818,113.498
50819,113.498
50820,113.498
50821,113.498
50822,113.498
50823,113.498
50824,117.059
50825,117.059
50826,117.059
50827,117.059
50828,117.059
50829,117.059
50830,117.059
50831,117.059
50832,117.059
50833,117.059
50834,117.059
50835,117.059
50836,117.059
50837,117.059
50838,117.059
50839,117.059
50840,117.059
50841,117.059
50842,117.059
50843,117.059
50844,117.059
50845,116.732
50846,116.732
50847,116.732
50848,116.732
50849,116.732
50850,116.732
50851,116.732
50852,116.732
50853,116.732
50854,116.732
50855,116.732
50856,116.732
50857,116.732
50858,116.732
50859,116.732
50860,116.732
50861,116.732
50862,116.732
50863,116.732
50864,116.732
50865,114.371
50866,114.371
50867,114.371
50868,114.371
50869,114.371
50870,114.371
50871,114.371
50872,114.371
50873,114.371
50874,114.371
50875,114.371
50876,114.371
50877,114.371
50878,114.371
50879,114.371
50880,114.371
50881,114.371
50882,114.371
50883,114.371
50884,114.371
50885,117.94
50886,117.94
50887,117.94
50888,117.94
50889,117.94
50890,117.94
50891,117.94
50892,117.94
50893,117.94
50894,117.94
50895,117.94
50896,117.94
50897,117.94
50898,117.94
50899,117.94
50900,117.94
50901,117.94
50902,117.94
50903,117.94
50904,117.94
50905,114.706
50906,114.706
50907,114.706
50908,114.706
50909,114.706
50910,114.706
50911,114.706
50912,114.706
50913,114.706
50914,114.706
50915,114.706
50916,114.706
50917,114.706
50918,114.706
50919,114.706
50920,114.706
50921,114.706
50922,114.706
50923,114.706
50924,114.706
50925,117.34
50926,117.34
50927,117.34
50928,117.34
50929,117.34
50930,117.34
50931,117.34
50932,117.34
50933,117.34
50934,117.34
50935,117.34
50936,117.34
50937,117.34
50938,117.34
50939,117.34
50940,117.34
50941,117.34
50942,117.34
50943,117.34
50944,117.34
50945,117.34
50946,115.251
50947,115.251
50948,115.251
50949,115.251
50950,115.251
50951,115.251
50952,115.251
50953,115.251
50954,115.251
50955,115.251
50956,115.251
50957,115.251
50958,115.251
50959,115.251
50960,115.251
50961,115.251
50962,115.251
50963,115.251
50964,115.251
50965,114.098
50966,114.098
50967,114.098
50968,114.098
50969,114.098
50970,114.098
50971,114.098
50972,114.098
50973,114.098
50974,114.098
50975,114.098
50976,114.098
50977,114.098
50978,114.098
50979,114.098
50980,114.098
50981,114.098
50982,114.098
50983,114.098
50984,114.098
50985,115.859
50986,115.859
50987,115.859
50988,115.859
50989,115.859
50990,115.859
50991,115.859
50992,115.859
50993,115.859
50994,115.859
50995,115.859
50996,115.859
50997,115.859
50998,115.859
50999,115.859
51000,115.859
51001,115.859
51002,115.859
51003,115.859
51004,115.859
51005,113.226
51006,113.226
51007,113.226
51008,113.226
51009,113.226
51010,113.226
51011,113.226
51012,113.226
51013,113.226
51014,113.226
51015,113.226
51016,113.226
51017,113.226
51018,113.226
51019,113.226
51020,113.226
51021,113.226
51022,113.226
51023,113.226
51024,113.226
51025,117.34
51026,117.34
51027,117.34
51028,117.34
51029,117.34
51030,117.34
51031,117.34
51032,117.34
51033,117.34
51034,117.34
51035,117.34
51036,117.34
51037,117.34
51038,117.34
51039,117.34
51040,117.34
51041,117.34
51042,117.34
51043,117.34
51044,117.34
51045,117.34
51046,114.098
51047,114.098
51048,114.098
51049,114.098
51050,114.098
51051,114.098
51052,114.098
51053,114.098
51054,114.098
51055,114.098
51056,114.098
51057,114.098
51058,114.098
51059,114.098
51060,114.098
51061,114.098
51062,114.098
51063,114.098
51064,114.098
51065,114.098
51066,115.579
51067,115.579
51068,115.579
51069,115.579
51070,115.579
51071,115.579
51072,115.579
51073,115.579
51074,115.579
51075,115.579
51076,115.579
51077,115.579
51078,115.579
51079,115.579
51080,115.579
51081,115.579
51082,115.579
51083,115.579
51084,115.579
51085,115.579
51086,76.027
51087,76.027
51088,76.027
51089,76.027
51090,76.027
51091,76.027
51092,76.027
51093,76.027
51094,76.027
51095,76.027
51096,76.027
51097,76.027
51098,76.027
51099,76.027
51100,76.027
51101,76.027
51102,76.027
51103,76.027
51104,76.027
51105,76.027
51106,67.868
51107,67.868
51108,67.868
51109,67.868
51110,67.868
51111,67.868
51112,67.868
51113,67.868
51114,67.868
51115,67.868
51116,67.868
51117,67.868
51118,67.868
51119,67.868
51120,67.868
51121,67.868
51122,67.868
51123,67.868
51124,67.868
51125,67.868
51126,66.113
51127,66.113
51128,66.113
51129,66.113
51130,66.113
51131,66.113
51132,66.113
51133,66.113
51134,66.113
51135,66.113
51136,66.113
51137,66.113
51138,66.113
51139,66.113
51140,66.113
51141,66.113
51142,66.113
51143,66.113
51144,66.113
51145,66.113
51146,66.113
51147,66.318
51148,66.318
51149,66.318
51150,66.318
51151,66.318
51152,66.318
51153,66.318
51154,66.318
51155,66.318
51156,66.318
51157,66.318
51158,66.318
51159,66.318
51160,66.318
51161,66.318
51162,66.318
51163,66.318
51164,66.318
51165,66.318
51166,65.785
51167,65.785
51168,65.785
51169,65.785
51170,65.785
51171,65.785
51172,65.785
51173,65.785
51174,65.785
51175,65.785
51176,65.785
51177,65.785
51178,65.785
51179,65.785
51180,65.785
51181,65.785
51182,65.785
51183,65.785
51184,65.785
51185,65.785
51186,65.512
51187,65.512
51188,65.512
51189,65.512
51190,65.512
51191,65.512
51192,65.512
51193,65.512
51194,65.512
51195,65.512
51196,65.512
51197,65.512
51198,65.512
51199,65.512
51200,65.512
51201,65.512
51202,65.512
51203,65.512
51204,65.512
51205,65.512
51206,65.512
51207,65.512
51208,65.512
51209,65.512
51210,65.512
51211,65.512
51212,65.512
51213,65.512
51214,65.512
51215,65.512
51216,65.512
51217,65.512
51218,65.512
51219,65.512
51220,65.512
51221,65.512
51222,65.512
51223,65.512
51224,65.512
51225,65.512
51226,65.445
51227,65.445
51228,65.445
51229,65.445
51230,65.445
51231,65.445
51232,65.445
51233,65.445
51234,65.445
51235,65.445
51236,65.445
51237,65.445
51238,65.445
51239,65.445
51240,65.445
51241,65.445
51242,65.445
51243,65.445
51244,65.445
51245,65.445
51246,65.445
51247,66.113
51248,66.113
51249,66.113
51250,66.113
51251,66.113
51252,66.113
51253,66.113
51254,66.113
51255,66.113
51256,66.113
51257,66.113
51258,66.113
51259,66.113
51260,66.113
51261,66.113
51262,66.113
51263,66.113
51264,66.113
51265,66.113
51266,65.512
51267,65.512
51268,65.512
51269,65.512
51270,65.512
51271,65.512
51272,65.512
51273,65.512
51274,65.512
51275,65.512
51276,65.512
51277,65.512
51278,65.512
51279,65.512
51280,65.512
51281,65.512
51282,65.512
51283,65.512
51284,65.512
51285,65.512
51286,65.512
51287,65.512
51288,65.512
51289,65.512
51290,65.512
51291,65.512
51292,65.512
51293,65.512
51294,65.512
51295,65.512
51296,65.512
51297,65.512
51298,65.512
51299,65.512
51300,65.512
51301,65.512
51302,65.512
51303,65.512
51304,65.512
51305,65.512
51306,65.512
51307,65.512
51308,65.512
51309,65.512
51310,65.512
51311,65.512
51312,65.512
51313,65.512
51314,65.512
51315,65.512
51316,65.512
51317,65.512
51318,65.512
51319,65.512
51320,65.512
51321,65.512
51322,65.512
51323,65.512
51324,65.512
51325,65.512
51326,65.512
51327,65.512
51328,65.512
51329,65.512
51330,65.512
51331,65.512
51332,65.512
51333,65.512
51334,65.512
51335,65.512
51336,65.512
51337,65.512
51338,65.512
51339,65.512
51340,65.512
51341,65.512
51342,65.512
51343,65.512
51344,65.512
51345,65.512
51346,65.512
51347,65.512
51348,65.785
51349,65.785
51350,65.785
51351,65.785
51352,65.785
51353,65.785
51354,65.785
51355,65.785
51356,65.785
51357,65.785
51358,65.785
51359,65.785
51360,65.785
51361,65.785
51362,65.785
51363,65.785
51364,65.785
51365,65.785
51366,65.785
51367,65.512
51368,65.512
51369,65.512
51370,65.512
51371,65.512
51372,65.512
51373,65.512
51374,65.512
51375,65.512
51376,65.512
51377,65.512
51378,65.512
51379,65.512
51380,65.512
51381,65.512
51382,65.512
51383,65.512
51384,65.512
51385,65.512
51386,65.512
51387,65.185
51388,65.185
51389,65.185
51390,65.185
51391,65.185
51392,65.185
51393,65.185
51394,65.185
51395,65.185
51396,65.185
51397,65.185
51398,65.185
51399,65.185
51400,65.185
51401,65.185
51402,65.185
51403,65.185
51404,65.185
51405,65.185
51406,65.185
51407,65.185
51408,65.185
51409,65.185
51410,65.185
51411,65.185
51412,65.185
51413,65.185
51414,65.185
51415,65.185
51416,65.185
51417,65.185
51418,65.185
51419,65.185
51420,65.185
51421,65.185
51422,65.185
51423,65.185
51424,65.185
51425,65.185
51426,65.185
51427,65.785
51428,65.785
51429,65.785
51430,65.785
51431,65.785
51432,65.785
51433,65.785
51434,65.785
51435,65.785
51436,65.785
51437,65.785
51438,65.785
51439,65.785
51440,65.785
51441,65.785
51442,65.785
51443,65.785
51444,65.785
51445,65.785
51446,65.785
51447,65.785
51448,66.386
51449,66.386
51450,66.386
51451,66.386
51452,66.386
51453,66.386
51454,66.386
51455,66.386
51456,66.386
51457,66.386
51458,66.386
51459,66.386
51460,66.386
51461,66.386
51462,66.386
51463,66.386
51464,66.386
51465,66.386
51466,66.386
51467,65.785
51468,65.785
51469,65.785
51470,65.785
51471,65.785
51472,65.785
51473,65.785
51474,65.785
51475,65.785
51476,65.785
51477,65.785
51478,65.785
51479,65.785
51480,65.785
51481,65.785
51482,65.785
51483,65.785
51484,65.785
51485,65.785
51486,65.785
51487,65.785
51488,67.267
51489,67.267
51490,67.267
51491,67.267
51492,67.267
51493,67.267
51494,67.267
51495,67.267
51496,67.267
51497,67.267
51498,67.267
51499,67.267
51500,67.267
51501,67.267
51502,67.267
51503,67.267
51504,67.267
51505,67.267
51506,67.267
51507,67.267
51508,69.022
51509,69.022
51510,69.022
51511,69.022
51512,69.022
51513,69.022
51514,69.022
51515,69.022
51516,69.022
51517,69.022
51518,69.022
51519,69.022
51520,69.022
51521,69.022
51522,69.022
51523,69.022
51524,69.022
51525,69.022
51526,69.022
51527,69.022
51528,66.386
51529,66.386
51530,66.386
51531,66.386
51532,66.386
51533,66.386
51534,66.386
51535,66.386
51536,66.386
51537,66.386
51538,66.386
51539,66.386
51540,66.386
51541,66.386
51542,66.386
51543,66.386
51544,66.386
51545,66.386
51546,66.386
51547,66.386
51548,66.386
51549,66.386
51550,66.386
51551,66.386
51552,66.386
51553,66.386
51554,66.386
51555,66.386
51556,66.386
51557,66.386
51558,66.386
51559,66.386
51560,66.386
51561,66.386
51562,66.386
51563,66.386
51564,66.386
51565,66.386
51566,66.386
51567,66.386
51568,66.386
51569,66.386
51570,66.386
51571,66.386
51572,66.386
51573,66.386
51574,66.386
51575,66.386
51576,66.386
51577,66.386
51578,66.386
51579,66.386
51580,66.386
51581,66.386
51582,66.386
51583,66.386
51584,66.386
51585,66.386
51586,66.386
51587,66.386
51588,65.785
51589,65.785
51590,65.785
51591,65.785
51592,65.785
51593,65.785
51594,65.785
51595,65.785
51596,65.785
51597,65.785
51598,65.785
51599,65.785
51600,65.785
51601,65.785
51602,65.785
51603,65.785
51604,65.785
51605,65.785
51606,65.785
51607,65.785
51608,67.54
51609,67.54
51610,67.54
51611,67.54
51612,67.54
51613,67.54
51614,67.54
51615,67.54
51616,67.54
51617,67.54
51618,67.54
51619,67.54
51620,67.54
51621,67.54
51622,67.54
51623,67.54
51624,67.54
51625,67.54
51626,67.54
51627,67.54
51628,70.84
51629,70.84
51630,70.84
51631,70.84
51632,70.84
51633,70.84
51634,70.84
51635,70.84
51636,70.84
51637,70.84
51638,70.84
51639,70.84
51640,70.84
51641,70.84
51642,70.84
51643,70.84
51644,70.84
51645,70.84
51646,70.84
51647,70.84
51648,70.84
51649,67.868
51650,67.868
51651,67.868
51652,67.868
51653,67.868
51654,67.868
51655,67.868
51656,67.868
51657,67.868
51658,67.868
51659,67.868
51660,67.868
51661,67.868
51662,67.868
51663,67.868
51664,67.868
51665,67.868
51666,67.868
51667,67.868
51668,68.149
51669,68.149
51670,68.149
51671,68.149
51672,68.149
51673,68.149
51674,68.149
51675,68.149
51676,68.149
51677,68.149
51678,68.149
51679,68.149
51680,68.149
51681,68.149
51682,68.149
51683,68.149
51684,68.149
51685,68.149
51686,68.149
51687,68.149
51688,68.149
51689,66.113
51690,66.113
51691,66.113
51692,66.113
51693,66.113
51694,66.113
51695,66.113
51696,66.113
51697,66.113
51698,66.113
51699,66.113
51700,66.113
51701,66.113
51702,66.113
51703,66.113
51704,66.113
51705,66.113
51706,66.113
51707,66.113
51708,66.113
51709,65.512
51710,65.512
51711,65.512
51712,65.512
51713,65.512
51714,65.512
51715,65.512
51716,65.512
51717,65.512
51718,65.512
51719,65.512
51720,65.512
51721,65.512
51722,65.512
51723,65.512
51724,65.512
51725,65.512
51726,65.512
51727,65.512
51728,65.512
51729,65.512
51730,65.512
51731,65.512
51732,65.512
51733,65.512
51734,65.512
51735,65.512
51736,65.512
51737,65.512
51738,65.512
51739,65.512
51740,65.512
51741,65.512
51742,65.512
51743,65.512
51744,65.512
51745,65.512
51746,65.512
51747,65.512
51748,65.512
51749,65.512
51750,66.386
51751,66.386
51752,66.386
51753,66.386
51754,66.386
51755,66.386
51756,66.386
51757,66.386
51758,66.386
51759,66.386
51760,66.386
51761,66.386
51762,66.386
51763,66.386
51764,66.386
51765,66.386
51766,66.386
51767,66.386
51768,66.386
51769,65.785
51770,65.785
51771,65.785
51772,65.785
51773,65.785
51774,65.785
51775,65.785
51776,65.785
51777,65.785
51778,65.785
51779,65.785
51780,65.785
51781,65.785
51782,65.785
51783,65.785
51784,65.785
51785,65.785
51786,65.785
51787,65.785
51788,65.785
51789,65.785
51790,65.785
51791,65.785
51792,65.785
51793,65.785
51794,65.785
51795,65.785
51796,65.785
51797,65.785
51798,65.785
51799,65.785
51800,65.785
51801,65.785
51802,65.785
51803,65.785
51804,65.785
51805,65.785
51806,65.785
51807,65.785
51808,65.785
51809,65.512
51810,65.512
51811,65.512
51812,65.512
51813,65.512
51814,65.512
51815,65.512
51816,65.512
51817,65.512
51818,65.512
51819,65.512
51820,65.512
51821,65.512
51822,65.512
51823,65.512
51824,65.512
51825,65.512
51826,65.512
51827,65.512
51828,65.512
51829,65.185
