time_ms,power_w
0,113.498
1,113.498
2,113.498
3,113.498
4,113.498
5,113.498
6,113.498
7,113.498
8,113.498
9,113.498
10,113.498
11,113.498
12,113.498
13,113.498
14,113.498
15,113.498
16,113.498
17,113.498
18,113.498
19,113.498
20,106.143
21,106.143
22,106.143
23,106.143
24,106.143
25,106.143
26,106.143
27,106.143
28,106.143
29,106.143
30,106.143
31,106.143
32,106.143
33,106.143
34,106.143
35,106.143
36,106.143
37,106.143
38,106.143
39,106.143
40,106.143
41,98.14
42,98.14
43,98.14
44,98.14
45,98.14
46,98.14
47,98.14
48,98.14
49,98.14
50,98.14
51,98.14
52,98.14
53,98.14
54,98.14
55,98.14
56,98.14
57,98.14
58,98.14
59,98.14
60,98.14
61,102.854
62,102.854
63,102.854
64,102.854
65,102.854
66,102.854
67,102.854
68,102.854
69,102.854
70,102.854
71,102.854
72,102.854
73,102.854
74,102.854
75,102.854
76,102.854
77,102.854
78,102.854
79,102.854
80,102.854
81,113.226
82,113.226
83,113.226
84,113.226
85,113.226
86,113.226
87,113.226
88,113.226
89,113.226
90,113.226
91,113.226
92,113.226
93,113.226
94,113.226
95,113.226
96,113.226
97,113.226
98,113.226
99,113.226
100,113.226
101,78.195
102,78.195
103,78.195
104,78.195
105,78.195
106,78.195
107,78.195
108,78.195
109,78.195
110,78.195
111,78.195
112,78.195
113,78.195
114,78.195
115,78.195
116,78.195
117,78.195
118,78.195
119,78.195
120,78.195
121,68.749
122,68.749
123,68.749
124,68.749
125,68.749
126,68.749
127,68.749
128,68.749
129,68.749
130,68.749
131,68.749
132,68.749
133,68.749
134,68.749
135,68.749
136,68.749
137,68.749
138,68.749
139,68.749
140,68.749
141,66.386
142,66.386
143,66.386
144,66.386
145,66.386
146,66.386
147,66.386
148,66.386
149,66.386
150,66.386
151,66.386
152,66.386
153,66.386
154,66.386
155,66.386
156,66.386
157,66.386
158,66.386
159,66.386
160,66.386
161,66.386
162,66.386
163,66.386
164,66.386
165,66.386
166,66.386
167,66.386
168,66.386
169,66.386
170,66.386
171,66.386
172,66.386
173,66.386
174,66.386
175,66.386
176,66.386
177,66.386
178,66.386
179,66.386
180,66.386
181,65.785
182,65.785
183,65.785
184,65.785
185,65.785
186,65.785
187,65.785
188,65.785
189,65.785
190,65.785
191,65.785
192,65.785
193,65.785
194,65.785
195,65.785
196,65.785
197,65.785
198,65.785
199,65.785
200,65.785
201,65.512
202,65.512
203,65.512
204,65.512
205,65.512
206,65.512
207,65.512
208,65.512
209,65.512
210,65.512
211,65.512
212,65.512
213,65.512
214,65.512
215,65.512
216,65.512
217,65.512
218,65.512
219,65.512
220,65.512
221,65.785
222,65.785
223,65.785
224,65.785
225,65.785
226,65.785
227,65.785
228,65.785
229,65.785
230,65.785
231,65.785
232,65.785
233,65.785
234,65.785
235,65.785
236,65.785
237,65.785
238,65.785
239,65.785
240,65.785
241,65.512
242,65.512
243,65.512
244,65.512
245,65.512
246,65.512
247,65.512
248,65.512
249,65.512
250,65.512
251,65.512
252,65.512
253,65.512
254,65.512
255,65.512
256,65.512
257,65.512
258,65.512
259,65.512
260,65.512
261,66.113
262,66.113
263,66.113
264,66.113
265,66.113
266,66.113
267,66.113
268,66.113
269,66.113
270,66.113
271,66.113
272,66.113
273,66.113
274,66.113
275,66.113
276,66.113
277,66.113
278,66.113
279,66.113
280,66.113
281,66.113
282,65.512
283,65.512
284,65.512
285,65.512
286,65.512
287,65.512
288,65.512
289,65.512
290,65.512
291,65.512
292,65.512
293,65.512
294,65.512
295,65.512
296,65.512
297,65.512
298,65.512
299,65.512
300,65.512
301,65.512
302,65.512
303,65.512
304,65.512
305,65.512
306,65.512
307,65.512
308,65.512
309,65.512
310,65.512
311,65.512
312,65.512
313,65.512
314,65.512
315,65.512
316,65.512
317,65.512
318,65.512
319,65.512
320,65.512
321,65.512
322,65.512
323,65.512
324,65.512
325,65.512
326,65.512
327,65.512
328,65.512
329,65.512
330,65.512
331,65.512
332,65.512
333,65.512
334,65.512
335,65.512
336,65.512
337,65.512
338,65.512
339,65.512
340,65.512
341,65.512
342,65.512
343,65.512
344,65.512
345,65.512
346,65.512
347,65.512
348,65.512
349,65.512
350,65.512
351,65.512
352,65.512
353,65.512
354,65.512
355,65.512
356,65.512
357,65.512
358,65.512
359,65.512
360,65.512
361,65.512
362,66.113
363,66.113
364,66.113
365,66.113
366,66.113
367,66.113
368,66.113
369,66.113
370,66.113
371,66.113
372,66.113
373,66.113
374,66.113
375,66.113
376,66.113
377,66.113
378,66.113
379,66.113
380,66.113
381,66.113
382,65.512
383,65.512
384,65.512
385,65.512
386,65.512
387,65.512
388,65.512
389,65.512
390,65.512
391,65.512
392,65.512
393,65.512
394,65.512
395,65.512
396,65.512
397,65.512
398,65.512
399,65.512
400,65.512
401,65.512
402,65.512
403,65.512
404,65.512
405,65.512
406,65.512
407,65.512
408,65.512
409,65.512
410,65.512
411,65.512
412,65.512
413,65.512
414,65.512
415,65.512
416,65.512
417,65.512
418,65.512
419,65.512
420,65.512
421,65.512
422,65.512
423,65.512
424,65.512
425,65.512
426,65.512
427,65.512
428,65.512
429,65.512
430,65.512
431,65.512
432,65.512
433,65.512
434,65.512
435,65.512
436,65.512
437,65.512
438,65.512
439,65.512
440,65.512
441,65.512
442,65.785
443,65.785
444,65.785
445,65.785
446,65.785
447,65.785
448,65.785
449,65.785
450,65.785
451,65.785
452,65.785
453,65.785
454,65.785
455,65.785
456,65.785
457,65.785
458,65.785
459,65.785
460,65.785
461,65.785
462,66.386
463,66.386
464,66.386
465,66.386
466,66.386
467,66.386
468,66.386
469,66.386
470,66.386
471,66.386
472,66.386
473,66.386
474,66.386
475,66.386
476,66.386
477,66.386
478,66.386
479,66.386
480,66.386
481,66.386
482,66.386
483,66.113
484,66.113
485,66.113
486,66.113
487,66.113
488,66.113
489,66.113
490,66.113
491,66.113
492,66.113
493,66.113
494,66.113
495,66.113
496,66.113
497,66.113
498,66.113
499,66.113
500,66.113
501,66.113
502,66.113
503,65.785
504,65.785
505,65.785
506,65.785
507,65.785
508,65.785
509,65.785
510,65.785
511,65.785
512,65.785
513,65.785
514,65.785
515,65.785
516,65.785
517,65.785
518,65.785
519,65.785
520,65.785
521,65.785
522,65.785
523,72.267
524,72.267
525,72.267
526,72.267
527,72.267
528,72.267
529,72.267
530,72.267
531,72.267
532,72.267
533,72.267
534,72.267
535,72.267
536,72.267
537,72.267
538,72.267
539,72.267
540,72.267
541,72.267
542,72.267
543,67.868
544,67.868
545,67.868
546,67.868
547,67.868
548,67.868
549,67.868
550,67.868
551,67.868
552,67.868
553,67.868
554,67.868
555,67.868
556,67.868
557,67.868
558,67.868
559,67.868
560,67.868
561,67.868
562,67.868
563,66.667
564,66.667
565,66.667
566,66.667
567,66.667
568,66.667
569,66.667
570,66.667
571,66.667
572,66.667
573,66.667
574,66.667
575,66.667
576,66.667
577,66.667
578,66.667
579,66.667
580,66.667
581,66.667
582,66.667
583,65.512
584,65.512
585,65.512
586,65.512
587,65.512
588,65.512
589,65.512
590,65.512
591,65.512
592,65.512
593,65.512
594,65.512
595,65.512
596,65.512
597,65.512
598,65.512
599,65.512
600,65.512
601,65.512
602,65.512
603,65.785
604,65.785
605,65.785
606,65.785
607,65.785
608,65.785
609,65.785
610,65.785
611,65.785
612,65.785
613,65.785
614,65.785
615,65.785
616,65.785
617,65.785
618,65.785
619,65.785
620,65.785
621,65.785
622,65.785
623,65.785
624,65.512
625,65.512
626,65.512
627,65.512
628,65.512
629,65.512
630,65.512
631,65.512
632,65.512
633,65.512
634,65.512
635,65.512
636,65.512
637,65.512
638,65.512
639,65.512
640,65.512
641,65.512
642,65.512
643,65.512
644,65.512
645,65.512
646,65.512
647,65.512
648,65.512
649,65.512
650,65.512
651,65.512
652,65.512
653,65.512
654,65.512
655,65.512
656,65.512
657,65.512
658,65.512
659,65.512
660,65.512
661,65.512
662,65.512
663,65.512
664,69.631
665,69.631
666,69.631
667,69.631
668,69.631
669,69.631
670,69.631
671,69.631
672,69.631
673,69.631
674,69.631
675,69.631
676,69.631
677,69.631
678,69.631
679,69.631
680,69.631
681,69.631
682,69.631
683,69.631
684,70.84
685,70.84
686,70.84
687,70.84
688,70.84
689,70.84
690,70.84
691,70.84
692,70.84
693,70.84
694,70.84
695,70.84
696,70.84
697,70.84
698,70.84
699,70.84
700,70.84
701,70.84
702,70.84
703,70.84
704,70.504
705,70.504
706,70.504
707,70.504
708,70.504
709,70.504
710,70.504
711,70.504
712,70.504
713,70.504
714,70.504
715,70.504
716,70.504
717,70.504
718,70.504
719,70.504
720,70.504
721,70.504
722,70.504
723,70.504
724,70.504
725,68.149
726,68.149
727,68.149
728,68.149
729,68.149
730,68.149
731,68.149
732,68.149
733,68.149
734,68.149
735,68.149
736,68.149
737,68.149
738,68.149
739,68.149
740,68.149
741,68.149
742,68.149
743,68.149
744,66.667
745,66.667
746,66.667
747,66.667
748,66.667
749,66.667
750,66.667
751,66.667
752,66.667
753,66.667
754,66.667
755,66.667
756,66.667
757,66.667
758,66.667
759,66.667
760,66.667
761,66.667
762,66.667
763,66.667
764,66.667
765,66.667
766,66.667
767,66.667
768,66.667
769,66.667
770,66.667
771,66.667
772,66.667
773,66.667
774,66.667
775,66.667
776,66.667
777,66.667
778,66.667
779,66.667
780,66.667
781,66.667
782,66.667
783,66.667
784,66.113
785,66.113
786,66.113
787,66.113
788,66.113
789,66.113
790,66.113
791,66.113
792,66.113
793,66.113
794,66.113
795,66.113
796,66.113
797,66.113
798,66.113
799,66.113
800,66.113
801,66.113
802,66.113
803,66.113
804,65.785
805,65.785
806,65.785
807,65.785
808,65.785
809,65.785
810,65.785
811,65.785
812,65.785
813,65.785
814,65.785
815,65.785
816,65.785
817,65.785
818,65.785
819,65.785
820,65.785
821,65.785
822,65.785
823,65.785
824,65.785
825,65.785
826,65.785
827,65.785
828,65.785
829,65.785
830,65.785
831,65.785
832,65.785
833,65.785
834,65.785
835,65.785
836,65.785
837,65.785
838,65.785
839,65.785
840,65.785
841,65.785
842,65.785
843,65.785
844,65.785
845,65.512
846,65.512
847,65.512
848,65.512
849,65.512
850,65.512
851,65.512
852,65.512
853,65.512
854,65.512
855,65.512
856,65.512
857,65.512
858,65.512
859,65.512
860,65.512
861,65.512
862,65.512
863,65.512
864,65.512
865,66.113
866,66.113
867,66.113
868,66.113
869,66.113
870,66.113
871,66.113
872,66.113
873,66.113
874,66.113
875,66.113
876,66.113
877,66.113
878,66.113
879,66.113
880,66.113
881,66.113
882,66.113
883,66.113
884,66.113
885,65.512
886,65.512
887,65.512
888,65.512
889,65.512
890,65.512
891,65.512
892,65.512
893,65.512
894,65.512
895,65.512
896,65.512
897,65.512
898,65.512
899,65.512
900,65.512
901,65.512
902,65.512
903,65.512
904,65.512
905,65.185
906,65.185
907,65.185
908,65.185
909,65.185
910,65.185
911,65.185
912,65.185
913,65.185
914,65.185
915,65.185
916,65.185
917,65.185
918,65.185
919,65.185
920,65.185
921,65.185
922,65.185
923,65.185
924,65.185
925,65.185
926,65.512
927,65.512
928,65.512
929,65.512
930,65.512
931,65.512
932,65.512
933,65.512
934,65.512
935,65.512
936,65.512
937,65.512
938,65.512
939,65.512
940,65.512
941,65.512
942,65.512
943,65.512
944,65.512
945,65.185
946,65.185
947,65.185
948,65.185
949,65.185
950,65.185
951,65.185
952,65.185
953,65.185
954,65.185
955,65.185
956,65.185
957,65.185
958,65.185
959,65.185
960,65.185
961,65.185
962,65.185
963,65.185
964,65.185
965,65.785
966,65.785
967,65.785
968,65.785
969,65.785
970,65.785
971,65.785
972,65.785
973,65.785
974,65.785
975,65.785
976,65.785
977,65.785
978,65.785
979,65.785
980,65.785
981,65.785
982,65.785
983,65.785
984,65.785
985,65.185
986,65.185
987,65.185
988,65.185
989,65.185
990,65.185
991,65.185
992,65.185
993,65.185
994,65.185
995,65.185
996,65.185
997,65.185
998,65.185
999,65.185
1000,65.185
1001,65.185
1002,65.185
1003,65.185
1004,65.185
1005,65.185
1006,65.185
1007,65.185
1008,65.185
1009,65.185
1010,65.185
1011,65.185
1012,65.185
1013,65.185
1014,65.185
1015,65.185
1016,65.185
1017,65.185
1018,65.185
1019,65.185
1020,65.185
1021,65.185
1022,65.185
1023,65.185
1024,65.185
1025,65.185
1026,65.185
1027,65.185
1028,65.185
1029,65.185
1030,65.185
1031,65.185
1032,65.185
1033,65.185
1034,65.185
1035,65.185
1036,65.185
1037,65.185
1038,65.185
1039,65.185
1040,65.185
1041,65.185
1042,65.185
1043,65.185
1044,65.185
1045,65.185
1046,65.512
1047,65.512
1048,65.512
1049,65.512
1050,65.512
1051,65.512
1052,65.512
1053,65.512
1054,65.512
1055,65.512
1056,65.512
1057,65.512
1058,65.512
1059,65.512
1060,65.512
1061,65.512
1062,65.512
1063,65.512
1064,65.512
1065,65.512
1066,66.386
1067,66.386
1068,66.386
1069,66.386
1070,66.386
1071,66.386
1072,66.386
1073,66.386
1074,66.386
1075,66.386
1076,66.386
1077,66.386
1078,66.386
1079,66.386
1080,66.386
1081,66.386
1082,66.386
1083,66.386
1084,66.386
1085,66.386
1086,65.785
1087,65.785
1088,65.785
1089,65.785
1090,65.785
1091,65.785
1092,65.785
1093,65.785
1094,65.785
1095,65.785
1096,65.785
1097,65.785
1098,65.785
1099,65.785
1100,65.785
1101,65.785
1102,65.785
1103,65.785
1104,65.785
1105,65.785
1106,65.785
1107,65.785
1108,65.785
1109,65.785
1110,65.785
1111,65.785
1112,65.785
1113,65.785
1114,65.785
1115,65.785
1116,65.785
1117,65.785
1118,65.785
1119,65.785
1120,65.785
1121,65.785
1122,65.785
1123,65.785
1124,65.785
1125,65.785
1126,65.785
1127,65.785
1128,65.785
1129,65.785
1130,65.785
1131,65.785
1132,65.785
1133,65.785
1134,65.785
1135,65.785
1136,65.785
1137,65.785
1138,65.785
1139,65.785
1140,65.785
1141,65.785
1142,65.785
1143,65.785
1144,65.785
1145,65.785
1146,65.785
1147,65.785
1148,65.785
1149,65.785
1150,65.785
1151,65.785
1152,65.785
1153,65.785
1154,65.785
1155,65.785
1156,65.785
1157,65.785
1158,65.785
1159,65.785
1160,65.785
1161,65.785
1162,65.785
1163,65.785
1164,65.785
1165,65.785
1166,66.386
1167,66.386
1168,66.386
1169,66.386
1170,66.386
1171,66.386
1172,66.386
1173,66.386
1174,66.386
1175,66.386
1176,66.386
1177,66.386
1178,66.386
1179,66.386
1180,66.386
1181,66.386
1182,66.386
1183,66.386
1184,66.386
1185,66.386
1186,65.785
1187,65.785
1188,65.785
1189,65.785
1190,65.785
1191,65.785
1192,65.785
1193,65.785
1194,65.785
1195,65.785
1196,65.785
1197,65.785
1198,65.785
1199,65.785
1200,65.785
1201,65.785
1202,65.785
1203,65.785
1204,65.785
1205,65.785
1206,65.785
1207,65.785
1208,65.785
1209,65.785
1210,65.785
1211,65.785
1212,65.785
1213,65.785
1214,65.785
1215,65.785
1216,65.785
1217,65.785
1218,65.785
1219,65.785
1220,65.785
1221,65.785
1222,65.785
1223,65.785
1224,65.785
1225,65.785
1226,65.785
1227,65.785
1228,65.785
1229,65.785
1230,65.785
1231,65.785
1232,65.785
1233,65.785
1234,65.785
1235,65.785
1236,65.785
1237,65.785
1238,65.785
1239,65.785
1240,65.785
1241,65.785
1242,65.785
1243,65.785
1244,65.785
1245,65.785
1246,65.785
1247,65.512
1248,65.512
1249,65.512
1250,65.512
1251,65.512
1252,65.512
1253,65.512
1254,65.512
1255,65.512
1256,65.512
1257,65.512
1258,65.512
1259,65.512
1260,65.512
1261,65.512
1262,65.512
1263,65.512
1264,65.512
1265,65.512
1266,65.512
1267,65.785
1268,65.785
1269,65.785
1270,65.785
1271,65.785
1272,65.785
1273,65.785
1274,65.785
1275,65.785
1276,65.785
1277,65.785
1278,65.785
1279,65.785
1280,65.785
1281,65.785
1282,65.785
1283,65.785
1284,65.785
1285,65.785
1286,65.785
1287,65.185
1288,65.185
1289,65.185
1290,65.185
1291,65.185
1292,65.185
1293,65.185
1294,65.185
1295,65.185
1296,65.185
1297,65.185
1298,65.185
1299,65.185
1300,65.185
1301,65.185
1302,65.185
1303,65.185
1304,65.185
1305,65.185
1306,65.185
1307,65.185
1308,65.185
1309,65.185
1310,65.185
1311,65.185
1312,65.185
1313,65.185
1314,65.185
1315,65.185
1316,65.185
1317,65.185
1318,65.185
1319,65.185
1320,65.185
1321,65.185
1322,65.185
1323,65.185
1324,65.185
1325,65.185
1326,65.185
1327,65.185
1328,65.185
1329,65.185
1330,65.185
1331,65.185
1332,65.185
1333,65.185
1334,65.185
1335,65.185
1336,65.185
1337,65.185
1338,65.185
1339,65.185
1340,65.185
1341,65.185
1342,65.185
1343,65.185
1344,65.185
1345,65.185
1346,65.185
1347,65.185
1348,65.185
1349,65.185
1350,65.185
1351,65.185
1352,65.185
1353,65.185
1354,65.185
1355,65.185
1356,65.185
1357,65.185
1358,65.185
1359,65.185
1360,65.185
1361,65.185
1362,65.185
1363,65.185
1364,65.185
1365,65.185
1366,65.185
1367,65.785
1368,65.785
1369,65.785
1370,65.785
1371,65.785
1372,65.785
1373,65.785
1374,65.785
1375,65.785
1376,65.785
1377,65.785
1378,65.785
1379,65.785
1380,65.785
1381,65.785
1382,65.785
1383,65.785
1384,65.785
1385,65.785
1386,65.785
1387,65.185
1388,65.185
1389,65.185
1390,65.185
1391,65.185
1392,65.185
1393,65.185
1394,65.185
1395,65.185
1396,65.185
1397,65.185
1398,65.185
1399,65.185
1400,65.185
1401,65.185
1402,65.185
1403,65.185
1404,65.185
1405,65.185
1406,65.185
1407,65.185
1408,65.185
1409,65.185
1410,65.185
1411,65.185
1412,65.185
1413,65.185
1414,65.185
1415,65.185
1416,65.185
1417,65.185
1418,65.185
1419,65.185
1420,65.185
1421,65.185
1422,65.185
1423,65.185
1424,65.185
1425,65.185
1426,65.185
1427,65.185
1428,65.185
1429,65.185
1430,65.185
1431,65.185
1432,65.185
1433,65.185
1434,65.185
1435,65.185
1436,65.185
1437,65.185
1438,65.185
1439,65.185
1440,65.185
1441,65.185
1442,65.185
1443,65.185
1444,65.185
1445,65.185
1446,65.185
1447,65.185
1448,65.512
1449,65.512
1450,65.512
1451,65.512
1452,65.512
1453,65.512
1454,65.512
1455,65.512
1456,65.512
1457,65.512
1458,65.512
1459,65.512
1460,65.512
1461,65.512
1462,65.512
1463,65.512
1464,65.512
1465,65.512
1466,65.512
1467,65.512
1468,66.386
1469,66.386
1470,66.386
1471,66.386
1472,66.386
1473,66.386
1474,66.386
1475,66.386
1476,66.386
1477,66.386
1478,66.386
1479,66.386
1480,66.386
1481,66.386
1482,66.386
1483,66.386
1484,66.386
1485,66.386
1486,66.386
1487,66.386
1488,65.785
1489,65.785
1490,65.785
1491,65.785
1492,65.785
1493,65.785
1494,65.785
1495,65.785
1496,65.785
1497,65.785
1498,65.785
1499,65.785
1500,65.785
1501,65.785
1502,65.785
1503,65.785
1504,65.785
1505,65.785
1506,65.785
1507,65.785
1508,65.785
1509,65.785
1510,65.785
1511,65.785
1512,65.785
1513,65.785
1514,65.785
1515,65.785
1516,65.785
1517,65.785
1518,65.785
1519,65.785
1520,65.785
1521,65.785
1522,65.785
1523,65.785
1524,65.785
1525,65.785
1526,65.785
1527,65.785
1528,65.785
1529,65.785
1530,65.785
1531,65.785
1532,65.785
1533,65.785
1534,65.785
1535,65.785
1536,65.785
1537,65.785
1538,65.785
1539,65.785
1540,65.785
1541,65.785
1542,65.785
1543,65.785
1544,65.785
1545,65.785
1546,65.785
1547,65.785
1548,65.785
1549,65.785
1550,65.785
1551,65.785
1552,65.785
1553,65.785
1554,65.785
1555,65.785
1556,65.785
1557,65.785
1558,65.785
1559,65.785
1560,65.785
1561,65.785
1562,65.785
1563,65.785
1564,65.785
1565,65.785
1566,65.785
1567,65.785
1568,66.386
1569,66.386
1570,66.386
1571,66.386
1572,66.386
1573,66.386
1574,66.386
1575,66.386
1576,66.386
1577,66.386
1578,66.386
1579,66.386
1580,66.386
1581,66.386
1582,66.386
1583,66.386
1584,66.386
1585,66.386
1586,66.386
1587,66.386
1588,65.785
1589,65.785
1590,65.785
1591,65.785
1592,65.785
1593,65.785
1594,65.785
1595,65.785
1596,65.785
1597,65.785
1598,65.785
1599,65.785
1600,65.785
1601,65.785
1602,65.785
1603,65.785
1604,65.785
1605,65.785
1606,65.785
1607,65.785
1608,65.785
1609,65.785
1610,65.785
1611,65.785
1612,65.785
1613,65.785
1614,65.785
1615,65.785
1616,65.785
1617,65.785
1618,65.785
1619,65.785
1620,65.785
1621,65.785
1622,65.785
1623,65.785
1624,65.785
1625,65.785
1626,65.785
1627,65.785
1628,65.785
1629,65.512
1630,65.512
1631,65.512
1632,65.512
1633,65.512
1634,65.512
1635,65.512
1636,65.512
1637,65.512
1638,65.512
1639,65.512
1640,65.512
1641,65.512
1642,65.512
1643,65.512
1644,65.512
1645,65.512
1646,65.512
1647,65.512
1648,65.512
1649,65.512
1650,65.512
1651,65.512
1652,65.512
1653,65.512
1654,65.512
1655,65.512
1656,65.512
1657,65.512
1658,65.512
1659,65.512
1660,65.512
1661,65.512
1662,65.512
1663,65.512
1664,65.512
1665,65.512
1666,65.512
1667,65.512
1668,65.512
1669,66.386
1670,66.386
1671,66.386
1672,66.386
1673,66.386
1674,66.386
1675,66.386
1676,66.386
1677,66.386
1678,66.386
1679,66.386
1680,66.386
1681,66.386
1682,66.386
1683,66.386
1684,66.386
1685,66.386
1686,66.386
1687,66.386
1688,66.386
1689,65.785
1690,65.785
1691,65.785
1692,65.785
1693,65.785
1694,65.785
1695,65.785
1696,65.785
1697,65.785
1698,65.785
1699,65.785
1700,65.785
1701,65.785
1702,65.785
1703,65.785
1704,65.785
1705,65.785
1706,65.785
1707,65.785
1708,65.785
1709,65.785
1710,65.785
1711,65.785
1712,65.785
1713,65.785
1714,65.785
1715,65.785
1716,65.785
1717,65.785
1718,65.785
1719,65.785
1720,65.785
1721,65.785
1722,65.785
1723,65.785
1724,65.785
1725,65.785
1726,65.785
1727,65.785
1728,65.785
1729,65.785
1730,65.512
1731,65.512
1732,65.512
1733,65.512
1734,65.512
1735,65.512
1736,65.512
1737,65.512
1738,65.512
1739,65.512
1740,65.512
1741,65.512
1742,65.512
1743,65.512
1744,65.512
1745,65.512
1746,65.512
1747,65.512
1748,65.512
1749,65.785
1750,65.785
1751,65.785
1752,65.785
1753,65.785
1754,65.785
1755,65.785
1756,65.785
1757,65.785
1758,65.785
1759,65.785
1760,65.785
1761,65.785
1762,65.785
1763,65.785
1764,65.785
1765,65.785
1766,65.785
1767,65.785
1768,65.785
1769,66.386
1770,66.386
1771,66.386
1772,66.386
1773,66.386
1774,66.386
1775,66.386
1776,66.386
1777,66.386
1778,66.386
1779,66.386
1780,66.386
1781,66.386
1782,66.386
1783,66.386
1784,66.386
1785,66.386
1786,66.386
1787,66.386
1788,66.386
1789,65.785
1790,65.785
1791,65.785
1792,65.785
1793,65.785
1794,65.785
1795,65.785
1796,65.785
1797,65.785
1798,65.785
1799,65.785
1800,65.785
1801,65.785
1802,65.785
1803,65.785
1804,65.785
1805,65.785
1806,65.785
1807,65.785
1808,65.785
1809,65.785
1810,65.785
1811,65.785
1812,65.785
1813,65.785
1814,65.785
1815,65.785
1816,65.785
1817,65.785
1818,65.785
1819,65.785
1820,65.785
1821,65.785
1822,65.785
1823,65.785
1824,65.785
1825,65.785
1826,65.785
1827,65.785
1828,65.785
1829,65.785
1830,65.512
1831,65.512
1832,65.512
1833,65.512
1834,65.512
1835,65.512
1836,65.512
1837,65.512
1838,65.512
1839,65.512
1840,65.512
1841,65.512
1842,65.512
1843,65.512
1844,65.512
1845,65.512
1846,65.512
1847,65.512
1848,65.512
1849,65.512
1850,65.512
1851,65.512
1852,65.512
1853,65.512
1854,65.512
1855,65.512
1856,65.512
1857,65.512
1858,65.512
1859,65.512
1860,65.512
1861,65.512
1862,65.512
1863,65.512
1864,65.512
1865,65.512
1866,65.512
1867,65.512
1868,65.512
1869,65.512
1870,66.386
1871,66.386
1872,66.386
1873,66.386
1874,66.386
1875,66.386
1876,66.386
1877,66.386
1878,66.386
1879,66.386
1880,66.386
1881,66.386
1882,66.386
1883,66.386
1884,66.386
1885,66.386
1886,66.386
1887,66.386
1888,66.386
1889,66.386
1890,65.785
1891,65.785
1892,65.785
1893,65.785
1894,65.785
1895,65.785
1896,65.785
1897,65.785
1898,65.785
1899,65.785
1900,65.785
1901,65.785
1902,65.785
1903,65.785
1904,65.785
1905,65.785
1906,65.785
1907,65.785
1908,65.785
1909,65.785
1910,65.512
1911,65.512
1912,65.512
1913,65.512
1914,65.512
1915,65.512
1916,65.512
1917,65.512
1918,65.512
1919,65.512
1920,65.512
1921,65.512
1922,65.512
1923,65.512
1924,65.512
1925,65.512
1926,65.512
1927,65.512
1928,65.512
1929,65.512
1930,65.512
1931,65.512
1932,65.512
1933,59.576
1934,59.576
1935,59.576
1936,59.576
1937,59.576
1938,59.576
1939,59.576
1940,59.576
1941,59.576
1942,59.576
1943,59.576
1944,59.576
1945,59.576
1946,59.576
1947,59.576
1948,59.576
1949,59.576
1950,53.102
1951,53.102
1952,53.102
1953,53.102
1954,53.102
1955,53.102
1956,53.102
1957,53.102
1958,53.102
1959,53.102
1960,53.102
1961,53.102
1962,53.102
1963,53.102
1964,53.102
1965,53.102
1966,53.102
1967,53.102
1968,53.102
1969,53.102
1970,51.948
1971,51.948
1972,51.948
1973,51.948
1974,51.948
1975,51.948
1976,51.948
1977,51.948
1978,51.948
1979,51.948
1980,51.948
1981,51.948
1982,51.948
1983,51.948
1984,51.948
1985,51.948
1986,51.948
1987,51.948
1988,51.948
1989,51.948
1990,51.62
1991,51.62
1992,51.62
1993,51.62
1994,51.62
1995,51.62
1996,51.62
1997,51.62
1998,51.62
1999,51.62
2000,51.62
2001,51.62
2002,51.62
2003,51.62
2004,51.62
2005,51.62
2006,51.62
2007,51.62
2008,51.62
2009,51.62
2010,51.34
2011,51.34
2012,51.34
2013,51.34
2014,51.34
2015,51.34
2016,51.34
2017,51.34
2018,51.34
2019,51.34
2020,51.34
2021,51.34
2022,51.34
2023,51.34
2024,51.34
2025,51.34
2026,51.34
2027,51.34
2028,51.34
2029,51.34
2030,51.34
2031,51.34
2032,51.34
2033,51.34
2034,51.34
2035,51.34
2036,51.34
2037,51.34
2038,51.34
2039,51.34
2040,51.34
2041,51.34
2042,51.34
2043,51.34
2044,51.34
2045,51.34
2046,51.34
2047,51.34
2048,51.34
2049,51.34
2050,51.34
2051,51.012
2052,51.012
2053,51.012
2054,51.012
2055,51.012
2056,51.012
2057,51.012
2058,51.012
2059,51.012
2060,51.012
2061,51.012
2062,51.012
2063,51.012
2064,51.012
2065,51.012
2066,51.012
2067,51.012
2068,51.012
2069,51.012
2070,51.012
2071,51.34
2072,51.34
2073,51.34
2074,51.34
2075,51.34
2076,51.34
2077,51.34
2078,51.34
2079,51.34
2080,51.34
2081,51.34
2082,51.34
2083,51.34
2084,51.34
2085,51.34
2086,51.34
2087,51.34
2088,51.34
2089,51.34
2090,51.34
2091,51.012
2092,51.012
2093,51.012
2094,51.012
2095,51.012
2096,51.012
2097,51.012
2098,51.012
2099,51.012
2100,51.012
2101,51.012
2102,51.012
2103,51.012
2104,51.012
2105,51.012
2106,51.012
2107,51.012
2108,51.012
2109,51.012
2110,51.012
2111,51.012
2112,51.012
2113,51.012
2114,51.012
2115,51.012
2116,51.012
2117,51.012
2118,51.012
2119,51.012
2120,51.012
2121,51.012
2122,51.012
2123,51.012
2124,51.012
2125,51.012
2126,51.012
2127,51.012
2128,51.012
2129,51.012
2130,51.012
2131,51.012
2132,51.012
2133,51.012
2134,51.012
2135,50.739
2136,50.739
2137,50.739
2138,50.739
2139,50.739
2140,50.739
2141,50.739
2142,50.739
2143,50.739
2144,50.739
2145,50.739
2146,50.739
2147,50.739
2148,50.739
2149,50.739
2150,50.739
2151,50.739
2152,47.502
2153,47.502
2154,47.502
2155,47.502
2156,47.502
2157,47.502
2158,47.502
2159,47.502
2160,47.502
2161,47.502
2162,47.502
2163,47.502
2164,47.502
2165,47.502
2166,47.502
2167,47.502
2168,47.502
2169,47.502
2170,47.502
2171,47.502
2172,47.221
2173,47.221
2174,47.221
2175,47.221
2176,47.221
2177,47.221
2178,47.221
2179,47.221
2180,47.221
2181,47.221
2182,47.221
2183,47.221
2184,47.221
2185,47.221
2186,47.221
2187,47.221
2188,47.221
2189,47.221
2190,47.221
2191,47.221
2192,46.894
2193,46.894
2194,46.894
2195,46.894
2196,46.894
2197,46.894
2198,46.894
2199,46.894
2200,46.894
2201,46.894
2202,46.894
2203,46.894
2204,46.894
2205,46.894
2206,46.894
2207,46.894
2208,46.894
2209,46.894
2210,46.894
2211,46.894
2212,46.894
2213,46.894
2214,46.894
2215,46.894
2216,46.894
2217,46.894
2218,46.894
2219,46.894
2220,46.894
2221,46.894
2222,46.894
2223,46.894
2224,46.894
2225,46.894
2226,46.894
2227,46.894
2228,46.894
2229,46.894
2230,46.894
2231,46.894
2232,46.894
2233,48.376
2234,48.376
2235,48.376
2236,48.376
2237,48.376
2238,48.376
2239,48.376
2240,48.376
2241,48.376
2242,48.376
2243,48.376
2244,48.376
2245,48.376
2246,48.376
2247,48.376
2248,48.376
2249,48.376
2250,48.376
2251,48.376
2252,47.502
2253,47.502
2254,47.502
2255,47.502
2256,47.502
2257,47.502
2258,47.502
2259,47.502
2260,47.502
2261,47.502
2262,47.502
2263,47.502
2264,47.502
2265,47.502
2266,47.502
2267,47.502
2268,47.502
2269,47.502
2270,47.502
2271,47.502
2272,47.221
2273,47.221
2274,47.221
2275,47.221
2276,47.221
2277,47.221
2278,47.221
2279,47.221
2280,47.221
2281,47.221
2282,47.221
2283,47.221
2284,47.221
2285,47.221
2286,47.221
2287,47.221
2288,47.221
2289,47.221
2290,47.221
2291,47.221
2292,46.894
2293,46.894
2294,46.894
2295,46.894
2296,46.894
2297,46.894
2298,46.894
2299,46.894
2300,46.894
2301,46.894
2302,46.894
2303,46.894
2304,46.894
2305,46.894
2306,46.894
2307,46.894
2308,46.894
2309,46.894
2310,46.894
2311,46.894
2312,46.894
2313,46.894
2314,46.894
2315,46.894
2316,46.894
2317,46.894
2318,46.894
2319,46.894
2320,46.894
2321,46.894
2322,46.894
2323,46.894
2324,46.894
2325,46.894
2326,46.894
2327,46.894
2328,46.894
2329,46.894
2330,46.894
2331,46.894
2332,46.894
2333,46.621
2334,46.621
2335,46.621
2336,46.621
2337,46.621
2338,46.621
2339,46.621
2340,46.621
2341,46.621
2342,46.621
2343,46.621
2344,46.621
2345,46.621
2346,46.621
2347,46.621
2348,46.621
2349,46.621
2350,46.621
2351,46.621
2352,46.621
2353,46.621
2354,46.621
2355,46.621
2356,46.621
2357,46.621
2358,46.621
2359,46.621
2360,46.621
2361,46.621
2362,46.621
2363,46.621
2364,46.621
2365,46.621
2366,46.621
2367,46.621
2368,46.621
2369,46.621
2370,46.621
2371,46.621
2372,46.621
2373,46.894
2374,46.894
2375,46.894
2376,46.894
2377,46.894
2378,46.894
2379,46.894
2380,46.894
2381,46.894
2382,46.894
2383,46.894
2384,46.894
2385,46.894
2386,46.894
2387,46.894
2388,46.894
2389,46.894
2390,46.894
2391,46.894
2392,46.894
2393,46.894
2394,46.894
2395,46.894
2396,46.894
2397,46.894
2398,46.894
2399,46.894
2400,46.894
2401,46.894
2402,46.894
2403,46.894
2404,46.894
2405,46.894
2406,46.894
2407,46.894
2408,46.894
2409,46.894
2410,46.894
2411,46.894
2412,46.894
2413,46.621
2414,46.621
2415,46.621
2416,46.621
2417,46.621
2418,46.621
2419,46.621
2420,46.621
2421,46.621
2422,46.621
2423,46.621
2424,46.621
2425,46.621
2426,46.621
2427,46.621
2428,46.621
2429,46.621
2430,46.621
2431,46.621
2432,46.621
2433,46.621
2434,46.621
2435,46.621
2436,46.621
2437,46.621
2438,46.621
2439,46.621
2440,46.621
2441,46.621
2442,46.621
2443,46.621
2444,46.621
2445,46.621
2446,46.621
2447,46.621
2448,46.621
2449,46.621
2450,46.621
2451,46.621
2452,46.621
2453,46.621
2454,46.621
2455,46.621
2456,46.621
2457,46.621
2458,46.621
2459,46.621
2460,46.621
2461,46.621
2462,46.621
2463,46.621
2464,46.621
2465,46.621
2466,46.621
2467,46.621
2468,46.621
2469,46.621
2470,46.621
2471,46.621
2472,46.621
2473,46.894
2474,46.894
2475,46.894
2476,46.894
2477,46.894
2478,46.894
2479,46.894
2480,46.894
2481,46.894
2482,46.894
2483,46.894
2484,46.894
2485,46.894
2486,46.894
2487,46.894
2488,46.894
2489,46.894
2490,46.894
2491,46.894
2492,46.894
2493,46.621
2494,46.621
2495,46.621
2496,46.621
2497,46.621
2498,46.621
2499,46.621
2500,46.621
2501,46.621
2502,46.621
2503,46.621
2504,46.621
2505,46.621
2506,46.621
2507,46.621
2508,46.621
2509,46.621
2510,46.621
2511,46.621
2512,46.621
2513,46.621
2514,46.621
2515,46.621
2516,46.621
2517,46.621
2518,46.621
2519,46.621
2520,46.621
2521,46.621
2522,46.621
2523,46.621
2524,46.621
2525,46.621
2526,46.621
2527,46.621
2528,46.621
2529,46.621
2530,46.621
2531,46.621
2532,46.621
2533,46.621
2534,46.621
2535,46.621
2536,46.621
2537,46.621
2538,46.621
2539,46.621
2540,46.621
2541,46.621
2542,46.621
2543,46.621
2544,46.621
2545,46.621
2546,46.621
2547,46.621
2548,46.621
2549,46.621
2550,46.621
2551,46.621
2552,46.621
2553,46.621
2554,46.621
2555,46.621
2556,46.621
2557,46.621
2558,46.621
2559,46.621
2560,46.621
2561,46.621
2562,46.621
2563,46.621
2564,46.621
2565,46.621
2566,46.621
2567,46.621
2568,46.621
2569,46.621
2570,46.621
2571,46.621
2572,46.621
2573,46.621
2574,46.621
2575,46.621
2576,46.621
2577,46.621
2578,46.621
2579,46.621
2580,46.621
2581,46.621
2582,46.621
2583,46.621
2584,46.621
2585,46.621
2586,46.621
2587,46.621
2588,46.621
2589,46.621
2590,46.621
2591,46.621
2592,46.621
2593,46.621
2594,46.621
2595,46.621
2596,46.621
2597,46.621
2598,46.621
2599,46.621
2600,46.621
2601,46.621
2602,46.621
2603,46.621
2604,46.621
2605,46.621
2606,46.621
2607,46.621
2608,46.621
2609,46.621
2610,46.621
2611,46.621
2612,46.621
2613,46.621
2614,46.621
2615,46.621
2616,46.621
2617,46.621
2618,46.621
2619,46.621
2620,46.621
2621,46.621
2622,46.621
2623,46.621
2624,46.621
2625,46.621
2626,46.621
2627,46.621
2628,46.621
2629,46.621
2630,46.621
2631,46.621
2632,46.621
2633,46.621
2634,46.621
2635,46.621
2636,46.621
2637,46.621
2638,46.621
2639,46.621
2640,46.621
2641,46.621
2642,46.621
2643,46.621
2644,46.621
2645,46.621
2646,46.621
2647,46.621
2648,46.621
2649,46.621
2650,46.621
2651,46.621
2652,46.621
2653,46.621
2654,46.621
2655,46.621
2656,46.621
2657,46.621
2658,46.621
2659,46.621
2660,46.621
2661,46.621
2662,46.621
2663,46.621
2664,46.621
2665,46.621
2666,46.621
2667,46.621
2668,46.621
2669,46.621
2670,46.621
2671,46.621
2672,46.621
2673,46.621
2674,46.621
2675,46.621
2676,46.621
2677,46.621
2678,46.621
2679,46.621
2680,46.621
2681,46.621
2682,46.621
2683,46.621
2684,46.621
2685,46.621
2686,46.621
2687,46.621
2688,46.621
2689,46.621
2690,46.621
2691,46.621
2692,46.621
2693,46.621
2694,46.621
2695,46.621
2696,46.621
2697,46.621
2698,46.621
2699,46.621
2700,46.621
2701,46.621
2702,46.621
2703,46.621
2704,46.621
2705,46.621
2706,46.621
2707,46.621
2708,46.621
2709,46.621
2710,46.621
2711,46.621
2712,46.621
2713,46.621
2714,46.621
2715,46.621
2716,46.621
2717,46.621
2718,46.621
2719,46.621
2720,46.621
2721,46.621
2722,46.621
2723,46.621
2724,46.621
2725,46.621
2726,46.621
2727,46.621
2728,46.621
2729,46.621
2730,46.621
2731,46.621
2732,46.621
2733,46.621
2734,46.621
2735,46.621
2736,46.621
2737,46.621
2738,46.621
2739,46.621
2740,46.621
2741,46.621
2742,46.621
2743,46.621
2744,46.621
2745,46.621
2746,46.621
2747,46.621
2748,46.621
2749,46.621
2750,46.621
2751,46.621
2752,46.621
2753,46.621
2754,46.621
2755,46.621
2756,46.621
2757,46.621
2758,46.621
2759,46.621
2760,46.621
2761,46.621
2762,46.621
2763,46.621
2764,46.621
2765,46.621
2766,46.621
2767,46.621
2768,46.621
2769,46.621
2770,46.621
2771,46.621
2772,46.621
2773,46.621
2774,46.621
2775,46.621
2776,46.621
2777,46.621
2778,46.621
2779,46.621
2780,46.621
2781,46.621
2782,46.621
2783,46.621
2784,46.621
2785,46.621
2786,46.621
2787,46.621
2788,46.621
2789,46.621
2790,46.621
2791,46.621
2792,46.621
2793,46.621
2794,46.621
2795,46.621
2796,46.621
2797,46.621
2798,46.621
2799,46.621
2800,46.621
2801,46.621
2802,46.621
2803,46.621
2804,46.621
2805,46.621
2806,46.621
2807,46.621
2808,46.621
2809,46.621
2810,46.621
2811,46.621
2812,46.621
2813,46.621
2814,46.621
2815,46.293
2816,46.293
2817,46.293
2818,46.293
2819,46.293
2820,46.293
2821,46.293
2822,46.293
2823,46.293
2824,46.293
2825,46.293
2826,46.293
2827,46.293
2828,46.293
2829,46.293
2830,46.293
2831,46.293
2832,46.293
2833,46.293
2834,46.293
2835,46.293
2836,46.293
2837,46.293
2838,46.293
2839,46.293
2840,46.293
2841,46.293
2842,46.293
2843,46.293
2844,46.293
2845,46.293
2846,46.293
2847,46.293
2848,46.293
2849,46.293
2850,46.293
2851,46.293
2852,46.293
2853,46.293
2854,46.293
2855,46.621
2856,46.621
2857,46.621
2858,46.621
2859,46.621
2860,46.621
2861,46.621
2862,46.621
2863,46.621
2864,46.621
2865,46.621
2866,46.621
2867,46.621
2868,46.621
2869,46.621
2870,46.621
2871,46.621
2872,46.621
2873,46.621
2874,46.621
2875,46.621
2876,46.621
2877,46.621
2878,46.621
2879,46.621
2880,46.621
2881,46.621
2882,46.621
2883,46.621
2884,46.621
2885,46.621
2886,46.621
2887,46.621
2888,46.621
2889,46.621
2890,46.621
2891,46.621
2892,46.621
2893,46.621
2894,46.621
2895,46.621
2896,46.621
2897,46.621
2898,46.621
2899,46.621
2900,46.621
2901,46.621
2902,46.621
2903,46.621
2904,46.621
2905,46.621
2906,46.621
2907,46.621
2908,46.621
2909,46.621
2910,46.621
2911,46.621
2912,46.621
2913,46.621
2914,46.621
2915,46.621
2916,46.621
2917,46.621
2918,46.621
2919,46.621
2920,46.621
2921,46.621
2922,46.621
2923,46.621
2924,46.621
2925,46.621
2926,46.621
2927,46.621
2928,46.621
2929,46.621
2930,46.621
2931,46.621
2932,46.621
2933,46.621
2934,46.621
2935,46.621
2936,46.621
2937,46.621
2938,46.621
2939,46.621
2940,46.621
2941,46.621
2942,46.621
2943,46.621
2944,46.621
2945,46.621
2946,46.621
2947,46.621
2948,46.621
2949,46.621
2950,46.621
2951,46.621
2952,46.621
2953,46.621
2954,46.621
2955,46.621
2956,46.293
2957,46.293
2958,46.293
2959,46.293
2960,46.293
2961,46.293
2962,46.293
2963,46.293
2964,46.293
2965,46.293
2966,46.293
2967,46.293
2968,46.293
2969,46.293
2970,46.293
2971,46.293
2972,46.293
2973,46.293
2974,46.293
2975,46.293
2976,46.621
2977,46.621
2978,46.621
2979,46.621
2980,46.621
2981,46.621
2982,46.621
2983,46.621
2984,46.621
2985,46.621
2986,46.621
2987,46.621
2988,46.621
2989,46.621
2990,46.621
2991,46.621
2992,46.621
2993,46.621
2994,46.621
2995,46.621
2996,46.293
2997,46.293
2998,46.293
2999,46.293
3000,46.293
3001,46.293
3002,46.293
3003,46.293
3004,46.293
3005,46.293
3006,46.293
3007,46.293
3008,46.293
3009,46.293
3010,46.293
3011,46.293
3012,46.293
3013,46.293
3014,46.293
3015,46.293
3016,46.293
3017,46.293
3018,46.293
3019,46.293
3020,46.293
3021,46.293
3022,46.293
3023,46.293
3024,46.293
3025,46.293
3026,46.293
3027,46.293
3028,46.293
3029,46.293
3030,46.293
3031,46.293
3032,46.293
3033,46.293
3034,46.293
3035,46.293
3036,46.293
3037,46.293
3038,46.293
3039,46.293
3040,46.293
3041,46.293
3042,46.293
3043,46.293
3044,46.293
3045,46.293
3046,46.293
3047,46.293
3048,46.293
3049,46.293
3050,46.293
3051,46.293
3052,46.293
3053,46.293
3054,46.293
3055,46.293
3056,46.293
3057,46.293
3058,46.293
3059,46.293
3060,46.293
3061,46.293
3062,46.293
3063,46.293
3064,46.293
3065,46.293
3066,46.293
3067,46.293
3068,46.293
3069,46.293
3070,46.293
3071,46.293
3072,46.293
3073,46.293
3074,46.293
3075,46.293
3076,46.621
3077,46.621
3078,46.621
3079,46.621
3080,46.621
3081,46.621
3082,46.621
3083,46.621
3084,46.621
3085,46.621
3086,46.621
3087,46.621
3088,46.621
3089,46.621
3090,46.621
3091,46.621
3092,46.621
3093,46.621
3094,46.621
3095,46.621
3096,46.293
3097,46.293
3098,46.293
3099,46.293
3100,46.293
3101,46.293
3102,46.293
3103,46.293
3104,46.293
3105,46.293
3106,46.293
3107,46.293
3108,46.293
3109,46.293
3110,46.293
3111,46.293
3112,46.293
3113,46.293
3114,46.293
3115,46.293
3116,46.293
3117,46.293
3118,46.293
3119,46.293
3120,46.293
3121,46.293
3122,46.293
3123,46.293
3124,46.293
3125,46.293
3126,46.293
3127,46.293
3128,46.293
3129,46.293
3130,46.293
3131,46.293
3132,46.293
3133,46.293
3134,46.293
3135,46.293
3136,46.293
3137,46.293
3138,46.293
3139,46.293
3140,46.293
3141,46.293
3142,46.293
3143,46.293
3144,46.293
3145,46.293
3146,46.293
3147,46.293
3148,46.293
3149,46.293
3150,46.293
3151,46.293
3152,46.293
3153,46.293
3154,46.293
3155,46.293
3156,46.293
3157,46.293
3158,46.293
3159,46.293
3160,46.293
3161,46.293
3162,46.293
3163,46.293
3164,46.293
3165,46.293
3166,46.293
3167,46.293
3168,46.293
3169,46.293
3170,46.293
3171,46.293
3172,46.293
3173,46.293
3174,46.293
3175,46.293
3176,46.293
3177,46.621
3178,46.621
3179,46.621
3180,46.621
3181,46.621
3182,46.621
3183,46.621
3184,46.621
3185,46.621
3186,46.621
3187,46.621
3188,46.621
3189,46.621
3190,46.621
3191,46.621
3192,46.621
3193,46.621
3194,46.621
3195,46.621
3196,46.621
3197,46.293
3198,46.293
3199,46.293
3200,46.293
3201,46.293
3202,46.293
3203,46.293
3204,46.293
3205,46.293
3206,46.293
3207,46.293
3208,46.293
3209,46.293
3210,46.293
3211,46.293
3212,46.293
3213,46.293
3214,46.293
3215,46.293
3216,46.293
3217,46.894
3218,46.894
3219,46.894
3220,46.894
3221,46.894
3222,46.894
3223,46.894
3224,46.894
3225,46.894
3226,46.894
3227,46.894
3228,46.894
3229,46.894
3230,46.894
3231,46.894
3232,46.894
3233,46.894
3234,46.894
3235,46.894
3236,46.894
3237,47.502
3238,47.502
3239,47.502
3240,47.502
3241,47.502
3242,47.502
3243,47.502
3244,47.502
3245,47.502
3246,47.502
3247,47.502
3248,47.502
3249,47.502
3250,47.502
3251,47.502
3252,47.502
3253,47.502
3254,47.502
3255,47.502
3256,47.502
3257,46.621
3258,46.621
3259,46.621
3260,46.621
3261,46.621
3262,46.621
3263,46.621
3264,46.621
3265,46.621
3266,46.621
3267,46.621
3268,46.621
3269,46.621
3270,46.621
3271,46.621
3272,46.621
3273,46.621
3274,46.621
3275,46.621
3276,46.621
3277,46.621
3278,46.621
3279,46.621
3280,46.621
3281,46.621
3282,46.621
3283,46.621
3284,46.621
3285,46.621
3286,46.621
3287,46.621
3288,46.621
3289,46.621
3290,46.621
3291,46.621
3292,46.621
3293,46.621
3294,46.621
3295,46.621
3296,46.621
3297,46.621
3298,46.293
3299,46.293
3300,46.293
3301,46.293
3302,46.293
3303,46.293
3304,46.293
3305,46.293
3306,46.293
3307,46.293
3308,46.293
3309,46.293
3310,46.293
3311,46.293
3312,46.293
3313,46.293
3314,46.293
3315,46.293
3316,46.293
3317,46.293
3318,46.293
3319,46.293
3320,46.293
3321,46.293
3322,46.293
3323,46.293
3324,46.293
3325,46.293
3326,46.293
3327,46.293
3328,46.293
3329,46.293
3330,46.293
3331,46.293
3332,46.293
3333,46.293
3334,46.293
3335,46.293
3336,46.293
3337,46.293
3338,46.293
3339,46.293
3340,46.293
3341,46.293
3342,46.293
3343,46.293
3344,46.293
3345,46.293
3346,46.293
3347,46.293
3348,46.293
3349,46.293
3350,46.293
3351,46.293
3352,46.293
3353,46.293
3354,46.293
3355,46.293
3356,46.293
3357,46.293
3358,46.293
3359,46.293
3360,46.293
3361,46.293
3362,46.293
3363,46.293
3364,46.293
3365,46.293
3366,46.293
3367,46.293
3368,46.293
3369,46.293
3370,46.293
3371,46.293
3372,46.293
3373,46.293
3374,46.293
3375,46.293
3376,46.293
3377,46.293
3378,46.293
3379,46.293
3380,46.293
3381,46.293
3382,46.293
3383,46.293
3384,46.293
3385,46.293
3386,46.293
3387,46.293
3388,46.293
3389,46.293
3390,46.293
3391,46.293
3392,46.293
3393,46.293
3394,46.293
3395,46.293
3396,46.293
3397,46.293
3398,46.293
3399,46.293
3400,46.293
3401,46.293
3402,46.293
3403,46.293
3404,46.293
3405,46.293
3406,46.293
3407,46.293
3408,46.293
3409,46.293
3410,46.293
3411,46.293
3412,46.293
3413,46.293
3414,46.293
3415,46.293
3416,46.293
3417,46.293
3418,46.293
3419,46.293
3420,46.293
3421,46.293
3422,46.293
3423,46.293
3424,46.293
3425,46.293
3426,46.293
3427,46.293
3428,46.293
3429,46.293
3430,46.293
3431,46.293
3432,46.293
3433,46.293
3434,46.293
3435,46.293
3436,46.293
3437,46.293
3438,46.293
3439,46.293
3440,46.293
3441,46.293
3442,46.293
3443,46.293
3444,46.293
3445,46.293
3446,46.293
3447,46.293
3448,46.293
3449,46.293
3450,46.293
3451,46.293
3452,46.293
3453,46.293
3454,46.293
3455,46.293
3456,46.293
3457,46.293
3458,46.293
3459,46.293
3460,46.293
3461,46.293
3462,46.293
3463,46.293
3464,46.293
3465,46.293
3466,46.293
3467,46.293
3468,46.293
3469,46.293
3470,46.293
3471,46.293
3472,46.293
3473,46.293
3474,46.293
3475,46.293
3476,46.293
3477,46.293
3478,46.293
3479,46.293
3480,46.293
3481,46.293
3482,46.293
3483,46.293
3484,46.293
3485,46.293
3486,46.293
3487,46.293
3488,46.293
3489,46.293
3490,46.293
3491,46.293
3492,46.293
3493,46.293
3494,46.293
3495,46.293
3496,46.293
3497,46.293
3498,46.293
3499,46.293
3500,46.293
3501,46.293
3502,46.293
3503,46.293
3504,46.293
3505,46.293
3506,46.293
3507,46.293
3508,46.293
3509,46.293
3510,46.293
3511,46.293
3512,46.293
3513,46.293
3514,46.293
3515,46.293
3516,46.293
3517,46.293
3518,46.293
3519,46.293
3520,46.293
3521,46.293
3522,46.293
3523,46.293
3524,46.293
3525,46.293
3526,46.293
3527,46.293
3528,46.293
3529,46.293
3530,46.293
3531,46.293
3532,46.293
3533,46.293
3534,46.293
3535,46.293
3536,46.293
3537,46.293
3538,46.293
3539,46.293
3540,46.293
3541,46.293
3542,46.293
3543,46.293
3544,46.293
3545,46.293
3546,46.293
3547,46.293
3548,46.293
3549,46.293
3550,46.293
3551,46.293
3552,46.293
3553,46.293
3554,46.293
3555,46.293
3556,46.293
3557,46.293
3558,46.293
3559,46.02
3560,46.02
3561,46.02
3562,46.02
3563,46.02
3564,46.02
3565,46.02
3566,46.02
3567,46.02
3568,46.02
3569,46.02
3570,46.02
3571,46.02
3572,46.02
3573,46.02
3574,46.02
3575,46.02
3576,46.02
3577,46.02
3578,46.02
3579,46.293
3580,46.293
3581,46.293
3582,46.293
3583,46.293
3584,46.293
3585,46.293
3586,46.293
3587,46.293
3588,46.293
3589,46.293
3590,46.293
3591,46.293
3592,46.293
3593,46.293
3594,46.293
3595,46.293
3596,46.293
3597,46.293
3598,46.293
3599,46.02
3600,46.02
3601,46.02
3602,46.02
3603,46.02
3604,46.02
3605,46.02
3606,46.02
3607,46.02
3608,46.02
3609,46.02
3610,46.02
3611,46.02
3612,46.02
3613,46.02
3614,46.02
3615,46.02
3616,46.02
3617,46.02
3618,46.02
3619,46.293
3620,46.293
3621,46.293
3622,46.293
3623,46.293
3624,46.293
3625,46.293
3626,46.293
3627,46.293
3628,46.293
3629,46.293
3630,46.293
3631,46.293
3632,46.293
3633,46.293
3634,46.293
3635,46.293
3636,46.293
3637,46.293
3638,46.293
3639,46.293
3640,46.02
3641,46.02
3642,46.02
3643,46.02
3644,46.02
3645,46.02
3646,46.02
3647,46.02
3648,46.02
3649,46.02
3650,46.02
3651,46.02
3652,46.02
3653,46.02
3654,46.02
3655,46.02
3656,46.02
3657,46.02
3658,46.02
3659,46.02
3660,46.02
3661,46.02
3662,46.02
3663,46.02
3664,46.02
3665,46.02
3666,46.02
3667,46.02
3668,46.02
3669,46.02
3670,46.02
3671,46.02
3672,46.02
3673,46.02
3674,46.02
3675,46.02
3676,46.02
3677,46.02
3678,46.02
3679,46.293
3680,46.293
3681,46.293
3682,46.293
3683,46.293
3684,46.293
3685,46.293
3686,46.293
3687,46.293
3688,46.293
3689,46.293
3690,46.293
3691,46.293
3692,46.293
3693,46.293
3694,46.293
3695,46.293
3696,46.293
3697,46.293
3698,46.293
3699,46.02
3700,46.02
3701,46.02
3702,46.02
3703,46.02
3704,46.02
3705,46.02
3706,46.02
3707,46.02
3708,46.02
3709,46.02
3710,46.02
3711,46.02
3712,46.02
3713,46.02
3714,46.02
3715,46.02
3716,46.02
3717,46.02
3718,46.02
3719,46.02
3720,46.02
3721,46.02
3722,46.02
3723,46.02
3724,46.02
3725,46.02
3726,46.02
3727,46.02
3728,46.02
3729,46.02
3730,46.02
3731,46.02
3732,46.02
3733,46.02
3734,46.02
3735,46.02
3736,46.02
3737,46.02
3738,46.02
3739,46.02
3740,46.02
3741,46.02
3742,46.02
3743,46.02
3744,46.02
3745,46.02
3746,46.02
3747,46.02
3748,46.02
3749,46.02
3750,46.02
3751,46.02
3752,46.02
3753,46.02
3754,46.02
3755,46.02
3756,46.02
3757,46.02
3758,46.02
3759,46.02
3760,46.02
3761,46.02
3762,46.02
3763,46.02
3764,46.02
3765,46.02
3766,46.02
3767,46.02
3768,46.02
3769,46.02
3770,46.02
3771,46.02
3772,46.02
3773,46.02
3774,46.02
3775,46.02
3776,46.02
3777,46.02
3778,46.02
3779,46.02
3780,46.293
3781,46.293
3782,46.293
3783,46.293
3784,46.293
3785,46.293
3786,46.293
3787,46.293
3788,46.293
3789,46.293
3790,46.293
3791,46.293
3792,46.293
3793,46.293
3794,46.293
3795,46.293
3796,46.293
3797,46.293
3798,46.293
3799,46.293
3800,46.02
3801,46.02
3802,46.02
3803,46.02
3804,46.02
3805,46.02
3806,46.02
3807,46.02
3808,46.02
3809,46.02
3810,46.02
3811,46.02
3812,46.02
3813,46.02
3814,46.02
3815,46.02
3816,46.02
3817,46.02
3818,46.02
3819,46.02
3820,46.02
3821,46.02
3822,46.02
3823,46.02
3824,46.02
3825,46.02
3826,46.02
3827,46.02
3828,46.02
3829,46.02
3830,46.02
3831,46.02
3832,46.02
3833,46.02
3834,46.02
3835,46.02
3836,46.02
3837,46.02
3838,46.02
3839,46.02
3840,46.02
3841,46.02
3842,46.02
3843,46.02
3844,46.02
3845,46.02
3846,46.02
3847,46.02
3848,46.02
3849,46.02
3850,46.02
3851,46.02
3852,46.02
3853,46.02
3854,46.02
3855,46.02
3856,46.02
3857,46.02
3858,46.02
3859,46.02
3860,46.02
3861,46.02
3862,46.02
3863,46.02
3864,46.02
3865,46.02
3866,46.02
3867,46.02
3868,46.02
3869,46.02
3870,46.02
3871,46.02
3872,46.02
3873,46.02
3874,46.02
3875,46.02
3876,46.02
3877,46.02
3878,46.02
3879,46.02
3880,46.293
3881,46.293
3882,46.293
3883,46.293
3884,46.293
3885,46.293
3886,46.293
3887,46.293
3888,46.293
3889,46.293
3890,46.293
3891,46.293
3892,46.293
3893,46.293
3894,46.293
3895,46.293
3896,46.293
3897,46.293
3898,46.293
3899,46.293
3900,46.293
3901,46.02
3902,46.02
3903,46.02
3904,46.02
3905,46.02
3906,46.02
3907,46.02
3908,46.02
3909,46.02
3910,46.02
3911,46.02
3912,46.02
3913,46.02
3914,46.02
3915,46.02
3916,46.02
3917,46.02
3918,46.02
3919,46.02
3920,46.02
3921,46.02
3922,46.02
3923,46.02
3924,46.02
3925,46.02
3926,46.02
3927,46.02
3928,46.02
3929,46.02
3930,46.02
3931,46.02
3932,46.02
3933,46.02
3934,46.02
3935,46.02
3936,46.02
3937,46.02
3938,46.02
3939,46.02
3940,46.02
3941,46.02
3942,46.02
3943,46.02
3944,46.02
3945,46.02
3946,46.02
3947,46.02
3948,46.02
3949,46.02
3950,46.02
3951,46.02
3952,46.02
3953,46.02
3954,46.02
3955,46.02
3956,46.02
3957,46.02
3958,46.02
3959,46.02
3960,46.02
3961,46.02
3962,46.02
3963,46.02
3964,46.02
3965,46.02
3966,46.02
3967,46.02
3968,46.02
3969,46.02
3970,46.02
3971,46.02
3972,46.02
3973,46.02
3974,46.02
3975,46.02
3976,46.02
3977,46.02
3978,46.02
3979,46.02
3980,46.02
3981,46.02
3982,46.02
3983,46.02
3984,46.02
3985,46.02
3986,46.02
3987,46.02
3988,46.02
3989,46.02
3990,46.02
3991,46.02
3992,46.02
3993,46.02
3994,46.02
3995,46.02
3996,46.02
3997,46.02
3998,46.02
3999,46.02
4000,46.02
4001,46.02
4002,46.02
4003,46.02
4004,46.02
4005,46.02
4006,46.02
4007,46.02
4008,46.02
4009,46.02
4010,46.02
4011,46.02
4012,46.02
4013,46.02
4014,46.02
4015,46.02
4016,46.02
4017,46.02
4018,46.02
4019,46.02
4020,46.02
4021,46.02
4022,46.02
4023,46.02
4024,46.02
4025,46.02
4026,46.02
4027,46.02
4028,46.02
4029,46.02
4030,46.02
4031,46.02
4032,46.02
4033,46.02
4034,46.02
4035,46.02
4036,46.02
4037,46.02
4038,46.02
4039,46.02
4040,46.02
4041,46.02
4042,46.02
4043,46.02
4044,46.02
4045,46.02
4046,46.02
4047,46.02
4048,46.02
4049,46.02
4050,46.02
4051,46.02
4052,46.02
4053,46.02
4054,46.02
4055,46.02
4056,46.02
4057,46.02
4058,46.02
4059,46.02
4060,46.02
4061,46.02
4062,46.02
4063,46.02
4064,46.02
4065,46.02
4066,46.02
4067,46.02
4068,46.02
4069,46.02
4070,46.02
4071,46.02
4072,46.02
4073,46.02
4074,46.02
4075,46.02
4076,46.02
4077,46.02
4078,46.02
4079,46.02
4080,46.02
4081,46.02
4082,46.02
4083,46.02
4084,46.02
4085,46.02
4086,46.02
4087,46.02
4088,46.02
4089,46.02
4090,46.02
4091,46.02
4092,46.02
4093,46.02
4094,46.02
4095,46.02
4096,46.02
4097,46.02
4098,46.02
4099,46.02
4100,46.02
4101,46.02
4102,46.02
4103,46.02
4104,46.02
4105,46.02
4106,46.02
4107,46.02
4108,46.02
4109,46.02
4110,46.02
4111,46.02
4112,46.02
4113,46.02
4114,46.02
4115,46.02
4116,46.02
4117,46.02
4118,46.02
4119,46.02
4120,46.02
4121,46.02
4122,46.02
4123,46.02
4124,46.02
4125,46.02
4126,46.02
4127,46.02
4128,46.02
4129,46.02
4130,46.02
4131,46.02
4132,46.02
4133,46.02
4134,46.02
4135,46.02
4136,46.02
4137,46.02
4138,46.02
4139,46.02
4140,46.02
4141,46.02
4142,46.02
4143,46.02
4144,46.02
4145,46.02
4146,46.02
4147,46.02
4148,46.02
4149,46.02
4150,46.02
4151,46.02
4152,46.02
4153,46.02
4154,46.02
4155,46.02
4156,46.02
4157,46.02
4158,46.02
4159,46.02
4160,46.02
4161,46.02
4162,46.02
4163,46.02
4164,46.02
4165,46.02
4166,46.02
4167,46.02
4168,46.02
4169,46.02
4170,46.02
4171,46.02
4172,46.02
4173,46.02
4174,46.02
4175,46.02
4176,46.02
4177,46.02
4178,46.02
4179,46.02
4180,46.02
4181,46.02
4182,46.02
4183,46.02
4184,46.02
4185,46.02
4186,46.02
4187,46.02
4188,46.02
4189,46.02
4190,46.02
4191,46.02
4192,46.02
4193,46.02
4194,46.02
4195,46.02
4196,46.02
4197,46.02
4198,46.02
4199,46.02
4200,46.02
4201,46.02
4202,46.02
4203,46.02
4204,46.02
4205,46.02
4206,46.02
4207,46.02
4208,46.02
4209,46.02
4210,46.02
4211,46.02
4212,46.02
4213,46.02
4214,46.02
4215,46.02
4216,46.02
4217,46.02
4218,46.02
4219,46.02
4220,46.02
4221,46.02
4222,46.02
4223,46.02
4224,46.02
4225,46.02
4226,46.02
4227,46.02
4228,46.02
4229,46.02
4230,46.02
4231,46.02
4232,46.02
4233,46.02
4234,46.02
4235,46.02
4236,46.02
4237,46.02
4238,46.02
4239,46.02
4240,46.02
4241,46.02
4242,46.02
4243,46.02
4244,46.02
4245,46.02
4246,46.02
4247,46.02
4248,46.02
4249,46.02
4250,46.02
4251,46.02
4252,46.02
4253,46.02
4254,46.02
4255,46.02
4256,46.02
4257,46.02
4258,46.02
4259,46.02
4260,46.02
4261,46.02
4262,46.02
4263,46.02
4264,46.02
4265,46.02
4266,46.02
4267,46.02
4268,46.02
4269,46.02
4270,46.02
4271,46.02
4272,46.02
4273,46.02
4274,46.02
4275,46.02
4276,46.02
4277,46.02
4278,46.02
4279,46.02
4280,46.02
4281,46.02
4282,46.02
4283,46.02
4284,46.02
4285,46.02
4286,46.02
4287,46.02
4288,46.02
4289,46.02
4290,46.02
4291,46.02
4292,46.02
4293,46.02
4294,46.02
4295,46.02
4296,46.02
4297,46.02
4298,46.02
4299,46.02
4300,46.02
4301,46.02
4302,46.02
4303,46.02
4304,46.02
4305,46.02
4306,46.02
4307,46.02
4308,46.02
4309,46.02
4310,46.02
4311,46.02
4312,46.02
4313,46.02
4314,46.02
4315,46.02
4316,46.02
4317,46.02
4318,46.02
4319,46.02
4320,46.02
4321,46.02
4322,46.02
4323,46.02
4324,46.02
4325,46.02
4326,46.02
4327,46.02
4328,46.02
4329,46.02
4330,46.02
4331,46.02
4332,46.02
4333,46.02
4334,46.02
4335,46.02
4336,46.02
4337,46.02
4338,46.02
4339,46.02
4340,46.02
4341,46.02
4342,46.02
4343,46.02
4344,46.02
4345,46.02
4346,46.02
4347,46.02
4348,46.02
4349,46.02
4350,46.02
4351,46.02
4352,46.02
4353,46.02
4354,46.02
4355,46.02
4356,46.02
4357,46.02
4358,46.02
4359,46.02
4360,46.02
4361,46.02
4362,46.02
4363,46.02
4364,46.02
4365,46.02
4366,46.02
4367,46.02
4368,46.02
4369,46.02
4370,46.02
4371,46.02
4372,46.02
4373,46.02
4374,46.02
4375,46.02
4376,46.02
4377,46.02
4378,46.02
4379,46.02
4380,46.02
4381,46.02
4382,46.02
4383,46.02
4384,46.02
4385,46.02
4386,46.02
4387,46.02
4388,46.02
4389,46.02
4390,46.02
4391,46.02
4392,46.02
4393,46.02
4394,46.02
4395,46.02
4396,46.02
4397,46.02
4398,46.02
4399,46.02
4400,46.02
4401,46.02
4402,46.02
4403,46.02
4404,46.02
4405,46.02
4406,46.02
4407,46.02
4408,46.02
4409,46.02
4410,46.02
4411,46.02
4412,46.02
4413,46.02
4414,46.02
4415,46.02
4416,46.02
4417,46.02
4418,46.02
4419,46.02
4420,46.02
4421,46.02
4422,46.02
4423,46.02
4424,46.02
4425,46.02
4426,46.02
4427,46.02
4428,46.02
4429,46.02
4430,46.02
4431,46.02
4432,46.02
4433,46.02
4434,46.02
4435,46.02
4436,46.02
4437,46.02
4438,46.02
4439,46.02
4440,46.02
4441,46.02
4442,46.02
4443,46.02
4444,46.02
4445,46.02
4446,46.02
4447,46.02
4448,46.02
4449,46.02
4450,46.02
4451,46.02
4452,46.02
4453,46.02
4454,46.02
4455,46.02
4456,46.02
4457,46.02
4458,46.02
4459,46.02
4460,46.02
4461,46.02
4462,46.02
4463,46.02
4464,46.02
4465,46.02
4466,46.02
4467,46.02
4468,46.02
4469,46.02
4470,46.02
4471,46.02
4472,46.02
4473,46.02
4474,46.02
4475,46.02
4476,46.02
4477,46.02
4478,46.02
4479,46.02
4480,46.02
4481,46.02
4482,46.02
4483,46.02
4484,46.02
4485,46.02
4486,46.02
4487,46.02
4488,46.02
4489,46.02
4490,46.02
4491,46.02
4492,46.02
4493,46.02
4494,46.02
4495,46.02
4496,46.02
4497,46.02
4498,46.02
4499,46.02
4500,46.02
4501,46.02
4502,46.02
4503,46.02
4504,46.02
4505,46.02
4506,46.02
4507,46.02
4508,46.02
4509,46.02
4510,46.02
4511,46.02
4512,46.02
4513,46.02
4514,46.02
4515,46.02
4516,46.02
4517,46.02
4518,46.02
4519,46.02
4520,46.02
4521,46.02
4522,46.02
4523,46.02
4524,46.02
4525,46.02
4526,46.02
4527,46.02
4528,46.02
4529,46.02
4530,46.02
4531,46.02
4532,46.02
4533,46.02
4534,46.02
4535,46.02
4536,46.02
4537,46.02
4538,46.02
4539,46.02
4540,46.02
4541,46.02
4542,46.02
4543,46.02
4544,46.02
4545,46.02
4546,46.02
4547,46.02
4548,46.02
4549,46.02
4550,46.02
4551,46.02
4552,46.02
4553,46.02
4554,46.02
4555,46.02
4556,46.02
4557,46.02
4558,46.02
4559,46.02
4560,46.02
4561,46.02
4562,46.02
4563,46.02
4564,45.739
4565,45.739
4566,45.739
4567,45.739
4568,45.739
4569,45.739
4570,45.739
4571,45.739
4572,45.739
4573,45.739
4574,45.739
4575,45.739
4576,45.739
4577,45.739
4578,45.739
4579,45.739
4580,45.739
4581,45.739
4582,45.739
4583,45.739
4584,45.739
4585,46.02
4586,46.02
4587,46.02
4588,46.02
4589,46.02
4590,46.02
4591,46.02
4592,46.02
4593,46.02
4594,46.02
4595,46.02
4596,46.02
4597,46.02
4598,46.02
4599,46.02
4600,46.02
4601,46.02
4602,46.02
4603,46.02
4604,46.02
4605,45.739
4606,45.739
4607,45.739
4608,45.739
4609,45.739
4610,45.739
4611,45.739
4612,45.739
4613,45.739
4614,45.739
4615,45.739
4616,45.739
4617,45.739
4618,45.739
4619,45.739
4620,45.739
4621,45.739
4622,45.739
4623,45.739
4624,45.739
4625,45.739
4626,45.739
4627,45.739
4628,45.739
4629,45.739
4630,45.739
4631,45.739
4632,45.739
4633,45.739
4634,45.739
4635,45.739
4636,45.739
4637,45.739
4638,45.739
4639,45.739
4640,45.739
4641,45.739
4642,45.739
4643,45.739
4644,45.739
4645,45.739
4646,45.739
4647,45.739
4648,45.739
4649,45.739
4650,45.739
4651,45.739
4652,45.739
4653,45.739
4654,45.739
4655,45.739
4656,45.739
4657,45.739
4658,45.739
4659,45.739
4660,45.739
4661,45.739
4662,45.739
4663,45.739
4664,45.739
4665,45.739
4666,45.739
4667,45.739
4668,45.739
4669,45.739
4670,45.739
4671,45.739
4672,45.739
4673,45.739
4674,45.739
4675,45.739
4676,45.739
4677,45.739
4678,45.739
4679,45.739
4680,45.739
4681,45.739
4682,45.739
4683,45.739
4684,45.739
4685,46.02
4686,46.02
4687,46.02
4688,46.02
4689,46.02
4690,46.02
4691,46.02
4692,46.02
4693,46.02
4694,46.02
4695,46.02
4696,46.02
4697,46.02
4698,46.02
4699,46.02
4700,46.02
4701,46.02
4702,46.02
4703,46.02
4704,46.02
4705,45.739
4706,45.739
4707,45.739
4708,45.739
4709,45.739
4710,45.739
4711,45.739
4712,45.739
4713,45.739
4714,45.739
4715,45.739
4716,45.739
4717,45.739
4718,45.739
4719,45.739
4720,45.739
4721,45.739
4722,45.739
4723,45.739
4724,45.739
4725,45.739
4726,45.739
4727,45.739
4728,45.739
4729,45.739
4730,45.739
4731,45.739
4732,45.739
4733,45.739
4734,45.739
4735,45.739
4736,45.739
4737,45.739
4738,45.739
4739,45.739
4740,45.739
4741,45.739
4742,45.739
4743,45.739
4744,45.739
4745,45.739
4746,45.739
4747,45.739
4748,45.739
4749,45.739
4750,45.739
4751,45.739
4752,45.739
4753,45.739
4754,45.739
4755,45.739
4756,45.739
4757,45.739
4758,45.739
4759,45.739
4760,45.739
4761,45.739
4762,45.739
4763,45.739
4764,45.739
4765,45.739
4766,45.739
4767,45.739
4768,45.739
4769,45.739
4770,45.739
4771,45.739
4772,45.739
4773,45.739
4774,45.739
4775,45.739
4776,45.739
4777,45.739
4778,45.739
4779,45.739
4780,45.739
4781,45.739
4782,45.739
4783,45.739
4784,45.739
4785,45.739
4786,45.739
4787,45.739
4788,45.739
4789,45.739
4790,45.739
4791,45.739
4792,45.739
4793,45.739
4794,45.739
4795,45.739
4796,45.739
4797,45.739
4798,45.739
4799,45.739
4800,45.739
4801,45.739
4802,45.739
4803,45.739
4804,45.739
4805,45.739
4806,45.739
4807,45.739
4808,45.739
4809,45.739
4810,45.739
4811,45.739
4812,45.739
4813,45.739
4814,45.739
4815,45.739
4816,45.739
4817,45.739
4818,45.739
4819,45.739
4820,45.739
4821,45.739
4822,45.739
4823,45.739
4824,45.739
4825,45.739
4826,45.739
4827,45.739
4828,45.739
4829,45.739
4830,45.739
4831,45.739
4832,45.739
4833,45.739
4834,45.739
4835,45.739
4836,45.739
4837,45.739
4838,45.739
4839,45.739
4840,45.739
4841,45.739
4842,45.739
4843,45.739
4844,45.739
4845,45.739
4846,45.739
4847,45.739
4848,45.739
4849,45.739
4850,45.739
4851,45.739
4852,45.739
4853,45.739
4854,45.739
4855,45.739
4856,45.739
4857,45.739
4858,45.739
4859,45.739
4860,45.739
4861,45.739
4862,45.739
4863,45.739
4864,45.739
4865,45.739
4866,45.739
4867,45.739
4868,45.739
4869,45.739
4870,45.739
4871,45.739
4872,45.739
4873,45.739
4874,45.739
4875,45.739
4876,45.739
4877,45.739
4878,45.739
4879,45.739
4880,45.739
4881,45.739
4882,45.739
4883,45.739
4884,45.739
4885,45.739
4886,45.739
4887,45.739
4888,45.739
4889,45.739
4890,45.739
4891,45.739
4892,45.739
4893,45.739
4894,45.739
4895,45.739
4896,45.739
4897,45.739
4898,45.739
4899,45.739
4900,45.739
4901,45.739
4902,45.739
4903,45.739
4904,45.739
4905,45.739
4906,45.739
4907,45.739
4908,45.739
4909,45.739
4910,45.739
4911,45.739
4912,45.739
4913,45.739
4914,45.739
4915,45.739
4916,45.739
4917,45.739
4918,45.739
4919,45.739
4920,45.739
4921,45.739
4922,45.739
4923,45.739
4924,45.739
4925,45.739
4926,45.739
4927,45.739
4928,45.739
4929,45.739
4930,45.739
4931,45.739
4932,45.739
4933,45.739
4934,45.739
4935,45.739
4936,45.739
4937,45.739
4938,45.739
4939,45.739
4940,45.739
4941,45.739
4942,45.739
4943,45.739
4944,45.739
4945,45.739
4946,45.739
4947,45.739
4948,45.739
4949,45.739
4950,45.739
4951,45.739
4952,45.739
4953,45.739
4954,45.739
4955,45.739
4956,45.739
4957,45.739
4958,45.739
4959,45.739
4960,45.739
4961,45.739
4962,45.739
4963,45.739
4964,45.739
4965,45.739
4966,45.739
4967,45.739
4968,45.739
4969,45.739
4970,45.739
4971,45.739
4972,45.739
4973,45.739
4974,45.739
4975,45.739
4976,45.739
4977,45.739
4978,45.739
4979,45.739
4980,45.739
4981,45.739
4982,45.739
4983,45.739
4984,45.739
4985,45.739
4986,45.739
4987,45.739
4988,45.739
4989,45.739
4990,45.739
4991,45.739
4992,45.739
4993,45.739
4994,45.739
4995,45.739
4996,45.739
4997,45.739
4998,45.739
4999,45.739
5000,45.739
5001,45.739
5002,45.739
5003,45.739
5004,45.739
5005,45.739
5006,45.739
5007,45.739
5008,45.739
5009,45.739
5010,45.739
5011,45.739
5012,45.739
5013,45.739
5014,45.739
5015,45.739
5016,45.739
5017,45.739
5018,45.739
5019,45.739
5020,45.739
5021,45.739
5022,45.739
5023,45.739
5024,45.739
5025,45.739
5026,45.739
5027,45.739
5028,45.739
5029,45.739
5030,45.739
5031,45.739
5032,45.739
5033,45.739
5034,45.739
5035,45.739
5036,45.739
5037,45.739
5038,45.739
5039,45.739
5040,45.739
5041,45.739
5042,45.739
5043,45.739
5044,45.739
5045,45.739
5046,45.739
5047,45.739
5048,45.739
5049,45.739
5050,45.739
5051,45.739
5052,45.739
5053,45.739
5054,45.739
5055,45.739
5056,45.739
5057,45.739
5058,45.739
5059,45.739
5060,45.739
5061,45.739
5062,45.739
5063,45.739
5064,45.739
5065,45.739
5066,45.739
5067,45.739
5068,45.739
5069,45.739
5070,45.739
5071,45.739
5072,45.739
5073,45.739
5074,45.739
5075,45.739
5076,45.739
5077,45.739
5078,45.739
5079,45.739
5080,45.739
5081,45.739
5082,45.739
5083,45.739
5084,45.739
5085,45.739
5086,45.739
5087,45.739
5088,45.739
5089,45.739
5090,45.739
5091,45.739
5092,45.739
5093,45.739
5094,45.739
5095,45.739
5096,45.739
5097,45.739
5098,45.739
5099,45.739
5100,45.739
5101,45.739
5102,45.739
5103,45.739
5104,45.739
5105,45.739
5106,45.739
5107,45.739
5108,45.739
5109,45.739
5110,45.739
5111,45.739
5112,45.739
5113,45.739
5114,45.739
5115,45.739
5116,45.739
5117,45.739
5118,45.739
5119,45.739
5120,45.739
5121,45.739
5122,45.739
5123,45.739
5124,45.739
5125,45.739
5126,45.739
5127,45.739
5128,45.739
5129,45.739
5130,45.739
5131,45.739
5132,45.739
5133,45.739
5134,45.739
5135,45.739
5136,45.739
5137,45.739
5138,45.739
5139,45.739
5140,45.739
5141,45.739
5142,45.739
5143,45.739
5144,45.739
5145,45.739
5146,45.739
5147,45.739
5148,45.739
5149,45.739
5150,45.739
5151,45.739
5152,45.739
5153,45.739
5154,45.739
5155,45.739
5156,45.739
5157,45.739
5158,45.739
5159,45.739
5160,45.739
5161,45.739
5162,45.739
5163,45.739
5164,45.739
5165,45.739
5166,45.739
5167,45.739
5168,45.739
5169,45.739
5170,45.739
5171,45.739
5172,45.739
5173,45.739
5174,45.739
5175,45.739
5176,45.739
5177,45.739
5178,45.739
5179,45.739
5180,45.739
5181,45.739
5182,45.739
5183,45.739
5184,45.739
5185,45.739
5186,45.739
5187,45.739
5188,45.739
5189,45.739
5190,45.739
5191,45.739
5192,45.739
5193,45.739
5194,45.739
5195,45.739
5196,45.739
5197,45.739
5198,45.739
5199,45.739
5200,45.739
5201,45.739
5202,45.739
5203,45.739
5204,45.739
5205,45.739
5206,45.739
5207,45.739
5208,45.739
5209,45.739
5210,45.739
5211,45.739
5212,45.739
5213,45.739
5214,45.739
5215,45.739
5216,45.739
5217,45.739
5218,45.739
5219,45.739
5220,45.739
5221,45.739
5222,45.739
5223,45.739
5224,45.739
5225,45.739
5226,45.739
5227,45.739
5228,45.739
5229,45.739
5230,45.739
5231,45.739
5232,45.739
5233,45.739
5234,45.739
5235,45.739
5236,45.739
5237,45.739
5238,45.739
5239,45.739
5240,45.739
5241,45.739
5242,45.739
5243,45.739
5244,45.739
5245,45.739
5246,45.739
5247,45.739
5248,45.739
5249,45.739
5250,45.739
5251,45.739
5252,45.739
5253,45.739
5254,45.739
5255,45.739
5256,45.739
5257,45.739
5258,45.739
5259,45.739
5260,45.739
5261,45.739
5262,45.739
5263,45.739
5264,45.739
5265,45.739
5266,45.739
5267,45.739
5268,45.739
5269,45.739
5270,45.739
5271,45.739
5272,45.739
5273,45.739
5274,45.739
5275,45.739
5276,45.739
5277,45.739
5278,45.739
5279,45.739
5280,45.739
5281,45.739
5282,45.739
5283,45.739
5284,45.739
5285,45.739
5286,45.739
5287,45.739
5288,45.739
5289,45.739
5290,45.739
5291,45.739
5292,45.739
5293,45.739
5294,45.739
5295,45.739
5296,45.739
5297,45.739
5298,45.739
5299,45.739
5300,45.739
5301,45.739
5302,45.739
5303,45.739
5304,45.739
5305,45.739
5306,45.739
5307,45.739
5308,45.739
5309,45.739
5310,45.739
5311,45.739
5312,45.739
5313,45.739
5314,45.739
5315,45.739
5316,45.739
5317,45.739
5318,45.739
5319,45.739
5320,45.739
5321,45.739
5322,45.739
5323,45.739
5324,45.739
5325,45.739
5326,45.739
5327,45.739
5328,45.739
5329,45.739
5330,45.739
5331,45.739
5332,45.739
5333,45.739
5334,45.739
5335,45.739
5336,45.739
5337,45.739
5338,45.739
5339,45.739
5340,45.739
5341,45.739
5342,45.739
5343,45.739
5344,45.739
5345,45.739
5346,45.739
5347,45.739
5348,45.739
5349,45.739
5350,45.739
5351,45.739
5352,45.739
5353,45.739
5354,45.739
5355,45.739
5356,45.739
5357,45.739
5358,45.739
5359,45.739
5360,45.739
5361,45.739
5362,45.739
5363,45.739
5364,45.739
5365,45.739
5366,45.739
5367,45.739
5368,45.739
5369,45.739
5370,45.739
5371,45.739
5372,45.739
5373,45.739
5374,45.739
5375,45.739
5376,45.739
5377,45.739
5378,45.739
5379,45.739
5380,45.739
5381,45.739
5382,45.739
5383,45.739
5384,45.739
5385,45.739
5386,45.739
5387,45.739
5388,45.739
5389,45.739
5390,45.739
5391,45.739
5392,45.739
5393,45.739
5394,45.739
5395,45.739
5396,45.739
5397,45.739
5398,45.739
5399,45.739
5400,45.739
5401,45.739
5402,45.739
5403,45.739
5404,45.739
5405,45.739
5406,45.739
5407,45.739
5408,45.739
5409,45.739
5410,45.739
5411,45.739
5412,45.739
5413,45.739
5414,45.739
5415,45.739
5416,45.739
5417,45.739
5418,45.739
5419,45.739
5420,45.739
5421,45.739
5422,45.739
5423,45.739
5424,45.739
5425,45.739
5426,45.739
5427,45.739
5428,45.739
5429,45.739
5430,45.739
5431,45.739
5432,45.739
5433,45.739
5434,45.739
5435,45.739
5436,45.739
5437,45.739
5438,45.739
5439,45.739
5440,45.739
5441,45.739
5442,45.739
5443,45.739
5444,45.739
5445,45.739
5446,45.739
5447,45.739
5448,45.739
5449,45.739
5450,45.739
5451,45.739
5452,45.739
5453,45.739
5454,45.739
5455,45.739
5456,45.739
5457,45.739
5458,45.739
5459,45.739
5460,45.739
5461,45.739
5462,45.739
5463,45.739
5464,45.739
5465,45.739
5466,45.739
5467,45.739
5468,45.739
5469,45.739
5470,45.739
5471,45.739
5472,45.739
5473,45.739
5474,45.739
5475,45.739
5476,45.739
5477,45.739
5478,45.739
5479,45.739
5480,45.739
5481,45.739
5482,45.739
5483,45.739
5484,45.739
5485,45.739
5486,45.739
5487,45.739
5488,45.739
5489,45.739
5490,45.739
5491,45.739
5492,45.739
5493,45.739
5494,45.739
5495,45.739
5496,45.739
5497,45.739
5498,45.739
5499,45.739
5500,45.739
5501,45.739
5502,45.739
5503,45.739
5504,45.739
5505,45.739
5506,45.739
5507,45.739
5508,45.739
5509,45.739
5510,45.739
5511,45.739
5512,45.739
5513,45.739
5514,45.739
5515,45.739
5516,45.739
5517,45.739
5518,45.739
5519,45.739
5520,45.739
5521,45.739
5522,45.739
5523,45.739
5524,45.739
5525,45.739
5526,45.739
5527,45.739
5528,45.739
5529,45.739
5530,45.739
5531,45.739
5532,45.739
5533,45.739
5534,45.739
5535,45.739
5536,45.739
5537,45.739
5538,45.739
5539,45.739
5540,45.739
5541,45.739
5542,45.739
5543,45.739
5544,45.739
5545,45.739
5546,45.739
5547,45.739
5548,45.739
5549,45.739
5550,45.739
5551,45.739
5552,45.739
5553,45.739
5554,45.739
5555,45.739
5556,45.739
5557,45.739
5558,45.739
5559,45.739
5560,45.739
5561,45.739
5562,45.739
5563,45.739
5564,45.739
5565,45.739
5566,45.739
5567,45.739
5568,45.739
5569,45.739
5570,45.739
5571,45.739
5572,45.739
5573,45.739
5574,45.739
5575,45.739
5576,45.739
5577,45.739
5578,45.739
5579,45.739
5580,45.739
5581,45.739
5582,45.739
5583,45.739
5584,45.739
5585,45.739
5586,45.739
5587,45.739
5588,45.739
5589,45.739
5590,45.739
5591,45.739
5592,45.739
5593,45.739
5594,45.739
5595,45.739
5596,45.739
5597,45.739
5598,45.739
5599,45.739
5600,45.739
5601,45.739
5602,45.739
5603,45.739
5604,45.739
5605,45.739
5606,45.739
5607,45.739
5608,45.739
5609,45.739
5610,45.739
5611,45.739
5612,45.739
5613,45.739
5614,45.739
5615,45.739
5616,45.739
5617,45.739
5618,45.739
5619,45.739
5620,45.739
5621,45.739
5622,45.739
5623,45.739
5624,45.739
5625,45.739
5626,45.739
5627,45.739
5628,45.739
5629,45.739
5630,45.739
5631,45.739
5632,45.739
5633,45.739
5634,45.739
5635,45.739
5636,45.739
5637,45.739
5638,45.739
5639,45.739
5640,45.739
5641,45.739
5642,45.739
5643,45.739
5644,45.739
5645,45.739
5646,45.739
5647,45.739
5648,45.739
5649,45.739
5650,45.739
5651,45.739
5652,45.739
5653,45.739
5654,45.739
5655,45.739
5656,45.739
5657,45.739
5658,45.739
5659,45.739
5660,45.739
5661,45.739
5662,45.739
5663,45.739
5664,45.739
5665,45.739
5666,45.739
5667,45.739
5668,45.739
5669,45.739
5670,45.739
5671,45.739
5672,45.739
5673,45.739
5674,45.739
5675,45.739
5676,45.739
5677,45.739
5678,45.739
5679,45.739
5680,45.739
5681,45.739
5682,45.739
5683,45.739
5684,45.739
5685,45.739
5686,45.739
5687,45.739
5688,45.739
5689,45.739
5690,45.739
5691,45.739
5692,45.739
5693,45.739
5694,45.739
5695,45.739
5696,45.739
5697,45.739
5698,45.739
5699,45.739
5700,45.739
5701,45.739
5702,45.739
5703,45.739
5704,45.739
5705,45.739
5706,45.739
5707,45.739
5708,45.739
5709,45.739
5710,45.739
5711,45.739
5712,45.739
5713,45.739
5714,45.739
5715,45.739
5716,45.739
5717,45.739
5718,45.739
5719,45.739
5720,45.739
5721,45.739
5722,45.739
5723,45.739
5724,45.739
5725,45.739
5726,45.739
5727,45.739
5728,45.739
5729,45.739
5730,45.739
5731,45.739
5732,45.739
5733,45.739
5734,45.739
5735,45.739
5736,45.739
5737,45.739
5738,45.739
5739,45.739
5740,45.739
5741,45.739
5742,45.739
5743,45.739
5744,45.739
5745,45.739
5746,45.739
5747,45.739
5748,45.739
5749,45.739
5750,45.739
5751,45.739
5752,45.739
5753,45.739
5754,45.739
5755,45.739
5756,45.739
5757,45.739
5758,45.739
5759,45.739
5760,45.739
5761,45.739
5762,45.739
5763,45.739
5764,45.739
5765,45.739
5766,45.739
5767,45.739
5768,45.739
5769,45.739
5770,45.739
5771,45.739
5772,45.739
5773,45.739
5774,45.739
5775,45.739
5776,45.739
5777,45.739
5778,45.739
5779,45.739
5780,45.739
5781,45.739
5782,45.739
5783,45.739
5784,45.739
5785,45.739
5786,45.739
5787,45.739
5788,45.739
5789,45.739
5790,45.739
5791,45.739
5792,45.739
5793,45.739
5794,45.739
5795,45.739
5796,45.739
5797,45.739
5798,45.739
5799,45.739
5800,45.739
5801,45.739
5802,45.739
5803,45.739
5804,45.739
5805,45.739
5806,45.739
5807,45.739
5808,45.739
5809,45.739
5810,45.739
5811,45.739
5812,45.739
5813,45.739
5814,45.739
5815,45.739
5816,45.739
5817,45.739
5818,45.739
5819,45.739
5820,45.739
5821,45.739
5822,45.739
5823,45.739
5824,45.739
5825,45.739
5826,45.739
5827,45.739
5828,45.739
5829,45.739
5830,45.739
5831,45.739
5832,45.739
5833,45.739
5834,45.739
5835,45.739
5836,45.739
5837,45.739
5838,45.739
5839,45.739
5840,45.739
5841,45.739
5842,45.739
5843,45.739
5844,45.739
5845,45.739
5846,45.739
5847,45.739
5848,45.739
5849,45.739
5850,45.739
5851,45.739
5852,46.293
5853,46.293
5854,46.293
5855,46.293
5856,46.293
5857,46.293
5858,46.293
5859,46.293
5860,46.293
5861,46.293
5862,46.293
5863,46.293
5864,46.293
5865,46.293
5866,46.293
5867,46.293
5868,46.293
5869,46.293
5870,46.293
5871,46.293
5872,46.293
5873,46.293
5874,46.293
5875,46.293
5876,46.293
5877,46.293
5878,46.293
5879,46.293
5880,46.293
5881,46.293
5882,46.293
5883,46.293
5884,46.293
5885,46.293
5886,46.293
5887,46.293
5888,46.293
5889,46.293
5890,46.293
5891,46.293
5892,46.293
5893,46.293
5894,46.293
5895,46.293
5896,46.293
5897,46.293
5898,46.293
5899,46.293
5900,46.293
5901,46.293
5902,46.293
5903,46.293
5904,46.293
5905,46.293
5906,46.293
5907,46.293
5908,46.293
5909,46.293
5910,46.293
5911,46.293
5912,46.293
5913,46.293
5914,46.293
5915,46.293
5916,46.293
5917,46.293
5918,46.293
5919,46.293
5920,46.293
5921,46.293
5922,46.293
5923,46.293
5924,46.293
5925,46.293
5926,46.293
5927,46.293
5928,46.293
5929,46.293
5930,46.293
5931,46.293
5932,46.02
5933,46.02
5934,46.02
5935,46.02
5936,46.02
5937,46.02
5938,46.02
5939,46.02
5940,46.02
5941,46.02
5942,46.02
5943,46.02
5944,46.02
5945,46.02
5946,46.02
5947,46.02
5948,46.02
5949,46.02
5950,46.02
5951,46.02
5952,46.02
5953,46.02
5954,46.02
5955,46.02
5956,46.02
5957,46.02
5958,49.858
5959,49.858
5960,49.858
5961,49.858
5962,49.858
5963,49.858
5964,49.858
5965,49.858
5966,49.858
5967,49.858
5968,49.858
5969,49.858
5970,49.858
5971,49.858
5972,49.858
5973,52.494
5974,52.494
5975,52.494
5976,52.494
5977,52.494
5978,52.494
5979,52.494
5980,52.494
5981,52.494
5982,52.494
5983,52.494
5984,52.494
5985,52.494
5986,52.494
5987,52.494
5988,52.494
5989,52.494
5990,52.494
5991,52.494
5992,52.494
5993,54.311
5994,54.311
5995,54.311
5996,54.311
5997,54.311
5998,54.311
5999,54.311
6000,54.311
6001,54.311
6002,54.311
6003,54.311
6004,54.311
6005,54.311
6006,54.311
6007,54.311
6008,54.311
6009,54.311
6010,54.311
6011,54.311
6012,54.311
6013,54.857
6014,54.857
6015,54.857
6016,54.857
6017,54.857
6018,54.857
6019,54.857
6020,54.857
6021,54.857
6022,54.857
6023,54.857
6024,54.857
6025,54.857
6026,54.857
6027,54.857
6028,54.857
6029,54.857
6030,54.857
6031,54.857
6032,54.857
6033,54.857
6034,54.857
6035,54.857
6036,54.857
6037,54.857
6038,54.857
6039,54.857
6040,54.857
6041,54.857
6042,54.857
6043,54.857
6044,54.857
6045,54.857
6046,54.857
6047,54.857
6048,54.857
6049,54.857
6050,54.857
6051,54.857
6052,54.857
6053,54.857
6054,54.857
6055,54.857
6056,54.857
6057,54.857
6058,54.857
6059,52.494
6060,52.494
6061,52.494
6062,52.494
6063,52.494
6064,52.494
6065,52.494
6066,52.494
6067,52.494
6068,52.494
6069,52.494
6070,52.494
6071,52.494
6072,52.494
6073,52.494
6074,51.948
6075,51.948
6076,51.948
6077,51.948
6078,51.948
6079,51.948
6080,51.948
6081,51.948
6082,51.948
6083,51.948
6084,51.948
6085,51.948
6086,51.948
6087,51.948
6088,51.948
6089,51.948
6090,51.948
6091,51.948
6092,51.948
6093,51.948
6094,52.221
6095,52.221
6096,52.221
6097,52.221
6098,52.221
6099,52.221
6100,52.221
6101,52.221
6102,52.221
6103,52.221
6104,52.221
6105,52.221
6106,52.221
6107,52.221
6108,52.221
6109,52.221
6110,52.221
6111,52.221
6112,52.221
6113,52.221
6114,51.012
6115,51.012
6116,51.012
6117,51.012
6118,51.012
6119,51.012
6120,51.012
6121,51.012
6122,51.012
6123,51.012
6124,51.012
6125,51.012
6126,51.012
6127,51.012
6128,51.012
6129,51.012
6130,51.012
6131,51.012
6132,51.012
6133,51.012
6134,50.739
6135,50.739
6136,50.739
6137,50.739
6138,50.739
6139,50.739
6140,50.739
6141,50.739
6142,50.739
6143,50.739
6144,50.739
6145,50.739
6146,50.739
6147,50.739
6148,50.739
6149,50.739
6150,50.739
6151,50.739
6152,50.739
6153,50.739
6154,50.739
6155,50.739
6156,50.739
6157,50.739
6158,50.739
6159,50.739
6160,51.948
6161,51.948
6162,51.948
6163,51.948
6164,51.948
6165,51.948
6166,51.948
6167,51.948
6168,51.948
6169,51.948
6170,51.948
6171,51.948
6172,51.948
6173,51.948
6174,51.948
6175,53.102
6176,53.102
6177,53.102
6178,53.102
6179,53.102
6180,53.102
6181,53.102
6182,53.102
6183,53.102
6184,53.102
6185,53.102
6186,53.102
6187,53.102
6188,53.102
6189,53.102
6190,53.102
6191,53.102
6192,53.102
6193,53.102
6194,53.102
6195,53.703
6196,53.703
6197,53.703
6198,53.703
6199,53.703
6200,53.703
6201,53.703
6202,53.703
6203,53.703
6204,53.703
6205,53.703
6206,53.703
6207,53.703
6208,53.703
6209,53.703
6210,53.703
6211,53.703
6212,53.703
6213,53.703
6214,53.703
6215,53.375
6216,53.375
6217,53.375
6218,53.375
6219,53.375
6220,53.375
6221,53.375
6222,53.375
6223,53.375
6224,53.375
6225,53.375
6226,53.375
6227,53.375
6228,53.375
6229,53.375
6230,53.375
6231,53.375
6232,53.375
6233,53.375
6234,53.375
6235,54.311
6236,54.311
6237,54.311
6238,54.311
6239,54.311
6240,54.311
6241,54.311
6242,54.311
6243,54.311
6244,54.311
6245,54.311
6246,54.311
6247,54.311
6248,54.311
6249,54.311
6250,54.311
6251,54.311
6252,54.311
6253,54.311
6254,54.311
6255,54.311
6256,53.703
6257,53.703
6258,53.703
6259,53.703
6260,53.703
6261,53.703
6262,53.703
6263,53.703
6264,53.703
6265,53.703
6266,53.703
6267,53.703
6268,53.703
6269,53.703
6270,53.703
6271,53.703
6272,53.703
6273,53.703
6274,53.703
6275,53.703
6276,53.703
6277,53.703
6278,53.703
6279,53.703
6280,53.703
6281,53.703
6282,53.703
6283,53.703
6284,53.703
6285,53.703
6286,53.703
6287,53.703
6288,53.703
6289,53.703
6290,53.703
6291,53.703
6292,53.703
6293,53.703
6294,53.703
6295,53.703
6296,53.703
6297,53.703
6298,53.703
6299,53.703
6300,53.703
6301,53.703
6302,53.703
6303,53.703
6304,53.703
6305,53.703
6306,53.703
6307,53.703
6308,53.703
6309,53.703
6310,53.703
6311,53.703
6312,53.703
6313,53.703
6314,53.703
6315,53.375
6316,53.375
6317,53.375
6318,53.375
6319,53.375
6320,53.375
6321,53.375
6322,53.375
6323,53.375
6324,53.375
6325,53.375
6326,53.375
6327,53.375
6328,53.375
6329,53.375
6330,53.375
6331,53.375
6332,53.375
6333,53.375
6334,53.375
6335,53.375
6336,53.703
6337,53.703
6338,53.703
6339,53.703
6340,53.703
6341,53.703
6342,53.703
6343,53.703
6344,53.703
6345,53.703
6346,53.703
6347,53.703
6348,53.703
6349,53.703
6350,53.703
6351,53.703
6352,53.703
6353,53.703
6354,53.703
6355,53.703
6356,53.703
6357,53.703
6358,53.703
6359,53.703
6360,53.703
6361,53.703
6362,53.703
6363,53.703
6364,53.703
6365,53.703
6366,53.703
6367,53.703
6368,53.703
6369,53.703
6370,53.703
6371,53.703
6372,53.703
6373,53.703
6374,53.703
6375,53.703
6376,54.584
6377,54.584
6378,54.584
6379,54.584
6380,54.584
6381,54.584
6382,54.584
6383,54.584
6384,54.584
6385,54.584
6386,54.584
6387,54.584
6388,54.584
6389,54.584
6390,54.584
6391,54.584
6392,54.584
6393,54.584
6394,54.584
6395,54.584
6396,54.311
6397,54.311
6398,54.311
6399,54.311
6400,54.311
6401,54.311
6402,54.311
6403,54.311
6404,54.311
6405,54.311
6406,54.311
6407,54.311
6408,54.311
6409,54.311
6410,54.311
6411,54.311
6412,54.311
6413,54.311
6414,54.311
6415,54.311
6416,53.976
6417,53.976
6418,53.976
6419,53.976
6420,53.976
6421,53.976
6422,53.976
6423,53.976
6424,53.976
6425,53.976
6426,53.976
6427,53.976
6428,53.976
6429,53.976
6430,53.976
6431,53.976
6432,53.976
6433,53.976
6434,53.976
6435,53.976
6436,56.339
6437,56.339
6438,56.339
6439,56.339
6440,56.339
6441,56.339
6442,56.339
6443,56.339
6444,56.339
6445,56.339
6446,56.339
6447,56.339
6448,56.339
6449,56.339
6450,56.339
6451,56.339
6452,56.339
6453,56.339
6454,56.339
6455,56.339
6456,60.785
6457,60.785
6458,60.785
6459,60.785
6460,60.785
6461,60.785
6462,60.785
6463,60.785
6464,60.785
6465,60.785
6466,60.785
6467,60.785
6468,60.785
6469,60.785
6470,60.785
6471,60.785
6472,60.785
6473,60.785
6474,60.785
6475,60.785
6476,58.094
6477,58.094
6478,58.094
6479,58.094
6480,58.094
6481,58.094
6482,58.094
6483,58.094
6484,58.094
6485,58.094
6486,58.094
6487,58.094
6488,58.094
6489,58.094
6490,58.094
6491,58.094
6492,58.094
6493,58.094
6494,58.094
6495,58.094
6496,57.221
6497,57.221
6498,57.221
6499,57.221
6500,57.221
6501,57.221
6502,57.221
6503,57.221
6504,57.221
6505,57.221
6506,57.221
6507,57.221
6508,57.221
6509,57.221
6510,57.221
6511,57.221
6512,57.221
6513,57.221
6514,57.221
6515,57.221
6516,55.185
6517,55.185
6518,55.185
6519,55.185
6520,55.185
6521,55.185
6522,55.185
6523,55.185
6524,55.185
6525,55.185
6526,55.185
6527,55.185
6528,55.185
6529,55.185
6530,55.185
6531,55.185
6532,55.185
6533,55.185
6534,55.185
6535,55.185
6536,55.185
6537,73.476
6538,73.476
6539,73.476
6540,73.476
6541,73.476
6542,73.476
6543,73.476
6544,73.476
6545,73.476
6546,73.476
6547,73.476
6548,73.476
6549,73.476
6550,73.476
6551,73.476
6552,73.476
6553,73.476
6554,73.476
6555,73.476
6556,73.476
6557,80.285
6558,80.285
6559,80.285
6560,80.285
6561,80.285
6562,80.285
6563,80.285
6564,80.285
6565,80.285
6566,80.285
6567,80.285
6568,80.285
6569,80.285
6570,80.285
6571,80.285
6572,80.285
6573,80.285
6574,80.285
6575,80.285
6576,80.285
6577,78.796
6578,78.796
6579,78.796
6580,78.796
6581,78.796
6582,78.796
6583,78.796
6584,78.796
6585,78.796
6586,78.796
6587,78.796
6588,78.796
6589,78.796
6590,78.796
6591,78.796
6592,78.796
6593,78.796
6594,78.796
6595,78.796
6596,78.796
6597,74.077
6598,74.077
6599,74.077
6600,74.077
6601,74.077
6602,74.077
6603,74.077
6604,74.077
6605,74.077
6606,74.077
6607,74.077
6608,74.077
6609,74.077
6610,74.077
6611,74.077
6612,74.077
6613,74.077
6614,74.077
6615,74.077
6616,74.077
6617,83.795
6618,83.795
6619,83.795
6620,83.795
6621,83.795
6622,83.795
6623,83.795
6624,83.795
6625,83.795
6626,83.795
6627,83.795
6628,83.795
6629,83.795
6630,83.795
6631,83.795
6632,83.795
6633,83.795
6634,83.795
6635,83.795
6636,83.795
6637,85.886
6638,85.886
6639,85.886
6640,85.886
6641,85.886
6642,85.886
6643,85.886
6644,85.886
6645,85.886
6646,85.886
6647,85.886
6648,85.886
6649,85.886
6650,85.886
6651,85.886
6652,85.886
6653,85.886
6654,85.886
6655,85.886
6656,85.886
6657,82.313
6658,82.313
6659,82.313
6660,82.313
6661,82.313
6662,82.313
6663,82.313
6664,82.313
6665,82.313
6666,82.313
6667,82.313
6668,82.313
6669,82.313
6670,82.313
6671,82.313
6672,82.313
6673,82.313
6674,82.313
6675,82.313
6676,82.313
6677,78.796
6678,78.796
6679,78.796
6680,78.796
6681,78.796
6682,78.796
6683,78.796
6684,78.796
6685,78.796
6686,78.796
6687,78.796
6688,78.796
6689,78.796
6690,78.796
6691,78.796
6692,78.796
6693,78.796
6694,78.796
6695,78.796
6696,78.796
6697,86.759
6698,86.759
6699,86.759
6700,86.759
6701,86.759
6702,86.759
6703,86.759
6704,86.759
6705,86.759
6706,86.759
6707,86.759
6708,86.759
6709,86.759
6710,86.759
6711,86.759
6712,86.759
6713,86.759
6714,86.759
6715,86.759
6716,86.759
6717,84.677
6718,84.677
6719,84.677
6720,84.677
6721,84.677
6722,84.677
6723,84.677
6724,84.677
6725,84.677
6726,84.677
6727,84.677
6728,84.677
6729,84.677
6730,84.677
6731,84.677
6732,84.677
6733,84.677
6734,84.677
6735,84.677
6736,84.677
6737,84.677
6738,79.349
6739,79.349
6740,79.349
6741,79.349
6742,79.349
6743,79.349
6744,79.349
6745,79.349
6746,79.349
6747,79.349
6748,79.349
6749,79.349
6750,79.349
6751,79.349
6752,79.349
6753,79.349
6754,79.349
6755,79.349
6756,79.349
6757,79.349
6758,79.349
6759,79.349
6760,79.349
6761,79.349
6762,101.533
6763,101.533
6764,101.533
6765,101.533
6766,101.533
6767,101.533
6768,101.533
6769,101.533
6770,101.533
6771,101.533
6772,101.533
6773,101.533
6774,101.533
6775,101.533
6776,101.533
6777,101.533
6778,106.532
6779,106.532
6780,106.532
6781,106.532
6782,106.532
6783,106.532
6784,106.532
6785,106.532
6786,106.532
6787,106.532
6788,106.532
6789,106.532
6790,106.532
6791,106.532
6792,106.532
6793,106.532
6794,106.532
6795,106.532
6796,106.532
6797,106.532
6798,102.687
6799,102.687
6800,102.687
6801,102.687
6802,102.687
6803,102.687
6804,102.687
6805,102.687
6806,102.687
6807,102.687
6808,102.687
6809,102.687
6810,102.687
6811,102.687
6812,102.687
6813,102.687
6814,102.687
6815,102.687
6816,102.687
6817,102.687
6818,105.924
6819,105.924
6820,105.924
6821,105.924
6822,105.924
6823,105.924
6824,105.924
6825,105.924
6826,105.924
6827,105.924
6828,105.924
6829,105.924
6830,105.924
6831,105.924
6832,105.924
6833,105.924
6834,105.924
6835,105.924
6836,105.924
6837,105.924
6838,112.018
6839,112.018
6840,112.018
6841,112.018
6842,112.018
6843,112.018
6844,112.018
6845,112.018
6846,112.018
6847,112.018
6848,112.018
6849,112.018
6850,112.018
6851,112.018
6852,112.018
6853,112.018
6854,112.018
6855,112.018
6856,112.018
6857,112.018
6858,105.323
6859,105.323
6860,105.323
6861,105.323
6862,105.323
6863,105.323
6864,105.323
6865,105.323
6866,105.323
6867,105.323
6868,105.323
6869,105.323
6870,105.323
6871,105.323
6872,105.323
6873,105.323
6874,105.323
6875,105.323
6876,105.323
6877,105.323
6878,101.205
6879,101.205
6880,101.205
6881,101.205
6882,101.205
6883,101.205
6884,101.205
6885,101.205
6886,101.205
6887,101.205
6888,101.205
6889,101.205
6890,101.205
6891,101.205
6892,101.205
6893,101.205
6894,101.205
6895,101.205
6896,101.205
6897,101.205
6898,112.733
6899,112.733
6900,112.733
6901,112.733
6902,112.733
6903,112.733
6904,112.733
6905,112.733
6906,112.733
6907,112.733
6908,112.733
6909,112.733
6910,112.733
6911,112.733
6912,112.733
6913,112.733
6914,112.733
6915,112.733
6916,112.733
6917,112.733
6918,112.733
6919,107.133
6920,107.133
6921,107.133
6922,107.133
6923,107.133
6924,107.133
6925,107.133
6926,107.133
6927,107.133
6928,107.133
6929,107.133
6930,107.133
6931,107.133
6932,107.133
6933,107.133
6934,107.133
6935,107.133
6936,107.133
6937,107.133
6938,107.133
6939,99.45
6940,99.45
6941,99.45
6942,99.45
6943,99.45
6944,99.45
6945,99.45
6946,99.45
6947,99.45
6948,99.45
6949,99.45
6950,99.45
6951,99.45
6952,99.45
6953,99.45
6954,99.45
6955,99.45
6956,99.45
6957,99.45
6958,99.45
6959,113.888
6960,113.888
6961,113.888
6962,113.888
6963,113.888
6964,113.888
6965,113.888
6966,113.888
6967,113.888
6968,113.888
6969,113.888
6970,113.888
6971,113.888
6972,113.888
6973,113.888
6974,113.888
6975,113.888
6976,113.888
6977,113.888
6978,113.888
6979,108.014
6980,108.014
6981,108.014
6982,108.014
6983,108.014
6984,108.014
6985,108.014
6986,108.014
6987,108.014
6988,108.014
6989,108.014
6990,108.014
6991,108.014
6992,108.014
6993,108.014
6994,108.014
6995,108.014
6996,108.014
6997,108.014
6998,108.014
6999,102.687
7000,102.687
7001,102.687
7002,102.687
7003,102.687
7004,102.687
7005,102.687
7006,102.687
7007,102.687
7008,102.687
7009,102.687
7010,102.687
7011,102.687
7012,102.687
7013,102.687
7014,102.687
7015,102.687
7016,102.687
7017,102.687
7018,102.687
7019,110.37
7020,110.37
7021,110.37
7022,110.37
7023,110.37
7024,110.37
7025,110.37
7026,110.37
7027,110.37
7028,110.37
7029,110.37
7030,110.37
7031,110.37
7032,110.37
7033,110.37
7034,110.37
7035,110.37
7036,110.37
7037,110.37
7038,110.37
7039,111.524
7040,111.524
7041,111.524
7042,111.524
7043,111.524
7044,111.524
7045,111.524
7046,111.524
7047,111.524
7048,111.524
7049,111.524
7050,111.524
7051,111.524
7052,111.524
7053,111.524
7054,111.524
7055,111.524
7056,111.524
7057,111.524
7058,111.524
7059,104.442
7060,104.442
7061,104.442
7062,104.442
7063,104.442
7064,104.442
7065,104.442
7066,104.442
7067,104.442
7068,104.442
7069,104.442
7070,104.442
7071,104.442
7072,104.442
7073,104.442
7074,104.442
7075,104.442
7076,104.442
7077,104.442
7078,104.442
7079,100.597
7080,100.597
7081,100.597
7082,100.597
7083,100.597
7084,100.597
7085,100.597
7086,100.597
7087,100.597
7088,100.597
7089,100.597
7090,100.597
7091,100.597
7092,100.597
7093,100.597
7094,100.597
7095,100.597
7096,100.597
7097,100.597
7098,100.597
7099,114.215
7100,114.215
7101,114.215
7102,114.215
7103,114.215
7104,114.215
7105,114.215
7106,114.215
7107,114.215
7108,114.215
7109,114.215
7110,114.215
7111,114.215
7112,114.215
7113,114.215
7114,114.215
7115,114.215
7116,114.215
7117,114.215
7118,114.215
7119,107.406
7120,107.406
7121,107.406
7122,107.406
7123,107.406
7124,107.406
7125,107.406
7126,107.406
7127,107.406
7128,107.406
7129,107.406
7130,107.406
7131,107.406
7132,107.406
7133,107.406
7134,107.406
7135,107.406
7136,107.406
7137,107.406
7138,107.406
7139,107.406
7140,99.45
7141,99.45
7142,99.45
7143,99.45
7144,99.45
7145,99.45
7146,99.45
7147,99.45
7148,99.45
7149,99.45
7150,99.45
7151,99.45
7152,99.45
7153,99.45
7154,99.45
7155,99.45
7156,99.45
7157,99.45
7158,99.45
7159,99.45
7160,112.733
7161,112.733
7162,112.733
7163,112.733
7164,112.733
7165,112.733
7166,112.733
7167,112.733
7168,112.733
7169,112.733
7170,112.733
7171,112.733
7172,112.733
7173,112.733
7174,112.733
7175,112.733
7176,112.733
7177,112.733
7178,112.733
7179,112.733
7180,109.496
7181,109.496
7182,109.496
7183,109.496
7184,109.496
7185,109.496
7186,109.496
7187,109.496
7188,109.496
7189,109.496
7190,109.496
7191,109.496
7192,109.496
7193,109.496
7194,109.496
7195,109.496
7196,109.496
7197,109.496
7198,109.496
7199,109.496
7200,101.533
7201,101.533
7202,101.533
7203,101.533
7204,101.533
7205,101.533
7206,101.533
7207,101.533
7208,101.533
7209,101.533
7210,101.533
7211,101.533
7212,101.533
7213,101.533
7214,101.533
7215,101.533
7216,101.533
7217,101.533
7218,101.533
7219,101.533
7220,110.042
7221,110.042
7222,110.042
7223,110.042
7224,110.042
7225,110.042
7226,110.042
7227,110.042
7228,110.042
7229,110.042
7230,110.042
7231,110.042
7232,110.042
7233,110.042
7234,110.042
7235,110.042
7236,110.042
7237,110.042
7238,110.042
7239,110.042
7240,112.46
7241,112.46
7242,112.46
7243,112.46
7244,112.46
7245,112.46
7246,112.46
7247,112.46
7248,112.46
7249,112.46
7250,112.46
7251,112.46
7252,112.46
7253,112.46
7254,112.46
7255,112.46
7256,112.46
7257,112.46
7258,112.46
7259,112.46
7260,103.896
7261,103.896
7262,103.896
7263,103.896
7264,103.896
7265,103.896
7266,103.896
7267,103.896
7268,103.896
7269,103.896
7270,103.896
7271,103.896
7272,103.896
7273,103.896
7274,103.896
7275,103.896
7276,103.896
7277,103.896
7278,103.896
7279,103.896
7280,104.442
7281,104.442
7282,104.442
7283,104.442
7284,104.442
7285,104.442
7286,104.442
7287,104.442
7288,104.442
7289,104.442
7290,104.442
7291,104.442
7292,104.442
7293,104.442
7294,104.442
7295,104.442
7296,104.442
7297,104.442
7298,104.442
7299,104.442
7300,114.824
7301,114.824
7302,114.824
7303,114.824
7304,114.824
7305,114.824
7306,114.824
7307,114.824
7308,114.824
7309,114.824
7310,114.824
7311,114.824
7312,114.824
7313,114.824
7314,114.824
7315,114.824
7316,114.824
7317,114.824
7318,114.824
7319,114.824
7320,107.687
7321,107.687
7322,107.687
7323,107.687
7324,107.687
7325,107.687
7326,107.687
7327,107.687
7328,107.687
7329,107.687
7330,107.687
7331,107.687
7332,107.687
7333,107.687
7334,107.687
7335,107.687
7336,107.687
7337,107.687
7338,107.687
7339,107.687
7340,107.687
7341,98.842
7342,98.842
7343,98.842
7344,98.842
7345,98.842
7346,98.842
7347,98.842
7348,98.842
7349,98.842
7350,98.842
7351,98.842
7352,98.842
7353,98.842
7354,98.842
7355,98.842
7356,98.842
7357,98.842
7358,98.842
7359,98.842
7360,98.842
7361,110.37
7362,110.37
7363,110.37
7364,110.37
7365,110.37
7366,110.37
7367,110.37
7368,110.37
7369,110.37
7370,110.37
7371,110.37
7372,110.37
7373,110.37
7374,110.37
7375,110.37
7376,110.37
7377,110.37
7378,110.37
7379,110.37
7380,110.37
7381,109.169
7382,109.169
7383,109.169
7384,109.169
7385,109.169
7386,109.169
7387,109.169
7388,109.169
7389,109.169
7390,109.169
7391,109.169
7392,109.169
7393,109.169
7394,109.169
7395,109.169
7396,109.169
7397,109.169
7398,109.169
7399,109.169
7400,109.169
7401,102.414
7402,102.414
7403,102.414
7404,102.414
7405,102.414
7406,102.414
7407,102.414
7408,102.414
7409,102.414
7410,102.414
7411,102.414
7412,102.414
7413,102.414
7414,102.414
7415,102.414
7416,102.414
7417,102.414
7418,102.414
7419,102.414
7420,102.414
7421,104.77
7422,104.77
7423,104.77
7424,104.77
7425,104.77
7426,104.77
7427,104.77
7428,104.77
7429,104.77
7430,104.77
7431,104.77
7432,104.77
7433,104.77
7434,104.77
7435,104.77
7436,104.77
7437,104.77
7438,104.77
7439,104.77
7440,104.77
7441,112.133
7442,112.133
7443,112.133
7444,112.133
7445,112.133
7446,112.133
7447,112.133
7448,112.133
7449,112.133
7450,112.133
7451,112.133
7452,112.133
7453,112.133
7454,112.133
7455,112.133
7456,112.133
7457,112.133
7458,112.133
7459,112.133
7460,112.133
7461,112.133
7462,105.323
7463,105.323
7464,105.323
7465,105.323
7466,105.323
7467,105.323
7468,105.323
7469,105.323
7470,105.323
7471,105.323
7472,105.323
7473,105.323
7474,105.323
7475,105.323
7476,105.323
7477,105.323
7478,105.323
7479,105.323
7480,105.323
7481,105.323
7482,99.45
7483,99.45
7484,99.45
7485,99.45
7486,99.45
7487,99.45
7488,99.45
7489,99.45
7490,99.45
7491,99.45
7492,99.45
7493,99.45
7494,99.45
7495,99.45
7496,99.45
7497,99.45
7498,99.45
7499,99.45
7500,99.45
7501,99.45
7502,115.37
7503,115.37
7504,115.37
7505,115.37
7506,115.37
7507,115.37
7508,115.37
7509,115.37
7510,115.37
7511,115.37
7512,115.37
7513,115.37
7514,115.37
7515,115.37
7516,115.37
7517,115.37
7518,115.37
7519,115.37
7520,115.37
7521,115.37
7522,109.169
7523,109.169
7524,109.169
7525,109.169
7526,109.169
7527,109.169
7528,109.169
7529,109.169
7530,109.169
7531,109.169
7532,109.169
7533,109.169
7534,109.169
7535,109.169
7536,109.169
7537,109.169
7538,109.169
7539,109.169
7540,109.169
7541,109.169
7542,109.169
7543,99.45
7544,99.45
7545,99.45
7546,99.45
7547,99.45
7548,99.45
7549,99.45
7550,99.45
7551,99.45
7552,99.45
7553,99.45
7554,99.45
7555,99.45
7556,99.45
7557,99.45
7558,99.45
7559,99.45
7560,99.45
7561,99.45
7562,111.524
7563,111.524
7564,111.524
7565,111.524
7566,111.524
7567,111.524
7568,111.524
7569,111.524
7570,111.524
7571,111.524
7572,111.524
7573,111.524
7574,111.524
7575,111.524
7576,111.524
7577,111.524
7578,111.524
7579,111.524
7580,111.524
7581,111.524
7582,108.287
7583,108.287
7584,108.287
7585,108.287
7586,108.287
7587,108.287
7588,108.287
7589,108.287
7590,108.287
7591,108.287
7592,108.287
7593,108.287
7594,108.287
7595,108.287
7596,108.287
7597,108.287
7598,108.287
7599,108.287
7600,108.287
7601,108.287
7602,102.414
7603,102.414
7604,102.414
7605,102.414
7606,102.414
7607,102.414
7608,102.414
7609,102.414
7610,102.414
7611,102.414
7612,102.414
7613,102.414
7614,102.414
7615,102.414
7616,102.414
7617,102.414
7618,102.414
7619,102.414
7620,102.414
7621,102.414
7622,102.414
7623,105.05
7624,105.05
7625,105.05
7626,105.05
7627,105.05
7628,105.05
7629,105.05
7630,105.05
7631,105.05
7632,105.05
7633,105.05
7634,105.05
7635,105.05
7636,105.05
7637,105.05
7638,105.05
7639,105.05
7640,105.05
7641,105.05
7642,105.05
7643,112.733
7644,112.733
7645,112.733
7646,112.733
7647,112.733
7648,112.733
7649,112.733
7650,112.733
7651,112.733
7652,112.733
7653,112.733
7654,112.733
7655,112.733
7656,112.733
7657,112.733
7658,112.733
7659,112.733
7660,112.733
7661,112.733
7662,112.733
7663,106.252
7664,106.252
7665,106.252
7666,106.252
7667,106.252
7668,106.252
7669,106.252
7670,106.252
7671,106.252
7672,106.252
7673,106.252
7674,106.252
7675,106.252
7676,106.252
7677,106.252
7678,106.252
7679,106.252
7680,106.252
7681,106.252
7682,106.252
7683,97.96
7684,97.96
7685,97.96
7686,97.96
7687,97.96
7688,97.96
7689,97.96
7690,97.96
7691,97.96
7692,97.96
7693,97.96
7694,97.96
7695,97.96
7696,97.96
7697,97.96
7698,97.96
7699,97.96
7700,97.96
7701,97.96
7702,97.96
7703,115.097
7704,115.097
7705,115.097
7706,115.097
7707,115.097
7708,115.097
7709,115.097
7710,115.097
7711,115.097
7712,115.097
7713,115.097
7714,115.097
7715,115.097
7716,115.097
7717,115.097
7718,115.097
7719,115.097
7720,115.097
7721,115.097
7722,115.097
7723,107.406
7724,107.406
7725,107.406
7726,107.406
7727,107.406
7728,107.406
7729,107.406
7730,107.406
7731,107.406
7732,107.406
7733,107.406
7734,107.406
7735,107.406
7736,107.406
7737,107.406
7738,107.406
7739,107.406
7740,107.406
7741,107.406
7742,107.406
7743,101.806
7744,101.806
7745,101.806
7746,101.806
7747,101.806
7748,101.806
7749,101.806
7750,101.806
7751,101.806
7752,101.806
7753,101.806
7754,101.806
7755,101.806
7756,101.806
7757,101.806
7758,101.806
7759,101.806
7760,101.806
7761,101.806
7762,101.806
7763,109.496
7764,109.496
7765,109.496
7766,109.496
7767,109.496
7768,109.496
7769,109.496
7770,109.496
7771,109.496
7772,109.496
7773,109.496
7774,109.496
7775,109.496
7776,109.496
7777,109.496
7778,109.496
7779,109.496
7780,109.496
7781,109.496
7782,109.496
7783,109.496
7784,109.657
7785,109.657
7786,109.657
7787,109.657
7788,109.657
7789,109.657
7790,109.657
7791,109.657
7792,109.657
7793,109.657
7794,109.657
7795,109.657
7796,109.657
7797,109.657
7798,109.657
7799,109.657
7800,109.657
7801,109.657
7802,109.657
7803,109.657
7804,104.77
7805,104.77
7806,104.77
7807,104.77
7808,104.77
7809,104.77
7810,104.77
7811,104.77
7812,104.77
7813,104.77
7814,104.77
7815,104.77
7816,104.77
7817,104.77
7818,104.77
7819,104.77
7820,104.77
7821,104.77
7822,104.77
7823,104.77
7824,102.414
7825,102.414
7826,102.414
7827,102.414
7828,102.414
7829,102.414
7830,102.414
7831,102.414
7832,102.414
7833,102.414
7834,102.414
7835,102.414
7836,102.414
7837,102.414
7838,102.414
7839,102.414
7840,102.414
7841,102.414
7842,102.414
7843,102.414
7844,113.342
7845,113.342
7846,113.342
7847,113.342
7848,113.342
7849,113.342
7850,113.342
7851,113.342
7852,113.342
7853,113.342
7854,113.342
7855,113.342
7856,113.342
7857,113.342
7858,113.342
7859,113.342
7860,113.342
7861,113.342
7862,113.342
7863,113.342
7864,108.287
7865,108.287
7866,108.287
7867,108.287
7868,108.287
7869,108.287
7870,108.287
7871,108.287
7872,108.287
7873,108.287
7874,108.287
7875,108.287
7876,108.287
7877,108.287
7878,108.287
7879,108.287
7880,108.287
7881,108.287
7882,108.287
7883,108.287
7884,100.324
7885,100.324
7886,100.324
7887,100.324
7888,100.324
7889,100.324
7890,100.324
7891,100.324
7892,100.324
7893,100.324
7894,100.324
7895,100.324
7896,100.324
7897,100.324
7898,100.324
7899,100.324
7900,100.324
7901,100.324
7902,100.324
7903,100.324
7904,112.46
7905,112.46
7906,112.46
7907,112.46
7908,112.46
7909,112.46
7910,112.46
7911,112.46
7912,112.46
7913,112.46
7914,112.46
7915,112.46
7916,112.46
7917,112.46
7918,112.46
7919,112.46
7920,112.46
7921,112.46
7922,112.46
7923,112.46
7924,108.287
7925,108.287
7926,108.287
7927,108.287
7928,108.287
7929,108.287
7930,108.287
7931,108.287
7932,108.287
7933,108.287
7934,108.287
7935,108.287
7936,108.287
7937,108.287
7938,108.287
7939,108.287
7940,108.287
7941,108.287
7942,108.287
7943,108.287
7944,102.96
7945,102.96
7946,102.96
7947,102.96
7948,102.96
7949,102.96
7950,102.96
7951,102.96
7952,102.96
7953,102.96
7954,102.96
7955,102.96
7956,102.96
7957,102.96
7958,102.96
7959,102.96
7960,102.96
7961,102.96
7962,102.96
7963,102.96
7964,106.805
7965,106.805
7966,106.805
7967,106.805
7968,106.805
7969,106.805
7970,106.805
7971,106.805
7972,106.805
7973,106.805
7974,106.805
7975,106.805
7976,106.805
7977,106.805
7978,106.805
7979,106.805
7980,106.805
7981,106.805
7982,106.805
7983,106.805
7984,110.865
7985,110.865
7986,110.865
7987,110.865
7988,110.865
7989,110.865
7990,110.865
7991,110.865
7992,110.865
7993,110.865
7994,110.865
7995,110.865
7996,110.865
7997,110.865
7998,110.865
7999,110.865
8000,110.865
8001,110.865
8002,110.865
8003,110.865
8004,105.651
8005,105.651
8006,105.651
8007,105.651
8008,105.651
8009,105.651
8010,105.651
8011,105.651
8012,105.651
8013,105.651
8014,105.651
8015,105.651
8016,105.651
8017,105.651
8018,105.651
8019,105.651
8020,105.651
8021,105.651
8022,105.651
8023,105.651
8024,105.651
8025,98.842
8026,98.842
8027,98.842
8028,98.842
8029,98.842
8030,98.842
8031,98.842
8032,98.842
8033,98.842
8034,98.842
8035,98.842
8036,98.842
8037,98.842
8038,98.842
8039,98.842
8040,98.842
8041,98.842
8042,98.842
8043,98.842
8044,98.842
8045,114.215
8046,114.215
8047,114.215
8048,114.215
8049,114.215
8050,114.215
8051,114.215
8052,114.215
8053,114.215
8054,114.215
8055,114.215
8056,114.215
8057,114.215
8058,114.215
8059,114.215
8060,114.215
8061,114.215
8062,114.215
8063,114.215
8064,114.215
8065,108.615
8066,108.615
8067,108.615
8068,108.615
8069,108.615
8070,108.615
8071,108.615
8072,108.615
8073,108.615
8074,108.615
8075,108.615
8076,108.615
8077,108.615
8078,108.615
8079,108.615
8080,108.615
8081,108.615
8082,108.615
8083,108.615
8084,108.615
8085,101.205
8086,101.205
8087,101.205
8088,101.205
8089,101.205
8090,101.205
8091,101.205
8092,101.205
8093,101.205
8094,101.205
8095,101.205
8096,101.205
8097,101.205
8098,101.205
8099,101.205
8100,101.205
8101,101.205
8102,101.205
8103,101.205
8104,101.205
8105,110.978
8106,110.978
8107,110.978
8108,110.978
8109,110.978
8110,110.978
8111,110.978
8112,110.978
8113,110.978
8114,110.978
8115,110.978
8116,110.978
8117,110.978
8118,110.978
8119,110.978
8120,110.978
8121,110.978
8122,110.978
8123,110.978
8124,110.978
8125,109.496
8126,109.496
8127,109.496
8128,109.496
8129,109.496
8130,109.496
8131,109.496
8132,109.496
8133,109.496
8134,109.496
8135,109.496
8136,109.496
8137,109.496
8138,109.496
8139,109.496
8140,109.496
8141,109.496
8142,109.496
8143,109.496
8144,109.496
8145,102.687
8146,102.687
8147,102.687
8148,102.687
8149,102.687
8150,102.687
8151,102.687
8152,102.687
8153,102.687
8154,102.687
8155,102.687
8156,102.687
8157,102.687
8158,102.687
8159,102.687
8160,102.687
8161,102.687
8162,102.687
8163,102.687
8164,102.687
8165,106.805
8166,106.805
8167,106.805
8168,106.805
8169,106.805
8170,106.805
8171,106.805
8172,106.805
8173,106.805
8174,106.805
8175,106.805
8176,106.805
8177,106.805
8178,106.805
8179,106.805
8180,106.805
8181,106.805
8182,106.805
8183,106.805
8184,106.805
8185,111.251
8186,111.251
8187,111.251
8188,111.251
8189,111.251
8190,111.251
8191,111.251
8192,111.251
8193,111.251
8194,111.251
8195,111.251
8196,111.251
8197,111.251
8198,111.251
8199,111.251
8200,111.251
8201,111.251
8202,111.251
8203,111.251
8204,111.251
8205,106.532
8206,106.532
8207,106.532
8208,106.532
8209,106.532
8210,106.532
8211,106.532
8212,106.532
8213,106.532
8214,106.532
8215,106.532
8216,106.532
8217,106.532
8218,106.532
8219,106.532
8220,106.532
8221,106.532
8222,106.532
8223,106.532
8224,106.532
8225,102.309
8226,102.309
8227,102.309
8228,102.309
8229,102.309
8230,102.309
8231,102.309
8232,102.309
8233,102.309
8234,102.309
8235,102.309
8236,102.309
8237,102.309
8238,102.309
8239,102.309
8240,102.309
8241,102.309
8242,102.309
8243,102.309
8244,102.309
8245,113.771
8246,113.771
8247,113.771
8248,113.771
8249,113.771
8250,113.771
8251,113.771
8252,113.771
8253,113.771
8254,113.771
8255,113.771
8256,113.771
8257,113.771
8258,113.771
8259,113.771
8260,113.771
8261,113.771
8262,113.771
8263,113.771
8264,113.771
8265,113.771
8266,106.696
8267,106.696
8268,106.696
8269,106.696
8270,106.696
8271,106.696
8272,106.696
8273,106.696
8274,106.696
8275,106.696
8276,106.696
8277,106.696
8278,106.696
8279,106.696
8280,106.696
8281,106.696
8282,106.696
8283,106.696
8284,106.696
8285,106.696
8286,100.051
8287,100.051
8288,100.051
8289,100.051
8290,100.051
8291,100.051
8292,100.051
8293,100.051
8294,100.051
8295,100.051
8296,100.051
8297,100.051
8298,100.051
8299,100.051
8300,100.051
8301,100.051
8302,100.051
8303,100.051
8304,100.051
8305,100.051
8306,111.745
8307,111.745
8308,111.745
8309,111.745
8310,111.745
8311,111.745
8312,111.745
8313,111.745
8314,111.745
8315,111.745
8316,111.745
8317,111.745
8318,111.745
8319,111.745
8320,111.745
8321,111.745
8322,111.745
8323,111.745
8324,111.745
8325,111.745
8326,108.776
8327,108.776
8328,108.776
8329,108.776
8330,108.776
8331,108.776
8332,108.776
8333,108.776
8334,108.776
8335,108.776
8336,108.776
8337,108.776
8338,108.776
8339,108.776
8340,108.776
8341,108.776
8342,108.776
8343,108.776
8344,108.776
8345,108.776
8346,102.687
8347,102.687
8348,102.687
8349,102.687
8350,102.687
8351,102.687
8352,102.687
8353,102.687
8354,102.687
8355,102.687
8356,102.687
8357,102.687
8358,102.687
8359,102.687
8360,102.687
8361,102.687
8362,102.687
8363,102.687
8364,102.687
8365,102.687
8366,108.287
8367,108.287
8368,108.287
8369,108.287
8370,108.287
8371,108.287
8372,108.287
8373,108.287
8374,108.287
8375,108.287
8376,108.287
8377,108.287
8378,108.287
8379,108.287
8380,108.287
8381,108.287
8382,108.287
8383,108.287
8384,108.287
8385,108.287
8386,109.93
8387,109.93
8388,109.93
8389,109.93
8390,109.93
8391,109.93
8392,109.93
8393,109.93
8394,109.93
8395,109.93
8396,109.93
8397,109.93
8398,109.93
8399,109.93
8400,109.93
8401,109.93
8402,109.93
8403,109.93
8404,109.93
8405,109.93
8406,104.062
8407,104.062
8408,104.062
8409,104.062
8410,104.062
8411,104.062
8412,104.062
8413,104.062
8414,104.062
8415,104.062
8416,104.062
8417,104.062
8418,104.062
8419,104.062
8420,104.062
8421,104.062
8422,104.062
8423,104.062
8424,104.062
8425,104.062
8426,104.943
8427,104.943
8428,104.943
8429,104.943
8430,104.943
8431,104.943
8432,104.943
8433,104.943
8434,104.943
8435,104.943
8436,104.943
8437,104.943
8438,104.943
8439,104.943
8440,104.943
8441,104.943
8442,104.943
8443,104.943
8444,104.943
8445,104.943
8446,114.098
8447,114.098
8448,114.098
8449,114.098
8450,114.098
8451,114.098
8452,114.098
8453,114.098
8454,114.098
8455,114.098
8456,114.098
8457,114.098
8458,114.098
8459,114.098
8460,114.098
8461,114.098
8462,114.098
8463,114.098
8464,114.098
8465,114.098
8466,114.098
8467,107.904
8468,107.904
8469,107.904
8470,107.904
8471,107.904
8472,107.904
8473,107.904
8474,107.904
8475,107.904
8476,107.904
8477,107.904
8478,107.904
8479,107.904
8480,107.904
8481,107.904
8482,107.904
8483,107.904
8484,107.904
8485,107.904
8486,107.904
8487,98.842
8488,98.842
8489,98.842
8490,98.842
8491,98.842
8492,98.842
8493,98.842
8494,98.842
8495,98.842
8496,98.842
8497,98.842
8498,98.842
8499,98.842
8500,98.842
8501,98.842
8502,98.842
8503,98.842
8504,98.842
8505,98.842
8506,98.842
8507,112.618
8508,112.618
8509,112.618
8510,112.618
8511,112.618
8512,112.618
8513,112.618
8514,112.618
8515,112.618
8516,112.618
8517,112.618
8518,112.618
8519,112.618
8520,112.618
8521,112.618
8522,112.618
8523,112.618
8524,112.618
8525,112.618
8526,112.618
8527,108.176
8528,108.176
8529,108.176
8530,108.176
8531,108.176
8532,108.176
8533,108.176
8534,108.176
8535,108.176
8536,108.176
8537,108.176
8538,108.176
8539,108.176
8540,108.176
8541,108.176
8542,108.176
8543,108.176
8544,108.176
8545,108.176
8546,108.176
8547,101.701
8548,101.701
8549,101.701
8550,101.701
8551,101.701
8552,101.701
8553,101.701
8554,101.701
8555,101.701
8556,101.701
8557,101.701
8558,101.701
8559,101.701
8560,101.701
8561,101.701
8562,101.701
8563,101.701
8564,101.701
8565,101.701
8566,101.701
8567,110.865
8568,110.865
8569,110.865
8570,110.865
8571,110.865
8572,110.865
8573,110.865
8574,110.865
8575,110.865
8576,110.865
8577,110.865
8578,110.865
8579,110.865
8580,110.865
8581,110.865
8582,110.865
8583,110.865
8584,110.865
8585,110.865
8586,110.865
8587,109.384
8588,109.384
8589,109.384
8590,109.384
8591,109.384
8592,109.384
8593,109.384
8594,109.384
8595,109.384
8596,109.384
8597,109.384
8598,109.384
8599,109.384
8600,109.384
8601,109.384
8602,109.384
8603,109.384
8604,109.384
8605,109.384
8606,109.384
8607,104.77
8608,104.77
8609,104.77
8610,104.77
8611,104.77
8612,104.77
8613,104.77
8614,104.77
8615,104.77
8616,104.77
8617,104.77
8618,104.77
8619,104.77
8620,104.77
8621,104.77
8622,104.77
8623,104.77
8624,104.77
8625,104.77
8626,104.77
8627,104.943
8628,104.943
8629,104.943
8630,104.943
8631,104.943
8632,104.943
8633,104.943
8634,104.943
8635,104.943
8636,104.943
8637,104.943
8638,104.943
8639,104.943
8640,104.943
8641,104.943
8642,104.943
8643,104.943
8644,104.943
8645,104.943
8646,104.943
8647,104.943
8648,113.498
8649,113.498
8650,113.498
8651,113.498
8652,113.498
8653,113.498
8654,113.498
8655,113.498
8656,113.498
8657,113.498
8658,113.498
8659,113.498
8660,113.498
8661,113.498
8662,113.498
8663,113.498
8664,113.498
8665,113.498
8666,113.498
8667,113.498
8668,106.143
8669,106.143
8670,106.143
8671,106.143
8672,106.143
8673,106.143
8674,106.143
8675,106.143
8676,106.143
8677,106.143
8678,106.143
8679,106.143
8680,106.143
8681,106.143
8682,106.143
8683,106.143
8684,106.143
8685,106.143
8686,106.143
8687,106.143
8688,102.309
8689,102.309
8690,102.309
8691,102.309
8692,102.309
8693,102.309
8694,102.309
8695,102.309
8696,102.309
8697,102.309
8698,102.309
8699,102.309
8700,102.309
8701,102.309
8702,102.309
8703,102.309
8704,102.309
8705,102.309
8706,102.309
8707,102.309
8708,113.498
8709,113.498
8710,113.498
8711,113.498
8712,113.498
8713,113.498
8714,113.498
8715,113.498
8716,113.498
8717,113.498
8718,113.498
8719,113.498
8720,113.498
8721,113.498
8722,113.498
8723,113.498
8724,113.498
8725,113.498
8726,113.498
8727,113.498
8728,107.296
8729,107.296
8730,107.296
8731,107.296
8732,107.296
8733,107.296
8734,107.296
8735,107.296
8736,107.296
8737,107.296
8738,107.296
8739,107.296
8740,107.296
8741,107.296
8742,107.296
8743,107.296
8744,107.296
8745,107.296
8746,107.296
8747,107.296
8748,100.828
8749,100.828
8750,100.828
8751,100.828
8752,100.828
8753,100.828
8754,100.828
8755,100.828
8756,100.828
8757,100.828
8758,100.828
8759,100.828
8760,100.828
8761,100.828
8762,100.828
8763,100.828
8764,100.828
8765,100.828
8766,100.828
8767,100.828
8768,100.828
8769,100.828
8770,100.828
8771,115.251
8772,115.251
8773,115.251
8774,115.251
8775,115.251
8776,115.251
8777,115.251
8778,115.251
8779,115.251
8780,115.251
8781,115.251
8782,115.251
8783,115.251
8784,115.251
8785,115.251
8786,115.251
8787,115.251
8788,115.251
8789,109.93
8790,109.93
8791,109.93
8792,109.93
8793,109.93
8794,109.93
8795,109.93
8796,109.93
8797,109.93
8798,109.93
8799,109.93
8800,109.93
8801,109.93
8802,109.93
8803,109.93
8804,109.93
8805,109.93
8806,109.93
8807,109.93
8808,109.93
8809,103.789
8810,103.789
8811,103.789
8812,103.789
8813,103.789
8814,103.789
8815,103.789
8816,103.789
8817,103.789
8818,103.789
8819,103.789
8820,103.789
8821,103.789
8822,103.789
8823,103.789
8824,103.789
8825,103.789
8826,103.789
8827,103.789
8828,103.789
8829,113.771
8830,113.771
8831,113.771
8832,113.771
8833,113.771
8834,113.771
8835,113.771
8836,113.771
8837,113.771
8838,113.771
8839,113.771
8840,113.771
8841,113.771
8842,113.771
8843,113.771
8844,113.771
8845,113.771
8846,113.771
8847,113.771
8848,113.771
8849,112.618
8850,112.618
8851,112.618
8852,112.618
8853,112.618
8854,112.618
8855,112.618
8856,112.618
8857,112.618
8858,112.618
8859,112.618
8860,112.618
8861,112.618
8862,112.618
8863,112.618
8864,112.618
8865,112.618
8866,112.618
8867,112.618
8868,112.618
8869,105.815
8870,105.815
8871,105.815
8872,105.815
8873,105.815
8874,105.815
8875,105.815
8876,105.815
8877,105.815
8878,105.815
8879,105.815
8880,105.815
8881,105.815
8882,105.815
8883,105.815
8884,105.815
8885,105.815
8886,105.815
8887,105.815
8888,105.815
8889,104.335
8890,104.335
8891,104.335
8892,104.335
8893,104.335
8894,104.335
8895,104.335
8896,104.335
8897,104.335
8898,104.335
8899,104.335
8900,104.335
8901,104.335
8902,104.335
8903,104.335
8904,104.335
8905,104.335
8906,104.335
8907,104.335
8908,104.335
8909,113.498
8910,113.498
8911,113.498
8912,113.498
8913,113.498
8914,113.498
8915,113.498
8916,113.498
8917,113.498
8918,113.498
8919,113.498
8920,113.498
8921,113.498
8922,113.498
8923,113.498
8924,113.498
8925,113.498
8926,113.498
8927,113.498
8928,113.498
8929,107.296
8930,107.296
8931,107.296
8932,107.296
8933,107.296
8934,107.296
8935,107.296
8936,107.296
8937,107.296
8938,107.296
8939,107.296
8940,107.296
8941,107.296
8942,107.296
8943,107.296
8944,107.296
8945,107.296
8946,107.296
8947,107.296
8948,107.296
8949,103.182
8950,103.182
8951,103.182
8952,103.182
8953,103.182
8954,103.182
8955,103.182
8956,103.182
8957,103.182
8958,103.182
8959,103.182
8960,103.182
8961,103.182
8962,103.182
8963,103.182
8964,103.182
8965,103.182
8966,103.182
8967,103.182
8968,103.182
8969,115.579
8970,115.579
8971,115.579
8972,115.579
8973,115.579
8974,115.579
8975,115.579
8976,115.579
8977,115.579
8978,115.579
8979,115.579
8980,115.579
8981,115.579
8982,115.579
8983,115.579
8984,115.579
8985,115.579
8986,115.579
8987,115.579
8988,115.579
8989,108.776
8990,108.776
8991,108.776
8992,108.776
8993,108.776
8994,108.776
8995,108.776
8996,108.776
8997,108.776
8998,108.776
8999,108.776
9000,108.776
9001,108.776
9002,108.776
9003,108.776
9004,108.776
9005,108.776
9006,108.776
9007,108.776
9008,108.776
9009,102.309
9010,102.309
9011,102.309
9012,102.309
9013,102.309
9014,102.309
9015,102.309
9016,102.309
9017,102.309
9018,102.309
9019,102.309
9020,102.309
9021,102.309
9022,102.309
9023,102.309
9024,102.309
9025,102.309
9026,102.309
9027,102.309
9028,102.309
9029,102.309
9030,113.226
9031,113.226
9032,113.226
9033,113.226
9034,113.226
9035,113.226
9036,113.226
9037,113.226
9038,113.226
9039,113.226
9040,113.226
9041,113.226
9042,113.226
9043,113.226
9044,113.226
9045,113.226
9046,113.226
9047,113.226
9048,113.226
9049,113.226
9050,110.537
9051,110.537
9052,110.537
9053,110.537
9054,110.537
9055,110.537
9056,110.537
9057,110.537
9058,110.537
9059,110.537
9060,110.537
9061,110.537
9062,110.537
9063,110.537
9064,110.537
9065,110.537
9066,110.537
9067,110.537
9068,110.537
9069,110.537
9070,104.662
9071,104.662
9072,104.662
9073,104.662
9074,104.662
9075,104.662
9076,104.662
9077,104.662
9078,104.662
9079,104.662
9080,104.662
9081,104.662
9082,104.662
9083,104.662
9084,104.662
9085,104.662
9086,104.662
9087,104.662
9088,104.662
9089,104.662
9090,105.815
9091,105.815
9092,105.815
9093,105.815
9094,105.815
9095,105.815
9096,105.815
9097,105.815
9098,105.815
9099,105.815
9100,105.815
9101,105.815
9102,105.815
9103,105.815
9104,105.815
9105,105.815
9106,105.815
9107,105.815
9108,105.815
9109,105.815
9110,115.579
9111,115.579
9112,115.579
9113,115.579
9114,115.579
9115,115.579
9116,115.579
9117,115.579
9118,115.579
9119,115.579
9120,115.579
9121,115.579
9122,115.579
9123,115.579
9124,115.579
9125,115.579
9126,115.579
9127,115.579
9128,115.579
9129,115.579
9130,109.057
9131,109.057
9132,109.057
9133,109.057
9134,109.057
9135,109.057
9136,109.057
9137,109.057
9138,109.057
9139,109.057
9140,109.057
9141,109.057
9142,109.057
9143,109.057
9144,109.057
9145,109.057
9146,109.057
9147,109.057
9148,109.057
9149,109.057
9150,101.101
9151,101.101
9152,101.101
9153,101.101
9154,101.101
9155,101.101
9156,101.101
9157,101.101
9158,101.101
9159,101.101
9160,101.101
9161,101.101
9162,101.101
9163,101.101
9164,101.101
9165,101.101
9166,101.101
9167,101.101
9168,101.101
9169,101.101
9170,114.706
9171,114.706
9172,114.706
9173,114.706
9174,114.706
9175,114.706
9176,114.706
9177,114.706
9178,114.706
9179,114.706
9180,114.706
9181,114.706
9182,114.706
9183,114.706
9184,114.706
9185,114.706
9186,114.706
9187,114.706
9188,114.706
9189,114.706
9190,110.257
9191,110.257
9192,110.257
9193,110.257
9194,110.257
9195,110.257
9196,110.257
9197,110.257
9198,110.257
9199,110.257
9200,110.257
9201,110.257
9202,110.257
9203,110.257
9204,110.257
9205,110.257
9206,110.257
9207,110.257
9208,110.257
9209,110.257
9210,110.257
9211,103.182
9212,103.182
9213,103.182
9214,103.182
9215,103.182
9216,103.182
9217,103.182
9218,103.182
9219,103.182
9220,103.182
9221,103.182
9222,103.182
9223,103.182
9224,103.182
9225,103.182
9226,103.182
9227,103.182
9228,103.182
9229,103.182
9230,103.182
9231,111.41
9232,111.41
9233,111.41
9234,111.41
9235,111.41
9236,111.41
9237,111.41
9238,111.41
9239,111.41
9240,111.41
9241,111.41
9242,111.41
9243,111.41
9244,111.41
9245,111.41
9246,111.41
9247,111.41
9248,111.41
9249,111.41
9250,111.41
9251,112.018
9252,112.018
9253,112.018
9254,112.018
9255,112.018
9256,112.018
9257,112.018
9258,112.018
9259,112.018
9260,112.018
9261,112.018
9262,112.018
9263,112.018
9264,112.018
9265,112.018
9266,112.018
9267,112.018
9268,112.018
9269,112.018
9270,112.018
9271,106.143
9272,106.143
9273,106.143
9274,106.143
9275,106.143
9276,106.143
9277,106.143
9278,106.143
9279,106.143
9280,106.143
9281,106.143
9282,106.143
9283,106.143
9284,106.143
9285,106.143
9286,106.143
9287,106.143
9288,106.143
9289,106.143
9290,106.143
9291,104.943
9292,104.943
9293,104.943
9294,104.943
9295,104.943
9296,104.943
9297,104.943
9298,104.943
9299,104.943
9300,104.943
9301,104.943
9302,104.943
9303,104.943
9304,104.943
9305,104.943
9306,104.943
9307,104.943
9308,104.943
9309,104.943
9310,104.943
9311,114.979
9312,114.979
9313,114.979
9314,114.979
9315,114.979
9316,114.979
9317,114.979
9318,114.979
9319,114.979
9320,114.979
9321,114.979
9322,114.979
9323,114.979
9324,114.979
9325,114.979
9326,114.979
9327,114.979
9328,114.979
9329,114.979
9330,114.979
9331,107.576
9332,107.576
9333,107.576
9334,107.576
9335,107.576
9336,107.576
9337,107.576
9338,107.576
9339,107.576
9340,107.576
9341,107.576
9342,107.576
9343,107.576
9344,107.576
9345,107.576
9346,107.576
9347,107.576
9348,107.576
9349,107.576
9350,107.576
9351,102.582
9352,102.582
9353,102.582
9354,102.582
9355,102.582
9356,102.582
9357,102.582
9358,102.582
9359,102.582
9360,102.582
9361,102.582
9362,102.582
9363,102.582
9364,102.582
9365,102.582
9366,102.582
9367,102.582
9368,102.582
9369,102.582
9370,102.582
9371,102.582
9372,102.582
9373,102.582
9374,114.979
9375,114.979
9376,114.979
9377,114.979
9378,114.979
9379,114.979
9380,114.979
9381,114.979
9382,114.979
9383,114.979
9384,114.979
9385,114.979
9386,114.979
9387,114.979
9388,114.979
9389,114.979
9390,114.979
9391,114.979
9392,108.504
9393,108.504
9394,108.504
9395,108.504
9396,108.504
9397,108.504
9398,108.504
9399,108.504
9400,108.504
9401,108.504
9402,108.504
9403,108.504
9404,108.504
9405,108.504
9406,108.504
9407,108.504
9408,108.504
9409,108.504
9410,108.504
9411,108.504
9412,101.701
9413,101.701
9414,101.701
9415,101.701
9416,101.701
9417,101.701
9418,101.701
9419,101.701
9420,101.701
9421,101.701
9422,101.701
9423,101.701
9424,101.701
9425,101.701
9426,101.701
9427,101.701
9428,101.701
9429,101.701
9430,101.701
9431,101.701
9432,111.41
9433,111.41
9434,111.41
9435,111.41
9436,111.41
9437,111.41
9438,111.41
9439,111.41
9440,111.41
9441,111.41
9442,111.41
9443,111.41
9444,111.41
9445,111.41
9446,111.41
9447,111.41
9448,111.41
9449,111.41
9450,111.41
9451,111.41
9452,109.93
9453,109.93
9454,109.93
9455,109.93
9456,109.93
9457,109.93
9458,109.93
9459,109.93
9460,109.93
9461,109.93
9462,109.93
9463,109.93
9464,109.93
9465,109.93
9466,109.93
9467,109.93
9468,109.93
9469,109.93
9470,109.93
9471,109.93
9472,103.789
9473,103.789
9474,103.789
9475,103.789
9476,103.789
9477,103.789
9478,103.789
9479,103.789
9480,103.789
9481,103.789
9482,103.789
9483,103.789
9484,103.789
9485,103.789
9486,103.789
9487,103.789
9488,103.789
9489,103.789
9490,103.789
9491,103.789
9492,102.854
9493,102.854
9494,102.854
9495,102.854
9496,102.854
9497,102.854
9498,102.854
9499,102.854
9500,102.854
9501,102.854
9502,102.854
9503,102.854
9504,102.854
9505,102.854
9506,102.854
9507,102.854
9508,102.854
9509,102.854
9510,102.854
9511,102.854
9512,111.41
9513,111.41
9514,111.41
9515,111.41
9516,111.41
9517,111.41
9518,111.41
9519,111.41
9520,111.41
9521,111.41
9522,111.41
9523,111.41
9524,111.41
9525,111.41
9526,111.41
9527,111.41
9528,111.41
9529,111.41
9530,111.41
9531,111.41
9532,106.696
9533,106.696
9534,106.696
9535,106.696
9536,106.696
9537,106.696
9538,106.696
9539,106.696
9540,106.696
9541,106.696
9542,106.696
9543,106.696
9544,106.696
9545,106.696
9546,106.696
9547,106.696
9548,106.696
9549,106.696
9550,106.696
9551,106.696
9552,98.14
9553,98.14
9554,98.14
9555,98.14
9556,98.14
9557,98.14
9558,98.14
9559,98.14
9560,98.14
9561,98.14
9562,98.14
9563,98.14
9564,98.14
9565,98.14
9566,98.14
9567,98.14
9568,98.14
9569,98.14
9570,98.14
9571,98.14
9572,98.14
9573,98.14
9574,98.14
9575,112.89
9576,112.89
9577,112.89
9578,112.89
9579,112.89
9580,112.89
9581,112.89
9582,112.89
9583,112.89
9584,112.89
9585,112.89
9586,112.89
9587,112.89
9588,112.89
9589,112.89
9590,112.89
9591,112.89
9592,112.89
9593,109.384
9594,109.384
9595,109.384
9596,109.384
9597,109.384
9598,109.384
9599,109.384
9600,109.384
9601,109.384
9602,109.384
9603,109.384
9604,109.384
9605,109.384
9606,109.384
9607,109.384
9608,109.384
9609,109.384
9610,109.384
9611,109.384
9612,109.384
9613,101.974
9614,101.974
9615,101.974
9616,101.974
9617,101.974
9618,101.974
9619,101.974
9620,101.974
9621,101.974
9622,101.974
9623,101.974
9624,101.974
9625,101.974
9626,101.974
9627,101.974
9628,101.974
9629,101.974
9630,101.974
9631,101.974
9632,101.974
9633,112.618
9634,112.618
9635,112.618
9636,112.618
9637,112.618
9638,112.618
9639,112.618
9640,112.618
9641,112.618
9642,112.618
9643,112.618
9644,112.618
9645,112.618
9646,112.618
9647,112.618
9648,112.618
9649,112.618
9650,112.618
9651,112.618
9652,112.618
9653,111.745
9654,111.745
9655,111.745
9656,111.745
9657,111.745
9658,111.745
9659,111.745
9660,111.745
9661,111.745
9662,111.745
9663,111.745
9664,111.745
9665,111.745
9666,111.745
9667,111.745
9668,111.745
9669,111.745
9670,111.745
9671,111.745
9672,111.745
9673,105.215
9674,105.215
9675,105.215
9676,105.215
9677,105.215
9678,105.215
9679,105.215
9680,105.215
9681,105.215
9682,105.215
9683,105.215
9684,105.215
9685,105.215
9686,105.215
9687,105.215
9688,105.215
9689,105.215
9690,105.215
9691,105.215
9692,105.215
9693,107.904
9694,107.904
9695,107.904
9696,107.904
9697,107.904
9698,107.904
9699,107.904
9700,107.904
9701,107.904
9702,107.904
9703,107.904
9704,107.904
9705,107.904
9706,107.904
9707,107.904
9708,107.904
9709,107.904
9710,107.904
9711,107.904
9712,107.904
9713,113.498
9714,113.498
9715,113.498
9716,113.498
9717,113.498
9718,113.498
9719,113.498
9720,113.498
9721,113.498
9722,113.498
9723,113.498
9724,113.498
9725,113.498
9726,113.498
9727,113.498
9728,113.498
9729,113.498
9730,113.498
9731,113.498
9732,113.498
9733,108.504
9734,108.504
9735,108.504
9736,108.504
9737,108.504
9738,108.504
9739,108.504
9740,108.504
9741,108.504
9742,108.504
9743,108.504
9744,108.504
9745,108.504
9746,108.504
9747,108.504
9748,108.504
9749,108.504
9750,108.504
9751,108.504
9752,108.504
9753,108.504
9754,104.662
9755,104.662
9756,104.662
9757,104.662
9758,104.662
9759,104.662
9760,104.662
9761,104.662
9762,104.662
9763,104.662
9764,104.662
9765,104.662
9766,104.662
9767,104.662
9768,104.662
9769,104.662
9770,104.662
9771,104.662
9772,104.662
9773,104.662
9774,104.662
9775,104.662
9776,114.098
9777,114.098
9778,114.098
9779,114.098
9780,114.098
9781,114.098
9782,114.098
9783,114.098
9784,114.098
9785,114.098
9786,114.098
9787,114.098
9788,114.098
9789,114.098
9790,114.098
9791,114.098
9792,114.098
9793,114.098
9794,107.576
9795,107.576
9796,107.576
9797,107.576
9798,107.576
9799,107.576
9800,107.576
9801,107.576
9802,107.576
9803,107.576
9804,107.576
9805,107.576
9806,107.576
9807,107.576
9808,107.576
9809,107.576
9810,107.576
9811,107.576
9812,107.576
9813,107.576
9814,101.701
9815,101.701
9816,101.701
9817,101.701
9818,101.701
9819,101.701
9820,101.701
9821,101.701
9822,101.701
9823,101.701
9824,101.701
9825,101.701
9826,101.701
9827,101.701
9828,101.701
9829,101.701
9830,101.701
9831,101.701
9832,101.701
9833,101.701
9834,112.618
9835,112.618
9836,112.618
9837,112.618
9838,112.618
9839,112.618
9840,112.618
9841,112.618
9842,112.618
9843,112.618
9844,112.618
9845,112.618
9846,112.618
9847,112.618
9848,112.618
9849,112.618
9850,112.618
9851,112.618
9852,112.618
9853,112.618
9854,109.384
9855,109.384
9856,109.384
9857,109.384
9858,109.384
9859,109.384
9860,109.384
9861,109.384
9862,109.384
9863,109.384
9864,109.384
9865,109.384
9866,109.384
9867,109.384
9868,109.384
9869,109.384
9870,109.384
9871,109.384
9872,109.384
9873,109.384
9874,101.428
9875,101.428
9876,101.428
9877,101.428
9878,101.428
9879,101.428
9880,101.428
9881,101.428
9882,101.428
9883,101.428
9884,101.428
9885,101.428
9886,101.428
9887,101.428
9888,101.428
9889,101.428
9890,101.428
9891,101.428
9892,101.428
9893,101.428
9894,101.428
9895,108.776
9896,108.776
9897,108.776
9898,108.776
9899,108.776
9900,108.776
9901,108.776
9902,108.776
9903,108.776
9904,108.776
9905,108.776
9906,108.776
9907,108.776
9908,108.776
9909,108.776
9910,108.776
9911,108.776
9912,108.776
9913,108.776
9914,108.776
9915,110.537
9916,110.537
9917,110.537
9918,110.537
9919,110.537
9920,110.537
9921,110.537
9922,110.537
9923,110.537
9924,110.537
9925,110.537
9926,110.537
9927,110.537
9928,110.537
9929,110.537
9930,110.537
9931,110.537
9932,110.537
9933,110.537
9934,110.537
9935,104.062
9936,104.062
9937,104.062
9938,104.062
9939,104.062
9940,104.062
9941,104.062
9942,104.062
9943,104.062
9944,104.062
9945,104.062
9946,104.062
9947,104.062
9948,104.062
9949,104.062
9950,104.062
9951,104.062
9952,104.062
9953,104.062
9954,104.062
9955,103.182
9956,103.182
9957,103.182
9958,103.182
9959,103.182
9960,103.182
9961,103.182
9962,103.182
9963,103.182
9964,103.182
9965,103.182
9966,103.182
9967,103.182
9968,103.182
9969,103.182
9970,103.182
9971,103.182
9972,103.182
9973,103.182
9974,103.182
9975,112.89
9976,112.89
9977,112.89
9978,112.89
9979,112.89
9980,112.89
9981,112.89
9982,112.89
9983,112.89
9984,112.89
9985,112.89
9986,112.89
9987,112.89
9988,112.89
9989,112.89
9990,112.89
9991,112.89
9992,112.89
9993,112.89
9994,112.89
9995,106.143
9996,106.143
9997,106.143
9998,106.143
9999,106.143
10000,106.143
10001,106.143
10002,106.143
10003,106.143
10004,106.143
10005,106.143
10006,106.143
10007,106.143
10008,106.143
10009,106.143
10010,106.143
10011,106.143
10012,106.143
10013,106.143
10014,106.143
10015,99.621
10016,99.621
10017,99.621
10018,99.621
10019,99.621
10020,99.621
10021,99.621
10022,99.621
10023,99.621
10024,99.621
10025,99.621
10026,99.621
10027,99.621
10028,99.621
10029,99.621
10030,99.621
10031,99.621
10032,99.621
10033,99.621
10034,99.621
10035,113.771
10036,113.771
10037,113.771
10038,113.771
10039,113.771
10040,113.771
10041,113.771
10042,113.771
10043,113.771
10044,113.771
10045,113.771
10046,113.771
10047,113.771
10048,113.771
10049,113.771
10050,113.771
10051,113.771
10052,113.771
10053,113.771
10054,113.771
10055,109.057
10056,109.057
10057,109.057
10058,109.057
10059,109.057
10060,109.057
10061,109.057
10062,109.057
10063,109.057
10064,109.057
10065,109.057
10066,109.057
10067,109.057
10068,109.057
10069,109.057
10070,109.057
10071,109.057
10072,109.057
10073,109.057
10074,109.057
10075,101.101
10076,101.101
10077,101.101
10078,101.101
10079,101.101
10080,101.101
10081,101.101
10082,101.101
10083,101.101
10084,101.101
10085,101.101
10086,101.101
10087,101.101
10088,101.101
10089,101.101
10090,101.101
10091,101.101
10092,101.101
10093,101.101
10094,101.101
10095,101.101
10096,109.657
10097,109.657
10098,109.657
10099,109.657
10100,109.657
10101,109.657
10102,109.657
10103,109.657
10104,109.657
10105,109.657
10106,109.657
10107,109.657
10108,109.657
10109,109.657
10110,109.657
10111,109.657
10112,109.657
10113,109.657
10114,109.657
10115,109.657
10116,111.41
10117,111.41
10118,111.41
10119,111.41
10120,111.41
10121,111.41
10122,111.41
10123,111.41
10124,111.41
10125,111.41
10126,111.41
10127,111.41
10128,111.41
10129,111.41
10130,111.41
10131,111.41
10132,111.41
10133,111.41
10134,111.41
10135,111.41
10136,102.854
10137,102.854
10138,102.854
10139,102.854
10140,102.854
10141,102.854
10142,102.854
10143,102.854
10144,102.854
10145,102.854
10146,102.854
10147,102.854
10148,102.854
10149,102.854
10150,102.854
10151,102.854
10152,102.854
10153,102.854
10154,102.854
10155,102.854
10156,106.143
10157,106.143
10158,106.143
10159,106.143
10160,106.143
10161,106.143
10162,106.143
10163,106.143
10164,106.143
10165,106.143
10166,106.143
10167,106.143
10168,106.143
10169,106.143
10170,106.143
10171,106.143
10172,106.143
10173,106.143
10174,106.143
10175,106.143
10176,112.618
10177,112.618
10178,112.618
10179,112.618
10180,112.618
10181,112.618
10182,112.618
10183,112.618
10184,112.618
10185,112.618
10186,112.618
10187,112.618
10188,112.618
10189,112.618
10190,112.618
10191,112.618
10192,112.618
10193,112.618
10194,112.618
10195,112.618
10196,105.543
10197,105.543
10198,105.543
10199,105.543
10200,105.543
10201,105.543
10202,105.543
10203,105.543
10204,105.543
10205,105.543
10206,105.543
10207,105.543
10208,105.543
10209,105.543
10210,105.543
10211,105.543
10212,105.543
10213,105.543
10214,105.543
10215,105.543
10216,100.493
10217,100.493
10218,100.493
10219,100.493
10220,100.493
10221,100.493
10222,100.493
10223,100.493
10224,100.493
10225,100.493
10226,100.493
10227,100.493
10228,100.493
10229,100.493
10230,100.493
10231,100.493
10232,100.493
10233,100.493
10234,100.493
10235,100.493
10236,114.371
10237,114.371
10238,114.371
10239,114.371
10240,114.371
10241,114.371
10242,114.371
10243,114.371
10244,114.371
10245,114.371
10246,114.371
10247,114.371
10248,114.371
10249,114.371
10250,114.371
10251,114.371
10252,114.371
10253,114.371
10254,114.371
10255,114.371
10256,108.176
10257,108.176
10258,108.176
10259,108.176
10260,108.176
10261,108.176
10262,108.176
10263,108.176
10264,108.176
10265,108.176
10266,108.176
10267,108.176
10268,108.176
10269,108.176
10270,108.176
10271,108.176
10272,108.176
10273,108.176
10274,108.176
10275,108.176
10276,108.176
10277,101.701
10278,101.701
10279,101.701
10280,101.701
10281,101.701
10282,101.701
10283,101.701
10284,101.701
10285,101.701
10286,101.701
10287,101.701
10288,101.701
10289,101.701
10290,101.701
10291,101.701
10292,101.701
10293,101.701
10294,101.701
10295,101.701
10296,101.701
10297,112.89
10298,112.89
10299,112.89
10300,112.89
10301,112.89
10302,112.89
10303,112.89
10304,112.89
10305,112.89
10306,112.89
10307,112.89
10308,112.89
10309,112.89
10310,112.89
10311,112.89
10312,112.89
10313,112.89
10314,112.89
10315,112.89
10316,112.89
10317,108.776
10318,108.776
10319,108.776
10320,108.776
10321,108.776
10322,108.776
10323,108.776
10324,108.776
10325,108.776
10326,108.776
10327,108.776
10328,108.776
10329,108.776
10330,108.776
10331,108.776
10332,108.776
10333,108.776
10334,108.776
10335,108.776
10336,108.776
10337,102.309
10338,102.309
10339,102.309
10340,102.309
10341,102.309
10342,102.309
10343,102.309
10344,102.309
10345,102.309
10346,102.309
10347,102.309
10348,102.309
10349,102.309
10350,102.309
10351,102.309
10352,102.309
10353,102.309
10354,102.309
10355,102.309
10356,102.309
10357,111.137
10358,111.137
10359,111.137
10360,111.137
10361,111.137
10362,111.137
10363,111.137
10364,111.137
10365,111.137
10366,111.137
10367,111.137
10368,111.137
10369,111.137
10370,111.137
10371,111.137
10372,111.137
10373,111.137
10374,111.137
10375,111.137
10376,111.137
10377,109.657
10378,109.657
10379,109.657
10380,109.657
10381,109.657
10382,109.657
10383,109.657
10384,109.657
10385,109.657
10386,109.657
10387,109.657
10388,109.657
10389,109.657
10390,109.657
10391,109.657
10392,109.657
10393,109.657
10394,109.657
10395,109.657
10396,109.657
10397,103.462
10398,103.462
10399,103.462
10400,103.462
10401,103.462
10402,103.462
10403,103.462
10404,103.462
10405,103.462
10406,103.462
10407,103.462
10408,103.462
10409,103.462
10410,103.462
10411,103.462
10412,103.462
10413,103.462
10414,103.462
10415,103.462
10416,103.462
10417,106.696
10418,106.696
10419,106.696
10420,106.696
10421,106.696
10422,106.696
10423,106.696
10424,106.696
10425,106.696
10426,106.696
10427,106.696
10428,106.696
10429,106.696
10430,106.696
10431,106.696
10432,106.696
10433,106.696
10434,106.696
10435,106.696
10436,106.696
10437,113.771
10438,113.771
10439,113.771
10440,113.771
10441,113.771
10442,113.771
10443,113.771
10444,113.771
10445,113.771
10446,113.771
10447,113.771
10448,113.771
10449,113.771
10450,113.771
10451,113.771
10452,113.771
10453,113.771
10454,113.771
10455,113.771
10456,113.771
10457,105.543
10458,105.543
10459,105.543
10460,105.543
10461,105.543
10462,105.543
10463,105.543
10464,105.543
10465,105.543
10466,105.543
10467,105.543
10468,105.543
10469,105.543
10470,105.543
10471,105.543
10472,105.543
10473,105.543
10474,105.543
10475,105.543
10476,105.543
10477,105.543
10478,105.543
10479,104.169
10480,104.169
10481,104.169
10482,104.169
10483,104.169
10484,104.169
10485,104.169
10486,104.169
10487,104.169
10488,104.169
10489,104.169
10490,104.169
10491,104.169
10492,104.169
10493,104.169
10494,104.169
10495,104.169
10496,104.169
10497,104.169
10498,115.579
10499,115.579
10500,115.579
10501,115.579
10502,115.579
10503,115.579
10504,115.579
10505,115.579
10506,115.579
10507,115.579
10508,115.579
10509,115.579
10510,115.579
10511,115.579
10512,115.579
10513,115.579
10514,115.579
10515,115.579
10516,115.579
10517,115.579
10518,109.384
10519,109.384
10520,109.384
10521,109.384
10522,109.384
10523,109.384
10524,109.384
10525,109.384
10526,109.384
10527,109.384
10528,109.384
10529,109.384
10530,109.384
10531,109.384
10532,109.384
10533,109.384
10534,109.384
10535,109.384
10536,109.384
10537,109.384
10538,101.806
10539,101.806
10540,101.806
10541,101.806
10542,101.806
10543,101.806
10544,101.806
10545,101.806
10546,101.806
10547,101.806
10548,101.806
10549,101.806
10550,101.806
10551,101.806
10552,101.806
10553,101.806
10554,101.806
10555,101.806
10556,101.806
10557,101.806
10558,112.018
10559,112.018
10560,112.018
10561,112.018
10562,112.018
10563,112.018
10564,112.018
10565,112.018
10566,112.018
10567,112.018
10568,112.018
10569,112.018
10570,112.018
10571,112.018
10572,112.018
10573,112.018
10574,112.018
10575,112.018
10576,112.018
10577,112.018
10578,112.018
10579,112.018
10580,109.384
10581,109.384
10582,109.384
10583,109.384
10584,109.384
10585,109.384
10586,109.384
10587,109.384
10588,109.384
10589,109.384
10590,109.384
10591,109.384
10592,109.384
10593,109.384
10594,109.384
10595,109.384
10596,109.384
10597,109.384
10598,104.062
10599,104.062
10600,104.062
10601,104.062
10602,104.062
10603,104.062
10604,104.062
10605,104.062
10606,104.062
10607,104.062
10608,104.062
10609,104.062
10610,104.062
10611,104.062
10612,104.062
10613,104.062
10614,104.062
10615,104.062
10616,104.062
10617,104.062
10618,103.789
10619,103.789
10620,103.789
10621,103.789
10622,103.789
10623,103.789
10624,103.789
10625,103.789
10626,103.789
10627,103.789
10628,103.789
10629,103.789
10630,103.789
10631,103.789
10632,103.789
10633,103.789
10634,103.789
10635,103.789
10636,103.789
10637,103.789
10638,112.89
10639,112.89
10640,112.89
10641,112.89
10642,112.89
10643,112.89
10644,112.89
10645,112.89
10646,112.89
10647,112.89
10648,112.89
10649,112.89
10650,112.89
10651,112.89
10652,112.89
10653,112.89
10654,112.89
10655,112.89
10656,112.89
10657,112.89
10658,112.89
10659,105.815
10660,105.815
10661,105.815
10662,105.815
10663,105.815
10664,105.815
10665,105.815
10666,105.815
10667,105.815
10668,105.815
10669,105.815
10670,105.815
10671,105.815
10672,105.815
10673,105.815
10674,105.815
10675,105.815
10676,105.815
10677,105.815
10678,105.815
10679,101.806
10680,101.806
10681,101.806
10682,101.806
10683,101.806
10684,101.806
10685,101.806
10686,101.806
10687,101.806
10688,101.806
10689,101.806
10690,101.806
10691,101.806
10692,101.806
10693,101.806
10694,101.806
10695,101.806
10696,101.806
10697,101.806
10698,101.806
10699,114.979
10700,114.979
10701,114.979
10702,114.979
10703,114.979
10704,114.979
10705,114.979
10706,114.979
10707,114.979
10708,114.979
10709,114.979
10710,114.979
10711,114.979
10712,114.979
10713,114.979
10714,114.979
10715,114.979
10716,114.979
10717,114.979
10718,114.979
10719,107.904
10720,107.904
10721,107.904
10722,107.904
10723,107.904
10724,107.904
10725,107.904
10726,107.904
10727,107.904
10728,107.904
10729,107.904
10730,107.904
10731,107.904
10732,107.904
10733,107.904
10734,107.904
10735,107.904
10736,107.904
10737,107.904
10738,107.904
10739,101.101
10740,101.101
10741,101.101
10742,101.101
10743,101.101
10744,101.101
10745,101.101
10746,101.101
10747,101.101
10748,101.101
10749,101.101
10750,101.101
10751,101.101
10752,101.101
10753,101.101
10754,101.101
10755,101.101
10756,101.101
10757,101.101
10758,101.101
10759,108.776
10760,108.776
10761,108.776
10762,108.776
10763,108.776
10764,108.776
10765,108.776
10766,108.776
10767,108.776
10768,108.776
10769,108.776
10770,108.776
10771,108.776
10772,108.776
10773,108.776
10774,108.776
10775,108.776
10776,108.776
10777,108.776
10778,108.776
10779,109.657
10780,109.657
10781,109.657
10782,109.657
10783,109.657
10784,109.657
10785,109.657
10786,109.657
10787,109.657
10788,109.657
10789,109.657
10790,109.657
10791,109.657
10792,109.657
10793,109.657
10794,109.657
10795,109.657
10796,109.657
10797,109.657
10798,109.657
10799,103.462
10800,103.462
10801,103.462
10802,103.462
10803,103.462
10804,103.462
10805,103.462
10806,103.462
10807,103.462
10808,103.462
10809,103.462
10810,103.462
10811,103.462
10812,103.462
10813,103.462
10814,103.462
10815,103.462
10816,103.462
10817,103.462
10818,103.462
10819,108.176
10820,108.176
10821,108.176
10822,108.176
10823,108.176
10824,108.176
10825,108.176
10826,108.176
10827,108.176
10828,108.176
10829,108.176
10830,108.176
10831,108.176
10832,108.176
10833,108.176
10834,108.176
10835,108.176
10836,108.176
10837,108.176
10838,108.176
10839,108.176
10840,112.345
10841,112.345
10842,112.345
10843,112.345
10844,112.345
10845,112.345
10846,112.345
10847,112.345
10848,112.345
10849,112.345
10850,112.345
10851,112.345
10852,112.345
10853,112.345
10854,112.345
10855,112.345
10856,112.345
10857,112.345
10858,112.345
10859,112.345
10860,106.423
10861,106.423
10862,106.423
10863,106.423
10864,106.423
10865,106.423
10866,106.423
10867,106.423
10868,106.423
10869,106.423
10870,106.423
10871,106.423
10872,106.423
10873,106.423
10874,106.423
10875,106.423
10876,106.423
10877,106.423
10878,106.423
10879,106.423
10880,99.348
10881,99.348
10882,99.348
10883,99.348
10884,99.348
10885,99.348
10886,99.348
10887,99.348
10888,99.348
10889,99.348
10890,99.348
10891,99.348
10892,99.348
10893,99.348
10894,99.348
10895,99.348
10896,99.348
10897,99.348
10898,99.348
10899,99.348
10900,114.371
10901,114.371
10902,114.371
10903,114.371
10904,114.371
10905,114.371
10906,114.371
10907,114.371
10908,114.371
10909,114.371
10910,114.371
10911,114.371
10912,114.371
10913,114.371
10914,114.371
10915,114.371
10916,114.371
10917,114.371
10918,114.371
10919,114.371
10920,108.504
10921,108.504
10922,108.504
10923,108.504
10924,108.504
10925,108.504
10926,108.504
10927,108.504
10928,108.504
10929,108.504
10930,108.504
10931,108.504
10932,108.504
10933,108.504
10934,108.504
10935,108.504
10936,108.504
10937,108.504
10938,108.504
10939,108.504
10940,100.597
10941,100.597
10942,100.597
10943,100.597
10944,100.597
10945,100.597
10946,100.597
10947,100.597
10948,100.597
10949,100.597
10950,100.597
10951,100.597
10952,100.597
10953,100.597
10954,100.597
10955,100.597
10956,100.597
10957,100.597
10958,100.597
10959,100.597
10960,111.745
10961,111.745
10962,111.745
10963,111.745
10964,111.745
10965,111.745
10966,111.745
10967,111.745
10968,111.745
10969,111.745
10970,111.745
10971,111.745
10972,111.745
10973,111.745
10974,111.745
10975,111.745
10976,111.745
10977,111.745
10978,111.745
10979,111.745
10980,111.745
10981,109.057
10982,109.057
10983,109.057
10984,109.057
10985,109.057
10986,109.057
10987,109.057
10988,109.057
10989,109.057
10990,109.057
10991,109.057
10992,109.057
10993,109.057
10994,109.057
10995,109.057
10996,109.057
10997,109.057
10998,109.057
10999,109.057
11000,101.428
11001,101.428
11002,101.428
11003,101.428
11004,101.428
11005,101.428
11006,101.428
11007,101.428
11008,101.428
11009,101.428
11010,101.428
11011,101.428
11012,101.428
11013,101.428
11014,101.428
11015,101.428
11016,101.428
11017,101.428
11018,101.428
11019,101.428
11020,110.537
11021,110.537
11022,110.537
11023,110.537
11024,110.537
11025,110.537
11026,110.537
11027,110.537
11028,110.537
11029,110.537
11030,110.537
11031,110.537
11032,110.537
11033,110.537
11034,110.537
11035,110.537
11036,110.537
11037,110.537
11038,110.537
11039,110.537
11040,110.537
11041,111.41
11042,111.41
11043,111.41
11044,111.41
11045,111.41
11046,111.41
11047,111.41
11048,111.41
11049,111.41
11050,111.41
11051,111.41
11052,111.41
11053,111.41
11054,111.41
11055,111.41
11056,111.41
11057,111.41
11058,111.41
11059,111.41
11060,111.41
11061,104.77
11062,104.77
11063,104.77
11064,104.77
11065,104.77
11066,104.77
11067,104.77
11068,104.77
11069,104.77
11070,104.77
11071,104.77
11072,104.77
11073,104.77
11074,104.77
11075,104.77
11076,104.77
11077,104.77
11078,104.77
11079,104.77
11080,104.77
11081,103.182
11082,103.182
11083,103.182
11084,103.182
11085,103.182
11086,103.182
11087,103.182
11088,103.182
11089,103.182
11090,103.182
11091,103.182
11092,103.182
11093,103.182
11094,103.182
11095,103.182
11096,103.182
11097,103.182
11098,103.182
11099,103.182
11100,103.182
11101,112.89
11102,112.89
11103,112.89
11104,112.89
11105,112.89
11106,112.89
11107,112.89
11108,112.89
11109,112.89
11110,112.89
11111,112.89
11112,112.89
11113,112.89
11114,112.89
11115,112.89
11116,112.89
11117,112.89
11118,112.89
11119,112.89
11120,112.89
11121,107.296
11122,107.296
11123,107.296
11124,107.296
11125,107.296
11126,107.296
11127,107.296
11128,107.296
11129,107.296
11130,107.296
11131,107.296
11132,107.296
11133,107.296
11134,107.296
11135,107.296
11136,107.296
11137,107.296
11138,107.296
11139,107.296
11140,107.296
11141,98.241
11142,98.241
11143,98.241
11144,98.241
11145,98.241
11146,98.241
11147,98.241
11148,98.241
11149,98.241
11150,98.241
11151,98.241
11152,98.241
11153,98.241
11154,98.241
11155,98.241
11156,98.241
11157,98.241
11158,98.241
11159,98.241
11160,98.241
11161,112.018
11162,112.018
11163,112.018
11164,112.018
11165,112.018
11166,112.018
11167,112.018
11168,112.018
11169,112.018
11170,112.018
11171,112.018
11172,112.018
11173,112.018
11174,112.018
11175,112.018
11176,112.018
11177,112.018
11178,112.018
11179,112.018
11180,112.018
11181,108.176
11182,108.176
11183,108.176
11184,108.176
11185,108.176
11186,108.176
11187,108.176
11188,108.176
11189,108.176
11190,108.176
11191,108.176
11192,108.176
11193,108.176
11194,108.176
11195,108.176
11196,108.176
11197,108.176
11198,108.176
11199,108.176
11200,108.176
11201,101.428
11202,101.428
11203,101.428
11204,101.428
11205,101.428
11206,101.428
11207,101.428
11208,101.428
11209,101.428
11210,101.428
11211,101.428
11212,101.428
11213,101.428
11214,101.428
11215,101.428
11216,101.428
11217,101.428
11218,101.428
11219,101.428
11220,101.428
11221,112.618
11222,112.618
11223,112.618
11224,112.618
11225,112.618
11226,112.618
11227,112.618
11228,112.618
11229,112.618
11230,112.618
11231,112.618
11232,112.618
11233,112.618
11234,112.618
11235,112.618
11236,112.618
11237,112.618
11238,112.618
11239,112.618
11240,112.618
11241,112.618
11242,109.057
11243,109.057
11244,109.057
11245,109.057
11246,109.057
11247,109.057
11248,109.057
11249,109.057
11250,109.057
11251,109.057
11252,109.057
11253,109.057
11254,109.057
11255,109.057
11256,109.057
11257,109.057
11258,109.057
11259,109.057
11260,109.057
11261,109.057
11262,103.288
11263,103.288
11264,103.288
11265,103.288
11266,103.288
11267,103.288
11268,103.288
11269,103.288
11270,103.288
11271,103.288
11272,103.288
11273,103.288
11274,103.288
11275,103.288
11276,103.288
11277,103.288
11278,103.288
11279,103.288
11280,103.288
11281,103.288
11282,107.904
11283,107.904
11284,107.904
11285,107.904
11286,107.904
11287,107.904
11288,107.904
11289,107.904
11290,107.904
11291,107.904
11292,107.904
11293,107.904
11294,107.904
11295,107.904
11296,107.904
11297,107.904
11298,107.904
11299,107.904
11300,107.904
11301,107.904
11302,112.133
11303,112.133
11304,112.133
11305,112.133
11306,112.133
11307,112.133
11308,112.133
11309,112.133
11310,112.133
11311,112.133
11312,112.133
11313,112.133
11314,112.133
11315,112.133
11316,112.133
11317,112.133
11318,112.133
11319,112.133
11320,112.133
11321,112.133
11322,105.651
11323,105.651
11324,105.651
11325,105.651
11326,105.651
11327,105.651
11328,105.651
11329,105.651
11330,105.651
11331,105.651
11332,105.651
11333,105.651
11334,105.651
11335,105.651
11336,105.651
11337,105.651
11338,105.651
11339,105.651
11340,105.651
11341,105.651
11342,100.493
11343,100.493
11344,100.493
11345,100.493
11346,100.493
11347,100.493
11348,100.493
11349,100.493
11350,100.493
11351,100.493
11352,100.493
11353,100.493
11354,100.493
11355,100.493
11356,100.493
11357,100.493
11358,100.493
11359,100.493
11360,100.493
11361,100.493
11362,114.706
11363,114.706
11364,114.706
11365,114.706
11366,114.706
11367,114.706
11368,114.706
11369,114.706
11370,114.706
11371,114.706
11372,114.706
11373,114.706
11374,114.706
11375,114.706
11376,114.706
11377,114.706
11378,114.706
11379,114.706
11380,114.706
11381,114.706
11382,107.576
11383,107.576
11384,107.576
11385,107.576
11386,107.576
11387,107.576
11388,107.576
11389,107.576
11390,107.576
11391,107.576
11392,107.576
11393,107.576
11394,107.576
11395,107.576
11396,107.576
11397,107.576
11398,107.576
11399,107.576
11400,107.576
11401,107.576
11402,99.621
11403,99.621
11404,99.621
11405,99.621
11406,99.621
11407,99.621
11408,99.621
11409,99.621
11410,99.621
11411,99.621
11412,99.621
11413,99.621
11414,99.621
11415,99.621
11416,99.621
11417,99.621
11418,99.621
11419,99.621
11420,99.621
11421,99.621
11422,110.257
11423,110.257
11424,110.257
11425,110.257
11426,110.257
11427,110.257
11428,110.257
11429,110.257
11430,110.257
11431,110.257
11432,110.257
11433,110.257
11434,110.257
11435,110.257
11436,110.257
11437,110.257
11438,110.257
11439,110.257
11440,110.257
11441,110.257
11442,110.537
11443,110.537
11444,110.537
11445,110.537
11446,110.537
11447,110.537
11448,110.537
11449,110.537
11450,110.537
11451,110.537
11452,110.537
11453,110.537
11454,110.537
11455,110.537
11456,110.537
11457,110.537
11458,110.537
11459,110.537
11460,110.537
11461,110.537
11462,106.423
11463,106.423
11464,106.423
11465,106.423
11466,106.423
11467,106.423
11468,106.423
11469,106.423
11470,106.423
11471,106.423
11472,106.423
11473,106.423
11474,106.423
11475,106.423
11476,106.423
11477,106.423
11478,106.423
11479,106.423
11480,106.423
11481,106.423
11482,106.423
11483,99.45
11484,99.45
11485,99.45
11486,99.45
11487,99.45
11488,99.45
11489,99.45
11490,99.45
11491,99.45
11492,99.45
11493,99.45
11494,99.45
11495,99.45
11496,99.45
11497,99.45
11498,99.45
11499,99.45
11500,99.45
11501,99.45
11502,99.45
11503,112.133
11504,112.133
11505,112.133
11506,112.133
11507,112.133
11508,112.133
11509,112.133
11510,112.133
11511,112.133
11512,112.133
11513,112.133
11514,112.133
11515,112.133
11516,112.133
11517,112.133
11518,112.133
11519,112.133
11520,112.133
11521,112.133
11522,112.133
11523,109.169
11524,109.169
11525,109.169
11526,109.169
11527,109.169
11528,109.169
11529,109.169
11530,109.169
11531,109.169
11532,109.169
11533,109.169
11534,109.169
11535,109.169
11536,109.169
11537,109.169
11538,109.169
11539,109.169
11540,109.169
11541,109.169
11542,109.169
11543,102.687
11544,102.687
11545,102.687
11546,102.687
11547,102.687
11548,102.687
11549,102.687
11550,102.687
11551,102.687
11552,102.687
11553,102.687
11554,102.687
11555,102.687
11556,102.687
11557,102.687
11558,102.687
11559,102.687
11560,102.687
11561,102.687
11562,102.687
11563,105.05
11564,105.05
11565,105.05
11566,105.05
11567,105.05
11568,105.05
11569,105.05
11570,105.05
11571,105.05
11572,105.05
11573,105.05
11574,105.05
11575,105.05
11576,105.05
11577,105.05
11578,105.05
11579,105.05
11580,105.05
11581,105.05
11582,105.05
11583,113.342
11584,113.342
11585,113.342
11586,113.342
11587,113.342
11588,113.342
11589,113.342
11590,113.342
11591,113.342
11592,113.342
11593,113.342
11594,113.342
11595,113.342
11596,113.342
11597,113.342
11598,113.342
11599,113.342
11600,113.342
11601,113.342
11602,113.342
11603,107.904
11604,107.904
11605,107.904
11606,107.904
11607,107.904
11608,107.904
11609,107.904
11610,107.904
11611,107.904
11612,107.904
11613,107.904
11614,107.904
11615,107.904
11616,107.904
11617,107.904
11618,107.904
11619,107.904
11620,107.904
11621,107.904
11622,107.904
11623,101.533
11624,101.533
11625,101.533
11626,101.533
11627,101.533
11628,101.533
11629,101.533
11630,101.533
11631,101.533
11632,101.533
11633,101.533
11634,101.533
11635,101.533
11636,101.533
11637,101.533
11638,101.533
11639,101.533
11640,101.533
11641,101.533
11642,101.533
11643,108.287
11644,108.287
11645,108.287
11646,108.287
11647,108.287
11648,108.287
11649,108.287
11650,108.287
11651,108.287
11652,108.287
11653,108.287
11654,108.287
11655,108.287
11656,108.287
11657,108.287
11658,108.287
11659,108.287
11660,108.287
11661,108.287
11662,108.287
11663,108.615
11664,108.615
11665,108.615
11666,108.615
11667,108.615
11668,108.615
11669,108.615
11670,108.615
11671,108.615
11672,108.615
11673,108.615
11674,108.615
11675,108.615
11676,108.615
11677,108.615
11678,108.615
11679,108.615
11680,108.615
11681,108.615
11682,108.615
11683,108.615
11684,102.414
11685,102.414
11686,102.414
11687,102.414
11688,102.414
11689,102.414
11690,102.414
11691,102.414
11692,102.414
11693,102.414
11694,102.414
11695,102.414
11696,102.414
11697,102.414
11698,102.414
11699,102.414
11700,102.414
11701,102.414
11702,102.414
11703,102.414
11704,102.687
11705,102.687
11706,102.687
11707,102.687
11708,102.687
11709,102.687
11710,102.687
11711,102.687
11712,102.687
11713,102.687
11714,102.687
11715,102.687
11716,102.687
11717,102.687
11718,102.687
11719,102.687
11720,102.687
11721,102.687
11722,102.687
11723,102.687
11724,110.651
11725,110.651
11726,110.651
11727,110.651
11728,110.651
11729,110.651
11730,110.651
11731,110.651
11732,110.651
11733,110.651
11734,110.651
11735,110.651
11736,110.651
11737,110.651
11738,110.651
11739,110.651
11740,110.651
11741,110.651
11742,110.651
11743,110.651
11744,106.532
11745,106.532
11746,106.532
11747,106.532
11748,106.532
11749,106.532
11750,106.532
11751,106.532
11752,106.532
11753,106.532
11754,106.532
11755,106.532
11756,106.532
11757,106.532
11758,106.532
11759,106.532
11760,106.532
11761,106.532
11762,106.532
11763,106.532
11764,97.687
11765,97.687
11766,97.687
11767,97.687
11768,97.687
11769,97.687
11770,97.687
11771,97.687
11772,97.687
11773,97.687
11774,97.687
11775,97.687
11776,97.687
11777,97.687
11778,97.687
11779,97.687
11780,97.687
11781,97.687
11782,97.687
11783,97.687
11784,114.488
11785,114.488
11786,114.488
11787,114.488
11788,114.488
11789,114.488
11790,114.488
11791,114.488
11792,114.488
11793,114.488
11794,114.488
11795,114.488
11796,114.488
11797,114.488
11798,114.488
11799,114.488
11800,114.488
11801,114.488
11802,114.488
11803,114.488
11804,108.014
11805,108.014
11806,108.014
11807,108.014
11808,108.014
11809,108.014
11810,108.014
11811,108.014
11812,108.014
11813,108.014
11814,108.014
11815,108.014
11816,108.014
11817,108.014
11818,108.014
11819,108.014
11820,108.014
11821,108.014
11822,108.014
11823,108.014
11824,100.932
11825,100.932
11826,100.932
11827,100.932
11828,100.932
11829,100.932
11830,100.932
11831,100.932
11832,100.932
11833,100.932
11834,100.932
11835,100.932
11836,100.932
11837,100.932
11838,100.932
11839,100.932
11840,100.932
11841,100.932
11842,100.932
11843,100.932
11844,110.37
11845,110.37
11846,110.37
11847,110.37
11848,110.37
11849,110.37
11850,110.37
11851,110.37
11852,110.37
11853,110.37
11854,110.37
11855,110.37
11856,110.37
11857,110.37
11858,110.37
11859,110.37
11860,110.37
11861,110.37
11862,110.37
11863,110.37
11864,109.496
11865,109.496
11866,109.496
11867,109.496
11868,109.496
11869,109.496
11870,109.496
11871,109.496
11872,109.496
11873,109.496
11874,109.496
11875,109.496
11876,109.496
11877,109.496
11878,109.496
11879,109.496
11880,109.496
11881,109.496
11882,109.496
11883,109.496
11884,109.496
11885,104.169
11886,104.169
11887,104.169
11888,104.169
11889,104.169
11890,104.169
11891,104.169
11892,104.169
11893,104.169
11894,104.169
11895,104.169
11896,104.169
11897,104.169
11898,104.169
11899,104.169
11900,104.169
11901,104.169
11902,104.169
11903,104.169
11904,104.169
11905,105.323
11906,105.323
11907,105.323
11908,105.323
11909,105.323
11910,105.323
11911,105.323
11912,105.323
11913,105.323
11914,105.323
11915,105.323
11916,105.323
11917,105.323
11918,105.323
11919,105.323
11920,105.323
11921,105.323
11922,105.323
11923,105.323
11924,105.323
11925,114.215
11926,114.215
11927,114.215
11928,114.215
11929,114.215
11930,114.215
11931,114.215
11932,114.215
11933,114.215
11934,114.215
11935,114.215
11936,114.215
11937,114.215
11938,114.215
11939,114.215
11940,114.215
11941,114.215
11942,114.215
11943,114.215
11944,114.215
11945,107.133
11946,107.133
11947,107.133
11948,107.133
11949,107.133
11950,107.133
11951,107.133
11952,107.133
11953,107.133
11954,107.133
11955,107.133
11956,107.133
11957,107.133
11958,107.133
11959,107.133
11960,107.133
11961,107.133
11962,107.133
11963,107.133
11964,107.133
11965,101.533
11966,101.533
11967,101.533
11968,101.533
11969,101.533
11970,101.533
11971,101.533
11972,101.533
11973,101.533
11974,101.533
11975,101.533
11976,101.533
11977,101.533
11978,101.533
11979,101.533
11980,101.533
11981,101.533
11982,101.533
11983,101.533
11984,101.533
11985,114.488
11986,114.488
11987,114.488
11988,114.488
11989,114.488
11990,114.488
11991,114.488
11992,114.488
11993,114.488
11994,114.488
11995,114.488
11996,114.488
11997,114.488
11998,114.488
11999,114.488
12000,114.488
12001,114.488
12002,114.488
12003,114.488
12004,114.488
12005,107.133
12006,107.133
12007,107.133
12008,107.133
12009,107.133
12010,107.133
12011,107.133
12012,107.133
12013,107.133
12014,107.133
12015,107.133
12016,107.133
12017,107.133
12018,107.133
12019,107.133
12020,107.133
12021,107.133
12022,107.133
12023,107.133
12024,107.133
12025,102.079
12026,102.079
12027,102.079
12028,102.079
12029,102.079
12030,102.079
12031,102.079
12032,102.079
12033,102.079
12034,102.079
12035,102.079
12036,102.079
12037,102.079
12038,102.079
12039,102.079
12040,102.079
12041,102.079
12042,102.079
12043,102.079
12044,102.079
12045,106.532
12046,106.532
12047,106.532
12048,106.532
12049,106.532
12050,106.532
12051,106.532
12052,106.532
12053,106.532
12054,106.532
12055,106.532
12056,106.532
12057,106.532
12058,106.532
12059,106.532
12060,106.532
12061,106.532
12062,106.532
12063,106.532
12064,106.532
12065,109.169
12066,109.169
12067,109.169
12068,109.169
12069,109.169
12070,109.169
12071,109.169
12072,109.169
12073,109.169
12074,109.169
12075,109.169
12076,109.169
12077,109.169
12078,109.169
12079,109.169
12080,109.169
12081,109.169
12082,109.169
12083,109.169
12084,109.169
12085,104.442
12086,104.442
12087,104.442
12088,104.442
12089,104.442
12090,104.442
12091,104.442
12092,104.442
12093,104.442
12094,104.442
12095,104.442
12096,104.442
12097,104.442
12098,104.442
12099,104.442
12100,104.442
12101,104.442
12102,104.442
12103,104.442
12104,104.442
12105,104.442
12106,102.96
12107,102.96
12108,102.96
12109,102.96
12110,102.96
12111,102.96
12112,102.96
12113,102.96
12114,102.96
12115,102.96
12116,102.96
12117,102.96
12118,102.96
12119,102.96
12120,102.96
12121,102.96
12122,102.96
12123,102.96
12124,102.96
12125,102.96
12126,114.488
12127,114.488
12128,114.488
12129,114.488
12130,114.488
12131,114.488
12132,114.488
12133,114.488
12134,114.488
12135,114.488
12136,114.488
12137,114.488
12138,114.488
12139,114.488
12140,114.488
12141,114.488
12142,114.488
12143,114.488
12144,114.488
12145,114.488
12146,108.888
12147,108.888
12148,108.888
12149,108.888
12150,108.888
12151,108.888
12152,108.888
12153,108.888
12154,108.888
12155,108.888
12156,108.888
12157,108.888
12158,108.888
12159,108.888
12160,108.888
12161,108.888
12162,108.888
12163,108.888
12164,108.888
12165,108.888
12166,99.45
12167,99.45
12168,99.45
12169,99.45
12170,99.45
12171,99.45
12172,99.45
12173,99.45
12174,99.45
12175,99.45
12176,99.45
12177,99.45
12178,99.45
12179,99.45
12180,99.45
12181,99.45
12182,99.45
12183,99.45
12184,99.45
12185,99.45
12186,115.097
12187,115.097
12188,115.097
12189,115.097
12190,115.097
12191,115.097
12192,115.097
12193,115.097
12194,115.097
12195,115.097
12196,115.097
12197,115.097
12198,115.097
12199,115.097
12200,115.097
12201,115.097
12202,115.097
12203,115.097
12204,115.097
12205,115.097
12206,115.097
12207,108.888
12208,108.888
12209,108.888
12210,108.888
12211,108.888
12212,108.888
12213,108.888
12214,108.888
12215,108.888
12216,108.888
12217,108.888
12218,108.888
12219,108.888
12220,108.888
12221,108.888
12222,108.888
12223,108.888
12224,108.888
12225,108.888
12226,101.533
12227,101.533
12228,101.533
12229,101.533
12230,101.533
12231,101.533
12232,101.533
12233,101.533
12234,101.533
12235,101.533
12236,101.533
12237,101.533
12238,101.533
12239,101.533
12240,101.533
12241,101.533
12242,101.533
12243,101.533
12244,101.533
12245,101.533
12246,111.251
12247,111.251
12248,111.251
12249,111.251
12250,111.251
12251,111.251
12252,111.251
12253,111.251
12254,111.251
12255,111.251
12256,111.251
12257,111.251
12258,111.251
12259,111.251
12260,111.251
12261,111.251
12262,111.251
12263,111.251
12264,111.251
12265,111.251
12266,110.651
12267,110.651
12268,110.651
12269,110.651
12270,110.651
12271,110.651
12272,110.651
12273,110.651
12274,110.651
12275,110.651
12276,110.651
12277,110.651
12278,110.651
12279,110.651
12280,110.651
12281,110.651
12282,110.651
12283,110.651
12284,110.651
12285,110.651
12286,110.651
12287,104.169
12288,104.169
12289,104.169
12290,104.169
12291,104.169
12292,104.169
12293,104.169
12294,104.169
12295,104.169
12296,104.169
12297,104.169
12298,104.169
12299,104.169
12300,104.169
12301,104.169
12302,104.169
12303,104.169
12304,104.169
12305,104.169
12306,104.169
12307,105.05
12308,105.05
12309,105.05
12310,105.05
12311,105.05
12312,105.05
12313,105.05
12314,105.05
12315,105.05
12316,105.05
12317,105.05
12318,105.05
12319,105.05
12320,105.05
12321,105.05
12322,105.05
12323,105.05
12324,105.05
12325,105.05
12326,105.05
12327,113.615
12328,113.615
12329,113.615
12330,113.615
12331,113.615
12332,113.615
12333,113.615
12334,113.615
12335,113.615
12336,113.615
12337,113.615
12338,113.615
12339,113.615
12340,113.615
12341,113.615
12342,113.615
12343,113.615
12344,113.615
12345,113.615
12346,113.615
12347,107.406
12348,107.406
12349,107.406
12350,107.406
12351,107.406
12352,107.406
12353,107.406
12354,107.406
12355,107.406
12356,107.406
12357,107.406
12358,107.406
12359,107.406
12360,107.406
12361,107.406
12362,107.406
12363,107.406
12364,107.406
12365,107.406
12366,107.406
12367,99.45
12368,99.45
12369,99.45
12370,99.45
12371,99.45
12372,99.45
12373,99.45
12374,99.45
12375,99.45
12376,99.45
12377,99.45
12378,99.45
12379,99.45
12380,99.45
12381,99.45
12382,99.45
12383,99.45
12384,99.45
12385,99.45
12386,99.45
12387,99.45
12388,115.697
12389,115.697
12390,115.697
12391,115.697
12392,115.697
12393,115.697
12394,115.697
12395,115.697
12396,115.697
12397,115.697
12398,115.697
12399,115.697
12400,115.697
12401,115.697
12402,115.697
12403,115.697
12404,115.697
12405,115.697
12406,115.697
12407,109.769
12408,109.769
12409,109.769
12410,109.769
12411,109.769
12412,109.769
12413,109.769
12414,109.769
12415,109.769
12416,109.769
12417,109.769
12418,109.769
12419,109.769
12420,109.769
12421,109.769
12422,109.769
12423,109.769
12424,109.769
12425,109.769
12426,109.769
12427,103.288
12428,103.288
12429,103.288
12430,103.288
12431,103.288
12432,103.288
12433,103.288
12434,103.288
12435,103.288
12436,103.288
12437,103.288
12438,103.288
12439,103.288
12440,103.288
12441,103.288
12442,103.288
12443,103.288
12444,103.288
12445,103.288
12446,103.288
12447,106.805
12448,106.805
12449,106.805
12450,106.805
12451,106.805
12452,106.805
12453,106.805
12454,106.805
12455,106.805
12456,106.805
12457,106.805
12458,106.805
12459,106.805
12460,106.805
12461,106.805
12462,106.805
12463,106.805
12464,106.805
12465,106.805
12466,106.805
12467,111.524
12468,111.524
12469,111.524
12470,111.524
12471,111.524
12472,111.524
12473,111.524
12474,111.524
12475,111.524
12476,111.524
12477,111.524
12478,111.524
12479,111.524
12480,111.524
12481,111.524
12482,111.524
12483,111.524
12484,111.524
12485,111.524
12486,111.524
12487,111.524
12488,111.524
12489,102.687
12490,102.687
12491,102.687
12492,102.687
12493,102.687
12494,102.687
12495,102.687
12496,102.687
12497,102.687
12498,102.687
12499,102.687
12500,102.687
12501,102.687
12502,102.687
12503,102.687
12504,102.687
12505,102.687
12506,102.687
12507,99.169
12508,99.169
12509,99.169
12510,99.169
12511,99.169
12512,99.169
12513,99.169
12514,99.169
12515,99.169
12516,99.169
12517,99.169
12518,99.169
12519,99.169
12520,99.169
12521,99.169
12522,99.169
12523,99.169
12524,99.169
12525,99.169
12526,99.169
12527,115.097
12528,115.097
12529,115.097
12530,115.097
12531,115.097
12532,115.097
12533,115.097
12534,115.097
12535,115.097
12536,115.097
12537,115.097
12538,115.097
12539,115.097
12540,115.097
12541,115.097
12542,115.097
12543,115.097
12544,115.097
12545,115.097
12546,115.097
12547,115.097
12548,108.287
12549,108.287
12550,108.287
12551,108.287
12552,108.287
12553,108.287
12554,108.287
12555,108.287
12556,108.287
12557,108.287
12558,108.287
12559,108.287
12560,108.287
12561,108.287
12562,108.287
12563,108.287
12564,108.287
12565,108.287
12566,108.287
12567,108.287
12568,100.597
12569,100.597
12570,100.597
12571,100.597
12572,100.597
12573,100.597
12574,100.597
12575,100.597
12576,100.597
12577,100.597
12578,100.597
12579,100.597
12580,100.597
12581,100.597
12582,100.597
12583,100.597
12584,100.597
12585,100.597
12586,100.597
12587,100.597
12588,110.651
12589,110.651
12590,110.651
12591,110.651
12592,110.651
12593,110.651
12594,110.651
12595,110.651
12596,110.651
12597,110.651
12598,110.651
12599,110.651
12600,110.651
12601,110.651
12602,110.651
12603,110.651
12604,110.651
12605,110.651
12606,110.651
12607,110.651
12608,110.651
12609,110.651
12610,110.651
12611,110.651
12612,110.651
12613,110.651
12614,110.651
12615,110.651
12616,110.651
12617,110.651
12618,110.651
12619,110.651
12620,110.651
12621,110.651
12622,110.651
12623,110.651
12624,110.651
12625,110.651
12626,110.651
12627,110.651
12628,104.442
12629,104.442
12630,104.442
12631,104.442
12632,104.442
12633,104.442
12634,104.442
12635,104.442
12636,104.442
12637,104.442
12638,104.442
12639,104.442
12640,104.442
12641,104.442
12642,104.442
12643,104.442
12644,104.442
12645,104.442
12646,104.442
12647,104.442
12648,105.924
12649,105.924
12650,105.924
12651,105.924
12652,105.924
12653,105.924
12654,105.924
12655,105.924
12656,105.924
12657,105.924
12658,105.924
12659,105.924
12660,105.924
12661,105.924
12662,105.924
12663,105.924
12664,105.924
12665,105.924
12666,105.924
12667,105.924
12668,114.488
12669,114.488
12670,114.488
12671,114.488
12672,114.488
12673,114.488
12674,114.488
12675,114.488
12676,114.488
12677,114.488
12678,114.488
12679,114.488
12680,114.488
12681,114.488
12682,114.488
12683,114.488
12684,114.488
12685,114.488
12686,114.488
12687,114.488
12688,106.252
12689,106.252
12690,106.252
12691,106.252
12692,106.252
12693,106.252
12694,106.252
12695,106.252
12696,106.252
12697,106.252
12698,106.252
12699,106.252
12700,106.252
12701,106.252
12702,106.252
12703,106.252
12704,106.252
12705,106.252
12706,106.252
12707,106.252
12708,101.533
12709,101.533
12710,101.533
12711,101.533
12712,101.533
12713,101.533
12714,101.533
12715,101.533
12716,101.533
12717,101.533
12718,101.533
12719,101.533
12720,101.533
12721,101.533
12722,101.533
12723,101.533
12724,101.533
12725,101.533
12726,101.533
12727,101.533
12728,112.018
12729,112.018
12730,112.018
12731,112.018
12732,112.018
12733,112.018
12734,112.018
12735,112.018
12736,112.018
12737,112.018
12738,112.018
12739,112.018
12740,112.018
12741,112.018
12742,112.018
12743,112.018
12744,112.018
12745,112.018
12746,112.018
12747,112.018
12748,112.018
12749,107.406
12750,107.406
12751,107.406
12752,107.406
12753,107.406
12754,107.406
12755,107.406
12756,107.406
12757,107.406
12758,107.406
12759,107.406
12760,107.406
12761,107.406
12762,107.406
12763,107.406
12764,107.406
12765,107.406
12766,107.406
12767,107.406
12768,107.406
12769,101.806
12770,101.806
12771,101.806
12772,101.806
12773,101.806
12774,101.806
12775,101.806
12776,101.806
12777,101.806
12778,101.806
12779,101.806
12780,101.806
12781,101.806
12782,101.806
12783,101.806
12784,101.806
12785,101.806
12786,101.806
12787,101.806
12788,101.806
12789,109.169
12790,109.169
12791,109.169
12792,109.169
12793,109.169
12794,109.169
12795,109.169
12796,109.169
12797,109.169
12798,109.169
12799,109.169
12800,109.169
12801,109.169
12802,109.169
12803,109.169
12804,109.169
12805,109.169
12806,109.169
12807,109.169
12808,109.169
12809,109.496
12810,109.496
12811,109.496
12812,109.496
12813,109.496
12814,109.496
12815,109.496
12816,109.496
12817,109.496
12818,109.496
12819,109.496
12820,109.496
12821,109.496
12822,109.496
12823,109.496
12824,109.496
12825,109.496
12826,109.496
12827,109.496
12828,109.496
12829,104.442
12830,104.442
12831,104.442
12832,104.442
12833,104.442
12834,104.442
12835,104.442
12836,104.442
12837,104.442
12838,104.442
12839,104.442
12840,104.442
12841,104.442
12842,104.442
12843,104.442
12844,104.442
12845,104.442
12846,104.442
12847,104.442
12848,104.442
12849,102.96
12850,102.96
12851,102.96
12852,102.96
12853,102.96
12854,102.96
12855,102.96
12856,102.96
12857,102.96
12858,102.96
12859,102.96
12860,102.96
12861,102.96
12862,102.96
12863,102.96
12864,102.96
12865,102.96
12866,102.96
12867,102.96
12868,102.96
12869,112.46
12870,112.46
12871,112.46
12872,112.46
12873,112.46
12874,112.46
12875,112.46
12876,112.46
12877,112.46
12878,112.46
12879,112.46
12880,112.46
12881,112.46
12882,112.46
12883,112.46
12884,112.46
12885,112.46
12886,112.46
12887,112.46
12888,112.46
12889,107.406
12890,107.406
12891,107.406
12892,107.406
12893,107.406
12894,107.406
12895,107.406
12896,107.406
12897,107.406
12898,107.406
12899,107.406
12900,107.406
12901,107.406
12902,107.406
12903,107.406
12904,107.406
12905,107.406
12906,107.406
12907,107.406
12908,107.406
12909,98.241
12910,98.241
12911,98.241
12912,98.241
12913,98.241
12914,98.241
12915,98.241
12916,98.241
12917,98.241
12918,98.241
12919,98.241
12920,98.241
12921,98.241
12922,98.241
12923,98.241
12924,98.241
12925,98.241
12926,98.241
12927,98.241
12928,98.241
12929,98.241
12930,114.098
12931,114.098
12932,114.098
12933,114.098
12934,114.098
12935,114.098
12936,114.098
12937,114.098
12938,114.098
12939,114.098
12940,114.098
12941,114.098
12942,114.098
12943,114.098
12944,114.098
12945,114.098
12946,114.098
12947,114.098
12948,114.098
12949,114.098
12950,107.687
12951,107.687
12952,107.687
12953,107.687
12954,107.687
12955,107.687
12956,107.687
12957,107.687
12958,107.687
12959,107.687
12960,107.687
12961,107.687
12962,107.687
12963,107.687
12964,107.687
12965,107.687
12966,107.687
12967,107.687
12968,107.687
12969,107.687
12970,100.932
12971,100.932
12972,100.932
12973,100.932
12974,100.932
12975,100.932
12976,100.932
12977,100.932
12978,100.932
12979,100.932
12980,100.932
12981,100.932
12982,100.932
12983,100.932
12984,100.932
12985,100.932
12986,100.932
12987,100.932
12988,100.932
12989,100.932
12990,113.226
12991,113.226
12992,113.226
12993,113.226
12994,113.226
12995,113.226
12996,113.226
12997,113.226
12998,113.226
12999,113.226
13000,113.226
13001,113.226
13002,113.226
13003,113.226
13004,113.226
13005,113.226
13006,113.226
13007,113.226
13008,113.226
13009,113.226
13010,110.651
13011,110.651
13012,110.651
13013,110.651
13014,110.651
13015,110.651
13016,110.651
13017,110.651
13018,110.651
13019,110.651
13020,110.651
13021,110.651
13022,110.651
13023,110.651
13024,110.651
13025,110.651
13026,110.651
13027,110.651
13028,110.651
13029,110.651
13030,105.651
13031,105.651
13032,105.651
13033,105.651
13034,105.651
13035,105.651
13036,105.651
13037,105.651
13038,105.651
13039,105.651
13040,105.651
13041,105.651
13042,105.651
13043,105.651
13044,105.651
13045,105.651
13046,105.651
13047,105.651
13048,105.651
13049,105.651
13050,104.77
13051,104.77
13052,104.77
13053,104.77
13054,104.77
13055,104.77
13056,104.77
13057,104.77
13058,104.77
13059,104.77
13060,104.77
13061,104.77
13062,104.77
13063,104.77
13064,104.77
13065,104.77
13066,104.77
13067,104.77
13068,104.77
13069,104.77
13070,112.345
13071,112.345
13072,112.345
13073,112.345
13074,112.345
13075,112.345
13076,112.345
13077,112.345
13078,112.345
13079,112.345
13080,112.345
13081,112.345
13082,112.345
13083,112.345
13084,112.345
13085,112.345
13086,112.345
13087,112.345
13088,112.345
13089,112.345
13090,112.345
13091,107.133
13092,107.133
13093,107.133
13094,107.133
13095,107.133
13096,107.133
13097,107.133
13098,107.133
13099,107.133
13100,107.133
13101,107.133
13102,107.133
13103,107.133
13104,107.133
13105,107.133
13106,107.133
13107,107.133
13108,107.133
13109,107.133
13110,107.133
13111,102.079
13112,102.079
13113,102.079
13114,102.079
13115,102.079
13116,102.079
13117,102.079
13118,102.079
13119,102.079
13120,102.079
13121,102.079
13122,102.079
13123,102.079
13124,102.079
13125,102.079
13126,102.079
13127,102.079
13128,102.079
13129,102.079
13130,102.079
13131,113.342
13132,113.342
13133,113.342
13134,113.342
13135,113.342
13136,113.342
13137,113.342
13138,113.342
13139,113.342
13140,113.342
13141,113.342
13142,113.342
13143,113.342
13144,113.342
13145,113.342
13146,113.342
13147,113.342
13148,113.342
13149,113.342
13150,113.342
13151,108.287
13152,108.287
13153,108.287
13154,108.287
13155,108.287
13156,108.287
13157,108.287
13158,108.287
13159,108.287
13160,108.287
13161,108.287
13162,108.287
13163,108.287
13164,108.287
13165,108.287
13166,108.287
13167,108.287
13168,108.287
13169,108.287
13170,108.287
13171,102.414
13172,102.414
13173,102.414
13174,102.414
13175,102.414
13176,102.414
13177,102.414
13178,102.414
13179,102.414
13180,102.414
13181,102.414
13182,102.414
13183,102.414
13184,102.414
13185,102.414
13186,102.414
13187,102.414
13188,102.414
13189,102.414
13190,102.414
13191,108.888
13192,108.888
13193,108.888
13194,108.888
13195,108.888
13196,108.888
13197,108.888
13198,108.888
13199,108.888
13200,108.888
13201,108.888
13202,108.888
13203,108.888
13204,108.888
13205,108.888
13206,108.888
13207,108.888
13208,108.888
13209,108.888
13210,108.888
13211,110.651
13212,110.651
13213,110.651
13214,110.651
13215,110.651
13216,110.651
13217,110.651
13218,110.651
13219,110.651
13220,110.651
13221,110.651
13222,110.651
13223,110.651
13224,110.651
13225,110.651
13226,110.651
13227,110.651
13228,110.651
13229,110.651
13230,110.651
13231,105.543
13232,105.543
13233,105.543
13234,105.543
13235,105.543
13236,105.543
13237,105.543
13238,105.543
13239,105.543
13240,105.543
13241,105.543
13242,105.543
13243,105.543
13244,105.543
13245,105.543
13246,105.543
13247,105.543
13248,105.543
13249,105.543
13250,105.543
13251,99.348
13252,99.348
13253,99.348
13254,99.348
13255,99.348
13256,99.348
13257,99.348
13258,99.348
13259,99.348
13260,99.348
13261,99.348
13262,99.348
13263,99.348
13264,99.348
13265,99.348
13266,99.348
13267,99.348
13268,99.348
13269,99.348
13270,99.348
13271,113.498
13272,113.498
13273,113.498
13274,113.498
13275,113.498
13276,113.498
13277,113.498
13278,113.498
13279,113.498
13280,113.498
13281,113.498
13282,113.498
13283,113.498
13284,113.498
13285,113.498
13286,113.498
13287,113.498
13288,113.498
13289,113.498
13290,113.498
13291,113.498
13292,108.287
13293,108.287
13294,108.287
13295,108.287
13296,108.287
13297,108.287
13298,108.287
13299,108.287
13300,108.287
13301,108.287
13302,108.287
13303,108.287
13304,108.287
13305,108.287
13306,108.287
13307,108.287
13308,108.287
13309,108.287
13310,108.287
13311,108.287
13312,100.324
13313,100.324
13314,100.324
13315,100.324
13316,100.324
13317,100.324
13318,100.324
13319,100.324
13320,100.324
13321,100.324
13322,100.324
13323,100.324
13324,100.324
13325,100.324
13326,100.324
13327,100.324
13328,100.324
13329,100.324
13330,100.324
13331,100.324
13332,114.215
13333,114.215
13334,114.215
13335,114.215
13336,114.215
13337,114.215
13338,114.215
13339,114.215
13340,114.215
13341,114.215
13342,114.215
13343,114.215
13344,114.215
13345,114.215
13346,114.215
13347,114.215
13348,114.215
13349,114.215
13350,114.215
13351,114.215
13352,110.257
13353,110.257
13354,110.257
13355,110.257
13356,110.257
13357,110.257
13358,110.257
13359,110.257
13360,110.257
13361,110.257
13362,110.257
13363,110.257
13364,110.257
13365,110.257
13366,110.257
13367,110.257
13368,110.257
13369,110.257
13370,110.257
13371,110.257
13372,104.169
13373,104.169
13374,104.169
13375,104.169
13376,104.169
13377,104.169
13378,104.169
13379,104.169
13380,104.169
13381,104.169
13382,104.169
13383,104.169
13384,104.169
13385,104.169
13386,104.169
13387,104.169
13388,104.169
13389,104.169
13390,104.169
13391,104.169
13392,108.287
13393,108.287
13394,108.287
13395,108.287
13396,108.287
13397,108.287
13398,108.287
13399,108.287
13400,108.287
13401,108.287
13402,108.287
13403,108.287
13404,108.287
13405,108.287
13406,108.287
13407,108.287
13408,108.287
13409,108.287
13410,108.287
13411,108.287
13412,112.018
13413,112.018
13414,112.018
13415,112.018
13416,112.018
13417,112.018
13418,112.018
13419,112.018
13420,112.018
13421,112.018
13422,112.018
13423,112.018
13424,112.018
13425,112.018
13426,112.018
13427,112.018
13428,112.018
13429,112.018
13430,112.018
13431,112.018
13432,107.296
13433,107.296
13434,107.296
13435,107.296
13436,107.296
13437,107.296
13438,107.296
13439,107.296
13440,107.296
13441,107.296
13442,107.296
13443,107.296
13444,107.296
13445,107.296
13446,107.296
13447,107.296
13448,107.296
13449,107.296
13450,107.296
13451,107.296
13452,99.723
13453,99.723
13454,99.723
13455,99.723
13456,99.723
13457,99.723
13458,99.723
13459,99.723
13460,99.723
13461,99.723
13462,99.723
13463,99.723
13464,99.723
13465,99.723
13466,99.723
13467,99.723
13468,99.723
13469,99.723
13470,99.723
13471,99.723
13472,113.006
13473,113.006
13474,113.006
13475,113.006
13476,113.006
13477,113.006
13478,113.006
13479,113.006
13480,113.006
13481,113.006
13482,113.006
13483,113.006
13484,113.006
13485,113.006
13486,113.006
13487,113.006
13488,113.006
13489,113.006
13490,113.006
13491,113.006
13492,107.406
13493,107.406
13494,107.406
13495,107.406
13496,107.406
13497,107.406
13498,107.406
13499,107.406
13500,107.406
13501,107.406
13502,107.406
13503,107.406
13504,107.406
13505,107.406
13506,107.406
13507,107.406
13508,107.406
13509,107.406
13510,107.406
13511,107.406
13512,107.406
13513,103.288
13514,103.288
13515,103.288
13516,103.288
13517,103.288
13518,103.288
13519,103.288
13520,103.288
13521,103.288
13522,103.288
13523,103.288
13524,103.288
13525,103.288
13526,103.288
13527,103.288
13528,103.288
13529,103.288
13530,103.288
13531,103.288
13532,103.288
13533,103.288
13534,103.288
13535,103.288
13536,103.288
13537,103.288
13538,103.288
13539,103.288
13540,103.288
13541,103.288
13542,103.288
13543,103.288
13544,103.288
13545,103.288
13546,103.288
13547,103.288
13548,103.288
13549,103.288
13550,103.288
13551,103.288
13552,103.288
13553,111.524
13554,111.524
13555,111.524
13556,111.524
13557,111.524
13558,111.524
13559,111.524
13560,111.524
13561,111.524
13562,111.524
13563,111.524
13564,111.524
13565,111.524
13566,111.524
13567,111.524
13568,111.524
13569,111.524
13570,111.524
13571,111.524
13572,111.524
13573,107.687
13574,107.687
13575,107.687
13576,107.687
13577,107.687
13578,107.687
13579,107.687
13580,107.687
13581,107.687
13582,107.687
13583,107.687
13584,107.687
13585,107.687
13586,107.687
13587,107.687
13588,107.687
13589,107.687
13590,107.687
13591,107.687
13592,107.687
13593,101.533
13594,101.533
13595,101.533
13596,101.533
13597,101.533
13598,101.533
13599,101.533
13600,101.533
13601,101.533
13602,101.533
13603,101.533
13604,101.533
13605,101.533
13606,101.533
13607,101.533
13608,101.533
13609,101.533
13610,101.533
13611,101.533
13612,101.533
13613,115.097
13614,115.097
13615,115.097
13616,115.097
13617,115.097
13618,115.097
13619,115.097
13620,115.097
13621,115.097
13622,115.097
13623,115.097
13624,115.097
13625,115.097
13626,115.097
13627,115.097
13628,115.097
13629,115.097
13630,115.097
13631,115.097
13632,115.097
13633,107.406
13634,107.406
13635,107.406
13636,107.406
13637,107.406
13638,107.406
13639,107.406
13640,107.406
13641,107.406
13642,107.406
13643,107.406
13644,107.406
13645,107.406
13646,107.406
13647,107.406
13648,107.406
13649,107.406
13650,107.406
13651,107.406
13652,107.406
13653,102.079
13654,102.079
13655,102.079
13656,102.079
13657,102.079
13658,102.079
13659,102.079
13660,102.079
13661,102.079
13662,102.079
13663,102.079
13664,102.079
13665,102.079
13666,102.079
13667,102.079
13668,102.079
13669,102.079
13670,102.079
13671,102.079
13672,102.079
13673,112.133
13674,112.133
13675,112.133
13676,112.133
13677,112.133
13678,112.133
13679,112.133
13680,112.133
13681,112.133
13682,112.133
13683,112.133
13684,112.133
13685,112.133
13686,112.133
13687,112.133
13688,112.133
13689,112.133
13690,112.133
13691,112.133
13692,112.133
13693,110.37
13694,110.37
13695,110.37
13696,110.37
13697,110.37
13698,110.37
13699,110.37
13700,110.37
13701,110.37
13702,110.37
13703,110.37
13704,110.37
13705,110.37
13706,110.37
13707,110.37
13708,110.37
13709,110.37
13710,110.37
13711,110.37
13712,110.37
13713,110.37
13714,105.924
13715,105.924
13716,105.924
13717,105.924
13718,105.924
13719,105.924
13720,105.924
13721,105.924
13722,105.924
13723,105.924
13724,105.924
13725,105.924
13726,105.924
13727,105.924
13728,105.924
13729,105.924
13730,105.924
13731,105.924
13732,105.924
13733,105.924
13734,102.414
13735,102.414
13736,102.414
13737,102.414
13738,102.414
13739,102.414
13740,102.414
13741,102.414
13742,102.414
13743,102.414
13744,102.414
13745,102.414
13746,102.414
13747,102.414
13748,102.414
13749,102.414
13750,102.414
13751,102.414
13752,102.414
13753,102.414
13754,113.888
13755,113.888
13756,113.888
13757,113.888
13758,113.888
13759,113.888
13760,113.888
13761,113.888
13762,113.888
13763,113.888
13764,113.888
13765,113.888
13766,113.888
13767,113.888
13768,113.888
13769,113.888
13770,113.888
13771,113.888
13772,113.888
13773,113.888
13774,107.406
13775,107.406
13776,107.406
13777,107.406
13778,107.406
13779,107.406
13780,107.406
13781,107.406
13782,107.406
13783,107.406
13784,107.406
13785,107.406
13786,107.406
13787,107.406
13788,107.406
13789,107.406
13790,107.406
13791,107.406
13792,107.406
13793,107.406
13794,99.723
13795,99.723
13796,99.723
13797,99.723
13798,99.723
13799,99.723
13800,99.723
13801,99.723
13802,99.723
13803,99.723
13804,99.723
13805,99.723
13806,99.723
13807,99.723
13808,99.723
13809,99.723
13810,99.723
13811,99.723
13812,99.723
13813,99.723
13814,112.733
13815,112.733
13816,112.733
13817,112.733
13818,112.733
13819,112.733
13820,112.733
13821,112.733
13822,112.733
13823,112.733
13824,112.733
13825,112.733
13826,112.733
13827,112.733
13828,112.733
13829,112.733
13830,112.733
13831,112.733
13832,112.733
13833,112.733
13834,110.042
13835,110.042
13836,110.042
13837,110.042
13838,110.042
13839,110.042
13840,110.042
13841,110.042
13842,110.042
13843,110.042
13844,110.042
13845,110.042
13846,110.042
13847,110.042
13848,110.042
13849,110.042
13850,110.042
13851,110.042
13852,110.042
13853,110.042
13854,104.442
13855,104.442
13856,104.442
13857,104.442
13858,104.442
13859,104.442
13860,104.442
13861,104.442
13862,104.442
13863,104.442
13864,104.442
13865,104.442
13866,104.442
13867,104.442
13868,104.442
13869,104.442
13870,104.442
13871,104.442
13872,104.442
13873,104.442
13874,112.345
13875,112.345
13876,112.345
13877,112.345
13878,112.345
13879,112.345
13880,112.345
13881,112.345
13882,112.345
13883,112.345
13884,112.345
13885,112.345
13886,112.345
13887,112.345
13888,112.345
13889,112.345
13890,112.345
13891,112.345
13892,112.345
13893,112.345
13894,112.345
13895,110.257
13896,110.257
13897,110.257
13898,110.257
13899,110.257
13900,110.257
13901,110.257
13902,110.257
13903,110.257
13904,110.257
13905,110.257
13906,110.257
13907,110.257
13908,110.257
13909,110.257
13910,110.257
13911,110.257
13912,110.257
13913,110.257
13914,110.257
13915,105.05
13916,105.05
13917,105.05
13918,105.05
13919,105.05
13920,105.05
13921,105.05
13922,105.05
13923,105.05
13924,105.05
13925,105.05
13926,105.05
13927,105.05
13928,105.05
13929,105.05
13930,105.05
13931,105.05
13932,105.05
13933,105.05
13934,105.05
13935,103.288
13936,103.288
13937,103.288
13938,103.288
13939,103.288
13940,103.288
13941,103.288
13942,103.288
13943,103.288
13944,103.288
13945,103.288
13946,103.288
13947,103.288
13948,103.288
13949,103.288
13950,103.288
13951,103.288
13952,103.288
13953,103.288
13954,103.288
13955,112.018
13956,112.018
13957,112.018
13958,112.018
13959,112.018
13960,112.018
13961,112.018
13962,112.018
13963,112.018
13964,112.018
13965,112.018
13966,112.018
13967,112.018
13968,112.018
13969,112.018
13970,112.018
13971,112.018
13972,112.018
13973,112.018
13974,112.018
13975,106.423
13976,106.423
13977,106.423
13978,106.423
13979,106.423
13980,106.423
13981,106.423
13982,106.423
13983,106.423
13984,106.423
13985,106.423
13986,106.423
13987,106.423
13988,106.423
13989,106.423
13990,106.423
13991,106.423
13992,106.423
13993,106.423
13994,106.423
13995,102.96
13996,102.96
13997,102.96
13998,102.96
13999,102.96
14000,102.96
14001,102.96
14002,102.96
14003,102.96
14004,102.96
14005,102.96
14006,102.96
14007,102.96
14008,102.96
14009,102.96
14010,102.96
14011,102.96
14012,102.96
14013,102.96
14014,102.96
14015,115.697
14016,115.697
14017,115.697
14018,115.697
14019,115.697
14020,115.697
14021,115.697
14022,115.697
14023,115.697
14024,115.697
14025,115.697
14026,115.697
14027,115.697
14028,115.697
14029,115.697
14030,115.697
14031,115.697
14032,115.697
14033,115.697
14034,115.697
14035,110.042
14036,110.042
14037,110.042
14038,110.042
14039,110.042
14040,110.042
14041,110.042
14042,110.042
14043,110.042
14044,110.042
14045,110.042
14046,110.042
14047,110.042
14048,110.042
14049,110.042
14050,110.042
14051,110.042
14052,110.042
14053,110.042
14054,110.042
14055,100.324
14056,100.324
14057,100.324
14058,100.324
14059,100.324
14060,100.324
14061,100.324
14062,100.324
14063,100.324
14064,100.324
14065,100.324
14066,100.324
14067,100.324
14068,100.324
14069,100.324
14070,100.324
14071,100.324
14072,100.324
14073,100.324
14074,100.324
14075,116.579
14076,116.579
14077,116.579
14078,116.579
14079,116.579
14080,116.579
14081,116.579
14082,116.579
14083,116.579
14084,116.579
14085,116.579
14086,116.579
14087,116.579
14088,116.579
14089,116.579
14090,116.579
14091,116.579
14092,116.579
14093,116.579
14094,116.579
14095,116.579
14096,108.504
14097,108.504
14098,108.504
14099,108.504
14100,108.504
14101,108.504
14102,108.504
14103,108.504
14104,108.504
14105,108.504
14106,108.504
14107,108.504
14108,108.504
14109,108.504
14110,108.504
14111,108.504
14112,108.504
14113,108.504
14114,108.504
14115,108.504
14116,102.079
14117,102.079
14118,102.079
14119,102.079
14120,102.079
14121,102.079
14122,102.079
14123,102.079
14124,102.079
14125,102.079
14126,102.079
14127,102.079
14128,102.079
14129,102.079
14130,102.079
14131,102.079
14132,102.079
14133,102.079
14134,102.079
14135,102.079
14136,113.006
14137,113.006
14138,113.006
14139,113.006
14140,113.006
14141,113.006
14142,113.006
14143,113.006
14144,113.006
14145,113.006
14146,113.006
14147,113.006
14148,113.006
14149,113.006
14150,113.006
14151,113.006
14152,113.006
14153,113.006
14154,113.006
14155,113.006
14156,109.93
14157,109.93
14158,109.93
14159,109.93
14160,109.93
14161,109.93
14162,109.93
14163,109.93
14164,109.93
14165,109.93
14166,109.93
14167,109.93
14168,109.93
14169,109.93
14170,109.93
14171,109.93
14172,109.93
14173,109.93
14174,109.93
14175,109.93
14176,103.568
14177,103.568
14178,103.568
14179,103.568
14180,103.568
14181,103.568
14182,103.568
14183,103.568
14184,103.568
14185,103.568
14186,103.568
14187,103.568
14188,103.568
14189,103.568
14190,103.568
14191,103.568
14192,103.568
14193,103.568
14194,103.568
14195,103.568
14196,111.86
14197,111.86
14198,111.86
14199,111.86
14200,111.86
14201,111.86
14202,111.86
14203,111.86
14204,111.86
14205,111.86
14206,111.86
14207,111.86
14208,111.86
14209,111.86
14210,111.86
14211,111.86
14212,111.86
14213,111.86
14214,111.86
14215,111.86
14216,111.251
14217,111.251
14218,111.251
14219,111.251
14220,111.251
14221,111.251
14222,111.251
14223,111.251
14224,111.251
14225,111.251
14226,111.251
14227,111.251
14228,111.251
14229,111.251
14230,111.251
14231,111.251
14232,111.251
14233,111.251
14234,111.251
14235,111.251
14236,104.77
14237,104.77
14238,104.77
14239,104.77
14240,104.77
14241,104.77
14242,104.77
14243,104.77
14244,104.77
14245,104.77
14246,104.77
14247,104.77
14248,104.77
14249,104.77
14250,104.77
14251,104.77
14252,104.77
14253,104.77
14254,104.77
14255,104.77
14256,104.77
14257,104.77
14258,104.77
14259,104.77
14260,104.77
14261,104.77
14262,104.77
14263,104.77
14264,104.77
14265,104.77
14266,104.77
14267,104.77
14268,104.77
14269,104.77
14270,104.77
14271,104.77
14272,104.77
14273,104.77
14274,104.77
14275,104.77
14276,112.733
14277,112.733
14278,112.733
14279,112.733
14280,112.733
14281,112.733
14282,112.733
14283,112.733
14284,112.733
14285,112.733
14286,112.733
14287,112.733
14288,112.733
14289,112.733
14290,112.733
14291,112.733
14292,112.733
14293,112.733
14294,112.733
14295,112.733
14296,105.924
14297,105.924
14298,105.924
14299,105.924
14300,105.924
14301,105.924
14302,105.924
14303,105.924
14304,105.924
14305,105.924
14306,105.924
14307,105.924
14308,105.924
14309,105.924
14310,105.924
14311,105.924
14312,105.924
14313,105.924
14314,105.924
14315,105.924
14316,105.924
14317,102.414
14318,102.414
14319,102.414
14320,102.414
14321,102.414
14322,102.414
14323,102.414
14324,102.414
14325,102.414
14326,102.414
14327,102.414
14328,102.414
14329,102.414
14330,102.414
14331,102.414
14332,102.414
14333,102.414
14334,102.414
14335,102.414
14336,102.414
14337,114.098
14338,114.098
14339,114.098
14340,114.098
14341,114.098
14342,114.098
14343,114.098
14344,114.098
14345,114.098
14346,114.098
14347,114.098
14348,114.098
14349,114.098
14350,114.098
14351,114.098
14352,114.098
14353,114.098
14354,114.098
14355,114.098
14356,114.098
14357,107.296
14358,107.296
14359,107.296
14360,107.296
14361,107.296
14362,107.296
14363,107.296
14364,107.296
14365,107.296
14366,107.296
14367,107.296
14368,107.296
14369,107.296
14370,107.296
14371,107.296
14372,107.296
14373,107.296
14374,107.296
14375,107.296
14376,107.296
14377,100.051
14378,100.051
14379,100.051
14380,100.051
14381,100.051
14382,100.051
14383,100.051
14384,100.051
14385,100.051
14386,100.051
14387,100.051
14388,100.051
14389,100.051
14390,100.051
14391,100.051
14392,100.051
14393,100.051
14394,100.051
14395,100.051
14396,100.051
14397,115.251
14398,115.251
14399,115.251
14400,115.251
14401,115.251
14402,115.251
14403,115.251
14404,115.251
14405,115.251
14406,115.251
14407,115.251
14408,115.251
14409,115.251
14410,115.251
14411,115.251
14412,115.251
14413,115.251
14414,115.251
14415,115.251
14416,115.251
14417,107.296
14418,107.296
14419,107.296
14420,107.296
14421,107.296
14422,107.296
14423,107.296
14424,107.296
14425,107.296
14426,107.296
14427,107.296
14428,107.296
14429,107.296
14430,107.296
14431,107.296
14432,107.296
14433,107.296
14434,107.296
14435,107.296
14436,107.296
14437,101.806
14438,101.806
14439,101.806
14440,101.806
14441,101.806
14442,101.806
14443,101.806
14444,101.806
14445,101.806
14446,101.806
14447,101.806
14448,101.806
14449,101.806
14450,101.806
14451,101.806
14452,101.806
14453,101.806
14454,101.806
14455,101.806
14456,101.806
14457,112.018
14458,112.018
14459,112.018
14460,112.018
14461,112.018
14462,112.018
14463,112.018
14464,112.018
14465,112.018
14466,112.018
14467,112.018
14468,112.018
14469,112.018
14470,112.018
14471,112.018
14472,112.018
14473,112.018
14474,112.018
14475,112.018
14476,112.018
14477,108.504
14478,108.504
14479,108.504
14480,108.504
14481,108.504
14482,108.504
14483,108.504
14484,108.504
14485,108.504
14486,108.504
14487,108.504
14488,108.504
14489,108.504
14490,108.504
14491,108.504
14492,108.504
14493,108.504
14494,108.504
14495,108.504
14496,108.504
14497,103.896
14498,103.896
14499,103.896
14500,103.896
14501,103.896
14502,103.896
14503,103.896
14504,103.896
14505,103.896
14506,103.896
14507,103.896
14508,103.896
14509,103.896
14510,103.896
14511,103.896
14512,103.896
14513,103.896
14514,103.896
14515,103.896
14516,103.896
14517,107.904
14518,107.904
14519,107.904
14520,107.904
14521,107.904
14522,107.904
14523,107.904
14524,107.904
14525,107.904
14526,107.904
14527,107.904
14528,107.904
14529,107.904
14530,107.904
14531,107.904
14532,107.904
14533,107.904
14534,107.904
14535,107.904
14536,107.904
14537,107.904
14538,109.93
14539,109.93
14540,109.93
14541,109.93
14542,109.93
14543,109.93
14544,109.93
14545,109.93
14546,109.93
14547,109.93
14548,109.93
14549,109.93
14550,109.93
14551,109.93
14552,109.93
14553,109.93
14554,109.93
14555,109.93
14556,109.93
14557,109.93
14558,105.215
14559,105.215
14560,105.215
14561,105.215
14562,105.215
14563,105.215
14564,105.215
14565,105.215
14566,105.215
14567,105.215
14568,105.215
14569,105.215
14570,105.215
14571,105.215
14572,105.215
14573,105.215
14574,105.215
14575,105.215
14576,105.215
14577,105.215
14578,103.568
14579,103.568
14580,103.568
14581,103.568
14582,103.568
14583,103.568
14584,103.568
14585,103.568
14586,103.568
14587,103.568
14588,103.568
14589,103.568
14590,103.568
14591,103.568
14592,103.568
14593,103.568
14594,103.568
14595,103.568
14596,103.568
14597,103.568
14598,112.46
14599,112.46
14600,112.46
14601,112.46
14602,112.46
14603,112.46
14604,112.46
14605,112.46
14606,112.46
14607,112.46
14608,112.46
14609,112.46
14610,112.46
14611,112.46
14612,112.46
14613,112.46
14614,112.46
14615,112.46
14616,112.46
14617,112.46
14618,107.406
14619,107.406
14620,107.406
14621,107.406
14622,107.406
14623,107.406
14624,107.406
14625,107.406
14626,107.406
14627,107.406
14628,107.406
14629,107.406
14630,107.406
14631,107.406
14632,107.406
14633,107.406
14634,107.406
14635,107.406
14636,107.406
14637,107.406
14638,102.414
14639,102.414
14640,102.414
14641,102.414
14642,102.414
14643,102.414
14644,102.414
14645,102.414
14646,102.414
14647,102.414
14648,102.414
14649,102.414
14650,102.414
14651,102.414
14652,102.414
14653,102.414
14654,102.414
14655,102.414
14656,102.414
14657,102.414
14658,115.37
14659,115.37
14660,115.37
14661,115.37
14662,115.37
14663,115.37
14664,115.37
14665,115.37
14666,115.37
14667,115.37
14668,115.37
14669,115.37
14670,115.37
14671,115.37
14672,115.37
14673,115.37
14674,115.37
14675,115.37
14676,115.37
14677,115.37
14678,108.014
14679,108.014
14680,108.014
14681,108.014
14682,108.014
14683,108.014
14684,108.014
14685,108.014
14686,108.014
14687,108.014
14688,108.014
14689,108.014
14690,108.014
14691,108.014
14692,108.014
14693,108.014
14694,108.014
14695,108.014
14696,108.014
14697,108.014
14698,108.014
14699,100.597
14700,100.597
14701,100.597
14702,100.597
14703,100.597
14704,100.597
14705,100.597
14706,100.597
14707,100.597
14708,100.597
14709,100.597
14710,100.597
14711,100.597
14712,100.597
14713,100.597
14714,100.597
14715,100.597
14716,100.597
14717,100.597
14718,100.597
14719,116.852
14720,116.852
14721,116.852
14722,116.852
14723,116.852
14724,116.852
14725,116.852
14726,116.852
14727,116.852
14728,116.852
14729,116.852
14730,116.852
14731,116.852
14732,116.852
14733,116.852
14734,116.852
14735,116.852
14736,116.852
14737,116.852
14738,116.852
14739,109.769
14740,109.769
14741,109.769
14742,109.769
14743,109.769
14744,109.769
14745,109.769
14746,109.769
14747,109.769
14748,109.769
14749,109.769
14750,109.769
14751,109.769
14752,109.769
14753,109.769
14754,109.769
14755,109.769
14756,109.769
14757,109.769
14758,109.769
14759,101.806
14760,101.806
14761,101.806
14762,101.806
14763,101.806
14764,101.806
14765,101.806
14766,101.806
14767,101.806
14768,101.806
14769,101.806
14770,101.806
14771,101.806
14772,101.806
14773,101.806
14774,101.806
14775,101.806
14776,101.806
14777,101.806
14778,101.806
14779,112.133
14780,112.133
14781,112.133
14782,112.133
14783,112.133
14784,112.133
14785,112.133
14786,112.133
14787,112.133
14788,112.133
14789,112.133
14790,112.133
14791,112.133
14792,112.133
14793,112.133
14794,112.133
14795,112.133
14796,112.133
14797,112.133
14798,112.133
14799,110.651
14800,110.651
14801,110.651
14802,110.651
14803,110.651
14804,110.651
14805,110.651
14806,110.651
14807,110.651
14808,110.651
14809,110.651
14810,110.651
14811,110.651
14812,110.651
14813,110.651
14814,110.651
14815,110.651
14816,110.651
14817,110.651
14818,110.651
14819,104.062
14820,104.062
14821,104.062
14822,104.062
14823,104.062
14824,104.062
14825,104.062
14826,104.062
14827,104.062
14828,104.062
14829,104.062
14830,104.062
14831,104.062
14832,104.062
14833,104.062
14834,104.062
14835,104.062
14836,104.062
14837,104.062
14838,104.062
14839,105.05
14840,105.05
14841,105.05
14842,105.05
14843,105.05
14844,105.05
14845,105.05
14846,105.05
14847,105.05
14848,105.05
14849,105.05
14850,105.05
14851,105.05
14852,105.05
14853,105.05
14854,105.05
14855,105.05
14856,105.05
14857,105.05
14858,105.05
14859,112.133
14860,112.133
14861,112.133
14862,112.133
14863,112.133
14864,112.133
14865,112.133
14866,112.133
14867,112.133
14868,112.133
14869,112.133
14870,112.133
14871,112.133
14872,112.133
14873,112.133
14874,112.133
14875,112.133
14876,112.133
14877,112.133
14878,112.133
14879,106.252
14880,106.252
14881,106.252
14882,106.252
14883,106.252
14884,106.252
14885,106.252
14886,106.252
14887,106.252
14888,106.252
14889,106.252
14890,106.252
14891,106.252
14892,106.252
14893,106.252
14894,106.252
14895,106.252
14896,106.252
14897,106.252
14898,106.252
14899,106.252
14900,102.414
14901,102.414
14902,102.414
14903,102.414
14904,102.414
14905,102.414
14906,102.414
14907,102.414
14908,102.414
14909,102.414
14910,102.414
14911,102.414
14912,102.414
14913,102.414
14914,102.414
14915,102.414
14916,102.414
14917,102.414
14918,102.414
14919,102.414
14920,111.745
14921,111.745
14922,111.745
14923,111.745
14924,111.745
14925,111.745
14926,111.745
14927,111.745
14928,111.745
14929,111.745
14930,111.745
14931,111.745
14932,111.745
14933,111.745
14934,111.745
14935,111.745
14936,111.745
14937,111.745
14938,111.745
14939,111.745
14940,107.296
14941,107.296
14942,107.296
14943,107.296
14944,107.296
14945,107.296
14946,107.296
14947,107.296
14948,107.296
14949,107.296
14950,107.296
14951,107.296
14952,107.296
14953,107.296
14954,107.296
14955,107.296
14956,107.296
14957,107.296
14958,107.296
14959,107.296
14960,101.533
14961,101.533
14962,101.533
14963,101.533
14964,101.533
14965,101.533
14966,101.533
14967,101.533
14968,101.533
14969,101.533
14970,101.533
14971,101.533
14972,101.533
14973,101.533
14974,101.533
14975,101.533
14976,101.533
14977,101.533
14978,101.533
14979,101.533
14980,109.057
14981,109.057
14982,109.057
14983,109.057
14984,109.057
14985,109.057
14986,109.057
14987,109.057
14988,109.057
14989,109.057
14990,109.057
14991,109.057
14992,109.057
14993,109.057
14994,109.057
14995,109.057
14996,109.057
14997,109.057
14998,109.057
14999,109.057
15000,110.537
15001,110.537
15002,110.537
15003,110.537
15004,110.537
15005,110.537
15006,110.537
15007,110.537
15008,110.537
15009,110.537
15010,110.537
15011,110.537
15012,110.537
15013,110.537
15014,110.537
15015,110.537
15016,110.537
15017,110.537
15018,110.537
15019,110.537
15020,103.462
15021,103.462
15022,103.462
15023,103.462
15024,103.462
15025,103.462
15026,103.462
15027,103.462
15028,103.462
15029,103.462
15030,103.462
15031,103.462
15032,103.462
15033,103.462
15034,103.462
15035,103.462
15036,103.462
15037,103.462
15038,103.462
15039,103.462
15040,105.543
15041,105.543
15042,105.543
15043,105.543
15044,105.543
15045,105.543
15046,105.543
15047,105.543
15048,105.543
15049,105.543
15050,105.543
15051,105.543
15052,105.543
15053,105.543
15054,105.543
15055,105.543
15056,105.543
15057,105.543
15058,105.543
15059,105.543
15060,111.745
15061,111.745
15062,111.745
15063,111.745
15064,111.745
15065,111.745
15066,111.745
15067,111.745
15068,111.745
15069,111.745
15070,111.745
15071,111.745
15072,111.745
15073,111.745
15074,111.745
15075,111.745
15076,111.745
15077,111.745
15078,111.745
15079,111.745
15080,104.943
15081,104.943
15082,104.943
15083,104.943
15084,104.943
15085,104.943
15086,104.943
15087,104.943
15088,104.943
15089,104.943
15090,104.943
15091,104.943
15092,104.943
15093,104.943
15094,104.943
15095,104.943
15096,104.943
15097,104.943
15098,104.943
15099,104.943
15100,104.943
15101,101.101
15102,101.101
15103,101.101
15104,101.101
15105,101.101
15106,101.101
15107,101.101
15108,101.101
15109,101.101
15110,101.101
15111,101.101
15112,101.101
15113,101.101
15114,101.101
15115,101.101
15116,101.101
15117,101.101
15118,101.101
15119,101.101
15120,101.101
15121,115.097
15122,115.097
15123,115.097
15124,115.097
15125,115.097
15126,115.097
15127,115.097
15128,115.097
15129,115.097
15130,115.097
15131,115.097
15132,115.097
15133,115.097
15134,115.097
15135,115.097
15136,115.097
15137,115.097
15138,115.097
15139,115.097
15140,115.097
15141,108.014
15142,108.014
15143,108.014
15144,108.014
15145,108.014
15146,108.014
15147,108.014
15148,108.014
15149,108.014
15150,108.014
15151,108.014
15152,108.014
15153,108.014
15154,108.014
15155,108.014
15156,108.014
15157,108.014
15158,108.014
15159,108.014
15160,108.014
15161,100.932
15162,100.932
15163,100.932
15164,100.932
15165,100.932
15166,100.932
15167,100.932
15168,100.932
15169,100.932
15170,100.932
15171,100.932
15172,100.932
15173,100.932
15174,100.932
15175,100.932
15176,100.932
15177,100.932
15178,100.932
15179,100.932
15180,100.932
15181,116.732
15182,116.732
15183,116.732
15184,116.732
15185,116.732
15186,116.732
15187,116.732
15188,116.732
15189,116.732
15190,116.732
15191,116.732
15192,116.732
15193,116.732
15194,116.732
15195,116.732
15196,116.732
15197,116.732
15198,116.732
15199,116.732
15200,116.732
15201,109.057
15202,109.057
15203,109.057
15204,109.057
15205,109.057
15206,109.057
15207,109.057
15208,109.057
15209,109.057
15210,109.057
15211,109.057
15212,109.057
15213,109.057
15214,109.057
15215,109.057
15216,109.057
15217,109.057
15218,109.057
15219,109.057
15220,109.057
15221,100.324
15222,100.324
15223,100.324
15224,100.324
15225,100.324
15226,100.324
15227,100.324
15228,100.324
15229,100.324
15230,100.324
15231,100.324
15232,100.324
15233,100.324
15234,100.324
15235,100.324
15236,100.324
15237,100.324
15238,100.324
15239,100.324
15240,100.324
15241,115.251
15242,115.251
15243,115.251
15244,115.251
15245,115.251
15246,115.251
15247,115.251
15248,115.251
15249,115.251
15250,115.251
15251,115.251
15252,115.251
15253,115.251
15254,115.251
15255,115.251
15256,115.251
15257,115.251
15258,115.251
15259,115.251
15260,115.251
15261,109.657
15262,109.657
15263,109.657
15264,109.657
15265,109.657
15266,109.657
15267,109.657
15268,109.657
15269,109.657
15270,109.657
15271,109.657
15272,109.657
15273,109.657
15274,109.657
15275,109.657
15276,109.657
15277,109.657
15278,109.657
15279,109.657
15280,109.657
15281,109.657
15282,101.974
15283,101.974
15284,101.974
15285,101.974
15286,101.974
15287,101.974
15288,101.974
15289,101.974
15290,101.974
15291,101.974
15292,101.974
15293,101.974
15294,101.974
15295,101.974
15296,101.974
15297,101.974
15298,101.974
15299,101.974
15300,101.974
15301,101.974
15302,112.345
15303,112.345
15304,112.345
15305,112.345
15306,112.345
15307,112.345
15308,112.345
15309,112.345
15310,112.345
15311,112.345
15312,112.345
15313,112.345
15314,112.345
15315,112.345
15316,112.345
15317,112.345
15318,112.345
15319,112.345
15320,112.345
15321,112.345
15322,109.93
15323,109.93
15324,109.93
15325,109.93
15326,109.93
15327,109.93
15328,109.93
15329,109.93
15330,109.93
15331,109.93
15332,109.93
15333,109.93
15334,109.93
15335,109.93
15336,109.93
15337,109.93
15338,109.93
15339,109.93
15340,109.93
15341,109.93
15342,102.854
15343,102.854
15344,102.854
15345,102.854
15346,102.854
15347,102.854
15348,102.854
15349,102.854
15350,102.854
15351,102.854
15352,102.854
15353,102.854
15354,102.854
15355,102.854
15356,102.854
15357,102.854
15358,102.854
15359,102.854
15360,102.854
15361,102.854
15362,107.904
15363,107.904
15364,107.904
15365,107.904
15366,107.904
15367,107.904
15368,107.904
15369,107.904
15370,107.904
15371,107.904
15372,107.904
15373,107.904
15374,107.904
15375,107.904
15376,107.904
15377,107.904
15378,107.904
15379,107.904
15380,107.904
15381,107.904
15382,112.618
15383,112.618
15384,112.618
15385,112.618
15386,112.618
15387,112.618
15388,112.618
15389,112.618
15390,112.618
15391,112.618
15392,112.618
15393,112.618
15394,112.618
15395,112.618
15396,112.618
15397,112.618
15398,112.618
15399,112.618
15400,112.618
15401,112.618
15402,106.423
15403,106.423
15404,106.423
15405,106.423
15406,106.423
15407,106.423
15408,106.423
15409,106.423
15410,106.423
15411,106.423
15412,106.423
15413,106.423
15414,106.423
15415,106.423
15416,106.423
15417,106.423
15418,106.423
15419,106.423
15420,106.423
15421,106.423
15422,101.974
15423,101.974
15424,101.974
15425,101.974
15426,101.974
15427,101.974
15428,101.974
15429,101.974
15430,101.974
15431,101.974
15432,101.974
15433,101.974
15434,101.974
15435,101.974
15436,101.974
15437,101.974
15438,101.974
15439,101.974
15440,101.974
15441,101.974
15442,114.706
15443,114.706
15444,114.706
15445,114.706
15446,114.706
15447,114.706
15448,114.706
15449,114.706
15450,114.706
15451,114.706
15452,114.706
15453,114.706
15454,114.706
15455,114.706
15456,114.706
15457,114.706
15458,114.706
15459,114.706
15460,114.706
15461,114.706
15462,114.706
15463,107.904
15464,107.904
15465,107.904
15466,107.904
15467,107.904
15468,107.904
15469,107.904
15470,107.904
15471,107.904
15472,107.904
15473,107.904
15474,107.904
15475,107.904
15476,107.904
15477,107.904
15478,107.904
15479,107.904
15480,107.904
15481,107.904
15482,107.904
15483,101.205
15484,101.205
15485,101.205
15486,101.205
15487,101.205
15488,101.205
15489,101.205
15490,101.205
15491,101.205
15492,101.205
15493,101.205
15494,101.205
15495,101.205
15496,101.205
15497,101.205
15498,101.205
15499,101.205
15500,101.205
15501,101.205
15502,101.205
15503,114.979
15504,114.979
15505,114.979
15506,114.979
15507,114.979
15508,114.979
15509,114.979
15510,114.979
15511,114.979
15512,114.979
15513,114.979
15514,114.979
15515,114.979
15516,114.979
15517,114.979
15518,114.979
15519,114.979
15520,114.979
15521,114.979
15522,114.979
15523,107.576
15524,107.576
15525,107.576
15526,107.576
15527,107.576
15528,107.576
15529,107.576
15530,107.576
15531,107.576
15532,107.576
15533,107.576
15534,107.576
15535,107.576
15536,107.576
15537,107.576
15538,107.576
15539,107.576
15540,107.576
15541,107.576
15542,107.576
15543,101.428
15544,101.428
15545,101.428
15546,101.428
15547,101.428
15548,101.428
15549,101.428
15550,101.428
15551,101.428
15552,101.428
15553,101.428
15554,101.428
15555,101.428
15556,101.428
15557,101.428
15558,101.428
15559,101.428
15560,101.428
15561,101.428
15562,101.428
15563,111.41
15564,111.41
15565,111.41
15566,111.41
15567,111.41
15568,111.41
15569,111.41
15570,111.41
15571,111.41
15572,111.41
15573,111.41
15574,111.41
15575,111.41
15576,111.41
15577,111.41
15578,111.41
15579,111.41
15580,111.41
15581,111.41
15582,111.41
15583,109.496
15584,109.496
15585,109.496
15586,109.496
15587,109.496
15588,109.496
15589,109.496
15590,109.496
15591,109.496
15592,109.496
15593,109.496
15594,109.496
15595,109.496
15596,109.496
15597,109.496
15598,109.496
15599,109.496
15600,109.496
15601,109.496
15602,109.496
15603,102.687
15604,102.687
15605,102.687
15606,102.687
15607,102.687
15608,102.687
15609,102.687
15610,102.687
15611,102.687
15612,102.687
15613,102.687
15614,102.687
15615,102.687
15616,102.687
15617,102.687
15618,102.687
15619,102.687
15620,102.687
15621,102.687
15622,102.687
15623,106.252
15624,106.252
15625,106.252
15626,106.252
15627,106.252
15628,106.252
15629,106.252
15630,106.252
15631,106.252
15632,106.252
15633,106.252
15634,106.252
15635,106.252
15636,106.252
15637,106.252
15638,106.252
15639,106.252
15640,106.252
15641,106.252
15642,106.252
15643,109.496
15644,109.496
15645,109.496
15646,109.496
15647,109.496
15648,109.496
15649,109.496
15650,109.496
15651,109.496
15652,109.496
15653,109.496
15654,109.496
15655,109.496
15656,109.496
15657,109.496
15658,109.496
15659,109.496
15660,109.496
15661,109.496
15662,109.496
15663,109.496
15664,105.323
15665,105.323
15666,105.323
15667,105.323
15668,105.323
15669,105.323
15670,105.323
15671,105.323
15672,105.323
15673,105.323
15674,105.323
15675,105.323
15676,105.323
15677,105.323
15678,105.323
15679,105.323
15680,105.323
15681,105.323
15682,105.323
15683,105.323
15684,102.96
15685,102.96
15686,102.96
15687,102.96
15688,102.96
15689,102.96
15690,102.96
15691,102.96
15692,102.96
15693,102.96
15694,102.96
15695,102.96
15696,102.96
15697,102.96
15698,102.96
15699,102.96
15700,102.96
15701,102.96
15702,102.96
15703,102.96
15704,112.133
15705,112.133
15706,112.133
15707,112.133
15708,112.133
15709,112.133
15710,112.133
15711,112.133
15712,112.133
15713,112.133
15714,112.133
15715,112.133
15716,112.133
15717,112.133
15718,112.133
15719,112.133
15720,112.133
15721,112.133
15722,112.133
15723,112.133
15724,108.176
15725,108.176
15726,108.176
15727,108.176
15728,108.176
15729,108.176
15730,108.176
15731,108.176
15732,108.176
15733,108.176
15734,108.176
15735,108.176
15736,108.176
15737,108.176
15738,108.176
15739,108.176
15740,108.176
15741,108.176
15742,108.176
15743,108.176
15744,98.569
15745,98.569
15746,98.569
15747,98.569
15748,98.569
15749,98.569
15750,98.569
15751,98.569
15752,98.569
15753,98.569
15754,98.569
15755,98.569
15756,98.569
15757,98.569
15758,98.569
15759,98.569
15760,98.569
15761,98.569
15762,98.569
15763,98.569
15764,113.615
15765,113.615
15766,113.615
15767,113.615
15768,113.615
15769,113.615
15770,113.615
15771,113.615
15772,113.615
15773,113.615
15774,113.615
15775,113.615
15776,113.615
15777,113.615
15778,113.615
15779,113.615
15780,113.615
15781,113.615
15782,113.615
15783,113.615
15784,108.504
15785,108.504
15786,108.504
15787,108.504
15788,108.504
15789,108.504
15790,108.504
15791,108.504
15792,108.504
15793,108.504
15794,108.504
15795,108.504
15796,108.504
15797,108.504
15798,108.504
15799,108.504
15800,108.504
15801,108.504
15802,108.504
15803,108.504
15804,101.101
15805,101.101
15806,101.101
15807,101.101
15808,101.101
15809,101.101
15810,101.101
15811,101.101
15812,101.101
15813,101.101
15814,101.101
15815,101.101
15816,101.101
15817,101.101
15818,101.101
15819,101.101
15820,101.101
15821,101.101
15822,101.101
15823,101.101
15824,110.537
15825,110.537
15826,110.537
15827,110.537
15828,110.537
15829,110.537
15830,110.537
15831,110.537
15832,110.537
15833,110.537
15834,110.537
15835,110.537
15836,110.537
15837,110.537
15838,110.537
15839,110.537
15840,110.537
15841,110.537
15842,110.537
15843,110.537
15844,110.978
15845,110.978
15846,110.978
15847,110.978
15848,110.978
15849,110.978
15850,110.978
15851,110.978
15852,110.978
15853,110.978
15854,110.978
15855,110.978
15856,110.978
15857,110.978
15858,110.978
15859,110.978
15860,110.978
15861,110.978
15862,110.978
15863,110.978
15864,110.978
15865,104.062
15866,104.062
15867,104.062
15868,104.062
15869,104.062
15870,104.062
15871,104.062
15872,104.062
15873,104.062
15874,104.062
15875,104.062
15876,104.062
15877,104.062
15878,104.062
15879,104.062
15880,104.062
15881,104.062
15882,104.062
15883,104.062
15884,104.062
15885,104.943
15886,104.943
15887,104.943
15888,104.943
15889,104.943
15890,104.943
15891,104.943
15892,104.943
15893,104.943
15894,104.943
15895,104.943
15896,104.943
15897,104.943
15898,104.943
15899,104.943
15900,104.943
15901,104.943
15902,104.943
15903,104.943
15904,104.943
15905,113.498
15906,113.498
15907,113.498
15908,113.498
15909,113.498
15910,113.498
15911,113.498
15912,113.498
15913,113.498
15914,113.498
15915,113.498
15916,113.498
15917,113.498
15918,113.498
15919,113.498
15920,113.498
15921,113.498
15922,113.498
15923,113.498
15924,113.498
15925,108.287
15926,108.287
15927,108.287
15928,108.287
15929,108.287
15930,108.287
15931,108.287
15932,108.287
15933,108.287
15934,108.287
15935,108.287
15936,108.287
15937,108.287
15938,108.287
15939,108.287
15940,108.287
15941,108.287
15942,108.287
15943,108.287
15944,108.287
15945,99.45
15946,99.45
15947,99.45
15948,99.45
15949,99.45
15950,99.45
15951,99.45
15952,99.45
15953,99.45
15954,99.45
15955,99.45
15956,99.45
15957,99.45
15958,99.45
15959,99.45
15960,99.45
15961,99.45
15962,99.45
15963,99.45
15964,99.45
15965,110.651
15966,110.651
15967,110.651
15968,110.651
15969,110.651
15970,110.651
15971,110.651
15972,110.651
15973,110.651
15974,110.651
15975,110.651
15976,110.651
15977,110.651
15978,110.651
15979,110.651
15980,110.651
15981,110.651
15982,110.651
15983,110.651
15984,110.651
15985,109.169
15986,109.169
15987,109.169
15988,109.169
15989,109.169
15990,109.169
15991,109.169
15992,109.169
15993,109.169
15994,109.169
15995,109.169
15996,109.169
15997,109.169
15998,109.169
15999,109.169
16000,109.169
16001,109.169
16002,109.169
16003,109.169
16004,109.169
16005,109.169
16006,102.687
16007,102.687
16008,102.687
16009,102.687
16010,102.687
16011,102.687
16012,102.687
16013,102.687
16014,102.687
16015,102.687
16016,102.687
16017,102.687
16018,102.687
16019,102.687
16020,102.687
16021,102.687
16022,102.687
16023,102.687
16024,102.687
16025,102.687
16026,107.296
16027,107.296
16028,107.296
16029,107.296
16030,107.296
16031,107.296
16032,107.296
16033,107.296
16034,107.296
16035,107.296
16036,107.296
16037,107.296
16038,107.296
16039,107.296
16040,107.296
16041,107.296
16042,107.296
16043,107.296
16044,107.296
16045,107.296
16046,111.41
16047,111.41
16048,111.41
16049,111.41
16050,111.41
16051,111.41
16052,111.41
16053,111.41
16054,111.41
16055,111.41
16056,111.41
16057,111.41
16058,111.41
16059,111.41
16060,111.41
16061,111.41
16062,111.41
16063,111.41
16064,111.41
16065,111.41
16066,105.924
16067,105.924
16068,105.924
16069,105.924
16070,105.924
16071,105.924
16072,105.924
16073,105.924
16074,105.924
16075,105.924
16076,105.924
16077,105.924
16078,105.924
16079,105.924
16080,105.924
16081,105.924
16082,105.924
16083,105.924
16084,105.924
16085,105.924
16086,98.241
16087,98.241
16088,98.241
16089,98.241
16090,98.241
16091,98.241
16092,98.241
16093,98.241
16094,98.241
16095,98.241
16096,98.241
16097,98.241
16098,98.241
16099,98.241
16100,98.241
16101,98.241
16102,98.241
16103,98.241
16104,98.241
16105,98.241
16106,114.824
16107,114.824
16108,114.824
16109,114.824
16110,114.824
16111,114.824
16112,114.824
16113,114.824
16114,114.824
16115,114.824
16116,114.824
16117,114.824
16118,114.824
16119,114.824
16120,114.824
16121,114.824
16122,114.824
16123,114.824
16124,114.824
16125,114.824
16126,108.287
16127,108.287
16128,108.287
16129,108.287
16130,108.287
16131,108.287
16132,108.287
16133,108.287
16134,108.287
16135,108.287
16136,108.287
16137,108.287
16138,108.287
16139,108.287
16140,108.287
16141,108.287
16142,108.287
16143,108.287
16144,108.287
16145,108.287
16146,100.051
16147,100.051
16148,100.051
16149,100.051
16150,100.051
16151,100.051
16152,100.051
16153,100.051
16154,100.051
16155,100.051
16156,100.051
16157,100.051
16158,100.051
16159,100.051
16160,100.051
16161,100.051
16162,100.051
16163,100.051
16164,100.051
16165,100.051
16166,113.006
16167,113.006
16168,113.006
16169,113.006
16170,113.006
16171,113.006
16172,113.006
16173,113.006
16174,113.006
16175,113.006
16176,113.006
16177,113.006
16178,113.006
16179,113.006
16180,113.006
16181,113.006
16182,113.006
16183,113.006
16184,113.006
16185,113.006
16186,108.888
16187,108.888
16188,108.888
16189,108.888
16190,108.888
16191,108.888
16192,108.888
16193,108.888
16194,108.888
16195,108.888
16196,108.888
16197,108.888
16198,108.888
16199,108.888
16200,108.888
16201,108.888
16202,108.888
16203,108.888
16204,108.888
16205,108.888
16206,102.687
16207,102.687
16208,102.687
16209,102.687
16210,102.687
16211,102.687
16212,102.687
16213,102.687
16214,102.687
16215,102.687
16216,102.687
16217,102.687
16218,102.687
16219,102.687
16220,102.687
16221,102.687
16222,102.687
16223,102.687
16224,102.687
16225,102.687
16226,108.888
16227,108.888
16228,108.888
16229,108.888
16230,108.888
16231,108.888
16232,108.888
16233,108.888
16234,108.888
16235,108.888
16236,108.888
16237,108.888
16238,108.888
16239,108.888
16240,108.888
16241,108.888
16242,108.888
16243,108.888
16244,108.888
16245,108.888
16246,111.86
16247,111.86
16248,111.86
16249,111.86
16250,111.86
16251,111.86
16252,111.86
16253,111.86
16254,111.86
16255,111.86
16256,111.86
16257,111.86
16258,111.86
16259,111.86
16260,111.86
16261,111.86
16262,111.86
16263,111.86
16264,111.86
16265,111.86
16266,111.86
16267,105.05
16268,105.05
16269,105.05
16270,105.05
16271,105.05
16272,105.05
16273,105.05
16274,105.05
16275,105.05
16276,105.05
16277,105.05
16278,105.05
16279,105.05
16280,105.05
16281,105.05
16282,105.05
16283,105.05
16284,105.05
16285,105.05
16286,105.05
16287,104.943
16288,104.943
16289,104.943
16290,104.943
16291,104.943
16292,104.943
16293,104.943
16294,104.943
16295,104.943
16296,104.943
16297,104.943
16298,104.943
16299,104.943
16300,104.943
16301,104.943
16302,104.943
16303,104.943
16304,104.943
16305,104.943
16306,104.943
16307,114.098
16308,114.098
16309,114.098
16310,114.098
16311,114.098
16312,114.098
16313,114.098
16314,114.098
16315,114.098
16316,114.098
16317,114.098
16318,114.098
16319,114.098
16320,114.098
16321,114.098
16322,114.098
16323,114.098
16324,114.098
16325,114.098
16326,114.098
16327,106.696
16328,106.696
16329,106.696
16330,106.696
16331,106.696
16332,106.696
16333,106.696
16334,106.696
16335,106.696
16336,106.696
16337,106.696
16338,106.696
16339,106.696
16340,106.696
16341,106.696
16342,106.696
16343,106.696
16344,106.696
16345,106.696
16346,106.696
16347,101.205
16348,101.205
16349,101.205
16350,101.205
16351,101.205
16352,101.205
16353,101.205
16354,101.205
16355,101.205
16356,101.205
16357,101.205
16358,101.205
16359,101.205
16360,101.205
16361,101.205
16362,101.205
16363,101.205
16364,101.205
16365,101.205
16366,101.205
16367,112.345
16368,112.345
16369,112.345
16370,112.345
16371,112.345
16372,112.345
16373,112.345
16374,112.345
16375,112.345
16376,112.345
16377,112.345
16378,112.345
16379,112.345
16380,112.345
16381,112.345
16382,112.345
16383,112.345
16384,112.345
16385,112.345
16386,112.345
16387,108.615
16388,108.615
16389,108.615
16390,108.615
16391,108.615
16392,108.615
16393,108.615
16394,108.615
16395,108.615
16396,108.615
16397,108.615
16398,108.615
16399,108.615
16400,108.615
16401,108.615
16402,108.615
16403,108.615
16404,108.615
16405,108.615
16406,108.615
16407,108.615
16408,102.414
16409,102.414
16410,102.414
16411,102.414
16412,102.414
16413,102.414
16414,102.414
16415,102.414
16416,102.414
16417,102.414
16418,102.414
16419,102.414
16420,102.414
16421,102.414
16422,102.414
16423,102.414
16424,102.414
16425,102.414
16426,102.414
16427,102.414
16428,110.537
16429,110.537
16430,110.537
16431,110.537
16432,110.537
16433,110.537
16434,110.537
16435,110.537
16436,110.537
16437,110.537
16438,110.537
16439,110.537
16440,110.537
16441,110.537
16442,110.537
16443,110.537
16444,110.537
16445,110.537
16446,110.537
16447,110.537
16448,110.865
16449,110.865
16450,110.865
16451,110.865
16452,110.865
16453,110.865
16454,110.865
16455,110.865
16456,110.865
16457,110.865
16458,110.865
16459,110.865
16460,110.865
16461,110.865
16462,110.865
16463,110.865
16464,110.865
16465,110.865
16466,110.865
16467,110.865
16468,105.815
16469,105.815
16470,105.815
16471,105.815
16472,105.815
16473,105.815
16474,105.815
16475,105.815
16476,105.815
16477,105.815
16478,105.815
16479,105.815
16480,105.815
16481,105.815
16482,105.815
16483,105.815
16484,105.815
16485,105.815
16486,105.815
16487,105.815
16488,99.948
16489,99.948
16490,99.948
16491,99.948
16492,99.948
16493,99.948
16494,99.948
16495,99.948
16496,99.948
16497,99.948
16498,99.948
16499,99.948
16500,99.948
16501,99.948
16502,99.948
16503,99.948
16504,99.948
16505,99.948
16506,99.948
16507,99.948
16508,114.098
16509,114.098
16510,114.098
16511,114.098
16512,114.098
16513,114.098
16514,114.098
16515,114.098
16516,114.098
16517,114.098
16518,114.098
16519,114.098
16520,114.098
16521,114.098
16522,114.098
16523,114.098
16524,114.098
16525,114.098
16526,114.098
16527,114.098
16528,108.176
16529,108.176
16530,108.176
16531,108.176
16532,108.176
16533,108.176
16534,108.176
16535,108.176
16536,108.176
16537,108.176
16538,108.176
16539,108.176
16540,108.176
16541,108.176
16542,108.176
16543,108.176
16544,108.176
16545,108.176
16546,108.176
16547,108.176
16548,100.597
16549,100.597
16550,100.597
16551,100.597
16552,100.597
16553,100.597
16554,100.597
16555,100.597
16556,100.597
16557,100.597
16558,100.597
16559,100.597
16560,100.597
16561,100.597
16562,100.597
16563,100.597
16564,100.597
16565,100.597
16566,100.597
16567,100.597
16568,114.824
16569,114.824
16570,114.824
16571,114.824
16572,114.824
16573,114.824
16574,114.824
16575,114.824
16576,114.824
16577,114.824
16578,114.824
16579,114.824
16580,114.824
16581,114.824
16582,114.824
16583,114.824
16584,114.824
16585,114.824
16586,114.824
16587,114.824
16588,109.657
16589,109.657
16590,109.657
16591,109.657
16592,109.657
16593,109.657
16594,109.657
16595,109.657
16596,109.657
16597,109.657
16598,109.657
16599,109.657
16600,109.657
16601,109.657
16602,109.657
16603,109.657
16604,109.657
16605,109.657
16606,109.657
16607,109.657
16608,103.462
16609,103.462
16610,103.462
16611,103.462
16612,103.462
16613,103.462
16614,103.462
16615,103.462
16616,103.462
16617,103.462
16618,103.462
16619,103.462
16620,103.462
16621,103.462
16622,103.462
16623,103.462
16624,103.462
16625,103.462
16626,103.462
16627,103.462
16628,112.89
16629,112.89
16630,112.89
16631,112.89
16632,112.89
16633,112.89
16634,112.89
16635,112.89
16636,112.89
16637,112.89
16638,112.89
16639,112.89
16640,112.89
16641,112.89
16642,112.89
16643,112.89
16644,112.89
16645,112.89
16646,112.89
16647,112.89
16648,111.41
16649,111.41
16650,111.41
16651,111.41
16652,111.41
16653,111.41
16654,111.41
16655,111.41
16656,111.41
16657,111.41
16658,111.41
16659,111.41
16660,111.41
16661,111.41
16662,111.41
16663,111.41
16664,111.41
16665,111.41
16666,111.41
16667,111.41
16668,111.41
16669,104.662
16670,104.662
16671,104.662
16672,104.662
16673,104.662
16674,104.662
16675,104.662
16676,104.662
16677,104.662
16678,104.662
16679,104.662
16680,104.662
16681,104.662
16682,104.662
16683,104.662
16684,104.662
16685,104.662
16686,104.662
16687,104.662
16688,104.662
16689,105.543
16690,105.543
16691,105.543
16692,105.543
16693,105.543
16694,105.543
16695,105.543
16696,105.543
16697,105.543
16698,105.543
16699,105.543
16700,105.543
16701,105.543
16702,105.543
16703,105.543
16704,105.543
16705,105.543
16706,105.543
16707,105.543
16708,105.543
16709,113.771
16710,113.771
16711,113.771
16712,113.771
16713,113.771
16714,113.771
16715,113.771
16716,113.771
16717,113.771
16718,113.771
16719,113.771
16720,113.771
16721,113.771
16722,113.771
16723,113.771
16724,113.771
16725,113.771
16726,113.771
16727,113.771
16728,113.771
16729,107.576
16730,107.576
16731,107.576
16732,107.576
16733,107.576
16734,107.576
16735,107.576
16736,107.576
16737,107.576
16738,107.576
16739,107.576
16740,107.576
16741,107.576
16742,107.576
16743,107.576
16744,107.576
16745,107.576
16746,107.576
16747,107.576
16748,107.576
16749,99.621
16750,99.621
16751,99.621
16752,99.621
16753,99.621
16754,99.621
16755,99.621
16756,99.621
16757,99.621
16758,99.621
16759,99.621
16760,99.621
16761,99.621
16762,99.621
16763,99.621
16764,99.621
16765,99.621
16766,99.621
16767,99.621
16768,99.621
16769,112.345
16770,112.345
16771,112.345
16772,112.345
16773,112.345
16774,112.345
16775,112.345
16776,112.345
16777,112.345
16778,112.345
16779,112.345
16780,112.345
16781,112.345
16782,112.345
16783,112.345
16784,112.345
16785,112.345
16786,112.345
16787,112.345
16788,112.345
16789,109.496
16790,109.496
16791,109.496
16792,109.496
16793,109.496
16794,109.496
16795,109.496
16796,109.496
16797,109.496
16798,109.496
16799,109.496
16800,109.496
16801,109.496
16802,109.496
16803,109.496
16804,109.496
16805,109.496
16806,109.496
16807,109.496
16808,109.496
16809,102.96
16810,102.96
16811,102.96
16812,102.96
16813,102.96
16814,102.96
16815,102.96
16816,102.96
16817,102.96
16818,102.96
16819,102.96
16820,102.96
16821,102.96
16822,102.96
16823,102.96
16824,102.96
16825,102.96
16826,102.96
16827,102.96
16828,102.96
16829,108.504
16830,108.504
16831,108.504
16832,108.504
16833,108.504
16834,108.504
16835,108.504
16836,108.504
16837,108.504
16838,108.504
16839,108.504
16840,108.504
16841,108.504
16842,108.504
16843,108.504
16844,108.504
16845,108.504
16846,108.504
16847,108.504
16848,108.504
16849,111.137
16850,111.137
16851,111.137
16852,111.137
16853,111.137
16854,111.137
16855,111.137
16856,111.137
16857,111.137
16858,111.137
16859,111.137
16860,111.137
16861,111.137
16862,111.137
16863,111.137
16864,111.137
16865,111.137
16866,111.137
16867,111.137
16868,111.137
16869,111.137
16870,105.815
16871,105.815
16872,105.815
16873,105.815
16874,105.815
16875,105.815
16876,105.815
16877,105.815
16878,105.815
16879,105.815
16880,105.815
16881,105.815
16882,105.815
16883,105.815
16884,105.815
16885,105.815
16886,105.815
16887,105.815
16888,105.815
16889,105.815
16890,99.621
16891,99.621
16892,99.621
16893,99.621
16894,99.621
16895,99.621
16896,99.621
16897,99.621
16898,99.621
16899,99.621
16900,99.621
16901,99.621
16902,99.621
16903,99.621
16904,99.621
16905,99.621
16906,99.621
16907,99.621
16908,99.621
16909,99.621
16910,113.498
16911,113.498
16912,113.498
16913,113.498
16914,113.498
16915,113.498
16916,113.498
16917,113.498
16918,113.498
16919,113.498
16920,113.498
16921,113.498
16922,113.498
16923,113.498
16924,113.498
16925,113.498
16926,113.498
16927,113.498
16928,113.498
16929,113.498
16930,108.776
16931,108.776
16932,108.776
16933,108.776
16934,108.776
16935,108.776
16936,108.776
16937,108.776
16938,108.776
16939,108.776
16940,108.776
16941,108.776
16942,108.776
16943,108.776
16944,108.776
16945,108.776
16946,108.776
16947,108.776
16948,108.776
16949,108.776
16950,99.45
16951,99.45
16952,99.45
16953,99.45
16954,99.45
16955,99.45
16956,99.45
16957,99.45
16958,99.45
16959,99.45
16960,99.45
16961,99.45
16962,99.45
16963,99.45
16964,99.45
16965,99.45
16966,99.45
16967,99.45
16968,99.45
16969,99.45
16970,114.706
16971,114.706
16972,114.706
16973,114.706
16974,114.706
16975,114.706
16976,114.706
16977,114.706
16978,114.706
16979,114.706
16980,114.706
16981,114.706
16982,114.706
16983,114.706
16984,114.706
16985,114.706
16986,114.706
16987,114.706
16988,114.706
16989,114.706
16990,109.057
16991,109.057
16992,109.057
16993,109.057
16994,109.057
16995,109.057
16996,109.057
16997,109.057
16998,109.057
16999,109.057
17000,109.057
17001,109.057
17002,109.057
17003,109.057
17004,109.057
17005,109.057
17006,109.057
17007,109.057
17008,109.057
17009,109.057
17010,101.533
17011,101.533
17012,101.533
17013,101.533
17014,101.533
17015,101.533
17016,101.533
17017,101.533
17018,101.533
17019,101.533
17020,101.533
17021,101.533
17022,101.533
17023,101.533
17024,101.533
17025,101.533
17026,101.533
17027,101.533
17028,101.533
17029,101.533
17030,111.745
17031,111.745
17032,111.745
17033,111.745
17034,111.745
17035,111.745
17036,111.745
17037,111.745
17038,111.745
17039,111.745
17040,111.745
17041,111.745
17042,111.745
17043,111.745
17044,111.745
17045,111.745
17046,111.745
17047,111.745
17048,111.745
17049,111.745
17050,109.657
17051,109.657
17052,109.657
17053,109.657
17054,109.657
17055,109.657
17056,109.657
17057,109.657
17058,109.657
17059,109.657
17060,109.657
17061,109.657
17062,109.657
17063,109.657
17064,109.657
17065,109.657
17066,109.657
17067,109.657
17068,109.657
17069,109.657
17070,103.462
17071,103.462
17072,103.462
17073,103.462
17074,103.462
17075,103.462
17076,103.462
17077,103.462
17078,103.462
17079,103.462
17080,103.462
17081,103.462
17082,103.462
17083,103.462
17084,103.462
17085,103.462
17086,103.462
17087,103.462
17088,103.462
17089,103.462
17090,103.462
17091,107.023
17092,107.023
17093,107.023
17094,107.023
17095,107.023
17096,107.023
17097,107.023
17098,107.023
17099,107.023
17100,107.023
17101,107.023
17102,107.023
17103,107.023
17104,107.023
17105,107.023
17106,107.023
17107,107.023
17108,107.023
17109,107.023
17110,107.023
17111,112.89
17112,112.89
17113,112.89
17114,112.89
17115,112.89
17116,112.89
17117,112.89
17118,112.89
17119,112.89
17120,112.89
17121,112.89
17122,112.89
17123,112.89
17124,112.89
17125,112.89
17126,112.89
17127,112.89
17128,112.89
17129,112.89
17130,112.89
17131,105.815
17132,105.815
17133,105.815
17134,105.815
17135,105.815
17136,105.815
17137,105.815
17138,105.815
17139,105.815
17140,105.815
17141,105.815
17142,105.815
17143,105.815
17144,105.815
17145,105.815
17146,105.815
17147,105.815
17148,105.815
17149,105.815
17150,105.815
17151,105.215
17152,105.215
17153,105.215
17154,105.215
17155,105.215
17156,105.215
17157,105.215
17158,105.215
17159,105.215
17160,105.215
17161,105.215
17162,105.215
17163,105.215
17164,105.215
17165,105.215
17166,105.215
17167,105.215
17168,105.215
17169,105.215
17170,105.215
17171,114.706
17172,114.706
17173,114.706
17174,114.706
17175,114.706
17176,114.706
17177,114.706
17178,114.706
17179,114.706
17180,114.706
17181,114.706
17182,114.706
17183,114.706
17184,114.706
17185,114.706
17186,114.706
17187,114.706
17188,114.706
17189,114.706
17190,114.706
17191,107.296
17192,107.296
17193,107.296
17194,107.296
17195,107.296
17196,107.296
17197,107.296
17198,107.296
17199,107.296
17200,107.296
17201,107.296
17202,107.296
17203,107.296
17204,107.296
17205,107.296
17206,107.296
17207,107.296
17208,107.296
17209,107.296
17210,107.296
17211,102.582
17212,102.582
17213,102.582
17214,102.582
17215,102.582
17216,102.582
17217,102.582
17218,102.582
17219,102.582
17220,102.582
17221,102.582
17222,102.582
17223,102.582
17224,102.582
17225,102.582
17226,102.582
17227,102.582
17228,102.582
17229,102.582
17230,102.582
17231,113.498
17232,113.498
17233,113.498
17234,113.498
17235,113.498
17236,113.498
17237,113.498
17238,113.498
17239,113.498
17240,113.498
17241,113.498
17242,113.498
17243,113.498
17244,113.498
17245,113.498
17246,113.498
17247,113.498
17248,113.498
17249,113.498
17250,113.498
17251,108.287
17252,108.287
17253,108.287
17254,108.287
17255,108.287
17256,108.287
17257,108.287
17258,108.287
17259,108.287
17260,108.287
17261,108.287
17262,108.287
17263,108.287
17264,108.287
17265,108.287
17266,108.287
17267,108.287
17268,108.287
17269,108.287
17270,108.287
17271,100.828
17272,100.828
17273,100.828
17274,100.828
17275,100.828
17276,100.828
17277,100.828
17278,100.828
17279,100.828
17280,100.828
17281,100.828
17282,100.828
17283,100.828
17284,100.828
17285,100.828
17286,100.828
17287,100.828
17288,100.828
17289,100.828
17290,100.828
17291,110.537
17292,110.537
17293,110.537
17294,110.537
17295,110.537
17296,110.537
17297,110.537
17298,110.537
17299,110.537
17300,110.537
17301,110.537
17302,110.537
17303,110.537
17304,110.537
17305,110.537
17306,110.537
17307,110.537
17308,110.537
17309,110.537
17310,110.537
17311,110.537
17312,109.93
17313,109.93
17314,109.93
17315,109.93
17316,109.93
17317,109.93
17318,109.93
17319,109.93
17320,109.93
17321,109.93
17322,109.93
17323,109.93
17324,109.93
17325,109.93
17326,109.93
17327,109.93
17328,109.93
17329,109.93
17330,109.93
17331,109.93
17332,102.582
17333,102.582
17334,102.582
17335,102.582
17336,102.582
17337,102.582
17338,102.582
17339,102.582
17340,102.582
17341,102.582
17342,102.582
17343,102.582
17344,102.582
17345,102.582
17346,102.582
17347,102.582
17348,102.582
17349,102.582
17350,102.582
17351,102.582
17352,111.137
17353,111.137
17354,111.137
17355,111.137
17356,111.137
17357,111.137
17358,111.137
17359,111.137
17360,111.137
17361,111.137
17362,111.137
17363,111.137
17364,111.137
17365,111.137
17366,111.137
17367,111.137
17368,111.137
17369,111.137
17370,111.137
17371,111.137
17372,111.41
17373,111.41
17374,111.41
17375,111.41
17376,111.41
17377,111.41
17378,111.41
17379,111.41
17380,111.41
17381,111.41
17382,111.41
17383,111.41
17384,111.41
17385,111.41
17386,111.41
17387,111.41
17388,111.41
17389,111.41
17390,111.41
17391,111.41
17392,105.815
17393,105.815
17394,105.815
17395,105.815
17396,105.815
17397,105.815
17398,105.815
17399,105.815
17400,105.815
17401,105.815
17402,105.815
17403,105.815
17404,105.815
17405,105.815
17406,105.815
17407,105.815
17408,105.815
17409,105.815
17410,105.815
17411,105.815
17412,108.176
17413,108.176
17414,108.176
17415,108.176
17416,108.176
17417,108.176
17418,108.176
17419,108.176
17420,108.176
17421,108.176
17422,108.176
17423,108.176
17424,108.176
17425,108.176
17426,108.176
17427,108.176
17428,108.176
17429,108.176
17430,108.176
17431,108.176
17432,112.018
17433,112.018
17434,112.018
17435,112.018
17436,112.018
17437,112.018
17438,112.018
17439,112.018
17440,112.018
17441,112.018
17442,112.018
17443,112.018
17444,112.018
17445,112.018
17446,112.018
17447,112.018
17448,112.018
17449,112.018
17450,112.018
17451,112.018
17452,107.296
17453,107.296
17454,107.296
17455,107.296
17456,107.296
17457,107.296
17458,107.296
17459,107.296
17460,107.296
17461,107.296
17462,107.296
17463,107.296
17464,107.296
17465,107.296
17466,107.296
17467,107.296
17468,107.296
17469,107.296
17470,107.296
17471,107.296
17472,103.789
17473,103.789
17474,103.789
17475,103.789
17476,103.789
17477,103.789
17478,103.789
17479,103.789
17480,103.789
17481,103.789
17482,103.789
17483,103.789
17484,103.789
17485,103.789
17486,103.789
17487,103.789
17488,103.789
17489,103.789
17490,103.789
17491,103.789
17492,114.706
17493,114.706
17494,114.706
17495,114.706
17496,114.706
17497,114.706
17498,114.706
17499,114.706
17500,114.706
17501,114.706
17502,114.706
17503,114.706
17504,114.706
17505,114.706
17506,114.706
17507,114.706
17508,114.706
17509,114.706
17510,114.706
17511,114.706
17512,108.176
17513,108.176
17514,108.176
17515,108.176
17516,108.176
17517,108.176
17518,108.176
17519,108.176
17520,108.176
17521,108.176
17522,108.176
17523,108.176
17524,108.176
17525,108.176
17526,108.176
17527,108.176
17528,108.176
17529,108.176
17530,108.176
17531,108.176
17532,108.176
17533,101.205
17534,101.205
17535,101.205
17536,101.205
17537,101.205
17538,101.205
17539,101.205
17540,101.205
17541,101.205
17542,101.205
17543,101.205
17544,101.205
17545,101.205
17546,101.205
17547,101.205
17548,101.205
17549,101.205
17550,101.205
17551,101.205
17552,101.205
17553,115.579
17554,115.579
17555,115.579
17556,115.579
17557,115.579
17558,115.579
17559,115.579
17560,115.579
17561,115.579
17562,115.579
17563,115.579
17564,115.579
17565,115.579
17566,115.579
17567,115.579
17568,115.579
17569,115.579
17570,115.579
17571,115.579
17572,115.579
17573,109.384
17574,109.384
17575,109.384
17576,109.384
17577,109.384
17578,109.384
17579,109.384
17580,109.384
17581,109.384
17582,109.384
17583,109.384
17584,109.384
17585,109.384
17586,109.384
17587,109.384
17588,109.384
17589,109.384
17590,109.384
17591,109.384
17592,109.384
17593,101.974
17594,101.974
17595,101.974
17596,101.974
17597,101.974
17598,101.974
17599,101.974
17600,101.974
17601,101.974
17602,101.974
17603,101.974
17604,101.974
17605,101.974
17606,101.974
17607,101.974
17608,101.974
17609,101.974
17610,101.974
17611,101.974
17612,101.974
17613,113.498
17614,113.498
17615,113.498
17616,113.498
17617,113.498
17618,113.498
17619,113.498
17620,113.498
17621,113.498
17622,113.498
17623,113.498
17624,113.498
17625,113.498
17626,113.498
17627,113.498
17628,113.498
17629,113.498
17630,113.498
17631,113.498
17632,113.498
17633,110.257
17634,110.257
17635,110.257
17636,110.257
17637,110.257
17638,110.257
17639,110.257
17640,110.257
17641,110.257
17642,110.257
17643,110.257
17644,110.257
17645,110.257
17646,110.257
17647,110.257
17648,110.257
17649,110.257
17650,110.257
17651,110.257
17652,110.257
17653,103.789
17654,103.789
17655,103.789
17656,103.789
17657,103.789
17658,103.789
17659,103.789
17660,103.789
17661,103.789
17662,103.789
17663,103.789
17664,103.789
17665,103.789
17666,103.789
17667,103.789
17668,103.789
17669,103.789
17670,103.789
17671,103.789
17672,103.789
17673,111.137
17674,111.137
17675,111.137
17676,111.137
17677,111.137
17678,111.137
17679,111.137
17680,111.137
17681,111.137
17682,111.137
17683,111.137
17684,111.137
17685,111.137
17686,111.137
17687,111.137
17688,111.137
17689,111.137
17690,111.137
17691,111.137
17692,111.137
17693,111.41
17694,111.41
17695,111.41
17696,111.41
17697,111.41
17698,111.41
17699,111.41
17700,111.41
17701,111.41
17702,111.41
17703,111.41
17704,111.41
17705,111.41
17706,111.41
17707,111.41
17708,111.41
17709,111.41
17710,111.41
17711,111.41
17712,111.41
17713,104.335
17714,104.335
17715,104.335
17716,104.335
17717,104.335
17718,104.335
17719,104.335
17720,104.335
17721,104.335
17722,104.335
17723,104.335
17724,104.335
17725,104.335
17726,104.335
17727,104.335
17728,104.335
17729,104.335
17730,104.335
17731,104.335
17732,104.335
17733,108.504
17734,108.504
17735,108.504
17736,108.504
17737,108.504
17738,108.504
17739,108.504
17740,108.504
17741,108.504
17742,108.504
17743,108.504
17744,108.504
17745,108.504
17746,108.504
17747,108.504
17748,108.504
17749,108.504
17750,108.504
17751,108.504
17752,108.504
17753,108.504
17754,113.771
17755,113.771
17756,113.771
17757,113.771
17758,113.771
17759,113.771
17760,113.771
17761,113.771
17762,113.771
17763,113.771
17764,113.771
17765,113.771
17766,113.771
17767,113.771
17768,113.771
17769,113.771
17770,113.771
17771,113.771
17772,113.771
17773,113.771
17774,107.296
17775,107.296
17776,107.296
17777,107.296
17778,107.296
17779,107.296
17780,107.296
17781,107.296
17782,107.296
17783,107.296
17784,107.296
17785,107.296
17786,107.296
17787,107.296
17788,107.296
17789,107.296
17790,107.296
17791,107.296
17792,107.296
17793,107.296
17794,102.309
17795,102.309
17796,102.309
17797,102.309
17798,102.309
17799,102.309
17800,102.309
17801,102.309
17802,102.309
17803,102.309
17804,102.309
17805,102.309
17806,102.309
17807,102.309
17808,102.309
17809,102.309
17810,102.309
17811,102.309
17812,102.309
17813,102.309
17814,114.371
17815,114.371
17816,114.371
17817,114.371
17818,114.371
17819,114.371
17820,114.371
17821,114.371
17822,114.371
17823,114.371
17824,114.371
17825,114.371
17826,114.371
17827,114.371
17828,114.371
17829,114.371
17830,114.371
17831,114.371
17832,114.371
17833,114.371
17834,107.687
17835,107.687
17836,107.687
17837,107.687
17838,107.687
17839,107.687
17840,107.687
17841,107.687
17842,107.687
17843,107.687
17844,107.687
17845,107.687
17846,107.687
17847,107.687
17848,107.687
17849,107.687
17850,107.687
17851,107.687
17852,107.687
17853,107.687
17854,101.101
17855,101.101
17856,101.101
17857,101.101
17858,101.101
17859,101.101
17860,101.101
17861,101.101
17862,101.101
17863,101.101
17864,101.101
17865,101.101
17866,101.101
17867,101.101
17868,101.101
17869,101.101
17870,101.101
17871,101.101
17872,101.101
17873,101.101
17874,114.706
17875,114.706
17876,114.706
17877,114.706
17878,114.706
17879,114.706
17880,114.706
17881,114.706
17882,114.706
17883,114.706
17884,114.706
17885,114.706
17886,114.706
17887,114.706
17888,114.706
17889,114.706
17890,114.706
17891,114.706
17892,114.706
17893,114.706
17894,108.888
17895,108.888
17896,108.888
17897,108.888
17898,108.888
17899,108.888
17900,108.888
17901,108.888
17902,108.888
17903,108.888
17904,108.888
17905,108.888
17906,108.888
17907,108.888
17908,108.888
17909,108.888
17910,108.888
17911,108.888
17912,108.888
17913,108.888
17914,102.414
17915,102.414
17916,102.414
17917,102.414
17918,102.414
17919,102.414
17920,102.414
17921,102.414
17922,102.414
17923,102.414
17924,102.414
17925,102.414
17926,102.414
17927,102.414
17928,102.414
17929,102.414
17930,102.414
17931,102.414
17932,102.414
17933,102.414
17934,102.414
17935,111.41
17936,111.41
17937,111.41
17938,111.41
17939,111.41
17940,111.41
17941,111.41
17942,111.41
17943,111.41
17944,111.41
17945,111.41
17946,111.41
17947,111.41
17948,111.41
17949,111.41
17950,111.41
17951,111.41
17952,111.41
17953,111.41
17954,111.41
17955,110.257
17956,110.257
17957,110.257
17958,110.257
17959,110.257
17960,110.257
17961,110.257
17962,110.257
17963,110.257
17964,110.257
17965,110.257
17966,110.257
17967,110.257
17968,110.257
17969,110.257
17970,110.257
17971,110.257
17972,110.257
17973,110.257
17974,110.257
17975,104.062
17976,104.062
17977,104.062
17978,104.062
17979,104.062
17980,104.062
17981,104.062
17982,104.062
17983,104.062
17984,104.062
17985,104.062
17986,104.062
17987,104.062
17988,104.062
17989,104.062
17990,104.062
17991,104.062
17992,104.062
17993,104.062
17994,104.062
17995,106.143
17996,106.143
17997,106.143
17998,106.143
17999,106.143
18000,106.143
18001,106.143
18002,106.143
18003,106.143
18004,106.143
18005,106.143
18006,106.143
18007,106.143
18008,106.143
18009,106.143
18010,106.143
18011,106.143
18012,106.143
18013,106.143
18014,106.143
18015,111.137
18016,111.137
18017,111.137
18018,111.137
18019,111.137
18020,111.137
18021,111.137
18022,111.137
18023,111.137
18024,111.137
18025,111.137
18026,111.137
18027,111.137
18028,111.137
18029,111.137
18030,111.137
18031,111.137
18032,111.137
18033,111.137
18034,111.137
18035,106.143
18036,106.143
18037,106.143
18038,106.143
18039,106.143
18040,106.143
18041,106.143
18042,106.143
18043,106.143
18044,106.143
18045,106.143
18046,106.143
18047,106.143
18048,106.143
18049,106.143
18050,106.143
18051,106.143
18052,106.143
18053,106.143
18054,106.143
18055,99.067
18056,99.067
18057,99.067
18058,99.067
18059,99.067
18060,99.067
18061,99.067
18062,99.067
18063,99.067
18064,99.067
18065,99.067
18066,99.067
18067,99.067
18068,99.067
18069,99.067
18070,99.067
18071,99.067
18072,99.067
18073,99.067
18074,99.067
18075,115.251
18076,115.251
18077,115.251
18078,115.251
18079,115.251
18080,115.251
18081,115.251
18082,115.251
18083,115.251
18084,115.251
18085,115.251
18086,115.251
18087,115.251
18088,115.251
18089,115.251
18090,115.251
18091,115.251
18092,115.251
18093,115.251
18094,115.251
18095,108.776
18096,108.776
18097,108.776
18098,108.776
18099,108.776
18100,108.776
18101,108.776
18102,108.776
18103,108.776
18104,108.776
18105,108.776
18106,108.776
18107,108.776
18108,108.776
18109,108.776
18110,108.776
18111,108.776
18112,108.776
18113,108.776
18114,108.776
18115,99.723
18116,99.723
18117,99.723
18118,99.723
18119,99.723
18120,99.723
18121,99.723
18122,99.723
18123,99.723
18124,99.723
18125,99.723
18126,99.723
18127,99.723
18128,99.723
18129,99.723
18130,99.723
18131,99.723
18132,99.723
18133,99.723
18134,99.723
18135,99.723
18136,111.745
18137,111.745
18138,111.745
18139,111.745
18140,111.745
18141,111.745
18142,111.745
18143,111.745
18144,111.745
18145,111.745
18146,111.745
18147,111.745
18148,111.745
18149,111.745
18150,111.745
18151,111.745
18152,111.745
18153,111.745
18154,111.745
18155,111.745
18156,110.257
18157,110.257
18158,110.257
18159,110.257
18160,110.257
18161,110.257
18162,110.257
18163,110.257
18164,110.257
18165,110.257
18166,110.257
18167,110.257
18168,110.257
18169,110.257
18170,110.257
18171,110.257
18172,110.257
18173,110.257
18174,110.257
18175,110.257
18176,102.582
18177,102.582
18178,102.582
18179,102.582
18180,102.582
18181,102.582
18182,102.582
18183,102.582
18184,102.582
18185,102.582
18186,102.582
18187,102.582
18188,102.582
18189,102.582
18190,102.582
18191,102.582
18192,102.582
18193,102.582
18194,102.582
18195,102.582
18196,108.776
18197,108.776
18198,108.776
18199,108.776
18200,108.776
18201,108.776
18202,108.776
18203,108.776
18204,108.776
18205,108.776
18206,108.776
18207,108.776
18208,108.776
18209,108.776
18210,108.776
18211,108.776
18212,108.776
18213,108.776
18214,108.776
18215,108.776
18216,111.41
18217,111.41
18218,111.41
18219,111.41
18220,111.41
18221,111.41
18222,111.41
18223,111.41
18224,111.41
18225,111.41
18226,111.41
18227,111.41
18228,111.41
18229,111.41
18230,111.41
18231,111.41
18232,111.41
18233,111.41
18234,111.41
18235,111.41
18236,104.335
18237,104.335
18238,104.335
18239,104.335
18240,104.335
18241,104.335
18242,104.335
18243,104.335
18244,104.335
18245,104.335
18246,104.335
18247,104.335
18248,104.335
18249,104.335
18250,104.335
18251,104.335
18252,104.335
18253,104.335
18254,104.335
18255,104.335
18256,105.215
18257,105.215
18258,105.215
18259,105.215
18260,105.215
18261,105.215
18262,105.215
18263,105.215
18264,105.215
18265,105.215
18266,105.215
18267,105.215
18268,105.215
18269,105.215
18270,105.215
18271,105.215
18272,105.215
18273,105.215
18274,105.215
18275,105.215
18276,112.345
18277,112.345
18278,112.345
18279,112.345
18280,112.345
18281,112.345
18282,112.345
18283,112.345
18284,112.345
18285,112.345
18286,112.345
18287,112.345
18288,112.345
18289,112.345
18290,112.345
18291,112.345
18292,112.345
18293,112.345
18294,112.345
18295,112.345
18296,106.696
18297,106.696
18298,106.696
18299,106.696
18300,106.696
18301,106.696
18302,106.696
18303,106.696
18304,106.696
18305,106.696
18306,106.696
18307,106.696
18308,106.696
18309,106.696
18310,106.696
18311,106.696
18312,106.696
18313,106.696
18314,106.696
18315,106.696
18316,102.582
18317,102.582
18318,102.582
18319,102.582
18320,102.582
18321,102.582
18322,102.582
18323,102.582
18324,102.582
18325,102.582
18326,102.582
18327,102.582
18328,102.582
18329,102.582
18330,102.582
18331,102.582
18332,102.582
18333,102.582
18334,102.582
18335,102.582
18336,114.098
18337,114.098
18338,114.098
18339,114.098
18340,114.098
18341,114.098
18342,114.098
18343,114.098
18344,114.098
18345,114.098
18346,114.098
18347,114.098
18348,114.098
18349,114.098
18350,114.098
18351,114.098
18352,114.098
18353,114.098
18354,114.098
18355,114.098
18356,114.098
18357,107.023
18358,107.023
18359,107.023
18360,107.023
18361,107.023
18362,107.023
18363,107.023
18364,107.023
18365,107.023
18366,107.023
18367,107.023
18368,107.023
18369,107.023
18370,107.023
18371,107.023
18372,107.023
18373,107.023
18374,107.023
18375,107.023
18376,107.023
18377,101.101
18378,101.101
18379,101.101
18380,101.101
18381,101.101
18382,101.101
18383,101.101
18384,101.101
18385,101.101
18386,101.101
18387,101.101
18388,101.101
18389,101.101
18390,101.101
18391,101.101
18392,101.101
18393,101.101
18394,101.101
18395,101.101
18396,101.101
18397,111.745
18398,111.745
18399,111.745
18400,111.745
18401,111.745
18402,111.745
18403,111.745
18404,111.745
18405,111.745
18406,111.745
18407,111.745
18408,111.745
18409,111.745
18410,111.745
18411,111.745
18412,111.745
18413,111.745
18414,111.745
18415,111.745
18416,111.745
18417,108.176
18418,108.176
18419,108.176
18420,108.176
18421,108.176
18422,108.176
18423,108.176
18424,108.176
18425,108.176
18426,108.176
18427,108.176
18428,108.176
18429,108.176
18430,108.176
18431,108.176
18432,108.176
18433,108.176
18434,108.176
18435,108.176
18436,108.176
18437,102.309
18438,102.309
18439,102.309
18440,102.309
18441,102.309
18442,102.309
18443,102.309
18444,102.309
18445,102.309
18446,102.309
18447,102.309
18448,102.309
18449,102.309
18450,102.309
18451,102.309
18452,102.309
18453,102.309
18454,102.309
18455,102.309
18456,102.309
18457,110.537
18458,110.537
18459,110.537
18460,110.537
18461,110.537
18462,110.537
18463,110.537
18464,110.537
18465,110.537
18466,110.537
18467,110.537
18468,110.537
18469,110.537
18470,110.537
18471,110.537
18472,110.537
18473,110.537
18474,110.537
18475,110.537
18476,110.537
18477,109.057
18478,109.057
18479,109.057
18480,109.057
18481,109.057
18482,109.057
18483,109.057
18484,109.057
18485,109.057
18486,109.057
18487,109.057
18488,109.057
18489,109.057
18490,109.057
18491,109.057
18492,109.057
18493,109.057
18494,109.057
18495,109.057
18496,109.057
18497,104.335
18498,104.335
18499,104.335
18500,104.335
18501,104.335
18502,104.335
18503,104.335
18504,104.335
18505,104.335
18506,104.335
18507,104.335
18508,104.335
18509,104.335
18510,104.335
18511,104.335
18512,104.335
18513,104.335
18514,104.335
18515,104.335
18516,104.335
18517,104.062
18518,104.062
18519,104.062
18520,104.062
18521,104.062
18522,104.062
18523,104.062
18524,104.062
18525,104.062
18526,104.062
18527,104.062
18528,104.062
18529,104.062
18530,104.062
18531,104.062
18532,104.062
18533,104.062
18534,104.062
18535,104.062
18536,104.062
18537,104.062
18538,110.865
18539,110.865
18540,110.865
18541,110.865
18542,110.865
18543,110.865
18544,110.865
18545,110.865
18546,110.865
18547,110.865
18548,110.865
18549,110.865
18550,110.865
18551,110.865
18552,110.865
18553,110.865
18554,110.865
18555,110.865
18556,110.865
18557,110.865
18558,106.143
18559,106.143
18560,106.143
18561,106.143
18562,106.143
18563,106.143
18564,106.143
18565,106.143
18566,106.143
18567,106.143
18568,106.143
18569,106.143
18570,106.143
18571,106.143
18572,106.143
18573,106.143
18574,106.143
18575,106.143
18576,106.143
18577,106.143
18578,103.789
18579,103.789
18580,103.789
18581,103.789
18582,103.789
18583,103.789
18584,103.789
18585,103.789
18586,103.789
18587,103.789
18588,103.789
18589,103.789
18590,103.789
18591,103.789
18592,103.789
18593,103.789
18594,103.789
18595,103.789
18596,103.789
18597,103.789
18598,113.498
18599,113.498
18600,113.498
18601,113.498
18602,113.498
18603,113.498
18604,113.498
18605,113.498
18606,113.498
18607,113.498
18608,113.498
18609,113.498
18610,113.498
18611,113.498
18612,113.498
18613,113.498
18614,113.498
18615,113.498
18616,113.498
18617,113.498
18618,108.776
18619,108.776
18620,108.776
18621,108.776
18622,108.776
18623,108.776
18624,108.776
18625,108.776
18626,108.776
18627,108.776
18628,108.776
18629,108.776
18630,108.776
18631,108.776
18632,108.776
18633,108.776
18634,108.776
18635,108.776
18636,108.776
18637,108.776
18638,99.067
18639,99.067
18640,99.067
18641,99.067
18642,99.067
18643,99.067
18644,99.067
18645,99.067
18646,99.067
18647,99.067
18648,99.067
18649,99.067
18650,99.067
18651,99.067
18652,99.067
18653,99.067
18654,99.067
18655,99.067
18656,99.067
18657,99.067
18658,115.859
18659,115.859
18660,115.859
18661,115.859
18662,115.859
18663,115.859
18664,115.859
18665,115.859
18666,115.859
18667,115.859
18668,115.859
18669,115.859
18670,115.859
18671,115.859
18672,115.859
18673,115.859
18674,115.859
18675,115.859
18676,115.859
18677,115.859
18678,109.057
18679,109.057
18680,109.057
18681,109.057
18682,109.057
18683,109.057
18684,109.057
18685,109.057
18686,109.057
18687,109.057
18688,109.057
18689,109.057
18690,109.057
18691,109.057
18692,109.057
18693,109.057
18694,109.057
18695,109.057
18696,109.057
18697,109.057
18698,100.493
18699,100.493
18700,100.493
18701,100.493
18702,100.493
18703,100.493
18704,100.493
18705,100.493
18706,100.493
18707,100.493
18708,100.493
18709,100.493
18710,100.493
18711,100.493
18712,100.493
18713,100.493
18714,100.493
18715,100.493
18716,100.493
18717,100.493
18718,100.493
18719,114.706
18720,114.706
18721,114.706
18722,114.706
18723,114.706
18724,114.706
18725,114.706
18726,114.706
18727,114.706
18728,114.706
18729,114.706
18730,114.706
18731,114.706
18732,114.706
18733,114.706
18734,114.706
18735,114.706
18736,114.706
18737,114.706
18738,114.706
18739,107.296
18740,107.296
18741,107.296
18742,107.296
18743,107.296
18744,107.296
18745,107.296
18746,107.296
18747,107.296
18748,107.296
18749,107.296
18750,107.296
18751,107.296
18752,107.296
18753,107.296
18754,107.296
18755,107.296
18756,107.296
18757,107.296
18758,107.296
18759,104.335
18760,104.335
18761,104.335
18762,104.335
18763,104.335
18764,104.335
18765,104.335
18766,104.335
18767,104.335
18768,104.335
18769,104.335
18770,104.335
18771,104.335
18772,104.335
18773,104.335
18774,104.335
18775,104.335
18776,104.335
18777,104.335
18778,104.335
18779,103.182
18780,103.182
18781,103.182
18782,103.182
18783,103.182
18784,103.182
18785,103.182
18786,103.182
18787,103.182
18788,103.182
18789,103.182
18790,103.182
18791,103.182
18792,103.182
18793,103.182
18794,103.182
18795,103.182
18796,103.182
18797,103.182
18798,103.182
18799,112.89
18800,112.89
18801,112.89
18802,112.89
18803,112.89
18804,112.89
18805,112.89
18806,112.89
18807,112.89
18808,112.89
18809,112.89
18810,112.89
18811,112.89
18812,112.89
18813,112.89
18814,112.89
18815,112.89
18816,112.89
18817,112.89
18818,112.89
18819,107.023
18820,107.023
18821,107.023
18822,107.023
18823,107.023
18824,107.023
18825,107.023
18826,107.023
18827,107.023
18828,107.023
18829,107.023
18830,107.023
18831,107.023
18832,107.023
18833,107.023
18834,107.023
18835,107.023
18836,107.023
18837,107.023
18838,107.023
18839,102.854
18840,102.854
18841,102.854
18842,102.854
18843,102.854
18844,102.854
18845,102.854
18846,102.854
18847,102.854
18848,102.854
18849,102.854
18850,102.854
18851,102.854
18852,102.854
18853,102.854
18854,102.854
18855,102.854
18856,102.854
18857,102.854
18858,102.854
18859,114.979
18860,114.979
18861,114.979
18862,114.979
18863,114.979
18864,114.979
18865,114.979
18866,114.979
18867,114.979
18868,114.979
18869,114.979
18870,114.979
18871,114.979
18872,114.979
18873,114.979
18874,114.979
18875,114.979
18876,114.979
18877,114.979
18878,114.979
18879,109.057
18880,109.057
18881,109.057
18882,109.057
18883,109.057
18884,109.057
18885,109.057
18886,109.057
18887,109.057
18888,109.057
18889,109.057
18890,109.057
18891,109.057
18892,109.057
18893,109.057
18894,109.057
18895,109.057
18896,109.057
18897,109.057
18898,109.057
18899,100.493
18900,100.493
18901,100.493
18902,100.493
18903,100.493
18904,100.493
18905,100.493
18906,100.493
18907,100.493
18908,100.493
18909,100.493
18910,100.493
18911,100.493
18912,100.493
18913,100.493
18914,100.493
18915,100.493
18916,100.493
18917,100.493
18918,100.493
18919,100.493
18920,113.771
18921,113.771
18922,113.771
18923,113.771
18924,113.771
18925,113.771
18926,113.771
18927,113.771
18928,113.771
18929,113.771
18930,113.771
18931,113.771
18932,113.771
18933,113.771
18934,113.771
18935,113.771
18936,113.771
18937,113.771
18938,113.771
18939,113.771
18940,108.176
18941,108.176
18942,108.176
18943,108.176
18944,108.176
18945,108.176
18946,108.176
18947,108.176
18948,108.176
18949,108.176
18950,108.176
18951,108.176
18952,108.176
18953,108.176
18954,108.176
18955,108.176
18956,108.176
18957,108.176
18958,108.176
18959,108.176
18960,101.701
18961,101.701
18962,101.701
18963,101.701
18964,101.701
18965,101.701
18966,101.701
18967,101.701
18968,101.701
18969,101.701
18970,101.701
18971,101.701
18972,101.701
18973,101.701
18974,101.701
18975,101.701
18976,101.701
18977,101.701
18978,101.701
18979,101.701
18980,108.776
18981,108.776
18982,108.776
18983,108.776
18984,108.776
18985,108.776
18986,108.776
18987,108.776
18988,108.776
18989,108.776
18990,108.776
18991,108.776
18992,108.776
18993,108.776
18994,108.776
18995,108.776
18996,108.776
18997,108.776
18998,108.776
18999,108.776
19000,110.537
19001,110.537
19002,110.537
19003,110.537
19004,110.537
19005,110.537
19006,110.537
19007,110.537
19008,110.537
19009,110.537
19010,110.537
19011,110.537
19012,110.537
19013,110.537
19014,110.537
19015,110.537
19016,110.537
19017,110.537
19018,110.537
19019,110.537
19020,104.335
19021,104.335
19022,104.335
19023,104.335
19024,104.335
19025,104.335
19026,104.335
19027,104.335
19028,104.335
19029,104.335
19030,104.335
19031,104.335
19032,104.335
19033,104.335
19034,104.335
19035,104.335
19036,104.335
19037,104.335
19038,104.335
19039,104.335
19040,102.96
19041,102.96
19042,102.96
19043,102.96
19044,102.96
19045,102.96
19046,102.96
19047,102.96
19048,102.96
19049,102.96
19050,102.96
19051,102.96
19052,102.96
19053,102.96
19054,102.96
19055,102.96
19056,102.96
19057,102.96
19058,102.96
19059,102.96
19060,115.37
19061,115.37
19062,115.37
19063,115.37
19064,115.37
19065,115.37
19066,115.37
19067,115.37
19068,115.37
19069,115.37
19070,115.37
19071,115.37
19072,115.37
19073,115.37
19074,115.37
19075,115.37
19076,115.37
19077,115.37
19078,115.37
19079,115.37
19080,107.576
19081,107.576
19082,107.576
19083,107.576
19084,107.576
19085,107.576
19086,107.576
19087,107.576
19088,107.576
19089,107.576
19090,107.576
19091,107.576
19092,107.576
19093,107.576
19094,107.576
19095,107.576
19096,107.576
19097,107.576
19098,107.576
19099,107.576
19100,98.241
19101,98.241
19102,98.241
19103,98.241
19104,98.241
19105,98.241
19106,98.241
19107,98.241
19108,98.241
19109,98.241
19110,98.241
19111,98.241
19112,98.241
19113,98.241
19114,98.241
19115,98.241
19116,98.241
19117,98.241
19118,98.241
19119,98.241
19120,114.979
19121,114.979
19122,114.979
19123,114.979
19124,114.979
19125,114.979
19126,114.979
19127,114.979
19128,114.979
19129,114.979
19130,114.979
19131,114.979
19132,114.979
19133,114.979
19134,114.979
19135,114.979
19136,114.979
19137,114.979
19138,114.979
19139,114.979
19140,114.979
19141,108.176
19142,108.176
19143,108.176
19144,108.176
19145,108.176
19146,108.176
19147,108.176
19148,108.176
19149,108.176
19150,108.176
19151,108.176
19152,108.176
19153,108.176
19154,108.176
19155,108.176
19156,108.176
19157,108.176
19158,108.176
19159,108.176
19160,108.176
19161,100.597
19162,100.597
19163,100.597
19164,100.597
19165,100.597
19166,100.597
19167,100.597
19168,100.597
19169,100.597
19170,100.597
19171,100.597
19172,100.597
19173,100.597
19174,100.597
19175,100.597
19176,100.597
19177,100.597
19178,100.597
19179,100.597
19180,100.597
19181,113.226
19182,113.226
19183,113.226
19184,113.226
19185,113.226
19186,113.226
19187,113.226
19188,113.226
19189,113.226
19190,113.226
19191,113.226
19192,113.226
19193,113.226
19194,113.226
19195,113.226
19196,113.226
19197,113.226
19198,113.226
19199,113.226
19200,113.226
19201,111.137
19202,111.137
19203,111.137
19204,111.137
19205,111.137
19206,111.137
19207,111.137
19208,111.137
19209,111.137
19210,111.137
19211,111.137
19212,111.137
19213,111.137
19214,111.137
19215,111.137
19216,111.137
19217,111.137
19218,111.137
19219,111.137
19220,111.137
19221,102.582
19222,102.582
19223,102.582
19224,102.582
19225,102.582
19226,102.582
19227,102.582
19228,102.582
19229,102.582
19230,102.582
19231,102.582
19232,102.582
19233,102.582
19234,102.582
19235,102.582
19236,102.582
19237,102.582
19238,102.582
19239,102.582
19240,102.582
19241,107.576
19242,107.576
19243,107.576
19244,107.576
19245,107.576
19246,107.576
19247,107.576
19248,107.576
19249,107.576
19250,107.576
19251,107.576
19252,107.576
19253,107.576
19254,107.576
19255,107.576
19256,107.576
19257,107.576
19258,107.576
19259,107.576
19260,107.576
19261,114.371
19262,114.371
19263,114.371
19264,114.371
19265,114.371
19266,114.371
19267,114.371
19268,114.371
19269,114.371
19270,114.371
19271,114.371
19272,114.371
19273,114.371
19274,114.371
19275,114.371
19276,114.371
19277,114.371
19278,114.371
19279,114.371
19280,114.371
19281,106.252
19282,106.252
19283,106.252
19284,106.252
19285,106.252
19286,106.252
19287,106.252
19288,106.252
19289,106.252
19290,106.252
19291,106.252
19292,106.252
19293,106.252
19294,106.252
19295,106.252
19296,106.252
19297,106.252
19298,106.252
19299,106.252
19300,106.252
19301,101.806
19302,101.806
19303,101.806
19304,101.806
19305,101.806
19306,101.806
19307,101.806
19308,101.806
19309,101.806
19310,101.806
19311,101.806
19312,101.806
19313,101.806
19314,101.806
19315,101.806
19316,101.806
19317,101.806
19318,101.806
19319,101.806
19320,101.806
19321,114.098
19322,114.098
19323,114.098
19324,114.098
19325,114.098
19326,114.098
19327,114.098
19328,114.098
19329,114.098
19330,114.098
19331,114.098
19332,114.098
19333,114.098
19334,114.098
19335,114.098
19336,114.098
19337,114.098
19338,114.098
19339,114.098
19340,114.098
19341,107.687
19342,107.687
19343,107.687
19344,107.687
19345,107.687
19346,107.687
19347,107.687
19348,107.687
19349,107.687
19350,107.687
19351,107.687
19352,107.687
19353,107.687
19354,107.687
19355,107.687
19356,107.687
19357,107.687
19358,107.687
19359,107.687
19360,107.687
19361,101.806
19362,101.806
19363,101.806
19364,101.806
19365,101.806
19366,101.806
19367,101.806
19368,101.806
19369,101.806
19370,101.806
19371,101.806
19372,101.806
19373,101.806
19374,101.806
19375,101.806
19376,101.806
19377,101.806
19378,101.806
19379,101.806
19380,101.806
19381,101.806
19382,111.86
19383,111.86
19384,111.86
19385,111.86
19386,111.86
19387,111.86
19388,111.86
19389,111.86
19390,111.86
19391,111.86
19392,111.86
19393,111.86
19394,111.86
19395,111.86
19396,111.86
19397,111.86
19398,111.86
19399,111.86
19400,111.86
19401,111.86
19402,109.769
19403,109.769
19404,109.769
19405,109.769
19406,109.769
19407,109.769
19408,109.769
19409,109.769
19410,109.769
19411,109.769
19412,109.769
19413,109.769
19414,109.769
19415,109.769
19416,109.769
19417,109.769
19418,109.769
19419,109.769
19420,109.769
19421,109.769
19422,103.288
19423,103.288
19424,103.288
19425,103.288
19426,103.288
19427,103.288
19428,103.288
19429,103.288
19430,103.288
19431,103.288
19432,103.288
19433,103.288
19434,103.288
19435,103.288
19436,103.288
19437,103.288
19438,103.288
19439,103.288
19440,103.288
19441,103.288
19442,106.532
19443,106.532
19444,106.532
19445,106.532
19446,106.532
19447,106.532
19448,106.532
19449,106.532
19450,106.532
19451,106.532
19452,106.532
19453,106.532
19454,106.532
19455,106.532
19456,106.532
19457,106.532
19458,106.532
19459,106.532
19460,106.532
19461,106.532
19462,112.018
19463,112.018
19464,112.018
19465,112.018
19466,112.018
19467,112.018
19468,112.018
19469,112.018
19470,112.018
19471,112.018
19472,112.018
19473,112.018
19474,112.018
19475,112.018
19476,112.018
19477,112.018
19478,112.018
19479,112.018
19480,112.018
19481,112.018
19482,105.651
19483,105.651
19484,105.651
19485,105.651
19486,105.651
19487,105.651
19488,105.651
19489,105.651
19490,105.651
19491,105.651
19492,105.651
19493,105.651
19494,105.651
19495,105.651
19496,105.651
19497,105.651
19498,105.651
19499,105.651
19500,105.651
19501,105.651
19502,104.169
19503,104.169
19504,104.169
19505,104.169
19506,104.169
19507,104.169
19508,104.169
19509,104.169
19510,104.169
19511,104.169
19512,104.169
19513,104.169
19514,104.169
19515,104.169
19516,104.169
19517,104.169
19518,104.169
19519,104.169
19520,104.169
19521,104.169
19522,113.342
19523,113.342
19524,113.342
19525,113.342
19526,113.342
19527,113.342
19528,113.342
19529,113.342
19530,113.342
19531,113.342
19532,113.342
19533,113.342
19534,113.342
19535,113.342
19536,113.342
19537,113.342
19538,113.342
19539,113.342
19540,113.342
19541,113.342
19542,108.615
19543,108.615
19544,108.615
19545,108.615
19546,108.615
19547,108.615
19548,108.615
19549,108.615
19550,108.615
19551,108.615
19552,108.615
19553,108.615
19554,108.615
19555,108.615
19556,108.615
19557,108.615
19558,108.615
19559,108.615
19560,108.615
19561,108.615
19562,102.96
19563,102.96
19564,102.96
19565,102.96
19566,102.96
19567,102.96
19568,102.96
19569,102.96
19570,102.96
19571,102.96
19572,102.96
19573,102.96
19574,102.96
19575,102.96
19576,102.96
19577,102.96
19578,102.96
19579,102.96
19580,102.96
19581,102.96
19582,102.96
19583,114.706
19584,114.706
19585,114.706
19586,114.706
19587,114.706
19588,114.706
19589,114.706
19590,114.706
19591,114.706
19592,114.706
19593,114.706
19594,114.706
19595,114.706
19596,114.706
19597,114.706
19598,114.706
19599,114.706
19600,114.706
19601,114.706
19602,114.706
19603,108.615
19604,108.615
19605,108.615
19606,108.615
19607,108.615
19608,108.615
19609,108.615
19610,108.615
19611,108.615
19612,108.615
19613,108.615
19614,108.615
19615,108.615
19616,108.615
19617,108.615
19618,108.615
19619,108.615
19620,108.615
19621,108.615
19622,108.615
19623,100.324
19624,100.324
19625,100.324
19626,100.324
19627,100.324
19628,100.324
19629,100.324
19630,100.324
19631,100.324
19632,100.324
19633,100.324
19634,100.324
19635,100.324
19636,100.324
19637,100.324
19638,100.324
19639,100.324
19640,100.324
19641,100.324
19642,100.324
19643,114.979
19644,114.979
19645,114.979
19646,114.979
19647,114.979
19648,114.979
19649,114.979
19650,114.979
19651,114.979
19652,114.979
19653,114.979
19654,114.979
19655,114.979
19656,114.979
19657,114.979
19658,114.979
19659,114.979
19660,114.979
19661,114.979
19662,114.979
19663,109.93
19664,109.93
19665,109.93
19666,109.93
19667,109.93
19668,109.93
19669,109.93
19670,109.93
19671,109.93
19672,109.93
19673,109.93
19674,109.93
19675,109.93
19676,109.93
19677,109.93
19678,109.93
19679,109.93
19680,109.93
19681,109.93
19682,109.93
19683,101.806
19684,101.806
19685,101.806
19686,101.806
19687,101.806
19688,101.806
19689,101.806
19690,101.806
19691,101.806
19692,101.806
19693,101.806
19694,101.806
19695,101.806
19696,101.806
19697,101.806
19698,101.806
19699,101.806
19700,101.806
19701,101.806
19702,101.806
19703,111.86
19704,111.86
19705,111.86
19706,111.86
19707,111.86
19708,111.86
19709,111.86
19710,111.86
19711,111.86
19712,111.86
19713,111.86
19714,111.86
19715,111.86
19716,111.86
19717,111.86
19718,111.86
19719,111.86
19720,111.86
19721,111.86
19722,111.86
19723,111.41
19724,111.41
19725,111.41
19726,111.41
19727,111.41
19728,111.41
19729,111.41
19730,111.41
19731,111.41
19732,111.41
19733,111.41
19734,111.41
19735,111.41
19736,111.41
19737,111.41
19738,111.41
19739,111.41
19740,111.41
19741,111.41
19742,111.41
19743,111.41
19744,103.288
19745,103.288
19746,103.288
19747,103.288
19748,103.288
19749,103.288
19750,103.288
19751,103.288
19752,103.288
19753,103.288
19754,103.288
19755,103.288
19756,103.288
19757,103.288
19758,103.288
19759,103.288
19760,103.288
19761,103.288
19762,103.288
19763,103.288
19764,109.169
19765,109.169
19766,109.169
19767,109.169
19768,109.169
19769,109.169
19770,109.169
19771,109.169
19772,109.169
19773,109.169
19774,109.169
19775,109.169
19776,109.169
19777,109.169
19778,109.169
19779,109.169
19780,109.169
19781,109.169
19782,109.169
19783,109.169
19784,113.342
19785,113.342
19786,113.342
19787,113.342
19788,113.342
19789,113.342
19790,113.342
19791,113.342
19792,113.342
19793,113.342
19794,113.342
19795,113.342
19796,113.342
19797,113.342
19798,113.342
19799,113.342
19800,113.342
19801,113.342
19802,113.342
19803,113.342
19804,105.05
19805,105.05
19806,105.05
19807,105.05
19808,105.05
19809,105.05
19810,105.05
19811,105.05
19812,105.05
19813,105.05
19814,105.05
19815,105.05
19816,105.05
19817,105.05
19818,105.05
19819,105.05
19820,105.05
19821,105.05
19822,105.05
19823,105.05
19824,105.323
19825,105.323
19826,105.323
19827,105.323
19828,105.323
19829,105.323
19830,105.323
19831,105.323
19832,105.323
19833,105.323
19834,105.323
19835,105.323
19836,105.323
19837,105.323
19838,105.323
19839,105.323
19840,105.323
19841,105.323
19842,105.323
19843,105.323
19844,114.824
19845,114.824
19846,114.824
19847,114.824
19848,114.824
19849,114.824
19850,114.824
19851,114.824
19852,114.824
19853,114.824
19854,114.824
19855,114.824
19856,114.824
19857,114.824
19858,114.824
19859,114.824
19860,114.824
19861,114.824
19862,114.824
19863,114.824
19864,108.615
19865,108.615
19866,108.615
19867,108.615
19868,108.615
19869,108.615
19870,108.615
19871,108.615
19872,108.615
19873,108.615
19874,108.615
19875,108.615
19876,108.615
19877,108.615
19878,108.615
19879,108.615
19880,108.615
19881,108.615
19882,108.615
19883,108.615
19884,102.079
19885,102.079
19886,102.079
19887,102.079
19888,102.079
19889,102.079
19890,102.079
19891,102.079
19892,102.079
19893,102.079
19894,102.079
19895,102.079
19896,102.079
19897,102.079
19898,102.079
19899,102.079
19900,102.079
19901,102.079
19902,102.079
19903,102.079
19904,112.345
19905,112.345
19906,112.345
19907,112.345
19908,112.345
19909,112.345
19910,112.345
19911,112.345
19912,112.345
19913,112.345
19914,112.345
19915,112.345
19916,112.345
19917,112.345
19918,112.345
19919,112.345
19920,112.345
19921,112.345
19922,112.345
19923,112.345
19924,112.345
19925,109.384
19926,109.384
19927,109.384
19928,109.384
19929,109.384
19930,109.384
19931,109.384
19932,109.384
19933,109.384
19934,109.384
19935,109.384
19936,109.384
19937,109.384
19938,109.384
19939,109.384
19940,109.384
19941,109.384
19942,109.384
19943,109.384
19944,109.384
19945,101.205
19946,101.205
19947,101.205
19948,101.205
19949,101.205
19950,101.205
19951,101.205
19952,101.205
19953,101.205
19954,101.205
19955,101.205
19956,101.205
19957,101.205
19958,101.205
19959,101.205
19960,101.205
19961,101.205
19962,101.205
19963,101.205
19964,101.205
19965,109.657
19966,109.657
19967,109.657
19968,109.657
19969,109.657
19970,109.657
19971,109.657
19972,109.657
19973,109.657
19974,109.657
19975,109.657
19976,109.657
19977,109.657
19978,109.657
19979,109.657
19980,109.657
19981,109.657
19982,109.657
19983,109.657
19984,109.657
19985,109.657
19986,109.657
19987,109.657
19988,109.657
19989,109.657
19990,109.657
19991,109.657
19992,109.657
19993,109.657
19994,109.657
19995,109.657
19996,109.657
19997,109.657
19998,109.657
19999,109.657
20000,109.657
20001,109.657
20002,109.657
20003,109.657
20004,109.657
20005,102.079
20006,102.079
20007,102.079
20008,102.079
20009,102.079
20010,102.079
20011,102.079
20012,102.079
20013,102.079
20014,102.079
20015,102.079
20016,102.079
20017,102.079
20018,102.079
20019,102.079
20020,102.079
20021,102.079
20022,102.079
20023,102.079
20024,102.079
20025,105.924
20026,105.924
20027,105.924
20028,105.924
20029,105.924
20030,105.924
20031,105.924
20032,105.924
20033,105.924
20034,105.924
20035,105.924
20036,105.924
20037,105.924
20038,105.924
20039,105.924
20040,105.924
20041,105.924
20042,105.924
20043,105.924
20044,105.924
20045,111.251
20046,111.251
20047,111.251
20048,111.251
20049,111.251
20050,111.251
20051,111.251
20052,111.251
20053,111.251
20054,111.251
20055,111.251
20056,111.251
20057,111.251
20058,111.251
20059,111.251
20060,111.251
20061,111.251
20062,111.251
20063,111.251
20064,111.251
20065,105.924
20066,105.924
20067,105.924
20068,105.924
20069,105.924
20070,105.924
20071,105.924
20072,105.924
20073,105.924
20074,105.924
20075,105.924
20076,105.924
20077,105.924
20078,105.924
20079,105.924
20080,105.924
20081,105.924
20082,105.924
20083,105.924
20084,105.924
20085,103.288
20086,103.288
20087,103.288
20088,103.288
20089,103.288
20090,103.288
20091,103.288
20092,103.288
20093,103.288
20094,103.288
20095,103.288
20096,103.288
20097,103.288
20098,103.288
20099,103.288
20100,103.288
20101,103.288
20102,103.288
20103,103.288
20104,103.288
20105,113.615
20106,113.615
20107,113.615
20108,113.615
20109,113.615
20110,113.615
20111,113.615
20112,113.615
20113,113.615
20114,113.615
20115,113.615
20116,113.615
20117,113.615
20118,113.615
20119,113.615
20120,113.615
20121,113.615
20122,113.615
20123,113.615
20124,113.615
20125,108.888
20126,108.888
20127,108.888
20128,108.888
20129,108.888
20130,108.888
20131,108.888
20132,108.888
20133,108.888
20134,108.888
20135,108.888
20136,108.888
20137,108.888
20138,108.888
20139,108.888
20140,108.888
20141,108.888
20142,108.888
20143,108.888
20144,108.888
20145,100.324
20146,100.324
20147,100.324
20148,100.324
20149,100.324
20150,100.324
20151,100.324
20152,100.324
20153,100.324
20154,100.324
20155,100.324
20156,100.324
20157,100.324
20158,100.324
20159,100.324
20160,100.324
20161,100.324
20162,100.324
20163,100.324
20164,100.324
20165,100.324
20166,116.251
20167,116.251
20168,116.251
20169,116.251
20170,116.251
20171,116.251
20172,116.251
20173,116.251
20174,116.251
20175,116.251
20176,116.251
20177,116.251
20178,116.251
20179,116.251
20180,116.251
20181,116.251
20182,116.251
20183,116.251
20184,116.251
20185,116.251
20186,108.287
20187,108.287
20188,108.287
20189,108.287
20190,108.287
20191,108.287
20192,108.287
20193,108.287
20194,108.287
20195,108.287
20196,108.287
20197,108.287
20198,108.287
20199,108.287
20200,108.287
20201,108.287
20202,108.287
20203,108.287
20204,108.287
20205,108.287
20206,99.723
20207,99.723
20208,99.723
20209,99.723
20210,99.723
20211,99.723
20212,99.723
20213,99.723
20214,99.723
20215,99.723
20216,99.723
20217,99.723
20218,99.723
20219,99.723
20220,99.723
20221,99.723
20222,99.723
20223,99.723
20224,99.723
20225,99.723
20226,114.824
20227,114.824
20228,114.824
20229,114.824
20230,114.824
20231,114.824
20232,114.824
20233,114.824
20234,114.824
20235,114.824
20236,114.824
20237,114.824
20238,114.824
20239,114.824
20240,114.824
20241,114.824
20242,114.824
20243,114.824
20244,114.824
20245,114.824
20246,110.042
20247,110.042
20248,110.042
20249,110.042
20250,110.042
20251,110.042
20252,110.042
20253,110.042
20254,110.042
20255,110.042
20256,110.042
20257,110.042
20258,110.042
20259,110.042
20260,110.042
20261,110.042
20262,110.042
20263,110.042
20264,110.042
20265,110.042
20266,103.288
20267,103.288
20268,103.288
20269,103.288
20270,103.288
20271,103.288
20272,103.288
20273,103.288
20274,103.288
20275,103.288
20276,103.288
20277,103.288
20278,103.288
20279,103.288
20280,103.288
20281,103.288
20282,103.288
20283,103.288
20284,103.288
20285,103.288
20286,111.251
20287,111.251
20288,111.251
20289,111.251
20290,111.251
20291,111.251
20292,111.251
20293,111.251
20294,111.251
20295,111.251
20296,111.251
20297,111.251
20298,111.251
20299,111.251
20300,111.251
20301,111.251
20302,111.251
20303,111.251
20304,111.251
20305,111.251
20306,110.651
20307,110.651
20308,110.651
20309,110.651
20310,110.651
20311,110.651
20312,110.651
20313,110.651
20314,110.651
20315,110.651
20316,110.651
20317,110.651
20318,110.651
20319,110.651
20320,110.651
20321,110.651
20322,110.651
20323,110.651
20324,110.651
20325,110.651
20326,104.442
20327,104.442
20328,104.442
20329,104.442
20330,104.442
20331,104.442
20332,104.442
20333,104.442
20334,104.442
20335,104.442
20336,104.442
20337,104.442
20338,104.442
20339,104.442
20340,104.442
20341,104.442
20342,104.442
20343,104.442
20344,104.442
20345,104.442
20346,108.888
20347,108.888
20348,108.888
20349,108.888
20350,108.888
20351,108.888
20352,108.888
20353,108.888
20354,108.888
20355,108.888
20356,108.888
20357,108.888
20358,108.888
20359,108.888
20360,108.888
20361,108.888
20362,108.888
20363,108.888
20364,108.888
20365,108.888
20366,108.888
20367,114.215
20368,114.215
20369,114.215
20370,114.215
20371,114.215
20372,114.215
20373,114.215
20374,114.215
20375,114.215
20376,114.215
20377,114.215
20378,114.215
20379,114.215
20380,114.215
20381,114.215
20382,114.215
20383,114.215
20384,114.215
20385,114.215
20386,114.215
20387,106.805
20388,106.805
20389,106.805
20390,106.805
20391,106.805
20392,106.805
20393,106.805
20394,106.805
20395,106.805
20396,106.805
20397,106.805
20398,106.805
20399,106.805
20400,106.805
20401,106.805
20402,106.805
20403,106.805
20404,106.805
20405,106.805
20406,106.805
20407,105.651
20408,105.651
20409,105.651
20410,105.651
20411,105.651
20412,105.651
20413,105.651
20414,105.651
20415,105.651
20416,105.651
20417,105.651
20418,105.651
20419,105.651
20420,105.651
20421,105.651
20422,105.651
20423,105.651
20424,105.651
20425,105.651
20426,105.651
20427,114.215
20428,114.215
20429,114.215
20430,114.215
20431,114.215
20432,114.215
20433,114.215
20434,114.215
20435,114.215
20436,114.215
20437,114.215
20438,114.215
20439,114.215
20440,114.215
20441,114.215
20442,114.215
20443,114.215
20444,114.215
20445,114.215
20446,114.215
20447,107.687
20448,107.687
20449,107.687
20450,107.687
20451,107.687
20452,107.687
20453,107.687
20454,107.687
20455,107.687
20456,107.687
20457,107.687
20458,107.687
20459,107.687
20460,107.687
20461,107.687
20462,107.687
20463,107.687
20464,107.687
20465,107.687
20466,107.687
20467,101.205
20468,101.205
20469,101.205
20470,101.205
20471,101.205
20472,101.205
20473,101.205
20474,101.205
20475,101.205
20476,101.205
20477,101.205
20478,101.205
20479,101.205
20480,101.205
20481,101.205
20482,101.205
20483,101.205
20484,101.205
20485,101.205
20486,101.205
20487,115.37
20488,115.37
20489,115.37
20490,115.37
20491,115.37
20492,115.37
20493,115.37
20494,115.37
20495,115.37
20496,115.37
20497,115.37
20498,115.37
20499,115.37
20500,115.37
20501,115.37
20502,115.37
20503,115.37
20504,115.37
20505,115.37
20506,115.37
20507,108.014
20508,108.014
20509,108.014
20510,108.014
20511,108.014
20512,108.014
20513,108.014
20514,108.014
20515,108.014
20516,108.014
20517,108.014
20518,108.014
20519,108.014
20520,108.014
20521,108.014
20522,108.014
20523,108.014
20524,108.014
20525,108.014
20526,108.014
20527,101.533
20528,101.533
20529,101.533
20530,101.533
20531,101.533
20532,101.533
20533,101.533
20534,101.533
20535,101.533
20536,101.533
20537,101.533
20538,101.533
20539,101.533
20540,101.533
20541,101.533
20542,101.533
20543,101.533
20544,101.533
20545,101.533
20546,101.533
20547,113.006
20548,113.006
20549,113.006
20550,113.006
20551,113.006
20552,113.006
20553,113.006
20554,113.006
20555,113.006
20556,113.006
20557,113.006
20558,113.006
20559,113.006
20560,113.006
20561,113.006
20562,113.006
20563,113.006
20564,113.006
20565,113.006
20566,113.006
20567,108.888
20568,108.888
20569,108.888
20570,108.888
20571,108.888
20572,108.888
20573,108.888
20574,108.888
20575,108.888
20576,108.888
20577,108.888
20578,108.888
20579,108.888
20580,108.888
20581,108.888
20582,108.888
20583,108.888
20584,108.888
20585,108.888
20586,108.888
20587,102.687
20588,102.687
20589,102.687
20590,102.687
20591,102.687
20592,102.687
20593,102.687
20594,102.687
20595,102.687
20596,102.687
20597,102.687
20598,102.687
20599,102.687
20600,102.687
20601,102.687
20602,102.687
20603,102.687
20604,102.687
20605,102.687
20606,102.687
20607,102.687
20608,111.251
20609,111.251
20610,111.251
20611,111.251
20612,111.251
20613,111.251
20614,111.251
20615,111.251
20616,111.251
20617,111.251
20618,111.251
20619,111.251
20620,111.251
20621,111.251
20622,111.251
20623,111.251
20624,111.251
20625,111.251
20626,111.251
20627,111.251
20628,109.769
20629,109.769
20630,109.769
20631,109.769
20632,109.769
20633,109.769
20634,109.769
20635,109.769
20636,109.769
20637,109.769
20638,109.769
20639,109.769
20640,109.769
20641,109.769
20642,109.769
20643,109.769
20644,109.769
20645,109.769
20646,109.769
20647,109.769
20648,104.169
20649,104.169
20650,104.169
20651,104.169
20652,104.169
20653,104.169
20654,104.169
20655,104.169
20656,104.169
20657,104.169
20658,104.169
20659,104.169
20660,104.169
20661,104.169
20662,104.169
20663,104.169
20664,104.169
20665,104.169
20666,104.169
20667,104.169
20668,108.615
20669,108.615
20670,108.615
20671,108.615
20672,108.615
20673,108.615
20674,108.615
20675,108.615
20676,108.615
20677,108.615
20678,108.615
20679,108.615
20680,108.615
20681,108.615
20682,108.615
20683,108.615
20684,108.615
20685,108.615
20686,108.615
20687,108.615
20688,110.978
20689,110.978
20690,110.978
20691,110.978
20692,110.978
20693,110.978
20694,110.978
20695,110.978
20696,110.978
20697,110.978
20698,110.978
20699,110.978
20700,110.978
20701,110.978
20702,110.978
20703,110.978
20704,110.978
20705,110.978
20706,110.978
20707,110.978
20708,110.978
20709,105.651
20710,105.651
20711,105.651
20712,105.651
20713,105.651
20714,105.651
20715,105.651
20716,105.651
20717,105.651
20718,105.651
20719,105.651
20720,105.651
20721,105.651
20722,105.651
20723,105.651
20724,105.651
20725,105.651
20726,105.651
20727,105.651
20728,105.651
20729,108.888
20730,108.888
20731,108.888
20732,108.888
20733,108.888
20734,108.888
20735,108.888
20736,108.888
20737,108.888
20738,108.888
20739,108.888
20740,108.888
20741,108.888
20742,108.888
20743,108.888
20744,108.888
20745,108.888
20746,108.888
20747,108.888
20748,108.888
20749,111.86
20750,111.86
20751,111.86
20752,111.86
20753,111.86
20754,111.86
20755,111.86
20756,111.86
20757,111.86
20758,111.86
20759,111.86
20760,111.86
20761,111.86
20762,111.86
20763,111.86
20764,111.86
20765,111.86
20766,111.86
20767,111.86
20768,111.86
20769,107.406
20770,107.406
20771,107.406
20772,107.406
20773,107.406
20774,107.406
20775,107.406
20776,107.406
20777,107.406
20778,107.406
20779,107.406
20780,107.406
20781,107.406
20782,107.406
20783,107.406
20784,107.406
20785,107.406
20786,107.406
20787,107.406
20788,107.406
20789,102.687
20790,102.687
20791,102.687
20792,102.687
20793,102.687
20794,102.687
20795,102.687
20796,102.687
20797,102.687
20798,102.687
20799,102.687
20800,102.687
20801,102.687
20802,102.687
20803,102.687
20804,102.687
20805,102.687
20806,102.687
20807,102.687
20808,102.687
20809,114.824
20810,114.824
20811,114.824
20812,114.824
20813,114.824
20814,114.824
20815,114.824
20816,114.824
20817,114.824
20818,114.824
20819,114.824
20820,114.824
20821,114.824
20822,114.824
20823,114.824
20824,114.824
20825,114.824
20826,114.824
20827,114.824
20828,114.824
20829,108.888
20830,108.888
20831,108.888
20832,108.888
20833,108.888
20834,108.888
20835,108.888
20836,108.888
20837,108.888
20838,108.888
20839,108.888
20840,108.888
20841,108.888
20842,108.888
20843,108.888
20844,108.888
20845,108.888
20846,108.888
20847,108.888
20848,108.888
20849,101.205
20850,101.205
20851,101.205
20852,101.205
20853,101.205
20854,101.205
20855,101.205
20856,101.205
20857,101.205
20858,101.205
20859,101.205
20860,101.205
20861,101.205
20862,101.205
20863,101.205
20864,101.205
20865,101.205
20866,101.205
20867,101.205
20868,101.205
20869,115.697
20870,115.697
20871,115.697
20872,115.697
20873,115.697
20874,115.697
20875,115.697
20876,115.697
20877,115.697
20878,115.697
20879,115.697
20880,115.697
20881,115.697
20882,115.697
20883,115.697
20884,115.697
20885,115.697
20886,115.697
20887,115.697
20888,115.697
20889,108.888
20890,108.888
20891,108.888
20892,108.888
20893,108.888
20894,108.888
20895,108.888
20896,108.888
20897,108.888
20898,108.888
20899,108.888
20900,108.888
20901,108.888
20902,108.888
20903,108.888
20904,108.888
20905,108.888
20906,108.888
20907,108.888
20908,108.888
20909,102.079
20910,102.079
20911,102.079
20912,102.079
20913,102.079
20914,102.079
20915,102.079
20916,102.079
20917,102.079
20918,102.079
20919,102.079
20920,102.079
20921,102.079
20922,102.079
20923,102.079
20924,102.079
20925,102.079
20926,102.079
20927,102.079
20928,102.079
20929,102.079
20930,113.615
20931,113.615
20932,113.615
20933,113.615
20934,113.615
20935,113.615
20936,113.615
20937,113.615
20938,113.615
20939,113.615
20940,113.615
20941,113.615
20942,113.615
20943,113.615
20944,113.615
20945,113.615
20946,113.615
20947,113.615
20948,113.615
20949,113.615
20950,110.651
20951,110.651
20952,110.651
20953,110.651
20954,110.651
20955,110.651
20956,110.651
20957,110.651
20958,110.651
20959,110.651
20960,110.651
20961,110.651
20962,110.651
20963,110.651
20964,110.651
20965,110.651
20966,110.651
20967,110.651
20968,110.651
20969,110.651
20970,103.896
20971,103.896
20972,103.896
20973,103.896
20974,103.896
20975,103.896
20976,103.896
20977,103.896
20978,103.896
20979,103.896
20980,103.896
20981,103.896
20982,103.896
20983,103.896
20984,103.896
20985,103.896
20986,103.896
20987,103.896
20988,103.896
20989,103.896
20990,108.287
20991,108.287
20992,108.287
20993,108.287
20994,108.287
20995,108.287
20996,108.287
20997,108.287
20998,108.287
20999,108.287
21000,108.287
21001,108.287
21002,108.287
21003,108.287
21004,108.287
21005,108.287
21006,108.287
21007,108.287
21008,108.287
21009,108.287
21010,112.733
21011,112.733
21012,112.733
21013,112.733
21014,112.733
21015,112.733
21016,112.733
21017,112.733
21018,112.733
21019,112.733
21020,112.733
21021,112.733
21022,112.733
21023,112.733
21024,112.733
21025,112.733
21026,112.733
21027,112.733
21028,112.733
21029,112.733
21030,105.651
21031,105.651
21032,105.651
21033,105.651
21034,105.651
21035,105.651
21036,105.651
21037,105.651
21038,105.651
21039,105.651
21040,105.651
21041,105.651
21042,105.651
21043,105.651
21044,105.651
21045,105.651
21046,105.651
21047,105.651
21048,105.651
21049,105.651
21050,105.323
21051,105.323
21052,105.323
21053,105.323
21054,105.323
21055,105.323
21056,105.323
21057,105.323
21058,105.323
21059,105.323
21060,105.323
21061,105.323
21062,105.323
21063,105.323
21064,105.323
21065,105.323
21066,105.323
21067,105.323
21068,105.323
21069,105.323
21070,114.371
21071,114.371
21072,114.371
21073,114.371
21074,114.371
21075,114.371
21076,114.371
21077,114.371
21078,114.371
21079,114.371
21080,114.371
21081,114.371
21082,114.371
21083,114.371
21084,114.371
21085,114.371
21086,114.371
21087,114.371
21088,114.371
21089,114.371
21090,108.176
21091,108.176
21092,108.176
21093,108.176
21094,108.176
21095,108.176
21096,108.176
21097,108.176
21098,108.176
21099,108.176
21100,108.176
21101,108.176
21102,108.176
21103,108.176
21104,108.176
21105,108.176
21106,108.176
21107,108.176
21108,108.176
21109,108.176
21110,99.45
21111,99.45
21112,99.45
21113,99.45
21114,99.45
21115,99.45
21116,99.45
21117,99.45
21118,99.45
21119,99.45
21120,99.45
21121,99.45
21122,99.45
21123,99.45
21124,99.45
21125,99.45
21126,99.45
21127,99.45
21128,99.45
21129,99.45
21130,99.45
21131,115.697
21132,115.697
21133,115.697
21134,115.697
21135,115.697
21136,115.697
21137,115.697
21138,115.697
21139,115.697
21140,115.697
21141,115.697
21142,115.697
21143,115.697
21144,115.697
21145,115.697
21146,115.697
21147,115.697
21148,115.697
21149,115.697
21150,115.697
21151,108.888
21152,108.888
21153,108.888
21154,108.888
21155,108.888
21156,108.888
21157,108.888
21158,108.888
21159,108.888
21160,108.888
21161,108.888
21162,108.888
21163,108.888
21164,108.888
21165,108.888
21166,108.888
21167,108.888
21168,108.888
21169,108.888
21170,108.888
21171,101.806
21172,101.806
21173,101.806
21174,101.806
21175,101.806
21176,101.806
21177,101.806
21178,101.806
21179,101.806
21180,101.806
21181,101.806
21182,101.806
21183,101.806
21184,101.806
21185,101.806
21186,101.806
21187,101.806
21188,101.806
21189,101.806
21190,101.806
21191,110.865
21192,110.865
21193,110.865
21194,110.865
21195,110.865
21196,110.865
21197,110.865
21198,110.865
21199,110.865
21200,110.865
21201,110.865
21202,110.865
21203,110.865
21204,110.865
21205,110.865
21206,110.865
21207,110.865
21208,110.865
21209,110.865
21210,110.865
21211,110.37
21212,110.37
21213,110.37
21214,110.37
21215,110.37
21216,110.37
21217,110.37
21218,110.37
21219,110.37
21220,110.37
21221,110.37
21222,110.37
21223,110.37
21224,110.37
21225,110.37
21226,110.37
21227,110.37
21228,110.37
21229,110.37
21230,110.37
21231,103.288
21232,103.288
21233,103.288
21234,103.288
21235,103.288
21236,103.288
21237,103.288
21238,103.288
21239,103.288
21240,103.288
21241,103.288
21242,103.288
21243,103.288
21244,103.288
21245,103.288
21246,103.288
21247,103.288
21248,103.288
21249,103.288
21250,103.288
21251,108.615
21252,108.615
21253,108.615
21254,108.615
21255,108.615
21256,108.615
21257,108.615
21258,108.615
21259,108.615
21260,108.615
21261,108.615
21262,108.615
21263,108.615
21264,108.615
21265,108.615
21266,108.615
21267,108.615
21268,108.615
21269,108.615
21270,108.615
21271,111.86
21272,111.86
21273,111.86
21274,111.86
21275,111.86
21276,111.86
21277,111.86
21278,111.86
21279,111.86
21280,111.86
21281,111.86
21282,111.86
21283,111.86
21284,111.86
21285,111.86
21286,111.86
21287,111.86
21288,111.86
21289,111.86
21290,111.86
21291,104.77
21292,104.77
21293,104.77
21294,104.77
21295,104.77
21296,104.77
21297,104.77
21298,104.77
21299,104.77
21300,104.77
21301,104.77
21302,104.77
21303,104.77
21304,104.77
21305,104.77
21306,104.77
21307,104.77
21308,104.77
21309,104.77
21310,104.77
21311,104.442
21312,104.442
21313,104.442
21314,104.442
21315,104.442
21316,104.442
21317,104.442
21318,104.442
21319,104.442
21320,104.442
21321,104.442
21322,104.442
21323,104.442
21324,104.442
21325,104.442
21326,104.442
21327,104.442
21328,104.442
21329,104.442
21330,104.442
21331,104.442
21332,112.89
21333,112.89
21334,112.89
21335,112.89
21336,112.89
21337,112.89
21338,112.89
21339,112.89
21340,112.89
21341,112.89
21342,112.89
21343,112.89
21344,112.89
21345,112.89
21346,112.89
21347,112.89
21348,112.89
21349,112.89
21350,112.89
21351,112.89
21352,106.252
21353,106.252
21354,106.252
21355,106.252
21356,106.252
21357,106.252
21358,106.252
21359,106.252
21360,106.252
21361,106.252
21362,106.252
21363,106.252
21364,106.252
21365,106.252
21366,106.252
21367,106.252
21368,106.252
21369,106.252
21370,106.252
21371,106.252
21372,98.842
21373,98.842
21374,98.842
21375,98.842
21376,98.842
21377,98.842
21378,98.842
21379,98.842
21380,98.842
21381,98.842
21382,98.842
21383,98.842
21384,98.842
21385,98.842
21386,98.842
21387,98.842
21388,98.842
21389,98.842
21390,98.842
21391,98.842
21392,116.579
21393,116.579
21394,116.579
21395,116.579
21396,116.579
21397,116.579
21398,116.579
21399,116.579
21400,116.579
21401,116.579
21402,116.579
21403,116.579
21404,116.579
21405,116.579
21406,116.579
21407,116.579
21408,116.579
21409,116.579
21410,116.579
21411,116.579
21412,108.888
21413,108.888
21414,108.888
21415,108.888
21416,108.888
21417,108.888
21418,108.888
21419,108.888
21420,108.888
21421,108.888
21422,108.888
21423,108.888
21424,108.888
21425,108.888
21426,108.888
21427,108.888
21428,108.888
21429,108.888
21430,108.888
21431,108.888
21432,100.324
21433,100.324
21434,100.324
21435,100.324
21436,100.324
21437,100.324
21438,100.324
21439,100.324
21440,100.324
21441,100.324
21442,100.324
21443,100.324
21444,100.324
21445,100.324
21446,100.324
21447,100.324
21448,100.324
21449,100.324
21450,100.324
21451,100.324
21452,113.615
21453,113.615
21454,113.615
21455,113.615
21456,113.615
21457,113.615
21458,113.615
21459,113.615
21460,113.615
21461,113.615
21462,113.615
21463,113.615
21464,113.615
21465,113.615
21466,113.615
21467,113.615
21468,113.615
21469,113.615
21470,113.615
21471,113.615
21472,108.888
21473,108.888
21474,108.888
21475,108.888
21476,108.888
21477,108.888
21478,108.888
21479,108.888
21480,108.888
21481,108.888
21482,108.888
21483,108.888
21484,108.888
21485,108.888
21486,108.888
21487,108.888
21488,108.888
21489,108.888
21490,108.888
21491,108.888
21492,101.533
21493,101.533
21494,101.533
21495,101.533
21496,101.533
21497,101.533
21498,101.533
21499,101.533
21500,101.533
21501,101.533
21502,101.533
21503,101.533
21504,101.533
21505,101.533
21506,101.533
21507,101.533
21508,101.533
21509,101.533
21510,101.533
21511,101.533
21512,112.46
21513,112.46
21514,112.46
21515,112.46
21516,112.46
21517,112.46
21518,112.46
21519,112.46
21520,112.46
21521,112.46
21522,112.46
21523,112.46
21524,112.46
21525,112.46
21526,112.46
21527,112.46
21528,112.46
21529,112.46
21530,112.46
21531,112.46
21532,112.46
21533,110.042
21534,110.042
21535,110.042
21536,110.042
21537,110.042
21538,110.042
21539,110.042
21540,110.042
21541,110.042
21542,110.042
21543,110.042
21544,110.042
21545,110.042
21546,110.042
21547,110.042
21548,110.042
21549,110.042
21550,110.042
21551,110.042
21552,110.042
21553,102.96
21554,102.96
21555,102.96
21556,102.96
21557,102.96
21558,102.96
21559,102.96
21560,102.96
21561,102.96
21562,102.96
21563,102.96
21564,102.96
21565,102.96
21566,102.96
21567,102.96
21568,102.96
21569,102.96
21570,102.96
21571,102.96
21572,102.96
21573,108.615
21574,108.615
21575,108.615
21576,108.615
21577,108.615
21578,108.615
21579,108.615
21580,108.615
21581,108.615
21582,108.615
21583,108.615
21584,108.615
21585,108.615
21586,108.615
21587,108.615
21588,108.615
21589,108.615
21590,108.615
21591,108.615
21592,108.615
21593,113.006
21594,113.006
21595,113.006
21596,113.006
21597,113.006
21598,113.006
21599,113.006
21600,113.006
21601,113.006
21602,113.006
21603,113.006
21604,113.006
21605,113.006
21606,113.006
21607,113.006
21608,113.006
21609,113.006
21610,113.006
21611,113.006
21612,113.006
21613,113.006
21614,104.442
21615,104.442
21616,104.442
21617,104.442
21618,104.442
21619,104.442
21620,104.442
21621,104.442
21622,104.442
21623,104.442
21624,104.442
21625,104.442
21626,104.442
21627,104.442
21628,104.442
21629,104.442
21630,104.442
21631,104.442
21632,104.442
21633,105.323
21634,105.323
21635,105.323
21636,105.323
21637,105.323
21638,105.323
21639,105.323
21640,105.323
21641,105.323
21642,105.323
21643,105.323
21644,105.323
21645,105.323
21646,105.323
21647,105.323
21648,105.323
21649,105.323
21650,105.323
21651,105.323
21652,105.323
21653,114.824
21654,114.824
21655,114.824
21656,114.824
21657,114.824
21658,114.824
21659,114.824
21660,114.824
21661,114.824
21662,114.824
21663,114.824
21664,114.824
21665,114.824
21666,114.824
21667,114.824
21668,114.824
21669,114.824
21670,114.824
21671,114.824
21672,114.824
21673,106.532
21674,106.532
21675,106.532
21676,106.532
21677,106.532
21678,106.532
21679,106.532
21680,106.532
21681,106.532
21682,106.532
21683,106.532
21684,106.532
21685,106.532
21686,106.532
21687,106.532
21688,106.532
21689,106.532
21690,106.532
21691,106.532
21692,106.532
21693,106.532
21694,102.079
21695,102.079
21696,102.079
21697,102.079
21698,102.079
21699,102.079
21700,102.079
21701,102.079
21702,102.079
21703,102.079
21704,102.079
21705,102.079
21706,102.079
21707,102.079
21708,102.079
21709,102.079
21710,102.079
21711,102.079
21712,102.079
21713,114.488
21714,114.488
21715,114.488
21716,114.488
21717,114.488
21718,114.488
21719,114.488
21720,114.488
21721,114.488
21722,114.488
21723,114.488
21724,114.488
21725,114.488
21726,114.488
21727,114.488
21728,114.488
21729,114.488
21730,114.488
21731,114.488
21732,114.488
21733,114.488
21734,107.406
21735,107.406
21736,107.406
21737,107.406
21738,107.406
21739,107.406
21740,107.406
21741,107.406
21742,107.406
21743,107.406
21744,107.406
21745,107.406
21746,107.406
21747,107.406
21748,107.406
21749,107.406
21750,107.406
21751,107.406
21752,107.406
21753,107.406
21754,101.205
21755,101.205
21756,101.205
21757,101.205
21758,101.205
21759,101.205
21760,101.205
21761,101.205
21762,101.205
21763,101.205
21764,101.205
21765,101.205
21766,101.205
21767,101.205
21768,101.205
21769,101.205
21770,101.205
21771,101.205
21772,101.205
21773,101.205
21774,110.651
21775,110.651
21776,110.651
21777,110.651
21778,110.651
21779,110.651
21780,110.651
21781,110.651
21782,110.651
21783,110.651
21784,110.651
21785,110.651
21786,110.651
21787,110.651
21788,110.651
21789,110.651
21790,110.651
21791,110.651
21792,110.651
21793,110.651
21794,108.615
21795,108.615
21796,108.615
21797,108.615
21798,108.615
21799,108.615
21800,108.615
21801,108.615
21802,108.615
21803,108.615
21804,108.615
21805,108.615
21806,108.615
21807,108.615
21808,108.615
21809,108.615
21810,108.615
21811,108.615
21812,108.615
21813,108.615
21814,108.615
21815,103.288
21816,103.288
21817,103.288
21818,103.288
21819,103.288
21820,103.288
21821,103.288
21822,103.288
21823,103.288
21824,103.288
21825,103.288
21826,103.288
21827,103.288
21828,103.288
21829,103.288
21830,103.288
21831,103.288
21832,103.288
21833,103.288
21834,103.288
21835,110.042
21836,110.042
21837,110.042
21838,110.042
21839,110.042
21840,110.042
21841,110.042
21842,110.042
21843,110.042
21844,110.042
21845,110.042
21846,110.042
21847,110.042
21848,110.042
21849,110.042
21850,110.042
21851,110.042
21852,110.042
21853,110.042
21854,110.042
21855,110.042
21856,110.042
21857,110.042
21858,110.042
21859,110.042
21860,110.042
21861,110.042
21862,110.042
21863,110.042
21864,110.042
21865,110.042
21866,110.042
21867,110.042
21868,110.042
21869,110.042
21870,110.042
21871,110.042
21872,110.042
21873,110.042
21874,105.323
21875,105.323
21876,105.323
21877,105.323
21878,105.323
21879,105.323
21880,105.323
21881,105.323
21882,105.323
21883,105.323
21884,105.323
21885,105.323
21886,105.323
21887,105.323
21888,105.323
21889,105.323
21890,105.323
21891,105.323
21892,105.323
21893,105.323
21894,106.805
21895,106.805
21896,106.805
21897,106.805
21898,106.805
21899,106.805
21900,106.805
21901,106.805
21902,106.805
21903,106.805
21904,106.805
21905,106.805
21906,106.805
21907,106.805
21908,106.805
21909,106.805
21910,106.805
21911,106.805
21912,106.805
21913,106.805
21914,106.805
21915,112.733
21916,112.733
21917,112.733
21918,112.733
21919,112.733
21920,112.733
21921,112.733
21922,112.733
21923,112.733
21924,112.733
21925,112.733
21926,112.733
21927,112.733
21928,112.733
21929,112.733
21930,112.733
21931,112.733
21932,112.733
21933,112.733
21934,112.733
21935,106.805
21936,106.805
21937,106.805
21938,106.805
21939,106.805
21940,106.805
21941,106.805
21942,106.805
21943,106.805
21944,106.805
21945,106.805
21946,106.805
21947,106.805
21948,106.805
21949,106.805
21950,106.805
21951,106.805
21952,106.805
21953,106.805
21954,106.805
21955,98.241
21956,98.241
21957,98.241
21958,98.241
21959,98.241
21960,98.241
21961,98.241
21962,98.241
21963,98.241
21964,98.241
21965,98.241
21966,98.241
21967,98.241
21968,98.241
21969,98.241
21970,98.241
21971,98.241
21972,98.241
21973,98.241
21974,98.241
21975,115.37
21976,115.37
21977,115.37
21978,115.37
21979,115.37
21980,115.37
21981,115.37
21982,115.37
21983,115.37
21984,115.37
21985,115.37
21986,115.37
21987,115.37
21988,115.37
21989,115.37
21990,115.37
21991,115.37
21992,115.37
21993,115.37
21994,115.37
21995,108.888
21996,108.888
21997,108.888
21998,108.888
21999,108.888
22000,108.888
22001,108.888
22002,108.888
22003,108.888
22004,108.888
22005,108.888
22006,108.888
22007,108.888
22008,108.888
22009,108.888
22010,108.888
22011,108.888
22012,108.888
22013,108.888
22014,108.888
22015,108.888
22016,100.932
22017,100.932
22018,100.932
22019,100.932
22020,100.932
22021,100.932
22022,100.932
22023,100.932
22024,100.932
22025,100.932
22026,100.932
22027,100.932
22028,100.932
22029,100.932
22030,100.932
22031,100.932
22032,100.932
22033,100.932
22034,100.932
22035,113.342
22036,113.342
22037,113.342
22038,113.342
22039,113.342
22040,113.342
22041,113.342
22042,113.342
22043,113.342
22044,113.342
22045,113.342
22046,113.342
22047,113.342
22048,113.342
22049,113.342
22050,113.342
22051,113.342
22052,113.342
22053,113.342
22054,113.342
22055,110.042
22056,110.042
22057,110.042
22058,110.042
22059,110.042
22060,110.042
22061,110.042
22062,110.042
22063,110.042
22064,110.042
22065,110.042
22066,110.042
22067,110.042
22068,110.042
22069,110.042
22070,110.042
22071,110.042
22072,110.042
22073,110.042
22074,110.042
22075,102.414
22076,102.414
22077,102.414
22078,102.414
22079,102.414
22080,102.414
22081,102.414
22082,102.414
22083,102.414
22084,102.414
22085,102.414
22086,102.414
22087,102.414
22088,102.414
22089,102.414
22090,102.414
22091,102.414
22092,102.414
22093,102.414
22094,102.414
22095,109.769
22096,109.769
22097,109.769
22098,109.769
22099,109.769
22100,109.769
22101,109.769
22102,109.769
22103,109.769
22104,109.769
22105,109.769
22106,109.769
22107,109.769
22108,109.769
22109,109.769
22110,109.769
22111,109.769
22112,109.769
22113,109.769
22114,109.769
22115,109.769
22116,112.733
22117,112.733
22118,112.733
22119,112.733
22120,112.733
22121,112.733
22122,112.733
22123,112.733
22124,112.733
22125,112.733
22126,112.733
22127,112.733
22128,112.733
22129,112.733
22130,112.733
22131,112.733
22132,112.733
22133,112.733
22134,112.733
22135,112.733
22136,105.05
22137,105.05
22138,105.05
22139,105.05
22140,105.05
22141,105.05
22142,105.05
22143,105.05
22144,105.05
22145,105.05
22146,105.05
22147,105.05
22148,105.05
22149,105.05
22150,105.05
22151,105.05
22152,105.05
22153,105.05
22154,105.05
22155,105.05
22156,108.014
22157,108.014
22158,108.014
22159,108.014
22160,108.014
22161,108.014
22162,108.014
22163,108.014
22164,108.014
22165,108.014
22166,108.014
22167,108.014
22168,108.014
22169,108.014
22170,108.014
22171,108.014
22172,108.014
22173,108.014
22174,108.014
22175,108.014
22176,114.824
22177,114.824
22178,114.824
22179,114.824
22180,114.824
22181,114.824
22182,114.824
22183,114.824
22184,114.824
22185,114.824
22186,114.824
22187,114.824
22188,114.824
22189,114.824
22190,114.824
22191,114.824
22192,114.824
22193,114.824
22194,114.824
22195,114.824
22196,106.696
22197,106.696
22198,106.696
22199,106.696
22200,106.696
22201,106.696
22202,106.696
22203,106.696
22204,106.696
22205,106.696
22206,106.696
22207,106.696
22208,106.696
22209,106.696
22210,106.696
22211,106.696
22212,106.696
22213,106.696
22214,106.696
22215,106.696
22216,106.696
22217,100.221
22218,100.221
22219,100.221
22220,100.221
22221,100.221
22222,100.221
22223,100.221
22224,100.221
22225,100.221
22226,100.221
22227,100.221
22228,100.221
22229,100.221
22230,100.221
22231,100.221
22232,100.221
22233,100.221
22234,100.221
22235,100.221
22236,115.859
22237,115.859
22238,115.859
22239,115.859
22240,115.859
22241,115.859
22242,115.859
22243,115.859
22244,115.859
22245,115.859
22246,115.859
22247,115.859
22248,115.859
22249,115.859
22250,115.859
22251,115.859
22252,115.859
22253,115.859
22254,115.859
22255,115.859
22256,107.904
22257,107.904
22258,107.904
22259,107.904
22260,107.904
22261,107.904
22262,107.904
22263,107.904
22264,107.904
22265,107.904
22266,107.904
22267,107.904
22268,107.904
22269,107.904
22270,107.904
22271,107.904
22272,107.904
22273,107.904
22274,107.904
22275,107.904
22276,101.205
22277,101.205
22278,101.205
22279,101.205
22280,101.205
22281,101.205
22282,101.205
22283,101.205
22284,101.205
22285,101.205
22286,101.205
22287,101.205
22288,101.205
22289,101.205
22290,101.205
22291,101.205
22292,101.205
22293,101.205
22294,101.205
22295,101.205
22296,111.745
22297,111.745
22298,111.745
22299,111.745
22300,111.745
22301,111.745
22302,111.745
22303,111.745
22304,111.745
22305,111.745
22306,111.745
22307,111.745
22308,111.745
22309,111.745
22310,111.745
22311,111.745
22312,111.745
22313,111.745
22314,111.745
22315,111.745
22316,108.776
22317,108.776
22318,108.776
22319,108.776
22320,108.776
22321,108.776
22322,108.776
22323,108.776
22324,108.776
22325,108.776
22326,108.776
22327,108.776
22328,108.776
22329,108.776
22330,108.776
22331,108.776
22332,108.776
22333,108.776
22334,108.776
22335,108.776
22336,108.776
22337,101.428
22338,101.428
22339,101.428
22340,101.428
22341,101.428
22342,101.428
22343,101.428
22344,101.428
22345,101.428
22346,101.428
22347,101.428
22348,101.428
22349,101.428
22350,101.428
22351,101.428
22352,101.428
22353,101.428
22354,101.428
22355,101.428
22356,101.428
22357,108.776
22358,108.776
22359,108.776
22360,108.776
22361,108.776
22362,108.776
22363,108.776
22364,108.776
22365,108.776
22366,108.776
22367,108.776
22368,108.776
22369,108.776
22370,108.776
22371,108.776
22372,108.776
22373,108.776
22374,108.776
22375,108.776
22376,108.776
22377,111.137
22378,111.137
22379,111.137
22380,111.137
22381,111.137
22382,111.137
22383,111.137
22384,111.137
22385,111.137
22386,111.137
22387,111.137
22388,111.137
22389,111.137
22390,111.137
22391,111.137
22392,111.137
22393,111.137
22394,111.137
22395,111.137
22396,111.137
22397,105.323
22398,105.323
22399,105.323
22400,105.323
22401,105.323
22402,105.323
22403,105.323
22404,105.323
22405,105.323
22406,105.323
22407,105.323
22408,105.323
22409,105.323
22410,105.323
22411,105.323
22412,105.323
22413,105.323
22414,105.323
22415,105.323
22416,105.323
22417,105.323
22418,106.532
22419,106.532
22420,106.532
22421,106.532
22422,106.532
22423,106.532
22424,106.532
22425,106.532
22426,106.532
22427,106.532
22428,106.532
22429,106.532
22430,106.532
22431,106.532
22432,106.532
22433,106.532
22434,106.532
22435,106.532
22436,106.532
22437,112.018
22438,112.018
22439,112.018
22440,112.018
22441,112.018
22442,112.018
22443,112.018
22444,112.018
22445,112.018
22446,112.018
22447,112.018
22448,112.018
22449,112.018
22450,112.018
22451,112.018
22452,112.018
22453,112.018
22454,112.018
22455,112.018
22456,112.018
22457,107.296
22458,107.296
22459,107.296
22460,107.296
22461,107.296
22462,107.296
22463,107.296
22464,107.296
22465,107.296
22466,107.296
22467,107.296
22468,107.296
22469,107.296
22470,107.296
22471,107.296
22472,107.296
22473,107.296
22474,107.296
22475,107.296
22476,107.296
22477,103.462
22478,103.462
22479,103.462
22480,103.462
22481,103.462
22482,103.462
22483,103.462
22484,103.462
22485,103.462
22486,103.462
22487,103.462
22488,103.462
22489,103.462
22490,103.462
22491,103.462
22492,103.462
22493,103.462
22494,103.462
22495,103.462
22496,103.462
22497,114.098
22498,114.098
22499,114.098
22500,114.098
22501,114.098
22502,114.098
22503,114.098
22504,114.098
22505,114.098
22506,114.098
22507,114.098
22508,114.098
22509,114.098
22510,114.098
22511,114.098
22512,114.098
22513,114.098
22514,114.098
22515,114.098
22516,114.098
22517,109.057
22518,109.057
22519,109.057
22520,109.057
22521,109.057
22522,109.057
22523,109.057
22524,109.057
22525,109.057
22526,109.057
22527,109.057
22528,109.057
22529,109.057
22530,109.057
22531,109.057
22532,109.057
22533,109.057
22534,109.057
22535,109.057
22536,109.057
22537,97.86
22538,97.86
22539,97.86
22540,97.86
22541,97.86
22542,97.86
22543,97.86
22544,97.86
22545,97.86
22546,97.86
22547,97.86
22548,97.86
22549,97.86
22550,97.86
22551,97.86
22552,97.86
22553,97.86
22554,97.86
22555,97.86
22556,97.86
22557,97.86
22558,115.251
22559,115.251
22560,115.251
22561,115.251
22562,115.251
22563,115.251
22564,115.251
22565,115.251
22566,115.251
22567,115.251
22568,115.251
22569,115.251
22570,115.251
22571,115.251
22572,115.251
22573,115.251
22574,115.251
22575,115.251
22576,115.251
22577,115.251
22578,109.657
22579,109.657
22580,109.657
22581,109.657
22582,109.657
22583,109.657
22584,109.657
22585,109.657
22586,109.657
22587,109.657
22588,109.657
22589,109.657
22590,109.657
22591,109.657
22592,109.657
22593,109.657
22594,109.657
22595,109.657
22596,109.657
22597,109.657
22598,101.533
22599,101.533
22600,101.533
22601,101.533
22602,101.533
22603,101.533
22604,101.533
22605,101.533
22606,101.533
22607,101.533
22608,101.533
22609,101.533
22610,101.533
22611,101.533
22612,101.533
22613,101.533
22614,101.533
22615,101.533
22616,101.533
22617,101.533
22618,101.533
22619,113.498
22620,113.498
22621,113.498
22622,113.498
22623,113.498
22624,113.498
22625,113.498
22626,113.498
22627,113.498
22628,113.498
22629,113.498
22630,113.498
22631,113.498
22632,113.498
22633,113.498
22634,113.498
22635,113.498
22636,113.498
22637,113.498
22638,110.257
22639,110.257
22640,110.257
22641,110.257
22642,110.257
22643,110.257
22644,110.257
22645,110.257
22646,110.257
22647,110.257
22648,110.257
22649,110.257
22650,110.257
22651,110.257
22652,110.257
22653,110.257
22654,110.257
22655,110.257
22656,110.257
22657,110.257
22658,102.854
22659,102.854
22660,102.854
22661,102.854
22662,102.854
22663,102.854
22664,102.854
22665,102.854
22666,102.854
22667,102.854
22668,102.854
22669,102.854
22670,102.854
22671,102.854
22672,102.854
22673,102.854
22674,102.854
22675,102.854
22676,102.854
22677,102.854
22678,109.057
22679,109.057
22680,109.057
22681,109.057
22682,109.057
22683,109.057
22684,109.057
22685,109.057
22686,109.057
22687,109.057
22688,109.057
22689,109.057
22690,109.057
22691,109.057
22692,109.057
22693,109.057
22694,109.057
22695,109.057
22696,109.057
22697,109.057
22698,111.137
22699,111.137
22700,111.137
22701,111.137
22702,111.137
22703,111.137
22704,111.137
22705,111.137
22706,111.137
22707,111.137
22708,111.137
22709,111.137
22710,111.137
22711,111.137
22712,111.137
22713,111.137
22714,111.137
22715,111.137
22716,111.137
22717,111.137
22718,104.662
22719,104.662
22720,104.662
22721,104.662
22722,104.662
22723,104.662
22724,104.662
22725,104.662
22726,104.662
22727,104.662
22728,104.662
22729,104.662
22730,104.662
22731,104.662
22732,104.662
22733,104.662
22734,104.662
22735,104.662
22736,104.662
22737,104.662
22738,108.504
22739,108.504
22740,108.504
22741,108.504
22742,108.504
22743,108.504
22744,108.504
22745,108.504
22746,108.504
22747,108.504
22748,108.504
22749,108.504
22750,108.504
22751,108.504
22752,108.504
22753,108.504
22754,108.504
22755,108.504
22756,108.504
22757,108.504
22758,112.618
22759,112.618
22760,112.618
22761,112.618
22762,112.618
22763,112.618
22764,112.618
22765,112.618
22766,112.618
22767,112.618
22768,112.618
22769,112.618
22770,112.618
22771,112.618
22772,112.618
22773,112.618
22774,112.618
22775,112.618
22776,112.618
22777,112.618
22778,106.143
22779,106.143
22780,106.143
22781,106.143
22782,106.143
22783,106.143
22784,106.143
22785,106.143
22786,106.143
22787,106.143
22788,106.143
22789,106.143
22790,106.143
22791,106.143
22792,106.143
22793,106.143
22794,106.143
22795,106.143
22796,106.143
22797,106.143
22798,106.143
22799,102.309
22800,102.309
22801,102.309
22802,102.309
22803,102.309
22804,102.309
22805,102.309
22806,102.309
22807,102.309
22808,102.309
22809,102.309
22810,102.309
22811,102.309
22812,102.309
22813,102.309
22814,102.309
22815,102.309
22816,102.309
22817,102.309
22818,102.309
22819,102.309
22820,115.579
22821,115.579
22822,115.579
22823,115.579
22824,115.579
22825,115.579
22826,115.579
22827,115.579
22828,115.579
22829,115.579
22830,115.579
22831,115.579
22832,115.579
22833,115.579
22834,115.579
22835,115.579
22836,115.579
22837,115.579
22838,115.579
22839,108.504
22840,108.504
22841,108.504
22842,108.504
22843,108.504
22844,108.504
22845,108.504
22846,108.504
22847,108.504
22848,108.504
22849,108.504
22850,108.504
22851,108.504
22852,108.504
22853,108.504
22854,108.504
22855,108.504
22856,108.504
22857,108.504
22858,108.504
22859,102.414
22860,102.414
22861,102.414
22862,102.414
22863,102.414
22864,102.414
22865,102.414
22866,102.414
22867,102.414
22868,102.414
22869,102.414
22870,102.414
22871,102.414
22872,102.414
22873,102.414
22874,102.414
22875,102.414
22876,102.414
22877,102.414
22878,102.414
22879,114.979
22880,114.979
22881,114.979
22882,114.979
22883,114.979
22884,114.979
22885,114.979
22886,114.979
22887,114.979
22888,114.979
22889,114.979
22890,114.979
22891,114.979
22892,114.979
22893,114.979
22894,114.979
22895,114.979
22896,114.979
22897,114.979
22898,114.979
22899,108.287
22900,108.287
22901,108.287
22902,108.287
22903,108.287
22904,108.287
22905,108.287
22906,108.287
22907,108.287
22908,108.287
22909,108.287
22910,108.287
22911,108.287
22912,108.287
22913,108.287
22914,108.287
22915,108.287
22916,108.287
22917,108.287
22918,108.287
22919,102.309
22920,102.309
22921,102.309
22922,102.309
22923,102.309
22924,102.309
22925,102.309
22926,102.309
22927,102.309
22928,102.309
22929,102.309
22930,102.309
22931,102.309
22932,102.309
22933,102.309
22934,102.309
22935,102.309
22936,102.309
22937,102.309
22938,102.309
22939,111.41
22940,111.41
22941,111.41
22942,111.41
22943,111.41
22944,111.41
22945,111.41
22946,111.41
22947,111.41
22948,111.41
22949,111.41
22950,111.41
22951,111.41
22952,111.41
22953,111.41
22954,111.41
22955,111.41
22956,111.41
22957,111.41
22958,111.41
22959,111.41
22960,109.496
22961,109.496
22962,109.496
22963,109.496
22964,109.496
22965,109.496
22966,109.496
22967,109.496
22968,109.496
22969,109.496
22970,109.496
22971,109.496
22972,109.496
22973,109.496
22974,109.496
22975,109.496
22976,109.496
22977,109.496
22978,109.496
22979,109.496
22980,105.323
22981,105.323
22982,105.323
22983,105.323
22984,105.323
22985,105.323
22986,105.323
22987,105.323
22988,105.323
22989,105.323
22990,105.323
22991,105.323
22992,105.323
22993,105.323
22994,105.323
22995,105.323
22996,105.323
22997,105.323
22998,105.323
22999,105.323
23000,102.854
23001,102.854
23002,102.854
23003,102.854
23004,102.854
23005,102.854
23006,102.854
23007,102.854
23008,102.854
23009,102.854
23010,102.854
23011,102.854
23012,102.854
23013,102.854
23014,102.854
23015,102.854
23016,102.854
23017,102.854
23018,102.854
23019,102.854
23020,102.854
23021,112.618
23022,112.618
23023,112.618
23024,112.618
23025,112.618
23026,112.618
23027,112.618
23028,112.618
23029,112.618
23030,112.618
23031,112.618
23032,112.618
23033,112.618
23034,112.618
23035,112.618
23036,112.618
23037,112.618
23038,112.618
23039,112.618
23040,107.296
23041,107.296
23042,107.296
23043,107.296
23044,107.296
23045,107.296
23046,107.296
23047,107.296
23048,107.296
23049,107.296
23050,107.296
23051,107.296
23052,107.296
23053,107.296
23054,107.296
23055,107.296
23056,107.296
23057,107.296
23058,107.296
23059,107.296
23060,101.101
23061,101.101
23062,101.101
23063,101.101
23064,101.101
23065,101.101
23066,101.101
23067,101.101
23068,101.101
23069,101.101
23070,101.101
23071,101.101
23072,101.101
23073,101.101
23074,101.101
23075,101.101
23076,101.101
23077,101.101
23078,101.101
23079,101.101
23080,114.371
23081,114.371
23082,114.371
23083,114.371
23084,114.371
23085,114.371
23086,114.371
23087,114.371
23088,114.371
23089,114.371
23090,114.371
23091,114.371
23092,114.371
23093,114.371
23094,114.371
23095,114.371
23096,114.371
23097,114.371
23098,114.371
23099,114.371
23100,108.776
23101,108.776
23102,108.776
23103,108.776
23104,108.776
23105,108.776
23106,108.776
23107,108.776
23108,108.776
23109,108.776
23110,108.776
23111,108.776
23112,108.776
23113,108.776
23114,108.776
23115,108.776
23116,108.776
23117,108.776
23118,108.776
23119,108.776
23120,100.324
23121,100.324
23122,100.324
23123,100.324
23124,100.324
23125,100.324
23126,100.324
23127,100.324
23128,100.324
23129,100.324
23130,100.324
23131,100.324
23132,100.324
23133,100.324
23134,100.324
23135,100.324
23136,100.324
23137,100.324
23138,100.324
23139,100.324
23140,114.098
23141,114.098
23142,114.098
23143,114.098
23144,114.098
23145,114.098
23146,114.098
23147,114.098
23148,114.098
23149,114.098
23150,114.098
23151,114.098
23152,114.098
23153,114.098
23154,114.098
23155,114.098
23156,114.098
23157,114.098
23158,114.098
23159,114.098
23160,109.057
23161,109.057
23162,109.057
23163,109.057
23164,109.057
23165,109.057
23166,109.057
23167,109.057
23168,109.057
23169,109.057
23170,109.057
23171,109.057
23172,109.057
23173,109.057
23174,109.057
23175,109.057
23176,109.057
23177,109.057
23178,109.057
23179,109.057
23180,102.582
23181,102.582
23182,102.582
23183,102.582
23184,102.582
23185,102.582
23186,102.582
23187,102.582
23188,102.582
23189,102.582
23190,102.582
23191,102.582
23192,102.582
23193,102.582
23194,102.582
23195,102.582
23196,102.582
23197,102.582
23198,102.582
23199,102.582
23200,102.582
23201,107.296
23202,107.296
23203,107.296
23204,107.296
23205,107.296
23206,107.296
23207,107.296
23208,107.296
23209,107.296
23210,107.296
23211,107.296
23212,107.296
23213,107.296
23214,107.296
23215,107.296
23216,107.296
23217,107.296
23218,107.296
23219,107.296
23220,107.296
23221,107.296
23222,111.137
23223,111.137
23224,111.137
23225,111.137
23226,111.137
23227,111.137
23228,111.137
23229,111.137
23230,111.137
23231,111.137
23232,111.137
23233,111.137
23234,111.137
23235,111.137
23236,111.137
23237,111.137
23238,111.137
23239,111.137
23240,111.137
23241,104.062
23242,104.062
23243,104.062
23244,104.062
23245,104.062
23246,104.062
23247,104.062
23248,104.062
23249,104.062
23250,104.062
23251,104.062
23252,104.062
23253,104.062
23254,104.062
23255,104.062
23256,104.062
23257,104.062
23258,104.062
23259,104.062
23260,104.062
23261,104.662
23262,104.662
23263,104.662
23264,104.662
23265,104.662
23266,104.662
23267,104.662
23268,104.662
23269,104.662
23270,104.662
23271,104.662
23272,104.662
23273,104.662
23274,104.662
23275,104.662
23276,104.662
23277,104.662
23278,104.662
23279,104.662
23280,104.662
23281,112.618
23282,112.618
23283,112.618
23284,112.618
23285,112.618
23286,112.618
23287,112.618
23288,112.618
23289,112.618
23290,112.618
23291,112.618
23292,112.618
23293,112.618
23294,112.618
23295,112.618
23296,112.618
23297,112.618
23298,112.618
23299,112.618
23300,112.618
23301,106.696
23302,106.696
23303,106.696
23304,106.696
23305,106.696
23306,106.696
23307,106.696
23308,106.696
23309,106.696
23310,106.696
23311,106.696
23312,106.696
23313,106.696
23314,106.696
23315,106.696
23316,106.696
23317,106.696
23318,106.696
23319,106.696
23320,106.696
23321,102.687
23322,102.687
23323,102.687
23324,102.687
23325,102.687
23326,102.687
23327,102.687
23328,102.687
23329,102.687
23330,102.687
23331,102.687
23332,102.687
23333,102.687
23334,102.687
23335,102.687
23336,102.687
23337,102.687
23338,102.687
23339,102.687
23340,102.687
23341,114.098
23342,114.098
23343,114.098
23344,114.098
23345,114.098
23346,114.098
23347,114.098
23348,114.098
23349,114.098
23350,114.098
23351,114.098
23352,114.098
23353,114.098
23354,114.098
23355,114.098
23356,114.098
23357,114.098
23358,114.098
23359,114.098
23360,114.098
23361,107.576
23362,107.576
23363,107.576
23364,107.576
23365,107.576
23366,107.576
23367,107.576
23368,107.576
23369,107.576
23370,107.576
23371,107.576
23372,107.576
23373,107.576
23374,107.576
23375,107.576
23376,107.576
23377,107.576
23378,107.576
23379,107.576
23380,107.576
23381,99.723
23382,99.723
23383,99.723
23384,99.723
23385,99.723
23386,99.723
23387,99.723
23388,99.723
23389,99.723
23390,99.723
23391,99.723
23392,99.723
23393,99.723
23394,99.723
23395,99.723
23396,99.723
23397,99.723
23398,99.723
23399,99.723
23400,99.723
23401,99.723
23402,111.745
23403,111.745
23404,111.745
23405,111.745
23406,111.745
23407,111.745
23408,111.745
23409,111.745
23410,111.745
23411,111.745
23412,111.745
23413,111.745
23414,111.745
23415,111.745
23416,111.745
23417,111.745
23418,111.745
23419,111.745
23420,111.745
23421,111.745
23422,111.745
23423,108.504
23424,108.504
23425,108.504
23426,108.504
23427,108.504
23428,108.504
23429,108.504
23430,108.504
23431,108.504
23432,108.504
23433,108.504
23434,108.504
23435,108.504
23436,108.504
23437,108.504
23438,108.504
23439,108.504
23440,108.504
23441,108.504
23442,101.974
23443,101.974
23444,101.974
23445,101.974
23446,101.974
23447,101.974
23448,101.974
23449,101.974
23450,101.974
23451,101.974
23452,101.974
23453,101.974
23454,101.974
23455,101.974
23456,101.974
23457,101.974
23458,101.974
23459,101.974
23460,101.974
23461,101.974
23462,110.537
23463,110.537
23464,110.537
23465,110.537
23466,110.537
23467,110.537
23468,110.537
23469,110.537
23470,110.537
23471,110.537
23472,110.537
23473,110.537
23474,110.537
23475,110.537
23476,110.537
23477,110.537
23478,110.537
23479,110.537
23480,110.537
23481,110.537
23482,110.651
23483,110.651
23484,110.651
23485,110.651
23486,110.651
23487,110.651
23488,110.651
23489,110.651
23490,110.651
23491,110.651
23492,110.651
23493,110.651
23494,110.651
23495,110.651
23496,110.651
23497,110.651
23498,110.651
23499,110.651
23500,110.651
23501,110.651
23502,104.169
23503,104.169
23504,104.169
23505,104.169
23506,104.169
23507,104.169
23508,104.169
23509,104.169
23510,104.169
23511,104.169
23512,104.169
23513,104.169
23514,104.169
23515,104.169
23516,104.169
23517,104.169
23518,104.169
23519,104.169
23520,104.169
23521,104.169
23522,107.133
23523,107.133
23524,107.133
23525,107.133
23526,107.133
23527,107.133
23528,107.133
23529,107.133
23530,107.133
23531,107.133
23532,107.133
23533,107.133
23534,107.133
23535,107.133
23536,107.133
23537,107.133
23538,107.133
23539,107.133
23540,107.133
23541,107.133
23542,112.46
23543,112.46
23544,112.46
23545,112.46
23546,112.46
23547,112.46
23548,112.46
23549,112.46
23550,112.46
23551,112.46
23552,112.46
23553,112.46
23554,112.46
23555,112.46
23556,112.46
23557,112.46
23558,112.46
23559,112.46
23560,112.46
23561,112.46
23562,105.323
23563,105.323
23564,105.323
23565,105.323
23566,105.323
23567,105.323
23568,105.323
23569,105.323
23570,105.323
23571,105.323
23572,105.323
23573,105.323
23574,105.323
23575,105.323
23576,105.323
23577,105.323
23578,105.323
23579,105.323
23580,105.323
23581,105.323
23582,102.582
23583,102.582
23584,102.582
23585,102.582
23586,102.582
23587,102.582
23588,102.582
23589,102.582
23590,102.582
23591,102.582
23592,102.582
23593,102.582
23594,102.582
23595,102.582
23596,102.582
23597,102.582
23598,102.582
23599,102.582
23600,102.582
23601,102.582
23602,102.582
23603,114.215
23604,114.215
23605,114.215
23606,114.215
23607,114.215
23608,114.215
23609,114.215
23610,114.215
23611,114.215
23612,114.215
23613,114.215
23614,114.215
23615,114.215
23616,114.215
23617,114.215
23618,114.215
23619,114.215
23620,114.215
23621,114.215
23622,114.215
23623,107.406
23624,107.406
23625,107.406
23626,107.406
23627,107.406
23628,107.406
23629,107.406
23630,107.406
23631,107.406
23632,107.406
23633,107.406
23634,107.406
23635,107.406
23636,107.406
23637,107.406
23638,107.406
23639,107.406
23640,107.406
23641,107.406
23642,107.406
23643,98.468
23644,98.468
23645,98.468
23646,98.468
23647,98.468
23648,98.468
23649,98.468
23650,98.468
23651,98.468
23652,98.468
23653,98.468
23654,98.468
23655,98.468
23656,98.468
23657,98.468
23658,98.468
23659,98.468
23660,98.468
23661,98.468
23662,98.468
23663,116.132
23664,116.132
23665,116.132
23666,116.132
23667,116.132
23668,116.132
23669,116.132
23670,116.132
23671,116.132
23672,116.132
23673,116.132
23674,116.132
23675,116.132
23676,116.132
23677,116.132
23678,116.132
23679,116.132
23680,116.132
23681,116.132
23682,116.132
23683,108.176
23684,108.176
23685,108.176
23686,108.176
23687,108.176
23688,108.176
23689,108.176
23690,108.176
23691,108.176
23692,108.176
23693,108.176
23694,108.176
23695,108.176
23696,108.176
23697,108.176
23698,108.176
23699,108.176
23700,108.176
23701,108.176
23702,108.176
23703,100.051
23704,100.051
23705,100.051
23706,100.051
23707,100.051
23708,100.051
23709,100.051
23710,100.051
23711,100.051
23712,100.051
23713,100.051
23714,100.051
23715,100.051
23716,100.051
23717,100.051
23718,100.051
23719,100.051
23720,100.051
23721,100.051
23722,100.051
23723,112.618
23724,112.618
23725,112.618
23726,112.618
23727,112.618
23728,112.618
23729,112.618
23730,112.618
23731,112.618
23732,112.618
23733,112.618
23734,112.618
23735,112.618
23736,112.618
23737,112.618
23738,112.618
23739,112.618
23740,112.618
23741,112.618
23742,112.618
23743,109.057
23744,109.057
23745,109.057
23746,109.057
23747,109.057
23748,109.057
23749,109.057
23750,109.057
23751,109.057
23752,109.057
23753,109.057
23754,109.057
23755,109.057
23756,109.057
23757,109.057
23758,109.057
23759,109.057
23760,109.057
23761,109.057
23762,109.057
23763,109.057
23764,101.533
23765,101.533
23766,101.533
23767,101.533
23768,101.533
23769,101.533
23770,101.533
23771,101.533
23772,101.533
23773,101.533
23774,101.533
23775,101.533
23776,101.533
23777,101.533
23778,101.533
23779,101.533
23780,101.533
23781,101.533
23782,101.533
23783,101.533
23784,111.41
23785,111.41
23786,111.41
23787,111.41
23788,111.41
23789,111.41
23790,111.41
23791,111.41
23792,111.41
23793,111.41
23794,111.41
23795,111.41
23796,111.41
23797,111.41
23798,111.41
23799,111.41
23800,111.41
23801,111.41
23802,111.41
23803,111.41
23804,109.93
23805,109.93
23806,109.93
23807,109.93
23808,109.93
23809,109.93
23810,109.93
23811,109.93
23812,109.93
23813,109.93
23814,109.93
23815,109.93
23816,109.93
23817,109.93
23818,109.93
23819,109.93
23820,109.93
23821,109.93
23822,109.93
23823,109.93
23824,109.93
23825,103.462
23826,103.462
23827,103.462
23828,103.462
23829,103.462
23830,103.462
23831,103.462
23832,103.462
23833,103.462
23834,103.462
23835,103.462
23836,103.462
23837,103.462
23838,103.462
23839,103.462
23840,103.462
23841,103.462
23842,103.462
23843,103.462
23844,109.496
23845,109.496
23846,109.496
23847,109.496
23848,109.496
23849,109.496
23850,109.496
23851,109.496
23852,109.496
23853,109.496
23854,109.496
23855,109.496
23856,109.496
23857,109.496
23858,109.496
23859,109.496
23860,109.496
23861,109.496
23862,109.496
23863,109.496
23864,111.41
23865,111.41
23866,111.41
23867,111.41
23868,111.41
23869,111.41
23870,111.41
23871,111.41
23872,111.41
23873,111.41
23874,111.41
23875,111.41
23876,111.41
23877,111.41
23878,111.41
23879,111.41
23880,111.41
23881,111.41
23882,111.41
23883,111.41
23884,104.335
23885,104.335
23886,104.335
23887,104.335
23888,104.335
23889,104.335
23890,104.335
23891,104.335
23892,104.335
23893,104.335
23894,104.335
23895,104.335
23896,104.335
23897,104.335
23898,104.335
23899,104.335
23900,104.335
23901,104.335
23902,104.335
23903,104.335
23904,107.023
23905,107.023
23906,107.023
23907,107.023
23908,107.023
23909,107.023
23910,107.023
23911,107.023
23912,107.023
23913,107.023
23914,107.023
23915,107.023
23916,107.023
23917,107.023
23918,107.023
23919,107.023
23920,107.023
23921,107.023
23922,107.023
23923,107.023
23924,114.098
23925,114.098
23926,114.098
23927,114.098
23928,114.098
23929,114.098
23930,114.098
23931,114.098
23932,114.098
23933,114.098
23934,114.098
23935,114.098
23936,114.098
23937,114.098
23938,114.098
23939,114.098
23940,114.098
23941,114.098
23942,114.098
23943,114.098
23944,114.098
23945,106.143
23946,106.143
23947,106.143
23948,106.143
23949,106.143
23950,106.143
23951,106.143
23952,106.143
23953,106.143
23954,106.143
23955,106.143
23956,106.143
23957,106.143
23958,106.143
23959,106.143
23960,106.143
23961,106.143
23962,106.143
23963,106.143
23964,106.143
23965,102.854
23966,102.854
23967,102.854
23968,102.854
23969,102.854
23970,102.854
23971,102.854
23972,102.854
23973,102.854
23974,102.854
23975,102.854
23976,102.854
23977,102.854
23978,102.854
23979,102.854
23980,102.854
23981,102.854
23982,102.854
23983,102.854
23984,102.854
23985,115.859
23986,115.859
23987,115.859
23988,115.859
23989,115.859
23990,115.859
23991,115.859
23992,115.859
23993,115.859
23994,115.859
23995,115.859
23996,115.859
23997,115.859
23998,115.859
23999,115.859
24000,115.859
24001,115.859
24002,115.859
24003,115.859
24004,115.859
24005,106.805
24006,106.805
24007,106.805
24008,106.805
24009,106.805
24010,106.805
24011,106.805
24012,106.805
24013,106.805
24014,106.805
24015,106.805
24016,106.805
24017,106.805
24018,106.805
24019,106.805
24020,106.805
24021,106.805
24022,106.805
24023,106.805
24024,106.805
24025,106.805
24026,100.324
24027,100.324
24028,100.324
24029,100.324
24030,100.324
24031,100.324
24032,100.324
24033,100.324
24034,100.324
24035,100.324
24036,100.324
24037,100.324
24038,100.324
24039,100.324
24040,100.324
24041,100.324
24042,100.324
24043,100.324
24044,100.324
24045,111.86
24046,111.86
24047,111.86
24048,111.86
24049,111.86
24050,111.86
24051,111.86
24052,111.86
24053,111.86
24054,111.86
24055,111.86
24056,111.86
24057,111.86
24058,111.86
24059,111.86
24060,111.86
24061,111.86
24062,111.86
24063,111.86
24064,111.86
24065,107.687
24066,107.687
24067,107.687
24068,107.687
24069,107.687
24070,107.687
24071,107.687
24072,107.687
24073,107.687
24074,107.687
24075,107.687
24076,107.687
24077,107.687
24078,107.687
24079,107.687
24080,107.687
24081,107.687
24082,107.687
24083,107.687
24084,107.687
24085,102.414
24086,102.414
24087,102.414
24088,102.414
24089,102.414
24090,102.414
24091,102.414
24092,102.414
24093,102.414
24094,102.414
24095,102.414
24096,102.414
24097,102.414
24098,102.414
24099,102.414
24100,102.414
24101,102.414
24102,102.414
24103,102.414
24104,102.414
24105,108.888
24106,108.888
24107,108.888
24108,108.888
24109,108.888
24110,108.888
24111,108.888
24112,108.888
24113,108.888
24114,108.888
24115,108.888
24116,108.888
24117,108.888
24118,108.888
24119,108.888
24120,108.888
24121,108.888
24122,108.888
24123,108.888
24124,108.888
24125,110.865
24126,110.865
24127,110.865
24128,110.865
24129,110.865
24130,110.865
24131,110.865
24132,110.865
24133,110.865
24134,110.865
24135,110.865
24136,110.865
24137,110.865
24138,110.865
24139,110.865
24140,110.865
24141,110.865
24142,110.865
24143,110.865
24144,110.865
24145,110.865
24146,104.169
24147,104.169
24148,104.169
24149,104.169
24150,104.169
24151,104.169
24152,104.169
24153,104.169
24154,104.169
24155,104.169
24156,104.169
24157,104.169
24158,104.169
24159,104.169
24160,104.169
24161,104.169
24162,104.169
24163,104.169
24164,104.169
24165,104.169
24166,107.133
24167,107.133
24168,107.133
24169,107.133
24170,107.133
24171,107.133
24172,107.133
24173,107.133
24174,107.133
24175,107.133
24176,107.133
24177,107.133
24178,107.133
24179,107.133
24180,107.133
24181,107.133
24182,107.133
24183,107.133
24184,107.133
24185,107.133
24186,112.618
24187,112.618
24188,112.618
24189,112.618
24190,112.618
24191,112.618
24192,112.618
24193,112.618
24194,112.618
24195,112.618
24196,112.618
24197,112.618
24198,112.618
24199,112.618
24200,112.618
24201,112.618
24202,112.618
24203,112.618
24204,112.618
24205,112.618
24206,106.143
24207,106.143
24208,106.143
24209,106.143
24210,106.143
24211,106.143
24212,106.143
24213,106.143
24214,106.143
24215,106.143
24216,106.143
24217,106.143
24218,106.143
24219,106.143
24220,106.143
24221,106.143
24222,106.143
24223,106.143
24224,106.143
24225,106.143
24226,106.143
24227,103.896
24228,103.896
24229,103.896
24230,103.896
24231,103.896
24232,103.896
24233,103.896
24234,103.896
24235,103.896
24236,103.896
24237,103.896
24238,103.896
24239,103.896
24240,103.896
24241,103.896
24242,103.896
24243,103.896
24244,103.896
24245,103.896
24246,115.37
24247,115.37
24248,115.37
24249,115.37
24250,115.37
24251,115.37
24252,115.37
24253,115.37
24254,115.37
24255,115.37
24256,115.37
24257,115.37
24258,115.37
24259,115.37
24260,115.37
24261,115.37
24262,115.37
24263,115.37
24264,115.37
24265,115.37
24266,107.904
24267,107.904
24268,107.904
24269,107.904
24270,107.904
24271,107.904
24272,107.904
24273,107.904
24274,107.904
24275,107.904
24276,107.904
24277,107.904
24278,107.904
24279,107.904
24280,107.904
24281,107.904
24282,107.904
24283,107.904
24284,107.904
24285,107.904
24286,102.687
24287,102.687
24288,102.687
24289,102.687
24290,102.687
24291,102.687
24292,102.687
24293,102.687
24294,102.687
24295,102.687
24296,102.687
24297,102.687
24298,102.687
24299,102.687
24300,102.687
24301,102.687
24302,102.687
24303,102.687
24304,102.687
24305,102.687
24306,115.37
24307,115.37
24308,115.37
24309,115.37
24310,115.37
24311,115.37
24312,115.37
24313,115.37
24314,115.37
24315,115.37
24316,115.37
24317,115.37
24318,115.37
24319,115.37
24320,115.37
24321,115.37
24322,115.37
24323,115.37
24324,115.37
24325,115.37
24326,109.169
24327,109.169
24328,109.169
24329,109.169
24330,109.169
24331,109.169
24332,109.169
24333,109.169
24334,109.169
24335,109.169
24336,109.169
24337,109.169
24338,109.169
24339,109.169
24340,109.169
24341,109.169
24342,109.169
24343,109.169
24344,109.169
24345,109.169
24346,100.324
24347,100.324
24348,100.324
24349,100.324
24350,100.324
24351,100.324
24352,100.324
24353,100.324
24354,100.324
24355,100.324
24356,100.324
24357,100.324
24358,100.324
24359,100.324
24360,100.324
24361,100.324
24362,100.324
24363,100.324
24364,100.324
24365,100.324
24366,100.324
24367,114.979
24368,114.979
24369,114.979
24370,114.979
24371,114.979
24372,114.979
24373,114.979
24374,114.979
24375,114.979
24376,114.979
24377,114.979
24378,114.979
24379,114.979
24380,114.979
24381,114.979
24382,114.979
24383,114.979
24384,114.979
24385,114.979
24386,114.979
24387,110.865
24388,110.865
24389,110.865
24390,110.865
24391,110.865
24392,110.865
24393,110.865
24394,110.865
24395,110.865
24396,110.865
24397,110.865
24398,110.865
24399,110.865
24400,110.865
24401,110.865
24402,110.865
24403,110.865
24404,110.865
24405,110.865
24406,110.865
24407,103.182
24408,103.182
24409,103.182
24410,103.182
24411,103.182
24412,103.182
24413,103.182
24414,103.182
24415,103.182
24416,103.182
24417,103.182
24418,103.182
24419,103.182
24420,103.182
24421,103.182
24422,103.182
24423,103.182
24424,103.182
24425,103.182
24426,103.182
24427,110.537
24428,110.537
24429,110.537
24430,110.537
24431,110.537
24432,110.537
24433,110.537
24434,110.537
24435,110.537
24436,110.537
24437,110.537
24438,110.537
24439,110.537
24440,110.537
24441,110.537
24442,110.537
24443,110.537
24444,110.537
24445,110.537
24446,110.537
24447,111.251
24448,111.251
24449,111.251
24450,111.251
24451,111.251
24452,111.251
24453,111.251
24454,111.251
24455,111.251
24456,111.251
24457,111.251
24458,111.251
24459,111.251
24460,111.251
24461,111.251
24462,111.251
24463,111.251
24464,111.251
24465,111.251
24466,111.251
24467,104.442
24468,104.442
24469,104.442
24470,104.442
24471,104.442
24472,104.442
24473,104.442
24474,104.442
24475,104.442
24476,104.442
24477,104.442
24478,104.442
24479,104.442
24480,104.442
24481,104.442
24482,104.442
24483,104.442
24484,104.442
24485,104.442
24486,104.442
24487,108.287
24488,108.287
24489,108.287
24490,108.287
24491,108.287
24492,108.287
24493,108.287
24494,108.287
24495,108.287
24496,108.287
24497,108.287
24498,108.287
24499,108.287
24500,108.287
24501,108.287
24502,108.287
24503,108.287
24504,108.287
24505,108.287
24506,108.287
24507,114.215
24508,114.215
24509,114.215
24510,114.215
24511,114.215
24512,114.215
24513,114.215
24514,114.215
24515,114.215
24516,114.215
24517,114.215
24518,114.215
24519,114.215
24520,114.215
24521,114.215
24522,114.215
24523,114.215
24524,114.215
24525,114.215
24526,114.215
24527,108.776
24528,108.776
24529,108.776
24530,108.776
24531,108.776
24532,108.776
24533,108.776
24534,108.776
24535,108.776
24536,108.776
24537,108.776
24538,108.776
24539,108.776
24540,108.776
24541,108.776
24542,108.776
24543,108.776
24544,108.776
24545,108.776
24546,108.776
24547,105.215
24548,105.215
24549,105.215
24550,105.215
24551,105.215
24552,105.215
24553,105.215
24554,105.215
24555,105.215
24556,105.215
24557,105.215
24558,105.215
24559,105.215
24560,105.215
24561,105.215
24562,105.215
24563,105.215
24564,105.215
24565,105.215
24566,105.215
24567,115.251
24568,115.251
24569,115.251
24570,115.251
24571,115.251
24572,115.251
24573,115.251
24574,115.251
24575,115.251
24576,115.251
24577,115.251
24578,115.251
24579,115.251
24580,115.251
24581,115.251
24582,115.251
24583,115.251
24584,115.251
24585,115.251
24586,115.251
24587,108.776
24588,108.776
24589,108.776
24590,108.776
24591,108.776
24592,108.776
24593,108.776
24594,108.776
24595,108.776
24596,108.776
24597,108.776
24598,108.776
24599,108.776
24600,108.776
24601,108.776
24602,108.776
24603,108.776
24604,108.776
24605,108.776
24606,108.776
24607,108.776
24608,101.533
24609,101.533
24610,101.533
24611,101.533
24612,101.533
24613,101.533
24614,101.533
24615,101.533
24616,101.533
24617,101.533
24618,101.533
24619,101.533
24620,101.533
24621,101.533
24622,101.533
24623,101.533
24624,101.533
24625,101.533
24626,101.533
24627,101.533
24628,101.533
24629,111.745
24630,111.745
24631,111.745
24632,111.745
24633,111.745
24634,111.745
24635,111.745
24636,111.745
24637,111.745
24638,111.745
24639,111.745
24640,111.745
24641,111.745
24642,111.745
24643,111.745
24644,111.745
24645,111.745
24646,111.745
24647,111.745
24648,108.776
24649,108.776
24650,108.776
24651,108.776
24652,108.776
24653,108.776
24654,108.776
24655,108.776
24656,108.776
24657,108.776
24658,108.776
24659,108.776
24660,108.776
24661,108.776
24662,108.776
24663,108.776
24664,108.776
24665,108.776
24666,108.776
24667,108.776
24668,102.854
24669,102.854
24670,102.854
24671,102.854
24672,102.854
24673,102.854
24674,102.854
24675,102.854
24676,102.854
24677,102.854
24678,102.854
24679,102.854
24680,102.854
24681,102.854
24682,102.854
24683,102.854
24684,102.854
24685,102.854
24686,102.854
24687,102.854
24688,110.257
24689,110.257
24690,110.257
24691,110.257
24692,110.257
24693,110.257
24694,110.257
24695,110.257
24696,110.257
24697,110.257
24698,110.257
24699,110.257
24700,110.257
24701,110.257
24702,110.257
24703,110.257
24704,110.257
24705,110.257
24706,110.257
24707,110.257
24708,110.257
24709,110.257
24710,110.257
24711,110.257
24712,110.257
24713,110.257
24714,110.257
24715,110.257
24716,110.257
24717,110.257
24718,110.257
24719,110.257
24720,110.257
24721,110.257
24722,110.257
24723,110.257
24724,110.257
24725,110.257
24726,110.257
24727,110.257
24728,103.789
24729,103.789
24730,103.789
24731,103.789
24732,103.789
24733,103.789
24734,103.789
24735,103.789
24736,103.789
24737,103.789
24738,103.789
24739,103.789
24740,103.789
24741,103.789
24742,103.789
24743,103.789
24744,103.789
24745,103.789
24746,103.789
24747,103.789
24748,106.696
24749,106.696
24750,106.696
24751,106.696
24752,106.696
24753,106.696
24754,106.696
24755,106.696
24756,106.696
24757,106.696
24758,106.696
24759,106.696
24760,106.696
24761,106.696
24762,106.696
24763,106.696
24764,106.696
24765,106.696
24766,106.696
24767,106.696
24768,106.696
24769,111.137
24770,111.137
24771,111.137
24772,111.137
24773,111.137
24774,111.137
24775,111.137
24776,111.137
24777,111.137
24778,111.137
24779,111.137
24780,111.137
24781,111.137
24782,111.137
24783,111.137
24784,111.137
24785,111.137
24786,111.137
24787,111.137
24788,111.137
24789,105.543
24790,105.543
24791,105.543
24792,105.543
24793,105.543
24794,105.543
24795,105.543
24796,105.543
24797,105.543
24798,105.543
24799,105.543
24800,105.543
24801,105.543
24802,105.543
24803,105.543
24804,105.543
24805,105.543
24806,105.543
24807,105.543
24808,105.543
24809,103.462
24810,103.462
24811,103.462
24812,103.462
24813,103.462
24814,103.462
24815,103.462
24816,103.462
24817,103.462
24818,103.462
24819,103.462
24820,103.462
24821,103.462
24822,103.462
24823,103.462
24824,103.462
24825,103.462
24826,103.462
24827,103.462
24828,103.462
24829,112.89
24830,112.89
24831,112.89
24832,112.89
24833,112.89
24834,112.89
24835,112.89
24836,112.89
24837,112.89
24838,112.89
24839,112.89
24840,112.89
24841,112.89
24842,112.89
24843,112.89
24844,112.89
24845,112.89
24846,112.89
24847,112.89
24848,112.89
24849,107.576
24850,107.576
24851,107.576
24852,107.576
24853,107.576
24854,107.576
24855,107.576
24856,107.576
24857,107.576
24858,107.576
24859,107.576
24860,107.576
24861,107.576
24862,107.576
24863,107.576
24864,107.576
24865,107.576
24866,107.576
24867,107.576
24868,107.576
24869,100.221
24870,100.221
24871,100.221
24872,100.221
24873,100.221
24874,100.221
24875,100.221
24876,100.221
24877,100.221
24878,100.221
24879,100.221
24880,100.221
24881,100.221
24882,100.221
24883,100.221
24884,100.221
24885,100.221
24886,100.221
24887,100.221
24888,100.221
24889,115.251
24890,115.251
24891,115.251
24892,115.251
24893,115.251
24894,115.251
24895,115.251
24896,115.251
24897,115.251
24898,115.251
24899,115.251
24900,115.251
24901,115.251
24902,115.251
24903,115.251
24904,115.251
24905,115.251
24906,115.251
24907,115.251
24908,115.251
24909,109.057
24910,109.057
24911,109.057
24912,109.057
24913,109.057
24914,109.057
24915,109.057
24916,109.057
24917,109.057
24918,109.057
24919,109.057
24920,109.057
24921,109.057
24922,109.057
24923,109.057
24924,109.057
24925,109.057
24926,109.057
24927,109.057
24928,109.057
24929,99.621
24930,99.621
24931,99.621
24932,99.621
24933,99.621
24934,99.621
24935,99.621
24936,99.621
24937,99.621
24938,99.621
24939,99.621
24940,99.621
24941,99.621
24942,99.621
24943,99.621
24944,99.621
24945,99.621
24946,99.621
24947,99.621
24948,99.621
24949,115.859
24950,115.859
24951,115.859
24952,115.859
24953,115.859
24954,115.859
24955,115.859
24956,115.859
24957,115.859
24958,115.859
24959,115.859
24960,115.859
24961,115.859
24962,115.859
24963,115.859
24964,115.859
24965,115.859
24966,115.859
24967,115.859
24968,115.859
24969,109.93
24970,109.93
24971,109.93
24972,109.93
24973,109.93
24974,109.93
24975,109.93
24976,109.93
24977,109.93
24978,109.93
24979,109.93
24980,109.93
24981,109.93
24982,109.93
24983,109.93
24984,109.93
24985,109.93
24986,109.93
24987,109.93
24988,109.93
24989,102.309
24990,102.309
24991,102.309
24992,102.309
24993,102.309
24994,102.309
24995,102.309
24996,102.309
24997,102.309
24998,102.309
24999,102.309
25000,102.309
25001,102.309
25002,102.309
25003,102.309
25004,102.309
25005,102.309
25006,102.309
25007,102.309
25008,102.309
25009,102.309
25010,114.371
25011,114.371
25012,114.371
25013,114.371
25014,114.371
25015,114.371
25016,114.371
25017,114.371
25018,114.371
25019,114.371
25020,114.371
25021,114.371
25022,114.371
25023,114.371
25024,114.371
25025,114.371
25026,114.371
25027,114.371
25028,114.371
25029,114.371
25030,114.371
25031,109.93
25032,109.93
25033,109.93
25034,109.93
25035,109.93
25036,109.93
25037,109.93
25038,109.93
25039,109.93
25040,109.93
25041,109.93
25042,109.93
25043,109.93
25044,109.93
25045,109.93
25046,109.93
25047,109.93
25048,109.93
25049,109.93
25050,102.854
25051,102.854
25052,102.854
25053,102.854
25054,102.854
25055,102.854
25056,102.854
25057,102.854
25058,102.854
25059,102.854
25060,102.854
25061,102.854
25062,102.854
25063,102.854
25064,102.854
25065,102.854
25066,102.854
25067,102.854
25068,102.854
25069,102.854
25070,111.524
25071,111.524
25072,111.524
25073,111.524
25074,111.524
25075,111.524
25076,111.524
25077,111.524
25078,111.524
25079,111.524
25080,111.524
25081,111.524
25082,111.524
25083,111.524
25084,111.524
25085,111.524
25086,111.524
25087,111.524
25088,111.524
25089,111.524
25090,111.524
25091,111.524
25092,111.524
25093,111.524
25094,111.524
25095,111.524
25096,111.524
25097,111.524
25098,111.524
25099,111.524
25100,111.524
25101,111.524
25102,111.524
25103,111.524
25104,111.524
25105,111.524
25106,111.524
25107,111.524
25108,111.524
25109,111.524
25110,106.423
25111,106.423
25112,106.423
25113,106.423
25114,106.423
25115,106.423
25116,106.423
25117,106.423
25118,106.423
25119,106.423
25120,106.423
25121,106.423
25122,106.423
25123,106.423
25124,106.423
25125,106.423
25126,106.423
25127,106.423
25128,106.423
25129,106.423
25130,105.543
25131,105.543
25132,105.543
25133,105.543
25134,105.543
25135,105.543
25136,105.543
25137,105.543
25138,105.543
25139,105.543
25140,105.543
25141,105.543
25142,105.543
25143,105.543
25144,105.543
25145,105.543
25146,105.543
25147,105.543
25148,105.543
25149,105.543
25150,114.371
25151,114.371
25152,114.371
25153,114.371
25154,114.371
25155,114.371
25156,114.371
25157,114.371
25158,114.371
25159,114.371
25160,114.371
25161,114.371
25162,114.371
25163,114.371
25164,114.371
25165,114.371
25166,114.371
25167,114.371
25168,114.371
25169,114.371
25170,108.176
25171,108.176
25172,108.176
25173,108.176
25174,108.176
25175,108.176
25176,108.176
25177,108.176
25178,108.176
25179,108.176
25180,108.176
25181,108.176
25182,108.176
25183,108.176
25184,108.176
25185,108.176
25186,108.176
25187,108.176
25188,108.176
25189,108.176
25190,108.176
25191,100.932
25192,100.932
25193,100.932
25194,100.932
25195,100.932
25196,100.932
25197,100.932
25198,100.932
25199,100.932
25200,100.932
25201,100.932
25202,100.932
25203,100.932
25204,100.932
25205,100.932
25206,100.932
25207,100.932
25208,100.932
25209,100.932
25210,100.932
25211,115.579
25212,115.579
25213,115.579
25214,115.579
25215,115.579
25216,115.579
25217,115.579
25218,115.579
25219,115.579
25220,115.579
25221,115.579
25222,115.579
25223,115.579
25224,115.579
25225,115.579
25226,115.579
25227,115.579
25228,115.579
25229,115.579
25230,115.579
25231,115.579
25232,107.904
25233,107.904
25234,107.904
25235,107.904
25236,107.904
25237,107.904
25238,107.904
25239,107.904
25240,107.904
25241,107.904
25242,107.904
25243,107.904
25244,107.904
25245,107.904
25246,107.904
25247,107.904
25248,107.904
25249,107.904
25250,107.904
25251,101.533
25252,101.533
25253,101.533
25254,101.533
25255,101.533
25256,101.533
25257,101.533
25258,101.533
25259,101.533
25260,101.533
25261,101.533
25262,101.533
25263,101.533
25264,101.533
25265,101.533
25266,101.533
25267,101.533
25268,101.533
25269,101.533
25270,101.533
25271,113.498
25272,113.498
25273,113.498
25274,113.498
25275,113.498
25276,113.498
25277,113.498
25278,113.498
25279,113.498
25280,113.498
25281,113.498
25282,113.498
25283,113.498
25284,113.498
25285,113.498
25286,113.498
25287,113.498
25288,113.498
25289,113.498
25290,113.498
25291,108.287
25292,108.287
25293,108.287
25294,108.287
25295,108.287
25296,108.287
25297,108.287
25298,108.287
25299,108.287
25300,108.287
25301,108.287
25302,108.287
25303,108.287
25304,108.287
25305,108.287
25306,108.287
25307,108.287
25308,108.287
25309,108.287
25310,108.287
25311,102.687
25312,102.687
25313,102.687
25314,102.687
25315,102.687
25316,102.687
25317,102.687
25318,102.687
25319,102.687
25320,102.687
25321,102.687
25322,102.687
25323,102.687
25324,102.687
25325,102.687
25326,102.687
25327,102.687
25328,102.687
25329,102.687
25330,102.687
25331,109.769
25332,109.769
25333,109.769
25334,109.769
25335,109.769
25336,109.769
25337,109.769
25338,109.769
25339,109.769
25340,109.769
25341,109.769
25342,109.769
25343,109.769
25344,109.769
25345,109.769
25346,109.769
25347,109.769
25348,109.769
25349,109.769
25350,109.769
25351,108.888
25352,108.888
25353,108.888
25354,108.888
25355,108.888
25356,108.888
25357,108.888
25358,108.888
25359,108.888
25360,108.888
25361,108.888
25362,108.888
25363,108.888
25364,108.888
25365,108.888
25366,108.888
25367,108.888
25368,108.888
25369,108.888
25370,108.888
25371,102.96
25372,102.96
25373,102.96
25374,102.96
25375,102.96
25376,102.96
25377,102.96
25378,102.96
25379,102.96
25380,102.96
25381,102.96
25382,102.96
25383,102.96
25384,102.96
25385,102.96
25386,102.96
25387,102.96
25388,102.96
25389,102.96
25390,102.96
25391,110.651
25392,110.651
25393,110.651
25394,110.651
25395,110.651
25396,110.651
25397,110.651
25398,110.651
25399,110.651
25400,110.651
25401,110.651
25402,110.651
25403,110.651
25404,110.651
25405,110.651
25406,110.651
25407,110.651
25408,110.651
25409,110.651
25410,110.651
25411,110.651
25412,111.41
25413,111.41
25414,111.41
25415,111.41
25416,111.41
25417,111.41
25418,111.41
25419,111.41
25420,111.41
25421,111.41
25422,111.41
25423,111.41
25424,111.41
25425,111.41
25426,111.41
25427,111.41
25428,111.41
25429,111.41
25430,111.41
25431,111.41
25432,102.854
25433,102.854
25434,102.854
25435,102.854
25436,102.854
25437,102.854
25438,102.854
25439,102.854
25440,102.854
25441,102.854
25442,102.854
25443,102.854
25444,102.854
25445,102.854
25446,102.854
25447,102.854
25448,102.854
25449,102.854
25450,102.854
25451,102.854
25452,108.504
25453,108.504
25454,108.504
25455,108.504
25456,108.504
25457,108.504
25458,108.504
25459,108.504
25460,108.504
25461,108.504
25462,108.504
25463,108.504
25464,108.504
25465,108.504
25466,108.504
25467,108.504
25468,108.504
25469,108.504
25470,108.504
25471,108.504
25472,112.89
25473,112.89
25474,112.89
25475,112.89
25476,112.89
25477,112.89
25478,112.89
25479,112.89
25480,112.89
25481,112.89
25482,112.89
25483,112.89
25484,112.89
25485,112.89
25486,112.89
25487,112.89
25488,112.89
25489,112.89
25490,112.89
25491,112.89
25492,107.687
25493,107.687
25494,107.687
25495,107.687
25496,107.687
25497,107.687
25498,107.687
25499,107.687
25500,107.687
25501,107.687
25502,107.687
25503,107.687
25504,107.687
25505,107.687
25506,107.687
25507,107.687
25508,107.687
25509,107.687
25510,107.687
25511,107.687
25512,101.428
25513,101.428
25514,101.428
25515,101.428
25516,101.428
25517,101.428
25518,101.428
25519,101.428
25520,101.428
25521,101.428
25522,101.428
25523,101.428
25524,101.428
25525,101.428
25526,101.428
25527,101.428
25528,101.428
25529,101.428
25530,101.428
25531,101.428
25532,117.612
25533,117.612
25534,117.612
25535,117.612
25536,117.612
25537,117.612
25538,117.612
25539,117.612
25540,117.612
25541,117.612
25542,117.612
25543,117.612
25544,117.612
25545,117.612
25546,117.612
25547,117.612
25548,117.612
25549,117.612
25550,117.612
25551,117.612
25552,108.776
25553,108.776
25554,108.776
25555,108.776
25556,108.776
25557,108.776
25558,108.776
25559,108.776
25560,108.776
25561,108.776
25562,108.776
25563,108.776
25564,108.776
25565,108.776
25566,108.776
25567,108.776
25568,108.776
25569,108.776
25570,108.776
25571,108.776
25572,99.948
25573,99.948
25574,99.948
25575,99.948
25576,99.948
25577,99.948
25578,99.948
25579,99.948
25580,99.948
25581,99.948
25582,99.948
25583,99.948
25584,99.948
25585,99.948
25586,99.948
25587,99.948
25588,99.948
25589,99.948
25590,99.948
25591,99.948
25592,99.948
25593,113.342
25594,113.342
25595,113.342
25596,113.342
25597,113.342
25598,113.342
25599,113.342
25600,113.342
25601,113.342
25602,113.342
25603,113.342
25604,113.342
25605,113.342
25606,113.342
25607,113.342
25608,113.342
25609,113.342
25610,113.342
25611,113.342
25612,113.342
25613,108.615
25614,108.615
25615,108.615
25616,108.615
25617,108.615
25618,108.615
25619,108.615
25620,108.615
25621,108.615
25622,108.615
25623,108.615
25624,108.615
25625,108.615
25626,108.615
25627,108.615
25628,108.615
25629,108.615
25630,108.615
25631,108.615
25632,108.615
25633,101.533
25634,101.533
25635,101.533
25636,101.533
25637,101.533
25638,101.533
25639,101.533
25640,101.533
25641,101.533
25642,101.533
25643,101.533
25644,101.533
25645,101.533
25646,101.533
25647,101.533
25648,101.533
25649,101.533
25650,101.533
25651,101.533
25652,101.533
25653,113.006
25654,113.006
25655,113.006
25656,113.006
25657,113.006
25658,113.006
25659,113.006
25660,113.006
25661,113.006
25662,113.006
25663,113.006
25664,113.006
25665,113.006
25666,113.006
25667,113.006
25668,113.006
25669,113.006
25670,113.006
25671,113.006
25672,113.006
25673,110.37
25674,110.37
25675,110.37
25676,110.37
25677,110.37
25678,110.37
25679,110.37
25680,110.37
25681,110.37
25682,110.37
25683,110.37
25684,110.37
25685,110.37
25686,110.37
25687,110.37
25688,110.37
25689,110.37
25690,110.37
25691,110.37
25692,110.37
25693,103.896
25694,103.896
25695,103.896
25696,103.896
25697,103.896
25698,103.896
25699,103.896
25700,103.896
25701,103.896
25702,103.896
25703,103.896
25704,103.896
25705,103.896
25706,103.896
25707,103.896
25708,103.896
25709,103.896
25710,103.896
25711,103.896
25712,103.896
25713,116.579
25714,116.579
25715,116.579
25716,116.579
25717,116.579
25718,116.579
25719,116.579
25720,116.579
25721,116.579
25722,116.579
25723,116.579
25724,116.579
25725,116.579
25726,116.579
25727,116.579
25728,116.579
25729,116.579
25730,116.579
25731,116.579
25732,116.579
25733,108.888
25734,108.888
25735,108.888
25736,108.888
25737,108.888
25738,108.888
25739,108.888
25740,108.888
25741,108.888
25742,108.888
25743,108.888
25744,108.888
25745,108.888
25746,108.888
25747,108.888
25748,108.888
25749,108.888
25750,108.888
25751,108.888
25752,108.888
25753,108.888
25754,111.86
25755,111.86
25756,111.86
25757,111.86
25758,111.86
25759,111.86
25760,111.86
25761,111.86
25762,111.86
25763,111.86
25764,111.86
25765,111.86
25766,111.86
25767,111.86
25768,111.86
25769,111.86
25770,111.86
25771,111.86
25772,111.86
25773,111.86
25774,85.886
25775,85.886
25776,85.886
25777,85.886
25778,85.886
25779,85.886
25780,85.886
25781,85.886
25782,85.886
25783,85.886
25784,85.886
25785,85.886
25786,85.886
25787,85.886
25788,85.886
25789,85.886
25790,85.886
25791,85.886
25792,85.886
25793,85.886
25794,70.84
25795,70.84
25796,70.84
25797,70.84
25798,70.84
25799,70.84
25800,70.84
25801,70.84
25802,70.84
25803,70.84
25804,70.84
25805,70.84
25806,70.84
25807,70.84
25808,70.84
25809,70.84
25810,70.84
25811,70.84
25812,70.84
25813,70.84
25814,67.267
25815,67.267
25816,67.267
25817,67.267
25818,67.267
25819,67.267
25820,67.267
25821,67.267
25822,67.267
25823,67.267
25824,67.267
25825,67.267
25826,67.267
25827,67.267
25828,67.267
25829,67.267
25830,67.267
25831,67.267
25832,67.267
25833,67.267
25834,66.386
25835,66.386
25836,66.386
25837,66.386
25838,66.386
25839,66.386
25840,66.386
25841,66.386
25842,66.386
25843,66.386
25844,66.386
25845,66.386
25846,66.386
25847,66.386
25848,66.386
25849,66.386
25850,66.386
25851,66.386
25852,66.386
25853,66.386
25854,66.386
25855,66.386
25856,66.386
25857,66.386
25858,66.386
25859,66.386
25860,66.386
25861,66.386
25862,66.386
25863,66.386
25864,66.386
25865,66.386
25866,66.386
25867,66.386
25868,66.386
25869,66.386
25870,66.386
25871,66.386
25872,66.386
25873,66.386
25874,66.386
25875,66.386
25876,66.386
25877,66.386
25878,66.386
25879,66.386
25880,66.386
25881,66.386
25882,66.386
25883,66.386
25884,66.386
25885,66.386
25886,66.386
25887,66.386
25888,66.386
25889,66.386
25890,66.386
25891,66.386
25892,66.386
25893,66.386
25894,66.386
25895,66.386
25896,66.386
25897,66.386
25898,66.386
25899,66.386
25900,66.386
25901,66.386
25902,66.386
25903,66.386
25904,66.386
25905,66.386
25906,66.386
25907,66.386
25908,66.386
25909,66.386
25910,66.386
25911,66.386
25912,66.386
25913,66.386
25914,66.113
25915,66.113
25916,66.113
25917,66.113
25918,66.113
25919,66.113
25920,66.113
25921,66.113
25922,66.113
25923,66.113
25924,66.113
25925,66.113
25926,66.113
25927,66.113
25928,66.113
25929,66.113
25930,66.113
25931,66.113
25932,66.113
25933,66.113
25934,66.113
25935,66.113
25936,66.113
25937,66.113
25938,66.113
25939,66.113
25940,66.113
25941,66.113
25942,66.113
25943,66.113
25944,66.113
25945,66.113
25946,66.113
25947,66.113
25948,66.113
25949,66.113
25950,66.113
25951,66.113
25952,66.113
25953,66.113
25954,66.113
25955,66.113
25956,66.113
25957,66.113
25958,66.113
25959,66.113
25960,66.113
25961,66.113
25962,66.113
25963,66.113
25964,66.113
25965,66.113
25966,66.113
25967,66.113
25968,66.113
25969,66.113
25970,66.113
25971,66.113
25972,66.113
25973,66.113
25974,66.113
25975,66.113
25976,66.113
25977,66.113
25978,66.113
25979,66.113
25980,66.113
25981,66.113
25982,66.113
25983,66.113
25984,66.113
25985,66.113
25986,66.113
25987,66.113
25988,66.113
25989,66.113
25990,66.113
25991,66.113
25992,66.113
25993,66.113
25994,66.113
25995,66.386
25996,66.386
25997,66.386
25998,66.386
25999,66.386
26000,66.386
26001,66.386
26002,66.386
26003,66.386
26004,66.386
26005,66.386
26006,66.386
26007,66.386
26008,66.386
26009,66.386
26010,66.386
26011,66.386
26012,66.386
26013,66.386
26014,66.386
26015,66.113
26016,66.113
26017,66.113
26018,66.113
26019,66.113
26020,66.113
26021,66.113
26022,66.113
26023,66.113
26024,66.113
26025,66.113
26026,66.113
26027,66.113
26028,66.113
26029,66.113
26030,66.113
26031,66.113
26032,66.113
26033,66.113
26034,66.113
26035,66.113
26036,66.113
26037,66.113
26038,66.113
26039,66.113
26040,66.113
26041,66.113
26042,66.113
26043,66.113
26044,66.113
26045,66.113
26046,66.113
26047,66.113
26048,66.113
26049,66.113
26050,66.113
26051,66.113
26052,66.113
26053,66.113
26054,66.113
26055,66.113
26056,66.113
26057,66.113
26058,66.113
26059,66.113
26060,66.113
26061,66.113
26062,66.113
26063,66.113
26064,66.113
26065,66.113
26066,66.113
26067,66.113
26068,66.113
26069,66.113
26070,66.113
26071,66.113
26072,66.113
26073,66.113
26074,66.113
26075,66.113
26076,66.113
26077,66.113
26078,66.113
26079,66.113
26080,66.113
26081,66.113
26082,66.113
26083,66.113
26084,66.113
26085,66.113
26086,66.113
26087,66.113
26088,66.113
26089,66.113
26090,66.113
26091,66.113
26092,66.113
26093,66.113
26094,66.113
26095,66.386
26096,66.386
26097,66.386
26098,66.386
26099,66.386
26100,66.386
26101,66.386
26102,66.386
26103,66.386
26104,66.386
26105,66.386
26106,66.386
26107,66.386
26108,66.386
26109,66.386
26110,66.386
26111,66.386
26112,66.386
26113,66.386
26114,66.386
26115,66.113
26116,66.113
26117,66.113
26118,66.113
26119,66.113
26120,66.113
26121,66.113
26122,66.113
26123,66.113
26124,66.113
26125,66.113
26126,66.113
26127,66.113
26128,66.113
26129,66.113
26130,66.113
26131,66.113
26132,66.113
26133,66.113
26134,66.113
26135,65.785
26136,65.785
26137,65.785
26138,65.785
26139,65.785
26140,65.785
26141,65.785
26142,65.785
26143,65.785
26144,65.785
26145,65.785
26146,65.785
26147,65.785
26148,65.785
26149,65.785
26150,65.785
26151,65.785
26152,65.785
26153,65.785
26154,65.785
26155,66.113
26156,66.113
26157,66.113
26158,66.113
26159,66.113
26160,66.113
26161,66.113
26162,66.113
26163,66.113
26164,66.113
26165,66.113
26166,66.113
26167,66.113
26168,66.113
26169,66.113
26170,66.113
26171,66.113
26172,66.113
26173,66.113
26174,66.113
26175,65.785
26176,65.785
26177,65.785
26178,65.785
26179,65.785
26180,65.785
26181,65.785
26182,65.785
26183,65.785
26184,65.785
26185,65.785
26186,65.785
26187,65.785
26188,65.785
26189,65.785
26190,65.785
26191,65.785
26192,65.785
26193,65.785
26194,65.785
26195,69.358
26196,69.358
26197,69.358
26198,69.358
26199,69.358
26200,69.358
26201,69.358
26202,69.358
26203,69.358
26204,69.358
26205,69.358
26206,69.358
26207,69.358
26208,69.358
26209,69.358
26210,69.358
26211,69.358
26212,69.358
26213,69.358
26214,69.358
26215,72.595
26216,72.595
26217,72.595
26218,72.595
26219,72.595
26220,72.595
26221,72.595
26222,72.595
26223,72.595
26224,72.595
26225,72.595
26226,72.595
26227,72.595
26228,72.595
26229,72.595
26230,72.595
26231,72.595
26232,72.595
26233,72.595
26234,72.595
26235,72.595
26236,67.267
26237,67.267
26238,67.267
26239,67.267
26240,67.267
26241,67.267
26242,67.267
26243,67.267
26244,67.267
26245,67.267
26246,67.267
26247,67.267
26248,67.267
26249,67.267
26250,67.267
26251,67.267
26252,67.267
26253,67.267
26254,67.267
26255,67.267
26256,66.113
26257,66.113
26258,66.113
26259,66.113
26260,66.113
26261,66.113
26262,66.113
26263,66.113
26264,66.113
26265,66.113
26266,66.113
26267,66.113
26268,66.113
26269,66.113
26270,66.113
26271,66.113
26272,66.113
26273,66.113
26274,66.113
26275,66.113
26276,66.113
26277,66.113
26278,66.113
26279,66.113
26280,66.113
26281,66.113
26282,66.113
26283,66.113
26284,66.113
26285,66.113
26286,66.113
26287,66.113
26288,66.113
26289,66.113
26290,66.113
26291,66.113
26292,66.113
26293,66.113
26294,66.113
26295,66.113
26296,66.667
26297,66.667
26298,66.667
26299,66.667
26300,66.667
26301,66.667
26302,66.667
26303,66.667
26304,66.667
26305,66.667
26306,66.667
26307,66.667
26308,66.667
26309,66.667
26310,66.667
26311,66.667
26312,66.667
26313,66.667
26314,66.667
26315,66.667
26316,66.113
26317,66.113
26318,66.113
26319,66.113
26320,66.113
26321,66.113
26322,66.113
26323,66.113
26324,66.113
26325,66.113
26326,66.113
26327,66.113
26328,66.113
26329,66.113
26330,66.113
26331,66.113
26332,66.113
26333,66.113
26334,66.113
26335,66.113
26336,66.994
26337,66.994
26338,66.994
26339,66.994
26340,66.994
26341,66.994
26342,66.994
26343,66.994
26344,66.994
26345,66.994
26346,66.994
26347,66.994
26348,66.994
26349,66.994
26350,66.994
26351,66.994
26352,66.994
26353,66.994
26354,66.994
26355,66.994
26356,68.749
26357,68.749
26358,68.749
26359,68.749
26360,68.749
26361,68.749
26362,68.749
26363,68.749
26364,68.749
26365,68.749
26366,68.749
26367,68.749
26368,68.749
26369,68.749
26370,68.749
26371,68.749
26372,68.749
26373,68.749
26374,68.749
26375,68.749
26376,71.713
26377,71.713
26378,71.713
26379,71.713
26380,71.713
26381,71.713
26382,71.713
26383,71.713
26384,71.713
26385,71.713
26386,71.713
26387,71.713
26388,71.713
26389,71.713
26390,71.713
26391,71.713
26392,71.713
26393,71.713
26394,71.713
26395,71.713
26396,69.904
26397,69.904
26398,69.904
26399,69.904
26400,69.904
26401,69.904
26402,69.904
26403,69.904
26404,69.904
26405,69.904
26406,69.904
26407,69.904
26408,69.904
26409,69.904
26410,69.904
26411,69.904
26412,69.904
26413,69.904
26414,69.904
26415,69.904
26416,68.476
26417,68.476
26418,68.476
26419,68.476
26420,68.476
26421,68.476
26422,68.476
26423,68.476
26424,68.476
26425,68.476
26426,68.476
26427,68.476
26428,68.476
26429,68.476
26430,68.476
26431,68.476
26432,68.476
26433,68.476
26434,68.476
26435,68.476
26436,68.476
26437,68.476
26438,66.667
26439,66.667
26440,66.667
26441,66.667
26442,66.667
26443,66.667
26444,66.667
26445,66.667
26446,66.667
26447,66.667
26448,66.667
26449,66.667
26450,66.667
26451,66.667
26452,66.667
26453,66.667
26454,66.667
26455,66.667
26456,66.667
26457,66.113
26458,66.113
26459,66.113
26460,66.113
26461,66.113
26462,66.113
26463,66.113
26464,66.113
26465,66.113
26466,66.113
26467,66.113
26468,66.113
26469,66.113
26470,66.113
26471,66.113
26472,66.113
26473,66.113
26474,66.113
26475,66.113
26476,66.113
26477,65.785
26478,65.785
26479,65.785
26480,65.785
26481,65.785
26482,65.785
26483,65.785
26484,65.785
26485,65.785
26486,65.785
26487,65.785
26488,65.785
26489,65.785
26490,65.785
26491,65.785
26492,65.785
26493,65.785
26494,65.785
26495,65.785
26496,65.785
26497,66.113
26498,66.113
26499,66.113
26500,66.113
26501,66.113
26502,66.113
26503,66.113
26504,66.113
26505,66.113
26506,66.113
26507,66.113
26508,66.113
26509,66.113
26510,66.113
26511,66.113
26512,66.113
26513,66.113
26514,66.113
26515,66.113
26516,66.113
26517,65.785
26518,65.785
26519,65.785
26520,65.785
26521,65.785
26522,65.785
26523,65.785
26524,65.785
26525,65.785
26526,65.785
26527,65.785
26528,65.785
26529,65.785
26530,65.785
26531,65.785
26532,65.785
26533,65.785
26534,65.785
26535,65.785
26536,65.785
26537,65.785
26538,65.785
26539,65.785
26540,65.785
26541,65.785
26542,65.785
26543,65.785
26544,65.785
26545,65.785
26546,65.785
26547,65.785
26548,65.785
26549,65.785
26550,65.785
26551,65.785
26552,65.785
26553,65.785
26554,65.785
26555,65.785
26556,65.785
26557,65.785
26558,65.785
26559,65.785
26560,65.785
26561,65.785
26562,65.785
26563,65.785
26564,65.785
26565,65.785
26566,65.785
26567,65.785
26568,65.785
26569,65.785
26570,65.785
26571,65.785
26572,65.785
26573,65.785
26574,65.785
26575,65.785
26576,65.785
26577,65.785
26578,65.785
26579,65.785
26580,65.785
26581,65.785
26582,65.785
26583,65.785
26584,65.785
26585,65.785
26586,65.785
26587,65.785
26588,65.785
26589,65.785
26590,65.785
26591,65.785
26592,65.785
26593,65.785
26594,65.785
26595,65.785
26596,65.785
26597,66.113
