time_ms,power_w
0,74.273
1,74.273
2,74.273
3,74.273
4,74.273
5,74.273
6,74.273
7,74.273
8,74.273
9,74.273
10,74.273
11,74.273
12,74.273
13,74.273
14,74.273
15,74.273
16,74.273
17,74.273
18,74.273
19,74.273
20,72.793
21,72.793
22,72.793
23,72.793
24,72.793
25,72.793
26,72.793
27,72.793
28,72.793
29,72.793
30,72.793
31,72.793
32,72.793
33,72.793
34,72.793
35,72.793
36,72.793
37,72.793
38,72.793
39,72.793
40,69.559
41,69.559
42,69.559
43,69.559
44,69.559
45,69.559
46,69.559
47,69.559
48,69.559
49,69.559
50,69.559
51,69.559
52,69.559
53,69.559
54,69.559
55,69.559
56,69.559
57,69.559
58,69.559
59,69.559
60,68.951
61,68.951
62,68.951
63,68.951
64,68.951
65,68.951
66,68.951
67,68.951
68,68.951
69,68.951
70,68.951
71,68.951
72,68.951
73,68.951
74,68.951
75,68.951
76,68.951
77,68.951
78,68.951
79,68.951
80,68.679
81,68.679
82,68.679
83,68.679
84,68.679
85,68.679
86,68.679
87,68.679
88,68.679
89,68.679
90,68.679
91,68.679
92,68.679
93,68.679
94,68.679
95,68.679
96,68.679
97,68.679
98,68.679
99,68.679
100,68.951
101,68.951
102,68.951
103,68.951
104,68.951
105,68.951
106,68.951
107,68.951
108,68.951
109,68.951
110,68.951
111,68.951
112,68.951
113,68.951
114,68.951
115,68.951
116,68.951
117,68.951
118,68.951
119,68.951
120,68.951
121,68.951
122,68.951
123,68.951
124,68.951
125,68.951
126,68.951
127,68.951
128,68.951
129,68.951
130,68.951
131,68.951
132,68.951
133,68.951
134,68.951
135,68.951
136,68.951
137,68.951
138,68.951
139,68.951
140,68.679
141,68.679
142,68.679
143,68.679
144,68.679
145,68.679
146,68.679
147,68.679
148,68.679
149,68.679
150,68.679
151,68.679
152,68.679
153,68.679
154,68.679
155,68.679
156,68.679
157,68.679
158,68.679
159,68.679
160,68.679
161,68.679
162,68.679
163,68.679
164,68.679
165,68.679
166,68.679
167,68.679
168,68.679
169,68.679
170,68.679
171,68.679
172,68.679
173,68.679
174,68.679
175,68.679
176,68.679
177,68.679
178,68.679
179,68.679
180,68.679
181,68.608
182,68.608
183,68.608
184,68.608
185,68.608
186,68.608
187,68.608
188,68.608
189,68.608
190,68.608
191,68.608
192,68.608
193,68.608
194,68.608
195,68.608
196,68.608
197,68.608
198,68.608
199,68.608
200,68.608
201,68.881
202,68.881
203,68.881
204,68.881
205,68.881
206,68.881
207,68.881
208,68.881
209,68.881
210,68.881
211,68.881
212,68.881
213,68.881
214,68.881
215,68.881
216,68.881
217,68.881
218,68.881
219,68.881
220,68.881
221,68.881
222,68.881
223,68.881
224,68.881
225,68.881
226,68.881
227,68.881
228,68.881
229,68.881
230,68.881
231,68.881
232,68.881
233,68.881
234,68.881
235,68.881
236,68.881
237,68.881
238,68.881
239,68.881
240,68.881
241,68.608
242,68.608
243,68.608
244,68.608
245,68.608
246,68.608
247,68.608
248,68.608
249,68.608
250,68.608
251,68.608
252,68.608
253,68.608
254,68.608
255,68.608
256,68.608
257,68.608
258,68.608
259,68.608
260,68.608
261,68.679
262,68.679
263,68.679
264,68.679
265,68.679
266,68.679
267,68.679
268,68.679
269,68.679
270,68.679
271,68.679
272,68.679
273,68.679
274,68.679
275,68.679
276,68.679
277,68.679
278,68.679
279,68.679
280,68.679
281,68.608
282,68.608
283,68.608
284,68.608
285,68.608
286,68.608
287,68.608
288,68.608
289,68.608
290,68.608
291,68.608
292,68.608
293,68.608
294,68.608
295,68.608
296,68.608
297,68.608
298,68.608
299,68.608
300,68.608
301,68.608
302,68.608
303,68.608
304,68.608
305,68.608
306,68.608
307,68.608
308,68.608
309,68.608
310,68.608
311,68.608
312,68.608
313,68.608
314,68.608
315,68.608
316,68.608
317,68.608
318,68.608
319,68.608
320,68.608
321,68.881
322,68.881
323,68.881
324,68.881
325,68.881
326,68.881
327,68.881
328,68.881
329,68.881
330,68.881
331,68.881
332,68.881
333,68.881
334,68.881
335,68.881
336,68.881
337,68.881
338,68.881
339,68.881
340,68.881
341,68.881
342,68.881
343,68.881
344,68.881
345,68.881
346,68.881
347,68.881
348,68.881
349,68.881
350,68.881
351,68.881
352,68.881
353,68.881
354,68.881
355,68.881
356,68.881
357,68.881
358,68.881
359,68.881
360,68.881
361,68.608
362,68.608
363,68.608
364,68.608
365,68.608
366,68.608
367,68.608
368,68.608
369,68.608
370,68.608
371,68.608
372,68.608
373,68.608
374,68.608
375,68.608
376,68.608
377,68.608
378,68.608
379,68.608
380,68.608
381,68.608
382,68.608
383,68.608
384,68.608
385,68.608
386,68.608
387,68.608
388,68.608
389,68.608
390,68.608
391,68.608
392,68.608
393,68.608
394,68.608
395,68.608
396,68.608
397,68.608
398,68.608
399,68.608
400,68.608
401,68.608
402,60.061
403,60.061
404,60.061
405,60.061
406,60.061
407,60.061
408,60.061
409,60.061
410,60.061
411,60.061
412,60.061
413,60.061
414,60.061
415,60.061
416,60.061
417,60.061
418,60.061
419,60.061
420,60.061
421,60.061
422,54.745
423,54.745
424,54.745
425,54.745
426,54.745
427,54.745
428,54.745
429,54.745
430,54.745
431,54.745
432,54.745
433,54.745
434,54.745
435,54.745
436,54.745
437,54.745
438,54.745
439,54.745
440,54.745
441,54.745
442,53.266
443,53.266
444,53.266
445,53.266
446,53.266
447,53.266
448,53.266
449,53.266
450,53.266
451,53.266
452,53.266
453,53.266
454,53.266
455,53.266
456,53.266
457,53.266
458,53.266
459,53.266
460,53.266
461,53.266
462,52.993
463,52.993
464,52.993
465,52.993
466,52.993
467,52.993
468,52.993
469,52.993
470,52.993
471,52.993
472,52.993
473,52.993
474,52.993
475,52.993
476,52.993
477,52.993
478,52.993
479,52.993
480,52.993
481,52.993
482,52.993
483,52.993
484,52.993
485,52.993
486,52.993
487,52.993
488,52.993
489,52.993
490,52.993
491,52.993
492,52.993
493,52.993
494,52.993
495,52.993
496,52.993
497,52.993
498,52.993
499,52.993
500,52.993
501,52.993
502,52.993
503,52.993
504,52.993
505,52.993
506,52.993
507,52.993
508,52.993
509,52.993
510,52.993
511,52.993
512,52.993
513,52.993
514,52.993
515,52.993
516,52.993
517,52.993
518,52.993
519,52.993
520,52.993
521,52.993
522,52.993
523,52.993
524,52.993
525,52.993
526,52.993
527,52.993
528,52.993
529,52.993
530,52.993
531,52.993
532,52.993
533,52.993
534,52.993
535,52.993
536,52.993
537,52.993
538,52.993
539,52.993
540,52.993
541,52.993
542,52.993
543,52.993
544,52.993
545,52.993
546,52.993
547,52.993
548,52.993
549,52.993
550,52.993
551,52.993
552,52.993
553,52.993
554,52.993
555,52.993
556,52.993
557,52.993
558,52.993
559,52.993
560,52.993
561,52.993
562,52.993
563,52.993
564,52.993
565,52.993
566,52.993
567,52.993
568,52.993
569,52.993
570,52.993
571,52.993
572,52.993
573,52.993
574,52.993
575,52.993
576,52.993
577,52.993
578,52.993
579,52.993
580,52.993
581,52.993
582,52.993
583,52.993
584,52.993
585,52.993
586,52.993
587,52.993
588,52.993
589,52.993
590,52.993
591,52.993
592,52.993
593,52.993
594,52.993
595,52.993
596,52.993
597,52.993
598,52.993
599,52.993
600,52.993
601,52.993
602,52.993
603,52.993
604,52.993
605,52.993
606,52.993
607,52.993
608,52.993
609,52.993
610,52.993
611,52.993
612,52.993
613,52.993
614,52.993
615,52.993
616,52.993
617,52.993
618,52.993
619,52.993
620,52.993
621,52.993
622,52.993
623,52.993
624,52.993
625,52.993
626,52.993
627,52.993
628,52.993
629,53.266
630,53.266
631,53.266
632,53.266
633,53.266
634,53.266
635,53.266
636,53.266
637,53.266
638,53.266
639,53.266
640,53.266
641,53.266
642,53.266
643,53.266
644,53.266
645,53.266
646,53.266
647,53.266
648,53.593
649,53.593
650,53.593
651,53.593
652,53.593
653,53.593
654,53.593
655,53.593
656,53.593
657,53.593
658,53.593
659,53.593
660,53.593
661,53.593
662,53.593
663,53.593
664,53.593
665,53.266
666,53.266
667,53.266
668,53.266
669,53.266
670,53.266
671,53.266
672,53.266
673,53.266
674,53.266
675,53.266
676,53.266
677,53.266
678,53.266
679,53.266
680,53.266
681,53.266
682,53.266
683,53.266
684,53.266
685,52.993
686,52.993
687,52.993
688,52.993
689,52.993
690,52.993
691,52.993
692,52.993
693,52.993
694,52.993
695,52.993
696,52.993
697,52.993
698,52.993
699,52.993
700,52.993
701,52.993
702,52.993
703,52.993
704,52.993
705,52.993
706,52.993
707,52.993
708,52.993
709,52.993
710,52.993
711,52.993
712,52.993
713,52.993
714,52.993
715,52.993
716,52.993
717,52.993
718,52.993
719,52.993
720,52.993
721,52.993
722,52.993
723,52.993
724,52.993
725,52.993
726,52.993
727,52.993
728,52.993
729,52.993
730,52.993
731,52.993
732,52.993
733,52.993
734,52.993
735,52.993
736,52.993
737,52.993
738,52.993
739,52.993
740,52.993
741,52.993
742,52.993
743,52.993
744,52.993
745,54.2
746,54.2
747,54.2
748,54.2
749,54.2
750,54.2
751,54.2
752,54.2
753,54.2
754,54.2
755,54.2
756,54.2
757,54.2
758,54.2
759,54.2
760,54.2
761,54.2
762,54.2
763,54.2
764,54.2
765,55.344
766,55.344
767,55.344
768,55.344
769,55.344
770,55.344
771,55.344
772,55.344
773,55.344
774,55.344
775,55.344
776,55.344
777,55.344
778,55.344
779,55.344
780,55.344
781,55.344
782,55.344
783,55.344
784,55.344
785,55.344
786,54.745
787,54.745
788,54.745
789,54.745
790,54.745
791,54.745
792,54.745
793,54.745
794,54.745
795,54.745
796,54.745
797,54.745
798,54.745
799,54.745
800,54.745
801,54.745
802,54.745
803,54.745
804,54.745
805,54.472
806,54.472
807,54.472
808,54.472
809,54.472
810,54.472
811,54.472
812,54.472
813,54.472
814,54.472
815,54.472
816,54.472
817,54.472
818,54.472
819,54.472
820,54.472
821,54.472
822,54.472
823,54.472
824,54.472
825,54.472
826,54.472
827,54.472
828,54.472
829,54.472
830,54.472
831,54.472
832,54.472
833,54.472
834,54.472
835,54.472
836,54.472
837,54.472
838,54.472
839,54.472
840,54.472
841,54.472
842,54.472
843,54.472
844,54.472
845,54.472
846,54.472
847,54.472
848,54.472
849,54.472
850,54.472
851,54.472
852,54.472
853,54.472
854,54.472
855,54.472
856,54.472
857,54.472
858,54.472
859,54.472
860,54.472
861,54.472
862,54.472
863,54.472
864,54.472
865,54.472
866,54.472
867,54.472
868,54.472
869,54.472
870,54.472
871,54.472
872,54.472
873,54.472
874,54.472
875,54.472
876,54.472
877,54.472
878,54.472
879,54.472
880,54.472
881,54.472
882,54.472
883,54.472
884,54.472
885,54.472
886,54.472
887,54.472
888,54.472
889,54.472
890,54.472
891,54.472
892,54.472
893,54.472
894,54.472
895,54.472
896,54.472
897,54.472
898,54.472
899,54.472
900,54.472
901,54.472
902,54.472
903,54.472
904,54.472
905,54.472
906,54.472
907,54.472
908,54.472
909,54.472
910,54.472
911,54.472
912,54.472
913,54.472
914,54.472
915,54.472
916,54.472
917,54.472
918,54.472
919,54.472
920,54.472
921,54.472
922,54.472
923,54.472
924,54.472
925,54.472
926,54.472
927,54.472
928,54.472
929,54.472
930,54.472
931,54.472
932,54.472
933,54.472
934,54.472
935,54.472
936,54.472
937,54.472
938,54.472
939,54.472
940,54.472
941,54.472
942,54.472
943,54.472
944,54.472
945,54.472
946,54.472
947,54.472
948,54.472
949,54.472
950,54.472
951,54.472
952,54.472
953,54.472
954,54.472
955,54.472
956,54.472
957,54.472
958,54.472
959,54.472
960,54.472
961,54.472
962,54.472
963,54.472
964,54.472
965,54.472
966,54.472
967,54.472
968,54.472
969,54.472
970,54.472
971,54.472
972,54.472
973,54.472
974,54.472
975,54.472
976,54.472
977,54.472
978,54.472
979,54.472
980,54.472
981,54.472
982,54.472
983,54.472
984,54.472
985,54.472
986,54.472
987,54.472
988,54.472
989,54.472
990,54.472
991,54.472
992,54.472
993,54.472
994,54.472
995,54.472
996,54.472
997,54.472
998,54.472
999,54.472
1000,54.472
1001,54.472
1002,54.472
1003,54.472
1004,54.472
1005,54.472
1006,63.833
1007,63.833
1008,63.833
1009,63.833
1010,63.833
1011,63.833
1012,63.833
1013,63.833
1014,63.833
1015,63.833
1016,63.833
1017,63.833
1018,63.833
1019,63.833
1020,63.833
1021,63.833
1022,63.833
1023,63.833
1024,63.833
1025,63.833
1026,69.689
1027,69.689
1028,69.689
1029,69.689
1030,69.689
1031,69.689
1032,69.689
1033,69.689
1034,69.689
1035,69.689
1036,69.689
1037,69.689
1038,69.689
1039,69.689
1040,69.689
1041,69.689
1042,69.689
1043,69.689
1044,69.689
1045,69.689
1046,70.894
1047,70.894
1048,70.894
1049,70.894
1050,70.894
1051,70.894
1052,70.894
1053,70.894
1054,70.894
1055,70.894
1056,70.894
1057,70.894
1058,70.894
1059,70.894
1060,70.894
1061,70.894
1062,70.894
1063,70.894
1064,70.894
1065,70.894
1066,70.894
1067,70.894
1068,70.894
1069,70.894
1070,70.894
1071,70.894
1072,70.894
1073,70.894
1074,70.894
1075,70.894
1076,70.894
1077,70.894
1078,70.894
1079,70.894
1080,70.894
1081,70.894
1082,70.894
1083,70.894
1084,70.894
1085,70.894
1086,70.894
1087,71.312
1088,71.312
1089,71.312
1090,71.312
1091,71.312
1092,71.312
1093,71.312
1094,71.312
1095,71.312
1096,71.312
1097,71.312
1098,71.312
1099,71.312
1100,71.312
1101,71.312
1102,71.312
1103,71.312
1104,71.312
1105,71.312
1106,71.312
1107,71.64
1108,71.64
1109,71.64
1110,71.64
1111,71.64
1112,71.64
1113,71.64
1114,71.64
1115,71.64
1116,71.64
1117,71.64
1118,71.64
1119,71.64
1120,71.64
1121,71.64
1122,71.64
1123,71.64
1124,71.64
1125,71.64
1126,71.64
1127,71.912
1128,71.912
1129,71.912
1130,71.912
1131,71.912
1132,71.912
1133,71.912
1134,71.912
1135,71.912
1136,71.912
1137,71.912
1138,71.912
1139,71.912
1140,71.912
1141,71.912
1142,71.912
1143,71.912
1144,71.912
1145,71.912
1146,71.912
1147,71.64
1148,71.64
1149,71.64
1150,71.64
1151,71.64
1152,71.64
1153,71.64
1154,71.64
1155,71.64
1156,71.64
1157,71.64
1158,71.64
1159,71.64
1160,71.64
1161,71.64
1162,71.64
1163,71.64
1164,71.64
1165,71.64
1166,71.64
1167,71.64
1168,71.64
1169,71.64
1170,71.64
1171,71.64
1172,71.64
1173,71.64
1174,71.64
1175,71.64
1176,71.64
1177,71.64
1178,71.64
1179,71.64
1180,71.64
1181,71.64
1182,71.64
1183,71.64
1184,71.64
1185,71.64
1186,71.64
1187,71.312
1188,71.312
1189,71.312
1190,71.312
1191,71.312
1192,71.312
1193,71.312
1194,71.312
1195,71.312
1196,71.312
1197,71.312
1198,71.312
1199,71.312
1200,71.312
1201,71.312
1202,71.312
1203,71.312
1204,71.312
1205,71.312
1206,71.312
1207,71.312
1208,71.312
1209,71.312
1210,71.312
1211,71.312
1212,71.312
1213,71.312
1214,71.312
1215,71.312
1216,71.312
1217,71.312
1218,71.312
1219,71.312
1220,71.312
1221,71.312
1222,71.312
1223,71.312
1224,71.312
1225,71.312
1226,71.312
1227,71.312
1228,71.312
1229,71.312
1230,71.312
1231,71.312
1232,71.312
1233,71.312
1234,71.312
1235,71.312
1236,71.312
1237,71.312
1238,71.312
1239,71.312
1240,71.312
1241,71.312
1242,71.312
1243,71.312
1244,71.312
1245,71.312
1246,71.312
1247,71.386
1248,71.386
1249,71.386
1250,71.386
1251,71.386
1252,71.386
1253,71.386
1254,71.386
1255,71.386
1256,71.386
1257,71.386
1258,71.386
1259,71.386
1260,71.386
1261,71.386
1262,71.386
1263,71.386
1264,71.386
1265,71.386
1266,71.386
1267,71.113
1268,71.113
1269,71.113
1270,71.113
1271,71.113
1272,71.113
1273,71.113
1274,71.113
1275,71.113
1276,71.113
1277,71.113
1278,71.113
1279,71.113
1280,71.113
1281,71.113
1282,71.113
1283,71.113
1284,71.113
1285,71.113
1286,71.113
1287,71.113
1288,69.631
1289,69.631
1290,69.631
1291,69.631
1292,69.631
1293,69.631
1294,69.631
1295,69.631
1296,69.631
1297,69.631
1298,69.631
1299,69.631
1300,69.631
1301,69.631
1302,69.631
1303,69.631
1304,69.631
1305,69.631
1306,69.631
1307,69.631
1308,68.749
1309,68.749
1310,68.749
1311,68.749
1312,68.749
1313,68.749
1314,68.749
1315,68.749
1316,68.749
1317,68.749
1318,68.749
1319,68.749
1320,68.749
1321,68.749
1322,68.749
1323,68.749
1324,68.749
1325,68.749
1326,68.749
1327,68.749
1328,68.749
1329,68.749
1330,68.749
1331,68.749
1332,68.749
1333,68.749
1334,68.749
1335,68.749
1336,68.749
1337,68.749
1338,68.749
1339,68.749
1340,68.749
1341,68.749
1342,68.749
1343,68.749
1344,68.749
1345,68.749
1346,68.749
1347,68.749
1348,68.476
1349,68.476
1350,68.476
1351,68.476
1352,68.476
1353,68.476
1354,68.476
1355,68.476
1356,68.476
1357,68.476
1358,68.476
1359,68.476
1360,68.476
1361,68.476
1362,68.476
1363,68.476
1364,68.476
1365,68.476
1366,68.476
1367,68.476
1368,68.476
1369,68.476
1370,68.476
1371,68.476
1372,68.476
1373,68.476
1374,68.476
1375,68.476
1376,68.476
1377,68.476
1378,68.476
1379,68.476
1380,68.476
1381,68.476
1382,68.476
1383,68.476
1384,68.476
1385,68.476
1386,68.476
1387,68.476
1388,68.546
1389,68.546
1390,68.546
1391,68.546
1392,68.546
1393,68.546
1394,68.546
1395,68.546
1396,68.546
1397,68.546
1398,68.546
1399,68.546
1400,68.546
1401,68.546
1402,68.546
1403,68.546
1404,68.546
1405,68.546
1406,68.546
1407,68.546
1408,68.546
1409,68.546
1410,68.546
1411,68.546
1412,68.546
1413,68.546
1414,68.546
1415,68.546
1416,68.546
1417,68.546
1418,68.546
1419,68.546
1420,68.546
1421,68.546
1422,68.546
1423,68.546
1424,68.546
1425,68.546
1426,68.546
1427,68.546
1428,68.82
1429,68.82
1430,68.82
1431,68.82
1432,68.82
1433,68.82
1434,68.82
1435,68.82
1436,68.82
1437,68.82
1438,68.82
1439,68.82
1440,68.82
1441,68.82
1442,68.82
1443,68.82
1444,68.82
1445,68.82
1446,68.82
1447,68.82
1448,68.546
1449,68.546
1450,68.546
1451,68.546
1452,68.546
1453,68.546
1454,68.546
1455,68.546
1456,68.546
1457,68.546
1458,68.546
1459,68.546
1460,68.546
1461,68.546
1462,68.546
1463,68.546
1464,68.546
1465,68.546
1466,68.546
1467,68.546
1468,68.546
1469,68.546
1470,68.546
1471,68.546
1472,68.546
1473,68.546
1474,68.546
1475,68.546
1476,68.546
1477,68.546
1478,68.546
1479,68.546
1480,68.546
1481,68.546
1482,68.546
1483,68.546
1484,68.546
1485,68.546
1486,68.546
1487,68.546
1488,68.546
1489,68.546
1490,68.546
1491,68.546
1492,68.546
1493,68.546
1494,68.546
1495,68.546
1496,68.546
1497,68.546
1498,68.546
1499,68.546
1500,68.546
1501,68.546
1502,68.546
1503,68.546
1504,68.546
1505,68.546
1506,68.546
1507,68.546
1508,68.546
1509,68.546
1510,68.546
1511,68.546
1512,68.546
1513,68.546
1514,68.546
1515,68.546
1516,68.546
1517,68.546
1518,68.546
1519,68.546
1520,68.546
1521,68.546
1522,68.546
1523,68.546
1524,68.546
1525,68.546
1526,68.546
1527,68.546
1528,68.546
1529,68.82
1530,68.82
1531,68.82
1532,68.82
1533,68.82
1534,68.82
1535,68.82
1536,68.82
1537,68.82
1538,68.82
1539,68.82
1540,68.82
1541,68.82
1542,68.82
1543,68.82
1544,68.82
1545,68.82
1546,68.82
1547,68.82
1548,68.82
1549,68.546
1550,68.546
1551,68.546
1552,68.546
1553,68.546
1554,68.546
1555,68.546
1556,68.546
1557,68.546
1558,68.546
1559,68.546
1560,68.546
1561,68.546
1562,68.546
1563,68.546
1564,68.546
1565,68.546
1566,68.546
1567,68.546
1568,68.546
1569,68.546
1570,68.546
1571,68.546
1572,68.546
1573,68.546
1574,68.546
1575,68.546
1576,68.546
1577,68.546
1578,68.546
1579,68.546
1580,68.546
1581,68.546
1582,68.546
1583,68.546
1584,68.546
1585,68.546
1586,68.546
1587,68.546
1588,68.546
1589,68.546
1590,68.546
1591,68.546
1592,68.546
1593,68.546
1594,68.546
1595,68.546
1596,68.546
1597,68.546
1598,68.546
1599,68.546
1600,68.546
1601,68.546
1602,68.546
1603,68.546
1604,68.546
1605,68.546
1606,68.546
1607,68.546
1608,68.546
1609,68.546
1610,68.546
1611,68.546
1612,68.546
1613,68.546
1614,68.546
1615,68.546
1616,68.546
1617,68.546
1618,68.546
1619,68.546
1620,68.546
1621,68.546
1622,68.546
1623,68.546
1624,68.546
1625,68.546
1626,68.546
1627,68.546
1628,68.546
1629,68.82
1630,68.82
1631,68.82
1632,68.82
1633,68.82
1634,68.82
1635,68.82
1636,68.82
1637,68.82
1638,68.82
1639,68.82
1640,68.82
1641,68.82
1642,68.82
1643,68.82
1644,68.82
1645,68.82
1646,68.82
1647,68.82
1648,68.82
1649,68.546
1650,68.546
1651,68.546
1652,68.546
1653,68.546
1654,68.546
1655,68.546
1656,68.546
1657,68.546
1658,68.546
1659,68.546
1660,68.546
1661,68.546
1662,68.546
1663,68.546
1664,68.546
1665,68.546
1666,68.546
1667,68.546
1668,68.546
1669,68.546
1670,68.546
1671,68.546
1672,68.546
1673,68.546
1674,68.546
1675,68.546
1676,68.546
1677,68.546
1678,68.546
1679,68.546
1680,68.546
1681,68.546
1682,68.546
1683,68.546
1684,68.546
1685,68.546
1686,68.546
1687,68.546
1688,68.546
1689,68.546
1690,68.546
1691,68.546
1692,68.546
1693,68.546
1694,68.546
1695,68.546
1696,68.546
1697,68.546
1698,68.546
1699,68.546
1700,68.546
1701,68.546
1702,68.546
1703,68.546
1704,68.546
1705,68.546
1706,68.546
1707,68.546
1708,68.546
1709,68.546
1710,68.546
1711,68.546
1712,68.546
1713,68.546
1714,68.546
1715,68.546
1716,68.546
1717,68.546
1718,68.546
1719,68.546
1720,68.546
1721,68.546
1722,68.546
1723,68.546
1724,68.546
1725,68.546
1726,68.546
1727,68.546
1728,68.546
1729,68.82
1730,68.82
1731,68.82
1732,68.82
1733,68.82
1734,68.82
1735,68.82
1736,68.82
1737,68.82
1738,68.82
1739,68.82
1740,68.82
1741,68.82
1742,68.82
1743,68.82
1744,68.82
1745,68.82
1746,68.82
1747,68.82
1748,68.82
1749,68.546
1750,68.546
1751,68.546
1752,68.546
1753,68.546
1754,68.546
1755,68.546
1756,68.546
1757,68.546
1758,68.546
1759,68.546
1760,68.546
1761,68.546
1762,68.546
1763,68.546
1764,68.546
1765,68.546
1766,68.546
1767,68.546
1768,68.546
1769,68.546
1770,68.546
1771,68.546
1772,68.546
1773,68.546
1774,68.546
1775,68.546
1776,68.546
1777,68.546
1778,68.546
1779,68.546
1780,68.546
1781,68.546
1782,68.546
1783,68.546
1784,68.546
1785,68.546
1786,68.546
1787,68.546
1788,68.546
1789,68.546
1790,68.546
1791,68.546
1792,68.546
1793,68.546
1794,68.546
1795,68.546
1796,68.546
1797,68.546
1798,68.546
1799,68.546
1800,68.546
1801,68.546
1802,68.546
1803,68.546
1804,68.546
1805,68.546
1806,68.546
1807,68.546
1808,68.546
1809,68.546
1810,68.546
1811,68.546
1812,68.546
1813,68.546
1814,68.546
1815,68.546
1816,68.546
1817,68.546
1818,68.546
1819,68.546
1820,68.546
1821,68.546
1822,68.546
1823,68.546
1824,68.546
1825,68.546
1826,68.546
1827,68.546
1828,68.546
1829,68.546
1830,68.82
1831,68.82
1832,68.82
1833,68.82
1834,68.82
1835,68.82
1836,68.82
1837,68.82
1838,68.82
1839,68.82
1840,68.82
1841,68.82
1842,68.82
1843,68.82
1844,68.82
1845,68.82
1846,68.82
1847,68.82
1848,68.82
1849,68.82
1850,68.546
1851,68.546
1852,68.546
1853,68.546
1854,68.546
1855,68.546
1856,68.546
1857,68.546
1858,68.546
1859,68.546
1860,68.546
1861,68.546
1862,68.546
1863,68.546
1864,68.546
1865,68.546
1866,68.546
1867,68.546
1868,68.546
1869,68.546
1870,68.218
1871,68.218
1872,68.218
1873,68.218
1874,68.218
1875,68.218
1876,68.218
1877,68.218
1878,68.218
1879,68.218
1880,68.218
1881,68.218
1882,68.218
1883,68.218
1884,68.218
1885,68.218
1886,68.218
1887,68.218
1888,68.218
1889,68.218
1890,68.546
1891,68.546
1892,68.546
1893,68.546
1894,68.546
1895,68.546
1896,68.546
1897,68.546
1898,68.546
1899,68.546
1900,68.546
1901,68.546
1902,68.546
1903,68.546
1904,68.546
1905,68.546
1906,68.546
1907,68.546
1908,68.546
1909,68.546
1910,68.546
1911,68.546
1912,68.546
1913,68.546
1914,68.546
1915,68.546
1916,68.546
1917,68.546
1918,68.546
1919,68.546
1920,68.546
1921,68.546
1922,68.546
1923,68.546
1924,68.546
1925,68.546
1926,68.546
1927,68.546
1928,68.546
1929,68.546
1930,68.82
1931,68.82
1932,68.82
1933,68.82
1934,68.82
1935,68.82
1936,68.82
1937,68.82
1938,68.82
1939,68.82
1940,68.82
1941,68.82
1942,68.82
1943,68.82
1944,68.82
1945,68.82
1946,68.82
1947,68.82
1948,68.82
1949,68.82
1950,68.546
1951,68.546
1952,68.546
1953,68.546
1954,68.546
1955,68.546
1956,68.546
1957,68.546
1958,68.546
1959,68.546
1960,68.546
1961,68.546
1962,68.546
1963,68.546
1964,68.546
1965,68.546
1966,68.546
1967,68.546
1968,68.546
1969,68.546
1970,68.546
1971,68.546
1972,68.546
1973,68.546
1974,68.546
1975,68.546
1976,68.546
1977,68.546
1978,68.546
1979,68.546
1980,68.546
1981,68.546
1982,68.546
1983,68.546
1984,68.546
1985,68.546
1986,68.546
1987,68.546
1988,68.546
1989,68.546
1990,68.546
1991,68.82
1992,68.82
1993,68.82
1994,68.82
1995,68.82
1996,68.82
1997,68.82
1998,68.82
1999,68.82
2000,68.82
2001,68.82
2002,68.82
2003,68.82
2004,68.82
2005,68.82
2006,68.82
2007,68.82
2008,68.82
2009,68.82
2010,68.82
2011,68.82
2012,68.82
2013,68.82
2014,68.82
2015,68.82
2016,68.82
2017,68.82
2018,68.82
2019,68.82
2020,68.82
2021,68.82
2022,68.82
2023,68.82
2024,68.82
2025,68.82
2026,68.82
2027,68.82
2028,68.82
2029,68.82
2030,68.82
2031,69.429
2032,69.429
2033,69.429
2034,69.429
2035,69.429
2036,69.429
2037,69.429
2038,69.429
2039,69.429
2040,69.429
2041,69.429
2042,69.429
2043,69.429
2044,69.429
2045,69.429
2046,69.429
2047,69.429
2048,69.429
2049,69.429
2050,69.429
2051,69.093
2052,69.093
2053,69.093
2054,69.093
2055,69.093
2056,69.093
2057,69.093
2058,69.093
2059,69.093
2060,69.093
2061,69.093
2062,69.093
2063,69.093
2064,69.093
2065,69.093
2066,69.093
2067,69.093
2068,69.093
2069,69.093
2070,69.093
2071,69.093
2072,69.093
2073,69.093
2074,69.093
2075,69.093
2076,69.093
2077,69.093
2078,69.093
2079,69.093
2080,69.093
2081,69.093
2082,69.093
2083,69.093
2084,69.093
2085,69.093
2086,69.093
2087,69.093
2088,69.093
2089,69.093
2090,69.093
2091,68.82
2092,68.82
2093,68.82
2094,68.82
2095,68.82
2096,68.82
2097,68.82
2098,68.82
2099,68.82
2100,68.82
2101,68.82
2102,68.82
2103,68.82
2104,68.82
2105,68.82
2106,68.82
2107,68.82
2108,68.82
2109,68.82
2110,68.82
2111,68.617
2112,68.617
2113,68.617
2114,68.617
2115,68.617
2116,68.617
2117,68.617
2118,68.617
2119,68.617
2120,68.617
2121,68.617
2122,68.617
2123,68.617
2124,68.617
2125,68.617
2126,68.617
2127,68.617
2128,68.617
2129,68.617
2130,68.617
2131,68.89
2132,68.89
2133,68.89
2134,68.89
2135,68.89
2136,68.89
2137,68.89
2138,68.89
2139,68.89
2140,68.89
2141,68.89
2142,68.89
2143,68.89
2144,68.89
2145,68.89
2146,68.89
2147,68.89
2148,68.89
2149,68.89
2150,68.89
2151,68.617
2152,68.617
2153,68.617
2154,68.617
2155,68.617
2156,68.617
2157,68.617
2158,68.617
2159,68.617
2160,68.617
2161,68.617
2162,68.617
2163,68.617
2164,68.617
2165,68.617
2166,68.617
2167,68.617
2168,68.617
2169,68.617
2170,68.617
2171,68.617
2172,68.617
2173,68.617
2174,68.617
2175,68.617
2176,68.617
2177,68.617
2178,68.617
2179,68.617
2180,68.617
2181,68.617
2182,68.617
2183,68.617
2184,68.617
2185,68.617
2186,68.617
2187,68.617
2188,68.617
2189,68.617
2190,68.617
2191,68.617
2192,68.288
2193,68.288
2194,68.288
2195,68.288
2196,68.288
2197,68.288
2198,68.288
2199,68.288
2200,68.288
2201,68.288
2202,68.288
2203,68.288
2204,68.288
2205,68.288
2206,68.288
2207,68.288
2208,68.288
2209,68.288
2210,68.288
2211,68.288
2212,69.164
2213,69.164
2214,69.164
2215,69.164
2216,69.164
2217,69.164
2218,69.164
2219,69.164
2220,69.164
2221,69.164
2222,69.164
2223,69.164
2224,69.164
2225,69.164
2226,69.164
2227,69.164
2228,69.164
2229,69.164
2230,69.164
2231,69.164
2232,69.164
2233,69.164
2234,69.164
2235,69.164
2236,69.164
2237,69.164
2238,69.164
2239,69.164
2240,69.164
2241,69.164
2242,69.164
2243,69.164
2244,69.164
2245,69.164
2246,69.164
2247,69.164
2248,69.164
2249,69.164
2250,69.164
2251,69.164
2252,68.617
2253,68.617
2254,68.617
2255,68.617
2256,68.617
2257,68.617
2258,68.617
2259,68.617
2260,68.617
2261,68.617
2262,68.617
2263,68.617
2264,68.617
2265,68.617
2266,68.617
2267,68.617
2268,68.617
2269,68.617
2270,68.617
2271,68.617
2272,72.415
2273,72.415
2274,72.415
2275,72.415
2276,72.415
2277,72.415
2278,72.415
2279,72.415
2280,72.415
2281,72.415
2282,72.415
2283,72.415
2284,72.415
2285,72.415
2286,72.415
2287,72.415
2288,72.415
2289,72.415
2290,72.415
2291,72.415
2292,69.773
2293,69.773
2294,69.773
2295,69.773
2296,69.773
2297,69.773
2298,69.773
2299,69.773
2300,69.773
2301,69.773
2302,69.773
2303,69.773
2304,69.773
2305,69.773
2306,69.773
2307,69.773
2308,69.773
2309,69.773
2310,69.773
2311,69.773
2312,70.047
2313,70.047
2314,70.047
2315,70.047
2316,70.047
2317,70.047
2318,70.047
2319,70.047
2320,70.047
2321,70.047
2322,70.047
2323,70.047
2324,70.047
2325,70.047
2326,70.047
2327,70.047
2328,70.047
2329,70.047
2330,70.047
2331,70.047
2332,69.5
2333,69.5
2334,69.5
2335,69.5
2336,69.5
2337,69.5
2338,69.5
2339,69.5
2340,69.5
2341,69.5
2342,69.5
2343,69.5
2344,69.5
2345,69.5
2346,69.5
2347,69.5
2348,69.5
2349,69.5
2350,69.5
2351,69.5
2352,69.164
2353,69.164
2354,69.164
2355,69.164
2356,69.164
2357,69.164
2358,69.164
2359,69.164
2360,69.164
2361,69.164
2362,69.164
2363,69.164
2364,69.164
2365,69.164
2366,69.164
2367,69.164
2368,69.164
2369,69.164
2370,69.164
2371,69.164
2372,69.164
2373,69.164
2374,69.164
2375,69.164
2376,69.164
2377,69.164
2378,69.164
2379,69.164
2380,69.164
2381,69.164
2382,69.164
2383,69.164
2384,69.164
2385,69.164
2386,69.164
2387,69.164
2388,69.164
2389,69.164
2390,69.164
2391,69.164
2392,69.164
2393,68.89
2394,68.89
2395,68.89
2396,68.89
2397,68.89
2398,68.89
2399,68.89
2400,68.89
2401,68.89
2402,68.89
2403,68.89
2404,68.89
2405,68.89
2406,68.89
2407,68.89
2408,68.89
2409,68.89
2410,68.89
2411,68.89
2412,68.89
2413,69.164
2414,69.164
2415,69.164
2416,69.164
2417,69.164
2418,69.164
2419,69.164
2420,69.164
2421,69.164
2422,69.164
2423,69.164
2424,69.164
2425,69.164
2426,69.164
2427,69.164
2428,69.164
2429,69.164
2430,69.164
2431,69.164
2432,69.164
2433,69.164
2434,69.164
2435,69.164
2436,69.164
2437,69.164
2438,69.164
2439,69.164
2440,69.164
2441,69.164
2442,69.164
2443,69.164
2444,69.164
2445,69.164
2446,69.164
2447,69.164
2448,69.164
2449,69.164
2450,69.164
2451,69.164
2452,69.164
2453,68.89
2454,68.89
2455,68.89
2456,68.89
2457,68.89
2458,68.89
2459,68.89
2460,68.89
2461,68.89
2462,68.89
2463,68.89
2464,68.89
2465,68.89
2466,68.89
2467,68.89
2468,68.89
2469,68.89
2470,68.89
2471,68.89
2472,68.89
2473,68.617
2474,68.617
2475,68.617
2476,68.617
2477,68.617
2478,68.617
2479,68.617
2480,68.617
2481,68.617
2482,68.617
2483,68.617
2484,68.617
2485,68.617
2486,68.617
2487,68.617
2488,68.617
2489,68.617
2490,68.617
2491,68.617
2492,68.617
2493,68.617
2494,68.617
2495,68.617
2496,68.617
2497,68.617
2498,68.617
2499,68.617
2500,68.617
2501,68.617
2502,68.617
2503,68.617
2504,68.617
2505,68.617
2506,68.617
2507,68.617
2508,68.617
2509,68.617
2510,68.617
2511,68.617
2512,68.617
2513,68.617
2514,68.617
2515,68.617
2516,68.617
2517,68.617
2518,68.617
2519,68.617
2520,68.617
2521,68.617
2522,68.617
2523,68.617
2524,68.617
2525,68.617
2526,68.617
2527,68.617
2528,68.617
2529,68.617
2530,68.617
2531,68.617
2532,68.617
2533,68.89
2534,68.89
2535,68.89
2536,68.89
2537,68.89
2538,68.89
2539,68.89
2540,68.89
2541,68.89
2542,68.89
2543,68.89
2544,68.89
2545,68.89
2546,68.89
2547,68.89
2548,68.89
2549,68.89
2550,68.89
2551,68.89
2552,68.89
2553,68.89
2554,68.89
2555,68.89
2556,68.89
2557,68.89
2558,68.89
2559,68.89
2560,68.89
2561,68.89
2562,68.89
2563,68.89
2564,68.89
2565,68.89
2566,68.89
2567,68.89
2568,68.89
2569,68.89
2570,68.89
2571,68.89
2572,68.89
2573,68.617
2574,68.617
2575,68.617
2576,68.617
2577,68.617
2578,68.617
2579,68.617
2580,68.617
2581,68.617
2582,68.617
2583,68.617
2584,68.617
2585,68.617
2586,68.617
2587,68.617
2588,68.617
2589,68.617
2590,68.617
2591,68.617
2592,68.617
2593,68.617
2594,68.89
2595,68.89
2596,68.89
2597,68.89
2598,68.89
2599,68.89
2600,68.89
2601,68.89
2602,68.89
2603,68.89
2604,68.89
2605,68.89
2606,68.89
2607,68.89
2608,68.89
2609,68.89
2610,68.89
2611,68.89
2612,68.89
2613,68.89
2614,68.89
2615,68.89
2616,68.89
2617,68.89
2618,68.89
2619,68.89
2620,68.89
2621,68.89
2622,68.89
2623,68.89
2624,68.89
2625,68.89
2626,68.89
2627,68.89
2628,68.89
2629,68.89
2630,68.89
2631,68.89
2632,68.89
2633,68.89
2634,69.5
2635,69.5
2636,69.5
2637,69.5
2638,69.5
2639,69.5
2640,69.5
2641,69.5
2642,69.5
2643,69.5
2644,69.5
2645,69.5
2646,69.5
2647,69.5
2648,69.5
2649,69.5
2650,69.5
2651,69.5
2652,69.5
2653,69.5
2654,69.164
2655,69.164
2656,69.164
2657,69.164
2658,69.164
2659,69.164
2660,69.164
2661,69.164
2662,69.164
2663,69.164
2664,69.164
2665,69.164
2666,69.164
2667,69.164
2668,69.164
2669,69.164
2670,69.164
2671,69.164
2672,69.164
2673,69.164
2674,69.164
2675,69.164
2676,69.164
2677,69.164
2678,69.164
2679,69.164
2680,69.164
2681,69.164
2682,69.164
2683,69.164
2684,69.164
2685,69.164
2686,69.164
2687,69.164
2688,69.164
2689,69.164
2690,69.164
2691,69.164
2692,69.164
2693,69.164
2694,68.89
2695,68.89
2696,68.89
2697,68.89
2698,68.89
2699,68.89
2700,68.89
2701,68.89
2702,68.89
2703,68.89
2704,68.89
2705,68.89
2706,68.89
2707,68.89
2708,68.89
2709,68.89
2710,68.89
2711,68.89
2712,68.89
2713,68.89
2714,68.617
2715,68.617
2716,68.617
2717,68.617
2718,68.617
2719,68.617
2720,68.617
2721,68.617
2722,68.617
2723,68.617
2724,68.617
2725,68.617
2726,68.617
2727,68.617
2728,68.617
2729,68.617
2730,68.617
2731,68.617
2732,68.617
2733,68.617
2734,68.617
2735,68.617
2736,68.617
2737,68.617
2738,68.617
2739,68.617
2740,68.617
2741,68.617
2742,68.617
2743,68.617
2744,68.617
2745,68.617
2746,68.617
2747,68.617
2748,68.617
2749,68.617
2750,68.617
2751,68.617
2752,68.617
2753,68.617
2754,68.288
2755,68.288
2756,68.288
2757,68.288
2758,68.288
2759,68.288
2760,68.288
2761,68.288
2762,68.288
2763,68.288
2764,68.288
2765,68.288
2766,68.288
2767,68.288
2768,68.288
2769,68.288
2770,68.288
2771,68.288
2772,68.288
2773,68.288
2774,68.288
2775,68.288
2776,68.288
2777,68.288
2778,68.288
2779,68.288
2780,68.288
2781,68.288
2782,68.288
2783,68.288
2784,68.288
2785,68.288
2786,68.288
2787,68.288
2788,68.288
2789,68.288
2790,68.288
2791,68.288
2792,68.288
2793,68.288
2794,68.617
2795,68.617
2796,68.617
2797,68.617
2798,68.617
2799,68.617
2800,68.617
2801,68.617
2802,68.617
2803,68.617
2804,68.617
2805,68.617
2806,68.617
2807,68.617
2808,68.617
2809,68.617
2810,68.617
2811,68.617
2812,68.617
2813,68.617
2814,68.617
2815,68.288
2816,68.288
2817,68.288
2818,68.288
2819,68.288
2820,68.288
2821,68.288
2822,68.288
2823,68.288
2824,68.288
2825,68.288
2826,68.288
2827,68.288
2828,68.288
2829,68.288
2830,68.288
2831,68.288
2832,68.288
2833,68.288
2834,68.288
2835,68.617
2836,68.617
2837,68.617
2838,68.617
2839,68.617
2840,68.617
2841,68.617
2842,68.617
2843,68.617
2844,68.617
2845,68.617
2846,68.617
2847,68.617
2848,68.617
2849,68.617
2850,68.617
2851,68.617
2852,68.617
2853,68.617
2854,68.617
2855,68.546
2856,68.546
2857,68.546
2858,68.546
2859,68.546
2860,68.546
2861,68.546
2862,68.546
2863,68.546
2864,68.546
2865,68.546
2866,68.546
2867,68.546
2868,68.546
2869,68.546
2870,68.546
2871,68.546
2872,68.546
2873,68.546
2874,68.546
2875,68.288
2876,68.288
2877,68.288
2878,68.288
2879,68.288
2880,68.288
2881,68.288
2882,68.288
2883,68.288
2884,68.288
2885,68.288
2886,68.288
2887,68.288
2888,68.288
2889,68.288
2890,68.288
2891,68.288
2892,68.288
2893,68.288
2894,68.288
2895,68.288
2896,68.288
2897,68.288
2898,68.288
2899,68.288
2900,68.288
2901,68.288
2902,68.288
2903,68.288
2904,68.288
2905,68.288
2906,68.288
2907,68.288
2908,68.288
2909,68.288
2910,68.288
2911,68.288
2912,68.288
2913,68.288
2914,68.288
2915,68.288
2916,68.288
2917,68.288
2918,68.288
2919,68.288
2920,68.288
2921,68.288
2922,68.288
2923,68.288
2924,68.288
2925,68.288
2926,68.288
2927,68.288
2928,68.288
2929,68.288
2930,68.288
2931,68.288
2932,68.288
2933,68.288
2934,68.288
2935,68.89
2936,68.89
2937,68.89
2938,68.89
2939,68.89
2940,68.89
2941,68.89
2942,68.89
2943,68.89
2944,68.89
2945,68.89
2946,68.89
2947,68.89
2948,68.89
2949,68.89
2950,68.89
2951,68.89
2952,68.89
2953,68.89
2954,68.89
2955,68.617
2956,68.617
2957,68.617
2958,68.617
2959,68.617
2960,68.617
2961,68.617
2962,68.617
2963,68.617
2964,68.617
2965,68.617
2966,68.617
2967,68.617
2968,68.617
2969,68.617
2970,68.617
2971,68.617
2972,68.617
2973,68.617
2974,68.617
2975,68.617
2976,68.617
2977,68.617
2978,68.617
2979,68.617
2980,68.617
2981,68.617
2982,68.617
2983,68.617
2984,68.617
2985,68.617
2986,68.617
2987,68.617
2988,68.617
2989,68.617
2990,68.617
2991,68.617
2992,68.617
2993,68.617
2994,68.617
2995,68.89
2996,68.89
2997,68.89
2998,68.89
2999,68.89
3000,68.89
3001,68.89
3002,68.89
3003,68.89
3004,68.89
3005,68.89
3006,68.89
3007,68.89
3008,68.89
3009,68.89
3010,68.89
3011,68.89
3012,68.89
3013,68.89
3014,68.89
3015,68.89
3016,68.89
3017,68.89
3018,68.89
3019,68.89
3020,68.89
3021,68.89
3022,68.89
3023,68.89
3024,68.89
3025,68.89
3026,68.89
3027,68.89
3028,68.89
3029,68.89
3030,68.89
3031,68.89
3032,68.89
3033,68.89
3034,68.89
3035,69.5
3036,69.5
3037,69.5
3038,69.5
3039,69.5
3040,69.5
3041,69.5
3042,69.5
3043,69.5
3044,69.5
3045,69.5
3046,69.5
3047,69.5
3048,69.5
3049,69.5
3050,69.5
3051,69.5
3052,69.5
3053,69.5
3054,69.5
3055,69.5
3056,69.164
3057,69.164
3058,69.164
3059,69.164
3060,69.164
3061,69.164
3062,69.164
3063,69.164
3064,69.164
3065,69.164
3066,69.164
3067,69.164
3068,69.164
3069,69.164
3070,69.164
3071,69.164
3072,69.164
3073,69.164
3074,69.164
3075,69.164
3076,69.164
3077,69.164
3078,69.164
3079,69.164
3080,69.164
3081,69.164
3082,69.164
3083,69.164
3084,69.164
3085,69.164
3086,69.164
3087,69.164
3088,69.164
3089,69.164
3090,69.164
3091,69.164
3092,69.164
3093,69.164
3094,69.164
3095,69.164
3096,68.89
3097,68.89
3098,68.89
3099,68.89
3100,68.89
3101,68.89
3102,68.89
3103,68.89
3104,68.89
3105,68.89
3106,68.89
3107,68.89
3108,68.89
3109,68.89
3110,68.89
3111,68.89
3112,68.89
3113,68.89
3114,68.89
3115,68.89
3116,68.617
3117,68.617
3118,68.617
3119,68.617
3120,68.617
3121,68.617
3122,68.617
3123,68.617
3124,68.617
3125,68.617
3126,68.617
3127,68.617
3128,68.617
3129,68.617
3130,68.617
3131,68.617
3132,68.617
3133,68.617
3134,68.617
3135,68.617
3136,68.89
3137,68.89
3138,68.89
3139,68.89
3140,68.89
3141,68.89
3142,68.89
3143,68.89
3144,68.89
3145,68.89
3146,68.89
3147,68.89
3148,68.89
3149,68.89
3150,68.89
3151,68.89
3152,68.89
3153,68.89
3154,68.89
3155,68.89
3156,68.617
3157,68.617
3158,68.617
3159,68.617
3160,68.617
3161,68.617
3162,68.617
3163,68.617
3164,68.617
3165,68.617
3166,68.617
3167,68.617
3168,68.617
3169,68.617
3170,68.617
3171,68.617
3172,68.617
3173,68.617
3174,68.617
3175,68.617
3176,68.617
3177,68.617
3178,68.617
3179,68.617
3180,68.617
3181,68.617
3182,68.617
3183,68.617
3184,68.617
3185,68.617
3186,68.617
3187,68.617
3188,68.617
3189,68.617
3190,68.617
3191,68.617
3192,68.617
3193,68.617
3194,68.617
3195,68.617
3196,68.617
3197,68.617
3198,68.617
3199,68.617
3200,68.617
3201,68.617
3202,68.617
3203,68.617
3204,68.617
3205,68.617
3206,68.617
3207,68.617
3208,68.617
3209,68.617
3210,68.617
3211,68.617
3212,68.617
3213,68.617
3214,68.617
3215,68.617
3216,56.783
3217,56.783
3218,56.783
3219,56.783
3220,56.783
3221,56.783
3222,56.783
3223,56.783
3224,56.783
3225,56.783
3226,56.783
3227,56.783
3228,56.783
3229,56.783
3230,56.783
3231,56.783
3232,56.783
3233,56.783
3234,56.783
3235,56.783
3236,49.96
3237,49.96
3238,49.96
3239,49.96
3240,49.96
3241,49.96
3242,49.96
3243,49.96
3244,49.96
3245,49.96
3246,49.96
3247,49.96
3248,49.96
3249,49.96
3250,49.96
3251,49.96
3252,49.96
3253,49.96
3254,49.96
3255,49.96
3256,48.475
3257,48.475
3258,48.475
3259,48.475
3260,48.475
3261,48.475
3262,48.475
3263,48.475
3264,48.475
3265,48.475
3266,48.475
3267,48.475
3268,48.475
3269,48.475
3270,48.475
3271,48.475
3272,48.475
3273,48.475
3274,48.475
3275,48.475
3276,48.475
3277,49.358
3278,49.358
3279,49.358
3280,49.358
3281,49.358
3282,49.358
3283,49.358
3284,49.358
3285,49.358
3286,49.358
3287,49.358
3288,49.358
3289,49.358
3290,49.358
3291,49.358
3292,49.358
3293,49.358
3294,49.358
3295,49.358
3296,49.358
3297,48.748
3298,48.748
3299,48.748
3300,48.748
3301,48.748
3302,48.748
3303,48.748
3304,48.748
3305,48.748
3306,48.748
3307,48.748
3308,48.748
3309,48.748
3310,48.748
3311,48.748
3312,48.748
3313,48.748
3314,48.748
3315,48.748
3316,48.748
3317,48.251
3318,48.251
3319,48.251
3320,48.251
3321,48.251
3322,48.251
3323,48.251
3324,48.251
3325,48.251
3326,48.251
3327,48.251
3328,48.251
3329,48.251
3330,48.251
3331,48.251
3332,48.251
3333,48.251
3334,48.251
3335,48.251
3336,48.251
3337,48.524
3338,48.524
3339,48.524
3340,48.524
3341,48.524
3342,48.524
3343,48.524
3344,48.524
3345,48.524
3346,48.524
3347,48.524
3348,48.524
3349,48.524
3350,48.524
3351,48.524
3352,48.524
3353,48.524
3354,48.524
3355,48.524
3356,48.524
3357,48.251
3358,48.251
3359,48.251
3360,48.251
3361,48.251
3362,48.251
3363,48.251
3364,48.251
3365,48.251
3366,48.251
3367,48.251
3368,48.251
3369,48.251
3370,48.251
3371,48.251
3372,48.251
3373,48.251
3374,48.251
3375,48.251
3376,48.251
3377,47.922
3378,47.922
3379,47.922
3380,47.922
3381,47.922
3382,47.922
3383,47.922
3384,47.922
3385,47.922
3386,47.922
3387,47.922
3388,47.922
3389,47.922
3390,47.922
3391,47.922
3392,47.922
3393,47.922
3394,47.922
3395,47.922
3396,47.922
3397,47.922
3398,47.922
3399,47.922
3400,47.922
3401,47.922
3402,47.922
3403,47.922
3404,47.922
3405,47.922
3406,47.922
3407,47.922
3408,47.922
3409,47.922
3410,47.922
3411,47.922
3412,47.922
3413,47.922
3414,47.922
3415,47.922
3416,47.922
3417,47.922
3418,47.922
3419,47.922
3420,47.922
3421,47.922
3422,47.922
3423,47.922
3424,47.922
3425,47.922
3426,47.922
3427,47.922
3428,47.922
3429,47.922
3430,47.922
3431,47.922
3432,47.922
3433,47.922
3434,47.922
3435,47.922
3436,47.922
3437,48.251
3438,48.251
3439,48.251
3440,48.251
3441,48.251
3442,48.251
3443,48.251
3444,48.251
3445,48.251
3446,48.251
3447,48.251
3448,48.251
3449,48.251
3450,48.251
3451,48.251
3452,48.251
3453,48.251
3454,48.251
3455,48.251
3456,48.251
3457,48.251
3458,47.922
3459,47.922
3460,47.922
3461,47.922
3462,47.922
3463,47.922
3464,47.922
3465,47.922
3466,47.922
3467,47.922
3468,47.922
3469,47.922
3470,47.922
3471,47.922
3472,47.922
3473,47.922
3474,47.922
3475,47.922
3476,47.922
3477,47.922
3478,47.922
3479,47.922
3480,47.922
3481,47.922
3482,47.922
3483,47.922
3484,47.922
3485,47.922
3486,47.922
3487,47.922
3488,47.922
3489,47.922
3490,47.922
3491,47.922
3492,47.922
3493,47.922
3494,47.922
3495,47.922
3496,47.922
3497,47.922
3498,47.873
3499,47.873
3500,47.873
3501,47.873
3502,47.873
3503,47.873
3504,47.873
3505,47.873
3506,47.873
3507,47.873
3508,47.873
3509,47.873
3510,47.873
3511,47.873
3512,47.873
3513,47.873
3514,47.873
3515,47.873
3516,47.873
3517,47.873
3518,47.873
3519,47.873
3520,47.873
3521,47.873
3522,47.873
3523,47.873
3524,47.873
3525,47.873
3526,47.873
3527,47.873
3528,47.873
3529,47.873
3530,47.873
3531,47.873
3532,47.873
3533,47.873
3534,47.873
3535,47.873
3536,47.873
3537,47.873
3538,47.873
3539,47.873
3540,47.873
3541,47.873
3542,47.873
3543,47.873
3544,47.873
3545,47.873
3546,47.873
3547,47.873
3548,47.873
3549,47.873
3550,47.873
3551,47.873
3552,47.873
3553,47.873
3554,47.873
3555,47.873
3556,47.873
3557,47.873
3558,47.922
3559,47.922
3560,47.922
3561,47.922
3562,47.922
3563,47.922
3564,47.922
3565,47.922
3566,47.922
3567,47.922
3568,47.922
3569,47.922
3570,47.922
3571,47.922
3572,47.922
3573,47.922
3574,47.922
3575,47.922
3576,47.922
3577,47.922
3578,47.873
3579,47.873
3580,47.873
3581,47.873
3582,47.873
3583,47.873
3584,47.873
3585,47.873
3586,47.873
3587,47.873
3588,47.873
3589,47.873
3590,47.873
3591,47.873
3592,47.873
3593,47.873
3594,47.873
3595,47.873
3596,47.873
3597,47.873
3598,47.873
3599,47.873
3600,47.873
3601,47.873
3602,47.873
3603,47.873
3604,47.873
3605,47.873
3606,47.873
3607,47.873
3608,47.873
3609,47.873
3610,47.873
3611,47.873
3612,47.873
3613,47.873
3614,47.873
3615,47.873
3616,47.873
3617,47.873
3618,47.922
3619,47.922
3620,47.922
3621,47.922
3622,47.922
3623,47.922
3624,47.922
3625,47.922
3626,47.922
3627,47.922
3628,47.922
3629,47.922
3630,47.922
3631,47.922
3632,47.922
3633,47.922
3634,47.922
3635,47.922
3636,47.922
3637,47.922
3638,47.873
3639,47.873
3640,47.873
3641,47.873
3642,47.873
3643,47.873
3644,47.873
3645,47.873
3646,47.873
3647,47.873
3648,47.873
3649,47.873
3650,47.873
3651,47.873
3652,47.873
3653,47.873
3654,47.873
3655,47.873
3656,47.873
3657,47.873
3658,47.873
3659,47.873
3660,47.873
3661,47.873
3662,47.873
3663,47.873
3664,47.873
3665,47.873
3666,47.873
3667,47.873
3668,47.873
3669,47.873
3670,47.873
3671,47.873
3672,47.873
3673,47.873
3674,47.873
3675,47.873
3676,47.873
3677,47.873
3678,47.873
3679,47.873
3680,47.873
3681,47.873
3682,47.873
3683,47.873
3684,47.873
3685,47.873
3686,47.873
3687,47.873
3688,47.873
3689,47.873
3690,47.873
3691,47.873
3692,47.873
3693,47.873
3694,47.873
3695,47.873
3696,47.873
3697,47.873
3698,47.873
3699,47.873
3700,47.873
3701,47.873
3702,47.873
3703,47.873
3704,47.873
3705,47.873
3706,47.873
3707,47.873
3708,47.873
3709,47.873
3710,47.873
3711,47.873
3712,47.873
3713,47.873
3714,47.873
3715,47.873
3716,47.873
3717,47.873
3718,47.873
3719,47.873
3720,47.873
3721,47.873
3722,47.873
3723,47.873
3724,47.873
3725,47.873
3726,47.873
3727,47.873
3728,47.873
3729,47.873
3730,47.873
3731,47.873
3732,47.873
3733,47.873
3734,47.873
3735,47.873
3736,47.873
3737,47.873
3738,47.873
3739,47.873
3740,47.873
3741,47.873
3742,47.873
3743,47.873
3744,47.873
3745,47.873
3746,47.873
3747,47.873
3748,47.873
3749,47.873
3750,47.873
3751,47.873
3752,47.873
3753,47.873
3754,47.873
3755,47.873
3756,47.873
3757,47.873
3758,47.873
3759,47.873
3760,47.873
3761,47.873
3762,47.873
3763,47.873
3764,47.873
3765,47.873
3766,47.873
3767,47.873
3768,47.873
3769,47.873
3770,47.873
3771,47.873
3772,47.873
3773,47.873
3774,47.873
3775,47.873
3776,47.873
3777,47.873
3778,47.873
3779,47.873
3780,47.873
3781,47.873
3782,47.873
3783,47.873
3784,47.873
3785,47.873
3786,47.873
3787,47.873
3788,47.873
3789,47.873
3790,47.873
3791,47.873
3792,47.873
3793,47.873
3794,47.873
3795,47.873
3796,47.873
3797,47.873
3798,47.873
3799,47.873
3800,47.873
3801,47.873
3802,47.873
3803,47.873
3804,47.873
3805,47.873
3806,47.873
3807,47.873
3808,47.873
3809,47.873
3810,47.873
3811,47.873
3812,47.873
3813,47.873
3814,47.873
3815,47.873
3816,47.873
3817,47.873
3818,47.873
3819,47.873
3820,47.873
3821,47.873
3822,47.873
3823,47.873
3824,47.873
3825,47.873
3826,47.873
3827,47.873
3828,47.873
3829,47.873
3830,47.873
3831,47.873
3832,47.873
3833,47.873
3834,47.873
3835,47.873
3836,47.873
3837,47.873
3838,47.873
3839,47.599
3840,47.599
3841,47.599
3842,47.599
3843,47.599
3844,47.599
3845,47.599
3846,47.599
3847,47.599
3848,47.599
3849,47.599
3850,47.599
3851,47.599
3852,47.599
3853,47.599
3854,47.599
3855,47.599
3856,47.599
3857,47.599
3858,47.599
3859,47.599
3860,47.599
3861,47.599
3862,47.599
3863,47.599
3864,47.599
3865,47.599
3866,47.599
3867,47.599
3868,47.599
3869,47.599
3870,47.599
3871,47.599
3872,47.599
3873,47.599
3874,47.599
3875,47.599
3876,47.599
3877,47.599
3878,47.599
3879,47.599
3880,47.599
3881,47.599
3882,47.599
3883,47.599
3884,47.599
3885,47.599
3886,47.599
3887,47.599
3888,47.599
3889,47.599
3890,47.599
3891,47.599
3892,47.599
3893,47.599
3894,47.599
3895,47.599
3896,47.599
3897,47.599
3898,47.599
3899,47.599
3900,47.599
3901,47.599
3902,47.599
3903,47.599
3904,47.599
3905,47.599
3906,47.599
3907,47.599
3908,47.599
3909,47.599
3910,47.599
3911,47.599
3912,47.599
3913,47.599
3914,47.599
3915,47.599
3916,47.599
3917,47.599
3918,47.599
3919,47.599
3920,47.599
3921,47.599
3922,47.599
3923,47.599
3924,47.599
3925,47.599
3926,47.599
3927,47.599
3928,47.599
3929,47.599
3930,47.599
3931,47.599
3932,47.599
3933,47.599
3934,47.599
3935,47.599
3936,47.599
3937,47.599
3938,47.599
3939,47.599
3940,47.824
3941,47.824
3942,47.824
3943,47.824
3944,47.824
3945,47.824
3946,47.824
3947,47.824
3948,47.824
3949,47.824
3950,47.824
3951,47.824
3952,47.824
3953,47.824
3954,47.824
3955,47.824
3956,47.824
3957,47.824
3958,47.824
3959,47.824
3960,47.599
3961,47.599
3962,47.599
3963,47.599
3964,47.599
3965,47.599
3966,47.599
3967,47.599
3968,47.599
3969,47.599
3970,47.599
3971,47.599
3972,47.599
3973,47.599
3974,47.599
3975,47.599
3976,47.599
3977,47.599
3978,47.599
3979,47.599
3980,47.599
3981,47.599
3982,47.599
3983,47.599
3984,47.599
3985,47.599
3986,47.599
3987,47.599
3988,47.599
3989,47.599
3990,47.599
3991,47.599
3992,47.599
3993,47.599
3994,47.599
3995,47.599
3996,47.599
3997,47.599
3998,47.599
3999,47.599
4000,47.599
4001,47.599
4002,47.599
4003,47.599
4004,47.599
4005,47.599
4006,47.599
4007,47.599
4008,47.599
4009,47.599
4010,47.599
4011,47.599
4012,47.599
4013,47.599
4014,47.599
4015,47.599
4016,47.599
4017,47.599
4018,47.599
4019,47.599
4020,47.599
4021,47.599
4022,47.599
4023,47.599
4024,47.599
4025,47.599
4026,47.599
4027,47.599
4028,47.599
4029,47.599
4030,47.599
4031,47.599
4032,47.599
4033,47.599
4034,47.599
4035,47.599
4036,47.599
4037,47.599
4038,47.599
4039,47.599
4040,47.599
4041,47.599
4042,47.599
4043,47.599
4044,47.599
4045,47.599
4046,47.599
4047,47.599
4048,47.599
4049,47.599
4050,47.599
4051,47.599
4052,47.599
4053,47.599
4054,47.599
4055,47.599
4056,47.599
4057,47.599
4058,47.599
4059,47.599
4060,47.599
4061,47.599
4062,47.599
4063,47.599
4064,47.599
4065,47.599
4066,47.599
4067,47.599
4068,47.599
4069,47.599
4070,47.599
4071,47.599
4072,47.599
4073,47.599
4074,47.599
4075,47.599
4076,47.599
4077,47.599
4078,47.599
4079,47.599
4080,47.599
4081,47.599
4082,47.599
4083,47.599
4084,47.599
4085,47.599
4086,47.599
4087,47.599
4088,47.599
4089,47.599
4090,47.599
4091,47.599
4092,47.599
4093,47.599
4094,47.599
4095,47.599
4096,47.599
4097,47.599
4098,47.599
4099,47.599
4100,47.599
4101,47.599
4102,47.599
4103,47.599
4104,47.599
4105,47.599
4106,47.599
4107,47.599
4108,47.599
4109,47.599
4110,47.599
4111,47.599
4112,47.599
4113,47.599
4114,47.599
4115,47.599
4116,47.599
4117,47.599
4118,47.599
4119,47.599
4120,47.599
4121,47.599
4122,47.599
4123,47.599
4124,47.599
4125,47.599
4126,47.599
4127,47.599
4128,47.599
4129,47.599
4130,47.599
4131,47.599
4132,47.599
4133,47.599
4134,47.599
4135,47.599
4136,47.599
4137,47.599
4138,47.599
4139,47.599
4140,47.599
4141,47.599
4142,47.599
4143,47.599
4144,47.599
4145,47.599
4146,47.599
4147,47.599
4148,47.599
4149,47.599
4150,47.599
4151,47.599
4152,47.599
4153,47.599
4154,47.599
4155,47.599
4156,47.599
4157,47.599
4158,47.599
4159,47.599
4160,47.599
4161,47.599
4162,47.599
4163,47.599
4164,47.599
4165,47.599
4166,47.599
4167,47.599
4168,47.599
4169,47.599
4170,47.599
4171,47.599
4172,47.599
4173,47.599
4174,47.599
4175,47.599
4176,47.599
4177,47.599
4178,47.599
4179,47.599
4180,47.599
4181,47.599
4182,47.599
4183,47.599
4184,47.599
4185,47.599
4186,47.599
4187,47.599
4188,47.599
4189,47.599
4190,47.599
4191,47.599
4192,47.599
4193,47.599
4194,47.599
4195,47.599
4196,47.599
4197,47.599
4198,47.599
4199,47.599
4200,47.599
4201,47.599
4202,47.599
4203,47.599
4204,47.599
4205,47.599
4206,47.599
4207,47.599
4208,47.599
4209,47.599
4210,47.599
4211,47.599
4212,47.599
4213,47.599
4214,47.599
4215,47.599
4216,47.599
4217,47.599
4218,47.599
4219,47.599
4220,47.599
4221,47.599
4222,47.599
4223,47.599
4224,47.599
4225,47.599
4226,47.599
4227,47.599
4228,47.599
4229,47.599
4230,47.599
4231,47.599
4232,47.599
4233,47.599
4234,47.599
4235,47.599
4236,47.599
4237,47.599
4238,47.599
4239,47.599
4240,47.599
4241,47.599
4242,47.599
4243,47.599
4244,47.599
4245,47.599
4246,47.599
4247,47.599
4248,47.599
4249,47.599
4250,47.599
4251,47.599
4252,47.599
4253,47.599
4254,47.599
4255,47.599
4256,47.599
4257,47.599
4258,47.599
4259,47.599
4260,47.599
4261,47.599
4262,47.599
4263,47.599
4264,47.599
4265,47.599
4266,47.599
4267,47.599
4268,47.599
4269,47.599
4270,47.599
4271,47.599
4272,47.599
4273,47.599
4274,47.599
4275,47.599
4276,47.599
4277,47.599
4278,47.599
4279,47.599
4280,47.599
4281,47.599
4282,47.599
4283,47.599
4284,47.599
4285,47.599
4286,47.599
4287,47.599
4288,47.599
4289,47.599
4290,47.599
4291,47.599
4292,47.599
4293,47.599
4294,47.599
4295,47.599
4296,47.599
4297,47.599
4298,47.599
4299,47.599
4300,47.599
4301,47.599
4302,47.599
4303,47.599
4304,47.599
4305,47.599
4306,47.599
4307,47.599
4308,47.599
4309,47.599
4310,47.599
4311,47.599
4312,47.599
4313,47.599
4314,47.599
4315,47.599
4316,47.599
4317,47.599
4318,47.599
4319,47.599
4320,47.599
4321,47.599
4322,47.599
4323,47.599
4324,47.599
4325,47.599
4326,47.599
4327,47.599
4328,47.599
4329,47.599
4330,47.599
4331,47.599
4332,47.599
4333,47.599
4334,47.599
4335,47.599
4336,47.599
4337,47.599
4338,47.599
4339,47.599
4340,47.599
4341,47.599
4342,47.599
4343,47.599
4344,47.599
4345,47.599
4346,47.599
4347,47.599
4348,47.599
4349,47.599
4350,47.599
4351,47.599
4352,47.599
4353,47.599
4354,47.599
4355,47.599
4356,47.599
4357,47.599
4358,47.599
4359,47.599
4360,47.599
4361,47.599
4362,47.599
4363,47.599
4364,47.599
4365,47.599
4366,47.599
4367,47.599
4368,47.599
4369,47.599
4370,47.599
4371,47.599
4372,47.599
4373,47.599
4374,47.599
4375,47.599
4376,47.599
4377,47.599
4378,47.599
4379,47.599
4380,47.599
4381,47.599
4382,47.599
4383,47.599
4384,47.599
4385,47.599
4386,47.599
4387,47.599
4388,47.599
4389,47.599
4390,47.599
4391,47.599
4392,47.599
4393,47.599
4394,47.599
4395,47.599
4396,47.599
4397,47.599
4398,47.599
4399,47.599
4400,47.599
4401,47.599
4402,47.599
4403,47.599
4404,47.599
4405,47.599
4406,47.599
4407,47.599
4408,47.599
4409,47.599
4410,47.599
4411,47.599
4412,47.599
4413,47.599
4414,47.599
4415,47.599
4416,47.599
4417,47.599
4418,47.599
4419,47.599
4420,47.599
4421,47.599
4422,47.599
4423,47.599
4424,47.599
4425,47.599
4426,47.599
4427,47.599
4428,47.599
4429,47.599
4430,47.599
4431,47.599
4432,47.599
4433,47.599
4434,47.599
4435,47.599
4436,47.599
4437,47.599
4438,47.599
4439,47.599
4440,47.599
4441,47.599
4442,47.599
4443,47.599
4444,47.599
4445,47.599
4446,47.599
4447,47.599
4448,47.599
4449,47.599
4450,47.599
4451,47.599
4452,47.599
4453,47.599
4454,47.599
4455,47.599
4456,47.599
4457,47.599
4458,47.599
4459,47.599
4460,47.599
4461,47.599
4462,47.599
4463,47.599
4464,47.599
4465,47.599
4466,47.599
4467,47.599
4468,47.599
4469,47.599
4470,47.599
4471,47.599
4472,47.599
4473,47.599
4474,47.599
4475,47.599
4476,47.599
4477,47.599
4478,47.599
4479,47.599
4480,47.599
4481,47.599
4482,47.318
4483,47.318
4484,47.318
4485,47.318
4486,47.318
4487,47.318
4488,47.318
4489,47.318
4490,47.318
4491,47.318
4492,47.318
4493,47.318
4494,47.318
4495,47.318
4496,47.318
4497,47.318
4498,47.318
4499,47.318
4500,47.318
4501,47.318
4502,47.318
4503,47.599
4504,47.599
4505,47.599
4506,47.599
4507,47.599
4508,47.599
4509,47.599
4510,47.599
4511,47.599
4512,47.599
4513,47.599
4514,47.599
4515,47.599
4516,47.599
4517,47.599
4518,47.599
4519,47.599
4520,47.599
4521,47.599
4522,47.599
4523,47.318
4524,47.318
4525,47.318
4526,47.318
4527,47.318
4528,47.318
4529,47.318
4530,47.318
4531,47.318
4532,47.318
4533,47.318
4534,47.318
4535,47.318
4536,47.318
4537,47.318
4538,47.318
4539,47.318
4540,47.318
4541,47.318
4542,47.318
4543,47.599
4544,47.599
4545,47.599
4546,47.599
4547,47.599
4548,47.599
4549,47.599
4550,47.599
4551,47.599
4552,47.599
4553,47.599
4554,47.599
4555,47.599
4556,47.599
4557,47.599
4558,47.599
4559,47.599
4560,47.599
4561,47.599
4562,47.599
4563,47.318
4564,47.318
4565,47.318
4566,47.318
4567,47.318
4568,47.318
4569,47.318
4570,47.318
4571,47.318
4572,47.318
4573,47.318
4574,47.318
4575,47.318
4576,47.318
4577,47.318
4578,47.318
4579,47.318
4580,47.318
4581,47.318
4582,47.318
4583,47.599
4584,47.599
4585,47.599
4586,47.599
4587,47.599
4588,47.599
4589,47.599
4590,47.599
4591,47.599
4592,47.599
4593,47.599
4594,47.599
4595,47.599
4596,47.599
4597,47.599
4598,47.599
4599,47.599
4600,47.599
4601,47.599
4602,47.599
4603,47.318
4604,47.318
4605,47.318
4606,47.318
4607,47.318
4608,47.318
4609,47.318
4610,47.318
4611,47.318
4612,47.318
4613,47.318
4614,47.318
4615,47.318
4616,47.318
4617,47.318
4618,47.318
4619,47.318
4620,47.318
4621,47.318
4622,47.318
4623,47.318
4624,47.318
4625,47.318
4626,47.318
4627,47.318
4628,47.318
4629,47.318
4630,47.318
4631,47.318
4632,47.318
4633,47.318
4634,47.318
4635,47.318
4636,47.318
4637,47.318
4638,47.318
4639,47.318
4640,47.318
4641,47.318
4642,47.318
4643,47.318
4644,47.318
4645,47.318
4646,47.318
4647,47.318
4648,47.318
4649,47.318
4650,47.318
4651,47.318
4652,47.318
4653,47.318
4654,47.318
4655,47.318
4656,47.318
4657,47.318
4658,47.318
4659,47.318
4660,47.318
4661,47.318
4662,47.318
4663,47.366
4664,47.366
4665,47.366
4666,47.366
4667,47.366
4668,47.366
4669,47.366
4670,47.366
4671,47.366
4672,47.366
4673,47.366
4674,47.366
4675,47.366
4676,47.366
4677,47.366
4678,47.366
4679,47.366
4680,47.366
4681,47.366
4682,47.366
4683,47.366
4684,47.366
4685,47.366
4686,47.366
4687,47.366
4688,47.366
4689,47.366
4690,47.366
4691,47.366
4692,47.366
4693,47.366
4694,47.366
4695,47.366
4696,47.366
4697,47.366
4698,47.366
4699,47.366
4700,47.366
4701,47.366
4702,47.366
4703,47.366
4704,47.366
4705,47.366
4706,47.366
4707,47.366
4708,47.366
4709,47.366
4710,47.366
4711,47.366
4712,47.366
4713,47.366
4714,47.366
4715,47.366
4716,47.366
4717,47.366
4718,47.366
4719,47.366
4720,47.366
4721,47.366
4722,47.366
4723,47.366
4724,47.366
4725,47.366
4726,47.366
4727,47.366
4728,47.366
4729,47.366
4730,47.366
4731,47.366
4732,47.366
4733,47.366
4734,47.366
4735,47.366
4736,47.366
4737,47.366
4738,47.366
4739,47.366
4740,47.366
4741,47.366
4742,47.366
4743,47.366
4744,47.318
4745,47.318
4746,47.318
4747,47.318
4748,47.318
4749,47.318
4750,47.318
4751,47.318
4752,47.318
4753,47.318
4754,47.318
4755,47.318
4756,47.318
4757,47.318
4758,47.318
4759,47.318
4760,47.318
4761,47.318
4762,47.318
4763,47.318
4764,47.318
4765,47.318
4766,47.318
4767,47.318
4768,47.318
4769,47.318
4770,47.318
4771,47.318
4772,47.318
4773,47.318
4774,47.318
4775,47.318
4776,47.318
4777,47.318
4778,47.318
4779,47.318
4780,47.318
4781,47.318
4782,47.318
4783,47.318
4784,47.366
4785,47.366
4786,47.366
4787,47.366
4788,47.366
4789,47.366
4790,47.366
4791,47.366
4792,47.366
4793,47.366
4794,47.366
4795,47.366
4796,47.366
4797,47.366
4798,47.366
4799,47.366
4800,47.366
4801,47.366
4802,47.366
4803,47.366
4804,47.366
4805,47.366
4806,47.366
4807,47.366
4808,47.366
4809,47.366
4810,47.366
4811,47.366
4812,47.366
4813,47.366
4814,47.366
4815,47.366
4816,47.366
4817,47.366
4818,47.366
4819,47.366
4820,47.366
4821,47.366
4822,47.366
4823,47.366
4824,47.366
4825,47.366
4826,47.366
4827,47.366
4828,47.366
4829,47.366
4830,47.366
4831,47.366
4832,47.366
4833,47.366
4834,47.366
4835,47.366
4836,47.366
4837,47.366
4838,47.366
4839,47.366
4840,47.366
4841,47.366
4842,47.366
4843,47.366
4844,47.366
4845,47.366
4846,47.366
4847,47.366
4848,47.366
4849,47.366
4850,47.366
4851,47.366
4852,47.366
4853,47.366
4854,47.366
4855,47.366
4856,47.366
4857,47.366
4858,47.366
4859,47.366
4860,47.366
4861,47.366
4862,47.366
4863,47.366
4864,47.366
4865,47.366
4866,47.366
4867,47.366
4868,47.366
4869,47.366
4870,47.366
4871,47.366
4872,47.366
4873,47.366
4874,47.366
4875,47.366
4876,47.366
4877,47.366
4878,47.366
4879,47.366
4880,47.366
4881,47.366
4882,47.366
4883,47.366
4884,47.366
4885,47.366
4886,47.366
4887,47.366
4888,47.366
4889,47.366
4890,47.366
4891,47.366
4892,47.366
4893,47.366
4894,47.366
4895,47.366
4896,47.366
4897,47.366
4898,47.366
4899,47.366
4900,47.366
4901,47.366
4902,47.366
4903,47.366
4904,47.366
4905,47.366
4906,47.366
4907,47.366
4908,47.366
4909,47.366
4910,47.366
4911,47.366
4912,47.366
4913,47.366
4914,47.366
4915,47.366
4916,47.366
4917,47.366
4918,47.366
4919,47.366
4920,47.366
4921,47.366
4922,47.366
4923,47.366
4924,47.366
4925,47.366
4926,47.366
4927,47.366
4928,47.366
4929,47.366
4930,47.366
4931,47.366
4932,47.366
4933,47.366
4934,47.366
4935,47.366
4936,47.366
4937,47.366
4938,47.366
4939,47.366
4940,47.366
4941,47.366
4942,47.366
4943,47.366
4944,47.366
4945,47.366
4946,47.366
4947,47.366
4948,47.366
4949,47.366
4950,47.366
4951,47.366
4952,47.366
4953,47.366
4954,47.366
4955,47.366
4956,47.366
4957,47.366
4958,47.366
4959,47.366
4960,47.366
4961,47.366
4962,47.366
4963,47.366
4964,47.366
4965,47.318
4966,47.318
4967,47.318
4968,47.318
4969,47.318
4970,47.318
4971,47.318
4972,47.318
4973,47.318
4974,47.318
4975,47.318
4976,47.318
4977,47.318
4978,47.318
4979,47.318
4980,47.318
4981,47.318
4982,47.318
4983,47.318
4984,47.318
4985,47.366
4986,47.366
4987,47.366
4988,47.366
4989,47.366
4990,47.366
4991,47.366
4992,47.366
4993,47.366
4994,47.366
4995,47.366
4996,47.366
4997,47.366
4998,47.366
4999,47.366
5000,47.366
5001,47.366
5002,47.366
5003,47.366
5004,47.366
5005,47.318
5006,47.318
5007,47.318
5008,47.318
5009,47.318
5010,47.318
5011,47.318
5012,47.318
5013,47.318
5014,47.318
5015,47.318
5016,47.318
5017,47.318
5018,47.318
5019,47.318
5020,47.318
5021,47.318
5022,47.318
5023,47.318
5024,47.318
5025,47.366
5026,47.366
5027,47.366
5028,47.366
5029,47.366
5030,47.366
5031,47.366
5032,47.366
5033,47.366
5034,47.366
5035,47.366
5036,47.366
5037,47.366
5038,47.366
5039,47.366
5040,47.366
5041,47.366
5042,47.366
5043,47.366
5044,47.366
5045,47.318
5046,47.318
5047,47.318
5048,47.318
5049,47.318
5050,47.318
5051,47.318
5052,47.318
5053,47.318
5054,47.318
5055,47.318
5056,47.318
5057,47.318
5058,47.318
5059,47.318
5060,47.318
5061,47.318
5062,47.318
5063,47.318
5064,47.318
5065,47.318
5066,47.318
5067,47.318
5068,47.318
5069,47.318
5070,47.318
5071,47.318
5072,47.318
5073,47.318
5074,47.318
5075,47.318
5076,47.318
5077,47.318
5078,47.318
5079,47.318
5080,47.318
5081,47.318
5082,47.318
5083,47.318
5084,47.318
5085,47.318
5086,47.318
5087,47.318
5088,47.318
5089,47.318
5090,47.318
5091,47.318
5092,47.318
5093,47.318
5094,47.318
5095,47.318
5096,47.318
5097,47.318
5098,47.318
5099,47.318
5100,47.318
5101,47.318
5102,47.318
5103,47.318
5104,47.318
5105,47.318
5106,47.318
5107,47.318
5108,47.318
5109,47.318
5110,47.318
5111,47.318
5112,47.318
5113,47.318
5114,47.318
5115,47.318
5116,47.318
5117,47.318
5118,47.318
5119,47.318
5120,47.318
5121,47.318
5122,47.318
5123,47.318
5124,47.318
5125,47.318
5126,47.318
5127,47.318
5128,47.318
5129,47.318
5130,47.318
5131,47.318
5132,47.318
5133,47.318
5134,47.318
5135,47.318
5136,47.318
5137,47.318
5138,47.318
5139,47.318
5140,47.318
5141,47.318
5142,47.318
5143,47.318
5144,47.318
5145,47.318
5146,47.318
5147,47.318
5148,47.318
5149,47.318
5150,47.318
5151,47.318
5152,47.318
5153,47.318
5154,47.318
5155,47.318
5156,47.318
5157,47.318
5158,47.318
5159,47.318
5160,47.318
5161,47.318
5162,47.318
5163,47.318
5164,47.318
5165,47.318
5166,47.318
5167,47.318
5168,47.318
5169,47.318
5170,47.318
5171,47.318
5172,47.318
5173,47.318
5174,47.318
5175,47.318
5176,47.318
5177,47.318
5178,47.318
5179,47.318
5180,47.318
5181,47.318
5182,47.318
5183,47.318
5184,47.318
5185,47.318
5186,47.318
5187,47.318
5188,47.318
5189,47.318
5190,47.318
5191,47.318
5192,47.318
5193,47.318
5194,47.318
5195,47.318
5196,47.318
5197,47.318
5198,47.318
5199,47.318
5200,47.318
5201,47.318
5202,47.318
5203,47.318
5204,47.318
5205,47.318
5206,47.318
5207,47.318
5208,47.318
5209,47.318
5210,47.318
5211,47.318
5212,47.318
5213,47.318
5214,47.318
5215,47.318
5216,47.318
5217,47.318
5218,47.318
5219,47.318
5220,47.318
5221,47.318
5222,47.318
5223,47.318
5224,47.318
5225,47.318
5226,47.318
5227,47.318
5228,47.318
5229,47.318
5230,47.318
5231,47.318
5232,47.318
5233,47.318
5234,47.318
5235,47.318
5236,47.318
5237,47.318
5238,47.318
5239,47.318
5240,47.318
5241,47.318
5242,47.318
5243,47.318
5244,47.318
5245,47.318
5246,47.318
5247,47.318
5248,47.318
5249,47.318
5250,47.318
5251,47.318
5252,47.318
5253,47.318
5254,47.318
5255,47.318
5256,47.318
5257,47.318
5258,47.318
5259,47.318
5260,47.318
5261,47.318
5262,47.318
5263,47.318
5264,47.318
5265,47.318
5266,47.318
5267,47.318
5268,47.318
5269,47.318
5270,47.318
5271,47.318
5272,47.318
5273,47.318
5274,47.318
5275,47.318
5276,47.318
5277,47.318
5278,47.318
5279,47.318
5280,47.318
5281,47.318
5282,47.318
5283,47.318
5284,47.318
5285,47.318
5286,47.318
5287,47.318
5288,47.318
5289,47.318
5290,47.318
5291,47.318
5292,47.318
5293,47.318
5294,47.318
5295,47.318
5296,47.318
5297,47.318
5298,47.318
5299,47.318
5300,47.318
5301,47.318
5302,47.318
5303,47.318
5304,47.318
5305,47.318
5306,47.318
5307,47.318
5308,47.318
5309,47.318
5310,47.318
5311,47.318
5312,47.318
5313,47.318
5314,47.318
5315,47.318
5316,47.318
5317,47.318
5318,47.318
5319,47.318
5320,47.318
5321,47.318
5322,47.318
5323,47.318
5324,47.318
5325,47.318
5326,47.318
5327,46.99
5328,46.99
5329,46.99
5330,46.99
5331,46.99
5332,46.99
5333,46.99
5334,46.99
5335,46.99
5336,46.99
5337,46.99
5338,46.99
5339,46.99
5340,46.99
5341,46.99
5342,46.99
5343,46.99
5344,46.99
5345,46.99
5346,46.99
5347,47.27
5348,47.27
5349,47.27
5350,47.27
5351,47.27
5352,47.27
5353,47.27
5354,47.27
5355,47.27
5356,47.27
5357,47.27
5358,47.27
5359,47.27
5360,47.27
5361,47.27
5362,47.27
5363,47.27
5364,47.27
5365,47.27
5366,47.27
5367,46.99
5368,46.99
5369,46.99
5370,46.99
5371,46.99
5372,46.99
5373,46.99
5374,46.99
5375,46.99
5376,46.99
5377,46.99
5378,46.99
5379,46.99
5380,46.99
5381,46.99
5382,46.99
5383,46.99
5384,46.99
5385,46.99
5386,46.99
5387,46.942
5388,46.942
5389,46.942
5390,46.942
5391,46.942
5392,46.942
5393,46.942
5394,46.942
5395,46.942
5396,46.942
5397,46.942
5398,46.942
5399,46.942
5400,46.942
5401,46.942
5402,46.942
5403,46.942
5404,46.942
5405,46.942
5406,46.942
5407,47.27
5408,47.27
5409,47.27
5410,47.27
5411,47.27
5412,47.27
5413,47.27
5414,47.27
5415,47.27
5416,47.27
5417,47.27
5418,47.27
5419,47.27
5420,47.27
5421,47.27
5422,47.27
5423,47.27
5424,47.27
5425,47.27
5426,47.27
5427,46.942
5428,46.942
5429,46.942
5430,46.942
5431,46.942
5432,46.942
5433,46.942
5434,46.942
5435,46.942
5436,46.942
5437,46.942
5438,46.942
5439,46.942
5440,46.942
5441,46.942
5442,46.942
5443,46.942
5444,46.942
5445,46.942
5446,46.942
5447,47.27
5448,47.27
5449,47.27
5450,47.27
5451,47.27
5452,47.27
5453,47.27
5454,47.27
5455,47.27
5456,47.27
5457,47.27
5458,47.27
5459,47.27
5460,47.27
5461,47.27
5462,47.27
5463,47.27
5464,47.27
5465,47.27
5466,47.27
5467,47.27
5468,47.27
5469,47.27
5470,47.27
5471,47.27
5472,47.27
5473,47.27
5474,47.27
5475,47.27
5476,47.27
5477,47.27
5478,47.27
5479,47.27
5480,47.27
5481,47.27
5482,47.27
5483,47.27
5484,47.27
5485,47.27
5486,47.27
5487,47.27
5488,47.27
5489,47.27
5490,47.27
5491,47.27
5492,47.27
5493,47.27
5494,47.27
5495,47.27
5496,47.27
5497,47.27
5498,47.27
5499,47.27
5500,47.27
5501,47.27
5502,47.27
5503,47.27
5504,47.27
5505,47.27
5506,47.27
5507,47.27
5508,46.942
5509,46.942
5510,46.942
5511,46.942
5512,46.942
5513,46.942
5514,46.942
5515,46.942
5516,46.942
5517,46.942
5518,46.942
5519,46.942
5520,46.942
5521,46.942
5522,46.942
5523,46.942
5524,46.942
5525,46.942
5526,46.942
5527,46.942
5528,47.27
5529,47.27
5530,47.27
5531,47.27
5532,47.27
5533,47.27
5534,47.27
5535,47.27
5536,47.27
5537,47.27
5538,47.27
5539,47.27
5540,47.27
5541,47.27
5542,47.27
5543,47.27
5544,47.27
5545,47.27
5546,47.27
5547,47.27
5548,47.27
5549,47.27
5550,47.27
5551,47.27
5552,47.27
5553,47.27
5554,47.27
5555,47.27
5556,47.27
5557,47.27
5558,47.27
5559,47.27
5560,47.27
5561,47.27
5562,47.27
5563,47.27
5564,47.27
5565,47.27
5566,47.27
5567,47.27
5568,47.27
5569,47.27
5570,47.27
5571,47.27
5572,47.27
5573,47.27
5574,47.27
5575,47.27
5576,47.27
5577,47.27
5578,47.27
5579,47.27
5580,47.27
5581,47.27
5582,47.27
5583,47.27
5584,47.27
5585,47.27
5586,47.27
5587,47.27
5588,46.942
5589,46.942
5590,46.942
5591,46.942
5592,46.942
5593,46.942
5594,46.942
5595,46.942
5596,46.942
5597,46.942
5598,46.942
5599,46.942
5600,46.942
5601,46.942
5602,46.942
5603,46.942
5604,46.942
5605,46.942
5606,46.942
5607,46.942
5608,46.942
5609,46.942
5610,46.942
5611,46.942
5612,46.942
5613,46.942
5614,46.942
5615,46.942
5616,46.942
5617,46.942
5618,46.942
5619,46.942
5620,46.942
5621,46.942
5622,46.942
5623,46.942
5624,46.942
5625,46.942
5626,46.942
5627,46.942
5628,46.99
5629,46.99
5630,46.99
5631,46.99
5632,46.99
5633,46.99
5634,46.99
5635,46.99
5636,46.99
5637,46.99
5638,46.99
5639,46.99
5640,46.99
5641,46.99
5642,46.99
5643,46.99
5644,46.99
5645,46.99
5646,46.99
5647,46.99
5648,47.318
5649,47.318
5650,47.318
5651,47.318
5652,47.318
5653,47.318
5654,47.318
5655,47.318
5656,47.318
5657,47.318
5658,47.318
5659,47.318
5660,47.318
5661,47.318
5662,47.318
5663,47.318
5664,47.318
5665,47.318
5666,47.318
5667,47.318
5668,47.318
5669,46.99
5670,46.99
5671,46.99
5672,46.99
5673,46.99
5674,46.99
5675,46.99
5676,46.99
5677,46.99
5678,46.99
5679,46.99
5680,46.99
5681,46.99
5682,46.99
5683,46.99
5684,46.99
5685,46.99
5686,46.99
5687,46.99
5688,46.99
5689,46.99
5690,46.99
5691,46.99
5692,46.99
5693,46.99
5694,46.99
5695,46.99
5696,46.99
5697,46.99
5698,46.99
5699,46.99
5700,46.99
5701,46.99
5702,46.99
5703,46.99
5704,46.99
5705,46.99
5706,46.99
5707,46.99
5708,46.99
5709,46.99
5710,46.99
5711,46.99
5712,46.99
5713,46.99
5714,46.99
5715,46.99
5716,46.99
5717,46.99
5718,46.99
5719,46.99
5720,46.99
5721,46.99
5722,46.99
5723,46.99
5724,46.99
5725,46.99
5726,46.99
5727,46.99
5728,46.99
5729,46.99
5730,46.99
5731,46.99
5732,46.99
5733,46.99
5734,46.99
5735,46.99
5736,46.99
5737,46.99
5738,46.99
5739,46.99
5740,46.99
5741,46.99
5742,46.99
5743,46.99
5744,46.99
5745,46.99
5746,46.99
5747,46.99
5748,46.99
5749,46.99
5750,46.99
5751,46.99
5752,46.99
5753,46.99
5754,46.99
5755,46.99
5756,46.99
5757,46.99
5758,46.99
5759,46.99
5760,46.99
5761,46.99
5762,46.99
5763,46.99
5764,46.99
5765,46.99
5766,46.99
5767,46.99
5768,46.99
5769,46.99
5770,46.99
5771,46.99
5772,46.99
5773,46.99
5774,46.99
5775,46.99
5776,46.99
5777,46.99
5778,46.99
5779,46.99
5780,46.99
5781,46.99
5782,46.99
5783,46.99
5784,46.99
5785,46.99
5786,46.99
5787,46.99
5788,46.99
5789,46.99
5790,46.99
5791,46.99
5792,46.99
5793,46.99
5794,46.99
5795,46.99
5796,46.99
5797,46.99
5798,46.99
5799,46.99
5800,46.99
5801,46.99
5802,46.99
5803,46.99
5804,46.99
5805,46.99
5806,46.99
5807,46.99
5808,46.99
5809,46.99
5810,46.99
5811,46.99
5812,46.99
5813,46.99
5814,46.99
5815,46.99
5816,46.99
5817,46.99
5818,46.99
5819,46.99
5820,46.99
5821,46.99
5822,46.99
5823,46.99
5824,46.99
5825,46.99
5826,46.99
5827,46.99
5828,46.99
5829,46.99
5830,46.99
5831,46.99
5832,46.99
5833,46.99
5834,46.99
5835,46.99
5836,46.99
5837,46.99
5838,46.99
5839,46.99
5840,46.99
5841,46.99
5842,46.99
5843,46.99
5844,46.99
5845,46.99
5846,46.99
5847,46.99
5848,46.99
5849,46.99
5850,46.99
5851,46.99
5852,46.99
5853,46.99
5854,46.99
5855,46.99
5856,46.99
5857,46.99
5858,46.99
5859,46.99
5860,46.99
5861,46.99
5862,46.99
5863,46.99
5864,46.99
5865,46.99
5866,46.99
5867,46.99
5868,46.99
5869,46.99
5870,46.99
5871,46.99
5872,46.99
5873,46.99
5874,46.99
5875,46.99
5876,46.99
5877,46.99
5878,46.99
5879,46.99
5880,46.99
5881,46.99
5882,46.99
5883,46.99
5884,46.99
5885,46.99
5886,46.99
5887,46.99
5888,46.99
5889,46.99
5890,46.99
5891,46.99
5892,46.99
5893,46.99
5894,46.99
5895,46.99
5896,46.99
5897,46.99
5898,46.99
5899,46.99
5900,46.99
5901,46.99
5902,46.99
5903,46.99
5904,46.99
5905,46.99
5906,46.99
5907,46.99
5908,46.99
5909,46.99
5910,46.99
5911,46.99
5912,46.99
5913,46.99
5914,46.99
5915,46.99
5916,46.99
5917,46.99
5918,46.99
5919,46.99
5920,46.99
5921,46.99
5922,46.99
5923,46.99
5924,46.99
5925,46.99
5926,46.99
5927,46.99
5928,46.99
5929,46.99
5930,46.99
5931,46.99
5932,46.99
5933,46.99
5934,46.99
5935,46.99
5936,46.99
5937,46.99
5938,46.99
5939,46.99
5940,46.99
5941,46.99
5942,46.99
5943,46.99
5944,46.99
5945,46.99
5946,46.99
5947,46.99
5948,46.99
5949,46.99
5950,46.99
5951,46.99
5952,46.99
5953,46.99
5954,46.99
5955,46.99
5956,46.99
5957,46.99
5958,46.99
5959,46.99
5960,46.99
5961,46.99
5962,46.99
5963,46.99
5964,46.99
5965,46.99
5966,46.99
5967,46.99
5968,46.99
5969,46.99
5970,46.99
5971,46.99
5972,46.99
5973,46.99
5974,46.99
5975,46.99
5976,46.99
5977,46.99
5978,46.99
5979,46.99
5980,46.99
5981,46.99
5982,46.99
5983,46.99
5984,46.99
5985,46.99
5986,46.99
5987,46.99
5988,46.99
5989,46.99
5990,46.99
5991,46.99
5992,46.99
5993,46.99
5994,46.99
5995,46.99
5996,46.99
5997,46.99
5998,46.99
5999,46.99
6000,46.99
6001,46.99
6002,46.99
6003,46.99
6004,46.99
6005,46.99
6006,46.99
6007,46.99
6008,46.99
6009,46.99
6010,46.99
6011,46.99
6012,46.99
6013,46.99
6014,46.99
6015,46.99
6016,46.99
6017,46.99
6018,46.99
6019,46.99
6020,46.99
6021,46.99
6022,46.99
6023,46.99
6024,46.99
6025,46.99
6026,46.99
6027,46.99
6028,46.99
6029,46.99
6030,46.99
6031,46.99
6032,46.99
6033,46.99
6034,46.99
6035,46.99
6036,46.99
6037,46.99
6038,46.99
6039,46.99
6040,46.99
6041,46.99
6042,46.99
6043,46.99
6044,46.99
6045,46.99
6046,46.99
6047,46.99
6048,46.99
6049,46.99
6050,46.99
6051,46.99
6052,46.99
6053,46.99
6054,46.99
6055,46.99
6056,46.99
6057,46.99
6058,46.99
6059,46.99
6060,46.99
6061,46.99
6062,46.99
6063,46.99
6064,46.99
6065,46.99
6066,46.99
6067,46.99
6068,46.99
6069,46.99
6070,46.99
6071,46.99
6072,46.99
6073,46.99
6074,46.99
6075,46.99
6076,46.99
6077,46.99
6078,46.99
6079,46.99
6080,46.99
6081,46.99
6082,46.99
6083,46.99
6084,46.99
6085,46.99
6086,46.99
6087,46.99
6088,46.99
6089,46.99
6090,46.99
6091,46.99
6092,46.99
6093,46.99
6094,46.99
6095,46.99
6096,46.99
6097,46.99
6098,46.99
6099,46.99
6100,46.99
6101,46.99
6102,46.99
6103,46.99
6104,46.99
6105,46.99
6106,46.99
6107,46.99
6108,46.99
6109,46.99
6110,46.99
6111,46.99
6112,46.99
6113,46.99
6114,46.99
6115,46.99
6116,46.99
6117,46.99
6118,46.99
6119,46.99
6120,46.99
6121,46.99
6122,46.99
6123,46.99
6124,46.99
6125,46.99
6126,46.99
6127,46.99
6128,46.99
6129,46.99
6130,46.99
6131,46.99
6132,46.99
6133,46.99
6134,46.99
6135,46.99
6136,46.99
6137,46.99
6138,46.99
6139,46.99
6140,46.99
6141,46.99
6142,46.99
6143,46.99
6144,46.99
6145,46.99
6146,46.99
6147,46.99
6148,46.99
6149,46.99
6150,46.99
6151,46.99
6152,46.99
6153,46.99
6154,46.99
6155,46.99
6156,46.99
6157,46.99
6158,46.99
6159,46.99
6160,46.99
6161,46.99
6162,46.99
6163,46.99
6164,46.99
6165,46.99
6166,46.99
6167,46.99
6168,46.99
6169,46.99
6170,46.99
6171,46.99
6172,46.99
6173,46.99
6174,46.99
6175,46.99
6176,46.99
6177,46.99
6178,46.99
6179,46.99
6180,46.99
6181,46.99
6182,46.99
6183,46.99
6184,46.99
6185,46.99
6186,46.99
6187,46.99
6188,46.99
6189,46.99
6190,46.99
6191,46.99
6192,46.99
6193,46.99
6194,46.99
6195,46.99
6196,46.99
6197,46.99
6198,46.99
6199,46.99
6200,46.99
6201,46.99
6202,46.99
6203,46.99
6204,46.99
6205,46.99
6206,46.99
6207,46.99
6208,46.99
6209,46.99
6210,46.99
6211,46.99
6212,46.99
6213,46.99
6214,46.99
6215,46.99
6216,46.99
6217,46.99
6218,46.99
6219,46.99
6220,46.99
6221,46.99
6222,46.99
6223,46.99
6224,46.99
6225,46.99
6226,46.99
6227,46.99
6228,46.99
6229,46.99
6230,46.99
6231,46.99
6232,46.99
6233,46.99
6234,46.99
6235,46.99
6236,46.99
6237,46.99
6238,46.99
6239,46.99
6240,46.99
6241,46.99
6242,46.99
6243,46.99
6244,46.99
6245,46.99
6246,46.99
6247,46.99
6248,46.99
6249,46.99
6250,46.99
6251,46.99
6252,46.99
6253,46.99
6254,46.99
6255,46.99
6256,46.99
6257,46.99
6258,46.99
6259,46.99
6260,46.99
6261,46.99
6262,46.99
6263,46.99
6264,46.99
6265,46.99
6266,46.99
6267,46.99
6268,46.99
6269,46.99
6270,46.99
6271,46.99
6272,46.99
6273,46.99
6274,46.99
6275,46.99
6276,46.99
6277,46.99
6278,46.99
6279,46.99
6280,46.99
6281,46.99
6282,46.99
6283,46.99
6284,46.99
6285,46.99
6286,46.99
6287,46.99
6288,46.99
6289,46.99
6290,46.99
6291,46.99
6292,46.99
6293,46.99
6294,46.99
6295,46.99
6296,46.99
6297,46.99
6298,46.99
6299,46.99
6300,46.99
6301,46.99
6302,46.99
6303,46.99
6304,46.99
6305,46.99
6306,46.99
6307,46.99
6308,46.99
6309,46.99
6310,46.99
6311,46.99
6312,46.99
6313,46.99
6314,46.99
6315,46.99
6316,46.99
6317,46.99
6318,46.99
6319,46.99
6320,46.99
6321,46.99
6322,46.99
6323,46.99
6324,46.99
6325,46.99
6326,46.99
6327,46.99
6328,46.99
6329,46.99
6330,46.99
6331,46.99
6332,46.942
6333,46.942
6334,46.942
6335,46.942
6336,46.942
6337,46.942
6338,46.942
6339,46.942
6340,46.942
6341,46.942
6342,46.942
6343,46.942
6344,46.942
6345,46.942
6346,46.942
6347,46.942
6348,46.942
6349,46.942
6350,46.942
6351,46.942
6352,46.942
6353,46.942
6354,46.942
6355,46.942
6356,46.942
6357,46.942
6358,46.942
6359,46.942
6360,46.942
6361,46.942
6362,46.942
6363,46.942
6364,46.942
6365,46.942
6366,46.942
6367,46.942
6368,46.942
6369,46.942
6370,46.942
6371,46.942
6372,46.942
6373,46.942
6374,46.942
6375,46.942
6376,46.942
6377,46.942
6378,46.942
6379,46.942
6380,46.942
6381,46.942
6382,46.942
6383,46.942
6384,46.942
6385,46.942
6386,46.942
6387,46.942
6388,46.942
6389,46.942
6390,46.942
6391,46.942
6392,46.942
6393,46.942
6394,46.942
6395,46.942
6396,46.942
6397,46.942
6398,46.942
6399,46.942
6400,46.942
6401,46.942
6402,46.942
6403,46.942
6404,46.942
6405,46.942
6406,46.942
6407,46.942
6408,46.942
6409,46.942
6410,46.942
6411,46.942
6412,46.942
6413,46.942
6414,46.942
6415,46.942
6416,46.942
6417,46.942
6418,46.942
6419,46.942
6420,46.942
6421,46.942
6422,46.942
6423,46.942
6424,46.942
6425,46.942
6426,46.942
6427,46.942
6428,46.942
6429,46.942
6430,46.942
6431,46.942
6432,46.942
6433,46.942
6434,46.942
6435,46.942
6436,46.942
6437,46.942
6438,46.942
6439,46.942
6440,46.942
6441,46.942
6442,46.942
6443,46.942
6444,46.942
6445,46.942
6446,46.942
6447,46.942
6448,46.942
6449,46.942
6450,46.942
6451,46.942
6452,46.942
6453,46.942
6454,46.942
6455,46.942
6456,46.942
6457,46.942
6458,46.942
6459,46.942
6460,46.942
6461,46.942
6462,46.942
6463,46.942
6464,46.942
6465,46.942
6466,46.942
6467,46.942
6468,46.942
6469,46.942
6470,46.942
6471,46.942
6472,46.942
6473,46.942
6474,46.942
6475,46.942
6476,46.942
6477,46.942
6478,46.942
6479,46.942
6480,46.942
6481,46.942
6482,46.942
6483,46.942
6484,46.942
6485,46.942
6486,46.942
6487,46.942
6488,46.942
6489,46.942
6490,46.942
6491,46.942
6492,46.942
6493,46.894
6494,46.894
6495,46.894
6496,46.894
6497,46.894
6498,46.894
6499,46.894
6500,46.894
6501,46.894
6502,46.894
6503,46.894
6504,46.894
6505,46.894
6506,46.894
6507,46.894
6508,46.894
6509,46.894
6510,46.894
6511,46.894
6512,46.894
6513,46.942
6514,46.942
6515,46.942
6516,46.942
6517,46.942
6518,46.942
6519,46.942
6520,46.942
6521,46.942
6522,46.942
6523,46.942
6524,46.942
6525,46.942
6526,46.942
6527,46.942
6528,46.942
6529,46.942
6530,46.942
6531,46.942
6532,46.942
6533,46.942
6534,46.942
6535,46.942
6536,46.942
6537,46.942
6538,46.942
6539,46.942
6540,46.942
6541,46.942
6542,46.942
6543,46.942
6544,46.942
6545,46.942
6546,46.942
6547,46.942
6548,46.942
6549,46.942
6550,46.942
6551,46.942
6552,46.942
6553,46.942
6554,46.942
6555,46.942
6556,46.942
6557,46.942
6558,46.942
6559,46.942
6560,46.942
6561,46.942
6562,46.942
6563,46.942
6564,46.942
6565,46.942
6566,46.942
6567,46.942
6568,46.942
6569,46.942
6570,46.942
6571,46.942
6572,46.942
6573,46.942
6574,46.942
6575,46.942
6576,46.942
6577,46.942
6578,46.942
6579,46.942
6580,46.942
6581,46.942
6582,46.942
6583,46.942
6584,46.942
6585,46.942
6586,46.942
6587,46.942
6588,46.942
6589,46.942
6590,46.942
6591,46.942
6592,46.942
6593,46.942
6594,46.942
6595,46.942
6596,46.942
6597,46.942
6598,46.942
6599,46.942
6600,46.942
6601,46.942
6602,46.942
6603,46.942
6604,46.942
6605,46.942
6606,46.942
6607,46.942
6608,46.942
6609,46.942
6610,46.942
6611,46.942
6612,46.942
6613,46.942
6614,46.942
6615,46.942
6616,46.942
6617,46.942
6618,46.942
6619,46.942
6620,46.942
6621,46.942
6622,46.942
6623,46.942
6624,46.942
6625,46.942
6626,46.942
6627,46.942
6628,46.942
6629,46.942
6630,46.942
6631,46.942
6632,46.942
6633,46.942
6634,46.942
6635,46.942
6636,46.942
6637,46.942
6638,46.942
6639,46.942
6640,46.942
6641,46.942
6642,46.942
6643,46.942
6644,46.942
6645,46.942
6646,46.942
6647,46.942
6648,46.942
6649,46.942
6650,46.942
6651,46.942
6652,46.942
6653,46.942
6654,46.942
6655,46.942
6656,46.942
6657,46.942
6658,46.942
6659,46.942
6660,46.942
6661,46.942
6662,46.942
6663,46.942
6664,46.942
6665,46.942
6666,46.942
6667,46.942
6668,46.942
6669,46.942
6670,46.942
6671,46.942
6672,46.942
6673,46.942
6674,46.942
6675,46.942
6676,46.942
6677,46.942
6678,46.942
6679,46.942
6680,46.942
6681,46.942
6682,46.942
6683,46.942
6684,46.942
6685,46.942
6686,46.942
6687,46.942
6688,46.942
6689,46.942
6690,46.942
6691,46.942
6692,46.942
6693,46.942
6694,46.942
6695,46.942
6696,46.942
6697,46.942
6698,46.942
6699,46.942
6700,46.942
6701,46.942
6702,46.942
6703,46.942
6704,46.942
6705,46.942
6706,46.942
6707,46.942
6708,46.942
6709,46.942
6710,46.942
6711,46.942
6712,46.942
6713,46.942
6714,46.942
6715,46.942
6716,46.942
6717,46.942
6718,46.942
6719,46.942
6720,46.942
6721,46.942
6722,46.942
6723,46.942
6724,46.942
6725,46.942
6726,46.942
6727,46.942
6728,46.942
6729,46.942
6730,46.942
6731,46.942
6732,46.942
6733,46.942
6734,46.942
6735,46.942
6736,46.942
6737,46.942
6738,46.942
6739,46.942
6740,46.942
6741,46.942
6742,46.942
6743,46.942
6744,46.942
6745,46.942
6746,46.942
6747,46.942
6748,46.942
6749,46.942
6750,46.942
6751,46.942
6752,46.942
6753,46.942
6754,46.942
6755,46.942
6756,46.942
6757,46.942
6758,46.942
6759,46.942
6760,46.942
6761,46.942
6762,46.942
6763,46.942
6764,46.942
6765,46.942
6766,46.942
6767,46.942
6768,46.942
6769,46.942
6770,46.942
6771,46.942
6772,46.942
6773,46.942
6774,46.942
6775,46.942
6776,46.942
6777,46.942
6778,46.942
6779,46.942
6780,46.942
6781,46.942
6782,46.942
6783,46.942
6784,46.942
6785,46.942
6786,46.942
6787,46.942
6788,46.942
6789,46.942
6790,46.942
6791,46.942
6792,46.942
6793,46.942
6794,46.894
6795,46.894
6796,46.894
6797,46.894
6798,46.894
6799,46.894
6800,46.894
6801,46.894
6802,46.894
6803,46.894
6804,46.894
6805,46.894
6806,46.894
6807,46.894
6808,46.894
6809,46.894
6810,46.894
6811,46.894
6812,46.894
6813,46.894
6814,46.894
6815,46.894
6816,46.894
6817,46.894
6818,46.894
6819,46.894
6820,46.894
6821,46.894
6822,46.894
6823,46.894
6824,46.894
6825,46.894
6826,46.894
6827,46.894
6828,46.894
6829,46.894
6830,46.894
6831,46.894
6832,46.894
6833,46.894
6834,46.894
6835,46.894
6836,46.894
6837,46.894
6838,46.894
6839,46.894
6840,46.894
6841,46.894
6842,46.894
6843,46.894
6844,46.894
6845,46.894
6846,46.894
6847,46.894
6848,46.894
6849,46.894
6850,46.894
6851,46.894
6852,46.894
6853,46.894
6854,46.894
6855,46.894
6856,46.894
6857,46.894
6858,46.894
6859,46.894
6860,46.894
6861,46.894
6862,46.894
6863,46.894
6864,46.894
6865,46.894
6866,46.894
6867,46.894
6868,46.894
6869,46.894
6870,46.894
6871,46.894
6872,46.894
6873,46.894
6874,46.894
6875,46.894
6876,46.894
6877,46.894
6878,46.894
6879,46.894
6880,46.894
6881,46.894
6882,46.894
6883,46.894
6884,46.894
6885,46.894
6886,46.894
6887,46.894
6888,46.894
6889,46.894
6890,46.894
6891,46.894
6892,46.894
6893,46.894
6894,46.894
6895,46.894
6896,46.894
6897,46.894
6898,46.894
6899,46.894
6900,46.894
6901,46.894
6902,46.894
6903,46.894
6904,46.894
6905,46.894
6906,46.894
6907,46.894
6908,46.894
6909,46.894
6910,46.894
6911,46.894
6912,46.894
6913,46.894
6914,46.894
6915,46.894
6916,46.894
6917,46.894
6918,46.894
6919,46.894
6920,46.894
6921,46.894
6922,46.894
6923,46.894
6924,46.894
6925,46.894
6926,46.894
6927,46.894
6928,46.894
6929,46.894
6930,46.894
6931,46.894
6932,46.894
6933,46.894
6934,46.894
6935,46.894
6936,46.894
6937,46.894
6938,46.894
6939,46.894
6940,46.894
6941,46.894
6942,46.894
6943,46.894
6944,46.894
6945,46.894
6946,46.894
6947,46.894
6948,46.894
6949,46.894
6950,46.894
6951,46.894
6952,46.894
6953,46.894
6954,46.894
6955,46.894
6956,46.894
6957,46.894
6958,46.894
6959,46.894
6960,46.894
6961,46.894
6962,46.894
6963,46.894
6964,46.894
6965,46.894
6966,46.894
6967,46.894
6968,46.894
6969,46.894
6970,46.894
6971,46.894
6972,46.894
6973,46.894
6974,46.894
6975,46.894
6976,46.894
6977,46.894
6978,46.894
6979,46.894
6980,46.894
6981,46.894
6982,46.894
6983,46.894
6984,46.894
6985,46.894
6986,46.894
6987,46.894
6988,46.894
6989,46.894
6990,46.894
6991,46.894
6992,46.894
6993,46.894
6994,46.894
6995,46.894
6996,46.894
6997,46.894
6998,46.894
6999,46.894
7000,46.894
7001,46.894
7002,46.894
7003,46.894
7004,46.894
7005,46.894
7006,46.894
7007,46.894
7008,46.894
7009,46.894
7010,46.894
7011,46.894
7012,46.894
7013,46.894
7014,46.894
7015,46.894
7016,46.894
7017,46.894
7018,46.894
7019,46.894
7020,46.894
7021,46.894
7022,46.894
7023,46.894
7024,46.894
7025,46.894
7026,46.894
7027,46.894
7028,46.894
7029,46.894
7030,46.894
7031,46.894
7032,46.894
7033,46.894
7034,46.894
7035,46.894
7036,46.894
7037,46.894
7038,46.894
7039,46.894
7040,46.894
7041,46.894
7042,46.894
7043,46.894
7044,46.894
7045,46.894
7046,46.894
7047,46.894
7048,46.894
7049,46.894
7050,46.894
7051,46.894
7052,46.894
7053,46.894
7054,46.894
7055,46.894
7056,46.894
7057,46.894
7058,46.894
7059,46.894
7060,46.894
7061,46.894
7062,46.894
7063,46.894
7064,46.894
7065,46.894
7066,46.894
7067,46.894
7068,46.894
7069,46.894
7070,46.894
7071,46.894
7072,46.894
7073,46.894
7074,46.894
7075,46.894
7076,46.894
7077,46.894
7078,46.894
7079,46.894
7080,46.894
7081,46.894
7082,46.894
7083,46.894
7084,46.894
7085,46.894
7086,46.894
7087,46.894
7088,46.894
7089,46.894
7090,46.894
7091,46.894
7092,46.894
7093,46.894
7094,46.894
7095,46.894
7096,46.894
7097,46.894
7098,46.894
7099,46.894
7100,46.894
7101,46.894
7102,46.894
7103,46.894
7104,46.894
7105,46.894
7106,46.894
7107,46.894
7108,46.894
7109,46.894
7110,46.894
7111,46.894
7112,46.894
7113,46.894
7114,46.894
7115,46.894
7116,46.894
7117,46.894
7118,46.894
7119,46.894
7120,46.894
7121,46.894
7122,46.894
7123,46.894
7124,46.894
7125,46.894
7126,46.894
7127,46.894
7128,46.894
7129,46.894
7130,46.894
7131,46.894
7132,46.894
7133,46.894
7134,46.894
7135,46.894
7136,46.894
7137,46.894
7138,46.894
7139,46.894
7140,46.894
7141,46.894
7142,46.894
7143,46.894
7144,46.894
7145,46.894
7146,46.894
7147,46.894
7148,46.894
7149,46.894
7150,46.894
7151,46.894
7152,46.894
7153,46.894
7154,46.894
7155,46.894
7156,46.894
7157,46.894
7158,46.894
7159,46.894
7160,46.894
7161,46.894
7162,46.894
7163,46.894
7164,46.894
7165,46.894
7166,46.894
7167,46.894
7168,46.894
7169,46.894
7170,46.894
7171,46.894
7172,46.894
7173,46.894
7174,46.894
7175,46.894
7176,46.894
7177,46.894
7178,46.894
7179,46.894
7180,46.894
7181,46.894
7182,46.894
7183,46.894
7184,46.894
7185,46.894
7186,46.894
7187,46.894
7188,46.894
7189,46.894
7190,46.894
7191,46.894
7192,46.894
7193,46.894
7194,46.894
7195,46.894
7196,46.846
7197,46.846
7198,46.846
7199,46.846
7200,46.846
7201,46.846
7202,46.846
7203,46.846
7204,46.846
7205,46.846
7206,46.846
7207,46.846
7208,46.846
7209,46.846
7210,46.846
7211,46.846
7212,46.846
7213,46.846
7214,46.846
7215,46.846
7216,46.846
7217,46.846
7218,46.846
7219,46.846
7220,46.846
7221,46.846
7222,46.846
7223,46.846
7224,46.846
7225,46.846
7226,46.846
7227,46.846
7228,46.846
7229,46.846
7230,46.846
7231,46.846
7232,46.846
7233,46.846
7234,46.846
7235,46.846
7236,46.846
7237,46.846
7238,46.846
7239,46.846
7240,46.846
7241,46.846
7242,46.846
7243,46.846
7244,46.846
7245,46.846
7246,46.846
7247,46.846
7248,46.846
7249,46.846
7250,46.846
7251,46.846
7252,46.846
7253,46.846
7254,46.846
7255,46.846
7256,46.846
7257,46.846
7258,46.846
7259,46.846
7260,46.846
7261,46.846
7262,46.846
7263,46.846
7264,46.846
7265,46.846
7266,46.846
7267,46.846
7268,46.846
7269,46.846
7270,46.846
7271,46.846
7272,46.846
7273,46.846
7274,46.846
7275,46.846
7276,46.846
7277,46.846
7278,46.846
7279,46.846
7280,46.846
7281,46.846
7282,46.846
7283,46.846
7284,46.846
7285,46.846
7286,46.846
7287,46.846
7288,46.846
7289,46.846
7290,46.846
7291,46.846
7292,46.846
7293,46.846
7294,46.846
7295,46.846
7296,46.846
7297,46.846
7298,46.846
7299,46.846
7300,46.846
7301,46.846
7302,46.846
7303,46.846
7304,46.846
7305,46.846
7306,46.846
7307,46.846
7308,46.846
7309,46.846
7310,46.846
7311,46.846
7312,46.846
7313,46.846
7314,46.846
7315,46.846
7316,46.846
7317,46.846
7318,46.846
7319,46.846
7320,46.846
7321,46.846
7322,46.846
7323,46.846
7324,46.846
7325,46.846
7326,46.846
7327,46.846
7328,46.846
7329,46.846
7330,46.846
7331,46.846
7332,46.846
7333,46.846
7334,46.846
7335,46.846
7336,46.846
7337,46.846
7338,46.846
7339,46.846
7340,46.846
7341,46.846
7342,46.846
7343,46.846
7344,46.846
7345,46.846
7346,46.846
7347,46.846
7348,46.846
7349,46.846
7350,46.846
7351,46.846
7352,46.846
7353,46.846
7354,46.846
7355,46.846
7356,46.846
7357,46.846
7358,46.846
7359,46.846
7360,46.846
7361,46.846
7362,46.846
7363,46.846
7364,46.846
7365,46.846
7366,46.846
7367,46.846
7368,46.846
7369,46.846
7370,46.846
7371,46.846
7372,46.846
7373,46.846
7374,46.846
7375,46.846
7376,46.894
7377,46.894
7378,46.894
7379,46.894
7380,46.894
7381,46.894
7382,46.894
7383,46.894
7384,46.894
7385,46.894
7386,46.894
7387,46.894
7388,46.894
7389,46.894
7390,46.894
7391,46.894
7392,46.894
7393,46.894
7394,46.894
7395,46.894
7396,46.894
7397,46.894
7398,46.894
7399,46.894
7400,46.894
7401,46.894
7402,46.894
7403,46.894
7404,46.894
7405,46.894
7406,46.894
7407,46.894
7408,46.894
7409,46.894
7410,46.894
7411,46.894
7412,46.894
7413,46.894
7414,46.894
7415,46.894
7416,46.894
7417,46.942
7418,46.942
7419,46.942
7420,46.942
7421,46.942
7422,46.942
7423,46.942
7424,46.942
7425,46.942
7426,46.942
7427,46.942
7428,46.942
7429,46.942
7430,46.942
7431,46.942
7432,46.942
7433,46.942
7434,46.942
7435,46.942
7436,46.942
7437,46.894
7438,46.894
7439,46.894
7440,46.894
7441,46.894
7442,46.894
7443,46.894
7444,46.894
7445,46.894
7446,46.894
7447,46.894
7448,46.894
7449,46.894
7450,46.894
7451,46.894
7452,46.894
7453,46.894
7454,46.894
7455,46.894
7456,46.894
7457,46.942
7458,46.942
7459,46.942
7460,46.942
7461,46.942
7462,46.942
7463,46.942
7464,46.942
7465,46.942
7466,46.942
7467,46.942
7468,46.942
7469,46.942
7470,46.942
7471,46.942
7472,46.942
7473,46.942
7474,46.942
7475,46.942
7476,46.942
7477,46.942
7478,46.942
7479,46.942
7480,46.942
7481,46.942
7482,46.942
7483,46.942
7484,46.942
7485,46.942
7486,46.942
7487,46.942
7488,46.942
7489,46.942
7490,46.942
7491,46.942
7492,46.942
7493,46.942
7494,46.942
7495,46.942
7496,46.942
7497,46.942
7498,46.942
7499,46.942
7500,46.942
7501,46.942
7502,46.942
7503,46.942
7504,46.942
7505,46.942
7506,46.942
7507,46.942
7508,46.942
7509,46.942
7510,46.942
7511,46.942
7512,46.942
7513,46.942
7514,46.942
7515,46.942
7516,46.942
7517,46.894
7518,46.894
7519,46.894
7520,46.894
7521,46.894
7522,46.894
7523,46.894
7524,46.894
7525,46.894
7526,46.894
7527,46.894
7528,46.894
7529,46.894
7530,46.894
7531,46.894
7532,46.894
7533,46.894
7534,46.894
7535,46.894
7536,46.894
7537,46.894
7538,46.894
7539,46.894
7540,46.894
7541,46.894
7542,46.894
7543,46.894
7544,46.894
7545,46.894
7546,46.894
7547,46.894
7548,46.894
7549,46.894
7550,46.894
7551,46.894
7552,46.894
7553,46.894
7554,46.894
7555,46.894
7556,46.894
7557,46.894
7558,46.894
7559,46.894
7560,46.894
7561,46.894
7562,46.894
7563,46.894
7564,46.894
7565,46.894
7566,46.894
7567,46.894
7568,46.894
7569,46.894
7570,46.894
7571,46.894
7572,46.894
7573,46.894
7574,46.894
7575,46.894
7576,46.894
7577,46.894
7578,46.894
7579,46.894
7580,46.894
7581,46.894
7582,46.894
7583,46.894
7584,46.894
7585,46.894
7586,46.894
7587,46.894
7588,46.894
7589,46.894
7590,46.894
7591,46.894
7592,46.894
7593,46.894
7594,46.894
7595,46.894
7596,46.894
7597,46.894
7598,46.846
7599,46.846
7600,46.846
7601,46.846
7602,46.846
7603,46.846
7604,46.846
7605,46.846
7606,46.846
7607,46.846
7608,46.846
7609,46.846
7610,46.846
7611,46.846
7612,46.846
7613,46.846
7614,46.846
7615,46.846
7616,46.846
7617,46.846
7618,46.846
7619,46.846
7620,46.846
7621,46.846
7622,46.846
7623,46.846
7624,46.846
7625,46.846
7626,46.846
7627,46.846
7628,46.846
7629,46.846
7630,46.846
7631,46.846
7632,46.846
7633,46.846
7634,46.846
7635,46.846
7636,46.846
7637,46.846
7638,46.846
7639,46.846
7640,46.846
7641,46.846
7642,46.846
7643,46.846
7644,46.846
7645,46.846
7646,46.846
7647,46.846
7648,46.846
7649,46.846
7650,46.846
7651,46.846
7652,46.846
7653,46.846
7654,46.846
7655,46.846
7656,46.846
7657,46.846
7658,46.846
7659,46.846
7660,46.846
7661,46.846
7662,46.846
7663,46.846
7664,46.846
7665,46.846
7666,46.846
7667,46.846
7668,46.846
7669,46.846
7670,46.846
7671,46.846
7672,46.846
7673,46.846
7674,46.846
7675,46.846
7676,46.846
7677,46.846
7678,46.846
7679,46.846
7680,46.846
7681,46.846
7682,46.846
7683,46.846
7684,46.846
7685,46.846
7686,46.846
7687,46.846
7688,46.846
7689,46.846
7690,46.846
7691,46.846
7692,46.846
7693,46.846
7694,46.846
7695,46.846
7696,46.846
7697,46.846
7698,46.846
7699,46.846
7700,46.846
7701,46.846
7702,46.846
7703,46.846
7704,46.846
7705,46.846
7706,46.846
7707,46.846
7708,46.846
7709,46.846
7710,46.846
7711,46.846
7712,46.846
7713,46.846
7714,46.846
7715,46.846
7716,46.846
7717,46.846
7718,46.797
7719,46.797
7720,46.797
7721,46.797
7722,46.797
7723,46.797
7724,46.797
7725,46.797
7726,46.797
7727,46.797
7728,46.797
7729,46.797
7730,46.797
7731,46.797
7732,46.797
7733,46.797
7734,46.797
7735,46.797
7736,46.797
7737,46.797
7738,46.797
7739,46.797
7740,46.797
7741,46.797
7742,46.797
7743,46.797
7744,46.797
7745,46.797
7746,46.797
7747,46.797
7748,46.797
7749,46.797
7750,46.797
7751,46.797
7752,46.797
7753,46.797
7754,46.797
7755,46.797
7756,46.797
7757,46.797
7758,46.797
7759,46.797
7760,46.797
7761,46.797
7762,46.797
7763,46.797
7764,46.797
7765,46.797
7766,46.797
7767,46.797
7768,46.797
7769,46.797
7770,46.797
7771,46.797
7772,46.797
7773,46.797
7774,46.797
7775,46.797
7776,46.797
7777,46.797
7778,46.797
7779,46.797
7780,46.797
7781,46.797
7782,46.797
7783,46.797
7784,46.797
7785,46.797
7786,46.797
7787,46.797
7788,46.797
7789,46.797
7790,46.797
7791,46.797
7792,46.797
7793,46.797
7794,46.797
7795,46.797
7796,46.797
7797,46.797
7798,46.797
7799,46.894
7800,46.894
7801,46.894
7802,46.894
7803,46.894
7804,46.894
7805,46.894
7806,46.894
7807,46.894
7808,46.894
7809,46.894
7810,46.894
7811,46.894
7812,46.894
7813,46.894
7814,46.894
7815,46.894
7816,46.894
7817,46.894
7818,46.894
7819,46.894
7820,46.894
7821,46.894
7822,46.894
7823,46.894
7824,46.894
7825,46.894
7826,46.894
7827,46.894
7828,46.894
7829,46.894
7830,46.894
7831,46.894
7832,46.894
7833,46.894
7834,46.894
7835,46.894
7836,46.894
7837,46.894
7838,46.894
7839,46.894
7840,46.894
7841,46.894
7842,46.894
7843,46.894
7844,46.894
7845,46.894
7846,46.894
7847,46.894
7848,46.894
7849,46.894
7850,46.894
7851,46.894
7852,46.894
7853,46.894
7854,46.894
7855,46.894
7856,46.894
7857,46.894
7858,46.894
7859,46.894
7860,46.894
7861,46.894
7862,46.894
7863,46.894
7864,46.894
7865,46.894
7866,46.894
7867,46.894
7868,46.894
7869,46.894
7870,46.894
7871,46.894
7872,46.894
7873,46.894
7874,46.894
7875,46.894
7876,46.894
7877,46.894
7878,46.894
7879,47.502
7880,47.502
7881,47.502
7882,47.502
7883,47.502
7884,47.502
7885,47.502
7886,47.502
7887,47.502
7888,47.502
7889,47.502
7890,47.502
7891,47.502
7892,47.502
7893,47.502
7894,47.502
7895,47.502
7896,47.502
7897,47.502
7898,47.502
7899,47.453
7900,47.453
7901,47.453
7902,47.453
7903,47.453
7904,47.453
7905,47.453
7906,47.453
7907,47.453
7908,47.453
7909,47.453
7910,47.453
7911,47.453
7912,47.453
7913,47.453
7914,47.453
7915,47.453
7916,47.453
7917,47.453
7918,47.453
7919,47.173
7920,47.173
7921,47.173
7922,47.173
7923,47.173
7924,47.173
7925,47.173
7926,47.173
7927,47.173
7928,47.173
7929,47.173
7930,47.173
7931,47.173
7932,47.173
7933,47.173
7934,47.173
7935,47.173
7936,47.173
7937,47.173
7938,47.173
7939,47.453
7940,47.453
7941,47.453
7942,47.453
7943,47.453
7944,47.453
7945,47.453
7946,47.453
7947,47.453
7948,47.453
7949,47.453
7950,47.453
7951,47.453
7952,47.453
7953,47.453
7954,47.453
7955,47.453
7956,47.453
7957,47.453
7958,47.453
7959,47.453
7960,47.502
7961,47.502
7962,47.502
7963,47.502
7964,47.502
7965,47.502
7966,47.502
7967,47.502
7968,47.502
7969,47.502
7970,47.502
7971,47.502
7972,47.502
7973,47.502
7974,47.502
7975,47.502
7976,47.502
7977,47.502
7978,47.502
7979,47.502
7980,46.846
7981,46.846
7982,46.846
7983,46.846
7984,46.846
7985,46.846
7986,46.846
7987,46.846
7988,46.846
7989,46.846
7990,46.846
7991,46.846
7992,46.846
7993,46.846
7994,46.846
7995,46.846
7996,46.846
7997,46.846
7998,46.846
7999,46.846
8000,46.797
8001,46.797
8002,46.797
8003,46.797
8004,46.797
8005,46.797
8006,46.797
8007,46.797
8008,46.797
8009,46.797
8010,46.797
8011,46.797
8012,46.797
8013,46.797
8014,46.797
8015,46.797
8016,46.797
8017,46.797
8018,46.797
8019,46.797
8020,46.942
8021,46.942
8022,46.942
8023,46.942
8024,46.942
8025,46.942
8026,46.942
8027,46.942
8028,46.942
8029,46.942
8030,46.942
8031,46.942
8032,46.942
8033,46.942
8034,46.942
8035,46.942
8036,46.942
8037,46.942
8038,46.942
8039,46.942
8040,46.99
8041,46.99
8042,46.99
8043,46.99
8044,46.99
8045,46.99
8046,46.99
8047,46.99
8048,46.99
8049,46.99
8050,46.99
8051,46.99
8052,46.99
8053,46.99
8054,46.99
8055,46.99
8056,46.99
8057,46.99
8058,46.99
8059,46.99
8060,46.99
8061,46.99
8062,46.99
8063,46.99
8064,46.99
8065,46.99
8066,46.99
8067,46.99
8068,46.99
8069,46.99
8070,46.99
8071,46.99
8072,46.99
8073,46.99
8074,46.99
8075,46.99
8076,46.99
8077,46.99
8078,46.99
8079,46.99
8080,46.99
8081,46.99
8082,46.99
8083,46.99
8084,46.99
8085,46.99
8086,46.99
8087,46.99
8088,46.99
8089,46.99
8090,46.99
8091,46.99
8092,46.99
8093,46.99
8094,46.99
8095,46.99
8096,46.99
8097,46.99
8098,46.99
8099,46.99
8100,46.716
8101,46.716
8102,46.716
8103,46.716
8104,46.716
8105,46.716
8106,46.716
8107,46.716
8108,46.716
8109,46.716
8110,46.716
8111,46.716
8112,46.716
8113,46.716
8114,46.716
8115,46.716
8116,46.716
8117,46.716
8118,46.716
8119,46.716
8120,46.99
8121,46.99
8122,46.99
8123,46.99
8124,46.99
8125,46.99
8126,46.99
8127,46.99
8128,46.99
8129,46.99
8130,46.99
8131,46.99
8132,46.99
8133,46.99
8134,46.99
8135,46.99
8136,46.99
8137,46.99
8138,46.99
8139,46.99
8140,46.716
8141,46.716
8142,46.716
8143,46.716
8144,46.716
8145,46.716
8146,46.716
8147,46.716
8148,46.716
8149,46.716
8150,46.716
8151,46.716
8152,46.716
8153,46.716
8154,46.716
8155,46.716
8156,46.716
8157,46.716
8158,46.716
8159,46.716
8160,46.716
8161,46.99
8162,46.99
8163,46.99
8164,46.99
8165,46.99
8166,46.99
8167,46.99
8168,46.99
8169,46.99
8170,46.99
8171,46.99
8172,46.99
8173,46.99
8174,46.99
8175,46.99
8176,46.99
8177,46.99
8178,46.99
8179,46.99
8180,46.99
8181,46.99
8182,46.99
8183,46.99
8184,46.99
8185,46.99
8186,46.99
8187,46.99
8188,46.99
8189,46.99
8190,46.99
8191,46.99
8192,46.99
8193,46.99
8194,46.99
8195,46.99
8196,46.99
8197,46.99
8198,46.99
8199,46.99
8200,46.99
8201,46.716
8202,46.716
8203,46.716
8204,46.716
8205,46.716
8206,46.716
8207,46.716
8208,46.716
8209,46.716
8210,46.716
8211,46.716
8212,46.716
8213,46.716
8214,46.716
8215,46.716
8216,46.716
8217,46.716
8218,46.716
8219,46.716
8220,46.716
8221,46.99
8222,46.99
8223,46.99
8224,46.99
8225,46.99
8226,46.99
8227,46.99
8228,46.99
8229,46.99
8230,46.99
8231,46.99
8232,46.99
8233,46.99
8234,46.99
8235,46.99
8236,46.99
8237,46.99
8238,46.99
8239,46.99
8240,46.99
8241,46.716
8242,46.716
8243,46.716
8244,46.716
8245,46.716
8246,46.716
8247,46.716
8248,46.716
8249,46.716
8250,46.716
8251,46.716
8252,46.716
8253,46.716
8254,46.716
8255,46.716
8256,46.716
8257,46.716
8258,46.716
8259,46.716
8260,46.716
8261,46.716
8262,46.716
8263,46.716
8264,46.716
8265,46.716
8266,46.716
8267,46.716
8268,46.716
8269,46.716
8270,46.716
8271,46.716
8272,46.716
8273,46.716
8274,46.716
8275,46.716
8276,46.716
8277,46.716
8278,46.716
8279,46.716
8280,46.716
8281,46.716
8282,46.716
8283,46.716
8284,46.716
8285,46.716
8286,46.716
8287,46.716
8288,46.716
8289,46.716
8290,46.716
8291,46.716
8292,46.716
8293,46.716
8294,46.716
8295,46.716
8296,46.716
8297,46.716
8298,46.716
8299,46.716
8300,46.716
8301,46.716
8302,46.716
8303,46.716
8304,46.716
8305,46.716
8306,46.716
8307,46.716
8308,46.716
8309,46.716
8310,46.716
8311,46.716
8312,46.716
8313,46.716
8314,46.716
8315,46.716
8316,46.716
8317,46.716
8318,46.716
8319,46.716
8320,46.716
8321,46.99
8322,46.99
8323,46.99
8324,46.99
8325,46.99
8326,46.99
8327,46.99
8328,46.99
8329,46.99
8330,46.99
8331,46.99
8332,46.99
8333,46.99
8334,46.99
8335,46.99
8336,46.99
8337,46.99
8338,46.99
8339,46.99
8340,46.99
8341,46.99
8342,46.99
8343,46.99
8344,46.99
8345,46.99
8346,46.99
8347,46.99
8348,46.99
8349,46.99
8350,46.99
8351,46.99
8352,46.99
8353,46.99
8354,46.99
8355,46.99
8356,46.99
8357,46.99
8358,46.99
8359,46.99
8360,46.99
8361,46.99
8362,46.99
8363,46.99
8364,46.99
8365,46.99
8366,46.99
8367,46.99
8368,46.99
8369,46.99
8370,46.99
8371,46.99
8372,46.99
8373,46.99
8374,46.99
8375,46.99
8376,46.99
8377,46.99
8378,46.99
8379,46.99
8380,46.99
8381,46.99
8382,46.99
8383,46.99
8384,46.99
8385,46.99
8386,46.99
8387,46.99
8388,46.99
8389,46.99
8390,46.99
8391,46.99
8392,46.99
8393,46.99
8394,46.99
8395,46.99
8396,46.99
8397,46.99
8398,46.99
8399,46.99
8400,46.99
8401,46.99
8402,46.716
8403,46.716
8404,46.716
8405,46.716
8406,46.716
8407,46.716
8408,46.716
8409,46.716
8410,46.716
8411,46.716
8412,46.716
8413,46.716
8414,46.716
8415,46.716
8416,46.716
8417,46.716
8418,46.716
8419,46.716
8420,46.716
8421,46.716
8422,46.99
8423,46.99
8424,46.99
8425,46.99
8426,46.99
8427,46.99
8428,46.99
8429,46.99
8430,46.99
8431,46.99
8432,46.99
8433,46.99
8434,46.99
8435,46.99
8436,46.99
8437,46.99
8438,46.99
8439,46.99
8440,46.99
8441,46.99
8442,46.99
8443,46.99
8444,46.99
8445,46.99
8446,46.99
8447,46.99
8448,46.99
8449,46.99
8450,46.99
8451,46.99
8452,46.99
8453,46.99
8454,46.99
8455,46.99
8456,46.99
8457,46.99
8458,46.99
8459,46.99
8460,46.99
8461,46.99
8462,46.716
8463,46.716
8464,46.716
8465,46.716
8466,46.716
8467,46.716
8468,46.716
8469,46.716
8470,46.716
8471,46.716
8472,46.716
8473,46.716
8474,46.716
8475,46.716
8476,46.716
8477,46.716
8478,46.716
8479,46.716
8480,46.716
8481,46.716
8482,46.99
8483,46.99
8484,46.99
8485,46.99
8486,46.99
8487,46.99
8488,46.99
8489,46.99
8490,46.99
8491,46.99
8492,46.99
8493,46.99
8494,46.99
8495,46.99
8496,46.99
8497,46.99
8498,46.99
8499,46.99
8500,46.99
8501,46.99
8502,46.99
8503,46.99
8504,46.99
8505,46.99
8506,46.99
8507,46.99
8508,46.99
8509,46.99
8510,46.99
8511,46.99
8512,46.99
8513,46.99
8514,46.99
8515,46.99
8516,46.99
8517,46.99
8518,46.99
8519,46.99
8520,46.99
8521,46.99
8522,46.99
8523,46.99
8524,46.99
8525,46.99
8526,46.99
8527,46.99
8528,46.99
8529,46.99
8530,46.99
8531,46.99
8532,46.99
8533,46.99
8534,46.99
8535,46.99
8536,46.99
8537,46.99
8538,46.99
8539,46.99
8540,46.99
8541,46.99
8542,46.99
8543,46.99
8544,46.99
8545,46.99
8546,46.99
8547,46.99
8548,46.99
8549,46.99
8550,46.99
8551,46.99
8552,46.99
8553,46.99
8554,46.99
8555,46.99
8556,46.99
8557,46.99
8558,46.99
8559,46.99
8560,46.99
8561,46.99
8562,46.99
8563,46.99
8564,46.99
8565,46.99
8566,46.99
8567,46.99
8568,46.99
8569,46.99
8570,46.99
8571,46.99
8572,46.99
8573,46.99
8574,46.99
8575,46.99
8576,46.99
8577,46.99
8578,46.99
8579,46.99
8580,46.99
8581,46.99
8582,49.084
8583,49.084
8584,49.084
8585,49.084
8586,49.084
8587,49.084
8588,49.084
8589,49.084
8590,49.084
8591,49.084
8592,49.084
8593,49.084
8594,49.084
8595,49.084
8596,49.084
8597,49.084
8598,49.084
8599,49.084
8600,49.084
8601,49.084
8602,49.084
8603,51.726
8604,51.726
8605,51.726
8606,51.726
8607,51.726
8608,51.726
8609,51.726
8610,51.726
8611,51.726
8612,51.726
8613,51.726
8614,51.726
8615,51.726
8616,51.726
8617,51.726
8618,51.726
8619,51.726
8620,51.726
8621,51.726
8622,51.726
8623,54.696
8624,54.696
8625,54.696
8626,54.696
8627,54.696
8628,54.696
8629,54.696
8630,54.696
8631,54.696
8632,54.696
8633,54.696
8634,54.696
8635,54.696
8636,54.696
8637,54.696
8638,54.696
8639,54.696
8640,54.696
8641,54.696
8642,54.696
8643,55.853
8644,55.853
8645,55.853
8646,55.853
8647,55.853
8648,55.853
8649,55.853
8650,55.853
8651,55.853
8652,55.853
8653,55.853
8654,55.853
8655,55.853
8656,55.853
8657,55.853
8658,55.853
8659,55.853
8660,55.853
8661,55.853
8662,55.853
8663,55.853
8664,55.853
8665,55.853
8666,55.853
8667,55.853
8668,55.853
8669,55.853
8670,55.853
8671,55.853
8672,55.853
8673,55.853
8674,55.853
8675,55.853
8676,55.853
8677,55.853
8678,55.853
8679,55.853
8680,55.853
8681,55.853
8682,55.853
8683,55.298
8684,55.298
8685,55.298
8686,55.298
8687,55.298
8688,55.298
8689,55.298
8690,55.298
8691,55.298
8692,55.298
8693,55.298
8694,55.298
8695,55.298
8696,55.298
8697,55.298
8698,55.298
8699,55.298
8700,55.298
8701,55.298
8702,55.298
8703,54.087
8704,54.087
8705,54.087
8706,54.087
8707,54.087
8708,54.087
8709,54.087
8710,54.087
8711,54.087
8712,54.087
8713,54.087
8714,54.087
8715,54.087
8716,54.087
8717,54.087
8718,54.087
8719,54.087
8720,54.087
8721,54.087
8722,54.087
8723,53.211
8724,53.211
8725,53.211
8726,53.211
8727,53.211
8728,53.211
8729,53.211
8730,53.211
8731,53.211
8732,53.211
8733,53.211
8734,53.211
8735,53.211
8736,53.211
8737,53.211
8738,53.211
8739,53.211
8740,53.211
8741,53.211
8742,53.211
8743,52.602
8744,52.602
8745,52.602
8746,52.602
8747,52.602
8748,52.602
8749,52.602
8750,52.602
8751,52.602
8752,52.602
8753,52.602
8754,52.602
8755,52.602
8756,52.602
8757,52.602
8758,52.602
8759,52.602
8760,52.602
8761,52.602
8762,52.602
8763,52.602
8764,52.602
8765,52.602
8766,52.602
8767,52.602
8768,52.602
8769,52.602
8770,52.602
8771,52.602
8772,52.602
8773,52.602
8774,52.602
8775,52.602
8776,52.602
8777,52.602
8778,52.602
8779,52.602
8780,52.602
8781,52.602
8782,52.602
8783,52.602
8784,52.602
8785,52.602
8786,52.602
8787,52.602
8788,52.602
8789,52.602
8790,52.602
8791,52.602
8792,52.602
8793,52.602
8794,52.602
8795,52.602
8796,52.602
8797,52.602
8798,52.602
8799,52.602
8800,52.602
8801,52.602
8802,52.602
8803,52.602
8804,52.328
8805,52.328
8806,52.328
8807,52.328
8808,52.328
8809,52.328
8810,52.328
8811,52.328
8812,52.328
8813,52.328
8814,52.328
8815,52.328
8816,52.328
8817,52.328
8818,52.328
8819,52.328
8820,52.328
8821,52.328
8822,52.328
8823,52.328
8824,52.328
8825,52.328
8826,52.328
8827,52.328
8828,52.328
8829,52.328
8830,52.328
8831,52.328
8832,52.328
8833,52.328
8834,52.328
8835,52.328
8836,52.328
8837,52.328
8838,52.328
8839,52.328
8840,52.328
8841,52.328
8842,52.328
8843,52.328
8844,52.602
8845,52.602
8846,52.602
8847,52.602
8848,52.602
8849,52.602
8850,52.602
8851,52.602
8852,52.602
8853,52.602
8854,52.602
8855,52.602
8856,52.602
8857,52.602
8858,52.602
8859,52.602
8860,52.602
8861,52.602
8862,52.602
8863,52.602
8864,53.485
8865,53.485
8866,53.485
8867,53.485
8868,53.485
8869,53.485
8870,53.485
8871,53.485
8872,53.485
8873,53.485
8874,53.485
8875,53.485
8876,53.485
8877,53.485
8878,53.485
8879,53.485
8880,53.485
8881,53.485
8882,53.485
8883,53.485
8884,54.696
8885,54.696
8886,54.696
8887,54.696
8888,54.696
8889,54.696
8890,54.696
8891,54.696
8892,54.696
8893,54.696
8894,54.696
8895,54.696
8896,54.696
8897,54.696
8898,54.696
8899,54.696
8900,54.696
8901,54.696
8902,54.696
8903,54.696
8904,54.423
8905,54.423
8906,54.423
8907,54.423
8908,54.423
8909,54.423
8910,54.423
8911,54.423
8912,54.423
8913,54.423
8914,54.423
8915,54.423
8916,54.423
8917,54.423
8918,54.423
8919,54.423
8920,54.423
8921,54.423
8922,54.423
8923,54.423
8924,54.423
8925,54.423
8926,54.423
8927,54.423
8928,54.423
8929,54.423
8930,54.423
8931,54.423
8932,54.423
8933,54.423
8934,54.423
8935,54.423
8936,54.423
8937,54.423
8938,54.423
8939,54.423
8940,54.423
8941,54.423
8942,54.423
8943,54.423
8944,54.423
8945,54.423
8946,54.423
8947,54.423
8948,54.423
8949,54.423
8950,54.423
8951,54.423
8952,54.423
8953,54.423
8954,54.423
8955,54.423
8956,54.423
8957,54.423
8958,54.423
8959,54.423
8960,54.423
8961,54.423
8962,54.423
8963,54.423
8964,53.485
8965,53.485
8966,53.485
8967,53.485
8968,53.485
8969,53.485
8970,53.485
8971,53.485
8972,53.485
8973,53.485
8974,53.485
8975,53.485
8976,53.485
8977,53.485
8978,53.485
8979,53.485
8980,53.485
8981,53.485
8982,53.485
8983,53.485
8984,52.938
8985,52.938
8986,52.938
8987,52.938
8988,52.938
8989,52.938
8990,52.938
8991,52.938
8992,52.938
8993,52.938
8994,52.938
8995,52.938
8996,52.938
8997,52.938
8998,52.938
8999,52.938
9000,52.938
9001,52.938
9002,52.938
9003,52.938
9004,52.602
9005,52.602
9006,52.602
9007,52.602
9008,52.602
9009,52.602
9010,52.602
9011,52.602
9012,52.602
9013,52.602
9014,52.602
9015,52.602
9016,52.602
9017,52.602
9018,52.602
9019,52.602
9020,52.602
9021,52.602
9022,52.602
9023,52.602
9024,52.602
9025,52.602
9026,52.602
9027,52.602
9028,52.602
9029,52.602
9030,52.602
9031,52.602
9032,52.602
9033,52.602
9034,52.602
9035,52.602
9036,52.602
9037,52.602
9038,52.602
9039,52.602
9040,52.602
9041,52.602
9042,52.602
9043,52.602
9044,52.602
9045,53.211
9046,53.211
9047,53.211
9048,53.211
9049,53.211
9050,53.211
9051,53.211
9052,53.211
9053,53.211
9054,53.211
9055,53.211
9056,53.211
9057,53.211
9058,53.211
9059,53.211
9060,53.211
9061,53.211
9062,53.211
9063,53.211
9064,53.211
9065,52.938
9066,52.938
9067,52.938
9068,52.938
9069,52.938
9070,52.938
9071,52.938
9072,52.938
9073,52.938
9074,52.938
9075,52.938
9076,52.938
9077,52.938
9078,52.938
9079,52.938
9080,52.938
9081,52.938
9082,52.938
9083,52.938
9084,52.938
9085,52.938
9086,52.938
9087,52.938
9088,52.938
9089,52.938
9090,52.938
9091,52.938
9092,52.938
9093,52.938
9094,52.938
9095,52.938
9096,52.938
9097,52.938
9098,52.938
9099,52.938
9100,52.938
9101,52.938
9102,52.938
9103,52.938
9104,52.938
9105,52.938
9106,52.938
9107,52.938
9108,52.938
9109,52.938
9110,52.938
9111,52.938
9112,52.938
9113,52.938
9114,52.938
9115,52.938
9116,52.938
9117,52.938
9118,52.938
9119,52.938
9120,52.938
9121,52.938
9122,52.938
9123,52.938
9124,52.938
9125,52.938
9126,52.938
9127,52.938
9128,52.938
9129,52.938
9130,52.938
9131,52.938
9132,52.938
9133,52.938
9134,52.938
9135,52.938
9136,52.938
9137,52.938
9138,52.938
9139,52.938
9140,52.938
9141,52.938
9142,52.938
9143,52.938
9144,52.938
9145,53.485
9146,53.485
9147,53.485
9148,53.485
9149,53.485
9150,53.485
9151,53.485
9152,53.485
9153,53.485
9154,53.485
9155,53.485
9156,53.485
9157,53.485
9158,53.485
9159,53.485
9160,53.485
9161,53.485
9162,53.485
9163,53.485
9164,53.485
9165,53.485
9166,53.485
9167,53.485
9168,53.485
9169,53.485
9170,53.485
9171,53.485
9172,53.485
9173,53.485
9174,53.485
9175,53.485
9176,53.485
9177,53.485
9178,53.485
9179,53.485
9180,53.485
9181,53.485
9182,53.485
9183,53.485
9184,53.485
9185,53.485
9186,53.485
9187,53.485
9188,53.485
9189,53.485
9190,53.485
9191,53.485
9192,53.485
9193,53.485
9194,53.485
9195,53.485
9196,53.485
9197,53.485
9198,53.485
9199,53.485
9200,53.485
9201,53.485
9202,53.485
9203,53.485
9204,53.485
9205,53.485
9206,53.485
9207,53.485
9208,53.485
9209,53.485
9210,53.485
9211,53.485
9212,53.485
9213,53.485
9214,53.485
9215,53.485
9216,53.485
9217,53.485
9218,53.485
9219,53.485
9220,53.485
9221,53.485
9222,53.485
9223,53.485
9224,53.485
9225,53.485
9226,53.485
9227,53.485
9228,53.485
9229,53.485
9230,53.485
9231,53.485
9232,53.485
9233,53.485
9234,53.485
9235,53.485
9236,53.485
9237,53.485
9238,53.485
9239,53.485
9240,53.485
9241,53.485
9242,53.485
9243,53.485
9244,53.485
9245,53.485
9246,53.485
9247,53.485
9248,53.485
9249,53.485
9250,53.485
9251,53.485
9252,53.485
9253,53.485
9254,53.485
9255,53.485
9256,53.485
9257,53.485
9258,53.485
9259,53.485
9260,53.485
9261,53.485
9262,53.485
9263,53.485
9264,53.485
9265,53.485
9266,53.485
9267,53.485
9268,53.485
9269,53.485
9270,53.485
9271,53.485
9272,53.485
9273,53.485
9274,53.485
9275,53.485
9276,53.485
9277,53.485
9278,53.485
9279,53.485
9280,53.485
9281,53.485
9282,53.485
9283,53.485
9284,53.485
9285,53.485
9286,53.485
9287,53.485
9288,53.485
9289,53.485
9290,53.485
9291,53.485
9292,53.485
9293,53.485
9294,53.485
9295,53.485
9296,53.485
9297,53.485
9298,53.485
9299,53.485
9300,53.485
9301,53.485
9302,53.485
9303,53.485
9304,53.485
9305,53.485
9306,53.485
9307,53.485
9308,53.485
9309,53.485
9310,53.485
9311,53.485
9312,53.485
9313,53.485
9314,53.485
9315,53.485
9316,53.485
9317,53.485
9318,53.485
9319,53.485
9320,53.485
9321,53.485
9322,53.485
9323,53.485
9324,53.485
9325,53.485
9326,53.485
9327,53.485
9328,53.485
9329,53.485
9330,53.485
9331,53.485
9332,53.485
9333,53.485
9334,53.485
9335,53.485
9336,53.485
9337,53.485
9338,53.485
9339,53.485
9340,53.485
9341,53.485
9342,53.485
9343,53.485
9344,53.485
9345,53.485
9346,53.485
9347,53.485
9348,53.485
9349,53.485
9350,53.485
9351,53.485
9352,53.485
9353,53.485
9354,53.485
9355,53.485
9356,53.485
9357,53.485
9358,53.485
9359,53.485
9360,53.485
9361,53.485
9362,53.485
9363,53.485
9364,53.485
9365,53.485
9366,53.485
9367,53.485
9368,53.485
9369,53.485
9370,53.485
9371,53.485
9372,53.485
9373,53.485
9374,53.485
9375,53.485
9376,53.485
9377,53.485
9378,53.485
9379,53.485
9380,53.485
9381,53.485
9382,53.485
9383,53.485
9384,53.485
9385,53.485
9386,53.485
9387,53.485
9388,53.485
9389,53.485
9390,53.485
9391,53.485
9392,53.485
9393,53.485
9394,53.485
9395,53.485
9396,53.485
9397,53.485
9398,53.485
9399,53.485
9400,53.485
9401,53.485
9402,53.485
9403,53.485
9404,53.485
9405,53.485
9406,53.485
9407,53.485
9408,53.485
9409,53.485
9410,53.485
9411,53.485
9412,53.485
9413,53.485
9414,53.485
9415,53.485
9416,53.485
9417,53.485
9418,53.485
9419,53.485
9420,53.485
9421,53.485
9422,53.485
9423,53.485
9424,53.485
9425,53.485
9426,53.485
9427,53.485
9428,53.485
9429,53.485
9430,53.485
9431,53.485
9432,53.485
9433,53.485
9434,53.485
9435,53.485
9436,53.485
9437,53.485
9438,53.485
9439,53.485
9440,53.485
9441,53.485
9442,53.485
9443,53.485
9444,53.485
9445,53.485
9446,53.485
9447,53.485
9448,53.485
9449,53.485
9450,53.485
9451,53.485
9452,53.485
9453,53.485
9454,53.485
9455,53.485
9456,53.485
9457,53.485
9458,53.485
9459,53.485
9460,53.485
9461,53.485
9462,53.485
9463,53.485
9464,53.485
9465,53.485
9466,53.813
9467,53.813
9468,53.813
9469,53.813
9470,53.813
9471,53.813
9472,53.813
9473,53.813
9474,53.813
9475,53.813
9476,53.813
9477,53.813
9478,53.813
9479,53.813
9480,53.813
9481,53.813
9482,53.813
9483,53.813
9484,53.813
9485,53.813
9486,53.813
9487,53.485
9488,53.485
9489,53.485
9490,53.485
9491,53.485
9492,53.485
9493,53.485
9494,53.485
9495,53.485
9496,53.485
9497,53.485
9498,53.485
9499,53.485
9500,53.485
9501,53.485
9502,53.485
9503,53.485
9504,53.485
9505,53.485
9506,53.485
9507,53.485
9508,53.485
9509,53.485
9510,53.485
9511,53.485
9512,53.485
9513,53.485
9514,53.485
9515,53.485
9516,53.485
9517,53.485
9518,53.485
9519,53.485
9520,53.485
9521,53.485
9522,53.485
9523,53.485
9524,53.485
9525,53.485
9526,53.485
9527,53.485
9528,53.485
9529,53.485
9530,53.485
9531,53.485
9532,53.485
9533,53.485
9534,53.485
9535,53.485
9536,53.485
9537,53.485
9538,53.485
9539,53.485
9540,53.485
9541,53.485
9542,53.485
9543,53.485
9544,53.485
9545,53.485
9546,53.485
9547,53.485
9548,53.485
9549,53.485
9550,53.485
9551,53.485
9552,53.485
9553,53.485
9554,53.485
9555,53.485
9556,53.485
9557,53.485
9558,53.485
9559,53.485
9560,53.485
9561,53.485
9562,53.485
9563,53.485
9564,53.485
9565,53.485
9566,53.485
9567,53.485
9568,53.485
9569,53.485
9570,53.485
9571,53.485
9572,53.485
9573,53.485
9574,53.485
9575,53.485
9576,53.485
9577,53.485
9578,53.485
9579,53.485
9580,53.485
9581,53.485
9582,53.485
9583,53.485
9584,53.485
9585,53.485
9586,53.485
9587,53.485
9588,53.485
9589,53.485
9590,53.485
9591,53.485
9592,53.485
9593,53.485
9594,53.485
9595,53.485
9596,53.485
9597,53.485
9598,53.485
9599,53.485
9600,53.485
9601,53.485
9602,53.485
9603,53.485
9604,53.485
9605,53.485
9606,53.485
9607,53.485
9608,53.485
9609,53.485
9610,53.485
9611,53.485
9612,53.485
9613,53.485
9614,53.485
9615,53.485
9616,53.485
9617,53.485
9618,53.485
9619,53.485
9620,53.485
9621,53.485
9622,53.485
9623,53.485
9624,53.485
9625,53.485
9626,53.485
9627,53.485
9628,53.485
9629,53.485
9630,53.485
9631,53.485
9632,53.485
9633,53.485
9634,53.485
9635,53.485
9636,53.485
9637,53.485
9638,53.485
9639,53.485
9640,53.485
9641,53.485
9642,53.485
9643,53.485
9644,53.485
9645,53.485
9646,53.485
9647,53.485
9648,53.485
9649,53.485
9650,53.485
9651,53.485
9652,53.485
9653,53.485
9654,53.485
9655,53.485
9656,53.485
9657,53.485
9658,53.485
9659,53.485
9660,53.485
9661,53.485
9662,53.485
9663,53.485
9664,53.485
9665,53.485
9666,53.485
9667,53.485
9668,53.485
9669,53.485
9670,53.485
9671,53.485
9672,53.485
9673,53.485
9674,53.485
9675,53.485
9676,53.485
9677,53.485
9678,53.485
9679,53.485
9680,53.485
9681,53.485
9682,53.485
9683,53.485
9684,53.485
9685,53.485
9686,53.485
9687,53.485
9688,53.485
9689,53.485
9690,53.485
9691,53.485
9692,53.485
9693,53.485
9694,53.485
9695,53.485
9696,53.485
9697,53.485
9698,53.485
9699,53.485
9700,53.485
9701,53.485
9702,53.485
9703,53.485
9704,53.485
9705,53.485
9706,53.485
9707,53.485
9708,53.485
9709,53.485
9710,53.485
9711,53.485
9712,53.485
9713,53.485
9714,53.485
9715,53.485
9716,53.485
9717,53.485
9718,53.485
9719,53.485
9720,53.485
9721,53.485
9722,53.485
9723,53.485
9724,53.485
9725,53.485
9726,53.485
9727,53.485
9728,53.485
9729,53.485
9730,53.485
9731,53.485
9732,53.485
9733,53.485
9734,53.485
9735,53.485
9736,53.485
9737,53.485
9738,53.485
9739,53.485
9740,53.485
9741,53.485
9742,53.485
9743,53.485
9744,53.485
9745,53.485
9746,53.485
9747,53.485
9748,53.485
9749,53.485
9750,53.485
9751,53.485
9752,53.485
9753,53.485
9754,53.485
9755,53.485
9756,53.485
9757,53.485
9758,53.485
9759,53.485
9760,53.485
9761,53.485
9762,53.485
9763,53.485
9764,53.485
9765,53.485
9766,53.485
9767,53.485
9768,53.485
9769,53.485
9770,53.485
9771,53.485
9772,53.485
9773,53.485
9774,53.485
9775,53.485
9776,53.485
9777,53.485
9778,53.485
9779,53.485
9780,53.485
9781,53.485
9782,53.485
9783,53.485
9784,53.485
9785,53.485
9786,53.485
9787,53.485
9788,53.211
9789,53.211
9790,53.211
9791,53.211
9792,53.211
9793,53.211
9794,53.211
9795,53.211
9796,53.211
9797,53.211
9798,53.211
9799,53.211
9800,53.211
9801,53.211
9802,53.211
9803,53.211
9804,53.211
9805,53.211
9806,53.211
9807,53.211
9808,52.602
9809,52.602
9810,52.602
9811,52.602
9812,52.602
9813,52.602
9814,52.602
9815,52.602
9816,52.602
9817,52.602
9818,52.602
9819,52.602
9820,52.602
9821,52.602
9822,52.602
9823,52.602
9824,52.602
9825,52.602
9826,52.602
9827,52.602
9828,52.602
9829,52.602
9830,52.602
9831,52.602
9832,52.602
9833,52.602
9834,52.602
9835,52.602
9836,52.602
9837,52.602
9838,52.602
9839,52.602
9840,52.602
9841,52.602
9842,52.602
9843,52.602
9844,52.602
9845,52.602
9846,52.602
9847,52.602
9848,52.602
9849,52.602
9850,52.602
9851,52.602
9852,52.602
9853,52.602
9854,52.602
9855,52.602
9856,52.602
9857,52.602
9858,52.602
9859,52.602
9860,52.602
9861,52.602
9862,52.602
9863,52.602
9864,52.602
9865,52.602
9866,52.602
9867,52.602
9868,52.602
9869,52.602
9870,52.602
9871,52.602
9872,52.602
9873,52.602
9874,52.602
9875,52.602
9876,52.602
9877,52.602
9878,52.602
9879,52.602
9880,52.602
9881,52.602
9882,52.602
9883,52.602
9884,52.602
9885,52.602
9886,52.602
9887,52.602
9888,52.602
9889,52.602
9890,52.602
9891,52.602
9892,52.602
9893,52.602
9894,52.602
9895,52.602
9896,52.602
9897,52.602
9898,52.602
9899,52.602
9900,52.602
9901,52.602
9902,52.602
9903,52.602
9904,52.602
9905,52.602
9906,52.602
9907,52.602
9908,52.602
9909,52.602
9910,52.602
9911,52.602
9912,52.602
9913,52.602
9914,52.602
9915,52.602
9916,52.602
9917,52.602
9918,52.602
9919,52.602
9920,52.602
9921,52.602
9922,52.602
9923,52.602
9924,52.602
9925,52.602
9926,52.602
9927,52.602
9928,52.602
9929,52.602
9930,52.602
9931,52.602
9932,52.602
9933,52.602
9934,52.602
9935,52.602
9936,52.602
9937,52.602
9938,52.602
9939,52.602
9940,52.602
9941,52.602
9942,52.602
9943,52.602
9944,52.602
9945,52.602
9946,52.602
9947,52.602
9948,52.602
9949,52.602
9950,52.602
9951,52.602
9952,52.602
9953,52.602
9954,52.602
9955,52.602
9956,52.602
9957,52.602
9958,52.602
9959,52.602
9960,52.602
9961,52.602
9962,52.602
9963,52.602
9964,52.602
9965,52.602
9966,52.602
9967,52.602
9968,52.602
9969,52.602
9970,52.602
9971,52.602
9972,52.602
9973,52.602
9974,52.602
9975,52.602
9976,52.602
9977,52.602
9978,52.602
9979,52.602
9980,52.602
9981,52.602
9982,52.602
9983,52.602
9984,52.602
9985,52.602
9986,52.602
9987,52.602
9988,52.602
9989,52.602
9990,52.602
9991,52.602
9992,52.602
9993,52.602
9994,52.602
9995,52.602
9996,52.602
9997,52.602
9998,52.602
9999,52.602
10000,52.602
10001,52.602
10002,52.602
10003,52.602
10004,52.602
10005,52.602
10006,52.602
10007,52.602
10008,52.602
10009,52.602
10010,52.602
10011,52.602
10012,52.602
10013,52.602
10014,52.602
10015,52.602
10016,52.602
10017,52.602
10018,52.602
10019,52.602
10020,52.602
10021,52.602
10022,52.602
10023,52.602
10024,52.602
10025,52.602
10026,52.602
10027,52.602
10028,52.602
10029,52.602
10030,52.602
10031,52.602
10032,52.602
10033,52.602
10034,52.602
10035,52.602
10036,52.602
10037,52.602
10038,52.602
10039,52.602
10040,52.602
10041,52.602
10042,52.602
10043,52.602
10044,52.602
10045,52.602
10046,52.602
10047,52.602
10048,52.602
10049,52.328
10050,52.328
10051,52.328
10052,52.328
10053,52.328
10054,52.328
10055,52.328
10056,52.328
10057,52.328
10058,52.328
10059,52.328
10060,52.328
10061,52.328
10062,52.328
10063,52.328
10064,52.328
10065,52.328
10066,52.328
10067,52.328
10068,52.328
10069,52.602
10070,52.602
10071,52.602
10072,52.602
10073,52.602
10074,52.602
10075,52.602
10076,52.602
10077,52.602
10078,52.602
10079,52.602
10080,52.602
10081,52.602
10082,52.602
10083,52.602
10084,52.602
10085,52.602
10086,52.602
10087,52.602
10088,52.602
10089,52.602
10090,52.602
10091,52.602
10092,52.602
10093,52.602
10094,52.602
10095,52.602
10096,52.602
10097,52.602
10098,52.602
10099,52.602
10100,52.602
10101,52.602
10102,52.602
10103,52.602
10104,52.602
10105,52.602
10106,52.602
10107,52.602
10108,52.602
10109,52.602
10110,52.602
10111,52.602
10112,52.602
10113,52.602
10114,52.602
10115,52.602
10116,52.602
10117,52.602
10118,52.602
10119,52.602
10120,52.602
10121,52.602
10122,52.602
10123,52.602
10124,52.602
10125,52.602
10126,52.602
10127,52.602
10128,52.602
10129,52.602
10130,52.602
10131,52.602
10132,52.602
10133,52.602
10134,52.602
10135,52.602
10136,52.602
10137,52.602
10138,52.602
10139,52.602
10140,52.602
10141,52.602
10142,52.602
10143,52.602
10144,52.602
10145,52.602
10146,52.602
10147,52.602
10148,52.602
10149,54.087
10150,54.087
10151,54.087
10152,54.087
10153,54.087
10154,54.087
10155,54.087
10156,54.087
10157,54.087
10158,54.087
10159,54.087
10160,54.087
10161,54.087
10162,54.087
10163,54.087
10164,54.087
10165,54.087
10166,54.087
10167,54.087
10168,54.087
10169,52.938
10170,52.938
10171,52.938
10172,52.938
10173,52.938
10174,52.938
10175,52.938
10176,52.938
10177,52.938
10178,52.938
10179,52.938
10180,52.938
10181,52.938
10182,52.938
10183,52.938
10184,52.938
10185,52.938
10186,52.938
10187,52.938
10188,52.938
10189,52.938
10190,52.938
10191,52.938
10192,52.938
10193,52.938
10194,52.938
10195,52.938
10196,52.938
10197,52.938
10198,52.938
10199,52.938
10200,52.938
10201,52.938
10202,52.938
10203,52.938
10204,52.938
10205,52.938
10206,52.938
10207,52.938
10208,52.938
10209,52.938
10210,52.938
10211,52.938
10212,52.938
10213,52.938
10214,52.938
10215,52.938
10216,52.938
10217,52.938
10218,52.938
10219,52.938
10220,52.938
10221,52.938
10222,52.938
10223,52.938
10224,52.938
10225,52.938
10226,52.938
10227,52.938
10228,52.938
10229,52.938
10230,79.84
10231,79.84
10232,79.84
10233,79.84
10234,79.84
10235,79.84
10236,79.84
10237,79.84
10238,79.84
10239,79.84
10240,79.84
10241,79.84
10242,79.84
10243,79.84
10244,79.84
10245,79.84
10246,79.84
10247,79.84
10248,79.84
10249,79.84
10250,116.37
10251,116.37
10252,116.37
10253,116.37
10254,116.37
10255,116.37
10256,116.37
10257,116.37
10258,116.37
10259,116.37
10260,116.37
10261,116.37
10262,116.37
10263,116.37
10264,116.37
10265,116.37
10266,116.37
10267,116.37
10268,116.37
10269,116.37
10270,126.427
10271,126.427
10272,126.427
10273,126.427
10274,126.427
10275,126.427
10276,126.427
10277,126.427
10278,126.427
10279,126.427
10280,126.427
10281,126.427
10282,126.427
10283,126.427
10284,126.427
10285,126.427
10286,126.427
10287,126.427
10288,126.427
10289,126.427
10290,124.944
10291,124.944
10292,124.944
10293,124.944
10294,124.944
10295,124.944
10296,124.944
10297,124.944
10298,124.944
10299,124.944
10300,124.944
10301,124.944
10302,124.944
10303,124.944
10304,124.944
10305,124.944
10306,124.944
10307,124.944
10308,124.944
10309,124.944
10310,126.154
10311,126.154
10312,126.154
10313,126.154
10314,126.154
10315,126.154
10316,126.154
10317,126.154
10318,126.154
10319,126.154
10320,126.154
10321,126.154
10322,126.154
10323,126.154
10324,126.154
10325,126.154
10326,126.154
10327,126.154
10328,126.154
10329,126.154
10330,125.826
10331,125.826
10332,125.826
10333,125.826
10334,125.826
10335,125.826
10336,125.826
10337,125.826
10338,125.826
10339,125.826
10340,125.826
10341,125.826
10342,125.826
10343,125.826
10344,125.826
10345,125.826
10346,125.826
10347,125.826
10348,125.826
10349,125.826
10350,125.545
10351,125.545
10352,125.545
10353,125.545
10354,125.545
10355,125.545
10356,125.545
10357,125.545
10358,125.545
10359,125.545
10360,125.545
10361,125.545
10362,125.545
10363,125.545
10364,125.545
10365,125.545
10366,125.545
10367,125.545
10368,125.545
10369,125.545
10370,125.545
10371,125.545
10372,125.545
10373,125.545
10374,125.545
10375,125.545
10376,125.545
10377,125.545
10378,125.545
10379,125.545
10380,125.545
10381,125.545
10382,125.545
10383,125.545
10384,125.545
10385,125.545
10386,125.545
10387,125.545
10388,125.545
10389,125.545
10390,125.545
10391,128.52
10392,128.52
10393,128.52
10394,128.52
10395,128.52
10396,128.52
10397,128.52
10398,128.52
10399,128.52
10400,128.52
10401,128.52
10402,128.52
10403,128.52
10404,128.52
10405,128.52
10406,128.52
10407,128.52
10408,128.52
10409,128.52
10410,128.52
10411,126.154
10412,126.154
10413,126.154
10414,126.154
10415,126.154
10416,126.154
10417,126.154
10418,126.154
10419,126.154
10420,126.154
10421,126.154
10422,126.154
10423,126.154
10424,126.154
10425,126.154
10426,126.154
10427,126.154
10428,126.154
10429,126.154
10430,126.154
10431,125.545
10432,125.545
10433,125.545
10434,125.545
10435,125.545
10436,125.545
10437,125.545
10438,125.545
10439,125.545
10440,125.545
10441,125.545
10442,125.545
10443,125.545
10444,125.545
10445,125.545
10446,125.545
10447,125.545
10448,125.545
10449,125.545
10450,125.545
10451,184.362
10452,184.362
10453,184.362
10454,184.362
10455,184.362
10456,184.362
10457,184.362
10458,184.362
10459,184.362
10460,184.362
10461,184.362
10462,184.362
10463,184.362
10464,184.362
10465,184.362
10466,184.362
10467,184.362
10468,184.362
10469,184.362
10470,184.362
10471,203.065
10472,203.065
10473,203.065
10474,203.065
10475,203.065
10476,203.065
10477,203.065
10478,203.065
10479,203.065
10480,203.065
10481,203.065
10482,203.065
10483,203.065
10484,203.065
10485,203.065
10486,203.065
10487,203.065
10488,203.065
10489,203.065
10490,203.065
10491,208.278
10492,208.278
10493,208.278
10494,208.278
10495,208.278
10496,208.278
10497,208.278
10498,208.278
10499,208.278
10500,208.278
10501,208.278
10502,208.278
10503,208.278
10504,208.278
10505,208.278
10506,208.278
10507,208.278
10508,208.278
10509,208.278
10510,208.278
10511,211.245
10512,211.245
10513,211.245
10514,211.245
10515,211.245
10516,211.245
10517,211.245
10518,211.245
10519,211.245
10520,211.245
10521,211.245
10522,211.245
10523,211.245
10524,211.245
10525,211.245
10526,211.245
10527,211.245
10528,211.245
10529,211.245
10530,211.245
10531,211.245
10532,213.885
10533,213.885
10534,213.885
10535,213.885
10536,213.885
10537,213.885
10538,213.885
10539,213.885
10540,213.885
10541,213.885
10542,213.885
10543,213.885
10544,213.885
10545,213.885
10546,213.885
10547,213.885
10548,213.885
10549,213.885
10550,213.885
10551,213.885
10552,213.611
10553,213.611
10554,213.611
10555,213.611
10556,213.611
10557,213.611
10558,213.611
10559,213.611
10560,213.611
10561,213.611
10562,213.611
10563,213.611
10564,213.611
10565,213.611
10566,213.611
10567,213.611
10568,213.611
10569,213.611
10570,213.611
10571,213.611
10572,211.245
10573,211.245
10574,211.245
10575,211.245
10576,211.245
10577,211.245
10578,211.245
10579,211.245
10580,211.245
10581,211.245
10582,211.245
10583,211.245
10584,211.245
10585,211.245
10586,211.245
10587,211.245
10588,211.245
10589,211.245
10590,211.245
10591,211.245
10592,210.918
10593,210.918
10594,210.918
10595,210.918
10596,210.918
10597,210.918
10598,210.918
10599,210.918
10600,210.918
10601,210.918
10602,210.918
10603,210.918
10604,210.918
10605,210.918
10606,210.918
10607,210.918
10608,210.918
10609,210.918
10610,210.918
10611,210.918
10612,209.489
10613,209.489
10614,209.489
10615,209.489
10616,209.489
10617,209.489
10618,209.489
10619,209.489
10620,209.489
10621,209.489
10622,209.489
10623,209.489
10624,209.489
10625,209.489
10626,209.489
10627,209.489
10628,209.489
10629,209.489
10630,209.489
10631,209.489
10632,209.489
10633,209.489
10634,209.489
10635,209.489
10636,209.489
10637,209.489
10638,209.489
10639,209.489
10640,209.489
10641,209.489
10642,209.489
10643,209.489
10644,209.489
10645,209.489
10646,209.489
10647,209.489
10648,209.489
10649,209.489
10650,209.489
10651,209.489
10652,209.489
10653,209.489
10654,209.489
10655,209.489
10656,209.489
10657,108.838
10658,108.838
10659,108.838
10660,108.838
10661,108.838
10662,108.838
10663,108.838
10664,108.838
10665,108.838
10666,108.838
10667,108.838
10668,108.838
10669,108.838
10670,108.838
10671,108.838
10672,108.838
10673,108.838
10674,108.838
10675,108.838
10676,108.838
10677,108.838
10678,108.838
10679,111.206
10680,111.206
10681,111.206
10682,111.206
10683,111.206
10684,111.206
10685,111.206
10686,111.206
10687,111.206
10688,111.206
10689,111.206
10690,111.206
10691,111.206
10692,111.206
10693,111.206
10694,94.034
10695,94.034
10696,94.034
10697,94.034
10698,94.034
10699,94.034
10700,94.034
10701,94.034
10702,94.034
10703,94.034
10704,94.034
10705,94.034
10706,94.034
10707,94.034
10708,94.034
10709,94.034
10710,94.034
10711,94.034
10712,94.034
10713,94.034
10714,74.229
10715,74.229
10716,74.229
10717,74.229
10718,74.229
10719,74.229
10720,74.229
10721,74.229
10722,74.229
10723,74.229
10724,74.229
10725,74.229
10726,74.229
10727,74.229
10728,74.229
10729,74.229
10730,74.229
10731,74.229
10732,74.229
10733,74.229
10734,70.047
10735,70.047
10736,70.047
10737,70.047
10738,70.047
10739,70.047
10740,70.047
10741,70.047
10742,70.047
10743,70.047
10744,70.047
10745,70.047
10746,70.047
10747,70.047
10748,70.047
10749,70.047
10750,70.047
10751,70.047
10752,70.047
10753,70.047
10754,69.164
10755,69.164
10756,69.164
10757,69.164
10758,69.164
10759,69.164
10760,69.164
10761,69.164
10762,69.164
10763,69.164
10764,69.164
10765,69.164
10766,69.164
10767,69.164
10768,69.164
10769,69.164
10770,69.164
10771,69.164
10772,69.164
10773,69.164
10774,70.047
10775,70.047
10776,70.047
10777,70.047
10778,70.047
10779,70.047
10780,70.047
10781,70.047
10782,70.047
10783,70.047
10784,70.047
10785,70.047
10786,70.047
10787,70.047
10788,70.047
10789,70.047
10790,70.047
10791,70.047
10792,70.047
10793,70.047
10794,71.258
10795,71.258
10796,71.258
10797,71.258
10798,71.258
10799,71.258
10800,71.258
10801,71.258
10802,71.258
10803,71.258
10804,71.258
10805,71.258
10806,71.258
10807,71.258
10808,71.258
10809,71.258
10810,71.258
10811,71.258
10812,71.258
10813,71.258
10814,71.258
10815,71.258
10816,71.258
10817,71.258
10818,71.258
10819,71.258
10820,71.258
10821,71.258
10822,71.258
10823,71.258
10824,71.258
10825,71.258
10826,71.258
10827,71.258
10828,71.258
10829,71.258
10830,71.258
10831,71.258
10832,71.258
10833,71.258
10834,71.258
10835,71.258
10836,71.258
10837,71.258
10838,71.258
10839,71.258
10840,71.258
10841,71.258
10842,71.258
10843,71.258
10844,71.258
10845,71.258
10846,71.258
10847,71.258
10848,71.258
10849,71.258
10850,71.258
10851,71.258
10852,71.258
10853,71.258
10854,71.258
10855,71.258
10856,71.258
10857,71.258
10858,69.5
10859,69.5
10860,69.5
10861,69.5
10862,69.5
10863,69.5
10864,69.5
10865,69.5
10866,69.5
10867,69.5
10868,69.5
10869,69.5
10870,69.5
10871,69.5
10872,69.5
10873,69.5
10874,69.5
10875,69.5
10876,69.5
10877,69.5
10878,69.5
10879,69.5
10880,69.5
10881,69.773
10882,69.773
10883,69.773
10884,69.773
10885,69.773
10886,69.773
10887,69.773
10888,69.773
10889,69.773
10890,69.773
10891,69.773
10892,69.773
10893,69.773
10894,69.773
10895,69.773
10896,69.5
10897,69.5
10898,69.5
10899,69.5
10900,69.5
10901,69.5
10902,69.5
10903,69.5
10904,69.5
10905,69.5
10906,69.5
10907,69.5
10908,69.5
10909,69.5
10910,69.5
10911,69.5
10912,69.5
10913,69.5
10914,69.5
10915,69.5
10916,69.164
10917,69.164
10918,69.164
10919,69.164
10920,69.164
10921,69.164
10922,69.164
10923,69.164
10924,69.164
10925,69.164
10926,69.164
10927,69.164
10928,69.164
10929,69.164
10930,69.164
10931,69.164
10932,69.164
10933,69.164
10934,69.164
10935,69.164
10936,69.164
10937,69.164
10938,69.164
10939,69.164
10940,69.164
10941,69.164
10942,69.164
10943,69.164
10944,69.164
10945,69.164
10946,69.164
10947,69.164
10948,69.164
10949,69.164
10950,69.164
10951,69.164
10952,69.164
10953,69.164
10954,69.164
10955,69.164
10956,68.89
10957,68.89
10958,68.89
10959,68.89
10960,68.89
10961,68.89
10962,68.89
10963,68.89
10964,68.89
10965,68.89
10966,68.89
10967,68.89
10968,68.89
10969,68.89
10970,68.89
10971,68.89
10972,68.89
10973,68.89
10974,68.89
10975,68.89
10976,69.164
10977,69.164
10978,69.164
10979,69.164
10980,69.164
10981,69.164
10982,69.164
10983,69.164
10984,69.164
10985,69.164
10986,69.164
10987,69.164
10988,69.164
10989,69.164
10990,69.164
10991,69.164
10992,69.164
10993,69.164
10994,69.164
10995,69.164
10996,69.164
10997,69.164
10998,69.164
10999,69.164
11000,69.164
11001,69.164
11002,69.164
11003,69.164
11004,69.164
11005,69.164
11006,69.164
11007,69.164
11008,69.164
11009,69.164
11010,69.164
11011,69.164
11012,69.164
11013,69.164
11014,69.164
11015,69.164
11016,69.164
11017,68.89
11018,68.89
11019,68.89
11020,68.89
11021,68.89
11022,68.89
11023,68.89
11024,68.89
11025,68.89
11026,68.89
11027,68.89
11028,68.89
11029,68.89
11030,68.89
11031,68.89
11032,68.89
11033,68.89
11034,68.89
11035,68.89
11036,68.89
11037,68.617
11038,68.617
11039,68.617
11040,68.617
11041,68.617
11042,68.617
11043,68.617
11044,68.617
11045,68.617
11046,68.617
11047,68.617
11048,68.617
11049,68.617
11050,68.617
11051,68.617
11052,68.617
11053,68.617
11054,68.617
11055,68.617
11056,68.617
11057,68.218
11058,68.218
11059,68.218
11060,68.218
11061,68.218
11062,68.218
11063,68.218
11064,68.218
11065,68.218
11066,68.218
11067,68.218
11068,68.218
11069,68.218
11070,68.218
11071,68.218
11072,68.218
11073,68.218
11074,68.218
11075,68.218
11076,68.218
11077,68.546
11078,68.546
11079,68.546
11080,68.546
11081,68.546
11082,68.546
11083,68.546
11084,68.546
11085,68.546
11086,68.546
11087,68.546
11088,68.546
11089,68.546
11090,68.546
11091,68.546
11092,68.546
11093,68.546
11094,68.546
11095,68.546
11096,68.546
11097,68.218
11098,68.218
11099,68.218
11100,68.218
11101,68.218
11102,68.218
11103,68.218
11104,68.218
11105,68.218
11106,68.218
11107,68.218
11108,68.218
11109,68.218
11110,68.218
11111,68.218
11112,68.218
11113,68.218
11114,68.218
11115,68.218
11116,68.218
11117,68.218
11118,68.218
11119,68.218
11120,68.218
11121,68.218
11122,68.218
11123,68.218
11124,68.218
11125,68.218
11126,68.218
11127,68.218
11128,68.218
11129,68.218
11130,68.218
11131,68.218
11132,68.218
11133,68.218
11134,68.218
11135,68.218
11136,68.218
11137,68.218
11138,68.218
11139,68.218
11140,68.218
11141,68.218
11142,68.218
11143,68.218
11144,68.218
11145,68.218
11146,68.218
11147,68.218
11148,68.218
11149,68.218
11150,68.218
11151,68.218
11152,68.218
11153,68.218
11154,68.218
11155,68.218
11156,68.218
11157,68.218
11158,68.218
11159,68.218
11160,68.218
11161,68.218
11162,68.218
11163,68.218
11164,68.218
11165,68.218
11166,68.218
11167,68.218
11168,68.218
11169,68.218
11170,68.218
11171,68.218
11172,68.218
11173,68.218
11174,68.218
11175,68.218
11176,68.218
11177,68.546
11178,68.546
11179,68.546
11180,68.546
11181,68.546
11182,68.546
11183,68.546
11184,68.546
11185,68.546
11186,68.546
11187,68.546
11188,68.546
11189,68.546
11190,68.546
11191,68.546
11192,68.546
11193,68.546
11194,68.546
11195,68.546
11196,68.546
11197,68.546
11198,68.546
11199,68.546
11200,68.546
11201,68.546
11202,68.546
11203,68.546
11204,68.546
11205,68.546
11206,68.546
11207,68.546
11208,68.546
11209,68.546
11210,68.546
11211,68.546
11212,68.546
11213,68.546
11214,68.546
11215,68.546
11216,68.546
11217,68.546
11218,68.218
11219,68.218
11220,68.218
11221,68.218
11222,68.218
11223,68.218
11224,68.218
11225,68.218
11226,68.218
11227,68.218
11228,68.218
11229,68.218
11230,68.218
11231,68.218
11232,68.218
11233,68.218
11234,68.218
11235,68.218
11236,68.218
11237,68.218
11238,68.218
11239,68.218
11240,68.218
11241,68.218
11242,68.218
11243,68.218
11244,68.218
11245,68.218
11246,68.218
11247,68.218
11248,68.218
11249,68.218
11250,68.218
11251,68.218
11252,68.218
11253,68.218
11254,68.218
11255,68.218
11256,68.218
11257,68.218
11258,68.149
11259,68.149
11260,68.149
11261,68.149
11262,68.149
11263,68.149
11264,68.149
11265,68.149
11266,68.149
11267,68.149
11268,68.149
11269,68.149
11270,68.149
11271,68.149
11272,68.149
11273,68.149
11274,68.149
11275,68.149
11276,68.149
11277,68.149
11278,68.546
11279,68.546
11280,68.546
11281,68.546
11282,68.546
11283,68.546
11284,68.546
11285,68.546
11286,68.546
11287,68.546
11288,68.546
11289,68.546
11290,68.546
11291,68.546
11292,68.546
11293,68.546
11294,68.546
11295,68.546
11296,68.546
11297,68.546
11298,68.149
11299,68.149
11300,68.149
11301,68.149
11302,68.149
11303,68.149
11304,68.149
11305,68.149
11306,68.149
11307,68.149
11308,68.149
11309,68.149
11310,68.149
11311,68.149
11312,68.149
11313,68.149
11314,68.149
11315,68.149
11316,68.149
11317,68.149
11318,68.218
11319,68.218
11320,68.218
11321,68.218
11322,68.218
11323,68.218
11324,68.218
11325,68.218
11326,68.218
11327,68.218
11328,68.218
11329,68.218
11330,68.218
11331,68.218
11332,68.218
11333,68.218
11334,68.218
11335,68.218
11336,68.218
11337,68.218
11338,68.546
11339,68.546
11340,68.546
11341,68.546
11342,68.546
11343,68.546
11344,68.546
11345,68.546
11346,68.546
11347,68.546
11348,68.546
11349,68.546
11350,68.546
11351,68.546
11352,68.546
11353,68.546
11354,68.546
11355,68.546
11356,68.546
11357,68.546
11358,68.749
11359,68.749
11360,68.749
11361,68.749
11362,68.749
11363,68.749
11364,68.749
11365,68.749
11366,68.749
11367,68.749
11368,68.749
11369,68.749
11370,68.749
11371,68.749
11372,68.749
11373,68.749
11374,68.749
11375,68.749
11376,68.749
11377,68.749
11378,68.749
11379,69.093
11380,69.093
11381,69.093
11382,69.093
11383,69.093
11384,69.093
11385,69.093
11386,69.093
11387,69.093
11388,69.093
11389,69.093
11390,69.093
11391,69.093
11392,69.093
11393,69.093
11394,69.093
11395,69.093
11396,69.093
11397,69.093
11398,69.093
11399,69.093
11400,69.093
11401,69.093
11402,69.093
11403,69.093
11404,69.093
11405,69.093
11406,69.093
11407,69.093
11408,69.093
11409,69.093
11410,69.093
11411,69.093
11412,69.093
11413,69.093
11414,69.093
11415,69.093
11416,69.093
11417,69.093
11418,69.093
11419,68.82
11420,68.82
11421,68.82
11422,68.82
11423,68.82
11424,68.82
11425,68.82
11426,68.82
11427,68.82
11428,68.82
11429,68.82
11430,68.82
11431,68.82
11432,68.82
11433,68.82
11434,68.82
11435,68.82
11436,68.82
11437,68.82
11438,68.82
11439,68.476
11440,68.476
11441,68.476
11442,68.476
11443,68.476
11444,68.476
11445,68.476
11446,68.476
11447,68.476
11448,68.476
11449,68.476
11450,68.476
11451,68.476
11452,68.476
11453,68.476
11454,68.476
11455,68.476
11456,68.476
11457,68.476
11458,68.476
11459,68.476
11460,68.476
11461,68.476
11462,68.476
11463,68.476
11464,68.476
11465,68.476
11466,68.476
11467,68.476
11468,68.476
11469,68.476
11470,68.476
11471,68.476
11472,68.476
11473,68.476
11474,68.476
11475,68.476
11476,68.476
11477,68.476
11478,68.476
11479,68.476
11480,68.476
11481,68.476
11482,68.476
11483,68.476
11484,68.476
11485,68.476
11486,68.476
11487,68.476
11488,68.476
11489,68.476
11490,68.476
11491,68.476
11492,68.476
11493,68.476
11494,68.476
11495,68.476
11496,68.476
11497,68.476
11498,68.476
11499,68.149
11500,68.149
11501,68.149
11502,68.149
11503,68.149
11504,68.149
11505,68.149
11506,68.149
11507,68.149
11508,68.149
11509,68.149
11510,68.149
11511,68.149
11512,68.149
11513,68.149
11514,68.149
11515,68.149
11516,68.149
11517,68.149
11518,68.149
11519,68.149
11520,68.149
11521,68.149
11522,68.149
11523,68.149
11524,68.149
11525,68.149
11526,68.149
11527,68.149
11528,68.149
11529,68.149
11530,68.149
11531,68.149
11532,68.149
11533,68.149
11534,68.149
11535,68.149
11536,68.149
11537,68.149
11538,68.149
11539,68.149
11540,68.079
11541,68.079
11542,68.079
11543,68.079
11544,68.079
11545,68.079
11546,68.079
11547,68.079
11548,68.079
11549,68.079
11550,68.079
11551,68.079
11552,68.079
11553,68.079
11554,68.079
11555,68.079
11556,68.079
11557,68.079
11558,68.079
11559,68.406
11560,68.406
11561,68.406
11562,68.406
11563,68.406
11564,68.406
11565,68.406
11566,68.406
11567,68.406
11568,68.406
11569,68.406
11570,68.406
11571,68.406
11572,68.406
11573,68.406
11574,68.406
11575,68.406
11576,68.406
11577,68.406
11578,68.406
11579,68.406
11580,68.406
11581,68.406
11582,68.406
11583,68.406
11584,68.406
11585,68.406
11586,68.406
11587,68.406
11588,68.406
11589,68.406
11590,68.406
11591,68.406
11592,68.406
11593,68.406
11594,68.406
11595,68.406
11596,68.406
11597,68.406
11598,68.406
11599,68.406
11600,68.406
11601,68.406
11602,68.406
11603,68.406
11604,68.406
11605,68.406
11606,68.406
11607,68.406
11608,68.406
11609,68.406
11610,68.406
11611,68.406
11612,68.406
11613,68.406
11614,68.406
11615,68.406
11616,68.406
11617,68.406
11618,68.406
11619,68.406
11620,68.079
11621,68.079
11622,68.079
11623,68.079
11624,68.079
11625,68.079
11626,68.079
11627,68.079
11628,68.079
11629,68.079
11630,68.079
11631,68.079
11632,68.079
11633,68.079
11634,68.079
11635,68.079
11636,68.079
11637,68.079
11638,68.079
11639,68.079
11640,68.079
11641,68.406
11642,68.406
11643,68.406
11644,68.406
11645,68.406
11646,68.406
11647,68.406
11648,68.406
11649,68.406
11650,68.406
11651,68.406
11652,68.406
11653,68.406
11654,68.406
11655,68.406
11656,68.406
11657,68.406
11658,68.406
11659,68.406
11660,68.679
11661,68.679
11662,68.679
11663,68.679
11664,68.679
11665,68.679
11666,68.679
11667,68.679
11668,68.679
11669,68.679
11670,68.679
11671,68.679
11672,68.679
11673,68.679
11674,68.679
11675,68.679
11676,68.679
11677,68.679
11678,68.679
11679,68.679
11680,69.022
11681,69.022
11682,69.022
11683,69.022
11684,69.022
11685,69.022
11686,69.022
11687,69.022
11688,69.022
11689,69.022
11690,69.022
11691,69.022
11692,69.022
11693,69.022
11694,69.022
11695,69.022
11696,69.022
11697,69.022
11698,69.022
11699,69.022
11700,68.749
11701,68.749
11702,68.749
11703,68.749
11704,68.749
11705,68.749
11706,68.749
11707,68.749
11708,68.749
11709,68.749
11710,68.749
11711,68.749
11712,68.749
11713,68.749
11714,68.749
11715,68.749
11716,68.749
11717,68.749
11718,68.749
11719,68.749
11720,68.679
11721,68.679
11722,68.679
11723,68.679
11724,68.679
11725,68.679
11726,68.679
11727,68.679
11728,68.679
11729,68.679
11730,68.679
11731,68.679
11732,68.679
11733,68.679
11734,68.679
11735,68.679
11736,68.679
11737,68.679
11738,68.679
11739,68.679
11740,68.406
11741,68.406
11742,68.406
11743,68.406
11744,68.406
11745,68.406
11746,68.406
11747,68.406
11748,68.406
11749,68.406
11750,68.406
11751,68.406
11752,68.406
11753,68.406
11754,68.406
11755,68.406
11756,68.406
11757,68.406
11758,68.406
11759,68.406
11760,68.079
11761,68.079
11762,68.079
11763,68.079
11764,68.079
11765,68.079
11766,68.079
11767,68.079
11768,68.079
11769,68.079
11770,68.079
11771,68.079
11772,68.079
11773,68.079
11774,68.079
11775,68.079
11776,68.079
11777,68.079
11778,68.079
11779,68.079
11780,68.406
11781,68.406
11782,68.406
11783,68.406
11784,68.406
11785,68.406
11786,68.406
11787,68.406
11788,68.406
11789,68.406
11790,68.406
11791,68.406
11792,68.406
11793,68.406
11794,68.406
11795,68.406
11796,68.406
11797,68.406
11798,68.406
11799,68.406
11800,68.679
11801,68.679
11802,68.679
11803,68.679
11804,68.679
11805,68.679
11806,68.679
11807,68.679
11808,68.679
11809,68.679
11810,68.679
11811,68.679
11812,68.679
11813,68.679
11814,68.679
11815,68.679
11816,68.679
11817,68.679
11818,68.679
11819,68.679
11820,68.679
11821,68.079
11822,68.079
11823,68.079
11824,68.079
11825,68.079
11826,68.079
11827,68.079
11828,68.079
11829,68.079
11830,68.079
11831,68.079
11832,68.079
11833,68.079
11834,68.079
11835,68.079
11836,68.079
11837,68.079
11838,68.079
11839,68.079
11840,68.079
11841,68.079
11842,68.079
11843,68.079
11844,68.079
11845,68.079
11846,68.079
11847,68.079
11848,68.079
11849,68.079
11850,68.079
11851,68.079
11852,68.079
11853,68.079
11854,68.079
11855,68.079
11856,68.079
11857,68.079
11858,68.079
11859,68.079
11860,68.079
11861,68.079
11862,68.079
11863,68.079
11864,68.079
11865,68.079
11866,68.079
11867,68.079
11868,68.079
11869,68.079
11870,68.079
11871,68.079
11872,68.079
11873,68.079
11874,68.079
11875,68.079
11876,68.079
11877,68.079
11878,68.079
11879,68.079
11880,68.079
11881,68.406
11882,68.406
11883,68.406
11884,68.406
11885,68.406
11886,68.406
11887,68.406
11888,68.406
11889,68.406
11890,68.406
11891,68.406
11892,68.406
11893,68.406
11894,68.406
11895,68.406
11896,68.406
11897,68.406
11898,68.406
11899,68.406
11900,68.406
11901,68.079
11902,68.079
11903,68.079
11904,68.079
11905,68.079
11906,68.079
11907,68.079
11908,68.079
11909,68.079
11910,68.079
11911,68.079
11912,68.079
11913,68.079
11914,68.079
11915,68.079
11916,68.079
11917,68.079
11918,68.079
11919,68.079
11920,68.079
11921,68.079
11922,68.079
11923,68.079
11924,68.079
11925,68.079
11926,68.079
11927,68.079
11928,68.079
11929,68.079
11930,68.079
11931,68.079
11932,68.079
11933,68.079
11934,68.079
11935,68.079
11936,68.079
11937,68.079
11938,68.079
11939,68.079
11940,68.079
11941,68.079
11942,68.079
11943,68.079
11944,68.079
11945,68.079
11946,68.079
11947,68.079
11948,68.079
11949,68.079
11950,68.079
11951,68.079
11952,68.079
11953,68.079
11954,68.079
11955,68.079
11956,68.079
11957,68.079
11958,68.079
11959,68.079
11960,68.079
11961,68.009
11962,68.009
11963,68.009
11964,68.009
11965,68.009
11966,68.009
11967,68.009
11968,68.009
11969,68.009
11970,68.009
11971,68.009
11972,68.009
11973,68.009
11974,68.009
11975,68.009
11976,68.009
11977,68.009
11978,68.009
11979,68.009
11980,68.009
11981,68.406
11982,68.406
11983,68.406
11984,68.406
11985,68.406
11986,68.406
11987,68.406
11988,68.406
11989,68.406
11990,68.406
11991,68.406
11992,68.406
11993,68.406
11994,68.406
11995,68.406
11996,68.406
11997,68.406
11998,68.406
11999,68.406
12000,68.406
12001,68.608
12002,68.608
12003,68.608
12004,68.608
12005,68.608
12006,68.608
12007,68.608
12008,68.608
12009,68.608
12010,68.608
12011,68.608
12012,68.608
12013,68.608
12014,68.608
12015,68.608
12016,68.608
12017,68.608
12018,68.608
12019,68.608
12020,68.608
12021,68.009
12022,68.009
12023,68.009
12024,68.009
12025,68.009
12026,68.009
12027,68.009
12028,68.009
12029,68.009
12030,68.009
12031,68.009
12032,68.009
12033,68.009
12034,68.009
12035,68.009
12036,68.009
12037,68.009
12038,68.009
12039,68.009
12040,68.009
12041,68.009
12042,68.009
12043,68.009
12044,68.009
12045,68.009
12046,68.009
12047,68.009
12048,68.009
12049,68.009
12050,68.009
12051,68.009
12052,68.009
12053,68.009
12054,68.009
12055,68.009
12056,68.009
12057,68.009
12058,68.009
12059,68.009
12060,68.009
12061,68.009
12062,68.009
12063,68.009
12064,68.009
12065,68.009
12066,68.009
12067,68.009
12068,68.009
12069,68.009
12070,68.009
12071,68.009
12072,68.009
12073,68.009
12074,68.009
12075,68.009
12076,68.009
12077,68.009
12078,68.009
12079,68.009
12080,68.009
12081,68.009
12082,68.336
12083,68.336
12084,68.336
12085,68.336
12086,68.336
12087,68.336
12088,68.336
12089,68.336
12090,68.336
12091,68.336
12092,68.336
12093,68.336
12094,68.336
12095,68.336
12096,68.336
12097,68.336
12098,68.336
12099,68.336
12100,68.336
12101,68.336
12102,68.079
12103,68.079
12104,68.079
12105,68.079
12106,68.079
12107,68.079
12108,68.079
12109,68.079
12110,68.079
12111,68.079
12112,68.079
12113,68.079
12114,68.079
12115,68.079
12116,68.079
12117,68.079
12118,68.079
12119,68.079
12120,68.079
12121,68.079
12122,68.079
12123,68.079
12124,68.079
12125,68.079
12126,68.079
12127,68.079
12128,68.079
12129,68.079
12130,68.079
12131,68.079
12132,68.079
12133,68.079
12134,68.079
12135,68.079
12136,68.079
12137,68.079
12138,68.079
12139,68.079
12140,68.079
12141,68.079
12142,68.079
12143,68.079
12144,68.079
12145,68.079
12146,68.079
12147,68.079
12148,68.079
12149,68.079
12150,68.079
12151,68.079
12152,68.079
12153,68.079
12154,68.079
12155,68.079
12156,68.079
12157,68.079
12158,68.079
12159,68.079
12160,68.079
12161,68.079
12162,68.079
12163,68.079
12164,68.079
12165,68.079
12166,68.079
12167,68.079
12168,68.079
12169,68.079
12170,68.079
12171,68.079
12172,68.079
12173,68.079
12174,68.079
12175,68.079
12176,68.079
12177,68.079
12178,68.079
12179,68.079
12180,68.079
12181,68.079
12182,68.406
12183,68.406
12184,68.406
12185,68.406
12186,68.406
12187,68.406
12188,68.406
12189,68.406
12190,68.406
12191,68.406
12192,68.406
12193,68.406
12194,68.406
12195,68.406
12196,68.406
12197,68.406
12198,68.406
12199,68.406
12200,68.406
12201,68.406
12202,68.679
12203,68.679
12204,68.679
12205,68.679
12206,68.679
12207,68.679
12208,68.679
12209,68.679
12210,68.679
12211,68.679
12212,68.679
12213,68.679
12214,68.679
12215,68.679
12216,68.679
12217,68.679
12218,68.679
12219,68.679
12220,68.679
12221,68.679
12222,68.406
12223,68.406
12224,68.406
12225,68.406
12226,68.406
12227,68.406
12228,68.406
12229,68.406
12230,68.406
12231,68.406
12232,68.406
12233,68.406
12234,68.406
12235,68.406
12236,68.406
12237,68.406
12238,68.406
12239,68.406
12240,68.406
12241,68.406
12242,68.406
12243,68.079
12244,68.079
12245,68.079
12246,68.079
12247,68.079
12248,68.079
12249,68.079
12250,68.079
12251,68.079
12252,68.079
12253,68.079
12254,68.079
12255,68.079
12256,68.079
12257,68.079
12258,68.079
12259,68.079
12260,68.079
12261,68.079
12262,68.079
12263,68.079
12264,68.079
12265,68.079
12266,68.079
12267,68.079
12268,68.079
12269,68.079
12270,68.079
12271,68.079
12272,68.079
12273,68.079
12274,68.079
12275,68.079
12276,68.079
12277,68.079
12278,68.079
12279,68.079
12280,68.079
12281,68.079
12282,68.079
12283,68.406
12284,68.406
12285,68.406
12286,68.406
12287,68.406
12288,68.406
12289,68.406
12290,68.406
12291,68.406
12292,68.406
12293,68.406
12294,68.406
12295,68.406
12296,68.406
12297,68.406
12298,68.406
12299,68.406
12300,68.406
12301,68.406
12302,68.406
12303,68.149
12304,68.149
12305,68.149
12306,68.149
12307,68.149
12308,68.149
12309,68.149
12310,68.149
12311,68.149
12312,68.149
12313,68.149
12314,68.149
12315,68.149
12316,68.149
12317,68.149
12318,68.149
12319,68.149
12320,68.149
12321,68.149
12322,68.149
12323,68.149
12324,68.149
12325,68.149
12326,68.149
12327,68.149
12328,68.149
12329,68.149
12330,68.149
12331,68.149
12332,68.149
12333,68.149
12334,68.149
12335,68.149
12336,68.149
12337,68.149
12338,68.149
12339,68.149
12340,68.149
12341,68.149
12342,68.149
12343,67.868
12344,67.868
12345,67.868
12346,67.868
12347,67.868
12348,67.868
12349,67.868
12350,67.868
12351,67.868
12352,67.868
12353,67.868
12354,67.868
12355,67.868
12356,67.868
12357,67.868
12358,67.868
12359,67.868
12360,67.868
12361,67.868
12362,67.868
12363,67.868
12364,67.868
12365,67.868
12366,67.868
12367,67.868
12368,67.868
12369,67.868
12370,67.868
12371,67.868
12372,67.868
12373,67.868
12374,67.868
12375,67.868
12376,67.868
12377,67.868
12378,67.868
12379,67.868
12380,67.868
12381,67.868
12382,67.868
12383,68.079
12384,68.079
12385,68.079
12386,68.079
12387,68.079
12388,68.079
12389,68.079
12390,68.079
12391,68.079
12392,68.079
12393,68.079
12394,68.079
12395,68.079
12396,68.079
12397,68.079
12398,68.079
12399,68.079
12400,68.079
12401,68.079
12402,68.079
12403,68.679
12404,68.679
12405,68.679
12406,68.679
12407,68.679
12408,68.679
12409,68.679
12410,68.679
12411,68.679
12412,68.679
12413,68.679
12414,68.679
12415,68.679
12416,68.679
12417,68.679
12418,68.679
12419,68.679
12420,68.679
12421,68.679
12422,68.679
12423,68.009
12424,68.009
12425,68.009
12426,68.009
12427,68.009
12428,68.009
12429,68.009
12430,68.009
12431,68.009
12432,68.009
12433,68.009
12434,68.009
12435,68.009
12436,68.009
12437,68.009
12438,68.009
12439,68.009
12440,68.009
12441,68.009
12442,68.009
12443,68.009
12444,68.009
12445,68.009
12446,68.009
12447,68.009
12448,68.009
12449,68.009
12450,68.009
12451,68.009
12452,68.009
12453,68.009
12454,68.009
12455,68.009
12456,68.009
12457,68.009
12458,68.009
12459,68.009
12460,68.009
12461,68.009
12462,68.009
12463,68.009
12464,57.703
12465,57.703
12466,57.703
12467,57.703
12468,57.703
12469,57.703
12470,57.703
12471,57.703
12472,57.703
12473,57.703
12474,57.703
12475,57.703
12476,57.703
12477,57.703
12478,57.703
12479,57.703
12480,57.703
12481,57.703
12482,57.703
12483,57.703
12484,53.865
12485,53.865
12486,53.865
12487,53.865
12488,53.865
12489,53.865
12490,53.865
12491,53.865
12492,53.865
12493,53.865
12494,53.865
12495,53.865
12496,53.865
12497,53.865
12498,53.865
12499,53.865
12500,53.865
12501,53.865
12502,53.865
12503,53.865
12504,52.721
12505,52.721
12506,52.721
12507,52.721
12508,52.721
12509,52.721
12510,52.721
12511,52.721
12512,52.721
12513,52.721
12514,52.721
12515,52.721
12516,52.721
12517,52.721
12518,52.721
12519,52.721
12520,52.721
12521,52.721
12522,52.721
12523,52.721
12524,52.721
12525,52.721
12526,52.721
12527,52.721
12528,52.721
12529,52.721
12530,52.721
12531,52.721
12532,52.721
12533,52.721
12534,52.721
12535,52.721
12536,52.721
12537,52.721
12538,52.721
12539,52.721
12540,52.721
12541,52.721
12542,52.721
12543,52.721
12544,52.721
12545,52.721
12546,52.721
12547,52.721
12548,52.721
12549,52.721
12550,52.721
12551,52.721
12552,52.721
12553,52.721
12554,52.721
12555,52.721
12556,52.721
12557,52.721
12558,52.721
12559,52.721
12560,52.721
12561,52.721
12562,52.721
12563,52.721
12564,52.44
12565,52.44
12566,52.44
12567,52.44
12568,52.44
12569,52.44
12570,52.44
12571,52.44
12572,52.44
12573,52.44
12574,52.44
12575,52.44
12576,52.44
12577,52.44
12578,52.44
12579,52.44
12580,52.44
12581,52.44
12582,52.44
12583,52.44
12584,52.775
12585,52.775
12586,52.775
12587,52.775
12588,52.775
12589,52.775
12590,52.775
12591,52.775
12592,52.775
12593,52.775
12594,52.775
12595,52.775
12596,52.775
12597,52.775
12598,52.775
12599,52.775
12600,52.775
12601,52.775
12602,52.775
12603,52.775
12604,52.775
12605,52.775
12606,52.775
12607,52.775
12608,52.775
12609,52.775
12610,52.775
12611,52.775
12612,52.775
12613,52.775
12614,52.775
12615,52.775
12616,52.775
12617,52.775
12618,52.775
12619,52.775
12620,52.775
12621,52.775
12622,52.775
12623,52.775
12624,52.775
12625,52.775
12626,52.775
12627,52.775
12628,52.775
12629,52.775
12630,52.775
12631,52.775
12632,52.775
12633,52.775
12634,52.775
12635,52.775
12636,52.775
12637,52.775
12638,52.775
12639,52.775
12640,52.775
12641,52.775
12642,52.775
12643,52.775
12644,52.775
12645,52.775
12646,52.44
12647,52.44
12648,52.44
12649,52.44
12650,52.44
12651,52.44
12652,52.44
12653,52.44
12654,52.44
12655,52.44
12656,52.44
12657,52.44
12658,52.44
12659,52.44
12660,52.44
12661,52.44
12662,52.44
12663,52.44
12664,52.44
12665,52.44
12666,52.44
12667,52.44
12668,52.44
12669,52.44
12670,52.44
12671,52.44
12672,52.44
12673,52.44
12674,52.44
12675,52.44
12676,52.44
12677,52.44
12678,52.44
12679,52.44
12680,52.44
12681,52.44
12682,52.44
12683,52.44
12684,52.44
12685,52.775
12686,52.775
12687,52.775
12688,52.775
12689,52.775
12690,52.775
12691,52.775
12692,52.775
12693,52.775
12694,52.775
12695,52.775
12696,52.775
12697,52.775
12698,52.775
12699,52.775
12700,52.775
12701,52.775
12702,52.775
12703,52.775
12704,52.775
12705,52.44
12706,52.44
12707,52.44
12708,52.44
12709,52.44
12710,52.44
12711,52.44
12712,52.44
12713,52.44
12714,52.44
12715,52.44
12716,52.44
12717,52.44
12718,52.44
12719,52.44
12720,52.44
12721,52.44
12722,52.44
12723,52.44
12724,52.44
12725,52.44
12726,52.44
12727,52.44
12728,52.44
12729,52.44
12730,52.44
12731,52.44
12732,52.44
12733,52.44
12734,52.44
12735,52.44
12736,52.44
12737,52.44
12738,52.44
12739,52.44
12740,52.44
12741,52.44
12742,52.44
12743,52.44
12744,52.44
12745,52.44
12746,52.44
12747,52.44
12748,52.44
12749,52.44
12750,52.44
12751,52.44
12752,52.44
12753,52.44
12754,52.44
12755,52.44
12756,52.44
12757,52.44
12758,52.44
12759,52.44
12760,52.44
12761,52.44
12762,52.44
12763,52.44
12764,52.44
12765,52.44
12766,52.44
12767,52.44
12768,52.44
12769,52.44
12770,52.44
12771,52.44
12772,52.44
12773,52.44
12774,52.44
12775,52.44
12776,52.44
12777,52.44
12778,52.44
12779,52.44
12780,52.44
12781,52.44
12782,52.44
12783,52.44
12784,52.44
12785,52.775
12786,52.775
12787,52.775
12788,52.775
12789,52.775
12790,52.775
12791,52.775
12792,52.775
12793,52.775
12794,52.775
12795,52.775
12796,52.775
12797,52.775
12798,52.775
12799,52.775
12800,52.775
12801,52.775
12802,52.775
12803,52.775
12804,52.775
12805,52.44
12806,52.44
12807,52.44
12808,52.44
12809,52.44
12810,52.44
12811,52.44
12812,52.44
12813,52.44
12814,52.44
12815,52.44
12816,52.44
12817,52.44
12818,52.44
12819,52.44
12820,52.44
12821,52.44
12822,52.44
12823,52.44
12824,52.44
12825,52.775
12826,52.775
12827,52.775
12828,52.775
12829,52.775
12830,52.775
12831,52.775
12832,52.775
12833,52.775
12834,52.775
12835,52.775
12836,52.775
12837,52.775
12838,52.775
12839,52.775
12840,52.775
12841,52.775
12842,52.775
12843,52.775
12844,52.775
12845,52.775
12846,52.775
12847,52.775
12848,52.44
12849,52.44
12850,52.44
12851,52.44
12852,52.44
12853,52.44
12854,52.44
12855,52.44
12856,52.44
12857,52.44
12858,52.44
12859,52.44
12860,52.44
12861,52.44
12862,52.44
12863,52.44
12864,52.44
12865,52.44
12866,52.44
12867,52.44
12868,52.44
12869,52.44
12870,52.44
12871,52.44
12872,52.44
12873,52.44
12874,52.44
12875,52.44
12876,52.44
12877,52.44
12878,52.44
12879,52.44
12880,52.44
12881,52.44
12882,52.44
12883,52.44
12884,52.44
12885,52.44
12886,52.44
12887,52.44
12888,52.44
12889,52.44
12890,52.44
12891,52.44
12892,52.44
12893,52.44
12894,52.44
12895,52.44
12896,52.44
12897,52.44
12898,52.44
12899,52.44
12900,52.44
12901,52.44
12902,52.44
12903,52.44
12904,52.44
12905,52.44
12906,52.44
12907,52.44
12908,52.44
12909,52.44
12910,52.44
12911,52.44
12912,52.44
12913,52.44
12914,52.44
12915,52.44
12916,52.44
12917,52.44
12918,52.44
12919,52.44
12920,52.44
12921,52.44
12922,52.44
12923,52.44
12924,52.44
12925,52.44
12926,52.44
12927,52.44
12928,52.44
12929,52.44
12930,52.44
12931,52.44
12932,52.44
12933,52.44
12934,52.44
12935,52.44
12936,52.44
12937,52.44
12938,52.44
12939,52.44
12940,52.44
12941,52.44
12942,52.44
12943,52.44
12944,52.44
12945,52.44
12946,52.44
12947,52.44
12948,52.44
12949,52.44
12950,52.44
12951,52.44
12952,52.44
12953,52.44
12954,52.44
12955,52.44
12956,52.44
12957,52.44
12958,52.44
12959,52.44
12960,52.44
12961,52.44
12962,52.44
12963,52.44
12964,52.44
12965,52.44
12966,52.44
12967,52.44
12968,52.44
12969,52.44
12970,52.44
12971,52.44
12972,52.44
12973,52.44
12974,52.44
12975,52.44
12976,52.44
12977,52.44
12978,52.44
12979,52.44
12980,52.44
12981,52.44
12982,52.44
12983,52.44
12984,52.44
12985,52.44
12986,52.775
12987,52.775
12988,52.775
12989,52.775
12990,52.775
12991,52.775
12992,52.775
12993,52.775
12994,52.775
12995,52.775
12996,52.775
12997,52.775
12998,52.775
12999,52.775
13000,52.775
13001,52.775
13002,52.775
13003,52.775
13004,52.775
13005,52.775
13006,52.44
13007,52.44
13008,52.44
13009,52.44
13010,52.44
13011,52.44
13012,52.44
13013,52.44
13014,52.44
13015,52.44
13016,52.44
13017,52.44
13018,52.44
13019,52.44
13020,52.44
13021,52.44
13022,52.44
13023,52.44
13024,52.44
13025,52.44
13026,52.44
13027,52.775
13028,52.775
13029,52.775
13030,52.775
13031,52.775
13032,52.775
13033,52.775
13034,52.775
13035,52.775
13036,52.775
13037,52.775
13038,52.775
13039,52.775
13040,52.775
13041,52.775
13042,52.775
13043,52.775
13044,52.775
13045,52.775
13046,52.775
13047,52.775
13048,52.775
13049,52.775
13050,52.44
13051,52.44
13052,52.44
13053,52.44
13054,52.44
13055,52.44
13056,52.44
13057,52.44
13058,52.44
13059,52.44
13060,52.44
13061,52.44
13062,52.44
13063,52.44
13064,52.44
13065,52.44
13066,52.44
13067,52.44
13068,52.44
13069,52.44
13070,52.44
13071,52.44
13072,52.44
13073,52.44
13074,52.44
13075,52.44
13076,52.44
13077,52.44
13078,52.44
13079,52.44
13080,52.44
13081,52.44
13082,52.44
13083,52.44
13084,52.44
13085,52.44
13086,52.44
13087,52.44
13088,52.44
13089,52.44
13090,52.44
13091,52.44
13092,52.44
13093,52.44
13094,52.44
13095,52.44
13096,52.44
13097,52.44
13098,52.44
13099,52.44
13100,52.44
13101,52.44
13102,52.44
13103,52.44
13104,52.44
13105,52.44
13106,52.44
13107,52.44
13108,52.44
13109,52.44
13110,52.44
13111,52.44
13112,52.44
13113,52.44
13114,52.44
13115,52.44
13116,52.44
13117,52.44
13118,52.44
13119,52.44
13120,52.44
13121,52.44
13122,52.44
13123,52.44
13124,52.44
13125,52.44
13126,52.44
13127,52.44
13128,52.44
13129,52.44
13130,52.44
13131,52.44
13132,52.44
13133,52.44
13134,52.44
13135,52.44
13136,52.44
13137,52.44
13138,52.44
13139,52.44
13140,52.44
13141,52.44
13142,52.44
13143,52.44
13144,52.44
13145,52.44
13146,52.44
13147,52.44
13148,52.44
13149,52.44
13150,52.44
13151,52.44
13152,52.44
13153,52.44
13154,52.44
13155,52.44
13156,52.44
13157,52.44
13158,52.44
13159,52.44
13160,52.44
13161,52.44
13162,52.44
13163,52.44
13164,52.44
13165,52.44
13166,52.44
13167,52.494
13168,52.494
13169,52.494
13170,52.494
13171,52.494
13172,52.494
13173,52.494
13174,52.494
13175,52.494
13176,52.494
13177,52.494
13178,52.494
13179,52.494
13180,52.494
13181,52.494
13182,52.494
13183,52.494
13184,52.494
13185,52.494
13186,52.494
13187,52.494
13188,52.494
13189,52.494
13190,52.494
13191,52.494
13192,52.494
13193,52.494
13194,52.494
13195,52.494
13196,52.494
13197,52.494
13198,52.494
13199,52.494
13200,52.494
13201,52.494
13202,52.494
13203,52.494
13204,52.494
13205,52.494
13206,52.494
13207,52.494
13208,52.494
13209,52.494
13210,52.494
13211,52.494
13212,52.494
13213,52.494
13214,52.494
13215,52.494
13216,52.494
13217,52.494
13218,52.494
13219,52.494
13220,52.494
13221,52.494
13222,52.494
13223,52.494
13224,52.494
13225,52.494
13226,52.494
13227,52.494
13228,52.829
13229,52.829
13230,52.829
13231,52.829
13232,52.829
13233,52.829
13234,52.829
13235,52.829
13236,52.829
13237,52.829
13238,52.829
13239,52.829
13240,52.829
13241,52.829
13242,52.829
13243,52.829
13244,52.829
13245,52.829
13246,52.829
13247,52.829
13248,52.829
13249,52.829
13250,52.829
13251,52.494
13252,52.494
13253,52.494
13254,52.494
13255,52.494
13256,52.494
13257,52.494
13258,52.494
13259,52.494
13260,52.494
13261,52.494
13262,52.494
13263,52.494
13264,52.494
13265,52.494
13266,52.494
13267,52.494
13268,52.494
13269,52.494
13270,52.494
13271,52.494
13272,52.494
13273,52.494
13274,52.494
13275,52.494
13276,52.494
13277,52.494
13278,52.494
13279,52.494
13280,52.494
13281,52.494
13282,52.494
13283,52.494
13284,52.494
13285,52.494
13286,52.494
13287,52.494
13288,52.494
13289,52.494
13290,52.494
13291,52.494
13292,52.494
13293,52.494
13294,52.494
13295,52.494
13296,52.494
13297,52.494
13298,52.494
13299,52.494
13300,52.494
13301,52.494
13302,52.494
13303,52.494
13304,52.494
13305,52.494
13306,52.494
13307,52.494
13308,52.548
13309,52.548
13310,52.548
13311,52.548
13312,52.548
13313,52.548
13314,52.548
13315,52.548
13316,52.548
13317,52.548
13318,52.548
13319,52.548
13320,52.548
13321,52.548
13322,52.548
13323,52.548
13324,52.548
13325,52.548
13326,52.548
13327,52.548
13328,52.548
13329,52.548
13330,52.548
13331,52.548
13332,52.548
13333,52.548
13334,52.548
13335,52.548
13336,52.548
13337,52.548
13338,52.548
13339,52.548
13340,52.548
13341,52.548
13342,52.548
13343,52.548
13344,52.548
13345,52.548
13346,52.548
13347,52.548
13348,52.548
13349,52.548
13350,52.548
13351,52.548
13352,52.548
13353,52.548
13354,52.548
13355,52.548
13356,52.548
13357,52.548
13358,52.548
13359,52.548
13360,52.548
13361,52.548
13362,52.548
13363,52.548
13364,52.548
13365,52.548
13366,52.548
13367,52.548
13368,52.548
13369,52.548
13370,52.548
13371,52.548
13372,52.548
13373,52.548
13374,52.548
13375,52.548
13376,52.548
13377,52.548
13378,52.548
13379,52.548
13380,52.548
13381,52.548
13382,52.548
13383,52.548
13384,52.548
13385,52.548
13386,52.548
13387,52.548
13388,52.548
13389,52.494
13390,52.494
13391,52.494
13392,52.494
13393,52.494
13394,52.494
13395,52.494
13396,52.494
13397,52.494
13398,52.494
13399,52.494
13400,52.494
13401,52.494
13402,52.494
13403,52.494
13404,52.494
13405,52.494
13406,52.494
13407,52.494
13408,52.494
13409,52.494
13410,52.494
13411,52.494
13412,52.494
13413,52.494
13414,52.494
13415,52.494
13416,52.494
13417,52.494
13418,52.494
13419,52.494
13420,52.494
13421,52.494
13422,52.494
13423,52.494
13424,52.494
13425,52.494
13426,52.494
13427,52.494
13428,52.494
13429,52.884
13430,52.884
13431,52.884
13432,52.884
13433,52.884
13434,52.884
13435,52.884
13436,52.884
13437,52.884
13438,52.884
13439,52.884
13440,52.884
13441,52.884
13442,52.884
13443,52.884
13444,52.884
13445,52.884
13446,52.884
13447,52.884
13448,52.884
13449,52.884
13450,52.884
13451,52.884
13452,52.548
13453,52.548
13454,52.548
13455,52.548
13456,52.548
13457,52.548
13458,52.548
13459,52.548
13460,52.548
13461,52.548
13462,52.548
13463,52.548
13464,52.548
13465,52.548
13466,52.548
13467,52.548
13468,52.548
13469,52.494
13470,52.494
13471,52.494
13472,52.494
13473,52.494
13474,52.494
13475,52.494
13476,52.494
13477,52.494
13478,52.494
13479,52.494
13480,52.494
13481,52.494
13482,52.494
13483,52.494
13484,52.494
13485,52.494
13486,52.494
13487,52.494
13488,52.494
13489,52.829
13490,52.829
13491,52.829
13492,52.829
13493,52.829
13494,52.829
13495,52.829
13496,52.829
13497,52.829
13498,52.829
13499,52.829
13500,52.829
13501,52.829
13502,52.829
13503,52.829
13504,52.829
13505,52.829
13506,52.829
13507,52.829
13508,52.829
13509,52.44
13510,52.44
13511,52.44
13512,52.44
13513,52.44
13514,52.44
13515,52.44
13516,52.44
13517,52.44
13518,52.44
13519,52.44
13520,52.44
13521,52.44
13522,52.44
13523,52.44
13524,52.44
13525,52.44
13526,52.44
13527,52.44
13528,52.44
13529,52.44
13530,52.44
13531,52.44
13532,52.44
13533,52.44
13534,52.44
13535,52.44
13536,52.44
13537,52.44
13538,52.44
13539,52.44
13540,52.44
13541,52.44
13542,52.44
13543,52.44
13544,52.44
13545,52.44
13546,52.44
13547,52.44
13548,52.44
13549,52.44
13550,52.494
13551,52.494
13552,52.494
13553,52.494
13554,52.494
13555,52.494
13556,52.494
13557,52.494
13558,52.494
13559,52.494
13560,52.494
13561,52.494
13562,52.494
13563,52.494
13564,52.494
13565,52.494
13566,52.494
13567,52.494
13568,52.494
13569,52.494
13570,52.494
13571,52.494
13572,52.494
13573,52.494
13574,52.494
13575,52.494
13576,52.494
13577,52.494
13578,52.494
13579,52.494
13580,52.494
13581,52.494
13582,52.494
13583,52.494
13584,52.494
13585,52.494
13586,52.494
13587,52.494
13588,52.494
13589,52.494
13590,52.494
13591,52.494
13592,52.494
13593,52.494
13594,52.494
13595,52.494
13596,52.494
13597,52.494
13598,52.494
13599,52.494
13600,52.494
13601,52.494
13602,52.494
13603,52.494
13604,52.494
13605,52.494
13606,52.494
13607,52.494
13608,52.494
13609,52.494
13610,52.494
13611,52.494
13612,52.494
13613,52.494
13614,52.494
13615,52.494
13616,52.494
13617,52.494
13618,52.494
13619,52.494
13620,52.494
13621,52.494
13622,52.494
13623,52.494
13624,52.494
13625,52.494
13626,52.494
13627,52.494
13628,52.494
13629,52.494
13630,52.548
13631,52.548
13632,52.548
13633,52.548
13634,52.548
13635,52.548
13636,52.548
13637,52.548
13638,52.548
13639,52.548
13640,52.548
13641,52.548
13642,52.548
13643,52.548
13644,52.548
13645,52.548
13646,52.548
13647,52.548
13648,52.548
13649,52.548
13650,52.548
13651,52.494
13652,52.494
13653,52.494
13654,52.494
13655,52.494
13656,52.494
13657,52.494
13658,52.494
13659,52.494
13660,52.494
13661,52.494
13662,52.494
13663,52.494
13664,52.494
13665,52.494
13666,52.494
13667,52.494
13668,52.494
13669,52.494
13670,52.548
13671,52.548
13672,52.548
13673,52.548
13674,52.548
13675,52.548
13676,52.548
13677,52.548
13678,52.548
13679,52.548
13680,52.548
13681,52.548
13682,52.548
13683,52.548
13684,52.548
13685,52.548
13686,52.548
13687,52.548
13688,52.548
13689,52.548
13690,52.548
13691,52.548
13692,52.548
13693,52.548
13694,52.548
13695,52.548
13696,52.548
13697,52.548
13698,52.548
13699,52.548
13700,52.548
13701,52.548
13702,52.548
13703,52.548
13704,52.548
13705,52.548
13706,52.548
13707,52.548
13708,52.548
13709,52.548
13710,52.548
13711,52.548
13712,52.548
13713,52.548
13714,52.548
13715,52.548
13716,52.548
13717,52.548
13718,52.548
13719,52.548
13720,52.548
13721,52.548
13722,52.548
13723,52.548
13724,52.548
13725,52.548
13726,52.548
13727,52.548
13728,52.548
13729,52.548
13730,52.548
13731,52.548
13732,52.548
13733,52.548
13734,52.548
13735,52.548
13736,52.548
13737,52.548
13738,52.548
13739,52.548
13740,52.548
13741,52.548
13742,52.548
13743,52.548
13744,52.548
13745,52.548
13746,52.548
13747,52.548
13748,52.548
13749,52.548
13750,52.548
13751,52.548
13752,52.548
13753,52.548
13754,52.548
13755,52.548
13756,52.548
13757,52.548
13758,52.548
13759,52.548
13760,52.548
13761,52.548
13762,52.548
13763,52.548
13764,52.548
13765,52.548
13766,52.548
13767,52.548
13768,52.548
13769,52.548
13770,52.548
13771,52.548
13772,52.548
13773,52.548
13774,52.548
13775,52.548
13776,52.548
13777,52.548
13778,52.548
13779,52.548
13780,52.548
13781,52.548
13782,52.548
13783,52.548
13784,52.548
13785,52.548
13786,52.548
13787,52.548
13788,52.548
13789,52.548
13790,52.548
13791,52.548
13792,52.548
13793,52.548
13794,52.548
13795,52.548
13796,52.548
13797,52.548
13798,52.548
13799,52.548
13800,52.548
13801,52.548
13802,52.548
13803,52.548
13804,52.548
13805,52.548
13806,52.548
13807,52.548
13808,52.548
13809,52.548
13810,52.548
13811,52.494
13812,52.494
13813,52.494
13814,52.494
13815,52.494
13816,52.494
13817,52.494
13818,52.494
13819,52.494
13820,52.494
13821,52.494
13822,52.494
13823,52.494
13824,52.494
13825,52.494
13826,52.494
13827,52.494
13828,52.494
13829,52.494
13830,52.494
13831,52.829
13832,52.829
13833,52.829
13834,52.829
13835,52.829
13836,52.829
13837,52.829
13838,52.829
13839,52.829
13840,52.829
13841,52.829
13842,52.829
13843,52.829
13844,52.829
13845,52.829
13846,52.829
13847,52.829
13848,52.829
13849,52.829
13850,52.829
13851,52.829
13852,52.829
13853,52.829
13854,52.494
13855,52.494
13856,52.494
13857,52.494
13858,52.494
13859,52.494
13860,52.494
13861,52.494
13862,52.494
13863,52.494
13864,52.494
13865,52.494
13866,52.494
13867,52.494
13868,52.494
13869,52.494
13870,52.494
13871,52.44
13872,52.44
13873,52.44
13874,52.44
13875,52.44
13876,52.44
13877,52.44
13878,52.44
13879,52.44
13880,52.44
13881,52.44
13882,52.44
13883,52.44
13884,52.44
13885,52.44
13886,52.44
13887,52.44
13888,52.44
13889,52.44
13890,52.44
13891,52.44
13892,52.44
13893,52.44
13894,52.44
13895,52.44
13896,52.44
13897,52.44
13898,52.44
13899,52.44
13900,52.44
13901,52.44
13902,52.44
13903,52.44
13904,52.44
13905,52.44
13906,52.44
13907,52.44
13908,52.44
13909,52.44
13910,52.44
13911,52.494
13912,52.494
13913,52.494
13914,52.494
13915,52.494
13916,52.494
13917,52.494
13918,52.494
13919,52.494
13920,52.494
13921,52.494
13922,52.494
13923,52.494
13924,52.494
13925,52.494
13926,52.494
13927,52.494
13928,52.494
13929,52.494
13930,52.494
13931,52.494
13932,52.494
13933,52.494
13934,52.494
13935,52.494
13936,52.494
13937,52.494
13938,52.494
13939,52.494
13940,52.494
13941,52.494
13942,52.494
13943,52.494
13944,52.494
13945,52.494
13946,52.494
13947,52.494
13948,52.494
13949,52.494
13950,52.494
13951,52.494
13952,52.494
13953,52.494
13954,52.494
13955,52.494
13956,52.494
13957,52.494
13958,52.494
13959,52.494
13960,52.494
13961,52.494
13962,52.494
13963,52.494
13964,52.494
13965,52.494
13966,52.494
13967,52.494
13968,52.494
13969,52.494
13970,52.494
13971,52.494
13972,52.494
13973,52.494
13974,52.494
13975,52.494
13976,52.494
13977,52.494
13978,52.494
13979,52.494
13980,52.494
13981,52.494
13982,52.494
13983,52.494
13984,52.494
13985,52.494
13986,52.494
13987,52.494
13988,52.494
13989,52.494
13990,52.494
13991,52.494
13992,52.494
13993,52.494
13994,52.494
13995,52.494
13996,52.494
13997,52.494
13998,52.494
13999,52.494
14000,52.494
14001,52.494
14002,52.494
14003,52.494
14004,52.494
14005,52.494
14006,52.494
14007,52.494
14008,52.494
14009,52.494
14010,52.494
14011,52.494
14012,52.494
14013,52.494
14014,52.494
14015,52.494
14016,52.494
14017,52.494
14018,52.494
14019,52.494
14020,52.494
14021,52.494
14022,52.494
14023,52.494
14024,52.494
14025,52.494
14026,52.494
14027,52.494
14028,52.494
14029,52.494
14030,52.494
14031,52.494
14032,52.829
14033,52.829
14034,52.829
14035,52.829
14036,52.829
14037,52.829
14038,52.829
14039,52.829
14040,52.829
14041,52.829
14042,52.829
14043,52.829
14044,52.829
14045,52.829
14046,52.829
14047,52.829
14048,52.829
14049,52.829
14050,52.829
14051,52.829
14052,52.829
14053,52.829
14054,52.829
14055,52.494
14056,52.494
14057,52.494
14058,52.494
14059,52.494
14060,52.494
14061,52.494
14062,52.494
14063,52.494
14064,52.494
14065,52.494
14066,52.494
14067,52.494
14068,52.494
14069,52.494
14070,52.494
14071,52.494
14072,52.494
14073,52.494
14074,52.494
14075,52.494
14076,52.494
14077,52.494
14078,52.494
14079,52.494
14080,52.494
14081,52.494
14082,52.494
14083,52.494
14084,52.494
14085,52.494
14086,52.494
14087,52.494
14088,52.494
14089,52.494
14090,52.494
14091,52.494
14092,52.548
14093,52.548
14094,52.548
14095,52.548
14096,52.548
14097,52.548
14098,52.548
14099,52.548
14100,52.548
14101,52.548
14102,52.548
14103,52.548
14104,52.548
14105,52.548
14106,52.548
14107,52.548
14108,52.548
14109,52.548
14110,52.548
14111,52.548
14112,52.548
14113,52.548
14114,52.548
14115,52.548
14116,52.548
14117,52.548
14118,52.548
14119,52.548
14120,52.548
14121,52.548
14122,52.548
14123,52.548
14124,52.548
14125,52.548
14126,52.548
14127,52.548
14128,52.548
14129,52.548
14130,52.548
14131,52.548
14132,52.548
14133,52.494
14134,52.494
14135,52.494
14136,52.494
14137,52.494
14138,52.494
14139,52.494
14140,52.494
14141,52.494
14142,52.494
14143,52.494
14144,52.494
14145,52.494
14146,52.494
14147,52.494
14148,52.494
14149,52.494
14150,52.494
14151,52.494
14152,52.494
14153,52.494
14154,52.494
14155,52.494
14156,52.494
14157,52.494
14158,52.494
14159,52.494
14160,52.494
14161,52.494
14162,52.494
14163,52.494
14164,52.494
14165,52.494
14166,52.494
14167,52.494
14168,52.494
14169,52.494
14170,52.494
14171,52.494
14172,52.494
14173,52.548
14174,52.548
14175,52.548
14176,52.548
14177,52.548
14178,52.548
14179,52.548
14180,52.548
14181,52.548
14182,52.548
14183,52.548
14184,52.548
14185,52.548
14186,52.548
14187,52.548
14188,52.548
14189,52.548
14190,52.548
14191,52.548
14192,52.548
14193,52.548
14194,52.548
14195,52.548
14196,52.548
14197,52.548
14198,52.548
14199,52.548
14200,52.548
14201,52.548
14202,52.548
14203,52.548
14204,52.548
14205,52.548
14206,52.548
14207,52.548
14208,52.548
14209,52.548
14210,52.548
14211,52.548
14212,52.548
14213,52.548
14214,52.548
14215,52.548
14216,52.548
14217,52.548
14218,52.548
14219,52.548
14220,52.548
14221,52.548
14222,52.548
14223,52.548
14224,52.548
14225,52.548
14226,52.548
14227,52.548
14228,52.548
14229,52.548
14230,52.548
14231,52.548
14232,52.548
14233,52.548
14234,52.548
14235,52.548
14236,52.548
14237,52.548
14238,52.548
14239,52.548
14240,52.548
14241,52.548
14242,52.548
14243,52.548
14244,52.548
14245,52.548
14246,52.548
14247,52.548
14248,52.548
14249,52.548
14250,52.548
14251,52.548
14252,52.548
14253,52.548
14254,52.548
14255,52.548
14256,52.548
14257,52.548
14258,52.548
14259,52.548
14260,52.548
14261,52.548
14262,52.548
14263,52.548
14264,52.548
14265,52.548
14266,52.548
14267,52.548
14268,52.548
14269,52.548
14270,52.548
14271,52.548
14272,52.548
14273,52.548
14274,52.548
14275,52.548
14276,52.548
14277,52.548
14278,52.548
14279,52.548
14280,52.548
14281,52.548
14282,52.548
14283,52.548
14284,52.548
14285,52.548
14286,52.548
14287,52.548
14288,52.548
14289,52.548
14290,52.548
14291,52.548
14292,52.548
14293,52.548
14294,52.548
14295,52.548
14296,52.548
14297,52.548
14298,52.548
14299,52.548
14300,52.548
14301,52.548
14302,52.548
14303,52.548
14304,52.548
14305,52.548
14306,52.548
14307,52.548
14308,52.548
14309,52.548
14310,52.548
14311,52.548
14312,52.548
14313,52.548
14314,52.548
14315,52.548
14316,52.548
14317,52.548
14318,52.548
14319,52.548
14320,52.548
14321,52.548
14322,52.548
14323,52.548
14324,52.548
14325,52.548
14326,52.548
14327,52.548
14328,52.548
14329,52.548
14330,52.548
14331,52.548
14332,52.548
14333,52.548
14334,52.548
14335,52.548
14336,52.548
14337,52.548
14338,52.548
14339,52.548
14340,52.548
14341,52.548
14342,52.548
14343,52.548
14344,52.548
14345,52.548
14346,52.548
14347,52.548
14348,52.548
14349,52.548
14350,52.548
14351,52.548
14352,52.548
14353,52.548
14354,52.548
14355,52.548
14356,52.548
14357,52.548
14358,52.548
14359,52.548
14360,52.548
14361,52.548
14362,52.548
14363,52.548
14364,52.548
14365,52.548
14366,52.548
14367,52.548
14368,52.548
14369,52.548
14370,52.548
14371,52.548
14372,52.548
14373,52.548
14374,52.275
14375,52.275
14376,52.275
14377,52.275
14378,52.275
14379,52.275
14380,52.275
14381,52.275
14382,52.275
14383,52.275
14384,52.275
14385,52.275
14386,52.275
14387,52.275
14388,52.275
14389,52.275
14390,52.275
14391,52.275
14392,52.275
14393,52.275
14394,52.548
14395,52.548
14396,52.548
14397,52.548
14398,52.548
14399,52.548
14400,52.548
14401,52.548
14402,52.548
14403,52.548
14404,52.548
14405,52.548
14406,52.548
14407,52.548
14408,52.548
14409,52.548
14410,52.548
14411,52.548
14412,52.548
14413,52.548
14414,52.548
14415,52.548
14416,52.548
14417,52.548
14418,52.548
14419,52.548
14420,52.548
14421,52.548
14422,52.548
14423,52.548
14424,52.548
14425,52.548
14426,52.548
14427,52.548
14428,52.548
14429,52.548
14430,52.548
14431,52.548
14432,52.548
14433,52.548
14434,52.548
14435,52.548
14436,52.548
14437,52.548
14438,52.548
14439,52.548
14440,52.548
14441,52.548
14442,52.548
14443,52.548
14444,52.548
14445,52.548
14446,52.548
14447,52.548
14448,52.548
14449,52.548
14450,52.548
14451,52.548
14452,52.548
14453,52.548
14454,52.548
14455,52.548
14456,52.548
14457,61.457
14458,61.457
14459,61.457
14460,61.457
14461,61.457
14462,61.457
14463,61.457
14464,61.457
14465,61.457
14466,61.457
14467,61.457
14468,61.457
14469,61.457
14470,61.457
14471,61.457
14472,61.457
14473,61.457
14474,89.723
14475,89.723
14476,89.723
14477,89.723
14478,89.723
14479,89.723
14480,89.723
14481,89.723
14482,89.723
14483,89.723
14484,89.723
14485,89.723
14486,89.723
14487,89.723
14488,89.723
14489,89.723
14490,89.723
14491,89.723
14492,89.723
14493,89.723
14494,60.123
14495,60.123
14496,60.123
14497,60.123
14498,60.123
14499,60.123
14500,60.123
14501,60.123
14502,60.123
14503,60.123
14504,60.123
14505,60.123
14506,60.123
14507,60.123
14508,60.123
14509,60.123
14510,60.123
14511,60.123
14512,60.123
14513,60.123
14514,60.123
14515,53.976
14516,53.976
14517,53.976
14518,53.976
14519,53.976
14520,53.976
14521,53.976
14522,53.976
14523,53.976
14524,53.976
14525,53.976
14526,53.976
14527,53.976
14528,53.976
14529,53.976
14530,53.976
14531,53.976
14532,53.976
14533,53.976
14534,53.976
14535,52.829
14536,52.829
14537,52.829
14538,52.829
14539,52.829
14540,52.829
14541,52.829
14542,52.829
14543,52.829
14544,52.829
14545,52.829
14546,52.829
14547,52.829
14548,52.829
14549,52.829
14550,52.829
14551,52.829
14552,52.829
14553,52.829
14554,52.829
14555,55.458
14556,55.458
14557,55.458
14558,55.458
14559,55.458
14560,55.458
14561,55.458
14562,55.458
14563,55.458
14564,55.458
14565,55.458
14566,55.458
14567,55.458
14568,55.458
14569,55.458
14570,55.458
14571,55.458
14572,55.458
14573,55.458
14574,55.458
14575,93.842
14576,93.842
14577,93.842
14578,93.842
14579,93.842
14580,93.842
14581,93.842
14582,93.842
14583,93.842
14584,93.842
14585,93.842
14586,93.842
14587,93.842
14588,93.842
14589,93.842
14590,93.842
14591,93.842
14592,93.842
14593,93.842
14594,93.842
14595,60.848
14596,60.848
14597,60.848
14598,60.848
14599,60.848
14600,60.848
14601,60.848
14602,60.848
14603,60.848
14604,60.848
14605,60.848
14606,60.848
14607,60.848
14608,60.848
14609,60.848
14610,60.848
14611,60.848
14612,60.848
14613,60.848
14614,60.848
14615,54.367
14616,54.367
14617,54.367
14618,54.367
14619,54.367
14620,54.367
14621,54.367
14622,54.367
14623,54.367
14624,54.367
14625,54.367
14626,54.367
14627,54.367
14628,54.367
14629,54.367
14630,54.367
14631,54.367
14632,54.367
14633,54.367
14634,54.367
14635,52.829
14636,52.829
14637,52.829
14638,52.829
14639,52.829
14640,52.829
14641,52.829
14642,52.829
14643,52.829
14644,52.829
14645,52.829
14646,52.829
14647,52.829
14648,52.829
14649,52.829
14650,52.829
14651,52.829
14652,52.829
14653,52.829
14654,52.829
14655,52.829
14656,52.829
14657,52.829
14658,80.641
14659,80.641
14660,80.641
14661,80.641
14662,80.641
14663,80.641
14664,80.641
14665,80.641
14666,80.641
14667,80.641
14668,80.641
14669,80.641
14670,80.641
14671,80.641
14672,80.641
14673,80.641
14674,80.641
14675,80.641
14676,75.112
14677,75.112
14678,75.112
14679,75.112
14680,75.112
14681,75.112
14682,75.112
14683,75.112
14684,75.112
14685,75.112
14686,75.112
14687,75.112
14688,75.112
14689,75.112
14690,75.112
14691,75.112
14692,75.112
14693,75.112
14694,75.112
14695,75.112
14696,57.338
14697,57.338
14698,57.338
14699,57.338
14700,57.338
14701,57.338
14702,57.338
14703,57.338
14704,57.338
14705,57.338
14706,57.338
14707,57.338
14708,57.338
14709,57.338
14710,57.338
14711,57.338
14712,57.338
14713,57.338
14714,57.338
14715,57.338
14716,53.485
14717,53.485
14718,53.485
14719,53.485
14720,53.485
14721,53.485
14722,53.485
14723,53.485
14724,53.485
14725,53.485
14726,53.485
14727,53.485
14728,53.485
14729,53.485
14730,53.485
14731,53.485
14732,53.485
14733,53.485
14734,53.485
14735,53.485
14736,52.938
14737,52.938
14738,52.938
14739,52.938
14740,52.938
14741,52.938
14742,52.938
14743,52.938
14744,52.938
14745,52.938
14746,52.938
14747,52.938
14748,52.938
14749,52.938
14750,52.938
14751,52.938
14752,52.938
14753,52.938
14754,52.938
14755,52.938
14756,98.771
14757,98.771
14758,98.771
14759,98.771
14760,98.771
14761,98.771
14762,98.771
14763,98.771
14764,98.771
14765,98.771
14766,98.771
14767,98.771
14768,98.771
14769,98.771
14770,98.771
14771,98.771
14772,98.771
14773,98.771
14774,98.771
14775,98.771
14776,62.395
14777,62.395
14778,62.395
14779,62.395
14780,62.395
14781,62.395
14782,62.395
14783,62.395
14784,62.395
14785,62.395
14786,62.395
14787,62.395
14788,62.395
14789,62.395
14790,62.395
14791,62.395
14792,62.395
14793,62.395
14794,62.395
14795,62.395
14796,54.696
14797,54.696
14798,54.696
14799,54.696
14800,54.696
14801,54.696
14802,54.696
14803,54.696
14804,54.696
14805,54.696
14806,54.696
14807,54.696
14808,54.696
14809,54.696
14810,54.696
14811,54.696
14812,54.696
14813,54.696
14814,54.696
14815,54.696
14816,52.938
14817,52.938
14818,52.938
14819,52.938
14820,52.938
14821,52.938
14822,52.938
14823,52.938
14824,52.938
14825,52.938
14826,52.938
14827,52.938
14828,52.938
14829,52.938
14830,52.938
14831,52.938
14832,52.938
14833,52.938
14834,52.938
14835,52.938
14836,92.276
14837,92.276
14838,92.276
14839,92.276
14840,92.276
14841,92.276
14842,92.276
14843,92.276
14844,92.276
14845,92.276
14846,92.276
14847,92.276
14848,92.276
14849,92.276
14850,92.276
14851,92.276
14852,92.276
14853,92.276
14854,92.276
14855,92.276
14856,92.276
14857,92.276
14858,92.276
14859,67.063
14860,67.063
14861,67.063
14862,67.063
14863,67.063
14864,67.063
14865,67.063
14866,67.063
14867,67.063
14868,67.063
14869,67.063
14870,67.063
14871,67.063
14872,67.063
14873,67.063
14874,67.063
14875,67.063
14876,55.515
14877,55.515
14878,55.515
14879,55.515
14880,55.515
14881,55.515
14882,55.515
14883,55.515
14884,55.515
14885,55.515
14886,55.515
14887,55.515
14888,55.515
14889,55.515
14890,55.515
14891,55.515
14892,55.515
14893,55.515
14894,55.515
14895,55.515
14896,53.43
14897,53.43
14898,53.43
14899,53.43
14900,53.43
14901,53.43
14902,53.43
14903,53.43
14904,53.43
14905,53.43
14906,53.43
14907,53.43
14908,53.43
14909,53.43
14910,53.43
14911,53.43
14912,53.43
14913,53.43
14914,53.43
14915,53.43
14916,53.43
14917,69.093
14918,69.093
14919,69.093
14920,69.093
14921,69.093
14922,69.093
14923,69.093
14924,69.093
14925,69.093
14926,69.093
14927,69.093
14928,69.093
14929,69.093
14930,69.093
14931,69.093
14932,69.093
14933,69.093
14934,69.093
14935,69.093
14936,69.093
14937,80.368
14938,80.368
14939,80.368
14940,80.368
14941,80.368
14942,80.368
14943,80.368
14944,80.368
14945,80.368
14946,80.368
14947,80.368
14948,80.368
14949,80.368
14950,80.368
14951,80.368
14952,80.368
14953,80.368
14954,80.368
14955,80.368
14956,80.368
14957,58.154
14958,58.154
14959,58.154
14960,58.154
14961,58.154
14962,58.154
14963,58.154
14964,58.154
14965,58.154
14966,58.154
14967,58.154
14968,58.154
14969,58.154
14970,58.154
14971,58.154
14972,58.154
14973,58.154
14974,58.154
14975,58.154
14976,58.154
14977,53.758
14978,53.758
14979,53.758
14980,53.758
14981,53.758
14982,53.758
14983,53.758
14984,53.758
14985,53.758
14986,53.758
14987,53.758
14988,53.758
14989,53.758
14990,53.758
14991,53.758
14992,53.758
14993,53.758
14994,53.758
14995,53.758
14996,53.758
14997,52.884
14998,52.884
14999,52.884
15000,52.884
15001,52.884
15002,52.884
15003,52.884
15004,52.884
15005,52.884
15006,52.884
15007,52.884
15008,52.884
15009,52.884
15010,52.884
15011,52.884
15012,52.884
15013,52.884
15014,52.884
15015,52.884
15016,52.884
15017,95.703
15018,95.703
15019,95.703
15020,95.703
15021,95.703
15022,95.703
15023,95.703
15024,95.703
15025,95.703
15026,95.703
15027,95.703
15028,95.703
15029,95.703
15030,95.703
15031,95.703
15032,95.703
15033,95.703
15034,95.703
15035,95.703
15036,95.703
15037,61.129
15038,61.129
15039,61.129
15040,61.129
15041,61.129
15042,61.129
15043,61.129
15044,61.129
15045,61.129
15046,61.129
15047,61.129
15048,61.129
15049,61.129
15050,61.129
15051,61.129
15052,61.129
15053,61.129
15054,61.129
15055,61.129
15056,61.129
15057,61.129
15058,61.129
15059,61.129
15060,54.423
15061,54.423
15062,54.423
15063,54.423
15064,54.423
15065,54.423
15066,54.423
15067,54.423
15068,54.423
15069,54.423
15070,54.423
15071,54.423
15072,54.423
15073,54.423
15074,54.423
15075,54.423
15076,54.423
15077,54.423
15078,52.938
15079,52.938
15080,52.938
15081,52.938
15082,52.938
15083,52.938
15084,52.938
15085,52.938
15086,52.938
15087,52.938
15088,52.938
15089,52.938
15090,52.938
15091,52.938
15092,52.938
15093,52.938
15094,52.938
15095,52.938
15096,52.938
15097,52.938
15098,87.122
15099,87.122
15100,87.122
15101,87.122
15102,87.122
15103,87.122
15104,87.122
15105,87.122
15106,87.122
15107,87.122
15108,87.122
15109,87.122
15110,87.122
15111,87.122
15112,87.122
15113,87.122
15114,87.122
15115,87.122
15116,87.122
15117,87.122
15118,69.093
15119,69.093
15120,69.093
15121,69.093
15122,69.093
15123,69.093
15124,69.093
15125,69.093
15126,69.093
15127,69.093
15128,69.093
15129,69.093
15130,69.093
15131,69.093
15132,69.093
15133,69.093
15134,69.093
15135,69.093
15136,69.093
15137,69.093
15138,56.124
15139,56.124
15140,56.124
15141,56.124
15142,56.124
15143,56.124
15144,56.124
15145,56.124
15146,56.124
15147,56.124
15148,56.124
15149,56.124
15150,56.124
15151,56.124
15152,56.124
15153,56.124
15154,56.124
15155,56.124
15156,56.124
15157,56.124
15158,53.157
15159,53.157
15160,53.157
15161,53.157
15162,53.157
15163,53.157
15164,53.157
15165,53.157
15166,53.157
15167,53.157
15168,53.157
15169,53.157
15170,53.157
15171,53.157
15172,53.157
15173,53.157
15174,53.157
15175,53.157
15176,53.157
15177,53.157
15178,67.937
15179,67.937
15180,67.937
15181,67.937
15182,67.937
15183,67.937
15184,67.937
15185,67.937
15186,67.937
15187,67.937
15188,67.937
15189,67.937
15190,67.937
15191,67.937
15192,67.937
15193,67.937
15194,67.937
15195,67.937
15196,67.937
15197,67.937
15198,78.957
15199,78.957
15200,78.957
15201,78.957
15202,78.957
15203,78.957
15204,78.957
15205,78.957
15206,78.957
15207,78.957
15208,78.957
15209,78.957
15210,78.957
15211,78.957
15212,78.957
15213,78.957
15214,78.957
15215,78.957
15216,78.957
15217,78.957
15218,58.214
15219,58.214
15220,58.214
15221,58.214
15222,58.214
15223,58.214
15224,58.214
15225,58.214
15226,58.214
15227,58.214
15228,58.214
15229,58.214
15230,58.214
15231,58.214
15232,58.214
15233,58.214
15234,58.214
15235,58.214
15236,58.214
15237,58.214
15238,53.813
15239,53.813
15240,53.813
15241,53.813
15242,53.813
15243,53.813
15244,53.813
15245,53.813
15246,53.813
15247,53.813
15248,53.813
15249,53.813
15250,53.813
15251,53.813
15252,53.813
15253,53.813
15254,53.813
15255,53.813
15256,53.813
15257,53.813
15258,53.813
15259,52.938
15260,52.938
15261,52.938
15262,52.938
15263,52.938
15264,52.938
15265,52.938
15266,52.938
15267,52.938
15268,52.938
15269,52.938
15270,52.938
15271,52.938
15272,52.938
15273,52.938
15274,52.938
15275,52.938
15276,52.938
15277,52.938
15278,52.938
15279,92.276
15280,92.276
15281,92.276
15282,92.276
15283,92.276
15284,92.276
15285,92.276
15286,92.276
15287,92.276
15288,92.276
15289,92.276
15290,92.276
15291,92.276
15292,92.276
15293,92.276
15294,92.276
15295,92.276
15296,92.276
15297,92.276
15298,92.276
15299,60.582
15300,60.582
15301,60.582
15302,60.582
15303,60.582
15304,60.582
15305,60.582
15306,60.582
15307,60.582
15308,60.582
15309,60.582
15310,60.582
15311,60.582
15312,60.582
15313,60.582
15314,60.582
15315,60.582
15316,60.582
15317,60.582
15318,60.582
15319,54.423
15320,54.423
15321,54.423
15322,54.423
15323,54.423
15324,54.423
15325,54.423
15326,54.423
15327,54.423
15328,54.423
15329,54.423
15330,54.423
15331,54.423
15332,54.423
15333,54.423
15334,54.423
15335,54.423
15336,54.423
15337,54.423
15338,54.423
15339,53.211
15340,53.211
15341,53.211
15342,53.211
15343,53.211
15344,53.211
15345,53.211
15346,53.211
15347,53.211
15348,53.211
15349,53.211
15350,53.211
15351,53.211
15352,53.211
15353,53.211
15354,53.211
15355,53.211
15356,53.211
15357,53.211
15358,53.211
15359,97.787
15360,97.787
15361,97.787
15362,97.787
15363,97.787
15364,97.787
15365,97.787
15366,97.787
15367,97.787
15368,97.787
15369,97.787
15370,97.787
15371,97.787
15372,97.787
15373,97.787
15374,97.787
15375,97.787
15376,97.787
15377,97.787
15378,97.787
15379,62.612
15380,62.612
15381,62.612
15382,62.612
15383,62.612
15384,62.612
15385,62.612
15386,62.612
15387,62.612
15388,62.612
15389,62.612
15390,62.612
15391,62.612
15392,62.612
15393,62.612
15394,62.612
15395,62.612
15396,62.612
15397,62.612
15398,62.612
15399,54.64
15400,54.64
15401,54.64
15402,54.64
15403,54.64
15404,54.64
15405,54.64
15406,54.64
15407,54.64
15408,54.64
15409,54.64
15410,54.64
15411,54.64
15412,54.64
15413,54.64
15414,54.64
15415,54.64
15416,54.64
15417,54.64
15418,54.64
15419,53.211
15420,53.211
15421,53.211
15422,53.211
15423,53.211
15424,53.211
15425,53.211
15426,53.211
15427,53.211
15428,53.211
15429,53.211
15430,53.211
15431,53.211
15432,53.211
15433,53.211
15434,53.211
15435,53.211
15436,53.211
15437,53.211
15438,53.211
15439,91.244
15440,91.244
15441,91.244
15442,91.244
15443,91.244
15444,91.244
15445,91.244
15446,91.244
15447,91.244
15448,91.244
15449,91.244
15450,91.244
15451,91.244
15452,91.244
15453,91.244
15454,91.244
15455,91.244
15456,91.244
15457,91.244
15458,91.244
15459,91.244
15460,91.244
15461,91.244
15462,64.763
15463,64.763
15464,64.763
15465,64.763
15466,64.763
15467,64.763
15468,64.763
15469,64.763
15470,64.763
15471,64.763
15472,64.763
15473,64.763
15474,64.763
15475,64.763
15476,64.763
15477,64.763
15478,64.763
15479,64.763
15480,55.298
15481,55.298
15482,55.298
15483,55.298
15484,55.298
15485,55.298
15486,55.298
15487,55.298
15488,55.298
15489,55.298
15490,55.298
15491,55.298
15492,55.298
15493,55.298
15494,55.298
15495,55.298
15496,55.298
15497,55.298
15498,55.298
15499,55.298
15500,53.211
15501,53.211
15502,53.211
15503,53.211
15504,53.211
15505,53.211
15506,53.211
15507,53.211
15508,53.211
15509,53.211
15510,53.211
15511,53.211
15512,53.211
15513,53.211
15514,53.211
15515,53.211
15516,53.211
15517,53.211
15518,53.211
15519,53.211
15520,78.548
15521,78.548
15522,78.548
15523,78.548
15524,78.548
15525,78.548
15526,78.548
15527,78.548
15528,78.548
15529,78.548
15530,78.548
15531,78.548
15532,78.548
15533,78.548
15534,78.548
15535,78.548
15536,78.548
15537,78.548
15538,78.548
15539,78.548
15540,70.985
15541,70.985
15542,70.985
15543,70.985
15544,70.985
15545,70.985
15546,70.985
15547,70.985
15548,70.985
15549,70.985
15550,70.985
15551,70.985
15552,70.985
15553,70.985
15554,70.985
15555,70.985
15556,70.985
15557,70.985
15558,70.985
15559,70.985
15560,56.455
15561,56.455
15562,56.455
15563,56.455
15564,56.455
15565,56.455
15566,56.455
15567,56.455
15568,56.455
15569,56.455
15570,56.455
15571,56.455
15572,56.455
15573,56.455
15574,56.455
15575,56.455
15576,56.455
15577,56.455
15578,56.455
15579,56.455
15580,53.157
15581,53.157
15582,53.157
15583,53.157
15584,53.157
15585,53.157
15586,53.157
15587,53.157
15588,53.157
15589,53.157
15590,53.157
15591,53.157
15592,53.157
15593,53.157
15594,53.157
15595,53.157
15596,53.157
15597,53.157
15598,53.157
15599,53.157
15600,74.229
15601,74.229
15602,74.229
15603,74.229
15604,74.229
15605,74.229
15606,74.229
15607,74.229
15608,74.229
15609,74.229
15610,74.229
15611,74.229
15612,74.229
15613,74.229
15614,74.229
15615,74.229
15616,74.229
15617,74.229
15618,74.229
15619,74.229
15620,75.035
15621,75.035
15622,75.035
15623,75.035
15624,75.035
15625,75.035
15626,75.035
15627,75.035
15628,75.035
15629,75.035
15630,75.035
15631,75.035
15632,75.035
15633,75.035
15634,75.035
15635,75.035
15636,75.035
15637,75.035
15638,75.035
15639,75.035
15640,57.065
15641,57.065
15642,57.065
15643,57.065
15644,57.065
15645,57.065
15646,57.065
15647,57.065
15648,57.065
15649,57.065
15650,57.065
15651,57.065
15652,57.065
15653,57.065
15654,57.065
15655,57.065
15656,57.065
15657,57.065
15658,57.065
15659,57.065
15660,57.065
15661,57.065
15662,57.065
15663,53.485
15664,53.485
15665,53.485
15666,53.485
15667,53.485
15668,53.485
15669,53.485
15670,53.485
15671,53.485
15672,53.485
15673,53.485
15674,53.485
15675,53.485
15676,53.485
15677,53.485
15678,53.485
15679,53.485
15680,53.157
15681,53.157
15682,53.157
15683,53.157
15684,53.157
15685,53.157
15686,53.157
15687,53.157
15688,53.157
15689,53.157
15690,53.157
15691,53.157
15692,53.157
15693,53.157
15694,53.157
15695,53.157
15696,53.157
15697,53.157
15698,53.157
15699,53.157
15700,83.608
15701,83.608
15702,83.608
15703,83.608
15704,83.608
15705,83.608
15706,83.608
15707,83.608
15708,83.608
15709,83.608
15710,83.608
15711,83.608
15712,83.608
15713,83.608
15714,83.608
15715,83.608
15716,83.608
15717,83.608
15718,83.608
15719,83.608
15720,83.608
15721,59.091
15722,59.091
15723,59.091
15724,59.091
15725,59.091
15726,59.091
15727,59.091
15728,59.091
15729,59.091
15730,59.091
15731,59.091
15732,59.091
15733,59.091
15734,59.091
15735,59.091
15736,59.091
15737,59.091
15738,59.091
15739,59.091
15740,59.091
15741,53.758
15742,53.758
15743,53.758
15744,53.758
15745,53.758
15746,53.758
15747,53.758
15748,53.758
15749,53.758
15750,53.758
15751,53.758
15752,53.758
15753,53.758
15754,53.758
15755,53.758
15756,53.758
15757,53.758
15758,53.758
15759,53.758
15760,53.758
15761,52.884
15762,52.884
15763,52.884
15764,52.884
15765,52.884
15766,52.884
15767,52.884
15768,52.884
15769,52.884
15770,52.884
15771,52.884
15772,52.884
15773,52.884
15774,52.884
15775,52.884
15776,52.884
15777,52.884
15778,52.884
15779,52.884
15780,52.884
15781,88.886
15782,88.886
15783,88.886
15784,88.886
15785,88.886
15786,88.886
15787,88.886
15788,88.886
15789,88.886
15790,88.886
15791,88.886
15792,88.886
15793,88.886
15794,88.886
15795,88.886
15796,88.886
15797,88.886
15798,88.886
15799,88.886
15800,88.886
15801,59.973
15802,59.973
15803,59.973
15804,59.973
15805,59.973
15806,59.973
15807,59.973
15808,59.973
15809,59.973
15810,59.973
15811,59.973
15812,59.973
15813,59.973
15814,59.973
15815,59.973
15816,59.973
15817,59.973
15818,59.973
15819,59.973
15820,59.973
15821,54.031
15822,54.031
15823,54.031
15824,54.031
15825,54.031
15826,54.031
15827,54.031
15828,54.031
15829,54.031
15830,54.031
15831,54.031
15832,54.031
15833,54.031
15834,54.031
15835,54.031
15836,54.031
15837,54.031
15838,54.031
15839,54.031
15840,54.031
15841,52.884
15842,52.884
15843,52.884
15844,52.884
15845,52.884
15846,52.884
15847,52.884
15848,52.884
15849,52.884
15850,52.884
15851,52.884
15852,52.884
15853,52.884
15854,52.884
15855,52.884
15856,52.884
15857,52.884
15858,52.884
15859,52.884
15860,52.884
15861,52.884
15862,76.518
15863,76.518
15864,76.518
15865,76.518
15866,76.518
15867,76.518
15868,76.518
15869,76.518
15870,76.518
15871,76.518
15872,76.518
15873,76.518
15874,76.518
15875,76.518
15876,76.518
15877,76.518
15878,76.518
15879,76.518
15880,76.518
15881,57.607
15882,57.607
15883,57.607
15884,57.607
15885,57.607
15886,57.607
15887,57.607
15888,57.607
15889,57.607
15890,57.607
15891,57.607
15892,57.607
15893,57.607
15894,57.607
15895,57.607
15896,57.607
15897,57.607
15898,57.607
15899,57.607
15900,57.607
15901,53.703
15902,53.703
15903,53.703
15904,53.703
15905,53.703
15906,53.703
15907,53.703
15908,53.703
15909,53.703
15910,53.703
15911,53.703
15912,53.703
15913,53.703
15914,53.703
15915,53.703
15916,53.703
15917,53.703
15918,53.703
15919,53.703
15920,53.703
15921,53.703
15922,52.884
15923,52.884
15924,52.884
15925,52.884
15926,52.884
15927,52.884
15928,52.884
15929,52.884
15930,52.884
15931,52.884
15932,52.884
15933,52.884
15934,52.884
15935,52.884
15936,52.884
15937,52.884
15938,52.884
15939,52.884
15940,52.884
15941,52.884
15942,74.623
15943,74.623
15944,74.623
15945,74.623
15946,74.623
15947,74.623
15948,74.623
15949,74.623
15950,74.623
15951,74.623
15952,74.623
15953,74.623
15954,74.623
15955,74.623
15956,74.623
15957,74.623
15958,74.623
15959,74.623
15960,74.623
15961,74.623
15962,56.948
15963,56.948
15964,56.948
15965,56.948
15966,56.948
15967,56.948
15968,56.948
15969,56.948
15970,56.948
15971,56.948
15972,56.948
15973,56.948
15974,56.948
15975,56.948
15976,56.948
15977,56.948
15978,56.948
15979,56.948
15980,56.948
15981,56.948
15982,53.43
15983,53.43
15984,53.43
15985,53.43
15986,53.43
15987,53.43
15988,53.43
15989,53.43
15990,53.43
15991,53.43
15992,53.43
15993,53.43
15994,53.43
15995,53.43
15996,53.43
15997,53.43
15998,53.43
15999,53.43
16000,53.43
16001,53.43
16002,52.884
16003,52.884
16004,52.884
16005,52.884
16006,52.884
16007,52.884
16008,52.884
16009,52.884
16010,52.884
16011,52.884
16012,52.884
16013,52.884
16014,52.884
16015,52.884
16016,52.884
16017,52.884
16018,52.884
16019,52.884
16020,52.884
16021,52.884
16022,73.27
16023,73.27
16024,73.27
16025,73.27
16026,73.27
16027,73.27
16028,73.27
16029,73.27
16030,73.27
16031,73.27
16032,73.27
16033,73.27
16034,73.27
16035,73.27
16036,73.27
16037,73.27
16038,73.27
16039,73.27
16040,73.27
16041,73.27
16042,56.725
16043,56.725
16044,56.725
16045,56.725
16046,56.725
16047,56.725
16048,56.725
16049,56.725
16050,56.725
16051,56.725
16052,56.725
16053,56.725
16054,56.725
16055,56.725
16056,56.725
16057,56.725
16058,56.725
16059,56.725
16060,56.725
16061,56.725
16062,56.725
16063,56.725
16064,56.725
16065,53.43
16066,53.43
16067,53.43
16068,53.43
16069,53.43
16070,53.43
16071,53.43
16072,53.43
16073,53.43
16074,53.43
16075,53.43
16076,53.43
16077,53.43
16078,53.43
16079,53.43
16080,53.43
16081,53.43
16082,53.43
16083,52.884
16084,52.884
16085,52.884
16086,52.884
16087,52.884
16088,52.884
16089,52.884
16090,52.884
16091,52.884
16092,52.884
16093,52.884
16094,52.884
16095,52.884
16096,52.884
16097,52.884
16098,52.884
16099,52.884
16100,52.884
16101,52.884
16102,52.884
16103,69.429
16104,69.429
16105,69.429
16106,69.429
16107,69.429
16108,69.429
16109,69.429
16110,69.429
16111,69.429
16112,69.429
16113,69.429
16114,69.429
16115,69.429
16116,69.429
16117,69.429
16118,69.429
16119,69.429
16120,69.429
16121,69.429
16122,69.429
16123,56.124
16124,56.124
16125,56.124
16126,56.124
16127,56.124
16128,56.124
16129,56.124
16130,56.124
16131,56.124
16132,56.124
16133,56.124
16134,56.124
16135,56.124
16136,56.124
16137,56.124
16138,56.124
16139,56.124
16140,56.124
16141,56.124
16142,56.124
16143,53.157
16144,53.157
16145,53.157
16146,53.157
16147,53.157
16148,53.157
16149,53.157
16150,53.157
16151,53.157
16152,53.157
16153,53.157
16154,53.157
16155,53.157
16156,53.157
16157,53.157
16158,53.157
16159,53.157
16160,53.157
16161,53.157
16162,53.157
16163,54.97
16164,54.97
16165,54.97
16166,54.97
16167,54.97
16168,54.97
16169,54.97
16170,54.97
16171,54.97
16172,54.97
16173,54.97
16174,54.97
16175,54.97
16176,54.97
16177,54.97
16178,54.97
16179,54.97
16180,54.97
16181,54.97
16182,54.97
16183,56.783
16184,56.783
16185,56.783
16186,56.783
16187,56.783
16188,56.783
16189,56.783
16190,56.783
16191,56.783
16192,56.783
16193,56.783
16194,56.783
16195,56.783
16196,56.783
16197,56.783
16198,56.783
16199,56.783
16200,56.783
16201,56.783
16202,56.783
16203,73.345
16204,73.345
16205,73.345
16206,73.345
16207,73.345
16208,73.345
16209,73.345
16210,73.345
16211,73.345
16212,73.345
16213,73.345
16214,73.345
16215,73.345
16216,73.345
16217,73.345
16218,73.345
16219,73.345
16220,73.345
16221,73.345
16222,73.345
16223,56.725
16224,56.725
16225,56.725
16226,56.725
16227,56.725
16228,56.725
16229,56.725
16230,56.725
16231,56.725
16232,56.725
16233,56.725
16234,56.725
16235,56.725
16236,56.725
16237,56.725
16238,56.725
16239,56.725
16240,56.725
16241,56.725
16242,56.725
16243,53.43
16244,53.43
16245,53.43
16246,53.43
16247,53.43
16248,53.43
16249,53.43
16250,53.43
16251,53.43
16252,53.43
16253,53.43
16254,53.43
16255,53.43
16256,53.43
16257,53.43
16258,53.43
16259,53.43
16260,53.43
16261,53.43
16262,53.43
16263,53.43
16264,53.43
16265,52.548
16266,52.548
16267,52.548
16268,52.548
16269,52.548
16270,52.548
16271,52.548
16272,52.548
16273,52.548
16274,52.548
16275,52.548
16276,52.548
16277,52.548
16278,52.548
16279,52.548
16280,52.548
16281,52.548
16282,52.548
16283,52.548
16284,88.886
16285,88.886
16286,88.886
16287,88.886
16288,88.886
16289,88.886
16290,88.886
16291,88.886
16292,88.886
16293,88.886
16294,88.886
16295,88.886
16296,88.886
16297,88.886
16298,88.886
16299,88.886
16300,88.886
16301,88.886
16302,88.886
16303,88.886
16304,61.129
16305,61.129
16306,61.129
16307,61.129
16308,61.129
16309,61.129
16310,61.129
16311,61.129
16312,61.129
16313,61.129
16314,61.129
16315,61.129
16316,61.129
16317,61.129
16318,61.129
16319,61.129
16320,61.129
16321,61.129
16322,61.129
16323,61.129
16324,54.367
16325,54.367
16326,54.367
16327,54.367
16328,54.367
16329,54.367
16330,54.367
16331,54.367
16332,54.367
16333,54.367
16334,54.367
16335,54.367
16336,54.367
16337,54.367
16338,54.367
16339,54.367
16340,54.367
16341,54.367
16342,54.367
16343,54.367
16344,52.884
16345,52.884
16346,52.884
16347,52.884
16348,52.884
16349,52.884
16350,52.884
16351,52.884
16352,52.884
16353,52.884
16354,52.884
16355,52.884
16356,52.884
16357,52.884
16358,52.884
16359,52.884
16360,52.884
16361,52.884
16362,52.884
16363,52.884
16364,82.482
16365,82.482
16366,82.482
16367,82.482
16368,82.482
16369,82.482
16370,82.482
16371,82.482
16372,82.482
16373,82.482
16374,82.482
16375,82.482
16376,82.482
16377,82.482
16378,82.482
16379,82.482
16380,82.482
16381,82.482
16382,82.482
16383,82.482
16384,63.278
16385,63.278
16386,63.278
16387,63.278
16388,63.278
16389,63.278
16390,63.278
16391,63.278
16392,63.278
16393,63.278
16394,63.278
16395,63.278
16396,63.278
16397,63.278
16398,63.278
16399,63.278
16400,63.278
16401,63.278
16402,63.278
16403,63.278
16404,54.97
16405,54.97
16406,54.97
16407,54.97
16408,54.97
16409,54.97
16410,54.97
16411,54.97
16412,54.97
16413,54.97
16414,54.97
16415,54.97
16416,54.97
16417,54.97
16418,54.97
16419,54.97
16420,54.97
16421,54.97
16422,54.97
16423,54.97
16424,52.938
16425,52.938
16426,52.938
16427,52.938
16428,52.938
16429,52.938
16430,52.938
16431,52.938
16432,52.938
16433,52.938
16434,52.938
16435,52.938
16436,52.938
16437,52.938
16438,52.938
16439,52.938
16440,52.938
16441,52.938
16442,52.938
16443,52.938
16444,80.997
16445,80.997
16446,80.997
16447,80.997
16448,80.997
16449,80.997
16450,80.997
16451,80.997
16452,80.997
16453,80.997
16454,80.997
16455,80.997
16456,80.997
16457,80.997
16458,80.997
16459,80.997
16460,80.997
16461,80.997
16462,80.997
16463,80.997
16464,80.997
16465,63.278
16466,63.278
16467,63.278
16468,63.278
16469,63.278
16470,63.278
16471,63.278
16472,63.278
16473,63.278
16474,63.278
16475,63.278
16476,63.278
16477,63.278
16478,63.278
16479,63.278
16480,63.278
16481,63.278
16482,63.278
16483,63.278
16484,54.97
16485,54.97
16486,54.97
16487,54.97
16488,54.97
16489,54.97
16490,54.97
16491,54.97
16492,54.97
16493,54.97
16494,54.97
16495,54.97
16496,54.97
16497,54.97
16498,54.97
16499,54.97
16500,54.97
16501,54.97
16502,54.97
16503,54.97
16504,53.211
16505,53.211
16506,53.211
16507,53.211
16508,53.211
16509,53.211
16510,53.211
16511,53.211
16512,53.211
16513,53.211
16514,53.211
16515,53.211
16516,53.211
16517,53.211
16518,53.211
16519,53.211
16520,53.211
16521,53.211
16522,53.211
16523,53.211
16524,53.211
16525,66.248
16526,66.248
16527,66.248
16528,66.248
16529,66.248
16530,66.248
16531,66.248
16532,66.248
16533,66.248
16534,66.248
16535,66.248
16536,66.248
16537,66.248
16538,66.248
16539,66.248
16540,66.248
16541,66.248
16542,66.248
16543,66.248
16544,66.248
16545,63.278
16546,63.278
16547,63.278
16548,63.278
16549,63.278
16550,63.278
16551,63.278
16552,63.278
16553,63.278
16554,63.278
16555,63.278
16556,63.278
16557,63.278
16558,63.278
16559,63.278
16560,63.278
16561,63.278
16562,63.278
16563,63.278
16564,63.278
16565,54.696
16566,54.696
16567,54.696
16568,54.696
16569,54.696
16570,54.696
16571,54.696
16572,54.696
16573,54.696
16574,54.696
16575,54.696
16576,54.696
16577,54.696
16578,54.696
16579,54.696
16580,54.696
16581,54.696
16582,54.696
16583,54.696
16584,54.696
16585,52.938
16586,52.938
16587,52.938
16588,52.938
16589,52.938
16590,52.938
16591,52.938
16592,52.938
16593,52.938
16594,52.938
16595,52.938
16596,52.938
16597,52.938
16598,52.938
16599,52.938
16600,52.938
16601,52.938
16602,52.938
16603,52.938
16604,52.938
16605,73.017
16606,73.017
16607,73.017
16608,73.017
16609,73.017
16610,73.017
16611,73.017
16612,73.017
16613,73.017
16614,73.017
16615,73.017
16616,73.017
16617,73.017
16618,73.017
16619,73.017
16620,73.017
16621,73.017
16622,73.017
16623,73.017
16624,73.017
16625,61.191
16626,61.191
16627,61.191
16628,61.191
16629,61.191
16630,61.191
16631,61.191
16632,61.191
16633,61.191
16634,61.191
16635,61.191
16636,61.191
16637,61.191
16638,61.191
16639,61.191
16640,61.191
16641,61.191
16642,61.191
16643,61.191
16644,61.191
16645,54.423
16646,54.423
16647,54.423
16648,54.423
16649,54.423
16650,54.423
16651,54.423
16652,54.423
16653,54.423
16654,54.423
16655,54.423
16656,54.423
16657,54.423
16658,54.423
16659,54.423
16660,54.423
16661,54.423
16662,54.423
16663,54.423
16664,54.423
16665,54.423
16666,54.423
16667,52.938
16668,52.938
16669,52.938
16670,52.938
16671,52.938
16672,52.938
16673,52.938
16674,52.938
16675,52.938
16676,52.938
16677,52.938
16678,52.938
16679,52.938
16680,52.938
16681,52.938
16682,52.938
16683,52.938
16684,52.938
16685,80.997
16686,80.997
16687,80.997
16688,80.997
16689,80.997
16690,80.997
16691,80.997
16692,80.997
16693,80.997
16694,80.997
16695,80.997
16696,80.997
16697,80.997
16698,80.997
16699,80.997
16700,80.997
16701,80.997
16702,80.997
16703,80.997
16704,80.997
16705,58.823
16706,58.823
16707,58.823
16708,58.823
16709,58.823
16710,58.823
16711,58.823
16712,58.823
16713,58.823
16714,58.823
16715,58.823
16716,58.823
16717,58.823
16718,58.823
16719,58.823
16720,58.823
16721,58.823
16722,58.823
16723,58.823
16724,58.823
16725,58.823
16726,53.758
16727,53.758
16728,53.758
16729,53.758
16730,53.758
16731,53.758
16732,53.758
16733,53.758
16734,53.758
16735,53.758
16736,53.758
16737,53.758
16738,53.758
16739,53.758
16740,53.758
16741,53.758
16742,53.758
16743,53.758
16744,53.758
16745,53.758
16746,52.602
16747,52.602
16748,52.602
16749,52.602
16750,52.602
16751,52.602
16752,52.602
16753,52.602
16754,52.602
16755,52.602
16756,52.602
16757,52.602
16758,52.602
16759,52.602
16760,52.602
16761,52.602
16762,52.602
16763,52.602
16764,52.602
16765,52.602
16766,74.426
16767,74.426
16768,74.426
16769,74.426
16770,74.426
16771,74.426
16772,74.426
16773,74.426
16774,74.426
16775,74.426
16776,74.426
16777,74.426
16778,74.426
16779,74.426
16780,74.426
16781,74.426
16782,74.426
16783,74.426
16784,74.426
16785,74.426
16786,57.006
16787,57.006
16788,57.006
16789,57.006
16790,57.006
16791,57.006
16792,57.006
16793,57.006
16794,57.006
16795,57.006
16796,57.006
16797,57.006
16798,57.006
16799,57.006
16800,57.006
16801,57.006
16802,57.006
16803,57.006
16804,57.006
16805,57.006
16806,53.485
16807,53.485
16808,53.485
16809,53.485
16810,53.485
16811,53.485
16812,53.485
16813,53.485
16814,53.485
16815,53.485
16816,53.485
16817,53.485
16818,53.485
16819,53.485
16820,53.485
16821,53.485
16822,53.485
16823,53.485
16824,53.485
16825,53.485
16826,52.938
16827,52.938
16828,52.938
16829,52.938
16830,52.938
16831,52.938
16832,52.938
16833,52.938
16834,52.938
16835,52.938
16836,52.938
16837,52.938
16838,52.938
16839,52.938
16840,52.938
16841,52.938
16842,52.938
16843,52.938
16844,52.938
16845,52.938
16846,68.546
16847,68.546
16848,68.546
16849,68.546
16850,68.546
16851,68.546
16852,68.546
16853,68.546
16854,68.546
16855,68.546
16856,68.546
16857,68.546
16858,68.546
16859,68.546
16860,68.546
16861,68.546
16862,68.546
16863,68.546
16864,68.546
16865,68.546
16866,68.546
16867,55.796
16868,55.796
16869,55.796
16870,55.796
16871,55.796
16872,55.796
16873,55.796
16874,55.796
16875,55.796
16876,55.796
16877,55.796
16878,55.796
16879,55.796
16880,55.796
16881,55.796
16882,55.796
16883,55.796
16884,55.796
16885,55.796
16886,53.157
16887,53.157
16888,53.157
16889,53.157
16890,53.157
16891,53.157
16892,53.157
16893,53.157
16894,53.157
16895,53.157
16896,53.157
16897,53.157
16898,53.157
16899,53.157
16900,53.157
16901,53.157
16902,53.157
16903,53.157
16904,53.157
16905,53.157
16906,54.914
16907,54.914
16908,54.914
16909,54.914
16910,54.914
16911,54.914
16912,54.914
16913,54.914
16914,54.914
16915,54.914
16916,54.914
16917,54.914
16918,54.914
16919,54.914
16920,54.914
16921,54.914
16922,54.914
16923,54.914
16924,54.914
16925,54.914
16926,63.214
16927,63.214
16928,63.214
16929,63.214
16930,63.214
16931,63.214
16932,63.214
16933,63.214
16934,63.214
16935,63.214
16936,63.214
16937,63.214
16938,63.214
16939,63.214
16940,63.214
16941,63.214
16942,63.214
16943,63.214
16944,63.214
16945,63.214
16946,63.214
16947,54.64
16948,54.64
16949,54.64
16950,54.64
16951,54.64
16952,54.64
16953,54.64
16954,54.64
16955,54.64
16956,54.64
16957,54.64
16958,54.64
16959,54.64
16960,54.64
16961,54.64
16962,54.64
16963,54.64
16964,54.64
16965,54.64
16966,54.64
16967,52.884
16968,52.884
16969,52.884
16970,52.884
16971,52.884
16972,52.884
16973,52.884
16974,52.884
16975,52.884
16976,52.884
16977,52.884
16978,52.884
16979,52.884
16980,52.884
16981,52.884
16982,52.884
16983,52.884
16984,52.884
16985,52.884
16986,52.884
16987,58.763
16988,58.763
16989,58.763
16990,58.763
16991,58.763
16992,58.763
16993,58.763
16994,58.763
16995,58.763
16996,58.763
16997,58.763
16998,58.763
16999,58.763
17000,58.763
17001,58.763
17002,58.763
17003,58.763
17004,58.763
17005,58.763
17006,58.763
17007,61.129
17008,61.129
17009,61.129
17010,61.129
17011,61.129
17012,61.129
17013,61.129
17014,61.129
17015,61.129
17016,61.129
17017,61.129
17018,61.129
17019,61.129
17020,61.129
17021,61.129
17022,61.129
17023,61.129
17024,61.129
17025,61.129
17026,61.129
17027,54.367
17028,54.367
17029,54.367
17030,54.367
17031,54.367
17032,54.367
17033,54.367
17034,54.367
17035,54.367
17036,54.367
17037,54.367
17038,54.367
17039,54.367
17040,54.367
17041,54.367
17042,54.367
17043,54.367
17044,54.367
17045,54.367
17046,54.367
17047,52.884
17048,52.884
17049,52.884
17050,52.884
17051,52.884
17052,52.884
17053,52.884
17054,52.884
17055,52.884
17056,52.884
17057,52.884
17058,52.884
17059,52.884
17060,52.884
17061,52.884
17062,52.884
17063,52.884
17064,52.884
17065,52.884
17066,52.884
17067,52.884
17068,52.884
17069,70.577
17070,70.577
17071,70.577
17072,70.577
17073,70.577
17074,70.577
17075,70.577
17076,70.577
17077,70.577
17078,70.577
17079,70.577
17080,70.577
17081,70.577
17082,70.577
17083,70.577
17084,70.577
17085,70.577
17086,70.577
17087,59.638
17088,59.638
17089,59.638
17090,59.638
17091,59.638
17092,59.638
17093,59.638
17094,59.638
17095,59.638
17096,59.638
17097,59.638
17098,59.638
17099,59.638
17100,59.638
17101,59.638
17102,59.638
17103,59.638
17104,59.638
17105,59.638
17106,59.638
17107,54.031
17108,54.031
17109,54.031
17110,54.031
17111,54.031
17112,54.031
17113,54.031
17114,54.031
17115,54.031
17116,54.031
17117,54.031
17118,54.031
17119,54.031
17120,54.031
17121,54.031
17122,54.031
17123,54.031
17124,54.031
17125,54.031
17126,54.031
17127,52.884
17128,52.884
17129,52.884
17130,52.884
17131,52.884
17132,52.884
17133,52.884
17134,52.884
17135,52.884
17136,52.884
17137,52.884
17138,52.884
17139,52.884
17140,52.884
17141,52.884
17142,52.884
17143,52.884
17144,52.884
17145,52.884
17146,52.884
17147,54.914
17148,54.914
17149,54.914
17150,54.914
17151,54.914
17152,54.914
17153,54.914
17154,54.914
17155,54.914
17156,54.914
17157,54.914
17158,54.914
17159,54.914
17160,54.914
17161,54.914
17162,54.914
17163,54.914
17164,54.914
17165,54.914
17166,54.914
17167,54.914
17168,61.73
17169,61.73
17170,61.73
17171,61.73
17172,61.73
17173,61.73
17174,61.73
17175,61.73
17176,61.73
17177,61.73
17178,61.73
17179,61.73
17180,61.73
17181,61.73
17182,61.73
17183,61.73
17184,61.73
17185,61.73
17186,61.73
17187,61.73
17188,54.64
17189,54.64
17190,54.64
17191,54.64
17192,54.64
17193,54.64
17194,54.64
17195,54.64
17196,54.64
17197,54.64
17198,54.64
17199,54.64
17200,54.64
17201,54.64
17202,54.64
17203,54.64
17204,54.64
17205,54.64
17206,54.64
17207,54.64
17208,52.884
17209,52.884
17210,52.884
17211,52.884
17212,52.884
17213,52.884
17214,52.884
17215,52.884
17216,52.884
17217,52.884
17218,52.884
17219,52.884
17220,52.884
17221,52.884
17222,52.884
17223,52.884
17224,52.884
17225,52.884
17226,52.884
17227,52.884
17228,63.749
17229,63.749
17230,63.749
17231,63.749
17232,63.749
17233,63.749
17234,63.749
17235,63.749
17236,63.749
17237,63.749
17238,63.749
17239,63.749
17240,63.749
17241,63.749
17242,63.749
17243,63.749
17244,63.749
17245,63.749
17246,63.749
17247,63.749
17248,60.458
17249,60.458
17250,60.458
17251,60.458
17252,60.458
17253,60.458
17254,60.458
17255,60.458
17256,60.458
17257,60.458
17258,60.458
17259,60.458
17260,60.458
17261,60.458
17262,60.458
17263,60.458
17264,60.458
17265,60.458
17266,60.458
17267,60.458
17268,60.458
17269,60.458
17270,53.976
17271,53.976
17272,53.976
17273,53.976
17274,53.976
17275,53.976
17276,53.976
17277,53.976
17278,53.976
17279,53.976
17280,53.976
17281,53.976
17282,53.976
17283,53.976
17284,53.976
17285,53.976
17286,53.976
17287,53.976
17288,52.829
17289,52.829
17290,52.829
17291,52.829
17292,52.829
17293,52.829
17294,52.829
17295,52.829
17296,52.829
17297,52.829
17298,52.829
17299,52.829
17300,52.829
17301,52.829
17302,52.829
17303,52.829
17304,52.829
17305,52.829
17306,52.829
17307,52.829
17308,75.832
17309,75.832
17310,75.832
17311,75.832
17312,75.832
17313,75.832
17314,75.832
17315,75.832
17316,75.832
17317,75.832
17318,75.832
17319,75.832
17320,75.832
17321,75.832
17322,75.832
17323,75.832
17324,75.832
17325,75.832
17326,75.832
17327,75.832
17328,57.221
17329,57.221
17330,57.221
17331,57.221
17332,57.221
17333,57.221
17334,57.221
17335,57.221
17336,57.221
17337,57.221
17338,57.221
17339,57.221
17340,57.221
17341,57.221
17342,57.221
17343,57.221
17344,57.221
17345,57.221
17346,57.221
17347,57.221
17348,53.43
17349,53.43
17350,53.43
17351,53.43
17352,53.43
17353,53.43
17354,53.43
17355,53.43
17356,53.43
17357,53.43
17358,53.43
17359,53.43
17360,53.43
17361,53.43
17362,53.43
17363,53.43
17364,53.43
17365,53.43
17366,53.43
17367,53.43
17368,52.548
17369,52.548
17370,52.548
17371,52.548
17372,52.548
17373,52.548
17374,52.548
17375,52.548
17376,52.548
17377,52.548
17378,52.548
17379,52.548
17380,52.548
17381,52.548
17382,52.548
17383,52.548
17384,52.548
17385,52.548
17386,52.548
17387,52.548
17388,52.548
17389,52.548
17390,52.548
17391,52.548
17392,52.548
17393,52.548
17394,52.548
17395,52.548
17396,52.548
17397,52.548
17398,52.548
17399,52.548
17400,52.548
17401,52.548
17402,52.548
17403,52.548
17404,52.548
17405,52.548
17406,52.548
17407,52.548
17408,52.548
17409,52.548
17410,52.548
17411,52.548
17412,52.548
17413,52.548
17414,52.548
17415,52.548
17416,52.548
17417,52.548
17418,52.548
17419,52.548
17420,52.548
17421,52.548
17422,52.548
17423,52.548
17424,52.548
17425,52.548
17426,52.548
17427,52.548
17428,52.548
17429,52.275
17430,52.275
17431,52.275
17432,52.275
17433,52.275
17434,52.275
17435,52.275
17436,52.275
17437,52.275
17438,52.275
17439,52.275
17440,52.275
17441,52.275
17442,52.275
17443,52.275
17444,52.275
17445,52.275
17446,52.275
17447,52.275
17448,52.275
17449,52.275
17450,52.275
17451,52.275
17452,52.275
17453,52.275
17454,52.275
17455,52.275
17456,52.275
17457,52.275
17458,52.275
17459,52.275
17460,52.275
17461,52.275
17462,52.275
17463,52.275
17464,52.275
17465,52.275
17466,52.275
17467,52.275
17468,52.275
17469,52.275
17470,52.548
17471,52.548
17472,52.548
17473,52.548
17474,52.548
17475,52.548
17476,52.548
17477,52.548
17478,52.548
17479,52.548
17480,52.548
17481,52.548
17482,52.548
17483,52.548
17484,52.548
17485,52.548
17486,52.548
17487,52.548
17488,52.548
17489,52.275
17490,52.275
17491,52.275
17492,52.275
17493,52.275
17494,52.275
17495,52.275
17496,52.275
17497,52.275
17498,52.275
17499,52.275
17500,52.275
17501,52.275
17502,52.275
17503,52.275
17504,52.275
17505,52.275
17506,52.275
17507,52.275
17508,52.275
17509,52.548
17510,52.548
17511,52.548
17512,52.548
17513,52.548
17514,52.548
17515,52.548
17516,52.548
17517,52.548
17518,52.548
17519,52.548
17520,52.548
17521,52.548
17522,52.548
17523,52.548
17524,52.548
17525,52.548
17526,52.548
17527,52.548
17528,52.548
17529,52.275
17530,52.275
17531,52.275
17532,52.275
17533,52.275
17534,52.275
17535,52.275
17536,52.275
17537,52.275
17538,52.275
17539,52.275
17540,52.275
17541,52.275
17542,52.275
17543,52.275
17544,52.275
17545,52.275
17546,52.275
17547,52.275
17548,52.275
17549,93.938
17550,93.938
17551,93.938
17552,93.938
17553,93.938
17554,93.938
17555,93.938
17556,93.938
17557,93.938
17558,93.938
17559,93.938
17560,93.938
17561,93.938
17562,93.938
17563,93.938
17564,93.938
17565,93.938
17566,93.938
17567,93.938
17568,93.938
17569,79.759
17570,79.759
17571,79.759
17572,79.759
17573,79.759
17574,79.759
17575,79.759
17576,79.759
17577,79.759
17578,79.759
17579,79.759
17580,79.759
17581,79.759
17582,79.759
17583,79.759
17584,79.759
17585,79.759
17586,79.759
17587,79.759
17588,79.759
17589,85.092
17590,85.092
17591,85.092
17592,85.092
17593,85.092
17594,85.092
17595,85.092
17596,85.092
17597,85.092
17598,85.092
17599,85.092
17600,85.092
17601,85.092
17602,85.092
17603,85.092
17604,85.092
17605,85.092
17606,85.092
17607,85.092
17608,85.092
17609,98.67
17610,98.67
17611,98.67
17612,98.67
17613,98.67
17614,98.67
17615,98.67
17616,98.67
17617,98.67
17618,98.67
17619,98.67
17620,98.67
17621,98.67
17622,98.67
17623,98.67
17624,98.67
17625,98.67
17626,98.67
17627,98.67
17628,98.67
17629,98.67
17630,101.533
17631,101.533
17632,101.533
17633,101.533
17634,101.533
17635,101.533
17636,101.533
17637,101.533
17638,101.533
17639,101.533
17640,101.533
17641,101.533
17642,101.533
17643,101.533
17644,101.533
17645,101.533
17646,101.533
17647,101.533
17648,101.533
17649,101.533
17650,99.552
17651,99.552
17652,99.552
17653,99.552
17654,99.552
17655,99.552
17656,99.552
17657,99.552
17658,99.552
17659,99.552
17660,99.552
17661,99.552
17662,99.552
17663,99.552
17664,99.552
17665,99.552
17666,99.552
17667,99.552
17668,99.552
17669,99.552
17670,99.552
17671,99.552
17672,99.552
17673,99.552
17674,99.552
17675,99.552
17676,92.455
17677,92.455
17678,92.455
17679,92.455
17680,92.455
17681,92.455
17682,92.455
17683,92.455
17684,92.455
17685,92.455
17686,92.455
17687,92.455
17688,92.455
17689,92.455
17690,92.455
17691,116.097
17692,116.097
17693,116.097
17694,116.097
17695,116.097
17696,116.097
17697,116.097
17698,116.097
17699,116.097
17700,116.097
17701,116.097
17702,116.097
17703,116.097
17704,116.097
17705,116.097
17706,116.097
17707,116.097
17708,116.097
17709,116.097
17710,116.097
17711,132.506
17712,132.506
17713,132.506
17714,132.506
17715,132.506
17716,132.506
17717,132.506
17718,132.506
17719,132.506
17720,132.506
17721,132.506
17722,132.506
17723,132.506
17724,132.506
17725,132.506
17726,132.506
17727,132.506
17728,132.506
17729,132.506
17730,132.506
17731,142.225
17732,142.225
17733,142.225
17734,142.225
17735,142.225
17736,142.225
17737,142.225
17738,142.225
17739,142.225
17740,142.225
17741,142.225
17742,142.225
17743,142.225
17744,142.225
17745,142.225
17746,142.225
17747,142.225
17748,142.225
17749,142.225
17750,142.225
17751,141.071
17752,141.071
17753,141.071
17754,141.071
17755,141.071
17756,141.071
17757,141.071
17758,141.071
17759,141.071
17760,141.071
17761,141.071
17762,141.071
17763,141.071
17764,141.071
17765,141.071
17766,141.071
17767,141.071
17768,141.071
17769,141.071
17770,141.071
17771,127.179
17772,127.179
17773,127.179
17774,127.179
17775,127.179
17776,127.179
17777,127.179
17778,127.179
17779,127.179
17780,127.179
17781,127.179
17782,127.179
17783,127.179
17784,127.179
17785,127.179
17786,127.179
17787,127.179
17788,127.179
17789,127.179
17790,127.179
17791,133.988
17792,133.988
17793,133.988
17794,133.988
17795,133.988
17796,133.988
17797,133.988
17798,133.988
17799,133.988
17800,133.988
17801,133.988
17802,133.988
17803,133.988
17804,133.988
17805,133.988
17806,133.988
17807,133.988
17808,133.988
17809,133.988
17810,133.988
17811,138.565
17812,138.565
17813,138.565
17814,138.565
17815,138.565
17816,138.565
17817,138.565
17818,138.565
17819,138.565
17820,138.565
17821,138.565
17822,138.565
17823,138.565
17824,138.565
17825,138.565
17826,138.565
17827,138.565
17828,138.565
17829,138.565
17830,138.565
17831,143.287
17832,143.287
17833,143.287
17834,143.287
17835,143.287
17836,143.287
17837,143.287
17838,143.287
17839,143.287
17840,143.287
17841,143.287
17842,143.287
17843,143.287
17844,143.287
17845,143.287
17846,143.287
17847,143.287
17848,143.287
17849,143.287
17850,143.287
17851,136.485
17852,136.485
17853,136.485
17854,136.485
17855,136.485
17856,136.485
17857,136.485
17858,136.485
17859,136.485
17860,136.485
17861,136.485
17862,136.485
17863,136.485
17864,136.485
17865,136.485
17866,136.485
17867,136.485
17868,136.485
17869,136.485
17870,136.485
17871,130.89
17872,130.89
17873,130.89
17874,130.89
17875,130.89
17876,130.89
17877,130.89
17878,130.89
17879,130.89
17880,130.89
17881,130.89
17882,130.89
17883,130.89
17884,130.89
17885,130.89
17886,130.89
17887,130.89
17888,130.89
17889,130.89
17890,130.89
17891,137.357
17892,137.357
17893,137.357
17894,137.357
17895,137.357
17896,137.357
17897,137.357
17898,137.357
17899,137.357
17900,137.357
17901,137.357
17902,137.357
17903,137.357
17904,137.357
17905,137.357
17906,137.357
17907,137.357
17908,137.357
17909,137.357
17910,137.357
17911,143.287
17912,143.287
17913,143.287
17914,143.287
17915,143.287
17916,143.287
17917,143.287
17918,143.287
17919,143.287
17920,143.287
17921,143.287
17922,143.287
17923,143.287
17924,143.287
17925,143.287
17926,143.287
17927,143.287
17928,143.287
17929,143.287
17930,143.287
17931,143.287
17932,139.446
17933,139.446
17934,139.446
17935,139.446
17936,139.446
17937,139.446
17938,139.446
17939,139.446
17940,139.446
17941,139.446
17942,139.446
17943,139.446
17944,139.446
17945,139.446
17946,139.446
17947,139.446
17948,139.446
17949,139.446
17950,139.446
17951,139.446
17952,127.376
17953,127.376
17954,127.376
17955,127.376
17956,127.376
17957,127.376
17958,127.376
17959,127.376
17960,127.376
17961,127.376
17962,127.376
17963,127.376
17964,127.376
17965,127.376
17966,127.376
17967,127.376
17968,127.376
17969,127.376
17970,127.376
17971,127.376
17972,134.124
17973,134.124
17974,134.124
17975,134.124
17976,134.124
17977,134.124
17978,134.124
17979,134.124
17980,134.124
17981,134.124
17982,134.124
17983,134.124
17984,134.124
17985,134.124
17986,134.124
17987,134.124
17988,134.124
17989,134.124
17990,134.124
17991,134.124
17992,140.046
17993,140.046
17994,140.046
17995,140.046
17996,140.046
17997,140.046
17998,140.046
17999,140.046
18000,140.046
18001,140.046
18002,140.046
18003,140.046
18004,140.046
18005,140.046
18006,140.046
18007,140.046
18008,140.046
18009,140.046
18010,140.046
18011,140.046
18012,142.679
18013,142.679
18014,142.679
18015,142.679
18016,142.679
18017,142.679
18018,142.679
18019,142.679
18020,142.679
18021,142.679
18022,142.679
18023,142.679
18024,142.679
18025,142.679
18026,142.679
18027,142.679
18028,142.679
18029,142.679
18030,142.679
18031,142.679
18032,133.243
18033,133.243
18034,133.243
18035,133.243
18036,133.243
18037,133.243
18038,133.243
18039,133.243
18040,133.243
18041,133.243
18042,133.243
18043,133.243
18044,133.243
18045,133.243
18046,133.243
18047,133.243
18048,133.243
18049,133.243
18050,133.243
18051,133.243
18052,143.007
18053,143.007
18054,143.007
18055,143.007
18056,143.007
18057,143.007
18058,143.007
18059,143.007
18060,143.007
18061,143.007
18062,143.007
18063,143.007
18064,143.007
18065,143.007
18066,143.007
18067,143.007
18068,143.007
18069,143.007
18070,143.007
18071,143.007
18072,134.261
18073,134.261
18074,134.261
18075,134.261
18076,134.261
18077,134.261
18078,134.261
18079,134.261
18080,134.261
18081,134.261
18082,134.261
18083,134.261
18084,134.261
18085,134.261
18086,134.261
18087,134.261
18088,134.261
18089,134.261
18090,134.261
18091,134.261
18092,134.261
18093,138.707
18094,138.707
18095,138.707
18096,138.707
18097,138.707
18098,138.707
18099,138.707
18100,138.707
18101,138.707
18102,138.707
18103,138.707
18104,138.707
18105,138.707
18106,138.707
18107,138.707
18108,138.707
18109,138.707
18110,138.707
18111,138.707
18112,144.308
18113,144.308
18114,144.308
18115,144.308
18116,144.308
18117,144.308
18118,144.308
18119,144.308
18120,144.308
18121,144.308
18122,144.308
18123,144.308
18124,144.308
18125,144.308
18126,144.308
18127,144.308
18128,144.308
18129,144.308
18130,144.308
18131,144.308
18132,130.878
18133,130.878
18134,130.878
18135,130.878
18136,130.878
18137,130.878
18138,130.878
18139,130.878
18140,130.878
18141,130.878
18142,130.878
18143,130.878
18144,130.878
18145,130.878
18146,130.878
18147,130.878
18148,130.878
18149,130.878
18150,130.878
18151,130.878
18152,130.878
18153,141.215
18154,141.215
18155,141.215
18156,141.215
18157,141.215
18158,141.215
18159,141.215
18160,141.215
18161,141.215
18162,141.215
18163,141.215
18164,141.215
18165,141.215
18166,141.215
18167,141.215
18168,141.215
18169,141.215
18170,141.215
18171,141.215
18172,141.215
18173,137.967
18174,137.967
18175,137.967
18176,137.967
18177,137.967
18178,137.967
18179,137.967
18180,137.967
18181,137.967
18182,137.967
18183,137.967
18184,137.967
18185,137.967
18186,137.967
18187,137.967
18188,137.967
18189,137.967
18190,137.967
18191,137.967
18192,137.967
18193,134.727
18194,134.727
18195,134.727
18196,134.727
18197,134.727
18198,134.727
18199,134.727
18200,134.727
18201,134.727
18202,134.727
18203,134.727
18204,134.727
18205,134.727
18206,134.727
18207,134.727
18208,134.727
18209,134.727
18210,134.727
18211,134.727
18212,134.727
18213,145.666
18214,145.666
18215,145.666
18216,145.666
18217,145.666
18218,145.666
18219,145.666
18220,145.666
18221,145.666
18222,145.666
18223,145.666
18224,145.666
18225,145.666
18226,145.666
18227,145.666
18228,145.666
18229,145.666
18230,145.666
18231,145.666
18232,145.666
18233,131.76
18234,131.76
18235,131.76
18236,131.76
18237,131.76
18238,131.76
18239,131.76
18240,131.76
18241,131.76
18242,131.76
18243,131.76
18244,131.76
18245,131.76
18246,131.76
18247,131.76
18248,131.76
18249,131.76
18250,131.76
18251,131.76
18252,131.76
18253,138.85
18254,138.85
18255,138.85
18256,138.85
18257,138.85
18258,138.85
18259,138.85
18260,138.85
18261,138.85
18262,138.85
18263,138.85
18264,138.85
18265,138.85
18266,138.85
18267,138.85
18268,138.85
18269,138.85
18270,138.85
18271,138.85
18272,138.85
18273,142.699
18274,142.699
18275,142.699
18276,142.699
18277,142.699
18278,142.699
18279,142.699
18280,142.699
18281,142.699
18282,142.699
18283,142.699
18284,142.699
18285,142.699
18286,142.699
18287,142.699
18288,142.699
18289,142.699
18290,142.699
18291,142.699
18292,142.699
18293,132.033
18294,132.033
18295,132.033
18296,132.033
18297,132.033
18298,132.033
18299,132.033
18300,132.033
18301,132.033
18302,132.033
18303,132.033
18304,132.033
18305,132.033
18306,132.033
18307,132.033
18308,132.033
18309,132.033
18310,132.033
18311,132.033
18312,132.033
18313,142.371
18314,142.371
18315,142.371
18316,142.371
18317,142.371
18318,142.371
18319,142.371
18320,142.371
18321,142.371
18322,142.371
18323,142.371
18324,142.371
18325,142.371
18326,142.371
18327,142.371
18328,142.371
18329,142.371
18330,142.371
18331,142.371
18332,142.371
18333,139.732
18334,139.732
18335,139.732
18336,139.732
18337,139.732
18338,139.732
18339,139.732
18340,139.732
18341,139.732
18342,139.732
18343,139.732
18344,139.732
18345,139.732
18346,139.732
18347,139.732
18348,139.732
18349,139.732
18350,139.732
18351,139.732
18352,139.732
18353,136.765
18354,136.765
18355,136.765
18356,136.765
18357,136.765
18358,136.765
18359,136.765
18360,136.765
18361,136.765
18362,136.765
18363,136.765
18364,136.765
18365,136.765
18366,136.765
18367,136.765
18368,136.765
18369,136.765
18370,136.765
18371,136.765
18372,136.765
18373,136.765
18374,146.548
18375,146.548
18376,146.548
18377,146.548
18378,146.548
18379,146.548
18380,146.548
18381,146.548
18382,146.548
18383,146.548
18384,146.548
18385,146.548
18386,146.548
18387,146.548
18388,146.548
18389,146.548
18390,146.548
18391,146.548
18392,146.548
18393,146.548
18394,130.003
18395,130.003
18396,130.003
18397,130.003
18398,130.003
18399,130.003
18400,130.003
18401,130.003
18402,130.003
18403,130.003
18404,130.003
18405,130.003
18406,130.003
18407,130.003
18408,130.003
18409,130.003
18410,130.003
18411,130.003
18412,130.003
18413,130.003
18414,140.005
18415,140.005
18416,140.005
18417,140.005
18418,140.005
18419,140.005
18420,140.005
18421,140.005
18422,140.005
18423,140.005
18424,140.005
18425,140.005
18426,140.005
18427,140.005
18428,140.005
18429,140.005
18430,140.005
18431,140.005
18432,140.005
18433,140.005
18434,142.699
18435,142.699
18436,142.699
18437,142.699
18438,142.699
18439,142.699
18440,142.699
18441,142.699
18442,142.699
18443,142.699
18444,142.699
18445,142.699
18446,142.699
18447,142.699
18448,142.699
18449,142.699
18450,142.699
18451,142.699
18452,142.699
18453,142.699
18454,133.517
18455,133.517
18456,133.517
18457,133.517
18458,133.517
18459,133.517
18460,133.517
18461,133.517
18462,133.517
18463,133.517
18464,133.517
18465,133.517
18466,133.517
18467,133.517
18468,133.517
18469,133.517
18470,133.517
18471,133.517
18472,133.517
18473,133.517
18474,143.581
18475,143.581
18476,143.581
18477,143.581
18478,143.581
18479,143.581
18480,143.581
18481,143.581
18482,143.581
18483,143.581
18484,143.581
18485,143.581
18486,143.581
18487,143.581
18488,143.581
18489,143.581
18490,143.581
18491,143.581
18492,143.581
18493,143.581
18494,135.609
18495,135.609
18496,135.609
18497,135.609
18498,135.609
18499,135.609
18500,135.609
18501,135.609
18502,135.609
18503,135.609
18504,135.609
18505,135.609
18506,135.609
18507,135.609
18508,135.609
18509,135.609
18510,135.609
18511,135.609
18512,135.609
18513,135.609
18514,139.123
18515,139.123
18516,139.123
18517,139.123
18518,139.123
18519,139.123
18520,139.123
18521,139.123
18522,139.123
18523,139.123
18524,139.123
18525,139.123
18526,139.123
18527,139.123
18528,139.123
18529,139.123
18530,139.123
18531,139.123
18532,139.123
18533,139.123
18534,145.666
18535,145.666
18536,145.666
18537,145.666
18538,145.666
18539,145.666
18540,145.666
18541,145.666
18542,145.666
18543,145.666
18544,145.666
18545,145.666
18546,145.666
18547,145.666
18548,145.666
18549,145.666
18550,145.666
18551,145.666
18552,145.666
18553,145.666
18554,145.666
18555,133.845
18556,133.845
18557,133.845
18558,133.845
18559,133.845
18560,133.845
18561,133.845
18562,133.845
18563,133.845
18564,133.845
18565,133.845
18566,133.845
18567,133.845
18568,133.845
18569,133.845
18570,133.845
18571,133.845
18572,133.845
18573,133.845
18574,133.845
18575,140.942
18576,140.942
18577,140.942
18578,140.942
18579,140.942
18580,140.942
18581,140.942
18582,140.942
18583,140.942
18584,140.942
18585,140.942
18586,140.942
18587,140.942
18588,140.942
18589,140.942
18590,140.942
18591,140.942
18592,140.942
18593,140.942
18594,140.942
18595,136.211
18596,136.211
18597,136.211
18598,136.211
18599,136.211
18600,136.211
18601,136.211
18602,136.211
18603,136.211
18604,136.211
18605,136.211
18606,136.211
18607,136.211
18608,136.211
18609,136.211
18610,136.211
18611,136.211
18612,136.211
18613,136.211
18614,136.211
18615,138.576
18616,138.576
18617,138.576
18618,138.576
18619,138.576
18620,138.576
18621,138.576
18622,138.576
18623,138.576
18624,138.576
18625,138.576
18626,138.576
18627,138.576
18628,138.576
18629,138.576
18630,138.576
18631,138.576
18632,138.576
18633,138.576
18634,138.576
18635,143.581
18636,143.581
18637,143.581
18638,143.581
18639,143.581
18640,143.581
18641,143.581
18642,143.581
18643,143.581
18644,143.581
18645,143.581
18646,143.581
18647,143.581
18648,143.581
18649,143.581
18650,143.581
18651,143.581
18652,143.581
18653,143.581
18654,143.581
18655,132.916
18656,132.916
18657,132.916
18658,132.916
18659,132.916
18660,132.916
18661,132.916
18662,132.916
18663,132.916
18664,132.916
18665,132.916
18666,132.916
18667,132.916
18668,132.916
18669,132.916
18670,132.916
18671,132.916
18672,132.916
18673,132.916
18674,132.916
18675,138.248
18676,138.248
18677,138.248
18678,138.248
18679,138.248
18680,138.248
18681,138.248
18682,138.248
18683,138.248
18684,138.248
18685,138.248
18686,138.248
18687,138.248
18688,138.248
18689,138.248
18690,138.248
18691,138.248
18692,138.248
18693,138.248
18694,138.248
18695,135.281
18696,135.281
18697,135.281
18698,135.281
18699,135.281
18700,135.281
18701,135.281
18702,135.281
18703,135.281
18704,135.281
18705,135.281
18706,135.281
18707,135.281
18708,135.281
18709,135.281
18710,135.281
18711,135.281
18712,135.281
18713,135.281
18714,135.281
18715,138.576
18716,138.576
18717,138.576
18718,138.576
18719,138.576
18720,138.576
18721,138.576
18722,138.576
18723,138.576
18724,138.576
18725,138.576
18726,138.576
18727,138.576
18728,138.576
18729,138.576
18730,138.576
18731,138.576
18732,138.576
18733,138.576
18734,138.576
18735,143.3
18736,143.3
18737,143.3
18738,143.3
18739,143.3
18740,143.3
18741,143.3
18742,143.3
18743,143.3
18744,143.3
18745,143.3
18746,143.3
18747,143.3
18748,143.3
18749,143.3
18750,143.3
18751,143.3
18752,143.3
18753,143.3
18754,143.3
18755,135
18756,135
18757,135
18758,135
18759,135
18760,135
18761,135
18762,135
18763,135
18764,135
18765,135
18766,135
18767,135
18768,135
18769,135
18770,135
18771,135
18772,135
18773,135
18774,135
18775,135
18776,144.183
18777,144.183
18778,144.183
18779,144.183
18780,144.183
18781,144.183
18782,144.183
18783,144.183
18784,144.183
18785,144.183
18786,144.183
18787,144.183
18788,144.183
18789,144.183
18790,144.183
18791,144.183
18792,144.183
18793,144.183
18794,144.183
18795,144.183
18796,128.52
18797,128.52
18798,128.52
18799,128.52
18800,128.52
18801,128.52
18802,128.52
18803,128.52
18804,128.52
18805,128.52
18806,128.52
18807,128.52
18808,128.52
18809,128.52
18810,128.52
18811,128.52
18812,128.52
18813,128.52
18814,128.52
18815,128.52
18816,138.576
18817,138.576
18818,138.576
18819,138.576
18820,138.576
18821,138.576
18822,138.576
18823,138.576
18824,138.576
18825,138.576
18826,138.576
18827,138.576
18828,138.576
18829,138.576
18830,138.576
18831,138.576
18832,138.576
18833,138.576
18834,138.576
18835,138.576
18836,137.093
18837,137.093
18838,137.093
18839,137.093
18840,137.093
18841,137.093
18842,137.093
18843,137.093
18844,137.093
18845,137.093
18846,137.093
18847,137.093
18848,137.093
18849,137.093
18850,137.093
18851,137.093
18852,137.093
18853,137.093
18854,137.093
18855,137.093
18856,137.639
18857,137.639
18858,137.639
18859,137.639
18860,137.639
18861,137.639
18862,137.639
18863,137.639
18864,137.639
18865,137.639
18866,137.639
18867,137.639
18868,137.639
18869,137.639
18870,137.639
18871,137.639
18872,137.639
18873,137.639
18874,137.639
18875,137.639
18876,141.215
18877,141.215
18878,141.215
18879,141.215
18880,141.215
18881,141.215
18882,141.215
18883,141.215
18884,141.215
18885,141.215
18886,141.215
18887,141.215
18888,141.215
18889,141.215
18890,141.215
18891,141.215
18892,141.215
18893,141.215
18894,141.215
18895,141.215
18896,135.281
18897,135.281
18898,135.281
18899,135.281
18900,135.281
18901,135.281
18902,135.281
18903,135.281
18904,135.281
18905,135.281
18906,135.281
18907,135.281
18908,135.281
18909,135.281
18910,135.281
18911,135.281
18912,135.281
18913,135.281
18914,135.281
18915,135.281
18916,145.666
18917,145.666
18918,145.666
18919,145.666
18920,145.666
18921,145.666
18922,145.666
18923,145.666
18924,145.666
18925,145.666
18926,145.666
18927,145.666
18928,145.666
18929,145.666
18930,145.666
18931,145.666
18932,145.666
18933,145.666
18934,145.666
18935,145.666
18936,135
18937,135
18938,135
18939,135
18940,135
18941,135
18942,135
18943,135
18944,135
18945,135
18946,135
18947,135
18948,135
18949,135
18950,135
18951,135
18952,135
18953,135
18954,135
18955,135
18956,147.423
18957,147.423
18958,147.423
18959,147.423
18960,147.423
18961,147.423
18962,147.423
18963,147.423
18964,147.423
18965,147.423
18966,147.423
18967,147.423
18968,147.423
18969,147.423
18970,147.423
18971,147.423
18972,147.423
18973,147.423
18974,147.423
18975,147.423
18976,133.845
18977,133.845
18978,133.845
18979,133.845
18980,133.845
18981,133.845
18982,133.845
18983,133.845
18984,133.845
18985,133.845
18986,133.845
18987,133.845
18988,133.845
18989,133.845
18990,133.845
18991,133.845
18992,133.845
18993,133.845
18994,133.845
18995,133.845
18996,145.065
18997,145.065
18998,145.065
18999,145.065
19000,145.065
19001,145.065
19002,145.065
19003,145.065
19004,145.065
19005,145.065
19006,145.065
19007,145.065
19008,145.065
19009,145.065
19010,145.065
19011,145.065
19012,145.065
19013,145.065
19014,145.065
19015,145.065
19016,145.065
19017,132.916
19018,132.916
19019,132.916
19020,132.916
19021,132.916
19022,132.916
19023,132.916
19024,132.916
19025,132.916
19026,132.916
19027,132.916
19028,132.916
19029,132.916
19030,132.916
19031,132.916
19032,132.916
19033,132.916
19034,132.916
19035,132.916
19036,132.916
19037,143.581
19038,143.581
19039,143.581
19040,143.581
19041,143.581
19042,143.581
19043,143.581
19044,143.581
19045,143.581
19046,143.581
19047,143.581
19048,143.581
19049,143.581
19050,143.581
19051,143.581
19052,143.581
19053,143.581
19054,143.581
19055,143.581
19056,143.581
19057,133.244
19058,133.244
19059,133.244
19060,133.244
19061,133.244
19062,133.244
19063,133.244
19064,133.244
19065,133.244
19066,133.244
19067,133.244
19068,133.244
19069,133.244
19070,133.244
19071,133.244
19072,133.244
19073,133.244
19074,133.244
19075,133.244
19076,133.244
19077,141.817
19078,141.817
19079,141.817
19080,141.817
19081,141.817
19082,141.817
19083,141.817
19084,141.817
19085,141.817
19086,141.817
19087,141.817
19088,141.817
19089,141.817
19090,141.817
19091,141.817
19092,141.817
19093,141.817
19094,141.817
19095,141.817
19096,141.817
19097,134.399
19098,134.399
19099,134.399
19100,134.399
19101,134.399
19102,134.399
19103,134.399
19104,134.399
19105,134.399
19106,134.399
19107,134.399
19108,134.399
19109,134.399
19110,134.399
19111,134.399
19112,134.399
19113,134.399
19114,134.399
19115,134.399
19116,134.399
19117,134.399
19118,140.005
19119,140.005
19120,140.005
19121,140.005
19122,140.005
19123,140.005
19124,140.005
19125,140.005
19126,140.005
19127,140.005
19128,140.005
19129,140.005
19130,140.005
19131,140.005
19132,140.005
19133,140.005
19134,140.005
19135,140.005
19136,140.005
19137,138.576
19138,138.576
19139,138.576
19140,138.576
19141,138.576
19142,138.576
19143,138.576
19144,138.576
19145,138.576
19146,138.576
19147,138.576
19148,138.576
19149,138.576
19150,138.576
19151,138.576
19152,138.576
19153,138.576
19154,138.576
19155,138.576
19156,138.576
19157,140.606
19158,140.606
19159,140.606
19160,140.606
19161,140.606
19162,140.606
19163,140.606
19164,140.606
19165,140.606
19166,140.606
19167,140.606
19168,140.606
19169,140.606
19170,140.606
19171,140.606
19172,140.606
19173,140.606
19174,140.606
19175,140.606
19176,140.606
19177,140.333
19178,140.333
19179,140.333
19180,140.333
19181,140.333
19182,140.333
19183,140.333
19184,140.333
19185,140.333
19186,140.333
19187,140.333
19188,140.333
19189,140.333
19190,140.333
19191,140.333
19192,140.333
19193,140.333
19194,140.333
19195,140.333
19196,140.333
19197,140.333
19198,142.098
19199,142.098
19200,142.098
19201,142.098
19202,142.098
19203,142.098
19204,142.098
19205,142.098
19206,142.098
19207,142.098
19208,142.098
19209,142.098
19210,142.098
19211,142.098
19212,142.098
19213,142.098
19214,142.098
19215,142.098
19216,142.098
19217,142.098
19218,140.606
19219,140.606
19220,140.606
19221,140.606
19222,140.606
19223,140.606
19224,140.606
19225,140.606
19226,140.606
19227,140.606
19228,140.606
19229,140.606
19230,140.606
19231,140.606
19232,140.606
19233,140.606
19234,140.606
19235,140.606
19236,140.606
19237,140.606
19238,139.732
19239,139.732
19240,139.732
19241,139.732
19242,139.732
19243,139.732
19244,139.732
19245,139.732
19246,139.732
19247,139.732
19248,139.732
19249,139.732
19250,139.732
19251,139.732
19252,139.732
19253,139.732
19254,139.732
19255,139.732
19256,139.732
19257,139.732
19258,142.098
19259,142.098
19260,142.098
19261,142.098
19262,142.098
19263,142.098
19264,142.098
19265,142.098
19266,142.098
19267,142.098
19268,142.098
19269,142.098
19270,142.098
19271,142.098
19272,142.098
19273,142.098
19274,142.098
19275,142.098
19276,142.098
19277,142.098
19278,138.248
19279,138.248
19280,138.248
19281,138.248
19282,138.248
19283,138.248
19284,138.248
19285,138.248
19286,138.248
19287,138.248
19288,138.248
19289,138.248
19290,138.248
19291,138.248
19292,138.248
19293,138.248
19294,138.248
19295,138.248
19296,138.248
19297,138.248
19298,141.817
19299,141.817
19300,141.817
19301,141.817
19302,141.817
19303,141.817
19304,141.817
19305,141.817
19306,141.817
19307,141.817
19308,141.817
19309,141.817
19310,141.817
19311,141.817
19312,141.817
19313,141.817
19314,141.817
19315,141.817
19316,141.817
19317,141.817
19318,136.484
19319,136.484
19320,136.484
19321,136.484
19322,136.484
19323,136.484
19324,136.484
19325,136.484
19326,136.484
19327,136.484
19328,136.484
19329,136.484
19330,136.484
19331,136.484
19332,136.484
19333,136.484
19334,136.484
19335,136.484
19336,136.484
19337,136.484
19338,145.065
19339,145.065
19340,145.065
19341,145.065
19342,145.065
19343,145.065
19344,145.065
19345,145.065
19346,145.065
19347,145.065
19348,145.065
19349,145.065
19350,145.065
19351,145.065
19352,145.065
19353,145.065
19354,145.065
19355,145.065
19356,145.065
19357,145.065
19358,134.727
19359,134.727
19360,134.727
19361,134.727
19362,134.727
19363,134.727
19364,134.727
19365,134.727
19366,134.727
19367,134.727
19368,134.727
19369,134.727
19370,134.727
19371,134.727
19372,134.727
19373,134.727
19374,134.727
19375,134.727
19376,134.727
19377,134.727
19378,145.065
19379,145.065
19380,145.065
19381,145.065
19382,145.065
19383,145.065
19384,145.065
19385,145.065
19386,145.065
19387,145.065
19388,145.065
19389,145.065
19390,145.065
19391,145.065
19392,145.065
19393,145.065
19394,145.065
19395,145.065
19396,145.065
19397,145.065
19398,134.727
19399,134.727
19400,134.727
19401,134.727
19402,134.727
19403,134.727
19404,134.727
19405,134.727
19406,134.727
19407,134.727
19408,134.727
19409,134.727
19410,134.727
19411,134.727
19412,134.727
19413,134.727
19414,134.727
19415,134.727
19416,134.727
19417,134.727
19418,143.581
19419,143.581
19420,143.581
19421,143.581
19422,143.581
19423,143.581
19424,143.581
19425,143.581
19426,143.581
19427,143.581
19428,143.581
19429,143.581
19430,143.581
19431,143.581
19432,143.581
19433,143.581
19434,143.581
19435,143.581
19436,143.581
19437,143.581
19438,143.581
19439,131.76
19440,131.76
19441,131.76
19442,131.76
19443,131.76
19444,131.76
19445,131.76
19446,131.76
19447,131.76
19448,131.76
19449,131.76
19450,131.76
19451,131.76
19452,131.76
19453,131.76
19454,131.76
19455,131.76
19456,131.76
19457,131.76
19458,131.76
19459,141.489
19460,141.489
19461,141.489
19462,141.489
19463,141.489
19464,141.489
19465,141.489
19466,141.489
19467,141.489
19468,141.489
19469,141.489
19470,141.489
19471,141.489
19472,141.489
19473,141.489
19474,141.489
19475,141.489
19476,141.489
19477,141.489
19478,141.489
19479,131.159
19480,131.159
19481,131.159
19482,131.159
19483,131.159
19484,131.159
19485,131.159
19486,131.159
19487,131.159
19488,131.159
19489,131.159
19490,131.159
19491,131.159
19492,131.159
19493,131.159
19494,131.159
19495,131.159
19496,131.159
19497,131.159
19498,131.159
19499,139.123
19500,139.123
19501,139.123
19502,139.123
19503,139.123
19504,139.123
19505,139.123
19506,139.123
19507,139.123
19508,139.123
19509,139.123
19510,139.123
19511,139.123
19512,139.123
19513,139.123
19514,139.123
19515,139.123
19516,139.123
19517,139.123
19518,139.123
19519,137.093
19520,137.093
19521,137.093
19522,137.093
19523,137.093
19524,137.093
19525,137.093
19526,137.093
19527,137.093
19528,137.093
19529,137.093
19530,137.093
19531,137.093
19532,137.093
19533,137.093
19534,137.093
19535,137.093
19536,137.093
19537,137.093
19538,137.093
19539,140.333
19540,140.333
19541,140.333
19542,140.333
19543,140.333
19544,140.333
19545,140.333
19546,140.333
19547,140.333
19548,140.333
19549,140.333
19550,140.333
19551,140.333
19552,140.333
19553,140.333
19554,140.333
19555,140.333
19556,140.333
19557,140.333
19558,140.333
19559,140.005
19560,140.005
19561,140.005
19562,140.005
19563,140.005
19564,140.005
19565,140.005
19566,140.005
19567,140.005
19568,140.005
19569,140.005
19570,140.005
19571,140.005
19572,140.005
19573,140.005
19574,140.005
19575,140.005
19576,140.005
19577,140.005
19578,140.005
19579,139.123
19580,139.123
19581,139.123
19582,139.123
19583,139.123
19584,139.123
19585,139.123
19586,139.123
19587,139.123
19588,139.123
19589,139.123
19590,139.123
19591,139.123
19592,139.123
19593,139.123
19594,139.123
19595,139.123
19596,139.123
19597,139.123
19598,139.123
19599,142.098
19600,142.098
19601,142.098
19602,142.098
19603,142.098
19604,142.098
19605,142.098
19606,142.098
19607,142.098
19608,142.098
19609,142.098
19610,142.098
19611,142.098
19612,142.098
19613,142.098
19614,142.098
19615,142.098
19616,142.098
19617,142.098
19618,142.098
19619,137.639
19620,137.639
19621,137.639
19622,137.639
19623,137.639
19624,137.639
19625,137.639
19626,137.639
19627,137.639
19628,137.639
19629,137.639
19630,137.639
19631,137.639
19632,137.639
19633,137.639
19634,137.639
19635,137.639
19636,137.639
19637,137.639
19638,137.639
19639,145.338
19640,145.338
19641,145.338
19642,145.338
19643,145.338
19644,145.338
19645,145.338
19646,145.338
19647,145.338
19648,145.338
19649,145.338
19650,145.338
19651,145.338
19652,145.338
19653,145.338
19654,145.338
19655,145.338
19656,145.338
19657,145.338
19658,145.338
19659,136.211
19660,136.211
19661,136.211
19662,136.211
19663,136.211
19664,136.211
19665,136.211
19666,136.211
19667,136.211
19668,136.211
19669,136.211
19670,136.211
19671,136.211
19672,136.211
19673,136.211
19674,136.211
19675,136.211
19676,136.211
19677,136.211
19678,136.211
19679,136.211
19680,144.456
19681,144.456
19682,144.456
19683,144.456
19684,144.456
19685,144.456
19686,144.456
19687,144.456
19688,144.456
19689,144.456
19690,144.456
19691,144.456
19692,144.456
19693,144.456
19694,144.456
19695,144.456
19696,144.456
19697,144.456
19698,144.456
19699,144.456
19700,135
19701,135
19702,135
19703,135
19704,135
19705,135
19706,135
19707,135
19708,135
19709,135
19710,135
19711,135
19712,135
19713,135
19714,135
19715,135
19716,135
19717,135
19718,135
19719,135
19720,145.666
19721,145.666
19722,145.666
19723,145.666
19724,145.666
19725,145.666
19726,145.666
19727,145.666
19728,145.666
19729,145.666
19730,145.666
19731,145.666
19732,145.666
19733,145.666
19734,145.666
19735,145.666
19736,145.666
19737,145.666
19738,145.666
19739,145.666
19740,126.154
19741,126.154
19742,126.154
19743,126.154
19744,126.154
19745,126.154
19746,126.154
19747,126.154
19748,126.154
19749,126.154
19750,126.154
19751,126.154
19752,126.154
19753,126.154
19754,126.154
19755,126.154
19756,126.154
19757,126.154
19758,126.154
19759,126.154
19760,172.213
19761,172.213
19762,172.213
19763,172.213
19764,172.213
19765,172.213
19766,172.213
19767,172.213
19768,172.213
19769,172.213
19770,172.213
19771,172.213
19772,172.213
19773,172.213
19774,172.213
19775,172.213
19776,172.213
19777,172.213
19778,172.213
19779,172.213
19780,142.098
19781,142.098
19782,142.098
19783,142.098
19784,142.098
19785,142.098
19786,142.098
19787,142.098
19788,142.098
19789,142.098
19790,142.098
19791,142.098
19792,142.098
19793,142.098
19794,142.098
19795,142.098
19796,142.098
19797,142.098
19798,142.098
19799,142.098
19800,133.517
19801,133.517
19802,133.517
19803,133.517
19804,133.517
19805,133.517
19806,133.517
19807,133.517
19808,133.517
19809,133.517
19810,133.517
19811,133.517
19812,133.517
19813,133.517
19814,133.517
19815,133.517
19816,133.517
19817,133.517
19818,133.517
19819,133.517
19820,137.967
19821,137.967
19822,137.967
19823,137.967
19824,137.967
19825,137.967
19826,137.967
19827,137.967
19828,137.967
19829,137.967
19830,137.967
19831,137.967
19832,137.967
19833,137.967
19834,137.967
19835,137.967
19836,137.967
19837,137.967
19838,137.967
19839,137.967
19840,144.729
19841,144.729
19842,144.729
19843,144.729
19844,144.729
19845,144.729
19846,144.729
19847,144.729
19848,144.729
19849,144.729
19850,144.729
19851,144.729
19852,144.729
19853,144.729
19854,144.729
19855,144.729
19856,144.729
19857,144.729
19858,144.729
19859,144.729
19860,138.85
19861,138.85
19862,138.85
19863,138.85
19864,138.85
19865,138.85
19866,138.85
19867,138.85
19868,138.85
19869,138.85
19870,138.85
19871,138.85
19872,138.85
19873,138.85
19874,138.85
19875,138.85
19876,138.85
19877,138.85
19878,138.85
19879,138.85
19880,138.85
19881,129.121
19882,129.121
19883,129.121
19884,129.121
19885,129.121
19886,129.121
19887,129.121
19888,129.121
19889,129.121
19890,129.121
19891,129.121
19892,129.121
19893,129.121
19894,129.121
19895,129.121
19896,129.121
19897,129.121
19898,129.121
19899,129.121
19900,129.121
19901,136.484
19902,136.484
19903,136.484
19904,136.484
19905,136.484
19906,136.484
19907,136.484
19908,136.484
19909,136.484
19910,136.484
19911,136.484
19912,136.484
19913,136.484
19914,136.484
19915,136.484
19916,136.484
19917,136.484
19918,136.484
19919,136.484
19920,136.484
19921,140.942
19922,140.942
19923,140.942
19924,140.942
19925,140.942
19926,140.942
19927,140.942
19928,140.942
19929,140.942
19930,140.942
19931,140.942
19932,140.942
19933,140.942
19934,140.942
19935,140.942
19936,140.942
19937,140.942
19938,140.942
19939,140.942
19940,140.942
19941,142.972
19942,142.972
19943,142.972
19944,142.972
19945,142.972
19946,142.972
19947,142.972
19948,142.972
19949,142.972
19950,142.972
19951,142.972
19952,142.972
19953,142.972
19954,142.972
19955,142.972
19956,142.972
19957,142.972
19958,142.972
19959,142.972
19960,142.972
19961,128.52
19962,128.52
19963,128.52
19964,128.52
19965,128.52
19966,128.52
19967,128.52
19968,128.52
19969,128.52
19970,128.52
19971,128.52
19972,128.52
19973,128.52
19974,128.52
19975,128.52
19976,128.52
19977,128.52
19978,128.52
19979,128.52
19980,128.52
19981,133.244
19982,133.244
19983,133.244
19984,133.244
19985,133.244
19986,133.244
19987,133.244
19988,133.244
19989,133.244
19990,133.244
19991,133.244
19992,133.244
19993,133.244
19994,133.244
19995,133.244
19996,133.244
19997,133.244
19998,133.244
19999,133.244
20000,133.244
20001,139.732
20002,139.732
20003,139.732
20004,139.732
20005,139.732
20006,139.732
20007,139.732
20008,139.732
20009,139.732
20010,139.732
20011,139.732
20012,139.732
20013,139.732
20014,139.732
20015,139.732
20016,139.732
20017,139.732
20018,139.732
20019,139.732
20020,139.732
20021,144.456
20022,144.456
20023,144.456
20024,144.456
20025,144.456
20026,144.456
20027,144.456
20028,144.456
20029,144.456
20030,144.456
20031,144.456
20032,144.456
20033,144.456
20034,144.456
20035,144.456
20036,144.456
20037,144.456
20038,144.456
20039,144.456
20040,144.456
20041,135.883
20042,135.883
20043,135.883
20044,135.883
20045,135.883
20046,135.883
20047,135.883
20048,135.883
20049,135.883
20050,135.883
20051,135.883
20052,135.883
20053,135.883
20054,135.883
20055,135.883
20056,135.883
20057,135.883
20058,135.883
20059,135.883
20060,135.883
20061,130.55
20062,130.55
20063,130.55
20064,130.55
20065,130.55
20066,130.55
20067,130.55
20068,130.55
20069,130.55
20070,130.55
20071,130.55
20072,130.55
20073,130.55
20074,130.55
20075,130.55
20076,130.55
20077,130.55
20078,130.55
20079,130.55
20080,130.55
20081,137.967
20082,137.967
20083,137.967
20084,137.967
20085,137.967
20086,137.967
20087,137.967
20088,137.967
20089,137.967
20090,137.967
20091,137.967
20092,137.967
20093,137.967
20094,137.967
20095,137.967
20096,137.967
20097,137.967
20098,137.967
20099,137.967
20100,137.967
20101,145.338
20102,145.338
20103,145.338
20104,145.338
20105,145.338
20106,145.338
20107,145.338
20108,145.338
20109,145.338
20110,145.338
20111,145.338
20112,145.338
20113,145.338
20114,145.338
20115,145.338
20116,145.338
20117,145.338
20118,145.338
20119,145.338
20120,145.338
20121,141.215
20122,141.215
20123,141.215
20124,141.215
20125,141.215
20126,141.215
20127,141.215
20128,141.215
20129,141.215
20130,141.215
20131,141.215
20132,141.215
20133,141.215
20134,141.215
20135,141.215
20136,141.215
20137,141.215
20138,141.215
20139,141.215
20140,141.215
20141,141.215
20142,128.793
20143,128.793
20144,128.793
20145,128.793
20146,128.793
20147,128.793
20148,128.793
20149,128.793
20150,128.793
20151,128.793
20152,128.793
20153,128.793
20154,128.793
20155,128.793
20156,128.793
20157,128.793
20158,128.793
20159,128.793
20160,128.793
20161,128.793
20162,134.727
20163,134.727
20164,134.727
20165,134.727
20166,134.727
20167,134.727
20168,134.727
20169,134.727
20170,134.727
20171,134.727
20172,134.727
20173,134.727
20174,134.727
20175,134.727
20176,134.727
20177,134.727
20178,134.727
20179,134.727
20180,134.727
20181,134.727
20182,139.732
20183,139.732
20184,139.732
20185,139.732
20186,139.732
20187,139.732
20188,139.732
20189,139.732
20190,139.732
20191,139.732
20192,139.732
20193,139.732
20194,139.732
20195,139.732
20196,139.732
20197,139.732
20198,139.732
20199,139.732
20200,139.732
20201,139.732
20202,140.606
20203,140.606
20204,140.606
20205,140.606
20206,140.606
20207,140.606
20208,140.606
20209,140.606
20210,140.606
20211,140.606
20212,140.606
20213,140.606
20214,140.606
20215,140.606
20216,140.606
20217,140.606
20218,140.606
20219,140.606
20220,140.606
20221,140.606
20222,129.394
20223,129.394
20224,129.394
20225,129.394
20226,129.394
20227,129.394
20228,129.394
20229,129.394
20230,129.394
20231,129.394
20232,129.394
20233,129.394
20234,129.394
20235,129.394
20236,129.394
20237,129.394
20238,129.394
20239,129.394
20240,129.394
20241,129.394
20242,138.248
20243,138.248
20244,138.248
20245,138.248
20246,138.248
20247,138.248
20248,138.248
20249,138.248
20250,138.248
20251,138.248
20252,138.248
20253,138.248
20254,138.248
20255,138.248
20256,138.248
20257,138.248
20258,138.248
20259,138.248
20260,138.248
20261,138.248
20262,145.065
20263,145.065
20264,145.065
20265,145.065
20266,145.065
20267,145.065
20268,145.065
20269,145.065
20270,145.065
20271,145.065
20272,145.065
20273,145.065
20274,145.065
20275,145.065
20276,145.065
20277,145.065
20278,145.065
20279,145.065
20280,145.065
20281,145.065
20282,134.727
20283,134.727
20284,134.727
20285,134.727
20286,134.727
20287,134.727
20288,134.727
20289,134.727
20290,134.727
20291,134.727
20292,134.727
20293,134.727
20294,134.727
20295,134.727
20296,134.727
20297,134.727
20298,134.727
20299,134.727
20300,134.727
20301,134.727
20302,137.967
20303,137.967
20304,137.967
20305,137.967
20306,137.967
20307,137.967
20308,137.967
20309,137.967
20310,137.967
20311,137.967
20312,137.967
20313,137.967
20314,137.967
20315,137.967
20316,137.967
20317,137.967
20318,137.967
20319,137.967
20320,137.967
20321,137.967
20322,143.3
20323,143.3
20324,143.3
20325,143.3
20326,143.3
20327,143.3
20328,143.3
20329,143.3
20330,143.3
20331,143.3
20332,143.3
20333,143.3
20334,143.3
20335,143.3
20336,143.3
20337,143.3
20338,143.3
20339,143.3
20340,143.3
20341,143.3
20342,143.3
20343,142.553
20344,142.553
20345,142.553
20346,142.553
20347,142.553
20348,142.553
20349,142.553
20350,142.553
20351,142.553
20352,142.553
20353,142.553
20354,142.553
20355,142.553
20356,142.553
20357,142.553
20358,142.553
20359,142.553
20360,142.553
20361,142.553
20362,142.553
20363,132.642
20364,132.642
20365,132.642
20366,132.642
20367,132.642
20368,132.642
20369,132.642
20370,132.642
20371,132.642
20372,132.642
20373,132.642
20374,132.642
20375,132.642
20376,132.642
20377,132.642
20378,132.642
20379,132.642
20380,132.642
20381,132.642
20382,132.642
20383,139.123
20384,139.123
20385,139.123
20386,139.123
20387,139.123
20388,139.123
20389,139.123
20390,139.123
20391,139.123
20392,139.123
20393,139.123
20394,139.123
20395,139.123
20396,139.123
20397,139.123
20398,139.123
20399,139.123
20400,139.123
20401,139.123
20402,139.123
20403,145.338
20404,145.338
20405,145.338
20406,145.338
20407,145.338
20408,145.338
20409,145.338
20410,145.338
20411,145.338
20412,145.338
20413,145.338
20414,145.338
20415,145.338
20416,145.338
20417,145.338
20418,145.338
20419,145.338
20420,145.338
20421,145.338
20422,145.338
20423,132.033
20424,132.033
20425,132.033
20426,132.033
20427,132.033
20428,132.033
20429,132.033
20430,132.033
20431,132.033
20432,132.033
20433,132.033
20434,132.033
20435,132.033
20436,132.033
20437,132.033
20438,132.033
20439,132.033
20440,132.033
20441,132.033
20442,132.033
20443,137.639
20444,137.639
20445,137.639
20446,137.639
20447,137.639
20448,137.639
20449,137.639
20450,137.639
20451,137.639
20452,137.639
20453,137.639
20454,137.639
20455,137.639
20456,137.639
20457,137.639
20458,137.639
20459,137.639
20460,137.639
20461,137.639
20462,137.639
20463,145.666
20464,145.666
20465,145.666
20466,145.666
20467,145.666
20468,145.666
20469,145.666
20470,145.666
20471,145.666
20472,145.666
20473,145.666
20474,145.666
20475,145.666
20476,145.666
20477,145.666
20478,145.666
20479,145.666
20480,145.666
20481,145.666
20482,145.666
20483,133.845
20484,133.845
20485,133.845
20486,133.845
20487,133.845
20488,133.845
20489,133.845
20490,133.845
20491,133.845
20492,133.845
20493,133.845
20494,133.845
20495,133.845
20496,133.845
20497,133.845
20498,133.845
20499,133.845
20500,133.845
20501,133.845
20502,133.845
20503,140.005
20504,140.005
20505,140.005
20506,140.005
20507,140.005
20508,140.005
20509,140.005
20510,140.005
20511,140.005
20512,140.005
20513,140.005
20514,140.005
20515,140.005
20516,140.005
20517,140.005
20518,140.005
20519,140.005
20520,140.005
20521,140.005
20522,140.005
20523,139.459
20524,139.459
20525,139.459
20526,139.459
20527,139.459
20528,139.459
20529,139.459
20530,139.459
20531,139.459
20532,139.459
20533,139.459
20534,139.459
20535,139.459
20536,139.459
20537,139.459
20538,139.459
20539,139.459
20540,139.459
20541,139.459
20542,139.459
20543,135.609
20544,135.609
20545,135.609
20546,135.609
20547,135.609
20548,135.609
20549,135.609
20550,135.609
20551,135.609
20552,135.609
20553,135.609
20554,135.609
20555,135.609
20556,135.609
20557,135.609
20558,135.609
20559,135.609
20560,135.609
20561,135.609
20562,135.609
20563,147.095
20564,147.095
20565,147.095
20566,147.095
20567,147.095
20568,147.095
20569,147.095
20570,147.095
20571,147.095
20572,147.095
20573,147.095
20574,147.095
20575,147.095
20576,147.095
20577,147.095
20578,147.095
20579,147.095
20580,147.095
20581,147.095
20582,147.095
20583,129.394
20584,129.394
20585,129.394
20586,129.394
20587,129.394
20588,129.394
20589,129.394
20590,129.394
20591,129.394
20592,129.394
20593,129.394
20594,129.394
20595,129.394
20596,129.394
20597,129.394
20598,129.394
20599,129.394
20600,129.394
20601,129.394
20602,129.394
20603,129.394
20604,139.123
20605,139.123
20606,139.123
20607,139.123
20608,139.123
20609,139.123
20610,139.123
20611,139.123
20612,139.123
20613,139.123
20614,139.123
20615,139.123
20616,139.123
20617,139.123
20618,139.123
20619,139.123
20620,139.123
20621,139.123
20622,139.123
20623,139.123
20624,143.581
20625,143.581
20626,143.581
20627,143.581
20628,143.581
20629,143.581
20630,143.581
20631,143.581
20632,143.581
20633,143.581
20634,143.581
20635,143.581
20636,143.581
20637,143.581
20638,143.581
20639,143.581
20640,143.581
20641,143.581
20642,143.581
20643,143.581
20644,133.517
20645,133.517
20646,133.517
20647,133.517
20648,133.517
20649,133.517
20650,133.517
20651,133.517
20652,133.517
20653,133.517
20654,133.517
20655,133.517
20656,133.517
20657,133.517
20658,133.517
20659,133.517
20660,133.517
20661,133.517
20662,133.517
20663,133.517
20664,142.371
20665,142.371
20666,142.371
20667,142.371
20668,142.371
20669,142.371
20670,142.371
20671,142.371
20672,142.371
20673,142.371
20674,142.371
20675,142.371
20676,142.371
20677,142.371
20678,142.371
20679,142.371
20680,142.371
20681,142.371
20682,142.371
20683,142.371
20684,142.371
20685,142.371
20686,142.371
20687,142.371
20688,142.371
20689,142.371
20690,142.371
20691,142.371
20692,142.371
20693,142.371
20694,142.371
20695,142.371
20696,142.371
20697,142.371
20698,142.371
20699,142.371
20700,142.371
20701,142.371
20702,142.371
20703,142.371
20704,135.143
20705,135.143
20706,135.143
20707,135.143
20708,135.143
20709,135.143
20710,135.143
20711,135.143
20712,135.143
20713,135.143
20714,135.143
20715,135.143
20716,135.143
20717,135.143
20718,135.143
20719,135.143
20720,135.143
20721,135.143
20722,135.143
20723,135.143
20724,140.462
20725,140.462
20726,140.462
20727,140.462
20728,140.462
20729,140.462
20730,140.462
20731,140.462
20732,140.462
20733,140.462
20734,140.462
20735,140.462
20736,140.462
20737,140.462
20738,140.462
20739,140.462
20740,140.462
20741,140.462
20742,140.462
20743,140.462
20744,136.344
20745,136.344
20746,136.344
20747,136.344
20748,136.344
20749,136.344
20750,136.344
20751,136.344
20752,136.344
20753,136.344
20754,136.344
20755,136.344
20756,136.344
20757,136.344
20758,136.344
20759,136.344
20760,136.344
20761,136.344
20762,136.344
20763,136.344
20764,136.071
20765,136.071
20766,136.071
20767,136.071
20768,136.071
20769,136.071
20770,136.071
20771,136.071
20772,136.071
20773,136.071
20774,136.071
20775,136.071
20776,136.071
20777,136.071
20778,136.071
20779,136.071
20780,136.071
20781,136.071
20782,136.071
20783,136.071
20784,145.189
20785,145.189
20786,145.189
20787,145.189
20788,145.189
20789,145.189
20790,145.189
20791,145.189
20792,145.189
20793,145.189
20794,145.189
20795,145.189
20796,145.189
20797,145.189
20798,145.189
20799,145.189
20800,145.189
20801,145.189
20802,145.189
20803,145.189
20804,133.107
20805,133.107
20806,133.107
20807,133.107
20808,133.107
20809,133.107
20810,133.107
20811,133.107
20812,133.107
20813,133.107
20814,133.107
20815,133.107
20816,133.107
20817,133.107
20818,133.107
20819,133.107
20820,133.107
20821,133.107
20822,133.107
20823,133.107
20824,141.671
20825,141.671
20826,141.671
20827,141.671
20828,141.671
20829,141.671
20830,141.671
20831,141.671
20832,141.671
20833,141.671
20834,141.671
20835,141.671
20836,141.671
20837,141.671
20838,141.671
20839,141.671
20840,141.671
20841,141.671
20842,141.671
20843,141.671
20844,138.107
20845,138.107
20846,138.107
20847,138.107
20848,138.107
20849,138.107
20850,138.107
20851,138.107
20852,138.107
20853,138.107
20854,138.107
20855,138.107
20856,138.107
20857,138.107
20858,138.107
20859,138.107
20860,138.107
20861,138.107
20862,138.107
20863,138.107
20864,138.107
20865,136.625
20866,136.625
20867,136.625
20868,136.625
20869,136.625
20870,136.625
20871,136.625
20872,136.625
20873,136.625
20874,136.625
20875,136.625
20876,136.625
20877,136.625
20878,136.625
20879,136.625
20880,136.625
20881,136.625
20882,136.625
20883,136.625
20884,136.625
20885,145.79
20886,145.79
20887,145.79
20888,145.79
20889,145.79
20890,145.79
20891,145.79
20892,145.79
20893,145.79
20894,145.79
20895,145.79
20896,145.79
20897,145.79
20898,145.79
20899,145.79
20900,145.79
20901,145.79
20902,145.79
20903,145.79
20904,145.79
20905,131.352
20906,131.352
20907,131.352
20908,131.352
20909,131.352
20910,131.352
20911,131.352
20912,131.352
20913,131.352
20914,131.352
20915,131.352
20916,131.352
20917,131.352
20918,131.352
20919,131.352
20920,131.352
20921,131.352
20922,131.352
20923,131.352
20924,131.352
20925,141.071
20926,141.071
20927,141.071
20928,141.071
20929,141.071
20930,141.071
20931,141.071
20932,141.071
20933,141.071
20934,141.071
20935,141.071
20936,141.071
20937,141.071
20938,141.071
20939,141.071
20940,141.071
20941,141.071
20942,141.071
20943,141.071
20944,141.071
20945,141.344
20946,141.344
20947,141.344
20948,141.344
20949,141.344
20950,141.344
20951,141.344
20952,141.344
20953,141.344
20954,141.344
20955,141.344
20956,141.344
20957,141.344
20958,141.344
20959,141.344
20960,141.344
20961,141.344
20962,141.344
20963,141.344
20964,141.344
20965,135.143
20966,135.143
20967,135.143
20968,135.143
20969,135.143
20970,135.143
20971,135.143
20972,135.143
20973,135.143
20974,135.143
20975,135.143
20976,135.143
20977,135.143
20978,135.143
20979,135.143
20980,135.143
20981,135.143
20982,135.143
20983,135.143
20984,135.143
20985,146.944
20986,146.944
20987,146.944
20988,146.944
20989,146.944
20990,146.944
20991,146.944
20992,146.944
20993,146.944
20994,146.944
20995,146.944
20996,146.944
20997,146.944
20998,146.944
20999,146.944
21000,146.944
21001,146.944
21002,146.944
21003,146.944
21004,146.944
21005,132.226
21006,132.226
21007,132.226
21008,132.226
21009,132.226
21010,132.226
21011,132.226
21012,132.226
21013,132.226
21014,132.226
21015,132.226
21016,132.226
21017,132.226
21018,132.226
21019,132.226
21020,132.226
21021,132.226
21022,132.226
21023,132.226
21024,132.226
21025,140.462
21026,140.462
21027,140.462
21028,140.462
21029,140.462
21030,140.462
21031,140.462
21032,140.462
21033,140.462
21034,140.462
21035,140.462
21036,140.462
21037,140.462
21038,140.462
21039,140.462
21040,140.462
21041,140.462
21042,140.462
21043,140.462
21044,140.462
21045,141.344
21046,141.344
21047,141.344
21048,141.344
21049,141.344
21050,141.344
21051,141.344
21052,141.344
21053,141.344
21054,141.344
21055,141.344
21056,141.344
21057,141.344
21058,141.344
21059,141.344
21060,141.344
21061,141.344
21062,141.344
21063,141.344
21064,141.344
21065,134.261
21066,134.261
21067,134.261
21068,134.261
21069,134.261
21070,134.261
21071,134.261
21072,134.261
21073,134.261
21074,134.261
21075,134.261
21076,134.261
21077,134.261
21078,134.261
21079,134.261
21080,134.261
21081,134.261
21082,134.261
21083,134.261
21084,134.261
21085,134.261
21086,146.071
21087,146.071
21088,146.071
21089,146.071
21090,146.071
21091,146.071
21092,146.071
21093,146.071
21094,146.071
21095,146.071
21096,146.071
21097,146.071
21098,146.071
21099,146.071
21100,146.071
21101,146.071
21102,146.071
21103,146.071
21104,146.071
21105,146.071
21106,133.988
21107,133.988
21108,133.988
21109,133.988
21110,133.988
21111,133.988
21112,133.988
21113,133.988
21114,133.988
21115,133.988
21116,133.988
21117,133.988
21118,133.988
21119,133.988
21120,133.988
21121,133.988
21122,133.988
21123,133.988
21124,133.988
21125,133.988
21126,138.707
21127,138.707
21128,138.707
21129,138.707
21130,138.707
21131,138.707
21132,138.707
21133,138.707
21134,138.707
21135,138.707
21136,138.707
21137,138.707
21138,138.707
21139,138.707
21140,138.707
21141,138.707
21142,138.707
21143,138.707
21144,138.707
21145,138.707
21146,142.225
21147,142.225
21148,142.225
21149,142.225
21150,142.225
21151,142.225
21152,142.225
21153,142.225
21154,142.225
21155,142.225
21156,142.225
21157,142.225
21158,142.225
21159,142.225
21160,142.225
21161,142.225
21162,142.225
21163,142.225
21164,142.225
21165,142.225
21166,134.862
21167,134.862
21168,134.862
21169,134.862
21170,134.862
21171,134.862
21172,134.862
21173,134.862
21174,134.862
21175,134.862
21176,134.862
21177,134.862
21178,134.862
21179,134.862
21180,134.862
21181,134.862
21182,134.862
21183,134.862
21184,134.862
21185,134.862
21186,144.308
21187,144.308
21188,144.308
21189,144.308
21190,144.308
21191,144.308
21192,144.308
21193,144.308
21194,144.308
21195,144.308
21196,144.308
21197,144.308
21198,144.308
21199,144.308
21200,144.308
21201,144.308
21202,144.308
21203,144.308
21204,144.308
21205,144.308
21206,136.344
21207,136.344
21208,136.344
21209,136.344
21210,136.344
21211,136.344
21212,136.344
21213,136.344
21214,136.344
21215,136.344
21216,136.344
21217,136.344
21218,136.344
21219,136.344
21220,136.344
21221,136.344
21222,136.344
21223,136.344
21224,136.344
21225,136.344
21226,138.565
21227,138.565
21228,138.565
21229,138.565
21230,138.565
21231,138.565
21232,138.565
21233,138.565
21234,138.565
21235,138.565
21236,138.565
21237,138.565
21238,138.565
21239,138.565
21240,138.565
21241,138.565
21242,138.565
21243,138.565
21244,138.565
21245,138.565
21246,144.16
21247,144.16
21248,144.16
21249,144.16
21250,144.16
21251,144.16
21252,144.16
21253,144.16
21254,144.16
21255,144.16
21256,144.16
21257,144.16
21258,144.16
21259,144.16
21260,144.16
21261,144.16
21262,144.16
21263,144.16
21264,144.16
21265,144.16
21266,144.16
21267,132.97
21268,132.97
21269,132.97
21270,132.97
21271,132.97
21272,132.97
21273,132.97
21274,132.97
21275,132.97
21276,132.97
21277,132.97
21278,132.97
21279,132.97
21280,132.97
21281,132.97
21282,132.97
21283,132.97
21284,132.97
21285,132.97
21286,132.97
21287,143.887
21288,143.887
21289,143.887
21290,143.887
21291,143.887
21292,143.887
21293,143.887
21294,143.887
21295,143.887
21296,143.887
21297,143.887
21298,143.887
21299,143.887
21300,143.887
21301,143.887
21302,143.887
21303,143.887
21304,143.887
21305,143.887
21306,143.887
21307,137.965
21308,137.965
21309,137.965
21310,137.965
21311,137.965
21312,137.965
21313,137.965
21314,137.965
21315,137.965
21316,137.965
21317,137.965
21318,137.965
21319,137.965
21320,137.965
21321,137.965
21322,137.965
21323,137.965
21324,137.965
21325,137.965
21326,137.965
21327,138.565
21328,138.565
21329,138.565
21330,138.565
21331,138.565
21332,138.565
21333,138.565
21334,138.565
21335,138.565
21336,138.565
21337,138.565
21338,138.565
21339,138.565
21340,138.565
21341,138.565
21342,138.565
21343,138.565
21344,138.565
21345,138.565
21346,138.565
21347,144.768
21348,144.768
21349,144.768
21350,144.768
21351,144.768
21352,144.768
21353,144.768
21354,144.768
21355,144.768
21356,144.768
21357,144.768
21358,144.768
21359,144.768
21360,144.768
21361,144.768
21362,144.768
21363,144.768
21364,144.768
21365,144.768
21366,144.768
21367,132.09
21368,132.09
21369,132.09
21370,132.09
21371,132.09
21372,132.09
21373,132.09
21374,132.09
21375,132.09
21376,132.09
21377,132.09
21378,132.09
21379,132.09
21380,132.09
21381,132.09
21382,132.09
21383,132.09
21384,132.09
21385,132.09
21386,132.09
21387,143.007
21388,143.007
21389,143.007
21390,143.007
21391,143.007
21392,143.007
21393,143.007
21394,143.007
21395,143.007
21396,143.007
21397,143.007
21398,143.007
21399,143.007
21400,143.007
21401,143.007
21402,143.007
21403,143.007
21404,143.007
21405,143.007
21406,143.007
21407,139.446
21408,139.446
21409,139.446
21410,139.446
21411,139.446
21412,139.446
21413,139.446
21414,139.446
21415,139.446
21416,139.446
21417,139.446
21418,139.446
21419,139.446
21420,139.446
21421,139.446
21422,139.446
21423,139.446
21424,139.446
21425,139.446
21426,139.446
21427,138.292
21428,138.292
21429,138.292
21430,138.292
21431,138.292
21432,138.292
21433,138.292
21434,138.292
21435,138.292
21436,138.292
21437,138.292
21438,138.292
21439,138.292
21440,138.292
21441,138.292
21442,138.292
21443,138.292
21444,138.292
21445,138.292
21446,138.292
21447,146.248
21448,146.248
21449,146.248
21450,146.248
21451,146.248
21452,146.248
21453,146.248
21454,146.248
21455,146.248
21456,146.248
21457,146.248
21458,146.248
21459,146.248
21460,146.248
21461,146.248
21462,146.248
21463,146.248
21464,146.248
21465,146.248
21466,146.248
21467,130.01
21468,130.01
21469,130.01
21470,130.01
21471,130.01
21472,130.01
21473,130.01
21474,130.01
21475,130.01
21476,130.01
21477,130.01
21478,130.01
21479,130.01
21480,130.01
21481,130.01
21482,130.01
21483,130.01
21484,130.01
21485,130.01
21486,130.01
21487,139.718
21488,139.718
21489,139.718
21490,139.718
21491,139.718
21492,139.718
21493,139.718
21494,139.718
21495,139.718
21496,139.718
21497,139.718
21498,139.718
21499,139.718
21500,139.718
21501,139.718
21502,139.718
21503,139.718
21504,139.718
21505,139.718
21506,139.718
21507,143.707
21508,143.707
21509,143.707
21510,143.707
21511,143.707
21512,143.707
21513,143.707
21514,143.707
21515,143.707
21516,143.707
21517,143.707
21518,143.707
21519,143.707
21520,143.707
21521,143.707
21522,143.707
21523,143.707
21524,143.707
21525,143.707
21526,143.707
21527,133.107
21528,133.107
21529,133.107
21530,133.107
21531,133.107
21532,133.107
21533,133.107
21534,133.107
21535,133.107
21536,133.107
21537,133.107
21538,133.107
21539,133.107
21540,133.107
21541,133.107
21542,133.107
21543,133.107
21544,133.107
21545,133.107
21546,133.107
21547,133.107
21548,140.653
21549,140.653
21550,140.653
21551,140.653
21552,140.653
21553,140.653
21554,140.653
21555,140.653
21556,140.653
21557,140.653
21558,140.653
21559,140.653
21560,140.653
21561,140.653
21562,140.653
21563,140.653
21564,140.653
21565,140.653
21566,140.653
21567,140.653
21568,139.173
21569,139.173
21570,139.173
21571,139.173
21572,139.173
21573,139.173
21574,139.173
21575,139.173
21576,139.173
21577,139.173
21578,139.173
21579,139.173
21580,139.173
21581,139.173
21582,139.173
21583,139.173
21584,139.173
21585,139.173
21586,139.173
21587,139.173
21588,133.851
21589,133.851
21590,133.851
21591,133.851
21592,133.851
21593,133.851
21594,133.851
21595,133.851
21596,133.851
21597,133.851
21598,133.851
21599,133.851
21600,133.851
21601,133.851
21602,133.851
21603,133.851
21604,133.851
21605,133.851
21606,133.851
21607,133.851
21608,144.433
21609,144.433
21610,144.433
21611,144.433
21612,144.433
21613,144.433
21614,144.433
21615,144.433
21616,144.433
21617,144.433
21618,144.433
21619,144.433
21620,144.433
21621,144.433
21622,144.433
21623,144.433
21624,144.433
21625,144.433
21626,144.433
21627,144.433
21628,132.09
21629,132.09
21630,132.09
21631,132.09
21632,132.09
21633,132.09
21634,132.09
21635,132.09
21636,132.09
21637,132.09
21638,132.09
21639,132.09
21640,132.09
21641,132.09
21642,132.09
21643,132.09
21644,132.09
21645,132.09
21646,132.09
21647,132.09
21648,138.565
21649,138.565
21650,138.565
21651,138.565
21652,138.565
21653,138.565
21654,138.565
21655,138.565
21656,138.565
21657,138.565
21658,138.565
21659,138.565
21660,138.565
21661,138.565
21662,138.565
21663,138.565
21664,138.565
21665,138.565
21666,138.565
21667,138.565
21668,139.718
21669,139.718
21670,139.718
21671,139.718
21672,139.718
21673,139.718
21674,139.718
21675,139.718
21676,139.718
21677,139.718
21678,139.718
21679,139.718
21680,139.718
21681,139.718
21682,139.718
21683,139.718
21684,139.718
21685,139.718
21686,139.718
21687,139.718
21688,135.331
21689,135.331
21690,135.331
21691,135.331
21692,135.331
21693,135.331
21694,135.331
21695,135.331
21696,135.331
21697,135.331
21698,135.331
21699,135.331
21700,135.331
21701,135.331
21702,135.331
21703,135.331
21704,135.331
21705,135.331
21706,135.331
21707,135.331
21708,145.368
21709,145.368
21710,145.368
21711,145.368
21712,145.368
21713,145.368
21714,145.368
21715,145.368
21716,145.368
21717,145.368
21718,145.368
21719,145.368
21720,145.368
21721,145.368
21722,145.368
21723,145.368
21724,145.368
21725,145.368
21726,145.368
21727,145.368
21728,131.217
21729,131.217
21730,131.217
21731,131.217
21732,131.217
21733,131.217
21734,131.217
21735,131.217
21736,131.217
21737,131.217
21738,131.217
21739,131.217
21740,131.217
21741,131.217
21742,131.217
21743,131.217
21744,131.217
21745,131.217
21746,131.217
21747,131.217
21748,141.199
21749,141.199
21750,141.199
21751,141.199
21752,141.199
21753,141.199
21754,141.199
21755,141.199
21756,141.199
21757,141.199
21758,141.199
21759,141.199
21760,141.199
21761,141.199
21762,141.199
21763,141.199
21764,141.199
21765,141.199
21766,141.199
21767,141.199
21768,141.199
21769,135.604
21770,135.604
21771,135.604
21772,135.604
21773,135.604
21774,135.604
21775,135.604
21776,135.604
21777,135.604
21778,135.604
21779,135.604
21780,135.604
21781,135.604
21782,135.604
21783,135.604
21784,135.604
21785,135.604
21786,135.604
21787,135.604
21788,135.604
21789,137.357
21790,137.357
21791,137.357
21792,137.357
21793,137.357
21794,137.357
21795,137.357
21796,137.357
21797,137.357
21798,137.357
21799,137.357
21800,137.357
21801,137.357
21802,137.357
21803,137.357
21804,137.357
21805,137.357
21806,137.357
21807,137.357
21808,137.357
21809,141.807
21810,141.807
21811,141.807
21812,141.807
21813,141.807
21814,141.807
21815,141.807
21816,141.807
21817,141.807
21818,141.807
21819,141.807
21820,141.807
21821,141.807
21822,141.807
21823,141.807
21824,141.807
21825,141.807
21826,141.807
21827,141.807
21828,141.807
21829,134.124
21830,134.124
21831,134.124
21832,134.124
21833,134.124
21834,134.124
21835,134.124
21836,134.124
21837,134.124
21838,134.124
21839,134.124
21840,134.124
21841,134.124
21842,134.124
21843,134.124
21844,134.124
21845,134.124
21846,134.124
21847,134.124
21848,134.124
21849,144.16
21850,144.16
21851,144.16
21852,144.16
21853,144.16
21854,144.16
21855,144.16
21856,144.16
21857,144.16
21858,144.16
21859,144.16
21860,144.16
21861,144.16
21862,144.16
21863,144.16
21864,144.16
21865,144.16
21866,144.16
21867,144.16
21868,144.16
21869,132.37
21870,132.37
21871,132.37
21872,132.37
21873,132.37
21874,132.37
21875,132.37
21876,132.37
21877,132.37
21878,132.37
21879,132.37
21880,132.37
21881,132.37
21882,132.37
21883,132.37
21884,132.37
21885,132.37
21886,132.37
21887,132.37
21888,132.37
21889,142.679
21890,142.679
21891,142.679
21892,142.679
21893,142.679
21894,142.679
21895,142.679
21896,142.679
21897,142.679
21898,142.679
21899,142.679
21900,142.679
21901,142.679
21902,142.679
21903,142.679
21904,142.679
21905,142.679
21906,142.679
21907,142.679
21908,142.679
21909,133.851
21910,133.851
21911,133.851
21912,133.851
21913,133.851
21914,133.851
21915,133.851
21916,133.851
21917,133.851
21918,133.851
21919,133.851
21920,133.851
21921,133.851
21922,133.851
21923,133.851
21924,133.851
21925,133.851
21926,133.851
21927,133.851
21928,133.851
21929,140.318
21930,140.318
21931,140.318
21932,140.318
21933,140.318
21934,140.318
21935,140.318
21936,140.318
21937,140.318
21938,140.318
21939,140.318
21940,140.318
21941,140.318
21942,140.318
21943,140.318
21944,140.318
21945,140.318
21946,140.318
21947,140.318
21948,140.318
21949,140.926
21950,140.926
21951,140.926
21952,140.926
21953,140.926
21954,140.926
21955,140.926
21956,140.926
21957,140.926
21958,140.926
21959,140.926
21960,140.926
21961,140.926
21962,140.926
21963,140.926
21964,140.926
21965,140.926
21966,140.926
21967,140.926
21968,140.926
21969,137.085
21970,137.085
21971,137.085
21972,137.085
21973,137.085
21974,137.085
21975,137.085
21976,137.085
21977,137.085
21978,137.085
21979,137.085
21980,137.085
21981,137.085
21982,137.085
21983,137.085
21984,137.085
21985,137.085
21986,137.085
21987,137.085
21988,137.085
21989,137.085
21990,150.635
21991,150.635
21992,150.635
21993,150.635
21994,150.635
21995,150.635
21996,150.635
21997,150.635
21998,150.635
21999,150.635
22000,150.635
22001,150.635
22002,150.635
22003,150.635
22004,150.635
22005,150.635
22006,150.635
22007,150.635
22008,150.635
22009,150.635
22010,149.328
22011,149.328
22012,149.328
22013,149.328
22014,149.328
22015,149.328
22016,149.328
22017,149.328
22018,149.328
22019,149.328
22020,149.328
22021,149.328
22022,149.328
22023,149.328
22024,149.328
22025,149.328
22026,149.328
22027,149.328
22028,149.328
22029,149.328
22030,145.218
22031,145.218
22032,145.218
22033,145.218
22034,145.218
22035,145.218
22036,145.218
22037,145.218
22038,145.218
22039,145.218
22040,145.218
22041,145.218
22042,145.218
22043,145.218
22044,145.218
22045,145.218
22046,145.218
22047,145.218
22048,145.218
22049,145.218
22050,142.86
22051,142.86
22052,142.86
22053,142.86
22054,142.86
22055,142.86
22056,142.86
22057,142.86
22058,142.86
22059,142.86
22060,142.86
22061,142.86
22062,142.86
22063,142.86
22064,142.86
22065,142.86
22066,142.86
22067,142.86
22068,142.86
22069,142.86
22070,131.627
22071,131.627
22072,131.627
22073,131.627
22074,131.627
22075,131.627
22076,131.627
22077,131.627
22078,131.627
22079,131.627
22080,131.627
22081,131.627
22082,131.627
22083,131.627
22084,131.627
22085,131.627
22086,131.627
22087,131.627
22088,131.627
22089,131.627
22090,135.465
22091,135.465
22092,135.465
22093,135.465
22094,135.465
22095,135.465
22096,135.465
22097,135.465
22098,135.465
22099,135.465
22100,135.465
22101,135.465
22102,135.465
22103,135.465
22104,135.465
22105,135.465
22106,135.465
22107,135.465
22108,135.465
22109,135.465
22110,140.781
22111,140.781
22112,140.781
22113,140.781
22114,140.781
22115,140.781
22116,140.781
22117,140.781
22118,140.781
22119,140.781
22120,140.781
22121,140.781
22122,140.781
22123,140.781
22124,140.781
22125,140.781
22126,140.781
22127,140.781
22128,140.781
22129,140.781
22130,144.768
22131,144.768
22132,144.768
22133,144.768
22134,144.768
22135,144.768
22136,144.768
22137,144.768
22138,144.768
22139,144.768
22140,144.768
22141,144.768
22142,144.768
22143,144.768
22144,144.768
22145,144.768
22146,144.768
22147,144.768
22148,144.768
22149,144.768
22150,135.792
22151,135.792
22152,135.792
22153,135.792
22154,135.792
22155,135.792
22156,135.792
22157,135.792
22158,135.792
22159,135.792
22160,135.792
22161,135.792
22162,135.792
22163,135.792
22164,135.792
22165,135.792
22166,135.792
22167,135.792
22168,135.792
22169,135.792
22170,135.792
22171,132.09
22172,132.09
22173,132.09
22174,132.09
22175,132.09
22176,132.09
22177,132.09
22178,132.09
22179,132.09
22180,132.09
22181,132.09
22182,132.09
22183,132.09
22184,132.09
22185,132.09
22186,132.09
22187,132.09
22188,132.09
22189,132.09
22190,132.09
22191,138.423
22192,138.423
22193,138.423
22194,138.423
22195,138.423
22196,138.423
22197,138.423
22198,138.423
22199,138.423
22200,138.423
22201,138.423
22202,138.423
22203,138.423
22204,138.423
22205,138.423
22206,138.423
22207,138.423
22208,138.423
22209,138.423
22210,138.423
22211,144.619
22212,144.619
22213,144.619
22214,144.619
22215,144.619
22216,144.619
22217,144.619
22218,144.619
22219,144.619
22220,144.619
22221,144.619
22222,144.619
22223,144.619
22224,144.619
22225,144.619
22226,144.619
22227,144.619
22228,144.619
22229,144.619
22230,144.619
22231,141.381
22232,141.381
22233,141.381
22234,141.381
22235,141.381
22236,141.381
22237,141.381
22238,141.381
22239,141.381
22240,141.381
22241,141.381
22242,141.381
22243,141.381
22244,141.381
22245,141.381
22246,141.381
22247,141.381
22248,141.381
22249,141.381
22250,141.381
22251,130.148
22252,130.148
22253,130.148
22254,130.148
22255,130.148
22256,130.148
22257,130.148
22258,130.148
22259,130.148
22260,130.148
22261,130.148
22262,130.148
22263,130.148
22264,130.148
22265,130.148
22266,130.148
22267,130.148
22268,130.148
22269,130.148
22270,130.148
22271,135.792
22272,135.792
22273,135.792
22274,135.792
22275,135.792
22276,135.792
22277,135.792
22278,135.792
22279,135.792
22280,135.792
22281,135.792
22282,135.792
22283,135.792
22284,135.792
22285,135.792
22286,135.792
22287,135.792
22288,135.792
22289,135.792
22290,135.792
22291,142.26
22292,142.26
22293,142.26
22294,142.26
22295,142.26
22296,142.26
22297,142.26
22298,142.26
22299,142.26
22300,142.26
22301,142.26
22302,142.26
22303,142.26
22304,142.26
22305,142.26
22306,142.26
22307,142.26
22308,142.26
22309,142.26
22310,142.26
22311,143.412
22312,143.412
22313,143.412
22314,143.412
22315,143.412
22316,143.412
22317,143.412
22318,143.412
22319,143.412
22320,143.412
22321,143.412
22322,143.412
22323,143.412
22324,143.412
22325,143.412
22326,143.412
22327,143.412
22328,143.412
22329,143.412
22330,143.412
22331,132.235
22332,132.235
22333,132.235
22334,132.235
22335,132.235
22336,132.235
22337,132.235
22338,132.235
22339,132.235
22340,132.235
22341,132.235
22342,132.235
22343,132.235
22344,132.235
22345,132.235
22346,132.235
22347,132.235
22348,132.235
22349,132.235
22350,132.235
22351,133.986
22352,133.986
22353,133.986
22354,133.986
22355,133.986
22356,133.986
22357,133.986
22358,133.986
22359,133.986
22360,133.986
22361,133.986
22362,133.986
22363,133.986
22364,133.986
22365,133.986
22366,133.986
22367,133.986
22368,133.986
22369,133.986
22370,133.986
22371,139.302
22372,139.302
22373,139.302
22374,139.302
22375,139.302
22376,139.302
22377,139.302
22378,139.302
22379,139.302
22380,139.302
22381,139.302
22382,139.302
22383,139.302
22384,139.302
22385,139.302
22386,139.302
22387,139.302
22388,139.302
22389,139.302
22390,139.302
22391,139.302
22392,144.284
22393,144.284
22394,144.284
22395,144.284
22396,144.284
22397,144.284
22398,144.284
22399,144.284
22400,144.284
22401,144.284
22402,144.284
22403,144.284
22404,144.284
22405,144.284
22406,144.284
22407,144.284
22408,144.284
22409,144.284
22410,144.284
22411,144.284
22412,139.575
22413,139.575
22414,139.575
22415,139.575
22416,139.575
22417,139.575
22418,139.575
22419,139.575
22420,139.575
22421,139.575
22422,139.575
22423,139.575
22424,139.575
22425,139.575
22426,139.575
22427,139.575
22428,139.575
22429,139.575
22430,139.575
22431,139.575
22432,129.876
22433,129.876
22434,129.876
22435,129.876
22436,129.876
22437,129.876
22438,129.876
22439,129.876
22440,129.876
22441,129.876
22442,129.876
22443,129.876
22444,129.876
22445,129.876
22446,129.876
22447,129.876
22448,129.876
22449,129.876
22450,129.876
22451,129.876
22452,136.064
22453,136.064
22454,136.064
22455,136.064
22456,136.064
22457,136.064
22458,136.064
22459,136.064
22460,136.064
22461,136.064
22462,136.064
22463,136.064
22464,136.064
22465,136.064
22466,136.064
22467,136.064
22468,136.064
22469,136.064
22470,136.064
22471,136.064
22472,144.284
22473,144.284
22474,144.284
22475,144.284
22476,144.284
22477,144.284
22478,144.284
22479,144.284
22480,144.284
22481,144.284
22482,144.284
22483,144.284
22484,144.284
22485,144.284
22486,144.284
22487,144.284
22488,144.284
22489,144.284
22490,144.284
22491,144.284
22492,140.509
22493,140.509
22494,140.509
22495,140.509
22496,140.509
22497,140.509
22498,140.509
22499,140.509
22500,140.509
22501,140.509
22502,140.509
22503,140.509
22504,140.509
22505,140.509
22506,140.509
22507,140.509
22508,140.509
22509,140.509
22510,140.509
22511,140.509
22512,135.931
22513,135.931
22514,135.931
22515,135.931
22516,135.931
22517,135.931
22518,135.931
22519,135.931
22520,135.931
22521,135.931
22522,135.931
22523,135.931
22524,135.931
22525,135.931
22526,135.931
22527,135.931
22528,135.931
22529,135.931
22530,135.931
22531,135.931
22532,143.007
22533,143.007
22534,143.007
22535,143.007
22536,143.007
22537,143.007
22538,143.007
22539,143.007
22540,143.007
22541,143.007
22542,143.007
22543,143.007
22544,143.007
22545,143.007
22546,143.007
22547,143.007
22548,143.007
22549,143.007
22550,143.007
22551,143.007
22552,141.807
22553,141.807
22554,141.807
22555,141.807
22556,141.807
22557,141.807
22558,141.807
22559,141.807
22560,141.807
22561,141.807
22562,141.807
22563,141.807
22564,141.807
22565,141.807
22566,141.807
22567,141.807
22568,141.807
22569,141.807
22570,141.807
22571,141.807
22572,136.812
22573,136.812
22574,136.812
22575,136.812
22576,136.812
22577,136.812
22578,136.812
22579,136.812
22580,136.812
22581,136.812
22582,136.812
22583,136.812
22584,136.812
22585,136.812
22586,136.812
22587,136.812
22588,136.812
22589,136.812
22590,136.812
22591,136.812
22592,145.491
22593,145.491
22594,145.491
22595,145.491
22596,145.491
22597,145.491
22598,145.491
22599,145.491
22600,145.491
22601,145.491
22602,145.491
22603,145.491
22604,145.491
22605,145.491
22606,145.491
22607,145.491
22608,145.491
22609,145.491
22610,145.491
22611,145.491
22612,130.475
22613,130.475
22614,130.475
22615,130.475
22616,130.475
22617,130.475
22618,130.475
22619,130.475
22620,130.475
22621,130.475
22622,130.475
22623,130.475
22624,130.475
22625,130.475
22626,130.475
22627,130.475
22628,130.475
22629,130.475
22630,130.475
22631,130.475
22632,140.781
22633,140.781
22634,140.781
22635,140.781
22636,140.781
22637,140.781
22638,140.781
22639,140.781
22640,140.781
22641,140.781
22642,140.781
22643,140.781
22644,140.781
22645,140.781
22646,140.781
22647,140.781
22648,140.781
22649,140.781
22650,140.781
22651,140.781
22652,143.14
22653,143.14
22654,143.14
22655,143.14
22656,143.14
22657,143.14
22658,143.14
22659,143.14
22660,143.14
22661,143.14
22662,143.14
22663,143.14
22664,143.14
22665,143.14
22666,143.14
22667,143.14
22668,143.14
22669,143.14
22670,143.14
22671,143.14
22672,143.14
22673,134.585
22674,134.585
22675,134.585
22676,134.585
22677,134.585
22678,134.585
22679,134.585
22680,134.585
22681,134.585
22682,134.585
22683,134.585
22684,134.585
22685,134.585
22686,134.585
22687,134.585
22688,134.585
22689,134.585
22690,134.585
22691,134.585
22692,134.585
22693,144.012
22694,144.012
22695,144.012
22696,144.012
22697,144.012
22698,144.012
22699,144.012
22700,144.012
22701,144.012
22702,144.012
22703,144.012
22704,144.012
22705,144.012
22706,144.012
22707,144.012
22708,144.012
22709,144.012
22710,144.012
22711,144.012
22712,144.012
22713,134.866
22714,134.866
22715,134.866
22716,134.866
22717,134.866
22718,134.866
22719,134.866
22720,134.866
22721,134.866
22722,134.866
22723,134.866
22724,134.866
22725,134.866
22726,134.866
22727,134.866
22728,134.866
22729,134.866
22730,134.866
22731,134.866
22732,134.866
22733,138.695
22734,138.695
22735,138.695
22736,138.695
22737,138.695
22738,138.695
22739,138.695
22740,138.695
22741,138.695
22742,138.695
22743,138.695
22744,138.695
22745,138.695
22746,138.695
22747,138.695
22748,138.695
22749,138.695
22750,138.695
22751,138.695
22752,138.695
22753,145.218
22754,145.218
22755,145.218
22756,145.218
22757,145.218
22758,145.218
22759,145.218
22760,145.218
22761,145.218
22762,145.218
22763,145.218
22764,145.218
22765,145.218
22766,145.218
22767,145.218
22768,145.218
22769,145.218
22770,145.218
22771,145.218
22772,145.218
22773,134.313
22774,134.313
22775,134.313
22776,134.313
22777,134.313
22778,134.313
22779,134.313
22780,134.313
22781,134.313
22782,134.313
22783,134.313
22784,134.313
22785,134.313
22786,134.313
22787,134.313
22788,134.313
22789,134.313
22790,134.313
22791,134.313
22792,134.313
22793,141.054
22794,141.054
22795,141.054
22796,141.054
22797,141.054
22798,141.054
22799,141.054
22800,141.054
22801,141.054
22802,141.054
22803,141.054
22804,141.054
22805,141.054
22806,141.054
22807,141.054
22808,141.054
22809,141.054
22810,141.054
22811,141.054
22812,141.054
22813,137.216
22814,137.216
22815,137.216
22816,137.216
22817,137.216
22818,137.216
22819,137.216
22820,137.216
22821,137.216
22822,137.216
22823,137.216
22824,137.216
22825,137.216
22826,137.216
22827,137.216
22828,137.216
22829,137.216
22830,137.216
22831,137.216
22832,137.216
22833,135.792
22834,135.792
22835,135.792
22836,135.792
22837,135.792
22838,135.792
22839,135.792
22840,135.792
22841,135.792
22842,135.792
22843,135.792
22844,135.792
22845,135.792
22846,135.792
22847,135.792
22848,135.792
22849,135.792
22850,135.792
22851,135.792
22852,135.792
22853,144.891
22854,144.891
22855,144.891
22856,144.891
22857,144.891
22858,144.891
22859,144.891
22860,144.891
22861,144.891
22862,144.891
22863,144.891
22864,144.891
22865,144.891
22866,144.891
22867,144.891
22868,144.891
22869,144.891
22870,144.891
22871,144.891
22872,144.891
22873,135.465
22874,135.465
22875,135.465
22876,135.465
22877,135.465
22878,135.465
22879,135.465
22880,135.465
22881,135.465
22882,135.465
22883,135.465
22884,135.465
22885,135.465
22886,135.465
22887,135.465
22888,135.465
22889,135.465
22890,135.465
22891,135.465
22892,135.465
22893,139.575
22894,139.575
22895,139.575
22896,139.575
22897,139.575
22898,139.575
22899,139.575
22900,139.575
22901,139.575
22902,139.575
22903,139.575
22904,139.575
22905,139.575
22906,139.575
22907,139.575
22908,139.575
22909,139.575
22910,139.575
22911,139.575
22912,139.575
22913,139.575
22914,144.891
22915,144.891
22916,144.891
22917,144.891
22918,144.891
22919,144.891
22920,144.891
22921,144.891
22922,144.891
22923,144.891
22924,144.891
22925,144.891
22926,144.891
22927,144.891
22928,144.891
22929,144.891
22930,144.891
22931,144.891
22932,144.891
22933,144.891
22934,131.49
22935,131.49
22936,131.49
22937,131.49
22938,131.49
22939,131.49
22940,131.49
22941,131.49
22942,131.49
22943,131.49
22944,131.49
22945,131.49
22946,131.49
22947,131.49
22948,131.49
22949,131.49
22950,131.49
22951,131.49
22952,131.49
22953,131.49
22954,139.173
22955,139.173
22956,139.173
22957,139.173
22958,139.173
22959,139.173
22960,139.173
22961,139.173
22962,139.173
22963,139.173
22964,139.173
22965,139.173
22966,139.173
22967,139.173
22968,139.173
22969,139.173
22970,139.173
22971,139.173
22972,139.173
22973,139.173
22974,142.407
22975,142.407
22976,142.407
22977,142.407
22978,142.407
22979,142.407
22980,142.407
22981,142.407
22982,142.407
22983,142.407
22984,142.407
22985,142.407
22986,142.407
22987,142.407
22988,142.407
22989,142.407
22990,142.407
22991,142.407
22992,142.407
22993,142.407
22994,132.643
22995,132.643
22996,132.643
22997,132.643
22998,132.643
22999,132.643
23000,132.643
23001,132.643
23002,132.643
23003,132.643
23004,132.643
23005,132.643
23006,132.643
23007,132.643
23008,132.643
23009,132.643
23010,132.643
23011,132.643
23012,132.643
23013,132.643
23014,140.509
23015,140.509
23016,140.509
23017,140.509
23018,140.509
23019,140.509
23020,140.509
23021,140.509
23022,140.509
23023,140.509
23024,140.509
23025,140.509
23026,140.509
23027,140.509
23028,140.509
23029,140.509
23030,140.509
23031,140.509
23032,140.509
23033,140.509
23034,138.695
23035,138.695
23036,138.695
23037,138.695
23038,138.695
23039,138.695
23040,138.695
23041,138.695
23042,138.695
23043,138.695
23044,138.695
23045,138.695
23046,138.695
23047,138.695
23048,138.695
23049,138.695
23050,138.695
23051,138.695
23052,138.695
23053,138.695
23054,136.671
23055,136.671
23056,136.671
23057,136.671
23058,136.671
23059,136.671
23060,136.671
23061,136.671
23062,136.671
23063,136.671
23064,136.671
23065,136.671
23066,136.671
23067,136.671
23068,136.671
23069,136.671
23070,136.671
23071,136.671
23072,136.671
23073,136.671
23074,145.771
23075,145.771
23076,145.771
23077,145.771
23078,145.771
23079,145.771
23080,145.771
23081,145.771
23082,145.771
23083,145.771
23084,145.771
23085,145.771
23086,145.771
23087,145.771
23088,145.771
23089,145.771
23090,145.771
23091,145.771
23092,145.771
23093,145.771
23094,133.57
23095,133.57
23096,133.57
23097,133.57
23098,133.57
23099,133.57
23100,133.57
23101,133.57
23102,133.57
23103,133.57
23104,133.57
23105,133.57
23106,133.57
23107,133.57
23108,133.57
23109,133.57
23110,133.57
23111,133.57
23112,133.57
23113,133.57
23114,142.86
23115,142.86
23116,142.86
23117,142.86
23118,142.86
23119,142.86
23120,142.86
23121,142.86
23122,142.86
23123,142.86
23124,142.86
23125,142.86
23126,142.86
23127,142.86
23128,142.86
23129,142.86
23130,142.86
23131,142.86
23132,142.86
23133,142.86
23134,135.004
23135,135.004
23136,135.004
23137,135.004
23138,135.004
23139,135.004
23140,135.004
23141,135.004
23142,135.004
23143,135.004
23144,135.004
23145,135.004
23146,135.004
23147,135.004
23148,135.004
23149,135.004
23150,135.004
23151,135.004
23152,135.004
23153,135.004
23154,138.423
23155,138.423
23156,138.423
23157,138.423
23158,138.423
23159,138.423
23160,138.423
23161,138.423
23162,138.423
23163,138.423
23164,138.423
23165,138.423
23166,138.423
23167,138.423
23168,138.423
23169,138.423
23170,138.423
23171,138.423
23172,138.423
23173,138.423
23174,138.423
23175,144.433
23176,144.433
23177,144.433
23178,144.433
23179,144.433
23180,144.433
23181,144.433
23182,144.433
23183,144.433
23184,144.433
23185,144.433
23186,144.433
23187,144.433
23188,144.433
23189,144.433
23190,144.433
23191,144.433
23192,144.433
23193,144.433
23194,144.433
23195,136.671
23196,136.671
23197,136.671
23198,136.671
23199,136.671
23200,136.671
23201,136.671
23202,136.671
23203,136.671
23204,136.671
23205,136.671
23206,136.671
23207,136.671
23208,136.671
23209,136.671
23210,136.671
23211,136.671
23212,136.671
23213,136.671
23214,136.671
23215,145.771
23216,145.771
23217,145.771
23218,145.771
23219,145.771
23220,145.771
23221,145.771
23222,145.771
23223,145.771
23224,145.771
23225,145.771
23226,145.771
23227,145.771
23228,145.771
23229,145.771
23230,145.771
23231,145.771
23232,145.771
23233,145.771
23234,145.771
23235,133.433
23236,133.433
23237,133.433
23238,133.433
23239,133.433
23240,133.433
23241,133.433
23242,133.433
23243,133.433
23244,133.433
23245,133.433
23246,133.433
23247,133.433
23248,133.433
23249,133.433
23250,133.433
23251,133.433
23252,133.433
23253,133.433
23254,133.433
23255,143.412
23256,143.412
23257,143.412
23258,143.412
23259,143.412
23260,143.412
23261,143.412
23262,143.412
23263,143.412
23264,143.412
23265,143.412
23266,143.412
23267,143.412
23268,143.412
23269,143.412
23270,143.412
23271,143.412
23272,143.412
23273,143.412
23274,143.412
23275,137.824
23276,137.824
23277,137.824
23278,137.824
23279,137.824
23280,137.824
23281,137.824
23282,137.824
23283,137.824
23284,137.824
23285,137.824
23286,137.824
23287,137.824
23288,137.824
23289,137.824
23290,137.824
23291,137.824
23292,137.824
23293,137.824
23294,137.824
23295,137.824
23296,140.781
23297,140.781
23298,140.781
23299,140.781
23300,140.781
23301,140.781
23302,140.781
23303,140.781
23304,140.781
23305,140.781
23306,140.781
23307,140.781
23308,140.781
23309,140.781
23310,140.781
23311,140.781
23312,140.781
23313,140.781
23314,140.781
23315,140.781
23316,143.412
23317,143.412
23318,143.412
23319,143.412
23320,143.412
23321,143.412
23322,143.412
23323,143.412
23324,143.412
23325,143.412
23326,143.412
23327,143.412
23328,143.412
23329,143.412
23330,143.412
23331,143.412
23332,143.412
23333,143.412
23334,143.412
23335,143.412
23336,136.944
23337,136.944
23338,136.944
23339,136.944
23340,136.944
23341,136.944
23342,136.944
23343,136.944
23344,136.944
23345,136.944
23346,136.944
23347,136.944
23348,136.944
23349,136.944
23350,136.944
23351,136.944
23352,136.944
23353,136.944
23354,136.944
23355,136.944
23356,146.97
23357,146.97
23358,146.97
23359,146.97
23360,146.97
23361,146.97
23362,146.97
23363,146.97
23364,146.97
23365,146.97
23366,146.97
23367,146.97
23368,146.97
23369,146.97
23370,146.97
23371,146.97
23372,146.97
23373,146.97
23374,146.97
23375,146.97
23376,131.627
23377,131.627
23378,131.627
23379,131.627
23380,131.627
23381,131.627
23382,131.627
23383,131.627
23384,131.627
23385,131.627
23386,131.627
23387,131.627
23388,131.627
23389,131.627
23390,131.627
23391,131.627
23392,131.627
23393,131.627
23394,131.627
23395,131.627
23396,141.381
23397,141.381
23398,141.381
23399,141.381
23400,141.381
23401,141.381
23402,141.381
23403,141.381
23404,141.381
23405,141.381
23406,141.381
23407,141.381
23408,141.381
23409,141.381
23410,141.381
23411,141.381
23412,141.381
23413,141.381
23414,141.381
23415,141.381
23416,140.509
23417,140.509
23418,140.509
23419,140.509
23420,140.509
23421,140.509
23422,140.509
23423,140.509
23424,140.509
23425,140.509
23426,140.509
23427,140.509
23428,140.509
23429,140.509
23430,140.509
23431,140.509
23432,140.509
23433,140.509
23434,140.509
23435,140.509
23436,139.575
23437,139.575
23438,139.575
23439,139.575
23440,139.575
23441,139.575
23442,139.575
23443,139.575
23444,139.575
23445,139.575
23446,139.575
23447,139.575
23448,139.575
23449,139.575
23450,139.575
23451,139.575
23452,139.575
23453,139.575
23454,139.575
23455,139.575
23456,145.218
23457,145.218
23458,145.218
23459,145.218
23460,145.218
23461,145.218
23462,145.218
23463,145.218
23464,145.218
23465,145.218
23466,145.218
23467,145.218
23468,145.218
23469,145.218
23470,145.218
23471,145.218
23472,145.218
23473,145.218
23474,145.218
23475,145.218
23476,134.866
23477,134.866
23478,134.866
23479,134.866
23480,134.866
23481,134.866
23482,134.866
23483,134.866
23484,134.866
23485,134.866
23486,134.866
23487,134.866
23488,134.866
23489,134.866
23490,134.866
23491,134.866
23492,134.866
23493,134.866
23494,134.866
23495,134.866
23496,146.643
23497,146.643
23498,146.643
23499,146.643
23500,146.643
23501,146.643
23502,146.643
23503,146.643
23504,146.643
23505,146.643
23506,146.643
23507,146.643
23508,146.643
23509,146.643
23510,146.643
23511,146.643
23512,146.643
23513,146.643
23514,146.643
23515,146.643
23516,131.355
23517,131.355
23518,131.355
23519,131.355
23520,131.355
23521,131.355
23522,131.355
23523,131.355
23524,131.355
23525,131.355
23526,131.355
23527,131.355
23528,131.355
23529,131.355
23530,131.355
23531,131.355
23532,131.355
23533,131.355
23534,131.355
23535,131.355
23536,131.355
23537,142.533
23538,142.533
23539,142.533
23540,142.533
23541,142.533
23542,142.533
23543,142.533
23544,142.533
23545,142.533
23546,142.533
23547,142.533
23548,142.533
23549,142.533
23550,142.533
23551,142.533
23552,142.533
23553,142.533
23554,142.533
23555,142.533
23556,142.533
23557,140.781
23558,140.781
23559,140.781
23560,140.781
23561,140.781
23562,140.781
23563,140.781
23564,140.781
23565,140.781
23566,140.781
23567,140.781
23568,140.781
23569,140.781
23570,140.781
23571,140.781
23572,140.781
23573,140.781
23574,140.781
23575,140.781
23576,140.781
23577,138.695
23578,138.695
23579,138.695
23580,138.695
23581,138.695
23582,138.695
23583,138.695
23584,138.695
23585,138.695
23586,138.695
23587,138.695
23588,138.695
23589,138.695
23590,138.695
23591,138.695
23592,138.695
23593,138.695
23594,138.695
23595,138.695
23596,138.695
23597,145.771
23598,145.771
23599,145.771
23600,145.771
23601,145.771
23602,145.771
23603,145.771
23604,145.771
23605,145.771
23606,145.771
23607,145.771
23608,145.771
23609,145.771
23610,145.771
23611,145.771
23612,145.771
23613,145.771
23614,145.771
23615,145.771
23616,145.771
23617,133.714
23618,133.714
23619,133.714
23620,133.714
23621,133.714
23622,133.714
23623,133.714
23624,133.714
23625,133.714
23626,133.714
23627,133.714
23628,133.714
23629,133.714
23630,133.714
23631,133.714
23632,133.714
23633,133.714
23634,133.714
23635,133.714
23636,133.714
23637,142.26
23638,142.26
23639,142.26
23640,142.26
23641,142.26
23642,142.26
23643,142.26
23644,142.26
23645,142.26
23646,142.26
23647,142.26
23648,142.26
23649,142.26
23650,142.26
23651,142.26
23652,142.26
23653,142.26
23654,142.26
23655,142.26
23656,142.26
23657,134.585
23658,134.585
23659,134.585
23660,134.585
23661,134.585
23662,134.585
23663,134.585
23664,134.585
23665,134.585
23666,134.585
23667,134.585
23668,134.585
23669,134.585
23670,134.585
23671,134.585
23672,134.585
23673,134.585
23674,134.585
23675,134.585
23676,134.585
23677,139.03
23678,139.03
23679,139.03
23680,139.03
23681,139.03
23682,139.03
23683,139.03
23684,139.03
23685,139.03
23686,139.03
23687,139.03
23688,139.03
23689,139.03
23690,139.03
23691,139.03
23692,139.03
23693,139.03
23694,139.03
23695,139.03
23696,139.03
23697,141.054
23698,141.054
23699,141.054
23700,141.054
23701,141.054
23702,141.054
23703,141.054
23704,141.054
23705,141.054
23706,141.054
23707,141.054
23708,141.054
23709,141.054
23710,141.054
23711,141.054
23712,141.054
23713,141.054
23714,141.054
23715,141.054
23716,141.054
23717,136.064
23718,136.064
23719,136.064
23720,136.064
23721,136.064
23722,136.064
23723,136.064
23724,136.064
23725,136.064
23726,136.064
23727,136.064
23728,136.064
23729,136.064
23730,136.064
23731,136.064
23732,136.064
23733,136.064
23734,136.064
23735,136.064
23736,136.064
23737,136.064
23738,145.771
23739,145.771
23740,145.771
23741,145.771
23742,145.771
23743,145.771
23744,145.771
23745,145.771
23746,145.771
23747,145.771
23748,145.771
23749,145.771
23750,145.771
23751,145.771
23752,145.771
23753,145.771
23754,145.771
23755,145.771
23756,145.771
23757,145.771
23758,131.954
23759,131.954
23760,131.954
23761,131.954
23762,131.954
23763,131.954
23764,131.954
23765,131.954
23766,131.954
23767,131.954
23768,131.954
23769,131.954
23770,131.954
23771,131.954
23772,131.954
23773,131.954
23774,131.954
23775,131.954
23776,131.954
23777,131.954
23778,141.933
23779,141.933
23780,141.933
23781,141.933
23782,141.933
23783,141.933
23784,141.933
23785,141.933
23786,141.933
23787,141.933
23788,141.933
23789,141.933
23790,141.933
23791,141.933
23792,141.933
23793,141.933
23794,141.933
23795,141.933
23796,141.933
23797,141.933
23798,134.313
23799,134.313
23800,134.313
23801,134.313
23802,134.313
23803,134.313
23804,134.313
23805,134.313
23806,134.313
23807,134.313
23808,134.313
23809,134.313
23810,134.313
23811,134.313
23812,134.313
23813,134.313
23814,134.313
23815,134.313
23816,134.313
23817,134.313
23818,138.695
23819,138.695
23820,138.695
23821,138.695
23822,138.695
23823,138.695
23824,138.695
23825,138.695
23826,138.695
23827,138.695
23828,138.695
23829,138.695
23830,138.695
23831,138.695
23832,138.695
23833,138.695
23834,138.695
23835,138.695
23836,138.695
23837,138.695
23838,143.14
23839,143.14
23840,143.14
23841,143.14
23842,143.14
23843,143.14
23844,143.14
23845,143.14
23846,143.14
23847,143.14
23848,143.14
23849,143.14
23850,143.14
23851,143.14
23852,143.14
23853,143.14
23854,143.14
23855,143.14
23856,143.14
23857,143.14
23858,134.866
23859,134.866
23860,134.866
23861,134.866
23862,134.866
23863,134.866
23864,134.866
23865,134.866
23866,134.866
23867,134.866
23868,134.866
23869,134.866
23870,134.866
23871,134.866
23872,134.866
23873,134.866
23874,134.866
23875,134.866
23876,134.866
23877,134.866
23878,144.619
23879,144.619
23880,144.619
23881,144.619
23882,144.619
23883,144.619
23884,144.619
23885,144.619
23886,144.619
23887,144.619
23888,144.619
23889,144.619
23890,144.619
23891,144.619
23892,144.619
23893,144.619
23894,144.619
23895,144.619
23896,144.619
23897,144.619
23898,131.22
23899,131.22
23900,131.22
23901,131.22
23902,131.22
23903,131.22
23904,131.22
23905,131.22
23906,131.22
23907,131.22
23908,131.22
23909,131.22
23910,131.22
23911,131.22
23912,131.22
23913,131.22
23914,131.22
23915,131.22
23916,131.22
23917,131.22
23918,140.365
23919,140.365
23920,140.365
23921,140.365
23922,140.365
23923,140.365
23924,140.365
23925,140.365
23926,140.365
23927,140.365
23928,140.365
23929,140.365
23930,140.365
23931,140.365
23932,140.365
23933,140.365
23934,140.365
23935,140.365
23936,140.365
23937,140.365
23938,139.431
23939,139.431
23940,139.431
23941,139.431
23942,139.431
23943,139.431
23944,139.431
23945,139.431
23946,139.431
23947,139.431
23948,139.431
23949,139.431
23950,139.431
23951,139.431
23952,139.431
23953,139.431
23954,139.431
23955,139.431
23956,139.431
23957,139.431
23958,139.431
23959,136.803
23960,136.803
23961,136.803
23962,136.803
23963,136.803
23964,136.803
23965,136.803
23966,136.803
23967,136.803
23968,136.803
23969,136.803
23970,136.803
23971,136.803
23972,136.803
23973,136.803
23974,136.803
23975,136.803
23976,136.803
23977,136.803
23978,136.803
23979,144.47
23980,144.47
23981,144.47
23982,144.47
23983,144.47
23984,144.47
23985,144.47
23986,144.47
23987,144.47
23988,144.47
23989,144.47
23990,144.47
23991,144.47
23992,144.47
23993,144.47
23994,144.47
23995,144.47
23996,144.47
23997,144.47
23998,144.47
23999,132.371
24000,132.371
24001,132.371
24002,132.371
24003,132.371
24004,132.371
24005,132.371
24006,132.371
24007,132.371
24008,132.371
24009,132.371
24010,132.371
24011,132.371
24012,132.371
24013,132.371
24014,132.371
24015,132.371
24016,132.371
24017,132.371
24018,132.371
24019,141.515
24020,141.515
24021,141.515
24022,141.515
24023,141.515
24024,141.515
24025,141.515
24026,141.515
24027,141.515
24028,141.515
24029,141.515
24030,141.515
24031,141.515
24032,141.515
24033,141.515
24034,141.515
24035,141.515
24036,141.515
24037,141.515
24038,141.515
24039,134.727
24040,134.727
24041,134.727
24042,134.727
24043,134.727
24044,134.727
24045,134.727
24046,134.727
24047,134.727
24048,134.727
24049,134.727
24050,134.727
24051,134.727
24052,134.727
24053,134.727
24054,134.727
24055,134.727
24056,134.727
24057,134.727
24058,134.727
24059,138.008
24060,138.008
24061,138.008
24062,138.008
24063,138.008
24064,138.008
24065,138.008
24066,138.008
24067,138.008
24068,138.008
24069,138.008
24070,138.008
24071,138.008
24072,138.008
24073,138.008
24074,138.008
24075,138.008
24076,138.008
24077,138.008
24078,138.008
24079,141.235
24080,141.235
24081,141.235
24082,141.235
24083,141.235
24084,141.235
24085,141.235
24086,141.235
24087,141.235
24088,141.235
24089,141.235
24090,141.235
24091,141.235
24092,141.235
24093,141.235
24094,141.235
24095,141.235
24096,141.235
24097,141.235
24098,141.235
24099,134.175
24100,134.175
24101,134.175
24102,134.175
24103,134.175
24104,134.175
24105,134.175
24106,134.175
24107,134.175
24108,134.175
24109,134.175
24110,134.175
24111,134.175
24112,134.175
24113,134.175
24114,134.175
24115,134.175
24116,134.175
24117,134.175
24118,134.175
24119,145.621
24120,145.621
24121,145.621
24122,145.621
24123,145.621
24124,145.621
24125,145.621
24126,145.621
24127,145.621
24128,145.621
24129,145.621
24130,145.621
24131,145.621
24132,145.621
24133,145.621
24134,145.621
24135,145.621
24136,145.621
24137,145.621
24138,145.621
24139,133.296
24140,133.296
24141,133.296
24142,133.296
24143,133.296
24144,133.296
24145,133.296
24146,133.296
24147,133.296
24148,133.296
24149,133.296
24150,133.296
24151,133.296
24152,133.296
24153,133.296
24154,133.296
24155,133.296
24156,133.296
24157,133.296
24158,133.296
24159,140.174
24160,140.174
24161,140.174
24162,140.174
24163,140.174
24164,140.174
24165,140.174
24166,140.174
24167,140.174
24168,140.174
24169,140.174
24170,140.174
24171,140.174
24172,140.174
24173,140.174
24174,140.174
24175,140.174
24176,140.174
24177,140.174
24178,140.174
24179,140.174
24180,130.89
24181,130.89
24182,130.89
24183,130.89
24184,130.89
24185,130.89
24186,130.89
24187,130.89
24188,130.89
24189,130.89
24190,130.89
24191,130.89
24192,130.89
24193,130.89
24194,130.89
24195,130.89
24196,130.89
24197,130.89
24198,130.89
24199,130.89
24200,117.34
24201,117.34
24202,117.34
24203,117.34
24204,117.34
24205,117.34
24206,117.34
24207,117.34
24208,117.34
24209,117.34
24210,117.34
24211,117.34
24212,117.34
24213,117.34
24214,117.34
24215,117.34
24216,117.34
24217,117.34
24218,117.34
24219,117.34
24220,147.729
24221,147.729
24222,147.729
24223,147.729
24224,147.729
24225,147.729
24226,147.729
24227,147.729
24228,147.729
24229,147.729
24230,147.729
24231,147.729
24232,147.729
24233,147.729
24234,147.729
24235,147.729
24236,147.729
24237,147.729
24238,147.729
24239,147.729
24240,139.173
24241,139.173
24242,139.173
24243,139.173
24244,139.173
24245,139.173
24246,139.173
24247,139.173
24248,139.173
24249,139.173
24250,139.173
24251,139.173
24252,139.173
24253,139.173
24254,139.173
24255,139.173
24256,139.173
24257,139.173
24258,139.173
24259,139.173
24260,141.199
24261,141.199
24262,141.199
24263,141.199
24264,141.199
24265,141.199
24266,141.199
24267,141.199
24268,141.199
24269,141.199
24270,141.199
24271,141.199
24272,141.199
24273,141.199
24274,141.199
24275,141.199
24276,141.199
24277,141.199
24278,141.199
24279,141.199
24280,143.887
24281,143.887
24282,143.887
24283,143.887
24284,143.887
24285,143.887
24286,143.887
24287,143.887
24288,143.887
24289,143.887
24290,143.887
24291,143.887
24292,143.887
24293,143.887
24294,143.887
24295,143.887
24296,143.887
24297,143.887
24298,143.887
24299,143.887
24300,132.09
24301,132.09
24302,132.09
24303,132.09
24304,132.09
24305,132.09
24306,132.09
24307,132.09
24308,132.09
24309,132.09
24310,132.09
24311,132.09
24312,132.09
24313,132.09
24314,132.09
24315,132.09
24316,132.09
24317,132.09
24318,132.09
24319,132.09
24320,132.643
24321,132.643
24322,132.643
24323,132.643
24324,132.643
24325,132.643
24326,132.643
24327,132.643
24328,132.643
24329,132.643
24330,132.643
24331,132.643
24332,132.643
24333,132.643
24334,132.643
24335,132.643
24336,132.643
24337,132.643
24338,132.643
24339,132.643
24340,132.643
24341,139.446
24342,139.446
24343,139.446
24344,139.446
24345,139.446
24346,139.446
24347,139.446
24348,139.446
24349,139.446
24350,139.446
24351,139.446
24352,139.446
24353,139.446
24354,139.446
24355,139.446
24356,139.446
24357,139.446
24358,139.446
24359,139.446
24360,139.446
24361,145.04
24362,145.04
24363,145.04
24364,145.04
24365,145.04
24366,145.04
24367,145.04
24368,145.04
24369,145.04
24370,145.04
24371,145.04
24372,145.04
24373,145.04
24374,145.04
24375,145.04
24376,145.04
24377,145.04
24378,145.04
24379,145.04
24380,145.04
24381,139.446
24382,139.446
24383,139.446
24384,139.446
24385,139.446
24386,139.446
24387,139.446
24388,139.446
24389,139.446
24390,139.446
24391,139.446
24392,139.446
24393,139.446
24394,139.446
24395,139.446
24396,139.446
24397,139.446
24398,139.446
24399,139.446
24400,139.446
24401,129.402
24402,129.402
24403,129.402
24404,129.402
24405,129.402
24406,129.402
24407,129.402
24408,129.402
24409,129.402
24410,129.402
24411,129.402
24412,129.402
24413,129.402
24414,129.402
24415,129.402
24416,129.402
24417,129.402
24418,129.402
24419,129.402
24420,129.402
24421,136.625
24422,136.625
24423,136.625
24424,136.625
24425,136.625
24426,136.625
24427,136.625
24428,136.625
24429,136.625
24430,136.625
24431,136.625
24432,136.625
24433,136.625
24434,136.625
24435,136.625
24436,136.625
24437,136.625
24438,136.625
24439,136.625
24440,136.625
24441,143.287
24442,143.287
24443,143.287
24444,143.287
24445,143.287
24446,143.287
24447,143.287
24448,143.287
24449,143.287
24450,143.287
24451,143.287
24452,143.287
24453,143.287
24454,143.287
24455,143.287
24456,143.287
24457,143.287
24458,143.287
24459,143.287
24460,143.287
24461,143.007
24462,143.007
24463,143.007
24464,143.007
24465,143.007
24466,143.007
24467,143.007
24468,143.007
24469,143.007
24470,143.007
24471,143.007
24472,143.007
24473,143.007
24474,143.007
24475,143.007
24476,143.007
24477,143.007
24478,143.007
24479,143.007
24480,143.007
24481,128.856
24482,128.856
24483,128.856
24484,128.856
24485,128.856
24486,128.856
24487,128.856
24488,128.856
24489,128.856
24490,128.856
24491,128.856
24492,128.856
24493,128.856
24494,128.856
24495,128.856
24496,128.856
24497,128.856
24498,128.856
24499,128.856
24500,128.856
24501,134.124
24502,134.124
24503,134.124
24504,134.124
24505,134.124
24506,134.124
24507,134.124
24508,134.124
24509,134.124
24510,134.124
24511,134.124
24512,134.124
24513,134.124
24514,134.124
24515,134.124
24516,134.124
24517,134.124
24518,134.124
24519,134.124
24520,134.124
24521,140.318
24522,140.318
24523,140.318
24524,140.318
24525,140.318
24526,140.318
24527,140.318
24528,140.318
24529,140.318
24530,140.318
24531,140.318
24532,140.318
24533,140.318
24534,140.318
24535,140.318
24536,140.318
24537,140.318
24538,140.318
24539,140.318
24540,140.318
24541,145.04
24542,145.04
24543,145.04
24544,145.04
24545,145.04
24546,145.04
24547,145.04
24548,145.04
24549,145.04
24550,145.04
24551,145.04
24552,145.04
24553,145.04
24554,145.04
24555,145.04
24556,145.04
24557,145.04
24558,145.04
24559,145.04
24560,145.04
24561,136.952
24562,136.952
24563,136.952
24564,136.952
24565,136.952
24566,136.952
24567,136.952
24568,136.952
24569,136.952
24570,136.952
24571,136.952
24572,136.952
24573,136.952
24574,136.952
24575,136.952
24576,136.952
24577,136.952
24578,136.952
24579,136.952
24580,136.952
24581,132.506
24582,132.506
24583,132.506
24584,132.506
24585,132.506
24586,132.506
24587,132.506
24588,132.506
24589,132.506
24590,132.506
24591,132.506
24592,132.506
24593,132.506
24594,132.506
24595,132.506
24596,132.506
24597,132.506
24598,132.506
24599,132.506
24600,132.506
24601,132.506
24602,139.862
24603,139.862
24604,139.862
24605,139.862
24606,139.862
24607,139.862
24608,139.862
24609,139.862
24610,139.862
24611,139.862
24612,139.862
24613,139.862
24614,139.862
24615,139.862
24616,139.862
24617,139.862
24618,139.862
24619,139.862
24620,139.862
24621,139.862
24622,145.04
24623,145.04
24624,145.04
24625,145.04
24626,145.04
24627,145.04
24628,145.04
24629,145.04
24630,145.04
24631,145.04
24632,145.04
24633,145.04
24634,145.04
24635,145.04
24636,145.04
24637,145.04
24638,145.04
24639,145.04
24640,145.04
24641,145.04
24642,138.107
24643,138.107
24644,138.107
24645,138.107
24646,138.107
24647,138.107
24648,138.107
24649,138.107
24650,138.107
24651,138.107
24652,138.107
24653,138.107
24654,138.107
24655,138.107
24656,138.107
24657,138.107
24658,138.107
24659,138.107
24660,138.107
24661,138.107
24662,132.779
24663,132.779
24664,132.779
24665,132.779
24666,132.779
24667,132.779
24668,132.779
24669,132.779
24670,132.779
24671,132.779
24672,132.779
24673,132.779
24674,132.779
24675,132.779
24676,132.779
24677,132.779
24678,132.779
24679,132.779
24680,132.779
24681,132.779
24682,139.446
24683,139.446
24684,139.446
24685,139.446
24686,139.446
24687,139.446
24688,139.446
24689,139.446
24690,139.446
24691,139.446
24692,139.446
24693,139.446
24694,139.446
24695,139.446
24696,139.446
24697,139.446
24698,139.446
24699,139.446
24700,139.446
24701,139.446
24702,144.768
24703,144.768
24704,144.768
24705,144.768
24706,144.768
24707,144.768
24708,144.768
24709,144.768
24710,144.768
24711,144.768
24712,144.768
24713,144.768
24714,144.768
24715,144.768
24716,144.768
24717,144.768
24718,144.768
24719,144.768
24720,144.768
24721,144.768
24722,132.643
24723,132.643
24724,132.643
24725,132.643
24726,132.643
24727,132.643
24728,132.643
24729,132.643
24730,132.643
24731,132.643
24732,132.643
24733,132.643
24734,132.643
24735,132.643
24736,132.643
24737,132.643
24738,132.643
24739,132.643
24740,132.643
24741,132.643
24742,139.173
24743,139.173
24744,139.173
24745,139.173
24746,139.173
24747,139.173
24748,139.173
24749,139.173
24750,139.173
24751,139.173
24752,139.173
24753,139.173
24754,139.173
24755,139.173
24756,139.173
24757,139.173
24758,139.173
24759,139.173
24760,139.173
24761,139.173
24762,143.56
24763,143.56
24764,143.56
24765,143.56
24766,143.56
24767,143.56
24768,143.56
24769,143.56
24770,143.56
24771,143.56
24772,143.56
24773,143.56
24774,143.56
24775,143.56
24776,143.56
24777,143.56
24778,143.56
24779,143.56
24780,143.56
24781,143.56
24782,133.38
24783,133.38
24784,133.38
24785,133.38
24786,133.38
24787,133.38
24788,133.38
24789,133.38
24790,133.38
24791,133.38
24792,133.38
24793,133.38
24794,133.38
24795,133.38
24796,133.38
24797,133.38
24798,133.38
24799,133.38
24800,133.38
24801,133.38
24802,144.308
24803,144.308
24804,144.308
24805,144.308
24806,144.308
24807,144.308
24808,144.308
24809,144.308
24810,144.308
24811,144.308
24812,144.308
24813,144.308
24814,144.308
24815,144.308
24816,144.308
24817,144.308
24818,144.308
24819,144.308
24820,144.308
24821,144.308
24822,139.316
24823,139.316
24824,139.316
24825,139.316
24826,139.316
24827,139.316
24828,139.316
24829,139.316
24830,139.316
24831,139.316
24832,139.316
24833,139.316
24834,139.316
24835,139.316
24836,139.316
24837,139.316
24838,139.316
24839,139.316
24840,139.316
24841,139.316
24842,138.85
24843,138.85
24844,138.85
24845,138.85
24846,138.85
24847,138.85
24848,138.85
24849,138.85
24850,138.85
24851,138.85
24852,138.85
24853,138.85
24854,138.85
24855,138.85
24856,138.85
24857,138.85
24858,138.85
24859,138.85
24860,138.85
24861,138.85
24862,138.85
24863,145.939
24864,145.939
24865,145.939
24866,145.939
24867,145.939
24868,145.939
24869,145.939
24870,145.939
24871,145.939
24872,145.939
24873,145.939
24874,145.939
24875,145.939
24876,145.939
24877,145.939
24878,145.939
24879,145.939
24880,145.939
24881,145.939
24882,145.939
24883,130.55
24884,130.55
24885,130.55
24886,130.55
24887,130.55
24888,130.55
24889,130.55
24890,130.55
24891,130.55
24892,130.55
24893,130.55
24894,130.55
24895,130.55
24896,130.55
24897,130.55
24898,130.55
24899,130.55
24900,130.55
24901,130.55
24902,130.55
24903,141.215
24904,141.215
24905,141.215
24906,141.215
24907,141.215
24908,141.215
24909,141.215
24910,141.215
24911,141.215
24912,141.215
24913,141.215
24914,141.215
24915,141.215
24916,141.215
24917,141.215
24918,141.215
24919,141.215
24920,141.215
24921,141.215
24922,141.215
24923,142.371
24924,142.371
24925,142.371
24926,142.371
24927,142.371
24928,142.371
24929,142.371
24930,142.371
24931,142.371
24932,142.371
24933,142.371
24934,142.371
24935,142.371
24936,142.371
24937,142.371
24938,142.371
24939,142.371
24940,142.371
24941,142.371
24942,142.371
24943,135.883
24944,135.883
24945,135.883
24946,135.883
24947,135.883
24948,135.883
24949,135.883
24950,135.883
24951,135.883
24952,135.883
24953,135.883
24954,135.883
24955,135.883
24956,135.883
24957,135.883
24958,135.883
24959,135.883
24960,135.883
24961,135.883
24962,135.883
24963,142.972
24964,142.972
24965,142.972
24966,142.972
24967,142.972
24968,142.972
24969,142.972
24970,142.972
24971,142.972
24972,142.972
24973,142.972
24974,142.972
24975,142.972
24976,142.972
24977,142.972
24978,142.972
24979,142.972
24980,142.972
24981,142.972
24982,142.972
24983,135.609
24984,135.609
24985,135.609
24986,135.609
24987,135.609
24988,135.609
24989,135.609
24990,135.609
24991,135.609
24992,135.609
24993,135.609
24994,135.609
24995,135.609
24996,135.609
24997,135.609
24998,135.609
24999,135.609
25000,135.609
25001,135.609
25002,135.609
25003,136.484
25004,136.484
25005,136.484
25006,136.484
25007,136.484
25008,136.484
25009,136.484
25010,136.484
25011,136.484
25012,136.484
25013,136.484
25014,136.484
25015,136.484
25016,136.484
25017,136.484
25018,136.484
25019,136.484
25020,136.484
25021,136.484
25022,136.484
25023,144.729
25024,144.729
25025,144.729
25026,144.729
25027,144.729
25028,144.729
25029,144.729
25030,144.729
25031,144.729
25032,144.729
25033,144.729
25034,144.729
25035,144.729
25036,144.729
25037,144.729
25038,144.729
25039,144.729
25040,144.729
25041,144.729
25042,144.729
25043,133.845
25044,133.845
25045,133.845
25046,133.845
25047,133.845
25048,133.845
25049,133.845
25050,133.845
25051,133.845
25052,133.845
25053,133.845
25054,133.845
25055,133.845
25056,133.845
25057,133.845
25058,133.845
25059,133.845
25060,133.845
25061,133.845
25062,133.845
25063,142.699
25064,142.699
25065,142.699
25066,142.699
25067,142.699
25068,142.699
25069,142.699
25070,142.699
25071,142.699
25072,142.699
25073,142.699
25074,142.699
25075,142.699
25076,142.699
25077,142.699
25078,142.699
25079,142.699
25080,142.699
25081,142.699
25082,142.699
25083,140.606
25084,140.606
25085,140.606
25086,140.606
25087,140.606
25088,140.606
25089,140.606
25090,140.606
25091,140.606
25092,140.606
25093,140.606
25094,140.606
25095,140.606
25096,140.606
25097,140.606
25098,140.606
25099,140.606
25100,140.606
25101,140.606
25102,140.606
25103,140.606
25104,132.642
25105,132.642
25106,132.642
25107,132.642
25108,132.642
25109,132.642
25110,132.642
25111,132.642
25112,132.642
25113,132.642
25114,132.642
25115,132.642
25116,132.642
25117,132.642
25118,132.642
25119,132.642
25120,132.642
25121,132.642
25122,132.642
25123,132.642
25124,141.489
25125,141.489
25126,141.489
25127,141.489
25128,141.489
25129,141.489
25130,141.489
25131,141.489
25132,141.489
25133,141.489
25134,141.489
25135,141.489
25136,141.489
25137,141.489
25138,141.489
25139,141.489
25140,141.489
25141,141.489
25142,141.489
25143,141.489
25144,135.281
25145,135.281
25146,135.281
25147,135.281
25148,135.281
25149,135.281
25150,135.281
25151,135.281
25152,135.281
25153,135.281
25154,135.281
25155,135.281
25156,135.281
25157,135.281
25158,135.281
25159,135.281
25160,135.281
25161,135.281
25162,135.281
25163,135.281
25164,136.625
25165,136.625
25166,136.625
25167,136.625
25168,136.625
25169,136.625
25170,136.625
25171,136.625
25172,136.625
25173,136.625
25174,136.625
25175,136.625
25176,136.625
25177,136.625
25178,136.625
25179,136.625
25180,136.625
25181,136.625
25182,136.625
25183,136.625
25184,146.398
25185,146.398
25186,146.398
25187,146.398
25188,146.398
25189,146.398
25190,146.398
25191,146.398
25192,146.398
25193,146.398
25194,146.398
25195,146.398
25196,146.398
25197,146.398
25198,146.398
25199,146.398
25200,146.398
25201,146.398
25202,146.398
25203,146.398
25204,132.916
25205,132.916
25206,132.916
25207,132.916
25208,132.916
25209,132.916
25210,132.916
25211,132.916
25212,132.916
25213,132.916
25214,132.916
25215,132.916
25216,132.916
25217,132.916
25218,132.916
25219,132.916
25220,132.916
25221,132.916
25222,132.916
25223,132.916
25224,140.189
25225,140.189
25226,140.189
25227,140.189
25228,140.189
25229,140.189
25230,140.189
25231,140.189
25232,140.189
25233,140.189
25234,140.189
25235,140.189
25236,140.189
25237,140.189
25238,140.189
25239,140.189
25240,140.189
25241,140.189
25242,140.189
25243,140.189
25244,141.817
25245,141.817
25246,141.817
25247,141.817
25248,141.817
25249,141.817
25250,141.817
25251,141.817
25252,141.817
25253,141.817
25254,141.817
25255,141.817
25256,141.817
25257,141.817
25258,141.817
25259,141.817
25260,141.817
25261,141.817
25262,141.817
25263,141.817
25264,137.967
25265,137.967
25266,137.967
25267,137.967
25268,137.967
25269,137.967
25270,137.967
25271,137.967
25272,137.967
25273,137.967
25274,137.967
25275,137.967
25276,137.967
25277,137.967
25278,137.967
25279,137.967
25280,137.967
25281,137.967
25282,137.967
25283,137.967
25284,145.939
25285,145.939
25286,145.939
25287,145.939
25288,145.939
25289,145.939
25290,145.939
25291,145.939
25292,145.939
25293,145.939
25294,145.939
25295,145.939
25296,145.939
25297,145.939
25298,145.939
25299,145.939
25300,145.939
25301,145.939
25302,145.939
25303,145.939
25304,145.939
25305,130.55
25306,130.55
25307,130.55
25308,130.55
25309,130.55
25310,130.55
25311,130.55
25312,130.55
25313,130.55
25314,130.55
25315,130.55
25316,130.55
25317,130.55
25318,130.55
25319,130.55
25320,130.55
25321,130.55
25322,130.55
25323,130.55
25324,130.55
25325,142.699
25326,142.699
25327,142.699
25328,142.699
25329,142.699
25330,142.699
25331,142.699
25332,142.699
25333,142.699
25334,142.699
25335,142.699
25336,142.699
25337,142.699
25338,142.699
25339,142.699
25340,142.699
25341,142.699
25342,142.699
25343,142.699
25344,142.699
25345,140.606
25346,140.606
25347,140.606
25348,140.606
25349,140.606
25350,140.606
25351,140.606
25352,140.606
25353,140.606
25354,140.606
25355,140.606
25356,140.606
25357,140.606
25358,140.606
25359,140.606
25360,140.606
25361,140.606
25362,140.606
25363,140.606
25364,140.606
25365,135.883
25366,135.883
25367,135.883
25368,135.883
25369,135.883
25370,135.883
25371,135.883
25372,135.883
25373,135.883
25374,135.883
25375,135.883
25376,135.883
25377,135.883
25378,135.883
25379,135.883
25380,135.883
25381,135.883
25382,135.883
25383,135.883
25384,135.883
25385,146.548
25386,146.548
25387,146.548
25388,146.548
25389,146.548
25390,146.548
25391,146.548
25392,146.548
25393,146.548
25394,146.548
25395,146.548
25396,146.548
25397,146.548
25398,146.548
25399,146.548
25400,146.548
25401,146.548
25402,146.548
25403,146.548
25404,146.548
25405,131.159
25406,131.159
25407,131.159
25408,131.159
25409,131.159
25410,131.159
25411,131.159
25412,131.159
25413,131.159
25414,131.159
25415,131.159
25416,131.159
25417,131.159
25418,131.159
25419,131.159
25420,131.159
25421,131.159
25422,131.159
25423,131.159
25424,131.159
25425,141.215
25426,141.215
25427,141.215
25428,141.215
25429,141.215
25430,141.215
25431,141.215
25432,141.215
25433,141.215
25434,141.215
25435,141.215
25436,141.215
25437,141.215
25438,141.215
25439,141.215
25440,141.215
25441,141.215
25442,141.215
25443,141.215
25444,141.215
25445,143.855
25446,143.855
25447,143.855
25448,143.855
25449,143.855
25450,143.855
25451,143.855
25452,143.855
25453,143.855
25454,143.855
25455,143.855
25456,143.855
25457,143.855
25458,143.855
25459,143.855
25460,143.855
25461,143.855
25462,143.855
25463,143.855
25464,143.855
25465,136.211
25466,136.211
25467,136.211
25468,136.211
25469,136.211
25470,136.211
25471,136.211
25472,136.211
25473,136.211
25474,136.211
25475,136.211
25476,136.211
25477,136.211
25478,136.211
25479,136.211
25480,136.211
25481,136.211
25482,136.211
25483,136.211
25484,136.211
25485,145.338
25486,145.338
25487,145.338
25488,145.338
25489,145.338
25490,145.338
25491,145.338
25492,145.338
25493,145.338
25494,145.338
25495,145.338
25496,145.338
25497,145.338
25498,145.338
25499,145.338
25500,145.338
25501,145.338
25502,145.338
25503,145.338
25504,145.338
25505,132.778
25506,132.778
25507,132.778
25508,132.778
25509,132.778
25510,132.778
25511,132.778
25512,132.778
25513,132.778
25514,132.778
25515,132.778
25516,132.778
25517,132.778
25518,132.778
25519,132.778
25520,132.778
25521,132.778
25522,132.778
25523,132.778
25524,132.778
25525,138.576
25526,138.576
25527,138.576
25528,138.576
25529,138.576
25530,138.576
25531,138.576
25532,138.576
25533,138.576
25534,138.576
25535,138.576
25536,138.576
25537,138.576
25538,138.576
25539,138.576
25540,138.576
25541,138.576
25542,138.576
25543,138.576
25544,138.576
25545,144.183
25546,144.183
25547,144.183
25548,144.183
25549,144.183
25550,144.183
25551,144.183
25552,144.183
25553,144.183
25554,144.183
25555,144.183
25556,144.183
25557,144.183
25558,144.183
25559,144.183
25560,144.183
25561,144.183
25562,144.183
25563,144.183
25564,144.183
25565,144.183
25566,135.281
25567,135.281
25568,135.281
25569,135.281
25570,135.281
25571,135.281
25572,135.281
25573,135.281
25574,135.281
25575,135.281
25576,135.281
25577,135.281
25578,135.281
25579,135.281
25580,135.281
25581,135.281
25582,135.281
25583,135.281
25584,135.281
25585,135.281
25586,142.972
25587,142.972
25588,142.972
25589,142.972
25590,142.972
25591,142.972
25592,142.972
25593,142.972
25594,142.972
25595,142.972
25596,142.972
25597,142.972
25598,142.972
25599,142.972
25600,142.972
25601,142.972
25602,142.972
25603,142.972
25604,142.972
25605,142.972
25606,131.76
25607,131.76
25608,131.76
25609,131.76
25610,131.76
25611,131.76
25612,131.76
25613,131.76
25614,131.76
25615,131.76
25616,131.76
25617,131.76
25618,131.76
25619,131.76
25620,131.76
25621,131.76
25622,131.76
25623,131.76
25624,131.76
25625,131.76
25626,139.732
25627,139.732
25628,139.732
25629,139.732
25630,139.732
25631,139.732
25632,139.732
25633,139.732
25634,139.732
25635,139.732
25636,139.732
25637,139.732
25638,139.732
25639,139.732
25640,139.732
25641,139.732
25642,139.732
25643,139.732
25644,139.732
25645,139.732
25646,142.699
25647,142.699
25648,142.699
25649,142.699
25650,142.699
25651,142.699
25652,142.699
25653,142.699
25654,142.699
25655,142.699
25656,142.699
25657,142.699
25658,142.699
25659,142.699
25660,142.699
25661,142.699
25662,142.699
25663,142.699
25664,142.699
25665,142.699
25666,137.639
25667,137.639
25668,137.639
25669,137.639
25670,137.639
25671,137.639
25672,137.639
25673,137.639
25674,137.639
25675,137.639
25676,137.639
25677,137.639
25678,137.639
25679,137.639
25680,137.639
25681,137.639
25682,137.639
25683,137.639
25684,137.639
25685,137.639
25686,146.548
25687,146.548
25688,146.548
25689,146.548
25690,146.548
25691,146.548
25692,146.548
25693,146.548
25694,146.548
25695,146.548
25696,146.548
25697,146.548
25698,146.548
25699,146.548
25700,146.548
25701,146.548
25702,146.548
25703,146.548
25704,146.548
25705,146.548
25706,134.399
25707,134.399
25708,134.399
25709,134.399
25710,134.399
25711,134.399
25712,134.399
25713,134.399
25714,134.399
25715,134.399
25716,134.399
25717,134.399
25718,134.399
25719,134.399
25720,134.399
25721,134.399
25722,134.399
25723,134.399
25724,134.399
25725,134.399
25726,143.3
25727,143.3
25728,143.3
25729,143.3
25730,143.3
25731,143.3
25732,143.3
25733,143.3
25734,143.3
25735,143.3
25736,143.3
25737,143.3
25738,143.3
25739,143.3
25740,143.3
25741,143.3
25742,143.3
25743,143.3
25744,143.3
25745,143.3
25746,137.639
25747,137.639
25748,137.639
25749,137.639
25750,137.639
25751,137.639
25752,137.639
25753,137.639
25754,137.639
25755,137.639
25756,137.639
25757,137.639
25758,137.639
25759,137.639
25760,137.639
25761,137.639
25762,137.639
25763,137.639
25764,137.639
25765,137.639
25766,140.005
25767,140.005
25768,140.005
25769,140.005
25770,140.005
25771,140.005
25772,140.005
25773,140.005
25774,140.005
25775,140.005
25776,140.005
25777,140.005
25778,140.005
25779,140.005
25780,140.005
25781,140.005
25782,140.005
25783,140.005
25784,140.005
25785,140.005
25786,140.005
25787,142.699
25788,142.699
25789,142.699
25790,142.699
25791,142.699
25792,142.699
25793,142.699
25794,142.699
25795,142.699
25796,142.699
25797,142.699
25798,142.699
25799,142.699
25800,142.699
25801,142.699
25802,142.699
25803,142.699
25804,142.699
25805,142.699
25806,142.699
25807,136.765
25808,136.765
25809,136.765
25810,136.765
25811,136.765
25812,136.765
25813,136.765
25814,136.765
25815,136.765
25816,136.765
25817,136.765
25818,136.765
25819,136.765
25820,136.765
25821,136.765
25822,136.765
25823,136.765
25824,136.765
25825,136.765
25826,136.765
25827,147.095
25828,147.095
25829,147.095
25830,147.095
25831,147.095
25832,147.095
25833,147.095
25834,147.095
25835,147.095
25836,147.095
25837,147.095
25838,147.095
25839,147.095
25840,147.095
25841,147.095
25842,147.095
25843,147.095
25844,147.095
25845,147.095
25846,147.095
25847,132.033
25848,132.033
25849,132.033
25850,132.033
25851,132.033
25852,132.033
25853,132.033
25854,132.033
25855,132.033
25856,132.033
25857,132.033
25858,132.033
25859,132.033
25860,132.033
25861,132.033
25862,132.033
25863,132.033
25864,132.033
25865,132.033
25866,132.033
25867,141.489
25868,141.489
25869,141.489
25870,141.489
25871,141.489
25872,141.489
25873,141.489
25874,141.489
25875,141.489
25876,141.489
25877,141.489
25878,141.489
25879,141.489
25880,141.489
25881,141.489
25882,141.489
25883,141.489
25884,141.489
25885,141.489
25886,141.489
25887,139.123
25888,139.123
25889,139.123
25890,139.123
25891,139.123
25892,139.123
25893,139.123
25894,139.123
25895,139.123
25896,139.123
25897,139.123
25898,139.123
25899,139.123
25900,139.123
25901,139.123
25902,139.123
25903,139.123
25904,139.123
25905,139.123
25906,139.123
25907,137.093
25908,137.093
25909,137.093
25910,137.093
25911,137.093
25912,137.093
25913,137.093
25914,137.093
25915,137.093
25916,137.093
25917,137.093
25918,137.093
25919,137.093
25920,137.093
25921,137.093
25922,137.093
25923,137.093
25924,137.093
25925,137.093
25926,137.093
25927,145.939
25928,145.939
25929,145.939
25930,145.939
25931,145.939
25932,145.939
25933,145.939
25934,145.939
25935,145.939
25936,145.939
25937,145.939
25938,145.939
25939,145.939
25940,145.939
25941,145.939
25942,145.939
25943,145.939
25944,145.939
25945,145.939
25946,145.939
25947,131.487
25948,131.487
25949,131.487
25950,131.487
25951,131.487
25952,131.487
25953,131.487
25954,131.487
25955,131.487
25956,131.487
25957,131.487
25958,131.487
25959,131.487
25960,131.487
25961,131.487
25962,131.487
25963,131.487
25964,131.487
25965,131.487
25966,131.487
25967,139.732
25968,139.732
25969,139.732
25970,139.732
25971,139.732
25972,139.732
25973,139.732
25974,139.732
25975,139.732
25976,139.732
25977,139.732
25978,139.732
25979,139.732
25980,139.732
25981,139.732
25982,139.732
25983,139.732
25984,139.732
25985,139.732
25986,139.732
25987,139.123
25988,139.123
25989,139.123
25990,139.123
25991,139.123
25992,139.123
25993,139.123
25994,139.123
25995,139.123
25996,139.123
25997,139.123
25998,139.123
25999,139.123
26000,139.123
26001,139.123
26002,139.123
26003,139.123
26004,139.123
26005,139.123
26006,139.123
26007,137.639
26008,137.639
26009,137.639
26010,137.639
26011,137.639
26012,137.639
26013,137.639
26014,137.639
26015,137.639
26016,137.639
26017,137.639
26018,137.639
26019,137.639
26020,137.639
26021,137.639
26022,137.639
26023,137.639
26024,137.639
26025,137.639
26026,137.639
26027,145.666
26028,145.666
26029,145.666
26030,145.666
26031,145.666
26032,145.666
26033,145.666
26034,145.666
26035,145.666
26036,145.666
26037,145.666
26038,145.666
26039,145.666
26040,145.666
26041,145.666
26042,145.666
26043,145.666
26044,145.666
26045,145.666
26046,145.666
26047,133.244
26048,133.244
26049,133.244
26050,133.244
26051,133.244
26052,133.244
26053,133.244
26054,133.244
26055,133.244
26056,133.244
26057,133.244
26058,133.244
26059,133.244
26060,133.244
26061,133.244
26062,133.244
26063,133.244
26064,133.244
26065,133.244
26066,133.244
26067,133.244
26068,142.371
26069,142.371
26070,142.371
26071,142.371
26072,142.371
26073,142.371
26074,142.371
26075,142.371
26076,142.371
26077,142.371
26078,142.371
26079,142.371
26080,142.371
26081,142.371
26082,142.371
26083,142.371
26084,142.371
26085,142.371
26086,142.371
26087,142.371
26088,135.609
26089,135.609
26090,135.609
26091,135.609
26092,135.609
26093,135.609
26094,135.609
26095,135.609
26096,135.609
26097,135.609
26098,135.609
26099,135.609
26100,135.609
26101,135.609
26102,135.609
26103,135.609
26104,135.609
26105,135.609
26106,135.609
26107,135.609
26108,138.248
26109,138.248
26110,138.248
26111,138.248
26112,138.248
26113,138.248
26114,138.248
26115,138.248
26116,138.248
26117,138.248
26118,138.248
26119,138.248
26120,138.248
26121,138.248
26122,138.248
26123,138.248
26124,138.248
26125,138.248
26126,138.248
26127,138.248
26128,140.606
26129,140.606
26130,140.606
26131,140.606
26132,140.606
26133,140.606
26134,140.606
26135,140.606
26136,140.606
26137,140.606
26138,140.606
26139,140.606
26140,140.606
26141,140.606
26142,140.606
26143,140.606
26144,140.606
26145,140.606
26146,140.606
26147,140.606
26148,136.765
26149,136.765
26150,136.765
26151,136.765
26152,136.765
26153,136.765
26154,136.765
26155,136.765
26156,136.765
26157,136.765
26158,136.765
26159,136.765
26160,136.765
26161,136.765
26162,136.765
26163,136.765
26164,136.765
26165,136.765
26166,136.765
26167,136.765
26168,144.308
26169,144.308
26170,144.308
26171,144.308
26172,144.308
26173,144.308
26174,144.308
26175,144.308
26176,144.308
26177,144.308
26178,144.308
26179,144.308
26180,144.308
26181,144.308
26182,144.308
26183,144.308
26184,144.308
26185,144.308
26186,144.308
26187,144.308
26188,134.399
26189,134.399
26190,134.399
26191,134.399
26192,134.399
26193,134.399
26194,134.399
26195,134.399
26196,134.399
26197,134.399
26198,134.399
26199,134.399
26200,134.399
26201,134.399
26202,134.399
26203,134.399
26204,134.399
26205,134.399
26206,134.399
26207,134.399
26208,134.399
26209,142.225
26210,142.225
26211,142.225
26212,142.225
26213,142.225
26214,142.225
26215,142.225
26216,142.225
26217,142.225
26218,142.225
26219,142.225
26220,142.225
26221,142.225
26222,142.225
26223,142.225
26224,142.225
26225,142.225
26226,142.225
26227,142.225
26228,132.226
26229,132.226
26230,132.226
26231,132.226
26232,132.226
26233,132.226
26234,132.226
26235,132.226
26236,132.226
26237,132.226
26238,132.226
26239,132.226
26240,132.226
26241,132.226
26242,132.226
26243,132.226
26244,132.226
26245,132.226
26246,132.226
26247,132.226
26248,132.226
26249,141.071
26250,141.071
26251,141.071
26252,141.071
26253,141.071
26254,141.071
26255,141.071
26256,141.071
26257,141.071
26258,141.071
26259,141.071
26260,141.071
26261,141.071
26262,141.071
26263,141.071
26264,141.071
26265,141.071
26266,141.071
26267,141.071
26268,141.071
26269,137.366
26270,137.366
26271,137.366
26272,137.366
26273,137.366
26274,137.366
26275,137.366
26276,137.366
26277,137.366
26278,137.366
26279,137.366
26280,137.366
26281,137.366
26282,137.366
26283,137.366
26284,137.366
26285,137.366
26286,137.366
26287,137.366
26288,137.366
26289,139.123
26290,139.123
26291,139.123
26292,139.123
26293,139.123
26294,139.123
26295,139.123
26296,139.123
26297,139.123
26298,139.123
26299,139.123
26300,139.123
26301,139.123
26302,139.123
26303,139.123
26304,139.123
26305,139.123
26306,139.123
26307,139.123
26308,139.123
26309,142.371
26310,142.371
26311,142.371
26312,142.371
26313,142.371
26314,142.371
26315,142.371
26316,142.371
26317,142.371
26318,142.371
26319,142.371
26320,142.371
26321,142.371
26322,142.371
26323,142.371
26324,142.371
26325,142.371
26326,142.371
26327,142.371
26328,142.371
26329,136.624
26330,136.624
26331,136.624
26332,136.624
26333,136.624
26334,136.624
26335,136.624
26336,136.624
26337,136.624
26338,136.624
26339,136.624
26340,136.624
26341,136.624
26342,136.624
26343,136.624
26344,136.624
26345,136.624
26346,136.624
26347,136.624
26348,136.624
26349,145.939
26350,145.939
26351,145.939
26352,145.939
26353,145.939
26354,145.939
26355,145.939
26356,145.939
26357,145.939
26358,145.939
26359,145.939
26360,145.939
26361,145.939
26362,145.939
26363,145.939
26364,145.939
26365,145.939
26366,145.939
26367,145.939
26368,145.939
26369,133.38
26370,133.38
26371,133.38
26372,133.38
26373,133.38
26374,133.38
26375,133.38
26376,133.38
26377,133.38
26378,133.38
26379,133.38
26380,133.38
26381,133.38
26382,133.38
26383,133.38
26384,133.38
26385,133.38
26386,133.38
26387,133.38
26388,133.38
26389,140.751
26390,140.751
26391,140.751
26392,140.751
26393,140.751
26394,140.751
26395,140.751
26396,140.751
26397,140.751
26398,140.751
26399,140.751
26400,140.751
26401,140.751
26402,140.751
26403,140.751
26404,140.751
26405,140.751
26406,140.751
26407,140.751
26408,140.751
26409,131.895
26410,131.895
26411,131.895
26412,131.895
26413,131.895
26414,131.895
26415,131.895
26416,131.895
26417,131.895
26418,131.895
26419,131.895
26420,131.895
26421,131.895
26422,131.895
26423,131.895
26424,131.895
26425,131.895
26426,131.895
26427,131.895
26428,131.895
26429,131.895
26430,131.895
26431,171.667
26432,171.667
26433,171.667
26434,171.667
26435,171.667
26436,171.667
26437,171.667
26438,171.667
26439,171.667
26440,171.667
26441,171.667
26442,171.667
26443,171.667
26444,171.667
26445,171.667
26446,171.667
26447,171.667
26448,171.667
26449,146.37
26450,146.37
26451,146.37
26452,146.37
26453,146.37
26454,146.37
26455,146.37
26456,146.37
26457,146.37
26458,146.37
26459,146.37
26460,146.37
26461,146.37
26462,146.37
26463,146.37
26464,146.37
26465,146.37
26466,146.37
26467,146.37
26468,146.37
26469,132.778
26470,132.778
26471,132.778
26472,132.778
26473,132.778
26474,132.778
26475,132.778
26476,132.778
26477,132.778
26478,132.778
26479,132.778
26480,132.778
26481,132.778
26482,132.778
26483,132.778
26484,132.778
26485,132.778
26486,132.778
26487,132.778
26488,132.778
26489,132.778
26490,137.507
26491,137.507
26492,137.507
26493,137.507
26494,137.507
26495,137.507
26496,137.507
26497,137.507
26498,137.507
26499,137.507
26500,137.507
26501,137.507
26502,137.507
26503,137.507
26504,137.507
26505,137.507
26506,137.507
26507,137.507
26508,137.507
26509,137.507
26510,145.213
26511,145.213
26512,145.213
26513,145.213
26514,145.213
26515,145.213
26516,145.213
26517,145.213
26518,145.213
26519,145.213
26520,145.213
26521,145.213
26522,145.213
26523,145.213
26524,145.213
26525,145.213
26526,145.213
26527,145.213
26528,145.213
26529,145.213
26530,145.213
26531,140.477
26532,140.477
26533,140.477
26534,140.477
26535,140.477
26536,140.477
26537,140.477
26538,140.477
26539,140.477
26540,140.477
26541,140.477
26542,140.477
26543,140.477
26544,140.477
26545,140.477
26546,140.477
26547,140.477
26548,140.477
26549,140.477
26550,129.253
26551,129.253
26552,129.253
26553,129.253
26554,129.253
26555,129.253
26556,129.253
26557,129.253
26558,129.253
26559,129.253
26560,129.253
26561,129.253
26562,129.253
26563,129.253
26564,129.253
26565,129.253
26566,129.253
26567,129.253
26568,129.253
26569,129.253
26570,135.42
26571,135.42
26572,135.42
26573,135.42
26574,135.42
26575,135.42
26576,135.42
26577,135.42
26578,135.42
26579,135.42
26580,135.42
26581,135.42
26582,135.42
26583,135.42
26584,135.42
26585,135.42
26586,135.42
26587,135.42
26588,135.42
26589,135.42
26590,135.42
26591,140.751
26592,140.751
26593,140.751
26594,140.751
26595,140.751
26596,140.751
26597,140.751
26598,140.751
26599,140.751
26600,140.751
26601,140.751
26602,140.751
26603,140.751
26604,140.751
26605,140.751
26606,140.751
26607,140.751
26608,140.751
26609,140.751
26610,144.33
26611,144.33
26612,144.33
26613,144.33
26614,144.33
26615,144.33
26616,144.33
26617,144.33
26618,144.33
26619,144.33
26620,144.33
26621,144.33
26622,144.33
26623,144.33
26624,144.33
26625,144.33
26626,144.33
26627,144.33
26628,144.33
26629,144.33
26630,144.33
26631,144.33
26632,129.527
26633,129.527
26634,129.527
26635,129.527
26636,129.527
26637,129.527
26638,129.527
26639,129.527
26640,129.527
26641,129.527
26642,129.527
26643,129.527
26644,129.527
26645,129.527
26646,129.527
26647,129.527
26648,129.527
26649,129.527
26650,133.517
26651,133.517
26652,133.517
26653,133.517
26654,133.517
26655,133.517
26656,133.517
26657,133.517
26658,133.517
26659,133.517
26660,133.517
26661,133.517
26662,133.517
26663,133.517
26664,133.517
26665,133.517
26666,133.517
26667,133.517
26668,133.517
26669,133.517
26670,133.517
26671,140.606
26672,140.606
26673,140.606
26674,140.606
26675,140.606
26676,140.606
26677,140.606
26678,140.606
26679,140.606
26680,140.606
26681,140.606
26682,140.606
26683,140.606
26684,140.606
26685,140.606
26686,140.606
26687,140.606
26688,140.606
26689,140.606
26690,140.606
26691,145.666
26692,145.666
26693,145.666
26694,145.666
26695,145.666
26696,145.666
26697,145.666
26698,145.666
26699,145.666
26700,145.666
26701,145.666
26702,145.666
26703,145.666
26704,145.666
26705,145.666
26706,145.666
26707,145.666
26708,145.666
26709,145.666
26710,145.666
26711,132.916
26712,132.916
26713,132.916
26714,132.916
26715,132.916
26716,132.916
26717,132.916
26718,132.916
26719,132.916
26720,132.916
26721,132.916
26722,132.916
26723,132.916
26724,132.916
26725,132.916
26726,132.916
26727,132.916
26728,132.916
26729,132.916
26730,132.916
26731,132.916
26732,138.109
26733,138.109
26734,138.109
26735,138.109
26736,138.109
26737,138.109
26738,138.109
26739,138.109
26740,138.109
26741,138.109
26742,138.109
26743,138.109
26744,138.109
26745,138.109
26746,138.109
26747,138.109
26748,138.109
26749,138.109
26750,138.109
26751,142.098
26752,142.098
26753,142.098
26754,142.098
26755,142.098
26756,142.098
26757,142.098
26758,142.098
26759,142.098
26760,142.098
26761,142.098
26762,142.098
26763,142.098
26764,142.098
26765,142.098
26766,142.098
26767,142.098
26768,142.098
26769,142.098
26770,142.098
26771,142.699
26772,142.699
26773,142.699
26774,142.699
26775,142.699
26776,142.699
26777,142.699
26778,142.699
26779,142.699
26780,142.699
26781,142.699
26782,142.699
26783,142.699
26784,142.699
26785,142.699
26786,142.699
26787,142.699
26788,142.699
26789,142.699
26790,142.699
26791,131.76
26792,131.76
26793,131.76
26794,131.76
26795,131.76
26796,131.76
26797,131.76
26798,131.76
26799,131.76
26800,131.76
26801,131.76
26802,131.76
26803,131.76
26804,131.76
26805,131.76
26806,131.76
26807,131.76
26808,131.76
26809,131.76
26810,131.76
26811,137.366
26812,137.366
26813,137.366
26814,137.366
26815,137.366
26816,137.366
26817,137.366
26818,137.366
26819,137.366
26820,137.366
26821,137.366
26822,137.366
26823,137.366
26824,137.366
26825,137.366
26826,137.366
26827,137.366
26828,137.366
26829,137.366
26830,137.366
26831,137.366
26832,137.366
26833,145.939
26834,145.939
26835,145.939
26836,145.939
26837,145.939
26838,145.939
26839,145.939
26840,145.939
26841,145.939
26842,145.939
26843,145.939
26844,145.939
26845,145.939
26846,145.939
26847,145.939
26848,145.939
26849,145.939
26850,145.939
26851,139.589
26852,139.589
26853,139.589
26854,139.589
26855,139.589
26856,139.589
26857,139.589
26858,139.589
26859,139.589
26860,139.589
26861,139.589
26862,139.589
26863,139.589
26864,139.589
26865,139.589
26866,139.589
26867,139.589
26868,139.589
26869,139.589
26870,139.589
26871,136.211
26872,136.211
26873,136.211
26874,136.211
26875,136.211
26876,136.211
26877,136.211
26878,136.211
26879,136.211
26880,136.211
26881,136.211
26882,136.211
26883,136.211
26884,136.211
26885,136.211
26886,136.211
26887,136.211
26888,136.211
26889,136.211
26890,136.211
26891,147.88
26892,147.88
26893,147.88
26894,147.88
26895,147.88
26896,147.88
26897,147.88
26898,147.88
26899,147.88
26900,147.88
26901,147.88
26902,147.88
26903,147.88
26904,147.88
26905,147.88
26906,147.88
26907,147.88
26908,147.88
26909,147.88
26910,147.88
26911,147.88
26912,130.878
26913,130.878
26914,130.878
26915,130.878
26916,130.878
26917,130.878
26918,130.878
26919,130.878
26920,130.878
26921,130.878
26922,130.878
26923,130.878
26924,130.878
26925,130.878
26926,130.878
26927,130.878
26928,130.878
26929,130.878
26930,130.878
26931,130.878
26932,130.878
26933,143.707
26934,143.707
26935,143.707
26936,143.707
26937,143.707
26938,143.707
26939,143.707
26940,143.707
26941,143.707
26942,143.707
26943,143.707
26944,143.707
26945,143.707
26946,143.707
26947,143.707
26948,143.707
26949,143.707
26950,143.707
26951,143.707
26952,141.215
26953,141.215
26954,141.215
26955,141.215
26956,141.215
26957,141.215
26958,141.215
26959,141.215
26960,141.215
26961,141.215
26962,141.215
26963,141.215
26964,141.215
26965,141.215
26966,141.215
26967,141.215
26968,141.215
26969,141.215
26970,141.215
26971,141.215
26972,135
26973,135
26974,135
26975,135
26976,135
26977,135
26978,135
26979,135
26980,135
26981,135
26982,135
26983,135
26984,135
26985,135
26986,135
26987,135
26988,135
26989,135
26990,135
26991,135
26992,145.939
26993,145.939
26994,145.939
26995,145.939
26996,145.939
26997,145.939
26998,145.939
26999,145.939
27000,145.939
27001,145.939
27002,145.939
27003,145.939
27004,145.939
27005,145.939
27006,145.939
27007,145.939
27008,145.939
27009,145.939
27010,145.939
27011,145.939
27012,131.621
27013,131.621
27014,131.621
27015,131.621
27016,131.621
27017,131.621
27018,131.621
27019,131.621
27020,131.621
27021,131.621
27022,131.621
27023,131.621
27024,131.621
27025,131.621
27026,131.621
27027,131.621
27028,131.621
27029,131.621
27030,131.621
27031,131.621
27032,131.621
27033,143.3
27034,143.3
27035,143.3
27036,143.3
27037,143.3
27038,143.3
27039,143.3
27040,143.3
27041,143.3
27042,143.3
27043,143.3
27044,143.3
27045,143.3
27046,143.3
27047,143.3
27048,143.3
27049,143.3
27050,143.3
27051,143.3
27052,143.447
27053,143.447
27054,143.447
27055,143.447
27056,143.447
27057,143.447
27058,143.447
27059,143.447
27060,143.447
27061,143.447
27062,143.447
27063,143.447
27064,143.447
27065,143.447
27066,143.447
27067,143.447
27068,143.447
27069,143.447
27070,143.447
27071,143.447
27072,133.517
27073,133.517
27074,133.517
27075,133.517
27076,133.517
27077,133.517
27078,133.517
27079,133.517
27080,133.517
27081,133.517
27082,133.517
27083,133.517
27084,133.517
27085,133.517
27086,133.517
27087,133.517
27088,133.517
27089,133.517
27090,133.517
27091,133.517
27092,145.065
27093,145.065
27094,145.065
27095,145.065
27096,145.065
27097,145.065
27098,145.065
27099,145.065
27100,145.065
27101,145.065
27102,145.065
27103,145.065
27104,145.065
27105,145.065
27106,145.065
27107,145.065
27108,145.065
27109,145.065
27110,145.065
27111,145.065
27112,145.065
27113,133.052
27114,133.052
27115,133.052
27116,133.052
27117,133.052
27118,133.052
27119,133.052
27120,133.052
27121,133.052
27122,133.052
27123,133.052
27124,133.052
27125,133.052
27126,133.052
27127,133.052
27128,133.052
27129,133.052
27130,133.052
27131,133.052
27132,133.052
27133,133.052
27134,142.699
27135,142.699
27136,142.699
27137,142.699
27138,142.699
27139,142.699
27140,142.699
27141,142.699
27142,142.699
27143,142.699
27144,142.699
27145,142.699
27146,142.699
27147,142.699
27148,142.699
27149,142.699
27150,142.699
27151,142.699
27152,142.699
27153,142.699
27154,142.699
27155,142.699
27156,142.699
27157,142.699
27158,142.699
27159,142.699
27160,142.699
27161,142.699
27162,142.699
27163,142.699
27164,142.699
27165,142.699
27166,142.699
27167,142.699
27168,142.699
27169,142.699
27170,142.699
27171,142.699
27172,142.699
27173,137.093
27174,137.093
27175,137.093
27176,137.093
27177,137.093
27178,137.093
27179,137.093
27180,137.093
27181,137.093
27182,137.093
27183,137.093
27184,137.093
27185,137.093
27186,137.093
27187,137.093
27188,137.093
27189,137.093
27190,137.093
27191,137.093
27192,137.093
27193,145.338
27194,145.338
27195,145.338
27196,145.338
27197,145.338
27198,145.338
27199,145.338
27200,145.338
27201,145.338
27202,145.338
27203,145.338
27204,145.338
27205,145.338
27206,145.338
27207,145.338
27208,145.338
27209,145.338
27210,145.338
27211,145.338
27212,145.338
27213,130.55
27214,130.55
27215,130.55
27216,130.55
27217,130.55
27218,130.55
27219,130.55
27220,130.55
27221,130.55
27222,130.55
27223,130.55
27224,130.55
27225,130.55
27226,130.55
27227,130.55
27228,130.55
27229,130.55
27230,130.55
27231,130.55
27232,130.55
27233,130.55
27234,142.371
27235,142.371
27236,142.371
27237,142.371
27238,142.371
27239,142.371
27240,142.371
27241,142.371
27242,142.371
27243,142.371
27244,142.371
27245,142.371
27246,142.371
27247,142.371
27248,142.371
27249,142.371
27250,142.371
27251,142.371
27252,142.371
27253,142.972
27254,142.972
27255,142.972
27256,142.972
27257,142.972
27258,142.972
27259,142.972
27260,142.972
27261,142.972
27262,142.972
27263,142.972
27264,142.972
27265,142.972
27266,142.972
27267,142.972
27268,142.972
27269,142.972
27270,142.972
27271,142.972
27272,142.972
27273,137.093
27274,137.093
27275,137.093
27276,137.093
27277,137.093
27278,137.093
27279,137.093
27280,137.093
27281,137.093
27282,137.093
27283,137.093
27284,137.093
27285,137.093
27286,137.093
27287,137.093
27288,137.093
27289,137.093
27290,137.093
27291,137.093
27292,137.093
27293,146.822
27294,146.822
27295,146.822
27296,146.822
27297,146.822
27298,146.822
27299,146.822
27300,146.822
27301,146.822
27302,146.822
27303,146.822
27304,146.822
27305,146.822
27306,146.822
27307,146.822
27308,146.822
27309,146.822
27310,146.822
27311,146.822
27312,146.822
27313,146.822
27314,134.126
27315,134.126
27316,134.126
27317,134.126
27318,134.126
27319,134.126
27320,134.126
27321,134.126
27322,134.126
27323,134.126
27324,134.126
27325,134.126
27326,134.126
27327,134.126
27328,134.126
27329,134.126
27330,134.126
27331,134.126
27332,134.126
27333,134.126
27334,134.126
27335,146.22
27336,146.22
27337,146.22
27338,146.22
27339,146.22
27340,146.22
27341,146.22
27342,146.22
27343,146.22
27344,146.22
27345,146.22
27346,146.22
27347,146.22
27348,146.22
27349,146.22
27350,146.22
27351,146.22
27352,146.22
27353,146.22
27354,136.211
27355,136.211
27356,136.211
27357,136.211
27358,136.211
27359,136.211
27360,136.211
27361,136.211
27362,136.211
27363,136.211
27364,136.211
27365,136.211
27366,136.211
27367,136.211
27368,136.211
27369,136.211
27370,136.211
27371,136.211
27372,136.211
27373,136.211
27374,140.333
27375,140.333
27376,140.333
27377,140.333
27378,140.333
27379,140.333
27380,140.333
27381,140.333
27382,140.333
27383,140.333
27384,140.333
27385,140.333
27386,140.333
27387,140.333
27388,140.333
27389,140.333
27390,140.333
27391,140.333
27392,140.333
27393,140.333
27394,142.972
27395,142.972
27396,142.972
27397,142.972
27398,142.972
27399,142.972
27400,142.972
27401,142.972
27402,142.972
27403,142.972
27404,142.972
27405,142.972
27406,142.972
27407,142.972
27408,142.972
27409,142.972
27410,142.972
27411,142.972
27412,142.972
27413,142.972
27414,135.883
27415,135.883
27416,135.883
27417,135.883
27418,135.883
27419,135.883
27420,135.883
27421,135.883
27422,135.883
27423,135.883
27424,135.883
27425,135.883
27426,135.883
27427,135.883
27428,135.883
27429,135.883
27430,135.883
27431,135.883
27432,135.883
27433,135.883
27434,135.883
27435,146.548
27436,146.548
27437,146.548
27438,146.548
27439,146.548
27440,146.548
27441,146.548
27442,146.548
27443,146.548
27444,146.548
27445,146.548
27446,146.548
27447,146.548
27448,146.548
27449,146.548
27450,146.548
27451,146.548
27452,146.548
27453,146.548
27454,131.76
27455,131.76
27456,131.76
27457,131.76
27458,131.76
27459,131.76
27460,131.76
27461,131.76
27462,131.76
27463,131.76
27464,131.76
27465,131.76
27466,131.76
27467,131.76
27468,131.76
27469,131.76
27470,131.76
27471,131.76
27472,131.76
27473,131.76
27474,141.817
27475,141.817
27476,141.817
27477,141.817
27478,141.817
27479,141.817
27480,141.817
27481,141.817
27482,141.817
27483,141.817
27484,141.817
27485,141.817
27486,141.817
27487,141.817
27488,141.817
27489,141.817
27490,141.817
27491,141.817
27492,141.817
27493,141.817
27494,140.942
27495,140.942
27496,140.942
27497,140.942
27498,140.942
27499,140.942
27500,140.942
27501,140.942
27502,140.942
27503,140.942
27504,140.942
27505,140.942
27506,140.942
27507,140.942
27508,140.942
27509,140.942
27510,140.942
27511,140.942
27512,140.942
27513,140.942
27514,140.942
27515,139.732
27516,139.732
27517,139.732
27518,139.732
27519,139.732
27520,139.732
27521,139.732
27522,139.732
27523,139.732
27524,139.732
27525,139.732
27526,139.732
27527,139.732
27528,139.732
27529,139.732
27530,139.732
27531,139.732
27532,139.732
27533,139.732
27534,139.732
27535,139.732
27536,140.942
27537,140.942
27538,140.942
27539,140.942
27540,140.942
27541,140.942
27542,140.942
27543,140.942
27544,140.942
27545,140.942
27546,140.942
27547,140.942
27548,140.942
27549,140.942
27550,140.942
27551,140.942
27552,140.942
27553,140.942
27554,140.942
27555,135
27556,135
27557,135
27558,135
27559,135
27560,135
27561,135
27562,135
27563,135
27564,135
27565,135
27566,135
27567,135
27568,135
27569,135
27570,135
27571,135
27572,135
27573,135
27574,135
27575,145.065
27576,145.065
27577,145.065
27578,145.065
27579,145.065
27580,145.065
27581,145.065
27582,145.065
27583,145.065
27584,145.065
27585,145.065
27586,145.065
27587,145.065
27588,145.065
27589,145.065
27590,145.065
27591,145.065
27592,145.065
27593,145.065
27594,145.065
27595,133.244
27596,133.244
27597,133.244
27598,133.244
27599,133.244
27600,133.244
27601,133.244
27602,133.244
27603,133.244
27604,133.244
27605,133.244
27606,133.244
27607,133.244
27608,133.244
27609,133.244
27610,133.244
27611,133.244
27612,133.244
27613,133.244
27614,133.244
27615,142.699
27616,142.699
27617,142.699
27618,142.699
27619,142.699
27620,142.699
27621,142.699
27622,142.699
27623,142.699
27624,142.699
27625,142.699
27626,142.699
27627,142.699
27628,142.699
27629,142.699
27630,142.699
27631,142.699
27632,142.699
27633,142.699
27634,142.699
27635,142.699
27636,135.883
27637,135.883
27638,135.883
27639,135.883
27640,135.883
27641,135.883
27642,135.883
27643,135.883
27644,135.883
27645,135.883
27646,135.883
27647,135.883
27648,135.883
27649,135.883
27650,135.883
27651,135.883
27652,135.883
27653,135.883
27654,135.883
27655,137.967
27656,137.967
27657,137.967
27658,137.967
27659,137.967
27660,137.967
27661,137.967
27662,137.967
27663,137.967
27664,137.967
27665,137.967
27666,137.967
27667,137.967
27668,137.967
27669,137.967
27670,137.967
27671,137.967
27672,137.967
27673,137.967
27674,137.967
27675,146.398
27676,146.398
27677,146.398
27678,146.398
27679,146.398
27680,146.398
27681,146.398
27682,146.398
27683,146.398
27684,146.398
27685,146.398
27686,146.398
27687,146.398
27688,146.398
27689,146.398
27690,146.398
27691,146.398
27692,146.398
27693,146.398
27694,146.398
27695,133.517
27696,133.517
27697,133.517
27698,133.517
27699,133.517
27700,133.517
27701,133.517
27702,133.517
27703,133.517
27704,133.517
27705,133.517
27706,133.517
27707,133.517
27708,133.517
27709,133.517
27710,133.517
27711,133.517
27712,133.517
27713,133.517
27714,133.517
27715,144.456
27716,144.456
27717,144.456
27718,144.456
27719,144.456
27720,144.456
27721,144.456
27722,144.456
27723,144.456
27724,144.456
27725,144.456
27726,144.456
27727,144.456
27728,144.456
27729,144.456
27730,144.456
27731,144.456
27732,144.456
27733,144.456
27734,144.456
27735,144.456
27736,133.845
27737,133.845
27738,133.845
27739,133.845
27740,133.845
27741,133.845
27742,133.845
27743,133.845
27744,133.845
27745,133.845
27746,133.845
27747,133.845
27748,133.845
27749,133.845
27750,133.845
27751,133.845
27752,133.845
27753,133.845
27754,133.845
27755,140.005
27756,140.005
27757,140.005
27758,140.005
27759,140.005
27760,140.005
27761,140.005
27762,140.005
27763,140.005
27764,140.005
27765,140.005
27766,140.005
27767,140.005
27768,140.005
27769,140.005
27770,140.005
27771,140.005
27772,140.005
27773,140.005
27774,140.005
27775,145.065
27776,145.065
27777,145.065
27778,145.065
27779,145.065
27780,145.065
27781,145.065
27782,145.065
27783,145.065
27784,145.065
27785,145.065
27786,145.065
27787,145.065
27788,145.065
27789,145.065
27790,145.065
27791,145.065
27792,145.065
27793,145.065
27794,145.065
27795,137.366
27796,137.366
27797,137.366
27798,137.366
27799,137.366
27800,137.366
27801,137.366
27802,137.366
27803,137.366
27804,137.366
27805,137.366
27806,137.366
27807,137.366
27808,137.366
27809,137.366
27810,137.366
27811,137.366
27812,137.366
27813,137.366
27814,137.366
27815,146.944
27816,146.944
27817,146.944
27818,146.944
27819,146.944
27820,146.944
27821,146.944
27822,146.944
27823,146.944
27824,146.944
27825,146.944
27826,146.944
27827,146.944
27828,146.944
27829,146.944
27830,146.944
27831,146.944
27832,146.944
27833,146.944
27834,146.944
27835,146.944
27836,146.944
27837,137.093
27838,137.093
27839,137.093
27840,137.093
27841,137.093
27842,137.093
27843,137.093
27844,137.093
27845,137.093
27846,137.093
27847,137.093
27848,137.093
27849,137.093
27850,137.093
27851,137.093
27852,137.093
27853,137.093
27854,137.093
27855,137.093
27856,146.548
27857,146.548
27858,146.548
27859,146.548
27860,146.548
27861,146.548
27862,146.548
27863,146.548
27864,146.548
27865,146.548
27866,146.548
27867,146.548
27868,146.548
27869,146.548
27870,146.548
27871,146.548
27872,146.548
27873,146.548
27874,146.548
27875,146.548
27876,135
27877,135
27878,135
27879,135
27880,135
27881,135
27882,135
27883,135
27884,135
27885,135
27886,135
27887,135
27888,135
27889,135
27890,135
27891,135
27892,135
27893,135
27894,135
27895,135
27896,142.972
27897,142.972
27898,142.972
27899,142.972
27900,142.972
27901,142.972
27902,142.972
27903,142.972
27904,142.972
27905,142.972
27906,142.972
27907,142.972
27908,142.972
27909,142.972
27910,142.972
27911,142.972
27912,142.972
27913,142.972
27914,142.972
27915,142.972
27916,141.215
27917,141.215
27918,141.215
27919,141.215
27920,141.215
27921,141.215
27922,141.215
27923,141.215
27924,141.215
27925,141.215
27926,141.215
27927,141.215
27928,141.215
27929,141.215
27930,141.215
27931,141.215
27932,141.215
27933,141.215
27934,141.215
27935,141.215
27936,141.215
27937,140.005
27938,140.005
27939,140.005
27940,140.005
27941,140.005
27942,140.005
27943,140.005
27944,140.005
27945,140.005
27946,140.005
27947,140.005
27948,140.005
27949,140.005
27950,140.005
27951,140.005
27952,140.005
27953,140.005
27954,140.005
27955,140.005
27956,141.489
27957,141.489
27958,141.489
27959,141.489
27960,141.489
27961,141.489
27962,141.489
27963,141.489
27964,141.489
27965,141.489
27966,141.489
27967,141.489
27968,141.489
27969,141.489
27970,141.489
27971,141.489
27972,141.489
27973,141.489
27974,141.489
27975,141.489
27976,136.484
27977,136.484
27978,136.484
27979,136.484
27980,136.484
27981,136.484
27982,136.484
27983,136.484
27984,136.484
27985,136.484
27986,136.484
27987,136.484
27988,136.484
27989,136.484
27990,136.484
27991,136.484
27992,136.484
27993,136.484
27994,136.484
27995,136.484
27996,145.487
27997,145.487
27998,145.487
27999,145.487
28000,145.487
28001,145.487
28002,145.487
28003,145.487
28004,145.487
28005,145.487
28006,145.487
28007,145.487
28008,145.487
28009,145.487
28010,145.487
28011,145.487
28012,145.487
28013,145.487
28014,145.487
28015,145.487
28016,133.517
28017,133.517
28018,133.517
28019,133.517
28020,133.517
28021,133.517
28022,133.517
28023,133.517
28024,133.517
28025,133.517
28026,133.517
28027,133.517
28028,133.517
28029,133.517
28030,133.517
28031,133.517
28032,133.517
28033,133.517
28034,133.517
28035,133.517
28036,133.517
28037,146.548
28038,146.548
28039,146.548
28040,146.548
28041,146.548
28042,146.548
28043,146.548
28044,146.548
28045,146.548
28046,146.548
28047,146.548
28048,146.548
28049,146.548
28050,146.548
28051,146.548
28052,146.548
28053,146.548
28054,146.548
28055,146.548
28056,132.497
28057,132.497
28058,132.497
28059,132.497
28060,132.497
28061,132.497
28062,132.497
28063,132.497
28064,132.497
28065,132.497
28066,132.497
28067,132.497
28068,132.497
28069,132.497
28070,132.497
28071,132.497
28072,132.497
28073,132.497
28074,132.497
28075,132.497
28076,141.36
28077,141.36
28078,141.36
28079,141.36
28080,141.36
28081,141.36
28082,141.36
28083,141.36
28084,141.36
28085,141.36
28086,141.36
28087,141.36
28088,141.36
28089,141.36
28090,141.36
28091,141.36
28092,141.36
28093,141.36
28094,141.36
28095,141.36
28096,141.962
28097,141.962
28098,141.962
28099,141.962
28100,141.962
28101,141.962
28102,141.962
28103,141.962
28104,141.962
28105,141.962
28106,141.962
28107,141.962
28108,141.962
28109,141.962
28110,141.962
28111,141.962
28112,141.962
28113,141.962
28114,141.962
28115,141.962
28116,141.962
28117,135.139
28118,135.139
28119,135.139
28120,135.139
28121,135.139
28122,135.139
28123,135.139
28124,135.139
28125,135.139
28126,135.139
28127,135.139
28128,135.139
28129,135.139
28130,135.139
28131,135.139
28132,135.139
28133,135.139
28134,135.139
28135,135.139
28136,135.139
28137,135.139
28138,142.098
28139,142.098
28140,142.098
28141,142.098
28142,142.098
28143,142.098
28144,142.098
28145,142.098
28146,142.098
28147,142.098
28148,142.098
28149,142.098
28150,142.098
28151,142.098
28152,142.098
28153,142.098
28154,142.098
28155,142.098
28156,142.098
28157,134.126
28158,134.126
28159,134.126
28160,134.126
28161,134.126
28162,134.126
28163,134.126
28164,134.126
28165,134.126
28166,134.126
28167,134.126
28168,134.126
28169,134.126
28170,134.126
28171,134.126
28172,134.126
28173,134.126
28174,134.126
28175,134.126
28176,134.126
28177,143.581
28178,143.581
28179,143.581
28180,143.581
28181,143.581
28182,143.581
28183,143.581
28184,143.581
28185,143.581
28186,143.581
28187,143.581
28188,143.581
28189,143.581
28190,143.581
28191,143.581
28192,143.581
28193,143.581
28194,143.581
28195,143.581
28196,143.581
28197,130.878
28198,130.878
28199,130.878
28200,130.878
28201,130.878
28202,130.878
28203,130.878
28204,130.878
28205,130.878
28206,130.878
28207,130.878
28208,130.878
28209,130.878
28210,130.878
28211,130.878
28212,130.878
28213,130.878
28214,130.878
28215,130.878
28216,130.878
28217,141.215
28218,141.215
28219,141.215
28220,141.215
28221,141.215
28222,141.215
28223,141.215
28224,141.215
28225,141.215
28226,141.215
28227,141.215
28228,141.215
28229,141.215
28230,141.215
28231,141.215
28232,141.215
28233,141.215
28234,141.215
28235,141.215
28236,141.215
28237,141.215
28238,131.76
28239,131.76
28240,131.76
28241,131.76
28242,131.76
28243,131.76
28244,131.76
28245,131.76
28246,131.76
28247,131.76
28248,131.76
28249,131.76
28250,131.76
28251,131.76
28252,131.76
28253,131.76
28254,131.76
28255,131.76
28256,131.76
28257,139.459
28258,139.459
28259,139.459
28260,139.459
28261,139.459
28262,139.459
28263,139.459
28264,139.459
28265,139.459
28266,139.459
28267,139.459
28268,139.459
28269,139.459
28270,139.459
28271,139.459
28272,139.459
28273,139.459
28274,139.459
28275,139.459
28276,139.459
28277,140.333
28278,140.333
28279,140.333
28280,140.333
28281,140.333
28282,140.333
28283,140.333
28284,140.333
28285,140.333
28286,140.333
28287,140.333
28288,140.333
28289,140.333
28290,140.333
28291,140.333
28292,140.333
28293,140.333
28294,140.333
28295,140.333
28296,140.333
28297,138.85
28298,138.85
28299,138.85
28300,138.85
28301,138.85
28302,138.85
28303,138.85
28304,138.85
28305,138.85
28306,138.85
28307,138.85
28308,138.85
28309,138.85
28310,138.85
28311,138.85
28312,138.85
28313,138.85
28314,138.85
28315,138.85
28316,138.85
28317,138.85
28318,142.972
28319,142.972
28320,142.972
28321,142.972
28322,142.972
28323,142.972
28324,142.972
28325,142.972
28326,142.972
28327,142.972
28328,142.972
28329,142.972
28330,142.972
28331,142.972
28332,142.972
28333,142.972
28334,142.972
28335,142.972
28336,142.972
28337,142.972
28338,142.972
28339,138.85
28340,138.85
28341,138.85
28342,138.85
28343,138.85
28344,138.85
28345,138.85
28346,138.85
28347,138.85
28348,138.85
28349,138.85
28350,138.85
28351,138.85
28352,138.85
28353,138.85
28354,138.85
28355,138.85
28356,138.85
28357,138.85
28358,145.939
28359,145.939
28360,145.939
28361,145.939
28362,145.939
28363,145.939
28364,145.939
28365,145.939
28366,145.939
28367,145.939
28368,145.939
28369,145.939
28370,145.939
28371,145.939
28372,145.939
28373,145.939
28374,145.939
28375,145.939
28376,145.939
28377,145.939
28378,135.883
28379,135.883
28380,135.883
28381,135.883
28382,135.883
28383,135.883
28384,135.883
28385,135.883
28386,135.883
28387,135.883
28388,135.883
28389,135.883
28390,135.883
28391,135.883
28392,135.883
28393,135.883
28394,135.883
28395,135.883
28396,135.883
28397,135.883
28398,146.089
28399,146.089
28400,146.089
28401,146.089
28402,146.089
28403,146.089
28404,146.089
28405,146.089
28406,146.089
28407,146.089
28408,146.089
28409,146.089
28410,146.089
28411,146.089
28412,146.089
28413,146.089
28414,146.089
28415,146.089
28416,146.089
28417,146.089
28418,136.35
28419,136.35
28420,136.35
28421,136.35
28422,136.35
28423,136.35
28424,136.35
28425,136.35
28426,136.35
28427,136.35
28428,136.35
28429,136.35
28430,136.35
28431,136.35
28432,136.35
28433,136.35
28434,136.35
28435,136.35
28436,136.35
28437,136.35
28438,136.35
28439,145.065
28440,145.065
28441,145.065
28442,145.065
28443,145.065
28444,145.065
28445,145.065
28446,145.065
28447,145.065
28448,145.065
28449,145.065
28450,145.065
28451,145.065
28452,145.065
28453,145.065
28454,145.065
28455,145.065
28456,145.065
28457,145.065
28458,133.244
28459,133.244
28460,133.244
28461,133.244
28462,133.244
28463,133.244
28464,133.244
28465,133.244
28466,133.244
28467,133.244
28468,133.244
28469,133.244
28470,133.244
28471,133.244
28472,133.244
28473,133.244
28474,133.244
28475,133.244
28476,133.244
28477,133.244
28478,142.972
28479,142.972
28480,142.972
28481,142.972
28482,142.972
28483,142.972
28484,142.972
28485,142.972
28486,142.972
28487,142.972
28488,142.972
28489,142.972
28490,142.972
28491,142.972
28492,142.972
28493,142.972
28494,142.972
28495,142.972
28496,142.972
28497,142.972
28498,131.487
28499,131.487
28500,131.487
28501,131.487
28502,131.487
28503,131.487
28504,131.487
28505,131.487
28506,131.487
28507,131.487
28508,131.487
28509,131.487
28510,131.487
28511,131.487
28512,131.487
28513,131.487
28514,131.487
28515,131.487
28516,131.487
28517,131.487
28518,141.817
28519,141.817
28520,141.817
28521,141.817
28522,141.817
28523,141.817
28524,141.817
28525,141.817
28526,141.817
28527,141.817
28528,141.817
28529,141.817
28530,141.817
28531,141.817
28532,141.817
28533,141.817
28534,141.817
28535,141.817
28536,141.817
28537,141.817
28538,141.817
28539,141.817
28540,133.845
28541,133.845
28542,133.845
28543,133.845
28544,133.845
28545,133.845
28546,133.845
28547,133.845
28548,133.845
28549,133.845
28550,133.845
28551,133.845
28552,133.845
28553,133.845
28554,133.845
28555,133.845
28556,133.845
28557,133.845
28558,133.845
28559,140.005
28560,140.005
28561,140.005
28562,140.005
28563,140.005
28564,140.005
28565,140.005
28566,140.005
28567,140.005
28568,140.005
28569,140.005
28570,140.005
28571,140.005
28572,140.005
28573,140.005
28574,140.005
28575,140.005
28576,140.005
28577,140.005
28578,140.005
28579,141.489
28580,141.489
28581,141.489
28582,141.489
28583,141.489
28584,141.489
28585,141.489
28586,141.489
28587,141.489
28588,141.489
28589,141.489
28590,141.489
28591,141.489
28592,141.489
28593,141.489
28594,141.489
28595,141.489
28596,141.489
28597,141.489
28598,141.489
28599,180.513
28600,180.513
28601,180.513
28602,180.513
28603,180.513
28604,180.513
28605,180.513
28606,180.513
28607,180.513
28608,180.513
28609,180.513
28610,180.513
28611,180.513
28612,180.513
28613,180.513
28614,180.513
28615,180.513
28616,180.513
28617,180.513
28618,180.513
28619,149.187
28620,149.187
28621,149.187
28622,149.187
28623,149.187
28624,149.187
28625,149.187
28626,149.187
28627,149.187
28628,149.187
28629,149.187
28630,149.187
28631,149.187
28632,149.187
28633,149.187
28634,149.187
28635,149.187
28636,149.187
28637,149.187
28638,149.187
28639,149.187
28640,132.916
28641,132.916
28642,132.916
28643,132.916
28644,132.916
28645,132.916
28646,132.916
28647,132.916
28648,132.916
28649,132.916
28650,132.916
28651,132.916
28652,132.916
28653,132.916
28654,132.916
28655,132.916
28656,132.916
28657,132.916
28658,132.916
28659,136.211
28660,136.211
28661,136.211
28662,136.211
28663,136.211
28664,136.211
28665,136.211
28666,136.211
28667,136.211
28668,136.211
28669,136.211
28670,136.211
28671,136.211
28672,136.211
28673,136.211
28674,136.211
28675,136.211
28676,136.211
28677,136.211
28678,136.211
28679,140.606
28680,140.606
28681,140.606
28682,140.606
28683,140.606
28684,140.606
28685,140.606
28686,140.606
28687,140.606
28688,140.606
28689,140.606
28690,140.606
28691,140.606
28692,140.606
28693,140.606
28694,140.606
28695,140.606
28696,140.606
28697,140.606
28698,140.606
28699,145.213
28700,145.213
28701,145.213
28702,145.213
28703,145.213
28704,145.213
28705,145.213
28706,145.213
28707,145.213
28708,145.213
28709,145.213
28710,145.213
28711,145.213
28712,145.213
28713,145.213
28714,145.213
28715,145.213
28716,145.213
28717,145.213
28718,145.213
28719,137.233
28720,137.233
28721,137.233
28722,137.233
28723,137.233
28724,137.233
28725,137.233
28726,137.233
28727,137.233
28728,137.233
28729,137.233
28730,137.233
28731,137.233
28732,137.233
28733,137.233
28734,137.233
28735,137.233
28736,137.233
28737,137.233
28738,137.233
28739,137.233
28740,134.537
28741,134.537
28742,134.537
28743,134.537
28744,134.537
28745,134.537
28746,134.537
28747,134.537
28748,134.537
28749,134.537
28750,134.537
28751,134.537
28752,134.537
28753,134.537
28754,134.537
28755,134.537
28756,134.537
28757,134.537
28758,134.537
28759,139.602
28760,139.602
28761,139.602
28762,139.602
28763,139.602
28764,139.602
28765,139.602
28766,139.602
28767,139.602
28768,139.602
28769,139.602
28770,139.602
28771,139.602
28772,139.602
28773,139.602
28774,139.602
28775,139.602
28776,139.602
28777,139.602
28778,139.602
28779,146.089
28780,146.089
28781,146.089
28782,146.089
28783,146.089
28784,146.089
28785,146.089
28786,146.089
28787,146.089
28788,146.089
28789,146.089
28790,146.089
28791,146.089
28792,146.089
28793,146.089
28794,146.089
28795,146.089
28796,146.089
28797,146.089
28798,146.089
28799,139.875
28800,139.875
28801,139.875
28802,139.875
28803,139.875
28804,139.875
28805,139.875
28806,139.875
28807,139.875
28808,139.875
28809,139.875
28810,139.875
28811,139.875
28812,139.875
28813,139.875
28814,139.875
28815,139.875
28816,139.875
28817,139.875
28818,139.875
28819,139.875
28820,129.253
28821,129.253
28822,129.253
28823,129.253
28824,129.253
28825,129.253
28826,129.253
28827,129.253
28828,129.253
28829,129.253
28830,129.253
28831,129.253
28832,129.253
28833,129.253
28834,129.253
28835,129.253
28836,129.253
28837,129.253
28838,129.253
28839,129.253
28840,138.39
28841,138.39
28842,138.39
28843,138.39
28844,138.39
28845,138.39
28846,138.39
28847,138.39
28848,138.39
28849,138.39
28850,138.39
28851,138.39
28852,138.39
28853,138.39
28854,138.39
28855,138.39
28856,138.39
28857,138.39
28858,138.39
28859,138.39
28860,141.962
28861,141.962
28862,141.962
28863,141.962
28864,141.962
28865,141.962
28866,141.962
28867,141.962
28868,141.962
28869,141.962
28870,141.962
28871,141.962
28872,141.962
28873,141.962
28874,141.962
28875,141.962
28876,141.962
28877,141.962
28878,141.962
28879,141.962
28880,143.447
28881,143.447
28882,143.447
28883,143.447
28884,143.447
28885,143.447
28886,143.447
28887,143.447
28888,143.447
28889,143.447
28890,143.447
28891,143.447
28892,143.447
28893,143.447
28894,143.447
28895,143.447
28896,143.447
28897,143.447
28898,143.447
28899,143.447
28900,135.139
28901,135.139
28902,135.139
28903,135.139
28904,135.139
28905,135.139
28906,135.139
28907,135.139
28908,135.139
28909,135.139
28910,135.139
28911,135.139
28912,135.139
28913,135.139
28914,135.139
28915,135.139
28916,135.139
28917,135.139
28918,135.139
28919,135.139
28920,135.42
28921,135.42
28922,135.42
28923,135.42
28924,135.42
28925,135.42
28926,135.42
28927,135.42
28928,135.42
28929,135.42
28930,135.42
28931,135.42
28932,135.42
28933,135.42
28934,135.42
28935,135.42
28936,135.42
28937,135.42
28938,135.42
28939,135.42
28940,135.42
28941,142.243
28942,142.243
28943,142.243
28944,142.243
28945,142.243
28946,142.243
28947,142.243
28948,142.243
28949,142.243
28950,142.243
28951,142.243
28952,142.243
28953,142.243
28954,142.243
28955,142.243
28956,142.243
28957,142.243
28958,142.243
28959,142.243
28960,145.487
28961,145.487
28962,145.487
28963,145.487
28964,145.487
28965,145.487
28966,145.487
28967,145.487
28968,145.487
28969,145.487
28970,145.487
28971,145.487
28972,145.487
28973,145.487
28974,145.487
28975,145.487
28976,145.487
28977,145.487
28978,145.487
28979,145.487
28980,133.654
28981,133.654
28982,133.654
28983,133.654
28984,133.654
28985,133.654
28986,133.654
28987,133.654
28988,133.654
28989,133.654
28990,133.654
28991,133.654
28992,133.654
28993,133.654
28994,133.654
28995,133.654
28996,133.654
28997,133.654
28998,133.654
28999,133.654
29000,134.537
29001,134.537
29002,134.537
29003,134.537
29004,134.537
29005,134.537
29006,134.537
29007,134.537
29008,134.537
29009,134.537
29010,134.537
29011,134.537
29012,134.537
29013,134.537
29014,134.537
29015,134.537
29016,134.537
29017,134.537
29018,134.537
29019,134.537
29020,141.962
29021,141.962
29022,141.962
29023,141.962
29024,141.962
29025,141.962
29026,141.962
29027,141.962
29028,141.962
29029,141.962
29030,141.962
29031,141.962
29032,141.962
29033,141.962
29034,141.962
29035,141.962
29036,141.962
29037,141.962
29038,141.962
29039,141.962
29040,141.962
29041,144.604
29042,144.604
29043,144.604
29044,144.604
29045,144.604
29046,144.604
29047,144.604
29048,144.604
29049,144.604
29050,144.604
29051,144.604
29052,144.604
29053,144.604
29054,144.604
29055,144.604
29056,144.604
29057,144.604
29058,144.604
29059,144.604
29060,144.604
29061,134.537
29062,134.537
29063,134.537
29064,134.537
29065,134.537
29066,134.537
29067,134.537
29068,134.537
29069,134.537
29070,134.537
29071,134.537
29072,134.537
29073,134.537
29074,134.537
29075,134.537
29076,134.537
29077,134.537
29078,134.537
29079,134.537
29080,134.537
29081,135.139
29082,135.139
29083,135.139
29084,135.139
29085,135.139
29086,135.139
29087,135.139
29088,135.139
29089,135.139
29090,135.139
29091,135.139
29092,135.139
29093,135.139
29094,135.139
29095,135.139
29096,135.139
29097,135.139
29098,135.139
29099,135.139
29100,135.139
29101,141.087
29102,141.087
29103,141.087
29104,141.087
29105,141.087
29106,141.087
29107,141.087
29108,141.087
29109,141.087
29110,141.087
29111,141.087
29112,141.087
29113,141.087
29114,141.087
29115,141.087
29116,141.087
29117,141.087
29118,141.087
29119,141.087
29120,141.087
29121,146.699
29122,146.699
29123,146.699
29124,146.699
29125,146.699
29126,146.699
29127,146.699
29128,146.699
29129,146.699
29130,146.699
29131,146.699
29132,146.699
29133,146.699
29134,146.699
29135,146.699
29136,146.699
29137,146.699
29138,146.699
29139,146.699
29140,146.699
29141,146.699
29142,133.38
29143,133.38
29144,133.38
29145,133.38
29146,133.38
29147,133.38
29148,133.38
29149,133.38
29150,133.38
29151,133.38
29152,133.38
29153,133.38
29154,133.38
29155,133.38
29156,133.38
29157,133.38
29158,133.38
29159,133.38
29160,133.38
29161,134.537
29162,134.537
29163,134.537
29164,134.537
29165,134.537
29166,134.537
29167,134.537
29168,134.537
29169,134.537
29170,134.537
29171,134.537
29172,134.537
29173,134.537
29174,134.537
29175,134.537
29176,134.537
29177,134.537
29178,134.537
29179,134.537
29180,134.537
29181,142.517
29182,142.517
29183,142.517
29184,142.517
29185,142.517
29186,142.517
29187,142.517
29188,142.517
29189,142.517
29190,142.517
29191,142.517
29192,142.517
29193,142.517
29194,142.517
29195,142.517
29196,142.517
29197,142.517
29198,142.517
29199,142.517
29200,142.517
29201,143.728
29202,143.728
29203,143.728
29204,143.728
29205,143.728
29206,143.728
29207,143.728
29208,143.728
29209,143.728
29210,143.728
29211,143.728
29212,143.728
29213,143.728
29214,143.728
29215,143.728
29216,143.728
29217,143.728
29218,143.728
29219,143.728
29220,143.728
29221,131.621
29222,131.621
29223,131.621
29224,131.621
29225,131.621
29226,131.621
29227,131.621
29228,131.621
29229,131.621
29230,131.621
29231,131.621
29232,131.621
29233,131.621
29234,131.621
29235,131.621
29236,131.621
29237,131.621
29238,131.621
29239,131.621
29240,131.621
29241,131.621
29242,137.507
29243,137.507
29244,137.507
29245,137.507
29246,137.507
29247,137.507
29248,137.507
29249,137.507
29250,137.507
29251,137.507
29252,137.507
29253,137.507
29254,137.507
29255,137.507
29256,137.507
29257,137.507
29258,137.507
29259,137.507
29260,137.507
29261,145.487
29262,145.487
29263,145.487
29264,145.487
29265,145.487
29266,145.487
29267,145.487
29268,145.487
29269,145.487
29270,145.487
29271,145.487
29272,145.487
29273,145.487
29274,145.487
29275,145.487
29276,145.487
29277,145.487
29278,145.487
29279,145.487
29280,145.487
29281,145.487
29282,143.447
29283,143.447
29284,143.447
29285,143.447
29286,143.447
29287,143.447
29288,143.447
29289,143.447
29290,143.447
29291,143.447
29292,143.447
29293,143.447
29294,143.447
29295,143.447
29296,143.447
29297,143.447
29298,143.447
29299,143.447
29300,143.447
29301,143.447
29302,130.684
29303,130.684
29304,130.684
29305,130.684
29306,130.684
29307,130.684
29308,130.684
29309,130.684
29310,130.684
29311,130.684
29312,130.684
29313,130.684
29314,130.684
29315,130.684
29316,130.684
29317,130.684
29318,130.684
29319,130.684
29320,130.684
29321,130.684
29322,139.265
29323,139.265
29324,139.265
29325,139.265
29326,139.265
29327,139.265
29328,139.265
29329,139.265
29330,139.265
29331,139.265
29332,139.265
29333,139.265
29334,139.265
29335,139.265
29336,139.265
29337,139.265
29338,139.265
29339,139.265
29340,139.265
29341,139.265
29342,139.265
29343,146.37
29344,146.37
29345,146.37
29346,146.37
29347,146.37
29348,146.37
29349,146.37
29350,146.37
29351,146.37
29352,146.37
29353,146.37
29354,146.37
29355,146.37
29356,146.37
29357,146.37
29358,146.37
29359,146.37
29360,146.37
29361,146.37
29362,131.621
29363,131.621
29364,131.621
29365,131.621
29366,131.621
29367,131.621
29368,131.621
29369,131.621
29370,131.621
29371,131.621
29372,131.621
29373,131.621
29374,131.621
29375,131.621
29376,131.621
29377,131.621
29378,131.621
29379,131.621
29380,131.621
29381,131.621
29382,138.109
29383,138.109
29384,138.109
29385,138.109
29386,138.109
29387,138.109
29388,138.109
29389,138.109
29390,138.109
29391,138.109
29392,138.109
29393,138.109
29394,138.109
29395,138.109
29396,138.109
29397,138.109
29398,138.109
29399,138.109
29400,138.109
29401,138.109
29402,144.33
29403,144.33
29404,144.33
29405,144.33
29406,144.33
29407,144.33
29408,144.33
29409,144.33
29410,144.33
29411,144.33
29412,144.33
29413,144.33
29414,144.33
29415,144.33
29416,144.33
29417,144.33
29418,144.33
29419,144.33
29420,144.33
29421,144.33
29422,135.748
29423,135.748
29424,135.748
29425,135.748
29426,135.748
29427,135.748
29428,135.748
29429,135.748
29430,135.748
29431,135.748
29432,135.748
29433,135.748
29434,135.748
29435,135.748
29436,135.748
29437,135.748
29438,135.748
29439,135.748
29440,135.748
29441,135.748
29442,135.748
29443,146.37
29444,146.37
29445,146.37
29446,146.37
29447,146.37
29448,146.37
29449,146.37
29450,146.37
29451,146.37
29452,146.37
29453,146.37
29454,146.37
29455,146.37
29456,146.37
29457,146.37
29458,146.37
29459,146.37
29460,146.37
29461,146.37
29462,137.507
29463,137.507
29464,137.507
29465,137.507
29466,137.507
29467,137.507
29468,137.507
29469,137.507
29470,137.507
29471,137.507
29472,137.507
29473,137.507
29474,137.507
29475,137.507
29476,137.507
29477,137.507
29478,137.507
29479,137.507
29480,137.507
29481,137.507
29482,135.42
29483,135.42
29484,135.42
29485,135.42
29486,135.42
29487,135.42
29488,135.42
29489,135.42
29490,135.42
29491,135.42
29492,135.42
29493,135.42
29494,135.42
29495,135.42
29496,135.42
29497,135.42
29498,135.42
29499,135.42
29500,135.42
29501,135.42
29502,144.33
29503,144.33
29504,144.33
29505,144.33
29506,144.33
29507,144.33
29508,144.33
29509,144.33
29510,144.33
29511,144.33
29512,144.33
29513,144.33
29514,144.33
29515,144.33
29516,144.33
29517,144.33
29518,144.33
29519,144.33
29520,144.33
29521,144.33
29522,144.33
29523,131.293
29524,131.293
29525,131.293
29526,131.293
29527,131.293
29528,131.293
29529,131.293
29530,131.293
29531,131.293
29532,131.293
29533,131.293
29534,131.293
29535,131.293
29536,131.293
29537,131.293
29538,131.293
29539,131.293
29540,131.293
29541,131.293
29542,131.293
29543,138.39
29544,138.39
29545,138.39
29546,138.39
29547,138.39
29548,138.39
29549,138.39
29550,138.39
29551,138.39
29552,138.39
29553,138.39
29554,138.39
29555,138.39
29556,138.39
29557,138.39
29558,138.39
29559,138.39
29560,138.39
29561,138.39
29562,138.39
29563,143.447
29564,143.447
29565,143.447
29566,143.447
29567,143.447
29568,143.447
29569,143.447
29570,143.447
29571,143.447
29572,143.447
29573,143.447
29574,143.447
29575,143.447
29576,143.447
29577,143.447
29578,143.447
29579,143.447
29580,143.447
29581,143.447
29582,143.447
29583,131.293
29584,131.293
29585,131.293
29586,131.293
29587,131.293
29588,131.293
29589,131.293
29590,131.293
29591,131.293
29592,131.293
29593,131.293
29594,131.293
29595,131.293
29596,131.293
29597,131.293
29598,131.293
29599,131.293
29600,131.293
29601,131.293
29602,131.293
29603,140.149
29604,140.149
29605,140.149
29606,140.149
29607,140.149
29608,140.149
29609,140.149
29610,140.149
29611,140.149
29612,140.149
29613,140.149
29614,140.149
29615,140.149
29616,140.149
29617,140.149
29618,140.149
29619,140.149
29620,140.149
29621,140.149
29622,140.149
29623,142.243
29624,142.243
29625,142.243
29626,142.243
29627,142.243
29628,142.243
29629,142.243
29630,142.243
29631,142.243
29632,142.243
29633,142.243
29634,142.243
29635,142.243
29636,142.243
29637,142.243
29638,142.243
29639,142.243
29640,142.243
29641,142.243
29642,142.243
29643,142.243
29644,135.139
29645,135.139
29646,135.139
29647,135.139
29648,135.139
29649,135.139
29650,135.139
29651,135.139
29652,135.139
29653,135.139
29654,135.139
29655,135.139
29656,135.139
29657,135.139
29658,135.139
29659,135.139
29660,135.139
29661,135.139
29662,135.139
29663,141.087
29664,141.087
29665,141.087
29666,141.087
29667,141.087
29668,141.087
29669,141.087
29670,141.087
29671,141.087
29672,141.087
29673,141.087
29674,141.087
29675,141.087
29676,141.087
29677,141.087
29678,141.087
29679,141.087
29680,141.087
29681,141.087
29682,141.087
29683,140.477
29684,140.477
29685,140.477
29686,140.477
29687,140.477
29688,140.477
29689,140.477
29690,140.477
29691,140.477
29692,140.477
29693,140.477
29694,140.477
29695,140.477
29696,140.477
29697,140.477
29698,140.477
29699,140.477
29700,140.477
29701,140.477
29702,140.477
29703,132.497
29704,132.497
29705,132.497
29706,132.497
29707,132.497
29708,132.497
29709,132.497
29710,132.497
29711,132.497
29712,132.497
29713,132.497
29714,132.497
29715,132.497
29716,132.497
29717,132.497
29718,132.497
29719,132.497
29720,132.497
29721,132.497
29722,132.497
29723,141.087
29724,141.087
29725,141.087
29726,141.087
29727,141.087
29728,141.087
29729,141.087
29730,141.087
29731,141.087
29732,141.087
29733,141.087
29734,141.087
29735,141.087
29736,141.087
29737,141.087
29738,141.087
29739,141.087
29740,141.087
29741,141.087
29742,141.087
29743,141.087
29744,140.149
29745,140.149
29746,140.149
29747,140.149
29748,140.149
29749,140.149
29750,140.149
29751,140.149
29752,140.149
29753,140.149
29754,140.149
29755,140.149
29756,140.149
29757,140.149
29758,140.149
29759,140.149
29760,140.149
29761,140.149
29762,140.149
29763,140.149
29764,133.38
29765,133.38
29766,133.38
29767,133.38
29768,133.38
29769,133.38
29770,133.38
29771,133.38
29772,133.38
29773,133.38
29774,133.38
29775,133.38
29776,133.38
29777,133.38
29778,133.38
29779,133.38
29780,133.38
29781,133.38
29782,133.38
29783,133.38
29784,142.845
29785,142.845
29786,142.845
29787,142.845
29788,142.845
29789,142.845
29790,142.845
29791,142.845
29792,142.845
29793,142.845
29794,142.845
29795,142.845
29796,142.845
29797,142.845
29798,142.845
29799,142.845
29800,142.845
29801,142.845
29802,142.845
29803,142.845
29804,139.602
29805,139.602
29806,139.602
29807,139.602
29808,139.602
29809,139.602
29810,139.602
29811,139.602
29812,139.602
29813,139.602
29814,139.602
29815,139.602
29816,139.602
29817,139.602
29818,139.602
29819,139.602
29820,139.602
29821,139.602
29822,139.602
29823,139.602
29824,135.139
29825,135.139
29826,135.139
29827,135.139
29828,135.139
29829,135.139
29830,135.139
29831,135.139
29832,135.139
29833,135.139
29834,135.139
29835,135.139
29836,135.139
29837,135.139
29838,135.139
29839,135.139
29840,135.139
29841,135.139
29842,135.139
29843,135.139
29844,144.877
29845,144.877
29846,144.877
29847,144.877
29848,144.877
29849,144.877
29850,144.877
29851,144.877
29852,144.877
29853,144.877
29854,144.877
29855,144.877
29856,144.877
29857,144.877
29858,144.877
29859,144.877
29860,144.877
29861,144.877
29862,144.877
29863,144.877
29864,136.022
29865,136.022
29866,136.022
29867,136.022
29868,136.022
29869,136.022
29870,136.022
29871,136.022
29872,136.022
29873,136.022
29874,136.022
29875,136.022
29876,136.022
29877,136.022
29878,136.022
29879,136.022
29880,136.022
29881,136.022
29882,136.022
29883,136.022
29884,135.748
29885,135.748
29886,135.748
29887,135.748
29888,135.748
29889,135.748
29890,135.748
29891,135.748
29892,135.748
29893,135.748
29894,135.748
29895,135.748
29896,135.748
29897,135.748
29898,135.748
29899,135.748
29900,135.748
29901,135.748
29902,135.748
29903,135.748
29904,144.183
29905,144.183
29906,144.183
29907,144.183
29908,144.183
29909,144.183
29910,144.183
29911,144.183
29912,144.183
29913,144.183
29914,144.183
29915,144.183
29916,144.183
29917,144.183
29918,144.183
29919,144.183
29920,144.183
29921,144.183
29922,144.183
29923,144.183
29924,132.169
29925,132.169
29926,132.169
29927,132.169
29928,132.169
29929,132.169
29930,132.169
29931,132.169
29932,132.169
29933,132.169
29934,132.169
29935,132.169
29936,132.169
29937,132.169
29938,132.169
29939,132.169
29940,132.169
29941,132.169
29942,132.169
29943,132.169
29944,132.169
29945,137.366
29946,137.366
29947,137.366
29948,137.366
29949,137.366
29950,137.366
29951,137.366
29952,137.366
29953,137.366
29954,137.366
29955,137.366
29956,137.366
29957,137.366
29958,137.366
29959,137.366
29960,137.366
29961,137.366
29962,137.366
29963,137.366
29964,144.183
29965,144.183
29966,144.183
29967,144.183
29968,144.183
29969,144.183
29970,144.183
29971,144.183
29972,144.183
29973,144.183
29974,144.183
29975,144.183
29976,144.183
29977,144.183
29978,144.183
29979,144.183
29980,144.183
29981,144.183
29982,144.183
29983,144.183
29984,134.399
29985,134.399
29986,134.399
29987,134.399
29988,134.399
29989,134.399
29990,134.399
29991,134.399
29992,134.399
29993,134.399
29994,134.399
29995,134.399
29996,134.399
29997,134.399
29998,134.399
29999,134.399
30000,134.399
30001,134.399
30002,134.399
30003,134.399
30004,141.489
30005,141.489
30006,141.489
30007,141.489
30008,141.489
30009,141.489
30010,141.489
30011,141.489
30012,141.489
30013,141.489
30014,141.489
30015,141.489
30016,141.489
30017,141.489
30018,141.489
30019,141.489
30020,141.489
30021,141.489
30022,141.489
30023,141.489
30024,141.489
30025,136.484
30026,136.484
30027,136.484
30028,136.484
30029,136.484
30030,136.484
30031,136.484
30032,136.484
30033,136.484
30034,136.484
30035,136.484
30036,136.484
30037,136.484
30038,136.484
30039,136.484
30040,136.484
30041,136.484
30042,136.484
30043,136.484
30044,136.484
30045,141.215
30046,141.215
30047,141.215
30048,141.215
30049,141.215
30050,141.215
30051,141.215
30052,141.215
30053,141.215
30054,141.215
30055,141.215
30056,141.215
30057,141.215
30058,141.215
30059,141.215
30060,141.215
30061,141.215
30062,141.215
30063,141.215
30064,141.215
30065,142.972
30066,142.972
30067,142.972
30068,142.972
30069,142.972
30070,142.972
30071,142.972
30072,142.972
30073,142.972
30074,142.972
30075,142.972
30076,142.972
30077,142.972
30078,142.972
30079,142.972
30080,142.972
30081,142.972
30082,142.972
30083,142.972
30084,142.972
30085,135.883
30086,135.883
30087,135.883
30088,135.883
30089,135.883
30090,135.883
30091,135.883
30092,135.883
30093,135.883
30094,135.883
30095,135.883
30096,135.883
30097,135.883
30098,135.883
30099,135.883
30100,135.883
30101,135.883
30102,135.883
30103,135.883
30104,135.883
30105,146.22
30106,146.22
30107,146.22
30108,146.22
30109,146.22
30110,146.22
30111,146.22
30112,146.22
30113,146.22
30114,146.22
30115,146.22
30116,146.22
30117,146.22
30118,146.22
30119,146.22
30120,146.22
30121,146.22
30122,146.22
30123,146.22
30124,146.22
30125,132.642
30126,132.642
30127,132.642
30128,132.642
30129,132.642
30130,132.642
30131,132.642
30132,132.642
30133,132.642
30134,132.642
30135,132.642
30136,132.642
30137,132.642
30138,132.642
30139,132.642
30140,132.642
30141,132.642
30142,132.642
30143,132.642
30144,132.642
30145,132.642
30146,143.855
30147,143.855
30148,143.855
30149,143.855
30150,143.855
30151,143.855
30152,143.855
30153,143.855
30154,143.855
30155,143.855
30156,143.855
30157,143.855
30158,143.855
30159,143.855
30160,143.855
30161,143.855
30162,143.855
30163,143.855
30164,143.855
30165,140.333
30166,140.333
30167,140.333
30168,140.333
30169,140.333
30170,140.333
30171,140.333
30172,140.333
30173,140.333
30174,140.333
30175,140.333
30176,140.333
30177,140.333
30178,140.333
30179,140.333
30180,140.333
30181,140.333
30182,140.333
30183,140.333
30184,140.333
30185,138.248
30186,138.248
30187,138.248
30188,138.248
30189,138.248
30190,138.248
30191,138.248
30192,138.248
30193,138.248
30194,138.248
30195,138.248
30196,138.248
30197,138.248
30198,138.248
30199,138.248
30200,138.248
30201,138.248
30202,138.248
30203,138.248
30204,138.248
30205,147.095
30206,147.095
30207,147.095
30208,147.095
30209,147.095
30210,147.095
30211,147.095
30212,147.095
30213,147.095
30214,147.095
30215,147.095
30216,147.095
30217,147.095
30218,147.095
30219,147.095
30220,147.095
30221,147.095
30222,147.095
30223,147.095
30224,147.095
30225,147.095
30226,135.883
30227,135.883
30228,135.883
30229,135.883
30230,135.883
30231,135.883
30232,135.883
30233,135.883
30234,135.883
30235,135.883
30236,135.883
30237,135.883
30238,135.883
30239,135.883
30240,135.883
30241,135.883
30242,135.883
30243,135.883
30244,135.883
30245,135.883
30246,147.704
30247,147.704
30248,147.704
30249,147.704
30250,147.704
30251,147.704
30252,147.704
30253,147.704
30254,147.704
30255,147.704
30256,147.704
30257,147.704
30258,147.704
30259,147.704
30260,147.704
30261,147.704
30262,147.704
30263,147.704
30264,147.704
30265,147.704
30266,132.033
30267,132.033
30268,132.033
30269,132.033
30270,132.033
30271,132.033
30272,132.033
30273,132.033
30274,132.033
30275,132.033
30276,132.033
30277,132.033
30278,132.033
30279,132.033
30280,132.033
30281,132.033
30282,132.033
30283,132.033
30284,132.033
30285,132.033
30286,139.732
30287,139.732
30288,139.732
30289,139.732
30290,139.732
30291,139.732
30292,139.732
30293,139.732
30294,139.732
30295,139.732
30296,139.732
30297,139.732
30298,139.732
30299,139.732
30300,139.732
30301,139.732
30302,139.732
30303,139.732
30304,139.732
30305,139.732
30306,140.005
30307,140.005
30308,140.005
30309,140.005
30310,140.005
30311,140.005
30312,140.005
30313,140.005
30314,140.005
30315,140.005
30316,140.005
30317,140.005
30318,140.005
30319,140.005
30320,140.005
30321,140.005
30322,140.005
30323,140.005
30324,140.005
30325,140.005
30326,136.211
30327,136.211
30328,136.211
30329,136.211
30330,136.211
30331,136.211
30332,136.211
30333,136.211
30334,136.211
30335,136.211
30336,136.211
30337,136.211
30338,136.211
30339,136.211
30340,136.211
30341,136.211
30342,136.211
30343,136.211
30344,136.211
30345,136.211
30346,145.338
30347,145.338
30348,145.338
30349,145.338
30350,145.338
30351,145.338
30352,145.338
30353,145.338
30354,145.338
30355,145.338
30356,145.338
30357,145.338
30358,145.338
30359,145.338
30360,145.338
30361,145.338
30362,145.338
30363,145.338
30364,145.338
30365,145.338
30366,133.845
30367,133.845
30368,133.845
30369,133.845
30370,133.845
30371,133.845
30372,133.845
30373,133.845
30374,133.845
30375,133.845
30376,133.845
30377,133.845
30378,133.845
30379,133.845
30380,133.845
30381,133.845
30382,133.845
30383,133.845
30384,133.845
30385,133.845
30386,141.215
30387,141.215
30388,141.215
30389,141.215
30390,141.215
30391,141.215
30392,141.215
30393,141.215
30394,141.215
30395,141.215
30396,141.215
30397,141.215
30398,141.215
30399,141.215
30400,141.215
30401,141.215
30402,141.215
30403,141.215
30404,141.215
30405,141.215
30406,137.366
30407,137.366
30408,137.366
30409,137.366
30410,137.366
30411,137.366
30412,137.366
30413,137.366
30414,137.366
30415,137.366
30416,137.366
30417,137.366
30418,137.366
30419,137.366
30420,137.366
30421,137.366
30422,137.366
30423,137.366
30424,137.366
30425,137.366
30426,138.248
30427,138.248
30428,138.248
30429,138.248
30430,138.248
30431,138.248
30432,138.248
30433,138.248
30434,138.248
30435,138.248
30436,138.248
30437,138.248
30438,138.248
30439,138.248
30440,138.248
30441,138.248
30442,138.248
30443,138.248
30444,138.248
30445,138.248
30446,138.248
30447,143.855
30448,143.855
30449,143.855
30450,143.855
30451,143.855
30452,143.855
30453,143.855
30454,143.855
30455,143.855
30456,143.855
30457,143.855
30458,143.855
30459,143.855
30460,143.855
30461,143.855
30462,143.855
30463,143.855
30464,143.855
30465,143.855
30466,143.855
30467,134.399
30468,134.399
30469,134.399
30470,134.399
30471,134.399
30472,134.399
30473,134.399
30474,134.399
30475,134.399
30476,134.399
30477,134.399
30478,134.399
30479,134.399
30480,134.399
30481,134.399
30482,134.399
30483,134.399
30484,134.399
30485,134.399
30486,134.399
30487,143.3
30488,143.3
30489,143.3
30490,143.3
30491,143.3
30492,143.3
30493,143.3
30494,143.3
30495,143.3
30496,143.3
30497,143.3
30498,143.3
30499,143.3
30500,143.3
30501,143.3
30502,143.3
30503,143.3
30504,143.3
30505,143.3
30506,143.3
30507,133.244
30508,133.244
30509,133.244
30510,133.244
30511,133.244
30512,133.244
30513,133.244
30514,133.244
30515,133.244
30516,133.244
30517,133.244
30518,133.244
30519,133.244
30520,133.244
30521,133.244
30522,133.244
30523,133.244
30524,133.244
30525,133.244
30526,133.244
30527,139.459
30528,139.459
30529,139.459
30530,139.459
30531,139.459
30532,139.459
30533,139.459
30534,139.459
30535,139.459
30536,139.459
30537,139.459
30538,139.459
30539,139.459
30540,139.459
30541,139.459
30542,139.459
30543,139.459
30544,139.459
30545,139.459
30546,139.459
30547,142.517
30548,142.517
30549,142.517
30550,142.517
30551,142.517
30552,142.517
30553,142.517
30554,142.517
30555,142.517
30556,142.517
30557,142.517
30558,142.517
30559,142.517
30560,142.517
30561,142.517
30562,142.517
30563,142.517
30564,142.517
30565,142.517
30566,142.517
30567,135.748
30568,135.748
30569,135.748
30570,135.748
30571,135.748
30572,135.748
30573,135.748
30574,135.748
30575,135.748
30576,135.748
30577,135.748
30578,135.748
30579,135.748
30580,135.748
30581,135.748
30582,135.748
30583,135.748
30584,135.748
30585,135.748
30586,135.748
30587,146.699
30588,146.699
30589,146.699
30590,146.699
30591,146.699
30592,146.699
30593,146.699
30594,146.699
30595,146.699
30596,146.699
30597,146.699
30598,146.699
30599,146.699
30600,146.699
30601,146.699
30602,146.699
30603,146.699
30604,146.699
30605,146.699
30606,146.699
30607,135.42
30608,135.42
30609,135.42
30610,135.42
30611,135.42
30612,135.42
30613,135.42
30614,135.42
30615,135.42
30616,135.42
30617,135.42
30618,135.42
30619,135.42
30620,135.42
30621,135.42
30622,135.42
30623,135.42
30624,135.42
30625,135.42
30626,135.42
30627,143.728
30628,143.728
30629,143.728
30630,143.728
30631,143.728
30632,143.728
30633,143.728
30634,143.728
30635,143.728
30636,143.728
30637,143.728
30638,143.728
30639,143.728
30640,143.728
30641,143.728
30642,143.728
30643,143.728
30644,143.728
30645,143.728
30646,143.728
30647,143.728
30648,133.982
30649,133.982
30650,133.982
30651,133.982
30652,133.982
30653,133.982
30654,133.982
30655,133.982
30656,133.982
30657,133.982
30658,133.982
30659,133.982
30660,133.982
30661,133.982
30662,133.982
30663,133.982
30664,133.982
30665,133.982
30666,133.982
30667,140.477
30668,140.477
30669,140.477
30670,140.477
30671,140.477
30672,140.477
30673,140.477
30674,140.477
30675,140.477
30676,140.477
30677,140.477
30678,140.477
30679,140.477
30680,140.477
30681,140.477
30682,140.477
30683,140.477
30684,140.477
30685,140.477
30686,140.477
30687,140.477
30688,138.109
30689,138.109
30690,138.109
30691,138.109
30692,138.109
30693,138.109
30694,138.109
30695,138.109
30696,138.109
30697,138.109
30698,138.109
30699,138.109
30700,138.109
30701,138.109
30702,138.109
30703,138.109
30704,138.109
30705,138.109
30706,138.109
30707,138.109
30708,138.109
30709,138.109
30710,138.109
30711,138.109
30712,138.109
30713,138.109
30714,138.109
30715,138.109
30716,138.109
30717,138.109
30718,138.109
30719,138.109
30720,138.109
30721,138.109
30722,138.109
30723,138.109
30724,138.109
30725,138.109
30726,138.109
30727,138.109
30728,142.243
30729,142.243
30730,142.243
30731,142.243
30732,142.243
30733,142.243
30734,142.243
30735,142.243
30736,142.243
30737,142.243
30738,142.243
30739,142.243
30740,142.243
30741,142.243
30742,142.243
30743,142.243
30744,142.243
30745,142.243
30746,142.243
30747,142.243
30748,136.022
30749,136.022
30750,136.022
30751,136.022
30752,136.022
30753,136.022
30754,136.022
30755,136.022
30756,136.022
30757,136.022
30758,136.022
30759,136.022
30760,136.022
30761,136.022
30762,136.022
30763,136.022
30764,136.022
30765,136.022
30766,136.022
30767,136.022
30768,143.728
30769,143.728
30770,143.728
30771,143.728
30772,143.728
30773,143.728
30774,143.728
30775,143.728
30776,143.728
30777,143.728
30778,143.728
30779,143.728
30780,143.728
30781,143.728
30782,143.728
30783,143.728
30784,143.728
30785,143.728
30786,143.728
30787,143.728
30788,134.263
30789,134.263
30790,134.263
30791,134.263
30792,134.263
30793,134.263
30794,134.263
30795,134.263
30796,134.263
30797,134.263
30798,134.263
30799,134.263
30800,134.263
30801,134.263
30802,134.263
30803,134.263
30804,134.263
30805,134.263
30806,134.263
30807,134.263
30808,141.36
30809,141.36
30810,141.36
30811,141.36
30812,141.36
30813,141.36
30814,141.36
30815,141.36
30816,141.36
30817,141.36
30818,141.36
30819,141.36
30820,141.36
30821,141.36
30822,141.36
30823,141.36
30824,141.36
30825,141.36
30826,141.36
30827,141.36
30828,133.982
30829,133.982
30830,133.982
30831,133.982
30832,133.982
30833,133.982
30834,133.982
30835,133.982
30836,133.982
30837,133.982
30838,133.982
30839,133.982
30840,133.982
30841,133.982
30842,133.982
30843,133.982
30844,133.982
30845,133.982
30846,133.982
30847,133.982
30848,178.338
30849,178.338
30850,178.338
30851,178.338
30852,178.338
30853,178.338
30854,178.338
30855,178.338
30856,178.338
30857,178.338
30858,178.338
30859,178.338
30860,178.338
30861,178.338
30862,178.338
30863,178.338
30864,178.338
30865,178.338
30866,178.338
30867,178.338
30868,148.184
30869,148.184
30870,148.184
30871,148.184
30872,148.184
30873,148.184
30874,148.184
30875,148.184
30876,148.184
30877,148.184
30878,148.184
30879,148.184
30880,148.184
30881,148.184
30882,148.184
30883,148.184
30884,148.184
30885,148.184
30886,148.184
30887,148.184
30888,132.497
30889,132.497
30890,132.497
30891,132.497
30892,132.497
30893,132.497
30894,132.497
30895,132.497
30896,132.497
30897,132.497
30898,132.497
30899,132.497
30900,132.497
30901,132.497
30902,132.497
30903,132.497
30904,132.497
30905,132.497
30906,132.497
30907,132.497
30908,137.78
30909,137.78
30910,137.78
30911,137.78
30912,137.78
30913,137.78
30914,137.78
30915,137.78
30916,137.78
30917,137.78
30918,137.78
30919,137.78
30920,137.78
30921,137.78
30922,137.78
30923,137.78
30924,137.78
30925,137.78
30926,137.78
30927,137.78
30928,137.78
30929,144.002
30930,144.002
30931,144.002
30932,144.002
30933,144.002
30934,144.002
30935,144.002
30936,144.002
30937,144.002
30938,144.002
30939,144.002
30940,144.002
30941,144.002
30942,144.002
30943,144.002
30944,144.002
30945,144.002
30946,144.002
30947,144.002
30948,144.002
30949,142.517
30950,142.517
30951,142.517
30952,142.517
30953,142.517
30954,142.517
30955,142.517
30956,142.517
30957,142.517
30958,142.517
30959,142.517
30960,142.517
30961,142.517
30962,142.517
30963,142.517
30964,142.517
30965,142.517
30966,142.517
30967,142.517
30968,142.517
30969,131.895
30970,131.895
30971,131.895
30972,131.895
30973,131.895
30974,131.895
30975,131.895
30976,131.895
30977,131.895
30978,131.895
30979,131.895
30980,131.895
30981,131.895
30982,131.895
30983,131.895
30984,131.895
30985,131.895
30986,131.895
30987,131.895
30988,131.895
30989,133.38
30990,133.38
30991,133.38
30992,133.38
30993,133.38
30994,133.38
30995,133.38
30996,133.38
30997,133.38
30998,133.38
30999,133.38
31000,133.38
31001,133.38
31002,133.38
31003,133.38
31004,133.38
31005,133.38
31006,133.38
31007,133.38
31008,133.38
31009,141.634
31010,141.634
31011,141.634
31012,141.634
31013,141.634
31014,141.634
31015,141.634
31016,141.634
31017,141.634
31018,141.634
31019,141.634
31020,141.634
31021,141.634
31022,141.634
31023,141.634
31024,141.634
31025,141.634
31026,141.634
31027,141.634
31028,141.634
31029,145.815
31030,145.815
31031,145.815
31032,145.815
31033,145.815
31034,145.815
31035,145.815
31036,145.815
31037,145.815
31038,145.815
31039,145.815
31040,145.815
31041,145.815
31042,145.815
31043,145.815
31044,145.815
31045,145.815
31046,145.815
31047,145.815
31048,145.815
31049,137.233
31050,137.233
31051,137.233
31052,137.233
31053,137.233
31054,137.233
31055,137.233
31056,137.233
31057,137.233
31058,137.233
31059,137.233
31060,137.233
31061,137.233
31062,137.233
31063,137.233
31064,137.233
31065,137.233
31066,137.233
31067,137.233
31068,137.233
31069,135.139
31070,135.139
31071,135.139
31072,135.139
31073,135.139
31074,135.139
31075,135.139
31076,135.139
31077,135.139
31078,135.139
31079,135.139
31080,135.139
31081,135.139
31082,135.139
31083,135.139
31084,135.139
31085,135.139
31086,135.139
31087,135.139
31088,135.139
31089,140.477
31090,140.477
31091,140.477
31092,140.477
31093,140.477
31094,140.477
31095,140.477
31096,140.477
31097,140.477
31098,140.477
31099,140.477
31100,140.477
31101,140.477
31102,140.477
31103,140.477
31104,140.477
31105,140.477
31106,140.477
31107,140.477
31108,140.477
31109,146.822
31110,146.822
31111,146.822
31112,146.822
31113,146.822
31114,146.822
31115,146.822
31116,146.822
31117,146.822
31118,146.822
31119,146.822
31120,146.822
31121,146.822
31122,146.822
31123,146.822
31124,146.822
31125,146.822
31126,146.822
31127,146.822
31128,146.822
31129,132.642
31130,132.642
31131,132.642
31132,132.642
31133,132.642
31134,132.642
31135,132.642
31136,132.642
31137,132.642
31138,132.642
31139,132.642
31140,132.642
31141,132.642
31142,132.642
31143,132.642
31144,132.642
31145,132.642
31146,132.642
31147,132.642
31148,132.642
31149,132.642
31150,135.748
31151,135.748
31152,135.748
31153,135.748
31154,135.748
31155,135.748
31156,135.748
31157,135.748
31158,135.748
31159,135.748
31160,135.748
31161,135.748
31162,135.748
31163,135.748
31164,135.748
31165,135.748
31166,135.748
31167,135.748
31168,135.748
31169,141.215
31170,141.215
31171,141.215
31172,141.215
31173,141.215
31174,141.215
31175,141.215
31176,141.215
31177,141.215
31178,141.215
31179,141.215
31180,141.215
31181,141.215
31182,141.215
31183,141.215
31184,141.215
31185,141.215
31186,141.215
31187,141.215
31188,141.215
31189,141.215
31190,145.666
31191,145.666
31192,145.666
31193,145.666
31194,145.666
31195,145.666
31196,145.666
31197,145.666
31198,145.666
31199,145.666
31200,145.666
31201,145.666
31202,145.666
31203,145.666
31204,145.666
31205,145.666
31206,145.666
31207,145.666
31208,145.666
31209,145.666
31210,132.361
31211,132.361
31212,132.361
31213,132.361
31214,132.361
31215,132.361
31216,132.361
31217,132.361
31218,132.361
31219,132.361
31220,132.361
31221,132.361
31222,132.361
31223,132.361
31224,132.361
31225,132.361
31226,132.361
31227,132.361
31228,132.361
31229,132.361
31230,137.967
31231,137.967
31232,137.967
31233,137.967
31234,137.967
31235,137.967
31236,137.967
31237,137.967
31238,137.967
31239,137.967
31240,137.967
31241,137.967
31242,137.967
31243,137.967
31244,137.967
31245,137.967
31246,137.967
31247,137.967
31248,137.967
31249,137.967
31250,145.666
31251,145.666
31252,145.666
31253,145.666
31254,145.666
31255,145.666
31256,145.666
31257,145.666
31258,145.666
31259,145.666
31260,145.666
31261,145.666
31262,145.666
31263,145.666
31264,145.666
31265,145.666
31266,145.666
31267,145.666
31268,145.666
31269,145.666
31270,132.361
31271,132.361
31272,132.361
31273,132.361
31274,132.361
31275,132.361
31276,132.361
31277,132.361
31278,132.361
31279,132.361
31280,132.361
31281,132.361
31282,132.361
31283,132.361
31284,132.361
31285,132.361
31286,132.361
31287,132.361
31288,132.361
31289,132.361
31290,138.576
31291,138.576
31292,138.576
31293,138.576
31294,138.576
31295,138.576
31296,138.576
31297,138.576
31298,138.576
31299,138.576
31300,138.576
31301,138.576
31302,138.576
31303,138.576
31304,138.576
31305,138.576
31306,138.576
31307,138.576
31308,138.576
31309,138.576
31310,144.456
31311,144.456
31312,144.456
31313,144.456
31314,144.456
31315,144.456
31316,144.456
31317,144.456
31318,144.456
31319,144.456
31320,144.456
31321,144.456
31322,144.456
31323,144.456
31324,144.456
31325,144.456
31326,144.456
31327,144.456
31328,144.456
31329,144.456
31330,134.126
31331,134.126
31332,134.126
31333,134.126
31334,134.126
31335,134.126
31336,134.126
31337,134.126
31338,134.126
31339,134.126
31340,134.126
31341,134.126
31342,134.126
31343,134.126
31344,134.126
31345,134.126
31346,134.126
31347,134.126
31348,134.126
31349,134.126
31350,144.729
31351,144.729
31352,144.729
31353,144.729
31354,144.729
31355,144.729
31356,144.729
31357,144.729
31358,144.729
31359,144.729
31360,144.729
31361,144.729
31362,144.729
31363,144.729
31364,144.729
31365,144.729
31366,144.729
31367,144.729
31368,144.729
31369,144.729
31370,136.211
31371,136.211
31372,136.211
31373,136.211
31374,136.211
31375,136.211
31376,136.211
31377,136.211
31378,136.211
31379,136.211
31380,136.211
31381,136.211
31382,136.211
31383,136.211
31384,136.211
31385,136.211
31386,136.211
31387,136.211
31388,136.211
31389,136.211
31390,136.211
31391,138.85
31392,138.85
31393,138.85
31394,138.85
31395,138.85
31396,138.85
31397,138.85
31398,138.85
31399,138.85
31400,138.85
31401,138.85
31402,138.85
31403,138.85
31404,138.85
31405,138.85
31406,138.85
31407,138.85
31408,138.85
31409,138.85
31410,138.85
31411,145.338
31412,145.338
31413,145.338
31414,145.338
31415,145.338
31416,145.338
31417,145.338
31418,145.338
31419,145.338
31420,145.338
31421,145.338
31422,145.338
31423,145.338
31424,145.338
31425,145.338
31426,145.338
31427,145.338
31428,145.338
31429,145.338
31430,145.338
31431,132.033
31432,132.033
31433,132.033
31434,132.033
31435,132.033
31436,132.033
31437,132.033
31438,132.033
31439,132.033
31440,132.033
31441,132.033
31442,132.033
31443,132.033
31444,132.033
31445,132.033
31446,132.033
31447,132.033
31448,132.033
31449,132.033
31450,132.033
31451,142.699
31452,142.699
31453,142.699
31454,142.699
31455,142.699
31456,142.699
31457,142.699
31458,142.699
31459,142.699
31460,142.699
31461,142.699
31462,142.699
31463,142.699
31464,142.699
31465,142.699
31466,142.699
31467,142.699
31468,142.699
31469,142.699
31470,142.699
31471,142.699
31472,142.699
31473,142.699
31474,142.699
31475,142.699
31476,142.699
31477,142.699
31478,142.699
31479,142.699
31480,142.699
31481,142.699
31482,142.699
31483,142.699
31484,142.699
31485,142.699
31486,142.699
31487,142.699
31488,142.699
31489,142.699
31490,142.699
31491,135
31492,135
31493,135
31494,135
31495,135
31496,135
31497,135
31498,135
31499,135
31500,135
31501,135
31502,135
31503,135
31504,135
31505,135
31506,135
31507,135
31508,135
31509,135
31510,135
31511,146.548
31512,146.548
31513,146.548
31514,146.548
31515,146.548
31516,146.548
31517,146.548
31518,146.548
31519,146.548
31520,146.548
31521,146.548
31522,146.548
31523,146.548
31524,146.548
31525,146.548
31526,146.548
31527,146.548
31528,146.548
31529,146.548
31530,146.548
31531,132.033
31532,132.033
31533,132.033
31534,132.033
31535,132.033
31536,132.033
31537,132.033
31538,132.033
31539,132.033
31540,132.033
31541,132.033
31542,132.033
31543,132.033
31544,132.033
31545,132.033
31546,132.033
31547,132.033
31548,132.033
31549,132.033
31550,132.033
31551,141.489
31552,141.489
31553,141.489
31554,141.489
31555,141.489
31556,141.489
31557,141.489
31558,141.489
31559,141.489
31560,141.489
31561,141.489
31562,141.489
31563,141.489
31564,141.489
31565,141.489
31566,141.489
31567,141.489
31568,141.489
31569,141.489
31570,141.489
31571,143.855
31572,143.855
31573,143.855
31574,143.855
31575,143.855
31576,143.855
31577,143.855
31578,143.855
31579,143.855
31580,143.855
31581,143.855
31582,143.855
31583,143.855
31584,143.855
31585,143.855
31586,143.855
31587,143.855
31588,143.855
31589,143.855
31590,143.855
31591,136.484
31592,136.484
31593,136.484
31594,136.484
31595,136.484
31596,136.484
31597,136.484
31598,136.484
31599,136.484
31600,136.484
31601,136.484
31602,136.484
31603,136.484
31604,136.484
31605,136.484
31606,136.484
31607,136.484
31608,136.484
31609,136.484
31610,136.484
31611,136.484
31612,144.33
31613,144.33
31614,144.33
31615,144.33
31616,144.33
31617,144.33
31618,144.33
31619,144.33
31620,144.33
31621,144.33
31622,144.33
31623,144.33
31624,144.33
31625,144.33
31626,144.33
31627,144.33
31628,144.33
31629,144.33
31630,144.33
31631,144.33
31632,136.905
31633,136.905
31634,136.905
31635,136.905
31636,136.905
31637,136.905
31638,136.905
31639,136.905
31640,136.905
31641,136.905
31642,136.905
31643,136.905
31644,136.905
31645,136.905
31646,136.905
31647,136.905
31648,136.905
31649,136.905
31650,136.905
31651,136.905
31652,138.109
31653,138.109
31654,138.109
31655,138.109
31656,138.109
31657,138.109
31658,138.109
31659,138.109
31660,138.109
31661,138.109
31662,138.109
31663,138.109
31664,138.109
31665,138.109
31666,138.109
31667,138.109
31668,138.109
31669,138.109
31670,138.109
31671,138.109
31672,145.815
31673,145.815
31674,145.815
31675,145.815
31676,145.815
31677,145.815
31678,145.815
31679,145.815
31680,145.815
31681,145.815
31682,145.815
31683,145.815
31684,145.815
31685,145.815
31686,145.815
31687,145.815
31688,145.815
31689,145.815
31690,145.815
31691,145.815
31692,133.654
31693,133.654
31694,133.654
31695,133.654
31696,133.654
31697,133.654
31698,133.654
31699,133.654
31700,133.654
31701,133.654
31702,133.654
31703,133.654
31704,133.654
31705,133.654
31706,133.654
31707,133.654
31708,133.654
31709,133.654
31710,133.654
31711,133.654
31712,133.654
31713,144.877
31714,144.877
31715,144.877
31716,144.877
31717,144.877
31718,144.877
31719,144.877
31720,144.877
31721,144.877
31722,144.877
31723,144.877
31724,144.877
31725,144.877
31726,144.877
31727,144.877
31728,144.877
31729,144.877
31730,144.877
31731,144.877
31732,141.087
31733,141.087
31734,141.087
31735,141.087
31736,141.087
31737,141.087
31738,141.087
31739,141.087
31740,141.087
31741,141.087
31742,141.087
31743,141.087
31744,141.087
31745,141.087
31746,141.087
31747,141.087
31748,141.087
31749,141.087
31750,141.087
31751,141.087
31752,136.624
31753,136.624
31754,136.624
31755,136.624
31756,136.624
31757,136.624
31758,136.624
31759,136.624
31760,136.624
31761,136.624
31762,136.624
31763,136.624
31764,136.624
31765,136.624
31766,136.624
31767,136.624
31768,136.624
31769,136.624
31770,136.624
31771,136.624
31772,145.213
31773,145.213
31774,145.213
31775,145.213
31776,145.213
31777,145.213
31778,145.213
31779,145.213
31780,145.213
31781,145.213
31782,145.213
31783,145.213
31784,145.213
31785,145.213
31786,145.213
31787,145.213
31788,145.213
31789,145.213
31790,145.213
31791,145.213
31792,133.982
31793,133.982
31794,133.982
31795,133.982
31796,133.982
31797,133.982
31798,133.982
31799,133.982
31800,133.982
31801,133.982
31802,133.982
31803,133.982
31804,133.982
31805,133.982
31806,133.982
31807,133.982
31808,133.982
31809,133.982
31810,133.982
31811,133.982
31812,143.728
31813,143.728
31814,143.728
31815,143.728
31816,143.728
31817,143.728
31818,143.728
31819,143.728
31820,143.728
31821,143.728
31822,143.728
31823,143.728
31824,143.728
31825,143.728
31826,143.728
31827,143.728
31828,143.728
31829,143.728
31830,143.728
31831,143.728
31832,139.602
31833,139.602
31834,139.602
31835,139.602
31836,139.602
31837,139.602
31838,139.602
31839,139.602
31840,139.602
31841,139.602
31842,139.602
31843,139.602
31844,139.602
31845,139.602
31846,139.602
31847,139.602
31848,139.602
31849,139.602
31850,139.602
31851,139.602
31852,137.233
31853,137.233
31854,137.233
31855,137.233
31856,137.233
31857,137.233
31858,137.233
31859,137.233
31860,137.233
31861,137.233
31862,137.233
31863,137.233
31864,137.233
31865,137.233
31866,137.233
31867,137.233
31868,137.233
31869,137.233
31870,137.233
31871,137.233
31872,137.233
31873,146.972
31874,146.972
31875,146.972
31876,146.972
31877,146.972
31878,146.972
31879,146.972
31880,146.972
31881,146.972
31882,146.972
31883,146.972
31884,146.972
31885,146.972
31886,146.972
31887,146.972
31888,146.972
31889,146.972
31890,146.972
31891,146.972
31892,146.972
31893,131.895
31894,131.895
31895,131.895
31896,131.895
31897,131.895
31898,131.895
31899,131.895
31900,131.895
31901,131.895
31902,131.895
31903,131.895
31904,131.895
31905,131.895
31906,131.895
31907,131.895
31908,131.895
31909,131.895
31910,131.895
31911,131.895
31912,131.895
31913,140.477
31914,140.477
31915,140.477
31916,140.477
31917,140.477
31918,140.477
31919,140.477
31920,140.477
31921,140.477
31922,140.477
31923,140.477
31924,140.477
31925,140.477
31926,140.477
31927,140.477
31928,140.477
31929,140.477
31930,140.477
31931,140.477
31932,140.477
31933,138.992
31934,138.992
31935,138.992
31936,138.992
31937,138.992
31938,138.992
31939,138.992
31940,138.992
31941,138.992
31942,138.992
31943,138.992
31944,138.992
31945,138.992
31946,138.992
31947,138.992
31948,138.992
31949,138.992
31950,138.992
31951,138.992
31952,138.992
31953,138.992
31954,138.992
31955,138.992
31956,138.992
31957,138.992
31958,138.992
31959,138.992
31960,138.992
31961,138.992
31962,138.992
31963,138.992
31964,138.992
31965,138.992
31966,138.992
31967,138.992
31968,138.992
31969,138.992
31970,138.992
31971,138.992
31972,138.992
31973,145.213
31974,145.213
31975,145.213
31976,145.213
31977,145.213
31978,145.213
31979,145.213
31980,145.213
31981,145.213
31982,145.213
31983,145.213
31984,145.213
31985,145.213
31986,145.213
31987,145.213
31988,145.213
31989,145.213
31990,145.213
31991,145.213
31992,145.213
31993,139.602
31994,139.602
31995,139.602
31996,139.602
31997,139.602
31998,139.602
31999,139.602
32000,139.602
32001,139.602
32002,139.602
32003,139.602
32004,139.602
32005,139.602
32006,139.602
32007,139.602
32008,139.602
32009,139.602
32010,139.602
32011,139.602
32012,139.602
32013,147.574
32014,147.574
32015,147.574
32016,147.574
32017,147.574
32018,147.574
32019,147.574
32020,147.574
32021,147.574
32022,147.574
32023,147.574
32024,147.574
32025,147.574
32026,147.574
32027,147.574
32028,147.574
32029,147.574
32030,147.574
32031,147.574
32032,147.574
32033,135.42
32034,135.42
32035,135.42
32036,135.42
32037,135.42
32038,135.42
32039,135.42
32040,135.42
32041,135.42
32042,135.42
32043,135.42
32044,135.42
32045,135.42
32046,135.42
32047,135.42
32048,135.42
32049,135.42
32050,135.42
32051,135.42
32052,135.42
32053,143.447
32054,143.447
32055,143.447
32056,143.447
32057,143.447
32058,143.447
32059,143.447
32060,143.447
32061,143.447
32062,143.447
32063,143.447
32064,143.447
32065,143.447
32066,143.447
32067,143.447
32068,143.447
32069,143.447
32070,143.447
32071,143.447
32072,143.447
32073,132.778
32074,132.778
32075,132.778
32076,132.778
32077,132.778
32078,132.778
32079,132.778
32080,132.778
32081,132.778
32082,132.778
32083,132.778
32084,132.778
32085,132.778
32086,132.778
32087,132.778
32088,132.778
32089,132.778
32090,132.778
32091,132.778
32092,132.778
32093,132.778
32094,143.447
32095,143.447
32096,143.447
32097,143.447
32098,143.447
32099,143.447
32100,143.447
32101,143.447
32102,143.447
32103,143.447
32104,143.447
32105,143.447
32106,143.447
32107,143.447
32108,143.447
32109,143.447
32110,143.447
32111,143.447
32112,143.447
32113,143.447
32114,136.905
32115,136.905
32116,136.905
32117,136.905
32118,136.905
32119,136.905
32120,136.905
32121,136.905
32122,136.905
32123,136.905
32124,136.905
32125,136.905
32126,136.905
32127,136.905
32128,136.905
32129,136.905
32130,136.905
32131,136.905
32132,136.905
32133,136.905
32134,142.517
32135,142.517
32136,142.517
32137,142.517
32138,142.517
32139,142.517
32140,142.517
32141,142.517
32142,142.517
32143,142.517
32144,142.517
32145,142.517
32146,142.517
32147,142.517
32148,142.517
32149,142.517
32150,142.517
32151,142.517
32152,142.517
32153,142.517
32154,142.517
32155,142.517
32156,142.517
32157,142.517
32158,142.517
32159,142.517
32160,142.517
32161,142.517
32162,142.517
32163,142.517
32164,142.517
32165,142.517
32166,142.517
32167,142.517
32168,142.517
32169,142.517
32170,142.517
32171,142.517
32172,142.517
32173,142.517
32174,138.85
32175,138.85
32176,138.85
32177,138.85
32178,138.85
32179,138.85
32180,138.85
32181,138.85
32182,138.85
32183,138.85
32184,138.85
32185,138.85
32186,138.85
32187,138.85
32188,138.85
32189,138.85
32190,138.85
32191,138.85
32192,138.85
32193,138.85
32194,145.065
32195,145.065
32196,145.065
32197,145.065
32198,145.065
32199,145.065
32200,145.065
32201,145.065
32202,145.065
32203,145.065
32204,145.065
32205,145.065
32206,145.065
32207,145.065
32208,145.065
32209,145.065
32210,145.065
32211,145.065
32212,145.065
32213,145.065
32214,137.233
32215,137.233
32216,137.233
32217,137.233
32218,137.233
32219,137.233
32220,137.233
32221,137.233
32222,137.233
32223,137.233
32224,137.233
32225,137.233
32226,137.233
32227,137.233
32228,137.233
32229,137.233
32230,137.233
32231,137.233
32232,137.233
32233,137.233
32234,148.032
32235,148.032
32236,148.032
32237,148.032
32238,148.032
32239,148.032
32240,148.032
32241,148.032
32242,148.032
32243,148.032
32244,148.032
32245,148.032
32246,148.032
32247,148.032
32248,148.032
32249,148.032
32250,148.032
32251,148.032
32252,148.032
32253,148.032
32254,136.35
32255,136.35
32256,136.35
32257,136.35
32258,136.35
32259,136.35
32260,136.35
32261,136.35
32262,136.35
32263,136.35
32264,136.35
32265,136.35
32266,136.35
32267,136.35
32268,136.35
32269,136.35
32270,136.35
32271,136.35
32272,136.35
32273,136.35
32274,136.35
32275,146.822
32276,146.822
32277,146.822
32278,146.822
32279,146.822
32280,146.822
32281,146.822
32282,146.822
32283,146.822
32284,146.822
32285,146.822
32286,146.822
32287,146.822
32288,146.822
32289,146.822
32290,146.822
32291,146.822
32292,146.822
32293,146.822
32294,146.822
32295,135.281
32296,135.281
32297,135.281
32298,135.281
32299,135.281
32300,135.281
32301,135.281
32302,135.281
32303,135.281
32304,135.281
32305,135.281
32306,135.281
32307,135.281
32308,135.281
32309,135.281
32310,135.281
32311,135.281
32312,135.281
32313,135.281
32314,135.281
32315,143.581
32316,143.581
32317,143.581
32318,143.581
32319,143.581
32320,143.581
32321,143.581
32322,143.581
32323,143.581
32324,143.581
32325,143.581
32326,143.581
32327,143.581
32328,143.581
32329,143.581
32330,143.581
32331,143.581
32332,143.581
32333,143.581
32334,143.581
32335,137.639
32336,137.639
32337,137.639
32338,137.639
32339,137.639
32340,137.639
32341,137.639
32342,137.639
32343,137.639
32344,137.639
32345,137.639
32346,137.639
32347,137.639
32348,137.639
32349,137.639
32350,137.639
32351,137.639
32352,137.639
32353,137.639
32354,137.639
32355,139.123
32356,139.123
32357,139.123
32358,139.123
32359,139.123
32360,139.123
32361,139.123
32362,139.123
32363,139.123
32364,139.123
32365,139.123
32366,139.123
32367,139.123
32368,139.123
32369,139.123
32370,139.123
32371,139.123
32372,139.123
32373,139.123
32374,139.123
32375,141.489
32376,141.489
32377,141.489
32378,141.489
32379,141.489
32380,141.489
32381,141.489
32382,141.489
32383,141.489
32384,141.489
32385,141.489
32386,141.489
32387,141.489
32388,141.489
32389,141.489
32390,141.489
32391,141.489
32392,141.489
32393,141.489
32394,141.489
32395,137.366
32396,137.366
32397,137.366
32398,137.366
32399,137.366
32400,137.366
32401,137.366
32402,137.366
32403,137.366
32404,137.366
32405,137.366
32406,137.366
32407,137.366
32408,137.366
32409,137.366
32410,137.366
32411,137.366
32412,137.366
32413,137.366
32414,137.366
32415,147.423
32416,147.423
32417,147.423
32418,147.423
32419,147.423
32420,147.423
32421,147.423
32422,147.423
32423,147.423
32424,147.423
32425,147.423
32426,147.423
32427,147.423
32428,147.423
32429,147.423
32430,147.423
32431,147.423
32432,147.423
32433,147.423
32434,147.423
32435,135.609
32436,135.609
32437,135.609
32438,135.609
32439,135.609
32440,135.609
32441,135.609
32442,135.609
32443,135.609
32444,135.609
32445,135.609
32446,135.609
32447,135.609
32448,135.609
32449,135.609
32450,135.609
32451,135.609
32452,135.609
32453,135.609
32454,135.609
32455,146.089
32456,146.089
32457,146.089
32458,146.089
32459,146.089
32460,146.089
32461,146.089
32462,146.089
32463,146.089
32464,146.089
32465,146.089
32466,146.089
32467,146.089
32468,146.089
32469,146.089
32470,146.089
32471,146.089
32472,146.089
32473,146.089
32474,146.089
32475,146.089
32476,134.727
32477,134.727
32478,134.727
32479,134.727
32480,134.727
32481,134.727
32482,134.727
32483,134.727
32484,134.727
32485,134.727
32486,134.727
32487,134.727
32488,134.727
32489,134.727
32490,134.727
32491,134.727
32492,134.727
32493,134.727
32494,134.727
32495,134.727
32496,142.098
32497,142.098
32498,142.098
32499,142.098
32500,142.098
32501,142.098
32502,142.098
32503,142.098
32504,142.098
32505,142.098
32506,142.098
32507,142.098
32508,142.098
32509,142.098
32510,142.098
32511,142.098
32512,142.098
32513,142.098
32514,142.098
32515,142.098
32516,134.399
32517,134.399
32518,134.399
32519,134.399
32520,134.399
32521,134.399
32522,134.399
32523,134.399
32524,134.399
32525,134.399
32526,134.399
32527,134.399
32528,134.399
32529,134.399
32530,134.399
32531,134.399
32532,134.399
32533,134.399
32534,134.399
32535,134.399
32536,140.005
32537,140.005
32538,140.005
32539,140.005
32540,140.005
32541,140.005
32542,140.005
32543,140.005
32544,140.005
32545,140.005
32546,140.005
32547,140.005
32548,140.005
32549,140.005
32550,140.005
32551,140.005
32552,140.005
32553,140.005
32554,140.005
32555,140.005
32556,140.606
32557,140.606
32558,140.606
32559,140.606
32560,140.606
32561,140.606
32562,140.606
32563,140.606
32564,140.606
32565,140.606
32566,140.606
32567,140.606
32568,140.606
32569,140.606
32570,140.606
32571,140.606
32572,140.606
32573,140.606
32574,140.606
32575,140.606
32576,137.967
32577,137.967
32578,137.967
32579,137.967
32580,137.967
32581,137.967
32582,137.967
32583,137.967
32584,137.967
32585,137.967
32586,137.967
32587,137.967
32588,137.967
32589,137.967
32590,137.967
32591,137.967
32592,137.967
32593,137.967
32594,137.967
32595,137.967
32596,144.729
32597,144.729
32598,144.729
32599,144.729
32600,144.729
32601,144.729
32602,144.729
32603,144.729
32604,144.729
32605,144.729
32606,144.729
32607,144.729
32608,144.729
32609,144.729
32610,144.729
32611,144.729
32612,144.729
32613,144.729
32614,144.729
32615,144.729
32616,134.727
32617,134.727
32618,134.727
32619,134.727
32620,134.727
32621,134.727
32622,134.727
32623,134.727
32624,134.727
32625,134.727
32626,134.727
32627,134.727
32628,134.727
32629,134.727
32630,134.727
32631,134.727
32632,134.727
32633,134.727
32634,134.727
32635,134.727
32636,144.729
32637,144.729
32638,144.729
32639,144.729
32640,144.729
32641,144.729
32642,144.729
32643,144.729
32644,144.729
32645,144.729
32646,144.729
32647,144.729
32648,144.729
32649,144.729
32650,144.729
32651,144.729
32652,144.729
32653,144.729
32654,144.729
32655,144.729
32656,133.38
32657,133.38
32658,133.38
32659,133.38
32660,133.38
32661,133.38
32662,133.38
32663,133.38
32664,133.38
32665,133.38
32666,133.38
32667,133.38
32668,133.38
32669,133.38
32670,133.38
32671,133.38
32672,133.38
32673,133.38
32674,133.38
32675,133.38
32676,142.517
32677,142.517
32678,142.517
32679,142.517
32680,142.517
32681,142.517
32682,142.517
32683,142.517
32684,142.517
32685,142.517
32686,142.517
32687,142.517
32688,142.517
32689,142.517
32690,142.517
32691,142.517
32692,142.517
32693,142.517
32694,142.517
32695,142.517
32696,135.609
32697,135.609
32698,135.609
32699,135.609
32700,135.609
32701,135.609
32702,135.609
32703,135.609
32704,135.609
32705,135.609
32706,135.609
32707,135.609
32708,135.609
32709,135.609
32710,135.609
32711,135.609
32712,135.609
32713,135.609
32714,135.609
32715,135.609
32716,140.005
32717,140.005
32718,140.005
32719,140.005
32720,140.005
32721,140.005
32722,140.005
32723,140.005
32724,140.005
32725,140.005
32726,140.005
32727,140.005
32728,140.005
32729,140.005
32730,140.005
32731,140.005
32732,140.005
32733,140.005
32734,140.005
32735,140.005
32736,140.005
32737,141.215
32738,141.215
32739,141.215
32740,141.215
32741,141.215
32742,141.215
32743,141.215
32744,141.215
32745,141.215
32746,141.215
32747,141.215
32748,141.215
32749,141.215
32750,141.215
32751,141.215
32752,141.215
32753,141.215
32754,141.215
32755,141.215
32756,141.215
32757,137.78
32758,137.78
32759,137.78
32760,137.78
32761,137.78
32762,137.78
32763,137.78
32764,137.78
32765,137.78
32766,137.78
32767,137.78
32768,137.78
32769,137.78
32770,137.78
32771,137.78
32772,137.78
32773,137.78
32774,137.78
32775,137.78
32776,137.78
32777,144.456
32778,144.456
32779,144.456
32780,144.456
32781,144.456
32782,144.456
32783,144.456
32784,144.456
32785,144.456
32786,144.456
32787,144.456
32788,144.456
32789,144.456
32790,144.456
32791,144.456
32792,144.456
32793,144.456
32794,144.456
32795,144.456
32796,144.456
32797,132.361
32798,132.361
32799,132.361
32800,132.361
32801,132.361
32802,132.361
32803,132.361
32804,132.361
32805,132.361
32806,132.361
32807,132.361
32808,132.361
32809,132.361
32810,132.361
32811,132.361
32812,132.361
32813,132.361
32814,132.361
32815,132.361
32816,132.361
32817,143.855
32818,143.855
32819,143.855
32820,143.855
32821,143.855
32822,143.855
32823,143.855
32824,143.855
32825,143.855
32826,143.855
32827,143.855
32828,143.855
32829,143.855
32830,143.855
32831,143.855
32832,143.855
32833,143.855
32834,143.855
32835,143.855
32836,143.855
32837,132.361
32838,132.361
32839,132.361
32840,132.361
32841,132.361
32842,132.361
32843,132.361
32844,132.361
32845,132.361
32846,132.361
32847,132.361
32848,132.361
32849,132.361
32850,132.361
32851,132.361
32852,132.361
32853,132.361
32854,132.361
32855,132.361
32856,132.361
32857,141.215
32858,141.215
32859,141.215
32860,141.215
32861,141.215
32862,141.215
32863,141.215
32864,141.215
32865,141.215
32866,141.215
32867,141.215
32868,141.215
32869,141.215
32870,141.215
32871,141.215
32872,141.215
32873,141.215
32874,141.215
32875,141.215
32876,141.215
32877,138.248
32878,138.248
32879,138.248
32880,138.248
32881,138.248
32882,138.248
32883,138.248
32884,138.248
32885,138.248
32886,138.248
32887,138.248
32888,138.248
32889,138.248
32890,138.248
32891,138.248
32892,138.248
32893,138.248
32894,138.248
32895,138.248
32896,138.248
32897,138.85
32898,138.85
32899,138.85
32900,138.85
32901,138.85
32902,138.85
32903,138.85
32904,138.85
32905,138.85
32906,138.85
32907,138.85
32908,138.85
32909,138.85
32910,138.85
32911,138.85
32912,138.85
32913,138.85
32914,138.85
32915,138.85
32916,138.85
32917,142.371
32918,142.371
32919,142.371
32920,142.371
32921,142.371
32922,142.371
32923,142.371
32924,142.371
32925,142.371
32926,142.371
32927,142.371
32928,142.371
32929,142.371
32930,142.371
32931,142.371
32932,142.371
32933,142.371
32934,142.371
32935,142.371
32936,142.371
32937,142.371
32938,136.484
32939,136.484
32940,136.484
32941,136.484
32942,136.484
32943,136.484
32944,136.484
32945,136.484
32946,136.484
32947,136.484
32948,136.484
32949,136.484
32950,136.484
32951,136.484
32952,136.484
32953,136.484
32954,136.484
32955,136.484
32956,136.484
32957,136.484
32958,145.666
32959,145.666
32960,145.666
32961,145.666
32962,145.666
32963,145.666
32964,145.666
32965,145.666
32966,145.666
32967,145.666
32968,145.666
32969,145.666
32970,145.666
32971,145.666
32972,145.666
32973,145.666
32974,145.666
32975,145.666
32976,145.666
32977,145.666
32978,134.399
32979,134.399
32980,134.399
32981,134.399
32982,134.399
32983,134.399
32984,134.399
32985,134.399
32986,134.399
32987,134.399
32988,134.399
32989,134.399
32990,134.399
32991,134.399
32992,134.399
32993,134.399
32994,134.399
32995,134.399
32996,134.399
32997,134.399
32998,142.699
32999,142.699
33000,142.699
33001,142.699
33002,142.699
33003,142.699
33004,142.699
33005,142.699
33006,142.699
33007,142.699
33008,142.699
33009,142.699
33010,142.699
33011,142.699
33012,142.699
33013,142.699
33014,142.699
33015,142.699
33016,142.699
33017,142.699
33018,166.772
33019,166.772
33020,166.772
33021,166.772
33022,166.772
33023,166.772
33024,166.772
33025,166.772
33026,166.772
33027,166.772
33028,166.772
33029,166.772
33030,166.772
33031,166.772
33032,166.772
33033,166.772
33034,166.772
33035,166.772
33036,166.772
33037,166.772
33038,152.756
33039,152.756
33040,152.756
33041,152.756
33042,152.756
33043,152.756
33044,152.756
33045,152.756
33046,152.756
33047,152.756
33048,152.756
33049,152.756
33050,152.756
33051,152.756
33052,152.756
33053,152.756
33054,152.756
33055,152.756
33056,152.756
33057,152.756
33058,146.22
33059,146.22
33060,146.22
33061,146.22
33062,146.22
33063,146.22
33064,146.22
33065,146.22
33066,146.22
33067,146.22
33068,146.22
33069,146.22
33070,146.22
33071,146.22
33072,146.22
33073,146.22
33074,146.22
33075,146.22
33076,146.22
33077,146.22
33078,133.244
33079,133.244
33080,133.244
33081,133.244
33082,133.244
33083,133.244
33084,133.244
33085,133.244
33086,133.244
33087,133.244
33088,133.244
33089,133.244
33090,133.244
33091,133.244
33092,133.244
33093,133.244
33094,133.244
33095,133.244
33096,133.244
33097,133.244
33098,135.748
33099,135.748
33100,135.748
33101,135.748
33102,135.748
33103,135.748
33104,135.748
33105,135.748
33106,135.748
33107,135.748
33108,135.748
33109,135.748
33110,135.748
33111,135.748
33112,135.748
33113,135.748
33114,135.748
33115,135.748
33116,135.748
33117,135.748
33118,141.489
33119,141.489
33120,141.489
33121,141.489
33122,141.489
33123,141.489
33124,141.489
33125,141.489
33126,141.489
33127,141.489
33128,141.489
33129,141.489
33130,141.489
33131,141.489
33132,141.489
33133,141.489
33134,141.489
33135,141.489
33136,141.489
33137,141.489
33138,145.815
33139,145.815
33140,145.815
33141,145.815
33142,145.815
33143,145.815
33144,145.815
33145,145.815
33146,145.815
33147,145.815
33148,145.815
33149,145.815
33150,145.815
33151,145.815
33152,145.815
33153,145.815
33154,145.815
33155,145.815
33156,145.815
33157,145.815
33158,139.459
33159,139.459
33160,139.459
33161,139.459
33162,139.459
33163,139.459
33164,139.459
33165,139.459
33166,139.459
33167,139.459
33168,139.459
33169,139.459
33170,139.459
33171,139.459
33172,139.459
33173,139.459
33174,139.459
33175,139.459
33176,139.459
33177,139.459
33178,139.459
33179,131.76
33180,131.76
33181,131.76
33182,131.76
33183,131.76
33184,131.76
33185,131.76
33186,131.76
33187,131.76
33188,131.76
33189,131.76
33190,131.76
33191,131.76
33192,131.76
33193,131.76
33194,131.76
33195,131.76
33196,131.76
33197,131.76
33198,131.76
33199,137.366
33200,137.366
33201,137.366
33202,137.366
33203,137.366
33204,137.366
33205,137.366
33206,137.366
33207,137.366
33208,137.366
33209,137.366
33210,137.366
33211,137.366
33212,137.366
33213,137.366
33214,137.366
33215,137.366
33216,137.366
33217,137.366
33218,137.366
33219,145.065
33220,145.065
33221,145.065
33222,145.065
33223,145.065
33224,145.065
33225,145.065
33226,145.065
33227,145.065
33228,145.065
33229,145.065
33230,145.065
33231,145.065
33232,145.065
33233,145.065
33234,145.065
33235,145.065
33236,145.065
33237,145.065
33238,145.065
33239,141.489
33240,141.489
33241,141.489
33242,141.489
33243,141.489
33244,141.489
33245,141.489
33246,141.489
33247,141.489
33248,141.489
33249,141.489
33250,141.489
33251,141.489
33252,141.489
33253,141.489
33254,141.489
33255,141.489
33256,141.489
33257,141.489
33258,141.489
33259,129.394
33260,129.394
33261,129.394
33262,129.394
33263,129.394
33264,129.394
33265,129.394
33266,129.394
33267,129.394
33268,129.394
33269,129.394
33270,129.394
33271,129.394
33272,129.394
33273,129.394
33274,129.394
33275,129.394
33276,129.394
33277,129.394
33278,129.394
33279,135.883
33280,135.883
33281,135.883
33282,135.883
33283,135.883
33284,135.883
33285,135.883
33286,135.883
33287,135.883
33288,135.883
33289,135.883
33290,135.883
33291,135.883
33292,135.883
33293,135.883
33294,135.883
33295,135.883
33296,135.883
33297,135.883
33298,135.883
33299,141.215
33300,141.215
33301,141.215
33302,141.215
33303,141.215
33304,141.215
33305,141.215
33306,141.215
33307,141.215
33308,141.215
33309,141.215
33310,141.215
33311,141.215
33312,141.215
33313,141.215
33314,141.215
33315,141.215
33316,141.215
33317,141.215
33318,141.215
33319,144.456
33320,144.456
33321,144.456
33322,144.456
33323,144.456
33324,144.456
33325,144.456
33326,144.456
33327,144.456
33328,144.456
33329,144.456
33330,144.456
33331,144.456
33332,144.456
33333,144.456
33334,144.456
33335,144.456
33336,144.456
33337,144.456
33338,144.456
33339,132.642
33340,132.642
33341,132.642
33342,132.642
33343,132.642
33344,132.642
33345,132.642
33346,132.642
33347,132.642
33348,132.642
33349,132.642
33350,132.642
33351,132.642
33352,132.642
33353,132.642
33354,132.642
33355,132.642
33356,132.642
33357,132.642
33358,132.642
33359,133.517
33360,133.517
33361,133.517
33362,133.517
33363,133.517
33364,133.517
33365,133.517
33366,133.517
33367,133.517
33368,133.517
33369,133.517
33370,133.517
33371,133.517
33372,133.517
33373,133.517
33374,133.517
33375,133.517
33376,133.517
33377,133.517
33378,133.517
33379,133.517
33380,140.333
33381,140.333
33382,140.333
33383,140.333
33384,140.333
33385,140.333
33386,140.333
33387,140.333
33388,140.333
33389,140.333
33390,140.333
33391,140.333
33392,140.333
33393,140.333
33394,140.333
33395,140.333
33396,140.333
33397,140.333
33398,140.333
33399,140.333
33400,146.22
33401,146.22
33402,146.22
33403,146.22
33404,146.22
33405,146.22
33406,146.22
33407,146.22
33408,146.22
33409,146.22
33410,146.22
33411,146.22
33412,146.22
33413,146.22
33414,146.22
33415,146.22
33416,146.22
33417,146.22
33418,146.22
33419,146.22
33420,140.606
33421,140.606
33422,140.606
33423,140.606
33424,140.606
33425,140.606
33426,140.606
33427,140.606
33428,140.606
33429,140.606
33430,140.606
33431,140.606
33432,140.606
33433,140.606
33434,140.606
33435,140.606
33436,140.606
33437,140.606
33438,140.606
33439,140.606
33440,133.517
33441,133.517
33442,133.517
33443,133.517
33444,133.517
33445,133.517
33446,133.517
33447,133.517
33448,133.517
33449,133.517
33450,133.517
33451,133.517
33452,133.517
33453,133.517
33454,133.517
33455,133.517
33456,133.517
33457,133.517
33458,133.517
33459,133.517
33460,141.489
33461,141.489
33462,141.489
33463,141.489
33464,141.489
33465,141.489
33466,141.489
33467,141.489
33468,141.489
33469,141.489
33470,141.489
33471,141.489
33472,141.489
33473,141.489
33474,141.489
33475,141.489
33476,141.489
33477,141.489
33478,141.489
33479,141.489
33480,145.939
33481,145.939
33482,145.939
33483,145.939
33484,145.939
33485,145.939
33486,145.939
33487,145.939
33488,145.939
33489,145.939
33490,145.939
33491,145.939
33492,145.939
33493,145.939
33494,145.939
33495,145.939
33496,145.939
33497,145.939
33498,145.939
33499,145.939
33500,137.093
33501,137.093
33502,137.093
33503,137.093
33504,137.093
33505,137.093
33506,137.093
33507,137.093
33508,137.093
33509,137.093
33510,137.093
33511,137.093
33512,137.093
33513,137.093
33514,137.093
33515,137.093
33516,137.093
33517,137.093
33518,137.093
33519,137.093
33520,136.625
33521,136.625
33522,136.625
33523,136.625
33524,136.625
33525,136.625
33526,136.625
33527,136.625
33528,136.625
33529,136.625
33530,136.625
33531,136.625
33532,136.625
33533,136.625
33534,136.625
33535,136.625
33536,136.625
33537,136.625
33538,136.625
33539,136.625
33540,141.344
33541,141.344
33542,141.344
33543,141.344
33544,141.344
33545,141.344
33546,141.344
33547,141.344
33548,141.344
33549,141.344
33550,141.344
33551,141.344
33552,141.344
33553,141.344
33554,141.344
33555,141.344
33556,141.344
33557,141.344
33558,141.344
33559,141.344
33560,144.035
33561,144.035
33562,144.035
33563,144.035
33564,144.035
33565,144.035
33566,144.035
33567,144.035
33568,144.035
33569,144.035
33570,144.035
33571,144.035
33572,144.035
33573,144.035
33574,144.035
33575,144.035
33576,144.035
33577,144.035
33578,144.035
33579,144.035
33580,132.361
33581,132.361
33582,132.361
33583,132.361
33584,132.361
33585,132.361
33586,132.361
33587,132.361
33588,132.361
33589,132.361
33590,132.361
33591,132.361
33592,132.361
33593,132.361
33594,132.361
33595,132.361
33596,132.361
33597,132.361
33598,132.361
33599,132.361
33600,138.85
33601,138.85
33602,138.85
33603,138.85
33604,138.85
33605,138.85
33606,138.85
33607,138.85
33608,138.85
33609,138.85
33610,138.85
33611,138.85
33612,138.85
33613,138.85
33614,138.85
33615,138.85
33616,138.85
33617,138.85
33618,138.85
33619,138.85
33620,145.065
33621,145.065
33622,145.065
33623,145.065
33624,145.065
33625,145.065
33626,145.065
33627,145.065
33628,145.065
33629,145.065
33630,145.065
33631,145.065
33632,145.065
33633,145.065
33634,145.065
33635,145.065
33636,145.065
33637,145.065
33638,145.065
33639,145.065
33640,145.065
33641,143.3
33642,143.3
33643,143.3
33644,143.3
33645,143.3
33646,143.3
33647,143.3
33648,143.3
33649,143.3
33650,143.3
33651,143.3
33652,143.3
33653,143.3
33654,143.3
33655,143.3
33656,143.3
33657,143.3
33658,143.3
33659,143.3
33660,143.3
33661,131.76
33662,131.76
33663,131.76
33664,131.76
33665,131.76
33666,131.76
33667,131.76
33668,131.76
33669,131.76
33670,131.76
33671,131.76
33672,131.76
33673,131.76
33674,131.76
33675,131.76
33676,131.76
33677,131.76
33678,131.76
33679,131.76
33680,131.76
33681,140.333
33682,140.333
33683,140.333
33684,140.333
33685,140.333
33686,140.333
33687,140.333
33688,140.333
33689,140.333
33690,140.333
33691,140.333
33692,140.333
33693,140.333
33694,140.333
33695,140.333
33696,140.333
33697,140.333
33698,140.333
33699,140.333
33700,140.333
33701,146.822
33702,146.822
33703,146.822
33704,146.822
33705,146.822
33706,146.822
33707,146.822
33708,146.822
33709,146.822
33710,146.822
33711,146.822
33712,146.822
33713,146.822
33714,146.822
33715,146.822
33716,146.822
33717,146.822
33718,146.822
33719,146.822
33720,146.822
33721,132.916
33722,132.916
33723,132.916
33724,132.916
33725,132.916
33726,132.916
33727,132.916
33728,132.916
33729,132.916
33730,132.916
33731,132.916
33732,132.916
33733,132.916
33734,132.916
33735,132.916
33736,132.916
33737,132.916
33738,132.916
33739,132.916
33740,132.916
33741,143.3
33742,143.3
33743,143.3
33744,143.3
33745,143.3
33746,143.3
33747,143.3
33748,143.3
33749,143.3
33750,143.3
33751,143.3
33752,143.3
33753,143.3
33754,143.3
33755,143.3
33756,143.3
33757,143.3
33758,143.3
33759,143.3
33760,143.3
33761,140.333
33762,140.333
33763,140.333
33764,140.333
33765,140.333
33766,140.333
33767,140.333
33768,140.333
33769,140.333
33770,140.333
33771,140.333
33772,140.333
33773,140.333
33774,140.333
33775,140.333
33776,140.333
33777,140.333
33778,140.333
33779,140.333
33780,140.333
33781,137.967
33782,137.967
33783,137.967
33784,137.967
33785,137.967
33786,137.967
33787,137.967
33788,137.967
33789,137.967
33790,137.967
33791,137.967
33792,137.967
33793,137.967
33794,137.967
33795,137.967
33796,137.967
33797,137.967
33798,137.967
33799,137.967
33800,137.967
33801,146.822
33802,146.822
33803,146.822
33804,146.822
33805,146.822
33806,146.822
33807,146.822
33808,146.822
33809,146.822
33810,146.822
33811,146.822
33812,146.822
33813,146.822
33814,146.822
33815,146.822
33816,146.822
33817,146.822
33818,146.822
33819,146.822
33820,146.822
33821,146.822
33822,133.244
33823,133.244
33824,133.244
33825,133.244
33826,133.244
33827,133.244
33828,133.244
33829,133.244
33830,133.244
33831,133.244
33832,133.244
33833,133.244
33834,133.244
33835,133.244
33836,133.244
33837,133.244
33838,133.244
33839,133.244
33840,133.244
33841,133.244
33842,142.699
33843,142.699
33844,142.699
33845,142.699
33846,142.699
33847,142.699
33848,142.699
33849,142.699
33850,142.699
33851,142.699
33852,142.699
33853,142.699
33854,142.699
33855,142.699
33856,142.699
33857,142.699
33858,142.699
33859,142.699
33860,142.699
33861,142.699
33862,142.098
33863,142.098
33864,142.098
33865,142.098
33866,142.098
33867,142.098
33868,142.098
33869,142.098
33870,142.098
33871,142.098
33872,142.098
33873,142.098
33874,142.098
33875,142.098
33876,142.098
33877,142.098
33878,142.098
33879,142.098
33880,142.098
33881,142.098
33882,138.576
33883,138.576
33884,138.576
33885,138.576
33886,138.576
33887,138.576
33888,138.576
33889,138.576
33890,138.576
33891,138.576
33892,138.576
33893,138.576
33894,138.576
33895,138.576
33896,138.576
33897,138.576
33898,138.576
33899,138.576
33900,138.576
33901,138.576
33902,145.939
33903,145.939
33904,145.939
33905,145.939
33906,145.939
33907,145.939
33908,145.939
33909,145.939
33910,145.939
33911,145.939
33912,145.939
33913,145.939
33914,145.939
33915,145.939
33916,145.939
33917,145.939
33918,145.939
33919,145.939
33920,145.939
33921,145.939
33922,131.487
33923,131.487
33924,131.487
33925,131.487
33926,131.487
33927,131.487
33928,131.487
33929,131.487
33930,131.487
33931,131.487
33932,131.487
33933,131.487
33934,131.487
33935,131.487
33936,131.487
33937,131.487
33938,131.487
33939,131.487
33940,131.487
33941,131.487
33942,140.005
33943,140.005
33944,140.005
33945,140.005
33946,140.005
33947,140.005
33948,140.005
33949,140.005
33950,140.005
33951,140.005
33952,140.005
33953,140.005
33954,140.005
33955,140.005
33956,140.005
33957,140.005
33958,140.005
33959,140.005
33960,140.005
33961,140.005
33962,139.123
33963,139.123
33964,139.123
33965,139.123
33966,139.123
33967,139.123
33968,139.123
33969,139.123
33970,139.123
33971,139.123
33972,139.123
33973,139.123
33974,139.123
33975,139.123
33976,139.123
33977,139.123
33978,139.123
33979,139.123
33980,139.123
33981,139.123
33982,138.576
33983,138.576
33984,138.576
33985,138.576
33986,138.576
33987,138.576
33988,138.576
33989,138.576
33990,138.576
33991,138.576
33992,138.576
33993,138.576
33994,138.576
33995,138.576
33996,138.576
33997,138.576
33998,138.576
33999,138.576
34000,138.576
34001,138.576
34002,147.88
34003,147.88
34004,147.88
34005,147.88
34006,147.88
34007,147.88
34008,147.88
34009,147.88
34010,147.88
34011,147.88
34012,147.88
34013,147.88
34014,147.88
34015,147.88
34016,147.88
34017,147.88
34018,147.88
34019,147.88
34020,147.88
34021,147.88
34022,147.88
34023,132.916
34024,132.916
34025,132.916
34026,132.916
34027,132.916
34028,132.916
34029,132.916
34030,132.916
34031,132.916
34032,132.916
34033,132.916
34034,132.916
34035,132.916
34036,132.916
34037,132.916
34038,132.916
34039,132.916
34040,132.916
34041,132.916
34042,140.189
34043,140.189
34044,140.189
34045,140.189
34046,140.189
34047,140.189
34048,140.189
34049,140.189
34050,140.189
34051,140.189
34052,140.189
34053,140.189
34054,140.189
34055,140.189
34056,140.189
34057,140.189
34058,140.189
34059,140.189
34060,140.189
34061,140.189
34062,141.952
34063,141.952
34064,141.952
34065,141.952
34066,141.952
34067,141.952
34068,141.952
34069,141.952
34070,141.952
34071,141.952
34072,141.952
34073,141.952
34074,141.952
34075,141.952
34076,141.952
34077,141.952
34078,141.952
34079,141.952
34080,141.952
34081,141.952
34082,141.952
34083,138.576
34084,138.576
34085,138.576
34086,138.576
34087,138.576
34088,138.576
34089,138.576
34090,138.576
34091,138.576
34092,138.576
34093,138.576
34094,138.576
34095,138.576
34096,138.576
34097,138.576
34098,138.576
34099,138.576
34100,138.576
34101,138.576
34102,138.576
34103,146.398
34104,146.398
34105,146.398
34106,146.398
34107,146.398
34108,146.398
34109,146.398
34110,146.398
34111,146.398
34112,146.398
34113,146.398
34114,146.398
34115,146.398
34116,146.398
34117,146.398
34118,146.398
34119,146.398
34120,146.398
34121,146.398
34122,146.398
34123,131.024
34124,131.024
34125,131.024
34126,131.024
34127,131.024
34128,131.024
34129,131.024
34130,131.024
34131,131.024
34132,131.024
34133,131.024
34134,131.024
34135,131.024
34136,131.024
34137,131.024
34138,131.024
34139,131.024
34140,131.024
34141,131.024
34142,131.024
34143,141.952
34144,141.952
34145,141.952
34146,141.952
34147,141.952
34148,141.952
34149,141.952
34150,141.952
34151,141.952
34152,141.952
34153,141.952
34154,141.952
34155,141.952
34156,141.952
34157,141.952
34158,141.952
34159,141.952
34160,141.952
34161,141.952
34162,141.952
34163,144.308
34164,144.308
34165,144.308
34166,144.308
34167,144.308
34168,144.308
34169,144.308
34170,144.308
34171,144.308
34172,144.308
34173,144.308
34174,144.308
34175,144.308
34176,144.308
34177,144.308
34178,144.308
34179,144.308
34180,144.308
34181,144.308
34182,144.308
34183,137.826
34184,137.826
34185,137.826
34186,137.826
34187,137.826
34188,137.826
34189,137.826
34190,137.826
34191,137.826
34192,137.826
34193,137.826
34194,137.826
34195,137.826
34196,137.826
34197,137.826
34198,137.826
34199,137.826
34200,137.826
34201,137.826
34202,137.826
34203,144.916
34204,144.916
34205,144.916
34206,144.916
34207,144.916
34208,144.916
34209,144.916
34210,144.916
34211,144.916
34212,144.916
34213,144.916
34214,144.916
34215,144.916
34216,144.916
34217,144.916
34218,144.916
34219,144.916
34220,144.916
34221,144.916
34222,144.916
34223,144.916
34224,133.107
34225,133.107
34226,133.107
34227,133.107
34228,133.107
34229,133.107
34230,133.107
34231,133.107
34232,133.107
34233,133.107
34234,133.107
34235,133.107
34236,133.107
34237,133.107
34238,133.107
34239,133.107
34240,133.107
34241,133.107
34242,133.107
34243,142.079
34244,142.079
34245,142.079
34246,142.079
34247,142.079
34248,142.079
34249,142.079
34250,142.079
34251,142.079
34252,142.079
34253,142.079
34254,142.079
34255,142.079
34256,142.079
34257,142.079
34258,142.079
34259,142.079
34260,142.079
34261,142.079
34262,142.079
34263,143.56
34264,143.56
34265,143.56
34266,143.56
34267,143.56
34268,143.56
34269,143.56
34270,143.56
34271,143.56
34272,143.56
34273,143.56
34274,143.56
34275,143.56
34276,143.56
34277,143.56
34278,143.56
34279,143.56
34280,143.56
34281,143.56
34282,143.56
34283,143.56
34284,136.671
34285,136.671
34286,136.671
34287,136.671
34288,136.671
34289,136.671
34290,136.671
34291,136.671
34292,136.671
34293,136.671
34294,136.671
34295,136.671
34296,136.671
34297,136.671
34298,136.671
34299,136.671
34300,136.671
34301,136.671
34302,136.671
34303,136.671
34304,148.601
34305,148.601
34306,148.601
34307,148.601
34308,148.601
34309,148.601
34310,148.601
34311,148.601
34312,148.601
34313,148.601
34314,148.601
34315,148.601
34316,148.601
34317,148.601
34318,148.601
34319,148.601
34320,148.601
34321,148.601
34322,148.601
34323,148.601
34324,148.601
34325,132.37
34326,132.37
34327,132.37
34328,132.37
34329,132.37
34330,132.37
34331,132.37
34332,132.37
34333,132.37
34334,132.37
34335,132.37
34336,132.37
34337,132.37
34338,132.37
34339,132.37
34340,132.37
34341,132.37
34342,132.37
34343,132.37
34344,141.807
34345,141.807
34346,141.807
34347,141.807
34348,141.807
34349,141.807
34350,141.807
34351,141.807
34352,141.807
34353,141.807
34354,141.807
34355,141.807
34356,141.807
34357,141.807
34358,141.807
34359,141.807
34360,141.807
34361,141.807
34362,141.807
34363,141.807
34364,144.16
34365,144.16
34366,144.16
34367,144.16
34368,144.16
34369,144.16
34370,144.16
34371,144.16
34372,144.16
34373,144.16
34374,144.16
34375,144.16
34376,144.16
34377,144.16
34378,144.16
34379,144.16
34380,144.16
34381,144.16
34382,144.16
34383,144.16
34384,135.47
34385,135.47
34386,135.47
34387,135.47
34388,135.47
34389,135.47
34390,135.47
34391,135.47
34392,135.47
34393,135.47
34394,135.47
34395,135.47
34396,135.47
34397,135.47
34398,135.47
34399,135.47
34400,135.47
34401,135.47
34402,135.47
34403,135.47
34404,147.121
34405,147.121
34406,147.121
34407,147.121
34408,147.121
34409,147.121
34410,147.121
34411,147.121
34412,147.121
34413,147.121
34414,147.121
34415,147.121
34416,147.121
34417,147.121
34418,147.121
34419,147.121
34420,147.121
34421,147.121
34422,147.121
34423,147.121
34424,147.121
34425,134.862
34426,134.862
34427,134.862
34428,134.862
34429,134.862
34430,134.862
34431,134.862
34432,134.862
34433,134.862
34434,134.862
34435,134.862
34436,134.862
34437,134.862
34438,134.862
34439,134.862
34440,134.862
34441,134.862
34442,134.862
34443,134.862
34444,139.316
34445,139.316
34446,139.316
34447,139.316
34448,139.316
34449,139.316
34450,139.316
34451,139.316
34452,139.316
34453,139.316
34454,139.316
34455,139.316
34456,139.316
34457,139.316
34458,139.316
34459,139.316
34460,139.316
34461,139.316
34462,139.316
34463,139.316
34464,143.707
34465,143.707
34466,143.707
34467,143.707
34468,143.707
34469,143.707
34470,143.707
34471,143.707
34472,143.707
34473,143.707
34474,143.707
34475,143.707
34476,143.707
34477,143.707
34478,143.707
34479,143.707
34480,143.707
34481,143.707
34482,143.707
34483,143.707
34484,137.225
34485,137.225
34486,137.225
34487,137.225
34488,137.225
34489,137.225
34490,137.225
34491,137.225
34492,137.225
34493,137.225
34494,137.225
34495,137.225
34496,137.225
34497,137.225
34498,137.225
34499,137.225
34500,137.225
34501,137.225
34502,137.225
34503,137.225
34504,137.225
34505,143.434
34506,143.434
34507,143.434
34508,143.434
34509,143.434
34510,143.434
34511,143.434
34512,143.434
34513,143.434
34514,143.434
34515,143.434
34516,143.434
34517,143.434
34518,143.434
34519,143.434
34520,143.434
34521,143.434
34522,143.434
34523,143.434
34524,143.434
34525,136.344
34526,136.344
34527,136.344
34528,136.344
34529,136.344
34530,136.344
34531,136.344
34532,136.344
34533,136.344
34534,136.344
34535,136.344
34536,136.344
34537,136.344
34538,136.344
34539,136.344
34540,136.344
34541,136.344
34542,136.344
34543,136.344
34544,136.344
34545,140.926
34546,140.926
34547,140.926
34548,140.926
34549,140.926
34550,140.926
34551,140.926
34552,140.926
34553,140.926
34554,140.926
34555,140.926
34556,140.926
34557,140.926
34558,140.926
34559,140.926
34560,140.926
34561,140.926
34562,140.926
34563,140.926
34564,140.926
34565,145.64
34566,145.64
34567,145.64
34568,145.64
34569,145.64
34570,145.64
34571,145.64
34572,145.64
34573,145.64
34574,145.64
34575,145.64
34576,145.64
34577,145.64
34578,145.64
34579,145.64
34580,145.64
34581,145.64
34582,145.64
34583,145.64
34584,145.64
34585,134.261
34586,134.261
34587,134.261
34588,134.261
34589,134.261
34590,134.261
34591,134.261
34592,134.261
34593,134.261
34594,134.261
34595,134.261
34596,134.261
34597,134.261
34598,134.261
34599,134.261
34600,134.261
34601,134.261
34602,134.261
34603,134.261
34604,134.261
34605,144.16
34606,144.16
34607,144.16
34608,144.16
34609,144.16
34610,144.16
34611,144.16
34612,144.16
34613,144.16
34614,144.16
34615,144.16
34616,144.16
34617,144.16
34618,144.16
34619,144.16
34620,144.16
34621,144.16
34622,144.16
34623,144.16
34624,144.16
34625,144.16
34626,136.204
34627,136.204
34628,136.204
34629,136.204
34630,136.204
34631,136.204
34632,136.204
34633,136.204
34634,136.204
34635,136.204
34636,136.204
34637,136.204
34638,136.204
34639,136.204
34640,136.204
34641,136.204
34642,136.204
34643,136.204
34644,136.204
34645,139.718
34646,139.718
34647,139.718
34648,139.718
34649,139.718
34650,139.718
34651,139.718
34652,139.718
34653,139.718
34654,139.718
34655,139.718
34656,139.718
34657,139.718
34658,139.718
34659,139.718
34660,139.718
34661,139.718
34662,139.718
34663,139.718
34664,139.718
34665,145.64
34666,145.64
34667,145.64
34668,145.64
34669,145.64
34670,145.64
34671,145.64
34672,145.64
34673,145.64
34674,145.64
34675,145.64
34676,145.64
34677,145.64
34678,145.64
34679,145.64
34680,145.64
34681,145.64
34682,145.64
34683,145.64
34684,145.64
34685,137.826
34686,137.826
34687,137.826
34688,137.826
34689,137.826
34690,137.826
34691,137.826
34692,137.826
34693,137.826
34694,137.826
34695,137.826
34696,137.826
34697,137.826
34698,137.826
34699,137.826
34700,137.826
34701,137.826
34702,137.826
34703,137.826
34704,137.826
34705,146.248
34706,146.248
34707,146.248
34708,146.248
34709,146.248
34710,146.248
34711,146.248
34712,146.248
34713,146.248
34714,146.248
34715,146.248
34716,146.248
34717,146.248
34718,146.248
34719,146.248
34720,146.248
34721,146.248
34722,146.248
34723,146.248
34724,146.248
34725,146.248
34726,132.643
34727,132.643
34728,132.643
34729,132.643
34730,132.643
34731,132.643
34732,132.643
34733,132.643
34734,132.643
34735,132.643
34736,132.643
34737,132.643
34738,132.643
34739,132.643
34740,132.643
34741,132.643
34742,132.643
34743,132.643
34744,132.643
34745,132.643
34746,139.173
34747,139.173
34748,139.173
34749,139.173
34750,139.173
34751,139.173
34752,139.173
34753,139.173
34754,139.173
34755,139.173
34756,139.173
34757,139.173
34758,139.173
34759,139.173
34760,139.173
34761,139.173
34762,139.173
34763,139.173
34764,139.173
34765,139.173
34766,141.199
34767,141.199
34768,141.199
34769,141.199
34770,141.199
34771,141.199
34772,141.199
34773,141.199
34774,141.199
34775,141.199
34776,141.199
34777,141.199
34778,141.199
34779,141.199
34780,141.199
34781,141.199
34782,141.199
34783,141.199
34784,141.199
34785,141.199
34786,137.965
34787,137.965
34788,137.965
34789,137.965
34790,137.965
34791,137.965
34792,137.965
34793,137.965
34794,137.965
34795,137.965
34796,137.965
34797,137.965
34798,137.965
34799,137.965
34800,137.965
34801,137.965
34802,137.965
34803,137.965
34804,137.965
34805,137.965
34806,146.793
34807,146.793
34808,146.793
34809,146.793
34810,146.793
34811,146.793
34812,146.793
34813,146.793
34814,146.793
34815,146.793
34816,146.793
34817,146.793
34818,146.793
34819,146.793
34820,146.793
34821,146.793
34822,146.793
34823,146.793
34824,146.793
34825,146.793
34826,146.793
34827,133.988
34828,133.988
34829,133.988
34830,133.988
34831,133.988
34832,133.988
34833,133.988
34834,133.988
34835,133.988
34836,133.988
34837,133.988
34838,133.988
34839,133.988
34840,133.988
34841,133.988
34842,133.988
34843,133.988
34844,133.988
34845,133.988
34846,139.316
34847,139.316
34848,139.316
34849,139.316
34850,139.316
34851,139.316
34852,139.316
34853,139.316
34854,139.316
34855,139.316
34856,139.316
34857,139.316
34858,139.316
34859,139.316
34860,139.316
34861,139.316
34862,139.316
34863,139.316
34864,139.316
34865,139.316
34866,140.926
34867,140.926
34868,140.926
34869,140.926
34870,140.926
34871,140.926
34872,140.926
34873,140.926
34874,140.926
34875,140.926
34876,140.926
34877,140.926
34878,140.926
34879,140.926
34880,140.926
34881,140.926
34882,140.926
34883,140.926
34884,140.926
34885,140.926
34886,135.143
34887,135.143
34888,135.143
34889,135.143
34890,135.143
34891,135.143
34892,135.143
34893,135.143
34894,135.143
34895,135.143
34896,135.143
34897,135.143
34898,135.143
34899,135.143
34900,135.143
34901,135.143
34902,135.143
34903,135.143
34904,135.143
34905,135.143
34906,146.248
34907,146.248
34908,146.248
34909,146.248
34910,146.248
34911,146.248
34912,146.248
34913,146.248
34914,146.248
34915,146.248
34916,146.248
34917,146.248
34918,146.248
34919,146.248
34920,146.248
34921,146.248
34922,146.248
34923,146.248
34924,146.248
34925,146.248
34926,146.248
34927,133.57
34928,133.57
34929,133.57
34930,133.57
34931,133.57
34932,133.57
34933,133.57
34934,133.57
34935,133.57
34936,133.57
34937,133.57
34938,133.57
34939,133.57
34940,133.57
34941,133.57
34942,133.57
34943,133.57
34944,133.57
34945,133.57
34946,139.862
34947,139.862
34948,139.862
34949,139.862
34950,139.862
34951,139.862
34952,139.862
34953,139.862
34954,139.862
34955,139.862
34956,139.862
34957,139.862
34958,139.862
34959,139.862
34960,139.862
34961,139.862
34962,139.862
34963,139.862
34964,139.862
34965,139.862
34966,139.862
34967,140.798
34968,140.798
34969,140.798
34970,140.798
34971,140.798
34972,140.798
34973,140.798
34974,140.798
34975,140.798
34976,140.798
34977,140.798
34978,140.798
34979,140.798
34980,140.798
34981,140.798
34982,140.798
34983,140.798
34984,140.798
34985,140.798
34986,140.798
34987,136.071
34988,136.071
34989,136.071
34990,136.071
34991,136.071
34992,136.071
34993,136.071
34994,136.071
34995,136.071
34996,136.071
34997,136.071
34998,136.071
34999,136.071
35000,136.071
35001,136.071
35002,136.071
35003,136.071
35004,136.071
35005,136.071
35006,136.071
35007,146.071
35008,146.071
35009,146.071
35010,146.071
35011,146.071
35012,146.071
35013,146.071
35014,146.071
35015,146.071
35016,146.071
35017,146.071
35018,146.071
35019,146.071
35020,146.071
35021,146.071
35022,146.071
35023,146.071
35024,146.071
35025,146.071
35026,146.071
35027,146.071
35028,133.38
35029,133.38
35030,133.38
35031,133.38
35032,133.38
35033,133.38
35034,133.38
35035,133.38
35036,133.38
35037,133.38
35038,133.38
35039,133.38
35040,133.38
35041,133.38
35042,133.38
35043,133.38
35044,133.38
35045,133.38
35046,133.38
35047,139.316
35048,139.316
35049,139.316
35050,139.316
35051,139.316
35052,139.316
35053,139.316
35054,139.316
35055,139.316
35056,139.316
35057,139.316
35058,139.316
35059,139.316
35060,139.316
35061,139.316
35062,139.316
35063,139.316
35064,139.316
35065,139.316
35066,139.316
35067,143.3
35068,143.3
35069,143.3
35070,143.3
35071,143.3
35072,143.3
35073,143.3
35074,143.3
35075,143.3
35076,143.3
35077,143.3
35078,143.3
35079,143.3
35080,143.3
35081,143.3
35082,143.3
35083,143.3
35084,143.3
35085,143.3
35086,143.3
35087,136.344
35088,136.344
35089,136.344
35090,136.344
35091,136.344
35092,136.344
35093,136.344
35094,136.344
35095,136.344
35096,136.344
35097,136.344
35098,136.344
35099,136.344
35100,136.344
35101,136.344
35102,136.344
35103,136.344
35104,136.344
35105,136.344
35106,136.344
35107,144.581
35108,144.581
35109,144.581
35110,144.581
35111,144.581
35112,144.581
35113,144.581
35114,144.581
35115,144.581
35116,144.581
35117,144.581
35118,144.581
35119,144.581
35120,144.581
35121,144.581
35122,144.581
35123,144.581
35124,144.581
35125,144.581
35126,144.581
35127,144.581
35128,134.589
35129,134.589
35130,134.589
35131,134.589
35132,134.589
35133,134.589
35134,134.589
35135,134.589
35136,134.589
35137,134.589
35138,134.589
35139,134.589
35140,134.589
35141,134.589
35142,134.589
35143,134.589
35144,134.589
35145,134.589
35146,134.589
35147,141.071
35148,141.071
35149,141.071
35150,141.071
35151,141.071
35152,141.071
35153,141.071
35154,141.071
35155,141.071
35156,141.071
35157,141.071
35158,141.071
35159,141.071
35160,141.071
35161,141.071
35162,141.071
35163,141.071
35164,141.071
35165,141.071
35166,141.071
35167,145.189
35168,145.189
35169,145.189
35170,145.189
35171,145.189
35172,145.189
35173,145.189
35174,145.189
35175,145.189
35176,145.189
35177,145.189
35178,145.189
35179,145.189
35180,145.189
35181,145.189
35182,145.189
35183,145.189
35184,145.189
35185,145.189
35186,145.189
35187,136.952
35188,136.952
35189,136.952
35190,136.952
35191,136.952
35192,136.952
35193,136.952
35194,136.952
35195,136.952
35196,136.952
35197,136.952
35198,136.952
35199,136.952
35200,136.952
35201,136.952
35202,136.952
35203,136.952
35204,136.952
35205,136.952
35206,136.952
35207,136.952
35208,145.517
35209,145.517
35210,145.517
35211,145.517
35212,145.517
35213,145.517
35214,145.517
35215,145.517
35216,145.517
35217,145.517
35218,145.517
35219,145.517
35220,145.517
35221,145.517
35222,145.517
35223,145.517
35224,145.517
35225,145.517
35226,145.517
35227,145.517
35228,145.517
35229,133.107
35230,133.107
35231,133.107
35232,133.107
35233,133.107
35234,133.107
35235,133.107
35236,133.107
35237,133.107
35238,133.107
35239,133.107
35240,133.107
35241,133.107
35242,133.107
35243,133.107
35244,133.107
35245,133.107
35246,133.107
35247,133.107
35248,134.862
35249,134.862
35250,134.862
35251,134.862
35252,134.862
35253,134.862
35254,134.862
35255,134.862
35256,134.862
35257,134.862
35258,134.862
35259,134.862
35260,134.862
35261,134.862
35262,134.862
35263,134.862
35264,134.862
35265,134.862
35266,134.862
35267,134.862
35268,149.635
35269,149.635
35270,149.635
35271,149.635
35272,149.635
35273,149.635
35274,149.635
35275,149.635
35276,149.635
35277,149.635
35278,149.635
35279,149.635
35280,149.635
35281,149.635
35282,149.635
35283,149.635
35284,149.635
35285,149.635
35286,149.635
35287,149.635
35288,142.553
35289,142.553
35290,142.553
35291,142.553
35292,142.553
35293,142.553
35294,142.553
35295,142.553
35296,142.553
35297,142.553
35298,142.553
35299,142.553
35300,142.553
35301,142.553
35302,142.553
35303,142.553
35304,142.553
35305,142.553
35306,142.553
35307,142.553
35308,146.944
35309,146.944
35310,146.944
35311,146.944
35312,146.944
35313,146.944
35314,146.944
35315,146.944
35316,146.944
35317,146.944
35318,146.944
35319,146.944
35320,146.944
35321,146.944
35322,146.944
35323,146.944
35324,146.944
35325,146.944
35326,146.944
35327,146.944
35328,146.944
35329,142.079
35330,142.079
35331,142.079
35332,142.079
35333,142.079
35334,142.079
35335,142.079
35336,142.079
35337,142.079
35338,142.079
35339,142.079
35340,142.079
35341,142.079
35342,142.079
35343,142.079
35344,142.079
35345,142.079
35346,142.079
35347,142.079
35348,131.217
35349,131.217
35350,131.217
35351,131.217
35352,131.217
35353,131.217
35354,131.217
35355,131.217
35356,131.217
35357,131.217
35358,131.217
35359,131.217
35360,131.217
35361,131.217
35362,131.217
35363,131.217
35364,131.217
35365,131.217
35366,131.217
35367,131.217
35368,137.685
35369,137.685
35370,137.685
35371,137.685
35372,137.685
35373,137.685
35374,137.685
35375,137.685
35376,137.685
35377,137.685
35378,137.685
35379,137.685
35380,137.685
35381,137.685
35382,137.685
35383,137.685
35384,137.685
35385,137.685
35386,137.685
35387,137.685
35388,144.012
35389,144.012
35390,144.012
35391,144.012
35392,144.012
35393,144.012
35394,144.012
35395,144.012
35396,144.012
35397,144.012
35398,144.012
35399,144.012
35400,144.012
35401,144.012
35402,144.012
35403,144.012
35404,144.012
35405,144.012
35406,144.012
35407,144.012
35408,143.887
35409,143.887
35410,143.887
35411,143.887
35412,143.887
35413,143.887
35414,143.887
35415,143.887
35416,143.887
35417,143.887
35418,143.887
35419,143.887
35420,143.887
35421,143.887
35422,143.887
35423,143.887
35424,143.887
35425,143.887
35426,143.887
35427,143.887
35428,143.887
35429,132.235
35430,132.235
35431,132.235
35432,132.235
35433,132.235
35434,132.235
35435,132.235
35436,132.235
35437,132.235
35438,132.235
35439,132.235
35440,132.235
35441,132.235
35442,132.235
35443,132.235
35444,132.235
35445,132.235
35446,132.235
35447,132.235
35448,132.235
35449,136.671
35450,136.671
35451,136.671
35452,136.671
35453,136.671
35454,136.671
35455,136.671
35456,136.671
35457,136.671
35458,136.671
35459,136.671
35460,136.671
35461,136.671
35462,136.671
35463,136.671
35464,136.671
35465,136.671
35466,136.671
35467,136.671
35468,136.671
35469,141.661
35470,141.661
35471,141.661
35472,141.661
35473,141.661
35474,141.661
35475,141.661
35476,141.661
35477,141.661
35478,141.661
35479,141.661
35480,141.661
35481,141.661
35482,141.661
35483,141.661
35484,141.661
35485,141.661
35486,141.661
35487,141.661
35488,141.661
35489,146.37
35490,146.37
35491,146.37
35492,146.37
35493,146.37
35494,146.37
35495,146.37
35496,146.37
35497,146.37
35498,146.37
35499,146.37
35500,146.37
35501,146.37
35502,146.37
35503,146.37
35504,146.37
35505,146.37
35506,146.37
35507,146.37
35508,146.37
35509,137.965
35510,137.965
35511,137.965
35512,137.965
35513,137.965
35514,137.965
35515,137.965
35516,137.965
35517,137.965
35518,137.965
35519,137.965
35520,137.965
35521,137.965
35522,137.965
35523,137.965
35524,137.965
35525,137.965
35526,137.965
35527,137.965
35528,137.965
35529,137.965
35530,133.243
35531,133.243
35532,133.243
35533,133.243
35534,133.243
35535,133.243
35536,133.243
35537,133.243
35538,133.243
35539,133.243
35540,133.243
35541,133.243
35542,133.243
35543,133.243
35544,133.243
35545,133.243
35546,133.243
35547,133.243
35548,133.243
35549,138.707
35550,138.707
35551,138.707
35552,138.707
35553,138.707
35554,138.707
35555,138.707
35556,138.707
35557,138.707
35558,138.707
35559,138.707
35560,138.707
35561,138.707
35562,138.707
35563,138.707
35564,138.707
35565,138.707
35566,138.707
35567,138.707
35568,138.707
35569,146.248
35570,146.248
35571,146.248
35572,146.248
35573,146.248
35574,146.248
35575,146.248
35576,146.248
35577,146.248
35578,146.248
35579,146.248
35580,146.248
35581,146.248
35582,146.248
35583,146.248
35584,146.248
35585,146.248
35586,146.248
35587,146.248
35588,146.248
35589,140.798
35590,140.798
35591,140.798
35592,140.798
35593,140.798
35594,140.798
35595,140.798
35596,140.798
35597,140.798
35598,140.798
35599,140.798
35600,140.798
35601,140.798
35602,140.798
35603,140.798
35604,140.798
35605,140.798
35606,140.798
35607,140.798
35608,140.798
35609,130.416
35610,130.416
35611,130.416
35612,130.416
35613,130.416
35614,130.416
35615,130.416
35616,130.416
35617,130.416
35618,130.416
35619,130.416
35620,130.416
35621,130.416
35622,130.416
35623,130.416
35624,130.416
35625,130.416
35626,130.416
35627,130.416
35628,130.416
35629,130.416
35630,137.826
35631,137.826
35632,137.826
35633,137.826
35634,137.826
35635,137.826
35636,137.826
35637,137.826
35638,137.826
35639,137.826
35640,137.826
35641,137.826
35642,137.826
35643,137.826
35644,137.826
35645,137.826
35646,137.826
35647,137.826
35648,137.826
35649,141.671
35650,141.671
35651,141.671
35652,141.671
35653,141.671
35654,141.671
35655,141.671
35656,141.671
35657,141.671
35658,141.671
35659,141.671
35660,141.671
35661,141.671
35662,141.671
35663,141.671
35664,141.671
35665,141.671
35666,141.671
35667,141.671
35668,141.671
35669,141.671
35670,144.035
35671,144.035
35672,144.035
35673,144.035
35674,144.035
35675,144.035
35676,144.035
35677,144.035
35678,144.035
35679,144.035
35680,144.035
35681,144.035
35682,144.035
35683,144.035
35684,144.035
35685,144.035
35686,144.035
35687,144.035
35688,144.035
35689,144.035
35690,132.506
35691,132.506
35692,132.506
35693,132.506
35694,132.506
35695,132.506
35696,132.506
35697,132.506
35698,132.506
35699,132.506
35700,132.506
35701,132.506
35702,132.506
35703,132.506
35704,132.506
35705,132.506
35706,132.506
35707,132.506
35708,132.506
35709,132.506
35710,136.625
35711,136.625
35712,136.625
35713,136.625
35714,136.625
35715,136.625
35716,136.625
35717,136.625
35718,136.625
35719,136.625
35720,136.625
35721,136.625
35722,136.625
35723,136.625
35724,136.625
35725,136.625
35726,136.625
35727,136.625
35728,136.625
35729,136.625
35730,136.625
35731,145.189
35732,145.189
35733,145.189
35734,145.189
35735,145.189
35736,145.189
35737,145.189
35738,145.189
35739,145.189
35740,145.189
35741,145.189
35742,145.189
35743,145.189
35744,145.189
35745,145.189
35746,145.189
35747,145.189
35748,145.189
35749,145.189
35750,143.153
35751,143.153
35752,143.153
35753,143.153
35754,143.153
35755,143.153
35756,143.153
35757,143.153
35758,143.153
35759,143.153
35760,143.153
35761,143.153
35762,143.153
35763,143.153
35764,143.153
35765,143.153
35766,143.153
35767,143.153
35768,143.153
35769,143.153
35770,135.47
35771,135.47
35772,135.47
35773,135.47
35774,135.47
35775,135.47
35776,135.47
35777,135.47
35778,135.47
35779,135.47
35780,135.47
35781,135.47
35782,135.47
35783,135.47
35784,135.47
35785,135.47
35786,135.47
35787,135.47
35788,135.47
35789,135.47
35790,140.798
35791,140.798
35792,140.798
35793,140.798
35794,140.798
35795,140.798
35796,140.798
35797,140.798
35798,140.798
35799,140.798
35800,140.798
35801,140.798
35802,140.798
35803,140.798
35804,140.798
35805,140.798
35806,140.798
35807,140.798
35808,140.798
35809,140.798
35810,145.921
35811,145.921
35812,145.921
35813,145.921
35814,145.921
35815,145.921
35816,145.921
35817,145.921
35818,145.921
35819,145.921
35820,145.921
35821,145.921
35822,145.921
35823,145.921
35824,145.921
35825,145.921
35826,145.921
35827,145.921
35828,145.921
35829,145.921
35830,145.921
35831,132.643
35832,132.643
35833,132.643
35834,132.643
35835,132.643
35836,132.643
35837,132.643
35838,132.643
35839,132.643
35840,132.643
35841,132.643
35842,132.643
35843,132.643
35844,132.643
35845,132.643
35846,132.643
35847,132.643
35848,132.643
35849,132.643
35850,136.625
35851,136.625
35852,136.625
35853,136.625
35854,136.625
35855,136.625
35856,136.625
35857,136.625
35858,136.625
35859,136.625
35860,136.625
35861,136.625
35862,136.625
35863,136.625
35864,136.625
35865,136.625
35866,136.625
35867,136.625
35868,136.625
35869,136.625
35870,145.189
35871,145.189
35872,145.189
35873,145.189
35874,145.189
35875,145.189
35876,145.189
35877,145.189
35878,145.189
35879,145.189
35880,145.189
35881,145.189
35882,145.189
35883,145.189
35884,145.189
35885,145.189
35886,145.189
35887,145.189
35888,145.189
35889,145.189
35890,143.707
35891,143.707
35892,143.707
35893,143.707
35894,143.707
35895,143.707
35896,143.707
35897,143.707
35898,143.707
35899,143.707
35900,143.707
35901,143.707
35902,143.707
35903,143.707
35904,143.707
35905,143.707
35906,143.707
35907,143.707
35908,143.707
35909,143.707
35910,143.707
35911,136.625
35912,136.625
35913,136.625
35914,136.625
35915,136.625
35916,136.625
35917,136.625
35918,136.625
35919,136.625
35920,136.625
35921,136.625
35922,136.625
35923,136.625
35924,136.625
35925,136.625
35926,136.625
35927,136.625
35928,136.625
35929,136.625
35930,136.625
35931,142.553
35932,142.553
35933,142.553
35934,142.553
35935,142.553
35936,142.553
35937,142.553
35938,142.553
35939,142.553
35940,142.553
35941,142.553
35942,142.553
35943,142.553
35944,142.553
35945,142.553
35946,142.553
35947,142.553
35948,142.553
35949,142.553
35950,142.553
35951,147.272
35952,147.272
35953,147.272
35954,147.272
35955,147.272
35956,147.272
35957,147.272
35958,147.272
35959,147.272
35960,147.272
35961,147.272
35962,147.272
35963,147.272
35964,147.272
35965,147.272
35966,147.272
35967,147.272
35968,147.272
35969,147.272
35970,147.272
35971,133.243
35972,133.243
35973,133.243
35974,133.243
35975,133.243
35976,133.243
35977,133.243
35978,133.243
35979,133.243
35980,133.243
35981,133.243
35982,133.243
35983,133.243
35984,133.243
35985,133.243
35986,133.243
35987,133.243
35988,133.243
35989,133.243
35990,133.243
35991,137.685
35992,137.685
35993,137.685
35994,137.685
35995,137.685
35996,137.685
35997,137.685
35998,137.685
35999,137.685
36000,137.685
36001,137.685
36002,137.685
36003,137.685
36004,137.685
36005,137.685
36006,137.685
36007,137.685
36008,137.685
36009,137.685
36010,137.685
36011,145.921
36012,145.921
36013,145.921
36014,145.921
36015,145.921
36016,145.921
36017,145.921
36018,145.921
36019,145.921
36020,145.921
36021,145.921
36022,145.921
36023,145.921
36024,145.921
36025,145.921
36026,145.921
36027,145.921
36028,145.921
36029,145.921
36030,145.921
36031,145.921
36032,130.89
36033,130.89
36034,130.89
36035,130.89
36036,130.89
36037,130.89
36038,130.89
36039,130.89
36040,130.89
36041,130.89
36042,130.89
36043,130.89
36044,130.89
36045,130.89
36046,130.89
36047,130.89
36048,130.89
36049,130.89
36050,130.89
36051,140.653
36052,140.653
36053,140.653
36054,140.653
36055,140.653
36056,140.653
36057,140.653
36058,140.653
36059,140.653
36060,140.653
36061,140.653
36062,140.653
36063,140.653
36064,140.653
36065,140.653
36066,140.653
36067,140.653
36068,140.653
36069,140.653
36070,140.653
36071,145.04
36072,145.04
36073,145.04
36074,145.04
36075,145.04
36076,145.04
36077,145.04
36078,145.04
36079,145.04
36080,145.04
36081,145.04
36082,145.04
36083,145.04
36084,145.04
36085,145.04
36086,145.04
36087,145.04
36088,145.04
36089,145.04
36090,145.04
36091,134.261
36092,134.261
36093,134.261
36094,134.261
36095,134.261
36096,134.261
36097,134.261
36098,134.261
36099,134.261
36100,134.261
36101,134.261
36102,134.261
36103,134.261
36104,134.261
36105,134.261
36106,134.261
36107,134.261
36108,134.261
36109,134.261
36110,134.261
36111,142.553
36112,142.553
36113,142.553
36114,142.553
36115,142.553
36116,142.553
36117,142.553
36118,142.553
36119,142.553
36120,142.553
36121,142.553
36122,142.553
36123,142.553
36124,142.553
36125,142.553
36126,142.553
36127,142.553
36128,142.553
36129,142.553
36130,142.553
36131,142.553
36132,141.344
36133,141.344
36134,141.344
36135,141.344
36136,141.344
36137,141.344
36138,141.344
36139,141.344
36140,141.344
36141,141.344
36142,141.344
36143,141.344
36144,141.344
36145,141.344
36146,141.344
36147,141.344
36148,141.344
36149,141.344
36150,141.344
36151,141.344
36152,138.434
36153,138.434
36154,138.434
36155,138.434
36156,138.434
36157,138.434
36158,138.434
36159,138.434
36160,138.434
36161,138.434
36162,138.434
36163,138.434
36164,138.434
36165,138.434
36166,138.434
36167,138.434
36168,138.434
36169,138.434
36170,138.434
36171,138.434
36172,145.79
36173,145.79
36174,145.79
36175,145.79
36176,145.79
36177,145.79
36178,145.79
36179,145.79
36180,145.79
36181,145.79
36182,145.79
36183,145.79
36184,145.79
36185,145.79
36186,145.79
36187,145.79
36188,145.79
36189,145.79
36190,145.79
36191,145.79
36192,132.226
36193,132.226
36194,132.226
36195,132.226
36196,132.226
36197,132.226
36198,132.226
36199,132.226
36200,132.226
36201,132.226
36202,132.226
36203,132.226
36204,132.226
36205,132.226
36206,132.226
36207,132.226
36208,132.226
36209,132.226
36210,132.226
36211,132.226
36212,138.707
36213,138.707
36214,138.707
36215,138.707
36216,138.707
36217,138.707
36218,138.707
36219,138.707
36220,138.707
36221,138.707
36222,138.707
36223,138.707
36224,138.707
36225,138.707
36226,138.707
36227,138.707
36228,138.707
36229,138.707
36230,138.707
36231,138.707
36232,138.707
36233,145.79
36234,145.79
36235,145.79
36236,145.79
36237,145.79
36238,145.79
36239,145.79
36240,145.79
36241,145.79
36242,145.79
36243,145.79
36244,145.79
36245,145.79
36246,145.79
36247,145.79
36248,145.79
36249,145.79
36250,145.79
36251,145.79
36252,132.226
36253,132.226
36254,132.226
36255,132.226
36256,132.226
36257,132.226
36258,132.226
36259,132.226
36260,132.226
36261,132.226
36262,132.226
36263,132.226
36264,132.226
36265,132.226
36266,132.226
36267,132.226
36268,132.226
36269,132.226
36270,132.226
36271,132.226
36272,143.434
36273,143.434
36274,143.434
36275,143.434
36276,143.434
36277,143.434
36278,143.434
36279,143.434
36280,143.434
36281,143.434
36282,143.434
36283,143.434
36284,143.434
36285,143.434
36286,143.434
36287,143.434
36288,143.434
36289,143.434
36290,143.434
36291,143.434
36292,141.344
36293,141.344
36294,141.344
36295,141.344
36296,141.344
36297,141.344
36298,141.344
36299,141.344
36300,141.344
36301,141.344
36302,141.344
36303,141.344
36304,141.344
36305,141.344
36306,141.344
36307,141.344
36308,141.344
36309,141.344
36310,141.344
36311,141.344
36312,136.812
36313,136.812
36314,136.812
36315,136.812
36316,136.812
36317,136.812
36318,136.812
36319,136.812
36320,136.812
36321,136.812
36322,136.812
36323,136.812
36324,136.812
36325,136.812
36326,136.812
36327,136.812
36328,136.812
36329,136.812
36330,136.812
36331,136.812
36332,136.812
36333,145.189
36334,145.189
36335,145.189
36336,145.189
36337,145.189
36338,145.189
36339,145.189
36340,145.189
36341,145.189
36342,145.189
36343,145.189
36344,145.189
36345,145.189
36346,145.189
36347,145.189
36348,145.189
36349,145.189
36350,145.189
36351,145.189
36352,130.89
36353,130.89
36354,130.89
36355,130.89
36356,130.89
36357,130.89
36358,130.89
36359,130.89
36360,130.89
36361,130.89
36362,130.89
36363,130.89
36364,130.89
36365,130.89
36366,130.89
36367,130.89
36368,130.89
36369,130.89
36370,130.89
36371,130.89
36372,130.89
36373,140.653
36374,140.653
36375,140.653
36376,140.653
36377,140.653
36378,140.653
36379,140.653
36380,140.653
36381,140.653
36382,140.653
36383,140.653
36384,140.653
36385,140.653
36386,140.653
36387,140.653
36388,140.653
36389,140.653
36390,140.653
36391,140.653
36392,140.653
36393,141.344
36394,141.344
36395,141.344
36396,141.344
36397,141.344
36398,141.344
36399,141.344
36400,141.344
36401,141.344
36402,141.344
36403,141.344
36404,141.344
36405,141.344
36406,141.344
36407,141.344
36408,141.344
36409,141.344
36410,141.344
36411,141.344
36412,141.344
36413,138.707
36414,138.707
36415,138.707
36416,138.707
36417,138.707
36418,138.707
36419,138.707
36420,138.707
36421,138.707
36422,138.707
36423,138.707
36424,138.707
36425,138.707
36426,138.707
36427,138.707
36428,138.707
36429,138.707
36430,138.707
36431,138.707
36432,138.707
36433,145.517
36434,145.517
36435,145.517
36436,145.517
36437,145.517
36438,145.517
36439,145.517
36440,145.517
36441,145.517
36442,145.517
36443,145.517
36444,145.517
36445,145.517
36446,145.517
36447,145.517
36448,145.517
36449,145.517
36450,145.517
36451,145.517
36452,145.517
36453,134.862
36454,134.862
36455,134.862
36456,134.862
36457,134.862
36458,134.862
36459,134.862
36460,134.862
36461,134.862
36462,134.862
36463,134.862
36464,134.862
36465,134.862
36466,134.862
36467,134.862
36468,134.862
36469,134.862
36470,134.862
36471,134.862
36472,134.862
36473,145.64
36474,145.64
36475,145.64
36476,145.64
36477,145.64
36478,145.64
36479,145.64
36480,145.64
36481,145.64
36482,145.64
36483,145.64
36484,145.64
36485,145.64
36486,145.64
36487,145.64
36488,145.64
36489,145.64
36490,145.64
36491,145.64
36492,145.64
36493,137.685
36494,137.685
36495,137.685
36496,137.685
36497,137.685
36498,137.685
36499,137.685
36500,137.685
36501,137.685
36502,137.685
36503,137.685
36504,137.685
36505,137.685
36506,137.685
36507,137.685
36508,137.685
36509,137.685
36510,137.685
36511,137.685
36512,137.685
36513,141.807
36514,141.807
36515,141.807
36516,141.807
36517,141.807
36518,141.807
36519,141.807
36520,141.807
36521,141.807
36522,141.807
36523,141.807
36524,141.807
36525,141.807
36526,141.807
36527,141.807
36528,141.807
36529,141.807
36530,141.807
36531,141.807
36532,141.807
36533,141.807
36534,140.653
36535,140.653
36536,140.653
36537,140.653
36538,140.653
36539,140.653
36540,140.653
36541,140.653
36542,140.653
36543,140.653
36544,140.653
36545,140.653
36546,140.653
36547,140.653
36548,140.653
36549,140.653
36550,140.653
36551,140.653
36552,140.653
36553,139.718
36554,139.718
36555,139.718
36556,139.718
36557,139.718
36558,139.718
36559,139.718
36560,139.718
36561,139.718
36562,139.718
36563,139.718
36564,139.718
36565,139.718
36566,139.718
36567,139.718
36568,139.718
36569,139.718
36570,139.718
36571,139.718
36572,139.718
36573,146.793
36574,146.793
36575,146.793
36576,146.793
36577,146.793
36578,146.793
36579,146.793
36580,146.793
36581,146.793
36582,146.793
36583,146.793
36584,146.793
36585,146.793
36586,146.793
36587,146.793
36588,146.793
36589,146.793
36590,146.793
36591,146.793
36592,146.793
36593,131.217
36594,131.217
36595,131.217
36596,131.217
36597,131.217
36598,131.217
36599,131.217
36600,131.217
36601,131.217
36602,131.217
36603,131.217
36604,131.217
36605,131.217
36606,131.217
36607,131.217
36608,131.217
36609,131.217
36610,131.217
36611,131.217
36612,131.217
36613,131.217
36614,142.079
36615,142.079
36616,142.079
36617,142.079
36618,142.079
36619,142.079
36620,142.079
36621,142.079
36622,142.079
36623,142.079
36624,142.079
36625,142.079
36626,142.079
36627,142.079
36628,142.079
36629,142.079
36630,142.079
36631,142.079
36632,142.079
36633,142.079
36634,139.446
36635,139.446
36636,139.446
36637,139.446
36638,139.446
36639,139.446
36640,139.446
36641,139.446
36642,139.446
36643,139.446
36644,139.446
36645,139.446
36646,139.446
36647,139.446
36648,139.446
36649,139.446
36650,139.446
36651,139.446
36652,139.446
36653,139.446
36654,141.199
36655,141.199
36656,141.199
36657,141.199
36658,141.199
36659,141.199
36660,141.199
36661,141.199
36662,141.199
36663,141.199
36664,141.199
36665,141.199
36666,141.199
36667,141.199
36668,141.199
36669,141.199
36670,141.199
36671,141.199
36672,141.199
36673,141.199
36674,143.287
36675,143.287
36676,143.287
36677,143.287
36678,143.287
36679,143.287
36680,143.287
36681,143.287
36682,143.287
36683,143.287
36684,143.287
36685,143.287
36686,143.287
36687,143.287
36688,143.287
36689,143.287
36690,143.287
36691,143.287
36692,143.287
36693,143.287
36694,138.292
36695,138.292
36696,138.292
36697,138.292
36698,138.292
36699,138.292
36700,138.292
36701,138.292
36702,138.292
36703,138.292
36704,138.292
36705,138.292
36706,138.292
36707,138.292
36708,138.292
36709,138.292
36710,138.292
36711,138.292
36712,138.292
36713,138.292
36714,146.643
36715,146.643
36716,146.643
36717,146.643
36718,146.643
36719,146.643
36720,146.643
36721,146.643
36722,146.643
36723,146.643
36724,146.643
36725,146.643
36726,146.643
36727,146.643
36728,146.643
36729,146.643
36730,146.643
36731,146.643
36732,146.643
36733,146.643
36734,146.643
36735,133.433
36736,133.433
36737,133.433
36738,133.433
36739,133.433
36740,133.433
36741,133.433
36742,133.433
36743,133.433
36744,133.433
36745,133.433
36746,133.433
36747,133.433
36748,133.433
36749,133.433
36750,133.433
36751,133.433
36752,133.433
36753,133.433
36754,142.86
36755,142.86
36756,142.86
36757,142.86
36758,142.86
36759,142.86
36760,142.86
36761,142.86
36762,142.86
36763,142.86
36764,142.86
36765,142.86
36766,142.86
36767,142.86
36768,142.86
36769,142.86
36770,142.86
36771,142.86
36772,142.86
36773,142.86
36774,136.064
36775,136.064
36776,136.064
36777,136.064
36778,136.064
36779,136.064
36780,136.064
36781,136.064
36782,136.064
36783,136.064
36784,136.064
36785,136.064
36786,136.064
36787,136.064
36788,136.064
36789,136.064
36790,136.064
36791,136.064
36792,136.064
36793,136.064
36794,139.902
36795,139.902
36796,139.902
36797,139.902
36798,139.902
36799,139.902
36800,139.902
36801,139.902
36802,139.902
36803,139.902
36804,139.902
36805,139.902
36806,139.902
36807,139.902
36808,139.902
36809,139.902
36810,139.902
36811,139.902
36812,139.902
36813,139.902
36814,145.491
36815,145.491
36816,145.491
36817,145.491
36818,145.491
36819,145.491
36820,145.491
36821,145.491
36822,145.491
36823,145.491
36824,145.491
36825,145.491
36826,145.491
36827,145.491
36828,145.491
36829,145.491
36830,145.491
36831,145.491
36832,145.491
36833,145.491
36834,145.491
36835,136.944
36836,136.944
36837,136.944
36838,136.944
36839,136.944
36840,136.944
36841,136.944
36842,136.944
36843,136.944
36844,136.944
36845,136.944
36846,136.944
36847,136.944
36848,136.944
36849,136.944
36850,136.944
36851,136.944
36852,136.944
36853,136.944
36854,136.944
36855,148.122
36856,148.122
36857,148.122
36858,148.122
36859,148.122
36860,148.122
36861,148.122
36862,148.122
36863,148.122
36864,148.122
36865,148.122
36866,148.122
36867,148.122
36868,148.122
36869,148.122
36870,148.122
36871,148.122
36872,148.122
36873,148.122
36874,148.122
36875,133.576
36876,133.576
36877,133.576
36878,133.576
36879,133.576
36880,133.576
36881,133.576
36882,133.576
36883,133.576
36884,133.576
36885,133.576
36886,133.576
36887,133.576
36888,133.576
36889,133.576
36890,133.576
36891,133.576
36892,133.576
36893,133.576
36894,133.576
36895,143.007
36896,143.007
36897,143.007
36898,143.007
36899,143.007
36900,143.007
36901,143.007
36902,143.007
36903,143.007
36904,143.007
36905,143.007
36906,143.007
36907,143.007
36908,143.007
36909,143.007
36910,143.007
36911,143.007
36912,143.007
36913,143.007
36914,143.007
36915,138.107
36916,138.107
36917,138.107
36918,138.107
36919,138.107
36920,138.107
36921,138.107
36922,138.107
36923,138.107
36924,138.107
36925,138.107
36926,138.107
36927,138.107
36928,138.107
36929,138.107
36930,138.107
36931,138.107
36932,138.107
36933,138.107
36934,138.107
36935,138.107
36936,138.107
36937,138.107
36938,138.107
36939,138.107
36940,138.107
36941,138.107
36942,138.107
36943,138.107
36944,138.107
36945,138.107
36946,138.107
36947,138.107
36948,138.107
36949,138.107
36950,138.107
36951,138.107
36952,138.107
36953,138.107
36954,138.107
36955,144.433
36956,144.433
36957,144.433
36958,144.433
36959,144.433
36960,144.433
36961,144.433
36962,144.433
36963,144.433
36964,144.433
36965,144.433
36966,144.433
36967,144.433
36968,144.433
36969,144.433
36970,144.433
36971,144.433
36972,144.433
36973,144.433
36974,144.433
36975,135.743
36976,135.743
36977,135.743
36978,135.743
36979,135.743
36980,135.743
36981,135.743
36982,135.743
36983,135.743
36984,135.743
36985,135.743
36986,135.743
36987,135.743
36988,135.743
36989,135.743
36990,135.743
36991,135.743
36992,135.743
36993,135.743
36994,135.743
36995,144.581
36996,144.581
36997,144.581
36998,144.581
36999,144.581
37000,144.581
37001,144.581
37002,144.581
37003,144.581
37004,144.581
37005,144.581
37006,144.581
37007,144.581
37008,144.581
37009,144.581
37010,144.581
37011,144.581
37012,144.581
37013,144.581
37014,144.581
37015,132.97
37016,132.97
37017,132.97
37018,132.97
37019,132.97
37020,132.97
37021,132.97
37022,132.97
37023,132.97
37024,132.97
37025,132.97
37026,132.97
37027,132.97
37028,132.97
37029,132.97
37030,132.97
37031,132.97
37032,132.97
37033,132.97
37034,132.97
37035,132.97
37036,141.071
37037,141.071
37038,141.071
37039,141.071
37040,141.071
37041,141.071
37042,141.071
37043,141.071
37044,141.071
37045,141.071
37046,141.071
37047,141.071
37048,141.071
37049,141.071
37050,141.071
37051,141.071
37052,141.071
37053,141.071
37054,141.071
37055,141.071
37056,139.589
37057,139.589
37058,139.589
37059,139.589
37060,139.589
37061,139.589
37062,139.589
37063,139.589
37064,139.589
37065,139.589
37066,139.589
37067,139.589
37068,139.589
37069,139.589
37070,139.589
37071,139.589
37072,139.589
37073,139.589
37074,139.589
37075,139.589
37076,138.98
37077,138.98
37078,138.98
37079,138.98
37080,138.98
37081,138.98
37082,138.98
37083,138.98
37084,138.98
37085,138.98
37086,138.98
37087,138.98
37088,138.98
37089,138.98
37090,138.98
37091,138.98
37092,138.98
37093,138.98
37094,138.98
37095,138.98
37096,143.707
37097,143.707
37098,143.707
37099,143.707
37100,143.707
37101,143.707
37102,143.707
37103,143.707
37104,143.707
37105,143.707
37106,143.707
37107,143.707
37108,143.707
37109,143.707
37110,143.707
37111,143.707
37112,143.707
37113,143.707
37114,143.707
37115,143.707
37116,135.47
37117,135.47
37118,135.47
37119,135.47
37120,135.47
37121,135.47
37122,135.47
37123,135.47
37124,135.47
37125,135.47
37126,135.47
37127,135.47
37128,135.47
37129,135.47
37130,135.47
37131,135.47
37132,135.47
37133,135.47
37134,135.47
37135,135.47
37136,146.071
37137,146.071
37138,146.071
37139,146.071
37140,146.071
37141,146.071
37142,146.071
37143,146.071
37144,146.071
37145,146.071
37146,146.071
37147,146.071
37148,146.071
37149,146.071
37150,146.071
37151,146.071
37152,146.071
37153,146.071
37154,146.071
37155,146.071
37156,134.261
37157,134.261
37158,134.261
37159,134.261
37160,134.261
37161,134.261
37162,134.261
37163,134.261
37164,134.261
37165,134.261
37166,134.261
37167,134.261
37168,134.261
37169,134.261
37170,134.261
37171,134.261
37172,134.261
37173,134.261
37174,134.261
37175,134.261
37176,142.553
37177,142.553
37178,142.553
37179,142.553
37180,142.553
37181,142.553
37182,142.553
37183,142.553
37184,142.553
37185,142.553
37186,142.553
37187,142.553
37188,142.553
37189,142.553
37190,142.553
37191,142.553
37192,142.553
37193,142.553
37194,142.553
37195,142.553
37196,132.226
37197,132.226
37198,132.226
37199,132.226
37200,132.226
37201,132.226
37202,132.226
37203,132.226
37204,132.226
37205,132.226
37206,132.226
37207,132.226
37208,132.226
37209,132.226
37210,132.226
37211,132.226
37212,132.226
37213,132.226
37214,132.226
37215,132.226
37216,141.489
37217,141.489
37218,141.489
37219,141.489
37220,141.489
37221,141.489
37222,141.489
37223,141.489
37224,141.489
37225,141.489
37226,141.489
37227,141.489
37228,141.489
37229,141.489
37230,141.489
37231,141.489
37232,141.489
37233,141.489
37234,141.489
37235,141.489
37236,141.489
37237,138.85
37238,138.85
37239,138.85
37240,138.85
37241,138.85
37242,138.85
37243,138.85
37244,138.85
37245,138.85
37246,138.85
37247,138.85
37248,138.85
37249,138.85
37250,138.85
37251,138.85
37252,138.85
37253,138.85
37254,138.85
37255,138.85
37256,138.85
37257,139.732
37258,139.732
37259,139.732
37260,139.732
37261,139.732
37262,139.732
37263,139.732
37264,139.732
37265,139.732
37266,139.732
37267,139.732
37268,139.732
37269,139.732
37270,139.732
37271,139.732
37272,139.732
37273,139.732
37274,139.732
37275,139.732
37276,139.732
37277,143.3
37278,143.3
37279,143.3
37280,143.3
37281,143.3
37282,143.3
37283,143.3
37284,143.3
37285,143.3
37286,143.3
37287,143.3
37288,143.3
37289,143.3
37290,143.3
37291,143.3
37292,143.3
37293,143.3
37294,143.3
37295,143.3
37296,143.3
37297,137.233
37298,137.233
37299,137.233
37300,137.233
37301,137.233
37302,137.233
37303,137.233
37304,137.233
37305,137.233
37306,137.233
37307,137.233
37308,137.233
37309,137.233
37310,137.233
37311,137.233
37312,137.233
37313,137.233
37314,137.233
37315,137.233
37316,137.233
37317,146.22
37318,146.22
37319,146.22
37320,146.22
37321,146.22
37322,146.22
37323,146.22
37324,146.22
37325,146.22
37326,146.22
37327,146.22
37328,146.22
37329,146.22
37330,146.22
37331,146.22
37332,146.22
37333,146.22
37334,146.22
37335,146.22
37336,146.22
37337,134.727
37338,134.727
37339,134.727
37340,134.727
37341,134.727
37342,134.727
37343,134.727
37344,134.727
37345,134.727
37346,134.727
37347,134.727
37348,134.727
37349,134.727
37350,134.727
37351,134.727
37352,134.727
37353,134.727
37354,134.727
37355,134.727
37356,134.727
37357,145.487
37358,145.487
37359,145.487
37360,145.487
37361,145.487
37362,145.487
37363,145.487
37364,145.487
37365,145.487
37366,145.487
37367,145.487
37368,145.487
37369,145.487
37370,145.487
37371,145.487
37372,145.487
37373,145.487
37374,145.487
37375,145.487
37376,145.487
37377,132.778
37378,132.778
37379,132.778
37380,132.778
37381,132.778
37382,132.778
37383,132.778
37384,132.778
37385,132.778
37386,132.778
37387,132.778
37388,132.778
37389,132.778
37390,132.778
37391,132.778
37392,132.778
37393,132.778
37394,132.778
37395,132.778
37396,132.778
37397,141.962
37398,141.962
37399,141.962
37400,141.962
37401,141.962
37402,141.962
37403,141.962
37404,141.962
37405,141.962
37406,141.962
37407,141.962
37408,141.962
37409,141.962
37410,141.962
37411,141.962
37412,141.962
37413,141.962
37414,141.962
37415,141.962
37416,141.962
37417,141.962
37418,134.263
37419,134.263
37420,134.263
37421,134.263
37422,134.263
37423,134.263
37424,134.263
37425,134.263
37426,134.263
37427,134.263
37428,134.263
37429,134.263
37430,134.263
37431,134.263
37432,134.263
37433,134.263
37434,134.263
37435,134.263
37436,134.263
37437,134.263
37438,141.36
37439,141.36
37440,141.36
37441,141.36
37442,141.36
37443,141.36
37444,141.36
37445,141.36
37446,141.36
37447,141.36
37448,141.36
37449,141.36
37450,141.36
37451,141.36
37452,141.36
37453,141.36
37454,141.36
37455,141.36
37456,141.36
37457,141.36
37458,139.875
37459,139.875
37460,139.875
37461,139.875
37462,139.875
37463,139.875
37464,139.875
37465,139.875
37466,139.875
37467,139.875
37468,139.875
37469,139.875
37470,139.875
37471,139.875
37472,139.875
37473,139.875
37474,139.875
37475,139.875
37476,139.875
37477,139.875
37478,182.278
37479,182.278
37480,182.278
37481,182.278
37482,182.278
37483,182.278
37484,182.278
37485,182.278
37486,182.278
37487,182.278
37488,182.278
37489,182.278
37490,182.278
37491,182.278
37492,182.278
37493,182.278
37494,182.278
37495,182.278
37496,182.278
37497,182.278
37498,150.216
37499,150.216
37500,150.216
37501,150.216
37502,150.216
37503,150.216
37504,150.216
37505,150.216
37506,150.216
37507,150.216
37508,150.216
37509,150.216
37510,150.216
37511,150.216
37512,150.216
37513,150.216
37514,150.216
37515,150.216
37516,150.216
37517,150.216
37518,131.621
37519,131.621
37520,131.621
37521,131.621
37522,131.621
37523,131.621
37524,131.621
37525,131.621
37526,131.621
37527,131.621
37528,131.621
37529,131.621
37530,131.621
37531,131.621
37532,131.621
37533,131.621
37534,131.621
37535,131.621
37536,131.621
37537,131.621
37538,136.624
37539,136.624
37540,136.624
37541,136.624
37542,136.624
37543,136.624
37544,136.624
37545,136.624
37546,136.624
37547,136.624
37548,136.624
37549,136.624
37550,136.624
37551,136.624
37552,136.624
37553,136.624
37554,136.624
37555,136.624
37556,136.624
37557,136.624
37558,136.624
37559,136.624
37560,136.624
37561,136.624
37562,136.624
37563,136.624
37564,136.624
37565,136.624
37566,136.624
37567,136.624
37568,136.624
37569,136.624
37570,136.624
37571,136.624
37572,130.41
37573,130.41
37574,130.41
37575,130.41
37576,130.41
37577,130.41
37578,130.41
37579,130.41
37580,130.41
37581,130.41
37582,130.41
37583,130.41
37584,130.41
37585,141.817
37586,141.817
37587,141.817
37588,141.817
37589,141.817
37590,141.817
37591,141.817
37592,141.817
37593,141.817
37594,141.817
37595,141.817
37596,141.817
37597,141.817
37598,141.817
37599,141.817
37600,141.817
37601,141.817
37602,141.817
37603,141.817
37604,141.817
37605,141.817
37606,141.817
37607,130.55
37608,130.55
37609,130.55
37610,130.55
37611,130.55
37612,130.55
37613,130.55
37614,130.55
37615,130.55
37616,130.55
37617,130.55
37618,130.55
37619,130.55
37620,136.211
37621,136.211
37622,136.211
37623,136.211
37624,136.211
37625,136.211
37626,136.211
37627,136.211
37628,136.211
37629,136.211
37630,136.211
37631,136.211
37632,136.211
37633,136.211
37634,136.211
37635,136.211
37636,136.211
37637,136.211
37638,136.211
37639,136.211
37640,142.972
37641,142.972
37642,142.972
37643,142.972
37644,142.972
37645,142.972
37646,142.972
37647,142.972
37648,142.972
37649,142.972
37650,142.972
37651,142.972
37652,142.972
37653,142.972
37654,142.972
37655,142.972
37656,142.972
37657,142.972
37658,142.972
37659,142.972
37660,144.729
37661,144.729
37662,144.729
37663,144.729
37664,144.729
37665,144.729
37666,144.729
37667,144.729
37668,144.729
37669,144.729
37670,144.729
37671,144.729
37672,144.729
37673,144.729
37674,144.729
37675,144.729
37676,144.729
37677,144.729
37678,144.729
37679,144.729
37680,132.916
37681,132.916
37682,132.916
37683,132.916
37684,132.916
37685,132.916
37686,132.916
37687,132.916
37688,132.916
37689,132.916
37690,132.916
37691,132.916
37692,132.916
37693,132.916
37694,132.916
37695,132.916
37696,132.916
37697,132.916
37698,132.916
37699,132.916
37700,133.845
37701,133.845
37702,133.845
37703,133.845
37704,133.845
37705,133.845
37706,133.845
37707,133.845
37708,133.845
37709,133.845
37710,133.845
37711,133.845
37712,133.845
37713,133.845
37714,133.845
37715,133.845
37716,133.845
37717,133.845
37718,133.845
37719,133.845
37720,140.333
37721,140.333
37722,140.333
37723,140.333
37724,140.333
37725,140.333
37726,140.333
37727,140.333
37728,140.333
37729,140.333
37730,140.333
37731,140.333
37732,140.333
37733,140.333
37734,140.333
37735,140.333
37736,140.333
37737,140.333
37738,140.333
37739,140.333
37740,140.333
37741,145.939
37742,145.939
37743,145.939
37744,145.939
37745,145.939
37746,145.939
37747,145.939
37748,145.939
37749,145.939
37750,145.939
37751,145.939
37752,145.939
37753,145.939
37754,145.939
37755,145.939
37756,145.939
37757,145.939
37758,145.939
37759,145.939
37760,145.939
37761,140.942
37762,140.942
37763,140.942
37764,140.942
37765,140.942
37766,140.942
37767,140.942
37768,140.942
37769,140.942
37770,140.942
37771,140.942
37772,140.942
37773,140.942
37774,140.942
37775,140.942
37776,140.942
37777,140.942
37778,140.942
37779,140.942
37780,140.942
37781,133.845
37782,133.845
37783,133.845
37784,133.845
37785,133.845
37786,133.845
37787,133.845
37788,133.845
37789,133.845
37790,133.845
37791,133.845
37792,133.845
37793,133.845
37794,133.845
37795,133.845
37796,133.845
37797,133.845
37798,133.845
37799,133.845
37800,133.845
37801,138.576
37802,138.576
37803,138.576
37804,138.576
37805,138.576
37806,138.576
37807,138.576
37808,138.576
37809,138.576
37810,138.576
37811,138.576
37812,138.576
37813,138.576
37814,138.576
37815,138.576
37816,138.576
37817,138.576
37818,138.576
37819,138.576
37820,138.576
37821,145.666
37822,145.666
37823,145.666
37824,145.666
37825,145.666
37826,145.666
37827,145.666
37828,145.666
37829,145.666
37830,145.666
37831,145.666
37832,145.666
37833,145.666
37834,145.666
37835,145.666
37836,145.666
37837,145.666
37838,145.666
37839,145.666
37840,145.666
37841,142.098
37842,142.098
37843,142.098
37844,142.098
37845,142.098
37846,142.098
37847,142.098
37848,142.098
37849,142.098
37850,142.098
37851,142.098
37852,142.098
37853,142.098
37854,142.098
37855,142.098
37856,142.098
37857,142.098
37858,142.098
37859,142.098
37860,142.098
37861,131.895
37862,131.895
37863,131.895
37864,131.895
37865,131.895
37866,131.895
37867,131.895
37868,131.895
37869,131.895
37870,131.895
37871,131.895
37872,131.895
37873,131.895
37874,131.895
37875,131.895
37876,131.895
37877,131.895
37878,131.895
37879,131.895
37880,131.895
37881,138.39
37882,138.39
37883,138.39
37884,138.39
37885,138.39
37886,138.39
37887,138.39
37888,138.39
37889,138.39
37890,138.39
37891,138.39
37892,138.39
37893,138.39
37894,138.39
37895,138.39
37896,138.39
37897,138.39
37898,138.39
37899,138.39
37900,138.39
37901,144.002
37902,144.002
37903,144.002
37904,144.002
37905,144.002
37906,144.002
37907,144.002
37908,144.002
37909,144.002
37910,144.002
37911,144.002
37912,144.002
37913,144.002
37914,144.002
37915,144.002
37916,144.002
37917,144.002
37918,144.002
37919,144.002
37920,144.002
37921,143.447
37922,143.447
37923,143.447
37924,143.447
37925,143.447
37926,143.447
37927,143.447
37928,143.447
37929,143.447
37930,143.447
37931,143.447
37932,143.447
37933,143.447
37934,143.447
37935,143.447
37936,143.447
37937,143.447
37938,143.447
37939,143.447
37940,143.447
37941,143.447
37942,133.052
37943,133.052
37944,133.052
37945,133.052
37946,133.052
37947,133.052
37948,133.052
37949,133.052
37950,133.052
37951,133.052
37952,133.052
37953,133.052
37954,133.052
37955,133.052
37956,133.052
37957,133.052
37958,133.052
37959,133.052
37960,133.052
37961,133.052
37962,139.875
37963,139.875
37964,139.875
37965,139.875
37966,139.875
37967,139.875
37968,139.875
37969,139.875
37970,139.875
37971,139.875
37972,139.875
37973,139.875
37974,139.875
37975,139.875
37976,139.875
37977,139.875
37978,139.875
37979,139.875
37980,139.875
37981,146.37
37982,146.37
37983,146.37
37984,146.37
37985,146.37
37986,146.37
37987,146.37
37988,146.37
37989,146.37
37990,146.37
37991,146.37
37992,146.37
37993,146.37
37994,146.37
37995,146.37
37996,146.37
37997,146.37
37998,146.37
37999,146.37
38000,146.37
38001,146.37
38002,141.634
38003,141.634
38004,141.634
38005,141.634
38006,141.634
38007,141.634
38008,141.634
38009,141.634
38010,141.634
38011,141.634
38012,141.634
38013,141.634
38014,141.634
38015,141.634
38016,141.634
38017,141.634
38018,141.634
38019,141.634
38020,141.634
38021,141.634
38022,135.139
38023,135.139
38024,135.139
38025,135.139
38026,135.139
38027,135.139
38028,135.139
38029,135.139
38030,135.139
38031,135.139
38032,135.139
38033,135.139
38034,135.139
38035,135.139
38036,135.139
38037,135.139
38038,135.139
38039,135.139
38040,135.139
38041,135.139
38042,141.36
38043,141.36
38044,141.36
38045,141.36
38046,141.36
38047,141.36
38048,141.36
38049,141.36
38050,141.36
38051,141.36
38052,141.36
38053,141.36
38054,141.36
38055,141.36
38056,141.36
38057,141.36
38058,141.36
38059,141.36
38060,141.36
38061,141.36
38062,145.815
38063,145.815
38064,145.815
38065,145.815
38066,145.815
38067,145.815
38068,145.815
38069,145.815
38070,145.815
38071,145.815
38072,145.815
38073,145.815
38074,145.815
38075,145.815
38076,145.815
38077,145.815
38078,145.815
38079,145.815
38080,145.815
38081,145.815
38082,138.109
38083,138.109
38084,138.109
38085,138.109
38086,138.109
38087,138.109
38088,138.109
38089,138.109
38090,138.109
38091,138.109
38092,138.109
38093,138.109
38094,138.109
38095,138.109
38096,138.109
38097,138.109
38098,138.109
38099,138.109
38100,138.109
38101,138.109
38102,135.139
38103,135.139
38104,135.139
38105,135.139
38106,135.139
38107,135.139
38108,135.139
38109,135.139
38110,135.139
38111,135.139
38112,135.139
38113,135.139
38114,135.139
38115,135.139
38116,135.139
38117,135.139
38118,135.139
38119,135.139
38120,135.139
38121,135.139
38122,142.972
38123,142.972
38124,142.972
38125,142.972
38126,142.972
38127,142.972
38128,142.972
38129,142.972
38130,142.972
38131,142.972
38132,142.972
38133,142.972
38134,142.972
38135,142.972
38136,142.972
38137,142.972
38138,142.972
38139,142.972
38140,142.972
38141,142.972
38142,142.972
38143,144.183
38144,144.183
38145,144.183
38146,144.183
38147,144.183
38148,144.183
38149,144.183
38150,144.183
38151,144.183
38152,144.183
38153,144.183
38154,144.183
38155,144.183
38156,144.183
38157,144.183
38158,144.183
38159,144.183
38160,144.183
38161,144.183
38162,144.183
38163,131.487
38164,131.487
38165,131.487
38166,131.487
38167,131.487
38168,131.487
38169,131.487
38170,131.487
38171,131.487
38172,131.487
38173,131.487
38174,131.487
38175,131.487
38176,131.487
38177,131.487
38178,131.487
38179,131.487
38180,131.487
38181,131.487
38182,136.484
38183,136.484
38184,136.484
38185,136.484
38186,136.484
38187,136.484
38188,136.484
38189,136.484
38190,136.484
38191,136.484
38192,136.484
38193,136.484
38194,136.484
38195,136.484
38196,136.484
38197,136.484
38198,136.484
38199,136.484
38200,136.484
38201,136.484
38202,145.338
38203,145.338
38204,145.338
38205,145.338
38206,145.338
38207,145.338
38208,145.338
38209,145.338
38210,145.338
38211,145.338
38212,145.338
38213,145.338
38214,145.338
38215,145.338
38216,145.338
38217,145.338
38218,145.338
38219,145.338
38220,145.338
38221,145.338
38222,141.489
38223,141.489
38224,141.489
38225,141.489
38226,141.489
38227,141.489
38228,141.489
38229,141.489
38230,141.489
38231,141.489
38232,141.489
38233,141.489
38234,141.489
38235,141.489
38236,141.489
38237,141.489
38238,141.489
38239,141.489
38240,141.489
38241,141.489
38242,141.489
38243,134.126
38244,134.126
38245,134.126
38246,134.126
38247,134.126
38248,134.126
38249,134.126
38250,134.126
38251,134.126
38252,134.126
38253,134.126
38254,134.126
38255,134.126
38256,134.126
38257,134.126
38258,134.126
38259,134.126
38260,134.126
38261,134.126
38262,134.126
38263,141.215
38264,141.215
38265,141.215
38266,141.215
38267,141.215
38268,141.215
38269,141.215
38270,141.215
38271,141.215
38272,141.215
38273,141.215
38274,141.215
38275,141.215
38276,141.215
38277,141.215
38278,141.215
38279,141.215
38280,141.215
38281,141.215
38282,141.215
38283,145.939
38284,145.939
38285,145.939
38286,145.939
38287,145.939
38288,145.939
38289,145.939
38290,145.939
38291,145.939
38292,145.939
38293,145.939
38294,145.939
38295,145.939
38296,145.939
38297,145.939
38298,145.939
38299,145.939
38300,145.939
38301,145.939
38302,145.939
38303,130.003
38304,130.003
38305,130.003
38306,130.003
38307,130.003
38308,130.003
38309,130.003
38310,130.003
38311,130.003
38312,130.003
38313,130.003
38314,130.003
38315,130.003
38316,130.003
38317,130.003
38318,130.003
38319,130.003
38320,130.003
38321,130.003
38322,130.003
38323,139.459
38324,139.459
38325,139.459
38326,139.459
38327,139.459
38328,139.459
38329,139.459
38330,139.459
38331,139.459
38332,139.459
38333,139.459
38334,139.459
38335,139.459
38336,139.459
38337,139.459
38338,139.459
38339,139.459
38340,139.459
38341,139.459
38342,139.459
38343,139.459
38344,145.338
38345,145.338
38346,145.338
38347,145.338
38348,145.338
38349,145.338
38350,145.338
38351,145.338
38352,145.338
38353,145.338
38354,145.338
38355,145.338
38356,145.338
38357,145.338
38358,145.338
38359,145.338
38360,145.338
38361,145.338
38362,145.338
38363,140.606
38364,140.606
38365,140.606
38366,140.606
38367,140.606
38368,140.606
38369,140.606
38370,140.606
38371,140.606
38372,140.606
38373,140.606
38374,140.606
38375,140.606
38376,140.606
38377,140.606
38378,140.606
38379,140.606
38380,140.606
38381,140.606
38382,140.606
38383,133.244
38384,133.244
38385,133.244
38386,133.244
38387,133.244
38388,133.244
38389,133.244
38390,133.244
38391,133.244
38392,133.244
38393,133.244
38394,133.244
38395,133.244
38396,133.244
38397,133.244
38398,133.244
38399,133.244
38400,133.244
38401,133.244
38402,133.244
38403,140.333
38404,140.333
38405,140.333
38406,140.333
38407,140.333
38408,140.333
38409,140.333
38410,140.333
38411,140.333
38412,140.333
38413,140.333
38414,140.333
38415,140.333
38416,140.333
38417,140.333
38418,140.333
38419,140.333
38420,140.333
38421,140.333
38422,140.333
38423,145.939
38424,145.939
38425,145.939
38426,145.939
38427,145.939
38428,145.939
38429,145.939
38430,145.939
38431,145.939
38432,145.939
38433,145.939
38434,145.939
38435,145.939
38436,145.939
38437,145.939
38438,145.939
38439,145.939
38440,145.939
38441,145.939
38442,145.939
38443,145.939
38444,138.434
38445,138.434
38446,138.434
38447,138.434
38448,138.434
38449,138.434
38450,138.434
38451,138.434
38452,138.434
38453,138.434
38454,138.434
38455,138.434
38456,138.434
38457,138.434
38458,138.434
38459,138.434
38460,138.434
38461,138.434
38462,138.434
38463,138.434
38464,131.487
38465,131.487
38466,131.487
38467,131.487
38468,131.487
38469,131.487
38470,131.487
38471,131.487
38472,131.487
38473,131.487
38474,131.487
38475,131.487
38476,131.487
38477,131.487
38478,131.487
38479,131.487
38480,131.487
38481,131.487
38482,131.487
38483,131.487
38484,140.333
38485,140.333
38486,140.333
38487,140.333
38488,140.333
38489,140.333
38490,140.333
38491,140.333
38492,140.333
38493,140.333
38494,140.333
38495,140.333
38496,140.333
38497,140.333
38498,140.333
38499,140.333
38500,140.333
38501,140.333
38502,140.333
38503,140.333
38504,140.606
38505,140.606
38506,140.606
38507,140.606
38508,140.606
38509,140.606
38510,140.606
38511,140.606
38512,140.606
38513,140.606
38514,140.606
38515,140.606
38516,140.606
38517,140.606
38518,140.606
38519,140.606
38520,140.606
38521,140.606
38522,140.606
38523,140.606
38524,137.093
38525,137.093
38526,137.093
38527,137.093
38528,137.093
38529,137.093
38530,137.093
38531,137.093
38532,137.093
38533,137.093
38534,137.093
38535,137.093
38536,137.093
38537,137.093
38538,137.093
38539,137.093
38540,137.093
38541,137.093
38542,137.093
38543,137.093
38544,137.093
38545,145.338
38546,145.338
38547,145.338
38548,145.338
38549,145.338
38550,145.338
38551,145.338
38552,145.338
38553,145.338
38554,145.338
38555,145.338
38556,145.338
38557,145.338
38558,145.338
38559,145.338
38560,145.338
38561,145.338
38562,145.338
38563,145.338
38564,133.845
38565,133.845
38566,133.845
38567,133.845
38568,133.845
38569,133.845
38570,133.845
38571,133.845
38572,133.845
38573,133.845
38574,133.845
38575,133.845
38576,133.845
38577,133.845
38578,133.845
38579,133.845
38580,133.845
38581,133.845
38582,133.845
38583,133.845
38584,144.183
38585,144.183
38586,144.183
38587,144.183
38588,144.183
38589,144.183
38590,144.183
38591,144.183
38592,144.183
38593,144.183
38594,144.183
38595,144.183
38596,144.183
38597,144.183
38598,144.183
38599,144.183
38600,144.183
38601,144.183
38602,144.183
38603,144.183
38604,140.333
38605,140.333
38606,140.333
38607,140.333
38608,140.333
38609,140.333
38610,140.333
38611,140.333
38612,140.333
38613,140.333
38614,140.333
38615,140.333
38616,140.333
38617,140.333
38618,140.333
38619,140.333
38620,140.333
38621,140.333
38622,140.333
38623,140.333
38624,136.765
38625,136.765
38626,136.765
38627,136.765
38628,136.765
38629,136.765
38630,136.765
38631,136.765
38632,136.765
38633,136.765
38634,136.765
38635,136.765
38636,136.765
38637,136.765
38638,136.765
38639,136.765
38640,136.765
38641,136.765
38642,136.765
38643,136.765
38644,136.765
38645,146.944
38646,146.944
38647,146.944
38648,146.944
38649,146.944
38650,146.944
38651,146.944
38652,146.944
38653,146.944
38654,146.944
38655,146.944
38656,146.944
38657,146.944
38658,146.944
38659,146.944
38660,146.944
38661,146.944
38662,146.944
38663,146.944
38664,133.517
38665,133.517
38666,133.517
38667,133.517
38668,133.517
38669,133.517
38670,133.517
38671,133.517
38672,133.517
38673,133.517
38674,133.517
38675,133.517
38676,133.517
38677,133.517
38678,133.517
38679,133.517
38680,133.517
38681,133.517
38682,133.517
38683,133.517
38684,133.517
38685,140.462
38686,140.462
38687,140.462
38688,140.462
38689,140.462
38690,140.462
38691,140.462
38692,140.462
38693,140.462
38694,140.462
38695,140.462
38696,140.462
38697,140.462
38698,140.462
38699,140.462
38700,140.462
38701,140.462
38702,140.462
38703,140.462
38704,140.462
38705,143.3
38706,143.3
38707,143.3
38708,143.3
38709,143.3
38710,143.3
38711,143.3
38712,143.3
38713,143.3
38714,143.3
38715,143.3
38716,143.3
38717,143.3
38718,143.3
38719,143.3
38720,143.3
38721,143.3
38722,143.3
38723,143.3
38724,143.3
38725,137.498
38726,137.498
38727,137.498
38728,137.498
38729,137.498
38730,137.498
38731,137.498
38732,137.498
38733,137.498
38734,137.498
38735,137.498
38736,137.498
38737,137.498
38738,137.498
38739,137.498
38740,137.498
38741,137.498
38742,137.498
38743,137.498
38744,137.498
38745,137.498
38746,146.398
38747,146.398
38748,146.398
38749,146.398
38750,146.398
38751,146.398
38752,146.398
38753,146.398
38754,146.398
38755,146.398
38756,146.398
38757,146.398
38758,146.398
38759,146.398
38760,146.398
38761,146.398
38762,146.398
38763,146.398
38764,146.398
38765,131.625
38766,131.625
38767,131.625
38768,131.625
38769,131.625
38770,131.625
38771,131.625
38772,131.625
38773,131.625
38774,131.625
38775,131.625
38776,131.625
38777,131.625
38778,131.625
38779,131.625
38780,131.625
38781,131.625
38782,131.625
38783,131.625
38784,131.625
38785,141.952
38786,141.952
38787,141.952
38788,141.952
38789,141.952
38790,141.952
38791,141.952
38792,141.952
38793,141.952
38794,141.952
38795,141.952
38796,141.952
38797,141.952
38798,141.952
38799,141.952
38800,141.952
38801,141.952
38802,141.952
38803,141.952
38804,141.952
38805,132.779
38806,132.779
38807,132.779
38808,132.779
38809,132.779
38810,132.779
38811,132.779
38812,132.779
38813,132.779
38814,132.779
38815,132.779
38816,132.779
38817,132.779
38818,132.779
38819,132.779
38820,132.779
38821,132.779
38822,132.779
38823,132.779
38824,132.779
38825,142.826
38826,142.826
38827,142.826
38828,142.826
38829,142.826
38830,142.826
38831,142.826
38832,142.826
38833,142.826
38834,142.826
38835,142.826
38836,142.826
38837,142.826
38838,142.826
38839,142.826
38840,142.826
38841,142.826
38842,142.826
38843,142.826
38844,142.826
38845,142.826
38846,140.942
38847,140.942
38848,140.942
38849,140.942
38850,140.942
38851,140.942
38852,140.942
38853,140.942
38854,140.942
38855,140.942
38856,140.942
38857,140.942
38858,140.942
38859,140.942
38860,140.942
38861,140.942
38862,140.942
38863,140.942
38864,140.942
38865,139.459
38866,139.459
38867,139.459
38868,139.459
38869,139.459
38870,139.459
38871,139.459
38872,139.459
38873,139.459
38874,139.459
38875,139.459
38876,139.459
38877,139.459
38878,139.459
38879,139.459
38880,139.459
38881,139.459
38882,139.459
38883,139.459
38884,139.459
38885,143.855
38886,143.855
38887,143.855
38888,143.855
38889,143.855
38890,143.855
38891,143.855
38892,143.855
38893,143.855
38894,143.855
38895,143.855
38896,143.855
38897,143.855
38898,143.855
38899,143.855
38900,143.855
38901,143.855
38902,143.855
38903,143.855
38904,143.855
38905,143.855
38906,135.47
38907,135.47
38908,135.47
38909,135.47
38910,135.47
38911,135.47
38912,135.47
38913,135.47
38914,135.47
38915,135.47
38916,135.47
38917,135.47
38918,135.47
38919,135.47
38920,135.47
38921,135.47
38922,135.47
38923,135.47
38924,135.47
38925,135.47
38926,145.189
38927,145.189
38928,145.189
38929,145.189
38930,145.189
38931,145.189
38932,145.189
38933,145.189
38934,145.189
38935,145.189
38936,145.189
38937,145.189
38938,145.189
38939,145.189
38940,145.189
38941,145.189
38942,145.189
38943,145.189
38944,145.189
38945,145.189
38946,145.189
38947,133.988
38948,133.988
38949,133.988
38950,133.988
38951,133.988
38952,133.988
38953,133.988
38954,133.988
38955,133.988
38956,133.988
38957,133.988
38958,133.988
38959,133.988
38960,133.988
38961,133.988
38962,133.988
38963,133.988
38964,133.988
38965,133.988
38966,144.308
38967,144.308
38968,144.308
38969,144.308
38970,144.308
38971,144.308
38972,144.308
38973,144.308
38974,144.308
38975,144.308
38976,144.308
38977,144.308
38978,144.308
38979,144.308
38980,144.308
38981,144.308
38982,144.308
38983,144.308
38984,144.308
38985,144.308
38986,132.506
38987,132.506
38988,132.506
38989,132.506
38990,132.506
38991,132.506
38992,132.506
38993,132.506
38994,132.506
38995,132.506
38996,132.506
38997,132.506
38998,132.506
38999,132.506
39000,132.506
39001,132.506
39002,132.506
39003,132.506
39004,132.506
39005,132.506
39006,142.553
39007,142.553
39008,142.553
39009,142.553
39010,142.553
39011,142.553
39012,142.553
39013,142.553
39014,142.553
39015,142.553
39016,142.553
39017,142.553
39018,142.553
39019,142.553
39020,142.553
39021,142.553
39022,142.553
39023,142.553
39024,142.553
39025,142.553
39026,138.98
39027,138.98
39028,138.98
39029,138.98
39030,138.98
39031,138.98
39032,138.98
39033,138.98
39034,138.98
39035,138.98
39036,138.98
39037,138.98
39038,138.98
39039,138.98
39040,138.98
39041,138.98
39042,138.98
39043,138.98
39044,138.98
39045,138.98
39046,138.98
39047,140.005
39048,140.005
39049,140.005
39050,140.005
39051,140.005
39052,140.005
39053,140.005
39054,140.005
39055,140.005
39056,140.005
39057,140.005
39058,140.005
39059,140.005
39060,140.005
39061,140.005
39062,140.005
39063,140.005
39064,140.005
39065,140.005
39066,144.581
39067,144.581
39068,144.581
39069,144.581
39070,144.581
39071,144.581
39072,144.581
39073,144.581
39074,144.581
39075,144.581
39076,144.581
39077,144.581
39078,144.581
39079,144.581
39080,144.581
39081,144.581
39082,144.581
39083,144.581
39084,144.581
39085,144.581
39086,144.581
39087,139.589
39088,139.589
39089,139.589
39090,139.589
39091,139.589
39092,139.589
39093,139.589
39094,139.589
39095,139.589
39096,139.589
39097,139.589
39098,139.589
39099,139.589
39100,139.589
39101,139.589
39102,139.589
39103,139.589
39104,139.589
39105,139.589
39106,139.589
39107,148.426
39108,148.426
39109,148.426
39110,148.426
39111,148.426
39112,148.426
39113,148.426
39114,148.426
39115,148.426
39116,148.426
39117,148.426
39118,148.426
39119,148.426
39120,148.426
39121,148.426
39122,148.426
39123,148.426
39124,148.426
39125,148.426
39126,148.426
39127,138.576
39128,138.576
39129,138.576
39130,138.576
39131,138.576
39132,138.576
39133,138.576
39134,138.576
39135,138.576
39136,138.576
39137,138.576
39138,138.576
39139,138.576
39140,138.576
39141,138.576
39142,138.576
39143,138.576
39144,138.576
39145,138.576
39146,138.576
39147,148.426
39148,148.426
39149,148.426
39150,148.426
39151,148.426
39152,148.426
39153,148.426
39154,148.426
39155,148.426
39156,148.426
39157,148.426
39158,148.426
39159,148.426
39160,148.426
39161,148.426
39162,148.426
39163,148.426
39164,148.426
39165,148.426
39166,148.426
39167,133.107
39168,133.107
39169,133.107
39170,133.107
39171,133.107
39172,133.107
39173,133.107
39174,133.107
39175,133.107
39176,133.107
39177,133.107
39178,133.107
39179,133.107
39180,133.107
39181,133.107
39182,133.107
39183,133.107
39184,133.107
39185,133.107
39186,133.107
39187,141.952
39188,141.952
39189,141.952
39190,141.952
39191,141.952
39192,141.952
39193,141.952
39194,141.952
39195,141.952
39196,141.952
39197,141.952
39198,141.952
39199,141.952
39200,141.952
39201,141.952
39202,141.952
39203,141.952
39204,141.952
39205,141.952
39206,141.952
39207,140.462
39208,140.462
39209,140.462
39210,140.462
39211,140.462
39212,140.462
39213,140.462
39214,140.462
39215,140.462
39216,140.462
39217,140.462
39218,140.462
39219,140.462
39220,140.462
39221,140.462
39222,140.462
39223,140.462
39224,140.462
39225,140.462
39226,140.462
39227,139.862
39228,139.862
39229,139.862
39230,139.862
39231,139.862
39232,139.862
39233,139.862
39234,139.862
39235,139.862
39236,139.862
39237,139.862
39238,139.862
39239,139.862
39240,139.862
39241,139.862
39242,139.862
39243,139.862
39244,139.862
39245,139.862
39246,139.862
39247,139.862
39248,143.434
39249,143.434
39250,143.434
39251,143.434
39252,143.434
39253,143.434
39254,143.434
39255,143.434
39256,143.434
39257,143.434
39258,143.434
39259,143.434
39260,143.434
39261,143.434
39262,143.434
39263,143.434
39264,143.434
39265,143.434
39266,143.434
39267,135.743
39268,135.743
39269,135.743
39270,135.743
39271,135.743
39272,135.743
39273,135.743
39274,135.743
39275,135.743
39276,135.743
39277,135.743
39278,135.743
39279,135.743
39280,135.743
39281,135.743
39282,135.743
39283,135.743
39284,135.743
39285,135.743
39286,135.743
39287,135.743
39288,146.398
39289,146.398
39290,146.398
39291,146.398
39292,146.398
39293,146.398
39294,146.398
39295,146.398
39296,146.398
39297,146.398
39298,146.398
39299,146.398
39300,146.398
39301,146.398
39302,146.398
39303,146.398
39304,146.398
39305,146.398
39306,146.398
39307,146.398
39308,131.625
39309,131.625
39310,131.625
39311,131.625
39312,131.625
39313,131.625
39314,131.625
39315,131.625
39316,131.625
39317,131.625
39318,131.625
39319,131.625
39320,131.625
39321,131.625
39322,131.625
39323,131.625
39324,131.625
39325,131.625
39326,131.625
39327,131.625
39328,141.344
39329,141.344
39330,141.344
39331,141.344
39332,141.344
39333,141.344
39334,141.344
39335,141.344
39336,141.344
39337,141.344
39338,141.344
39339,141.344
39340,141.344
39341,141.344
39342,141.344
39343,141.344
39344,141.344
39345,141.344
39346,141.344
39347,141.344
39348,141.344
39349,139.589
39350,139.589
39351,139.589
39352,139.589
39353,139.589
39354,139.589
39355,139.589
39356,139.589
39357,139.589
39358,139.589
39359,139.589
39360,139.589
39361,139.589
39362,139.589
39363,139.589
39364,139.589
39365,139.589
39366,139.589
39367,139.589
39368,138.707
39369,138.707
39370,138.707
39371,138.707
39372,138.707
39373,138.707
39374,138.707
39375,138.707
39376,138.707
39377,138.707
39378,138.707
39379,138.707
39380,138.707
39381,138.707
39382,138.707
39383,138.707
39384,138.707
39385,138.707
39386,138.707
39387,138.707
39388,145.79
39389,145.79
39390,145.79
39391,145.79
39392,145.79
39393,145.79
39394,145.79
39395,145.79
39396,145.79
39397,145.79
39398,145.79
39399,145.79
39400,145.79
39401,145.79
39402,145.79
39403,145.79
39404,145.79
39405,145.79
39406,145.79
39407,145.79
39408,134.261
39409,134.261
39410,134.261
39411,134.261
39412,134.261
39413,134.261
39414,134.261
39415,134.261
39416,134.261
39417,134.261
39418,134.261
39419,134.261
39420,134.261
39421,134.261
39422,134.261
39423,134.261
39424,134.261
39425,134.261
39426,134.261
39427,134.261
39428,143.707
39429,143.707
39430,143.707
39431,143.707
39432,143.707
39433,143.707
39434,143.707
39435,143.707
39436,143.707
39437,143.707
39438,143.707
39439,143.707
39440,143.707
39441,143.707
39442,143.707
39443,143.707
39444,143.707
39445,143.707
39446,143.707
39447,143.707
39448,143.707
39449,131.352
39450,131.352
39451,131.352
39452,131.352
39453,131.352
39454,131.352
39455,131.352
39456,131.352
39457,131.352
39458,131.352
39459,131.352
39460,131.352
39461,131.352
39462,131.352
39463,131.352
39464,131.352
39465,131.352
39466,131.352
39467,131.352
39468,139.862
39469,139.862
39470,139.862
39471,139.862
39472,139.862
39473,139.862
39474,139.862
39475,139.862
39476,139.862
39477,139.862
39478,139.862
39479,139.862
39480,139.862
39481,139.862
39482,139.862
39483,139.862
39484,139.862
39485,139.862
39486,139.862
39487,139.862
39488,141.952
39489,141.952
39490,141.952
39491,141.952
39492,141.952
39493,141.952
39494,141.952
39495,141.952
39496,141.952
39497,141.952
39498,141.952
39499,141.952
39500,141.952
39501,141.952
39502,141.952
39503,141.952
39504,141.952
39505,141.952
39506,141.952
39507,141.952
39508,141.952
39509,136.952
39510,136.952
39511,136.952
39512,136.952
39513,136.952
39514,136.952
39515,136.952
39516,136.952
39517,136.952
39518,136.952
39519,136.952
39520,136.952
39521,136.952
39522,136.952
39523,136.952
39524,136.952
39525,136.952
39526,136.952
39527,136.952
39528,136.952
39529,146.671
39530,146.671
39531,146.671
39532,146.671
39533,146.671
39534,146.671
39535,146.671
39536,146.671
39537,146.671
39538,146.671
39539,146.671
39540,146.671
39541,146.671
39542,146.671
39543,146.671
39544,146.671
39545,146.671
39546,146.671
39547,146.671
39548,146.671
39549,133.988
39550,133.988
39551,133.988
39552,133.988
39553,133.988
39554,133.988
39555,133.988
39556,133.988
39557,133.988
39558,133.988
39559,133.988
39560,133.988
39561,133.988
39562,133.988
39563,133.988
39564,133.988
39565,133.988
39566,133.988
39567,133.988
39568,133.988
39569,141.671
39570,141.671
39571,141.671
39572,141.671
39573,141.671
39574,141.671
39575,141.671
39576,141.671
39577,141.671
39578,141.671
39579,141.671
39580,141.671
39581,141.671
39582,141.671
39583,141.671
39584,141.671
39585,141.671
39586,141.671
39587,141.671
39588,141.671
39589,132.226
39590,132.226
39591,132.226
39592,132.226
39593,132.226
39594,132.226
39595,132.226
39596,132.226
39597,132.226
39598,132.226
39599,132.226
39600,132.226
39601,132.226
39602,132.226
39603,132.226
39604,132.226
39605,132.226
39606,132.226
39607,132.226
39608,132.226
39609,139.316
39610,139.316
39611,139.316
39612,139.316
39613,139.316
39614,139.316
39615,139.316
39616,139.316
39617,139.316
39618,139.316
39619,139.316
39620,139.316
39621,139.316
39622,139.316
39623,139.316
39624,139.316
39625,139.316
39626,139.316
39627,139.316
39628,139.316
39629,138.707
39630,138.707
39631,138.707
39632,138.707
39633,138.707
39634,138.707
39635,138.707
39636,138.707
39637,138.707
39638,138.707
39639,138.707
39640,138.707
39641,138.707
39642,138.707
39643,138.707
39644,138.707
39645,138.707
39646,138.707
39647,138.707
39648,138.707
39649,138.707
39650,140.798
39651,140.798
39652,140.798
39653,140.798
39654,140.798
39655,140.798
39656,140.798
39657,140.798
39658,140.798
39659,140.798
39660,140.798
39661,140.798
39662,140.798
39663,140.798
39664,140.798
39665,140.798
39666,140.798
39667,140.798
39668,140.798
39669,141.671
39670,141.671
39671,141.671
39672,141.671
39673,141.671
39674,141.671
39675,141.671
39676,141.671
39677,141.671
39678,141.671
39679,141.671
39680,141.671
39681,141.671
39682,141.671
39683,141.671
39684,141.671
39685,141.671
39686,141.671
39687,141.671
39688,141.671
39689,138.98
39690,138.98
39691,138.98
39692,138.98
39693,138.98
39694,138.98
39695,138.98
39696,138.98
39697,138.98
39698,138.98
39699,138.98
39700,138.98
39701,138.98
39702,138.98
39703,138.98
39704,138.98
39705,138.98
39706,138.98
39707,138.98
39708,138.98
39709,97.687
39710,97.687
39711,97.687
39712,97.687
39713,97.687
39714,97.687
39715,97.687
39716,97.687
39717,97.687
39718,97.687
39719,97.687
39720,97.687
39721,97.687
39722,97.687
39723,97.687
39724,97.687
39725,97.687
39726,97.687
39727,97.687
39728,97.687
39729,97.687
39730,75.832
39731,75.832
39732,75.832
39733,75.832
39734,75.832
39735,75.832
39736,75.832
39737,75.832
39738,75.832
39739,75.832
39740,75.832
39741,75.832
39742,75.832
39743,75.832
39744,75.832
39745,75.832
39746,75.832
39747,75.832
39748,75.832
39749,75.832
39750,71.386
39751,71.386
39752,71.386
39753,71.386
39754,71.386
39755,71.386
39756,71.386
39757,71.386
39758,71.386
39759,71.386
39760,71.386
39761,71.386
39762,71.386
39763,71.386
39764,71.386
39765,71.386
39766,71.386
39767,71.386
39768,71.386
39769,71.386
39770,70.231
39771,70.231
39772,70.231
39773,70.231
39774,70.231
39775,70.231
39776,70.231
39777,70.231
39778,70.231
39779,70.231
39780,70.231
39781,70.231
39782,70.231
39783,70.231
39784,70.231
39785,70.231
39786,70.231
39787,70.231
39788,70.231
39789,70.231
39790,70.504
39791,70.504
39792,70.504
39793,70.504
39794,70.504
39795,70.504
39796,70.504
39797,70.504
39798,70.504
39799,70.504
39800,70.504
39801,70.504
39802,70.504
39803,70.504
39804,70.504
39805,70.504
39806,70.504
39807,70.504
39808,70.504
39809,70.504
39810,70.231
39811,70.231
39812,70.231
39813,70.231
39814,70.231
39815,70.231
39816,70.231
39817,70.231
39818,70.231
39819,70.231
39820,70.231
39821,70.231
39822,70.231
39823,70.231
39824,70.231
39825,70.231
39826,70.231
39827,70.231
39828,70.231
39829,70.231
39830,70.303
39831,70.303
39832,70.303
39833,70.303
39834,70.303
39835,70.303
39836,70.303
39837,70.303
39838,70.303
39839,70.303
39840,70.303
39841,70.303
39842,70.303
39843,70.303
39844,70.303
39845,70.303
39846,70.303
39847,70.303
39848,70.303
39849,70.303
39850,70.303
39851,70.303
39852,70.303
39853,70.303
39854,70.303
39855,70.303
39856,69.904
39857,69.904
39858,69.904
39859,69.904
39860,69.904
39861,69.904
39862,69.904
39863,69.904
39864,69.904
39865,69.904
39866,69.904
39867,69.904
39868,69.904
39869,69.904
39870,69.904
39871,70.303
39872,70.303
39873,70.303
39874,70.303
39875,70.303
39876,70.303
39877,70.303
39878,70.303
39879,70.303
39880,70.303
39881,70.303
39882,70.303
39883,70.303
39884,70.303
39885,70.303
39886,70.303
39887,70.303
39888,70.303
39889,70.303
39890,70.303
39891,70.912
39892,70.912
39893,70.912
39894,70.912
39895,70.912
39896,70.912
39897,70.912
39898,70.912
39899,70.912
39900,70.912
39901,70.912
39902,70.912
39903,70.912
39904,70.912
39905,70.912
39906,70.912
39907,70.912
39908,70.912
39909,70.912
39910,70.912
39911,70.577
39912,70.577
39913,70.577
39914,70.577
39915,70.577
39916,70.577
39917,70.577
39918,70.577
39919,70.577
39920,70.577
39921,70.577
39922,70.577
39923,70.577
39924,70.577
39925,70.577
39926,70.577
39927,70.577
39928,70.577
39929,70.577
39930,70.577
39931,70.231
39932,70.231
39933,70.231
39934,70.231
39935,70.231
39936,70.231
39937,70.231
39938,70.231
39939,70.231
39940,70.231
39941,70.231
39942,70.231
39943,70.231
39944,70.231
39945,70.231
39946,70.231
39947,70.231
39948,70.231
39949,70.231
39950,70.231
39951,70.231
39952,70.231
39953,70.231
39954,70.231
39955,70.231
39956,70.231
39957,70.231
39958,70.231
39959,70.231
39960,70.231
39961,70.231
39962,70.231
39963,70.231
39964,70.231
39965,70.231
39966,70.231
39967,70.231
39968,70.231
39969,70.231
39970,70.231
39971,70.231
39972,70.231
39973,70.231
39974,70.231
39975,70.231
39976,70.231
39977,70.231
39978,70.231
39979,70.231
39980,70.231
39981,70.231
39982,70.231
39983,70.231
39984,70.231
39985,70.231
39986,70.231
39987,70.231
39988,70.231
39989,70.231
39990,70.231
39991,70.84
39992,70.84
39993,70.84
39994,70.84
39995,70.84
39996,70.84
39997,70.84
39998,70.84
39999,70.84
40000,70.84
40001,70.84
40002,70.84
40003,70.84
40004,70.84
40005,70.84
40006,70.84
40007,70.84
40008,70.84
40009,70.84
40010,70.84
40011,70.231
40012,70.231
40013,70.231
40014,70.231
40015,70.231
40016,70.231
40017,70.231
40018,70.231
40019,70.231
40020,70.231
40021,70.231
40022,70.231
40023,70.231
40024,70.231
40025,70.231
40026,70.231
40027,70.231
40028,70.231
40029,70.231
40030,70.231
40031,70.231
40032,70.231
40033,70.231
40034,70.231
40035,70.231
40036,70.231
40037,70.231
40038,70.231
40039,70.231
40040,70.231
40041,70.231
40042,70.231
40043,70.231
40044,70.231
40045,70.231
40046,70.231
40047,70.231
40048,70.231
40049,70.231
40050,70.231
40051,70.231
40052,70.231
40053,70.231
40054,70.231
40055,70.231
40056,70.231
40057,70.231
40058,70.231
40059,70.231
40060,70.231
40061,70.231
40062,70.231
40063,70.231
40064,70.231
40065,70.231
40066,70.231
40067,70.231
40068,70.231
40069,70.231
40070,70.231
40071,70.231
40072,69.631
40073,69.631
40074,69.631
40075,69.631
40076,69.631
40077,69.631
40078,69.631
40079,69.631
40080,69.631
40081,69.631
40082,69.631
40083,69.631
40084,69.631
40085,69.631
40086,69.631
40087,69.631
40088,69.631
40089,69.631
40090,69.631
40091,69.631
40092,69.904
40093,69.904
40094,69.904
40095,69.904
40096,69.904
40097,69.904
40098,69.904
40099,69.904
40100,69.904
40101,69.904
40102,69.904
40103,69.904
40104,69.904
40105,69.904
40106,69.904
40107,69.904
40108,69.904
40109,69.904
40110,69.904
40111,69.904
40112,69.904
40113,69.904
40114,69.904
40115,69.904
40116,69.904
40117,69.904
40118,69.904
40119,69.904
40120,69.904
40121,69.904
40122,69.904
40123,69.904
40124,69.904
40125,69.904
40126,69.904
40127,69.904
40128,69.904
40129,69.904
40130,69.904
40131,69.904
40132,69.631
40133,69.631
40134,69.631
40135,69.631
40136,69.631
40137,69.631
40138,69.631
40139,69.631
40140,69.631
40141,69.631
40142,69.631
40143,69.631
40144,69.631
40145,69.631
40146,69.631
40147,69.631
40148,69.631
40149,69.631
40150,69.631
40151,69.631
40152,69.631
40153,69.631
40154,69.631
40155,69.631
40156,69.631
40157,69.631
40158,69.631
40159,69.631
40160,69.631
40161,69.631
40162,69.631
40163,69.631
40164,69.631
40165,69.631
40166,69.631
40167,69.631
40168,69.631
40169,69.631
40170,69.631
40171,69.631
40172,69.631
40173,69.904
40174,69.904
40175,69.904
40176,69.904
40177,69.904
40178,69.904
40179,69.904
40180,69.904
40181,69.904
40182,69.904
40183,69.904
40184,69.904
40185,69.904
40186,69.904
40187,69.904
40188,69.904
40189,69.904
40190,69.904
40191,69.904
40192,69.904
40193,70.504
40194,70.504
40195,70.504
40196,70.504
40197,70.504
40198,70.504
40199,70.504
40200,70.504
40201,70.504
40202,70.504
40203,70.504
40204,70.504
40205,70.504
40206,70.504
40207,70.504
40208,70.504
40209,70.504
40210,70.504
40211,70.504
40212,70.504
40213,70.231
40214,70.231
40215,70.231
40216,70.231
40217,70.231
40218,70.231
40219,70.231
40220,70.231
40221,70.231
40222,70.231
40223,70.231
40224,70.231
40225,70.231
40226,70.231
40227,70.231
40228,70.231
40229,70.231
40230,70.231
40231,70.231
40232,70.231
40233,76.105
40234,76.105
40235,76.105
40236,76.105
40237,76.105
40238,76.105
40239,76.105
40240,76.105
40241,76.105
40242,76.105
40243,76.105
40244,76.105
40245,76.105
40246,76.105
40247,76.105
40248,76.105
40249,76.105
40250,76.105
40251,76.105
40252,76.105
40253,73.476
40254,73.476
40255,73.476
40256,73.476
40257,73.476
40258,73.476
40259,73.476
40260,73.476
40261,73.476
40262,73.476
40263,73.476
40264,73.476
40265,73.476
40266,73.476
40267,73.476
40268,73.476
40269,73.476
40270,73.476
40271,73.476
40272,73.476
40273,70.84
40274,70.84
40275,70.84
40276,70.84
40277,70.84
40278,70.84
40279,70.84
40280,70.84
40281,70.84
40282,70.84
40283,70.84
40284,70.84
40285,70.84
40286,70.84
40287,70.84
40288,70.84
40289,70.84
40290,70.84
40291,70.84
40292,70.84
40293,70.84
40294,70.84
40295,70.84
40296,70.84
40297,70.84
40298,70.84
40299,70.84
40300,70.84
40301,70.84
40302,70.84
40303,70.84
40304,70.84
40305,70.84
40306,70.84
40307,70.84
40308,70.84
40309,70.84
40310,70.84
40311,70.84
40312,70.84
40313,70.231
40314,70.231
40315,70.231
40316,70.231
40317,70.231
40318,70.231
40319,70.231
40320,70.231
40321,70.231
40322,70.231
40323,70.231
40324,70.231
40325,70.231
40326,70.231
40327,70.231
40328,70.231
40329,70.231
40330,70.231
40331,70.231
40332,70.231
40333,69.904
40334,69.904
40335,69.904
40336,69.904
40337,69.904
40338,69.904
40339,69.904
40340,69.904
40341,69.904
40342,69.904
40343,69.904
40344,69.904
40345,69.904
40346,69.904
40347,69.904
40348,69.904
40349,69.904
40350,69.904
40351,69.904
40352,69.904
40353,69.904
40354,69.904
40355,69.904
40356,69.904
40357,69.904
40358,69.904
40359,69.904
40360,69.904
40361,69.904
40362,69.904
40363,69.904
40364,69.904
40365,69.904
40366,69.904
40367,69.904
40368,69.904
40369,69.904
40370,69.904
40371,69.904
40372,69.904
40373,69.904
40374,69.631
40375,69.631
40376,69.631
40377,69.631
40378,69.631
40379,69.631
40380,69.631
40381,69.631
40382,69.631
40383,69.631
40384,69.631
40385,69.631
40386,69.631
40387,69.631
40388,69.631
40389,69.631
40390,69.631
40391,69.631
40392,69.631
40393,69.631
40394,69.904
40395,69.904
40396,69.904
40397,69.904
40398,69.904
40399,69.904
40400,69.904
40401,69.904
40402,69.904
40403,69.904
40404,69.904
40405,69.904
40406,69.904
40407,69.904
40408,69.904
40409,69.904
40410,69.904
40411,69.904
40412,69.904
40413,69.904
40414,69.358
40415,69.358
40416,69.358
40417,69.358
40418,69.358
40419,69.358
40420,69.358
40421,69.358
40422,69.358
40423,69.358
40424,69.358
40425,69.358
40426,69.358
40427,69.358
40428,69.358
40429,69.358
40430,69.358
40431,69.358
40432,69.358
40433,69.358
40434,69.631
40435,69.631
40436,69.631
40437,69.631
40438,69.631
40439,69.631
40440,69.631
40441,69.631
40442,69.631
40443,69.631
40444,69.631
40445,69.631
40446,69.631
40447,69.631
40448,69.631
40449,69.631
40450,69.631
40451,69.631
40452,69.631
40453,69.631
40454,69.358
40455,69.358
40456,69.358
40457,69.358
40458,69.358
40459,69.358
40460,69.358
40461,69.358
40462,69.358
40463,69.358
40464,69.358
40465,69.358
40466,69.358
40467,69.358
40468,69.358
40469,69.358
40470,69.358
40471,69.358
40472,69.358
40473,69.358
40474,69.429
40475,69.429
40476,69.429
40477,69.429
40478,69.429
40479,69.429
40480,69.429
40481,69.429
40482,69.429
40483,69.429
40484,69.429
40485,69.429
40486,69.429
40487,69.429
40488,69.429
40489,69.429
40490,69.429
40491,69.429
40492,69.429
40493,69.429
40494,69.702
40495,69.702
40496,69.702
40497,69.702
40498,69.702
40499,69.702
40500,69.702
40501,69.702
40502,69.702
40503,69.702
40504,69.702
40505,69.702
40506,69.702
40507,69.702
40508,69.702
40509,69.702
40510,69.702
40511,69.702
40512,69.702
40513,69.702
40514,69.429
40515,69.429
40516,69.429
40517,69.429
40518,69.429
40519,69.429
40520,69.429
40521,69.429
40522,69.429
40523,69.429
40524,69.429
40525,69.429
40526,69.429
40527,69.429
40528,69.429
40529,69.429
40530,69.429
40531,69.429
40532,69.429
40533,69.429
40534,69.429
40535,69.429
40536,69.429
40537,69.429
40538,69.429
40539,69.429
40540,69.429
40541,69.429
40542,69.429
40543,69.429
40544,69.429
40545,69.429
40546,69.429
40547,69.429
40548,69.429
40549,69.429
40550,69.429
40551,69.429
40552,69.429
40553,69.429
40554,69.429
40555,69.429
40556,69.429
40557,69.429
40558,69.429
40559,69.429
40560,69.429
40561,69.429
40562,69.429
40563,69.429
40564,69.429
40565,69.429
40566,69.429
40567,69.429
40568,69.429
40569,69.429
40570,69.429
40571,69.429
40572,69.429
40573,69.429
40574,69.429
40575,69.631
40576,69.631
40577,69.631
40578,69.631
40579,69.631
40580,69.631
40581,69.631
40582,69.631
40583,69.631
40584,69.631
40585,69.631
40586,69.631
40587,69.631
40588,69.631
40589,69.631
40590,69.631
40591,69.631
40592,69.631
40593,69.631
40594,69.631
40595,70.231
40596,70.231
40597,70.231
40598,70.231
40599,70.231
40600,70.231
40601,70.231
40602,70.231
40603,70.231
40604,70.231
40605,70.231
40606,70.231
40607,70.231
40608,70.231
40609,70.231
40610,70.231
40611,70.231
40612,70.231
40613,70.231
40614,70.231
40615,72.942
40616,72.942
40617,72.942
40618,72.942
40619,72.942
40620,72.942
40621,72.942
40622,72.942
40623,72.942
40624,72.942
40625,72.942
40626,72.942
40627,72.942
40628,72.942
40629,72.942
40630,72.942
40631,72.942
40632,72.942
40633,72.942
40634,72.942
40635,72.942
40636,72.942
40637,72.942
40638,72.942
40639,72.942
40640,72.942
40641,72.942
40642,72.942
40643,72.942
40644,72.942
40645,72.942
40646,72.942
40647,72.942
40648,72.942
40649,72.942
40650,72.942
40651,72.942
40652,72.942
40653,72.942
40654,72.942
40655,70.577
40656,70.577
40657,70.577
40658,70.577
40659,70.577
40660,70.577
40661,70.577
40662,70.577
40663,70.577
40664,70.577
40665,70.577
40666,70.577
40667,70.577
40668,70.577
40669,70.577
40670,70.577
40671,70.577
40672,70.577
40673,70.577
40674,70.577
40675,70.577
40676,70.577
40677,70.577
40678,70.577
40679,70.577
40680,70.577
40681,70.577
40682,70.577
40683,70.577
40684,70.577
40685,70.577
40686,70.577
40687,70.577
40688,70.577
40689,70.577
40690,70.577
40691,70.577
40692,70.577
40693,70.577
40694,70.577
40695,74.426
40696,74.426
40697,74.426
40698,74.426
40699,74.426
40700,74.426
40701,74.426
40702,74.426
40703,74.426
40704,74.426
40705,74.426
40706,74.426
40707,74.426
40708,74.426
40709,74.426
40710,74.426
40711,74.426
40712,74.426
40713,74.426
40714,74.426
40715,70.912
40716,70.912
40717,70.912
40718,70.912
40719,70.912
40720,70.912
40721,70.912
40722,70.912
40723,70.912
40724,70.912
40725,70.912
40726,70.912
40727,70.912
40728,70.912
40729,70.912
40730,70.912
40731,70.912
40732,70.912
40733,70.912
40734,70.912
40735,69.975
40736,69.975
40737,69.975
40738,69.975
40739,69.975
40740,69.975
40741,69.975
40742,69.975
40743,69.975
40744,69.975
40745,69.975
40746,69.975
40747,69.975
40748,69.975
40749,69.975
40750,69.975
40751,69.975
40752,69.975
40753,69.975
40754,69.975
40755,69.975
40756,69.975
40757,69.975
40758,69.975
40759,69.975
40760,69.975
40761,69.975
40762,69.975
40763,69.975
40764,69.975
40765,69.975
40766,69.975
40767,69.975
40768,69.975
40769,69.975
40770,69.975
40771,69.975
40772,69.975
40773,69.975
40774,69.975
40775,69.975
40776,69.429
40777,69.429
40778,69.429
40779,69.429
40780,69.429
40781,69.429
40782,69.429
40783,69.429
40784,69.429
40785,69.429
40786,69.429
40787,69.429
40788,69.429
40789,69.429
40790,69.429
40791,69.429
40792,69.429
40793,69.429
40794,69.429
40795,69.429
40796,69.975
40797,69.975
40798,69.975
40799,69.975
40800,69.975
40801,69.975
40802,69.975
40803,69.975
40804,69.975
40805,69.975
40806,69.975
40807,69.975
40808,69.975
40809,69.975
40810,69.975
40811,69.975
40812,69.975
40813,69.975
40814,69.975
40815,69.975
40816,69.429
40817,69.429
40818,69.429
40819,69.429
40820,69.429
40821,69.429
40822,69.429
40823,69.429
40824,69.429
40825,69.429
40826,69.429
40827,69.429
40828,69.429
40829,69.429
40830,69.429
40831,69.429
40832,69.429
40833,69.429
40834,69.429
40835,69.429
40836,69.429
40837,69.429
40838,69.429
40839,69.429
40840,69.429
40841,69.429
40842,69.429
40843,69.429
40844,69.429
40845,69.429
40846,69.429
40847,69.429
40848,69.429
40849,69.429
40850,69.429
40851,69.429
40852,69.429
40853,69.429
40854,69.429
40855,69.429
40856,69.093
40857,69.093
40858,69.093
40859,69.093
40860,69.093
40861,69.093
40862,69.093
40863,69.093
40864,69.093
40865,69.093
40866,69.093
40867,69.093
40868,69.093
40869,69.093
40870,69.093
40871,69.093
40872,69.093
40873,69.093
40874,69.093
40875,69.093
40876,69.429
40877,69.429
40878,69.429
40879,69.429
40880,69.429
40881,69.429
40882,69.429
40883,69.429
40884,69.429
40885,69.429
40886,69.429
40887,69.429
40888,69.429
40889,69.429
40890,69.429
40891,69.429
40892,69.429
40893,69.429
40894,69.429
40895,69.429
40896,69.702
40897,69.702
40898,69.702
40899,69.702
40900,69.702
40901,69.702
40902,69.702
40903,69.702
40904,69.702
40905,69.702
40906,69.702
40907,69.702
40908,69.702
40909,69.702
40910,69.702
40911,69.702
40912,69.702
40913,69.702
40914,69.702
40915,69.702
40916,69.429
40917,69.429
40918,69.429
40919,69.429
40920,69.429
40921,69.429
40922,69.429
40923,69.429
40924,69.429
40925,69.429
40926,69.429
40927,69.429
40928,69.429
40929,69.429
40930,69.429
40931,69.429
40932,69.429
40933,69.429
40934,69.429
40935,69.429
40936,69.093
40937,69.093
40938,69.093
40939,69.093
40940,69.093
40941,69.093
40942,69.093
40943,69.093
40944,69.093
40945,69.093
40946,69.093
40947,69.093
40948,69.093
40949,69.093
40950,69.093
40951,69.093
40952,69.093
40953,69.093
40954,69.093
40955,69.093
40956,69.093
40957,69.093
40958,69.093
40959,69.093
40960,69.093
40961,69.093
40962,69.093
40963,69.093
40964,69.093
40965,69.093
40966,69.093
40967,69.093
40968,69.093
40969,69.093
40970,69.093
40971,69.093
40972,69.093
40973,69.093
40974,69.093
40975,69.093
40976,69.093
40977,69.093
40978,69.093
40979,69.093
40980,69.093
40981,69.093
40982,69.093
40983,69.093
40984,69.093
40985,69.093
40986,69.093
40987,69.093
40988,69.093
40989,69.093
40990,69.093
40991,69.093
40992,69.093
40993,69.702
40994,69.702
40995,69.702
40996,69.702
40997,69.702
40998,69.702
40999,69.702
41000,69.702
41001,69.702
41002,69.702
41003,69.702
41004,70.577
41005,70.577
41006,70.577
41007,70.577
41008,70.577
41009,70.577
41010,70.577
41011,70.577
41012,70.577
41013,70.577
41014,70.577
41015,70.577
41016,70.577
41017,70.577
41018,70.577
41019,70.577
41020,70.577
41021,70.577
41022,70.303
41023,70.303
41024,70.303
41025,70.303
41026,70.303
41027,70.303
41028,70.303
41029,70.303
41030,70.303
41031,70.303
41032,70.303
41033,70.303
41034,70.303
41035,70.303
41036,70.303
41037,70.303
41038,70.303
41039,70.303
41040,70.303
41041,70.303
41042,70.303
41043,70.303
41044,70.303
41045,70.303
41046,70.303
41047,70.303
41048,70.303
41049,70.303
41050,70.303
41051,70.303
41052,70.303
41053,70.303
41054,70.303
41055,70.303
41056,70.303
41057,70.303
41058,70.303
41059,69.702
41060,69.702
41061,69.702
41062,69.702
41063,69.702
41064,69.702
41065,69.702
41066,69.702
41067,69.702
41068,69.702
41069,69.702
41070,69.702
41071,69.702
41072,69.702
41073,69.702
41074,69.702
41075,69.702
41076,69.702
41077,69.702
41078,69.702
41079,69.702
41080,69.702
41081,69.702
41082,69.702
41083,69.702
41084,69.702
41085,69.702
41086,69.702
41087,69.702
41088,69.702
41089,69.702
41090,69.702
41091,69.702
41092,69.702
41093,69.702
41094,69.702
41095,69.702
41096,69.702
41097,69.702
41098,69.702
41099,70.303
41100,70.303
41101,70.303
41102,70.303
41103,70.303
41104,70.303
41105,70.303
41106,70.303
41107,70.303
41108,70.303
41109,70.303
41110,70.303
41111,70.303
41112,70.303
41113,70.303
41114,70.303
41115,70.303
41116,70.303
41117,70.303
41118,70.303
41119,69.975
41120,69.975
41121,69.975
41122,69.975
41123,69.975
41124,69.975
41125,69.975
41126,69.975
41127,69.975
41128,69.975
41129,69.975
41130,69.975
41131,69.975
41132,69.975
41133,69.975
41134,69.975
41135,69.975
41136,69.975
41137,69.975
41138,69.975
41139,69.975
41140,69.975
41141,69.975
41142,69.975
41143,69.975
41144,69.975
41145,69.975
41146,69.975
41147,69.975
41148,69.975
41149,69.975
41150,69.975
41151,69.975
41152,69.975
41153,69.975
41154,69.975
41155,69.975
41156,69.975
41157,69.975
41158,69.975
41159,69.975
41160,69.975
41161,69.975
41162,69.975
41163,69.702
41164,69.702
41165,69.702
41166,69.702
41167,69.702
41168,69.702
41169,69.702
41170,69.702
41171,69.702
41172,69.702
41173,69.702
41174,69.702
41175,69.702
41176,69.702
41177,69.702
41178,69.702
41179,69.702
41180,69.093
41181,69.093
41182,69.093
41183,69.093
41184,69.093
41185,69.093
41186,69.093
41187,69.093
41188,69.093
41189,69.093
41190,69.093
41191,69.093
41192,69.093
41193,69.093
41194,69.093
41195,69.093
41196,69.093
41197,69.093
41198,69.093
41199,69.093
41200,69.975
41201,69.975
41202,69.975
41203,69.975
41204,69.975
41205,69.975
41206,69.975
41207,69.975
41208,69.975
41209,69.975
41210,69.975
41211,69.975
41212,69.975
41213,69.975
41214,69.975
41215,69.975
41216,69.975
41217,69.975
41218,69.975
41219,69.975
41220,69.429
41221,69.429
41222,69.429
41223,69.429
41224,69.429
41225,69.429
41226,69.429
41227,69.429
41228,69.429
41229,69.429
41230,69.429
41231,69.429
41232,69.429
41233,69.429
41234,69.429
41235,69.429
41236,69.429
41237,69.429
41238,69.429
41239,69.429
41240,69.429
41241,69.429
41242,69.429
41243,69.429
41244,69.429
41245,69.429
41246,69.429
41247,69.429
41248,69.429
41249,69.429
41250,69.429
41251,69.429
41252,69.429
41253,69.429
41254,69.429
41255,69.429
41256,69.429
41257,69.429
41258,69.429
41259,69.429
41260,69.429
41261,69.429
41262,69.429
41263,69.429
41264,69.429
41265,69.429
41266,69.429
41267,69.429
41268,69.429
41269,69.429
41270,69.429
41271,69.429
41272,69.429
41273,69.429
41274,69.429
41275,69.429
41276,69.429
41277,69.429
41278,69.429
41279,69.429
41280,69.093
41281,69.093
41282,69.093
41283,69.093
41284,69.093
41285,69.093
41286,69.093
41287,69.093
41288,69.093
41289,69.093
41290,69.093
41291,69.093
41292,69.093
41293,69.093
41294,69.093
41295,69.093
41296,69.093
41297,69.093
41298,69.093
41299,69.093
41300,69.702
41301,69.702
41302,69.702
41303,69.702
41304,69.702
41305,69.702
41306,69.702
41307,69.702
41308,69.702
41309,69.702
41310,69.702
41311,69.702
41312,69.702
41313,69.702
41314,69.702
41315,69.702
41316,69.702
41317,69.702
41318,69.702
41319,69.702
41320,69.093
41321,69.093
41322,69.093
41323,69.093
41324,69.093
41325,69.093
41326,69.093
41327,69.093
41328,69.093
41329,69.093
41330,69.093
41331,69.093
41332,69.093
41333,69.093
41334,69.093
41335,69.093
41336,69.093
41337,69.093
41338,69.093
41339,69.093
41340,69.093
41341,69.093
41342,69.093
41343,69.093
41344,69.093
41345,69.093
41346,69.093
41347,69.093
41348,69.093
41349,69.093
41350,69.093
41351,69.093
41352,69.093
41353,69.093
41354,69.093
41355,69.093
41356,69.093
41357,69.093
41358,69.093
41359,69.093
41360,69.093
41361,69.093
41362,69.093
41363,69.093
41364,69.429
41365,69.429
41366,69.429
41367,69.429
41368,69.429
41369,69.429
41370,69.429
41371,69.429
41372,69.429
41373,69.429
41374,69.429
41375,69.429
41376,69.429
41377,69.429
41378,69.429
41379,69.429
41380,69.429
41381,69.702
41382,69.702
41383,69.702
41384,69.702
41385,69.702
41386,69.702
41387,69.702
41388,69.702
41389,69.702
41390,69.702
41391,69.702
41392,69.702
41393,69.702
41394,69.702
41395,69.702
41396,69.702
41397,69.702
41398,69.702
41399,69.702
41400,69.702
41401,75.636
41402,75.636
41403,75.636
41404,75.636
41405,75.636
41406,75.636
41407,75.636
41408,75.636
41409,75.636
41410,75.636
41411,75.636
41412,75.636
41413,75.636
41414,75.636
41415,75.636
41416,75.636
41417,75.636
41418,75.636
41419,75.636
41420,75.636
41421,73.27
41422,73.27
41423,73.27
41424,73.27
41425,73.27
41426,73.27
41427,73.27
41428,73.27
41429,73.27
41430,73.27
41431,73.27
41432,73.27
41433,73.27
41434,73.27
41435,73.27
41436,73.27
41437,73.27
41438,73.27
41439,73.27
41440,73.27
41441,70.303
41442,70.303
41443,70.303
41444,70.303
41445,70.303
41446,70.303
41447,70.303
41448,70.303
41449,70.303
41450,70.303
41451,70.303
41452,70.303
41453,70.303
41454,70.303
41455,70.303
41456,70.303
41457,70.303
41458,70.303
41459,70.303
41460,70.303
41461,69.702
41462,69.702
41463,69.702
41464,69.702
41465,69.702
41466,69.702
41467,69.702
41468,69.702
41469,69.702
41470,69.702
41471,69.702
41472,69.702
41473,69.702
41474,69.702
41475,69.702
41476,69.702
41477,69.702
41478,69.702
41479,69.702
41480,69.702
41481,69.702
41482,69.702
41483,69.702
41484,69.702
41485,69.702
41486,69.702
41487,69.702
41488,69.702
41489,69.702
41490,69.702
41491,69.702
41492,69.702
41493,69.702
41494,69.702
41495,69.702
41496,69.702
41497,69.702
41498,69.702
41499,69.702
41500,69.702
41501,69.975
41502,69.975
41503,69.975
41504,69.975
41505,69.975
41506,69.975
41507,69.975
41508,69.975
41509,69.975
41510,69.975
41511,69.975
41512,69.975
41513,69.975
41514,69.975
41515,69.975
41516,69.975
41517,69.975
41518,69.975
41519,69.975
41520,69.975
41521,69.702
41522,69.702
41523,69.702
41524,69.702
41525,69.702
41526,69.702
41527,69.702
41528,69.702
41529,69.702
41530,69.702
41531,69.702
41532,69.702
41533,69.702
41534,69.702
41535,69.702
41536,69.702
41537,69.702
41538,69.702
41539,69.702
41540,69.702
41541,69.702
41542,69.773
41543,69.773
41544,69.773
41545,69.773
41546,69.773
41547,69.773
41548,69.773
41549,69.773
41550,69.773
41551,69.773
41552,69.773
41553,69.773
41554,69.773
41555,69.773
41556,69.773
41557,69.773
41558,69.773
41559,69.773
41560,69.773
41561,69.773
41562,69.773
41563,69.773
41564,69.773
41565,69.702
41566,69.702
41567,69.702
41568,69.702
41569,69.702
41570,69.702
41571,69.702
41572,69.702
41573,69.702
41574,69.702
41575,69.702
41576,69.702
41577,69.702
41578,69.702
41579,69.702
41580,69.702
41581,69.702
41582,61.457
41583,61.457
41584,61.457
41585,61.457
41586,61.457
41587,61.457
41588,61.457
41589,61.457
41590,61.457
41591,61.457
41592,61.457
41593,61.457
41594,61.457
41595,61.457
41596,61.457
41597,61.457
41598,61.457
41599,61.457
41600,61.457
41601,61.457
41602,55.298
41603,55.298
41604,55.298
41605,55.298
41606,55.298
41607,55.298
41608,55.298
41609,55.298
41610,55.298
41611,55.298
41612,55.298
41613,55.298
41614,55.298
41615,55.298
41616,55.298
41617,55.298
41618,55.298
41619,55.298
41620,55.298
41621,55.298
41622,53.813
41623,53.813
41624,53.813
41625,53.813
41626,53.813
41627,53.813
41628,53.813
41629,53.813
41630,53.813
41631,53.813
41632,53.813
41633,53.813
41634,53.813
41635,53.813
41636,53.813
41637,53.813
41638,53.813
41639,53.813
41640,53.813
41641,53.813
41642,53.485
41643,53.485
41644,53.485
41645,53.485
41646,53.485
41647,53.485
41648,53.485
41649,53.485
41650,53.485
41651,53.485
41652,53.485
41653,53.485
41654,53.485
41655,53.485
41656,53.485
41657,53.485
41658,53.485
41659,53.485
41660,53.485
41661,53.485
41662,53.485
41663,53.485
41664,53.485
41665,53.485
41666,53.485
41667,53.485
41668,53.485
41669,53.485
41670,53.485
41671,53.485
41672,53.485
41673,53.485
41674,53.485
41675,53.485
41676,53.485
41677,53.485
41678,53.485
41679,53.485
41680,53.485
41681,53.485
41682,53.485
41683,53.211
41684,53.211
41685,53.211
41686,53.211
41687,53.211
41688,53.211
41689,53.211
41690,53.211
41691,53.211
41692,53.211
41693,53.211
41694,53.211
41695,53.211
41696,53.211
41697,53.211
41698,53.211
41699,53.211
41700,53.211
41701,53.211
41702,53.211
41703,53.211
41704,53.211
41705,53.211
41706,53.211
41707,53.211
41708,53.211
41709,53.211
41710,53.211
41711,53.211
41712,53.211
41713,53.211
41714,53.211
41715,53.211
41716,53.211
41717,53.211
41718,53.211
41719,53.211
41720,53.211
41721,53.211
41722,53.211
41723,52.938
41724,52.938
41725,52.938
41726,52.938
41727,52.938
41728,52.938
41729,52.938
41730,52.938
41731,52.938
41732,52.938
41733,52.938
41734,52.938
41735,52.938
41736,52.938
41737,52.938
41738,52.938
41739,52.938
41740,52.938
41741,52.938
41742,52.938
41743,52.938
41744,52.938
41745,52.938
41746,52.938
41747,52.938
41748,52.938
41749,52.938
41750,52.938
41751,52.938
41752,52.938
41753,52.938
41754,52.938
41755,52.938
41756,52.938
41757,52.938
41758,52.938
41759,52.938
41760,52.938
41761,52.938
41762,52.938
41763,52.938
41764,52.938
41765,52.938
41766,52.938
41767,52.938
41768,52.938
41769,52.938
41770,52.938
41771,52.938
41772,52.938
41773,52.938
41774,52.938
41775,52.938
41776,52.938
41777,52.938
41778,52.938
41779,52.938
41780,52.938
41781,52.938
41782,52.938
41783,52.938
41784,53.211
41785,53.211
41786,53.211
41787,53.211
41788,53.211
41789,53.211
41790,53.211
41791,53.211
41792,53.211
41793,53.211
41794,53.211
41795,53.211
41796,53.211
41797,53.211
41798,53.211
41799,53.211
41800,53.211
41801,53.211
41802,53.211
41803,53.211
41804,53.485
41805,53.485
41806,53.485
41807,53.485
41808,53.485
41809,53.485
41810,53.485
41811,53.485
41812,53.485
41813,53.485
41814,53.485
41815,53.485
41816,53.485
41817,53.485
41818,53.485
41819,53.485
41820,53.485
41821,53.485
41822,53.485
41823,53.485
41824,53.485
41825,53.485
41826,53.485
41827,53.485
41828,53.485
41829,53.485
41830,53.485
41831,53.485
41832,53.485
41833,53.485
41834,53.485
41835,53.485
41836,53.485
41837,53.485
41838,53.485
41839,53.485
41840,53.485
41841,53.485
41842,53.485
41843,53.485
41844,53.211
41845,53.211
41846,53.211
41847,53.211
41848,53.211
41849,53.211
41850,53.211
41851,53.211
41852,53.211
41853,53.211
41854,53.211
41855,53.211
41856,53.211
41857,53.211
41858,53.211
41859,53.211
41860,53.211
41861,53.211
41862,53.211
41863,53.211
41864,53.211
41865,53.211
41866,53.211
41867,53.211
41868,53.211
41869,53.211
41870,53.211
41871,53.211
41872,53.211
41873,53.211
41874,53.211
41875,53.211
41876,53.211
41877,53.211
41878,53.211
41879,53.211
41880,53.211
41881,53.211
41882,53.211
41883,53.211
41884,53.211
41885,53.211
41886,53.211
41887,53.211
41888,53.211
41889,53.211
41890,53.211
41891,53.211
41892,53.211
41893,53.211
41894,53.211
41895,53.211
41896,53.211
41897,53.211
41898,53.211
41899,53.211
41900,53.211
41901,53.211
41902,53.211
41903,53.211
41904,53.485
41905,53.485
41906,53.485
41907,53.485
41908,53.485
41909,53.485
41910,53.485
41911,53.485
41912,53.485
41913,53.485
41914,53.485
41915,53.485
41916,53.485
41917,53.485
41918,53.485
41919,53.485
41920,53.485
41921,53.485
41922,53.485
41923,53.485
41924,53.211
41925,53.211
41926,53.211
41927,53.211
41928,53.211
41929,53.211
41930,53.211
41931,53.211
41932,53.211
41933,53.211
41934,53.211
41935,53.211
41936,53.211
41937,53.211
41938,53.211
41939,53.211
41940,53.211
41941,53.211
41942,53.211
41943,53.211
41944,53.211
41945,53.211
41946,53.211
41947,53.211
41948,53.211
41949,53.211
41950,53.211
41951,53.211
41952,53.211
41953,53.211
41954,53.211
41955,53.211
41956,53.211
41957,53.211
41958,53.211
41959,53.211
41960,53.211
41961,53.211
41962,53.211
41963,53.211
41964,53.211
41965,53.211
41966,53.211
41967,53.211
41968,53.211
41969,53.211
41970,53.211
41971,53.211
41972,53.211
41973,53.211
41974,53.211
41975,53.211
41976,53.211
41977,53.211
41978,53.211
41979,53.211
41980,53.211
41981,53.211
41982,53.211
41983,53.211
41984,53.211
41985,53.211
41986,53.211
41987,53.211
41988,53.211
41989,53.211
41990,53.211
41991,53.211
41992,53.211
41993,53.211
41994,53.211
41995,53.211
41996,53.211
41997,53.211
41998,53.211
41999,53.211
42000,53.211
42001,53.211
42002,53.211
42003,53.211
42004,53.211
42005,53.485
42006,53.485
42007,53.485
42008,53.485
42009,53.485
42010,53.485
42011,53.485
42012,53.485
42013,53.485
42014,53.485
42015,53.485
42016,53.485
42017,53.485
42018,53.485
42019,53.485
42020,53.485
42021,53.485
42022,53.485
42023,53.485
42024,53.485
42025,53.211
42026,53.211
42027,53.211
42028,53.211
42029,53.211
42030,53.211
42031,53.211
42032,53.211
42033,53.211
42034,53.211
42035,53.211
42036,53.211
42037,53.211
42038,53.211
42039,53.211
42040,53.211
42041,53.211
42042,53.211
42043,53.211
42044,53.211
42045,53.211
42046,53.211
42047,53.211
42048,53.211
42049,53.211
42050,53.211
42051,53.211
42052,53.211
42053,53.211
42054,53.211
42055,53.211
42056,53.211
42057,53.211
42058,53.211
42059,53.211
42060,53.211
42061,53.211
42062,53.211
42063,53.211
42064,53.211
42065,53.211
42066,53.211
42067,53.211
42068,53.211
42069,53.211
42070,53.211
42071,53.211
42072,53.211
42073,53.211
42074,53.211
42075,53.211
42076,53.211
42077,53.211
42078,53.211
42079,53.211
42080,53.211
42081,53.211
42082,53.211
42083,53.211
42084,53.211
42085,53.211
42086,53.211
42087,53.211
42088,53.211
42089,53.211
42090,53.211
42091,53.211
42092,53.211
42093,53.211
42094,53.211
42095,53.211
42096,53.211
42097,53.211
42098,53.211
42099,53.211
42100,53.211
42101,53.211
42102,53.211
42103,53.211
42104,53.211
42105,53.485
42106,53.485
42107,53.485
42108,53.485
42109,53.485
42110,53.485
42111,53.485
42112,53.485
42113,53.485
42114,53.485
42115,53.485
42116,53.485
42117,53.485
42118,53.485
42119,53.485
42120,53.485
42121,53.485
42122,53.485
42123,53.485
42124,53.485
42125,53.485
42126,53.211
42127,53.211
42128,53.211
42129,53.211
42130,53.211
42131,53.211
42132,53.211
42133,53.211
42134,53.211
42135,53.211
42136,53.211
42137,53.211
42138,53.211
42139,53.211
42140,53.211
42141,53.211
42142,53.211
42143,53.211
42144,53.211
42145,53.211
42146,53.211
42147,53.211
42148,53.211
42149,53.211
42150,53.211
42151,53.211
42152,53.211
42153,53.211
42154,53.211
42155,53.211
42156,53.211
42157,53.211
42158,53.211
42159,53.211
42160,53.211
42161,53.211
42162,53.211
42163,53.211
42164,53.211
42165,53.211
42166,53.211
42167,53.211
42168,53.211
42169,53.211
42170,53.211
42171,53.211
42172,53.211
42173,53.211
42174,53.211
42175,53.211
42176,53.211
42177,53.211
42178,53.211
42179,53.211
42180,53.211
42181,53.211
42182,53.211
42183,53.211
42184,53.211
42185,53.211
42186,53.211
42187,53.211
42188,53.211
42189,53.211
42190,53.211
42191,53.211
42192,53.211
42193,53.211
42194,53.211
42195,53.211
42196,53.211
42197,53.211
42198,53.211
42199,53.211
42200,53.211
42201,53.211
42202,53.211
42203,53.211
42204,53.211
42205,53.211
42206,53.485
42207,53.485
42208,53.485
42209,53.485
42210,53.485
42211,53.485
42212,53.485
42213,53.485
42214,53.485
42215,53.485
42216,53.485
42217,53.485
42218,53.485
42219,53.485
42220,53.485
42221,53.485
42222,53.485
42223,53.485
42224,53.485
42225,53.485
42226,54.087
42227,54.087
42228,54.087
42229,54.087
42230,54.087
42231,54.087
42232,54.087
42233,54.087
42234,54.087
42235,54.087
42236,54.087
42237,54.087
42238,54.087
42239,54.087
42240,54.087
42241,54.087
42242,54.087
42243,54.087
42244,54.087
42245,54.087
42246,54.97
42247,54.97
42248,54.97
42249,54.97
42250,54.97
42251,54.97
42252,54.97
42253,54.97
42254,54.97
42255,54.97
42256,54.97
42257,54.97
42258,54.97
42259,54.97
42260,54.97
42261,54.97
42262,54.97
42263,54.97
42264,54.97
42265,54.97
42266,54.97
42267,54.97
42268,54.97
42269,54.97
42270,54.97
42271,54.97
42272,54.97
42273,54.97
42274,54.97
42275,54.97
42276,54.97
42277,54.97
42278,54.97
42279,54.97
42280,54.97
42281,54.97
42282,54.97
42283,54.97
42284,54.97
42285,54.97
42286,54.696
42287,54.696
42288,54.696
42289,54.696
42290,54.696
42291,54.696
42292,54.696
42293,54.696
42294,54.696
42295,54.696
42296,54.696
42297,54.696
42298,54.696
42299,54.696
42300,54.696
42301,54.696
42302,54.696
42303,54.696
42304,54.696
42305,54.696
42306,54.696
42307,54.97
42308,54.97
42309,54.97
42310,54.97
42311,54.97
42312,54.97
42313,54.97
42314,54.97
42315,54.97
42316,54.97
42317,54.97
42318,54.97
42319,54.97
42320,54.97
42321,54.97
42322,54.97
42323,54.97
42324,54.97
42325,54.97
42326,54.97
42327,54.696
42328,54.696
42329,54.696
42330,54.696
42331,54.696
42332,54.696
42333,54.696
42334,54.696
42335,54.696
42336,54.696
42337,54.696
42338,54.696
42339,54.696
42340,54.696
42341,54.696
42342,54.696
42343,54.696
42344,54.696
42345,54.696
42346,54.696
42347,54.696
42348,54.696
42349,54.696
42350,54.696
42351,54.696
42352,54.696
42353,54.696
42354,54.696
42355,54.696
42356,54.696
42357,54.696
42358,54.696
42359,54.696
42360,54.696
42361,54.696
42362,54.696
42363,54.696
42364,54.696
42365,54.696
42366,54.696
42367,54.696
42368,54.696
42369,54.696
42370,54.696
42371,54.696
42372,54.696
42373,54.696
42374,54.696
42375,54.696
42376,54.696
42377,54.696
42378,54.696
42379,54.696
42380,54.696
42381,54.696
42382,54.696
42383,54.696
42384,54.696
42385,54.696
42386,54.696
42387,62.95
42388,62.95
42389,62.95
42390,62.95
42391,62.95
42392,62.95
42393,62.95
42394,62.95
42395,62.95
42396,62.95
42397,62.95
42398,62.95
42399,62.95
42400,62.95
42401,62.95
42402,62.95
42403,62.95
42404,62.95
42405,62.95
42406,62.95
42407,70.375
42408,70.375
42409,70.375
42410,70.375
42411,70.375
42412,70.375
42413,70.375
42414,70.375
42415,70.375
42416,70.375
42417,70.375
42418,70.375
42419,70.375
42420,70.375
42421,70.375
42422,70.375
42423,70.375
42424,70.375
42425,70.375
42426,70.375
42427,71.258
