time_ms,power_w
14998,143.887
14999,143.887
15000,143.887
15001,143.887
15002,143.887
15003,143.887
15004,100.597
15005,100.597
15006,100.597
15007,100.597
15008,100.597
15009,100.597
15010,100.597
15011,100.597
15012,100.597
15013,100.597
15014,100.597
15015,100.597
15016,100.597
15017,100.597
15018,100.597
15019,100.597
15020,100.597
15021,100.597
15022,100.597
15023,100.597
15024,126.495
15025,126.495
15026,126.495
15027,126.495
15028,126.495
15029,126.495
15030,126.495
15031,126.495
15032,126.495
15033,126.495
15034,126.495
15035,126.495
15036,126.495
15037,126.495
15038,126.495
15039,126.495
15040,126.495
15041,126.495
15042,126.495
15043,126.495
15044,114.824
15045,114.824
15046,114.824
15047,114.824
15048,114.824
15049,114.824
15050,114.824
15051,114.824
15052,114.824
15053,114.824
15054,114.824
15055,114.824
15056,114.824
15057,114.824
15058,114.824
15059,114.824
15060,114.824
15061,114.824
15062,114.824
15063,114.824
15064,114.824
15065,102.079
15066,102.079
15067,102.079
15068,102.079
15069,102.079
15070,102.079
15071,102.079
15072,102.079
15073,102.079
15074,102.079
15075,102.079
15076,102.079
15077,102.079
15078,102.079
15079,102.079
15080,102.079
15081,102.079
15082,102.079
15083,102.079
15084,102.079
15085,135.47
15086,135.47
15087,135.47
15088,135.47
15089,135.47
15090,135.47
15091,135.47
15092,135.47
15093,135.47
15094,135.47
15095,135.47
15096,135.47
15097,135.47
15098,135.47
15099,135.47
15100,135.47
15101,135.47
15102,135.47
15103,135.47
15104,135.47
15105,100.932
15106,100.932
15107,100.932
15108,100.932
15109,100.932
15110,100.932
15111,100.932
15112,100.932
15113,100.932
15114,100.932
15115,100.932
15116,100.932
15117,100.932
15118,100.932
15119,100.932
15120,100.932
15121,100.932
15122,100.932
15123,100.932
15124,100.932
15125,139.173
15126,139.173
15127,139.173
15128,139.173
15129,139.173
15130,139.173
15131,139.173
15132,139.173
15133,139.173
15134,139.173
15135,139.173
15136,139.173
15137,139.173
15138,139.173
15139,139.173
15140,139.173
15141,139.173
15142,139.173
15143,139.173
15144,139.173
15145,102.96
15146,102.96
15147,102.96
15148,102.96
15149,102.96
15150,102.96
15151,102.96
15152,102.96
15153,102.96
15154,102.96
15155,102.96
15156,102.96
15157,102.96
15158,102.96
15159,102.96
15160,102.96
15161,102.96
15162,102.96
15163,102.96
15164,102.96
15165,116.459
15166,116.459
15167,116.459
15168,116.459
15169,116.459
15170,116.459
15171,116.459
15172,116.459
15173,116.459
15174,116.459
15175,116.459
15176,116.459
15177,116.459
15178,116.459
15179,116.459
15180,116.459
15181,116.459
15182,116.459
15183,116.459
15184,116.459
15185,122.662
15186,122.662
15187,122.662
15188,122.662
15189,122.662
15190,122.662
15191,122.662
15192,122.662
15193,122.662
15194,122.662
15195,122.662
15196,122.662
15197,122.662
15198,122.662
15199,122.662
15200,122.662
15201,122.662
15202,122.662
15203,122.662
15204,122.662
15205,101.701
15206,101.701
15207,101.701
15208,101.701
15209,101.701
15210,101.701
15211,101.701
15212,101.701
15213,101.701
15214,101.701
15215,101.701
15216,101.701
15217,101.701
15218,101.701
15219,101.701
15220,101.701
15221,101.701
15222,101.701
15223,101.701
15224,101.701
15225,139.302
15226,139.302
15227,139.302
15228,139.302
15229,139.302
15230,139.302
15231,139.302
15232,139.302
15233,139.302
15234,139.302
15235,139.302
15236,139.302
15237,139.302
15238,139.302
15239,139.302
15240,139.302
15241,139.302
15242,139.302
15243,139.302
15244,139.302
15245,98.14
15246,98.14
15247,98.14
15248,98.14
15249,98.14
15250,98.14
15251,98.14
15252,98.14
15253,98.14
15254,98.14
15255,98.14
15256,98.14
15257,98.14
15258,98.14
15259,98.14
15260,98.14
15261,98.14
15262,98.14
15263,98.14
15264,98.14
15265,133.57
15266,133.57
15267,133.57
15268,133.57
15269,133.57
15270,133.57
15271,133.57
15272,133.57
15273,133.57
15274,133.57
15275,133.57
15276,133.57
15277,133.57
15278,133.57
15279,133.57
15280,133.57
15281,133.57
15282,133.57
15283,133.57
15284,133.57
15285,133.57
15286,109.93
15287,109.93
15288,109.93
15289,109.93
15290,109.93
15291,109.93
15292,109.93
15293,109.93
15294,109.93
15295,109.93
15296,109.93
15297,109.93
15298,109.93
15299,109.93
15300,109.93
15301,109.93
15302,109.93
15303,109.93
15304,109.93
15305,109.93
15306,111.137
15307,111.137
15308,111.137
15309,111.137
15310,111.137
15311,111.137
15312,111.137
15313,111.137
15314,111.137
15315,111.137
15316,111.137
15317,111.137
15318,111.137
15319,111.137
15320,111.137
15321,111.137
15322,111.137
15323,111.137
15324,111.137
15325,111.137
15326,126.776
15327,126.776
15328,126.776
15329,126.776
15330,126.776
15331,126.776
15332,126.776
15333,126.776
15334,126.776
15335,126.776
15336,126.776
15337,126.776
15338,126.776
15339,126.776
15340,126.776
15341,126.776
15342,126.776
15343,126.776
15344,126.776
15345,126.776
15346,126.776
15347,100.828
15348,100.828
15349,100.828
15350,100.828
15351,100.828
15352,100.828
15353,100.828
15354,100.828
15355,100.828
15356,100.828
15357,100.828
15358,100.828
15359,100.828
15360,100.828
15361,100.828
15362,100.828
15363,100.828
15364,100.828
15365,100.828
15366,142.079
15367,142.079
15368,142.079
15369,142.079
15370,142.079
15371,142.079
15372,142.079
15373,142.079
15374,142.079
15375,142.079
15376,142.079
15377,142.079
15378,142.079
15379,142.079
15380,142.079
15381,142.079
15382,142.079
15383,142.079
15384,142.079
15385,142.079
15386,99.45
15387,99.45
15388,99.45
15389,99.45
15390,99.45
15391,99.45
15392,99.45
15393,99.45
15394,99.45
15395,99.45
15396,99.45
15397,99.45
15398,99.45
15399,99.45
15400,99.45
15401,99.45
15402,99.45
15403,99.45
15404,99.45
15405,99.45
15406,122.788
15407,122.788
15408,122.788
15409,122.788
15410,122.788
15411,122.788
15412,122.788
15413,122.788
15414,122.788
15415,122.788
15416,122.788
15417,122.788
15418,122.788
15419,122.788
15420,122.788
15421,122.788
15422,122.788
15423,122.788
15424,122.788
15425,122.788
15426,114.942
15427,114.942
15428,114.942
15429,114.942
15430,114.942
15431,114.942
15432,114.942
15433,114.942
15434,114.942
15435,114.942
15436,114.942
15437,114.942
15438,114.942
15439,114.942
15440,114.942
15441,114.942
15442,114.942
15443,114.942
15444,114.942
15445,114.942
15446,114.942
15447,102.519
15448,102.519
15449,102.519
15450,102.519
15451,102.519
15452,102.519
15453,102.519
15454,102.519
15455,102.519
15456,102.519
15457,102.519
15458,102.519
15459,102.519
15460,102.519
15461,102.519
15462,102.519
15463,102.519
15464,102.519
15465,102.519
15466,102.519
15467,135.743
15468,135.743
15469,135.743
15470,135.743
15471,135.743
15472,135.743
15473,135.743
15474,135.743
15475,135.743
15476,135.743
15477,135.743
15478,135.743
15479,135.743
15480,135.743
15481,135.743
15482,135.743
15483,135.743
15484,135.743
15485,135.743
15486,135.743
15487,97.459
15488,97.459
15489,97.459
15490,97.459
15491,97.459
15492,97.459
15493,97.459
15494,97.459
15495,97.459
15496,97.459
15497,97.459
15498,97.459
15499,97.459
15500,97.459
15501,97.459
15502,97.459
15503,97.459
15504,97.459
15505,97.459
15506,97.459
15507,134.261
15508,134.261
15509,134.261
15510,134.261
15511,134.261
15512,134.261
15513,134.261
15514,134.261
15515,134.261
15516,134.261
15517,134.261
15518,134.261
15519,134.261
15520,134.261
15521,134.261
15522,134.261
15523,134.261
15524,134.261
15525,134.261
15526,134.261
15527,104.877
15528,104.877
15529,104.877
15530,104.877
15531,104.877
15532,104.877
15533,104.877
15534,104.877
15535,104.877
15536,104.877
15537,104.877
15538,104.877
15539,104.877
15540,104.877
15541,104.877
15542,104.877
15543,104.877
15544,104.877
15545,104.877
15546,104.877
15547,104.877
15548,113.731
15549,113.731
15550,113.731
15551,113.731
15552,113.731
15553,113.731
15554,113.731
15555,113.731
15556,113.731
15557,113.731
15558,113.731
15559,113.731
15560,113.731
15561,113.731
15562,113.731
15563,113.731
15564,113.731
15565,113.731
15566,113.731
15567,124.944
15568,124.944
15569,124.944
15570,124.944
15571,124.944
15572,124.944
15573,124.944
15574,124.944
15575,124.944
15576,124.944
15577,124.944
15578,124.944
15579,124.944
15580,124.944
15581,124.944
15582,124.944
15583,124.944
15584,124.944
15585,124.944
15586,124.944
15587,103.675
15588,103.675
15589,103.675
15590,103.675
15591,103.675
15592,103.675
15593,103.675
15594,103.675
15595,103.675
15596,103.675
15597,103.675
15598,103.675
15599,103.675
15600,103.675
15601,103.675
15602,103.675
15603,103.675
15604,103.675
15605,103.675
15606,103.675
15607,144.916
15608,144.916
15609,144.916
15610,144.916
15611,144.916
15612,144.916
15613,144.916
15614,144.916
15615,144.916
15616,144.916
15617,144.916
15618,144.916
15619,144.916
15620,144.916
15621,144.916
15622,144.916
15623,144.916
15624,144.916
15625,144.916
15626,144.916
15627,144.916
15628,99.271
15629,99.271
15630,99.271
15631,99.271
15632,99.271
15633,99.271
15634,99.271
15635,99.271
15636,99.271
15637,99.271
15638,99.271
15639,99.271
15640,99.271
15641,99.271
15642,99.271
15643,99.271
15644,99.271
15645,99.271
15646,99.271
15647,99.271
15648,128.793
15649,128.793
15650,128.793
15651,128.793
15652,128.793
15653,128.793
15654,128.793
15655,128.793
15656,128.793
15657,128.793
15658,128.793
15659,128.793
15660,128.793
15661,128.793
15662,128.793
15663,128.793
15664,128.793
15665,128.793
15666,128.793
15667,128.793
15668,111.092
15669,111.092
15670,111.092
15671,111.092
15672,111.092
15673,111.092
15674,111.092
15675,111.092
15676,111.092
15677,111.092
15678,111.092
15679,111.092
15680,111.092
15681,111.092
15682,111.092
15683,111.092
15684,111.092
15685,111.092
15686,111.092
15687,111.092
15688,107.516
15689,107.516
15690,107.516
15691,107.516
15692,107.516
15693,107.516
15694,107.516
15695,107.516
15696,107.516
15697,107.516
15698,107.516
15699,107.516
15700,107.516
15701,107.516
15702,107.516
15703,107.516
15704,107.516
15705,107.516
15706,107.516
15707,107.516
15708,129.121
15709,129.121
15710,129.121
15711,129.121
15712,129.121
15713,129.121
15714,129.121
15715,129.121
15716,129.121
15717,129.121
15718,129.121
15719,129.121
15720,129.121
15721,129.121
15722,129.121
15723,129.121
15724,129.121
15725,129.121
15726,129.121
15727,129.121
15728,100.7
15729,100.7
15730,100.7
15731,100.7
15732,100.7
15733,100.7
15734,100.7
15735,100.7
15736,100.7
15737,100.7
15738,100.7
15739,100.7
15740,100.7
15741,100.7
15742,100.7
15743,100.7
15744,100.7
15745,100.7
15746,100.7
15747,100.7
15748,100.7
15749,140.942
15750,140.942
15751,140.942
15752,140.942
15753,140.942
15754,140.942
15755,140.942
15756,140.942
15757,140.942
15758,140.942
15759,140.942
15760,140.942
15761,140.942
15762,140.942
15763,140.942
15764,140.942
15765,140.942
15766,140.942
15767,140.942
15768,100.7
15769,100.7
15770,100.7
15771,100.7
15772,100.7
15773,100.7
15774,100.7
15775,100.7
15776,100.7
15777,100.7
15778,100.7
15779,100.7
15780,100.7
15781,100.7
15782,100.7
15783,100.7
15784,100.7
15785,100.7
15786,100.7
15787,100.7
15788,119.939
15789,119.939
15790,119.939
15791,119.939
15792,119.939
15793,119.939
15794,119.939
15795,119.939
15796,119.939
15797,119.939
15798,119.939
15799,119.939
15800,119.939
15801,119.939
15802,119.939
15803,119.939
15804,119.939
15805,119.939
15806,119.939
15807,119.939
15808,116.972
15809,116.972
15810,116.972
15811,116.972
15812,116.972
15813,116.972
15814,116.972
15815,116.972
15816,116.972
15817,116.972
15818,116.972
15819,116.972
15820,116.972
15821,116.972
15822,116.972
15823,116.972
15824,116.972
15825,116.972
15826,116.972
15827,116.972
15828,116.972
15829,101.309
15830,101.309
15831,101.309
15832,101.309
15833,101.309
15834,101.309
15835,101.309
15836,101.309
15837,101.309
15838,101.309
15839,101.309
15840,101.309
15841,101.309
15842,101.309
15843,101.309
15844,101.309
15845,101.309
15846,101.309
15847,101.309
15848,101.309
15849,137.967
15850,137.967
15851,137.967
15852,137.967
15853,137.967
15854,137.967
15855,137.967
15856,137.967
15857,137.967
15858,137.967
15859,137.967
15860,137.967
15861,137.967
15862,137.967
15863,137.967
15864,137.967
15865,137.967
15866,137.967
15867,137.967
15868,137.967
15869,100.7
15870,100.7
15871,100.7
15872,100.7
15873,100.7
15874,100.7
15875,100.7
15876,100.7
15877,100.7
15878,100.7
15879,100.7
15880,100.7
15881,100.7
15882,100.7
15883,100.7
15884,100.7
15885,100.7
15886,100.7
15887,100.7
15888,100.7
15889,136.765
15890,136.765
15891,136.765
15892,136.765
15893,136.765
15894,136.765
15895,136.765
15896,136.765
15897,136.765
15898,136.765
15899,136.765
15900,136.765
15901,136.765
15902,136.765
15903,136.765
15904,136.765
15905,136.765
15906,136.765
15907,136.765
15908,136.765
15909,106.642
15910,106.642
15911,106.642
15912,106.642
15913,106.642
15914,106.642
15915,106.642
15916,106.642
15917,106.642
15918,106.642
15919,106.642
15920,106.642
15921,106.642
15922,106.642
15923,106.642
15924,106.642
15925,106.642
15926,106.642
15927,106.642
15928,106.642
15929,115.215
15930,115.215
15931,115.215
15932,115.215
15933,115.215
15934,115.215
15935,115.215
15936,115.215
15937,115.215
15938,115.215
15939,115.215
15940,115.215
15941,115.215
15942,115.215
15943,115.215
15944,115.215
15945,115.215
15946,115.215
15947,115.215
15948,115.215
15949,115.215
15950,122.305
15951,122.305
15952,122.305
15953,122.305
15954,122.305
15955,122.305
15956,122.305
15957,122.305
15958,122.305
15959,122.305
15960,122.305
15961,122.305
15962,122.305
15963,122.305
15964,122.305
15965,122.305
15966,122.305
15967,122.305
15968,122.305
15969,122.305
15970,101.309
15971,101.309
15972,101.309
15973,101.309
15974,101.309
15975,101.309
15976,101.309
15977,101.309
15978,101.309
15979,101.309
15980,101.309
15981,101.309
15982,101.309
15983,101.309
15984,101.309
15985,101.309
15986,101.309
15987,101.309
15988,101.309
15989,142.371
15990,142.371
15991,142.371
15992,142.371
15993,142.371
15994,142.371
15995,142.371
15996,142.371
15997,142.371
15998,142.371
15999,142.371
16000,142.371
16001,142.371
16002,142.371
16003,142.371
16004,142.371
16005,142.371
16006,142.371
16007,142.371
16008,142.371
16009,142.371
16010,98.061
16011,98.061
16012,98.061
16013,98.061
16014,98.061
16015,98.061
16016,98.061
16017,98.061
16018,98.061
16019,98.061
16020,98.061
16021,98.061
16022,98.061
16023,98.061
16024,98.061
16025,98.061
16026,98.061
16027,98.061
16028,98.061
16029,98.061
16030,128.184
16031,128.184
16032,128.184
16033,128.184
16034,128.184
16035,128.184
16036,128.184
16037,128.184
16038,128.184
16039,128.184
16040,128.184
16041,128.184
16042,128.184
16043,128.184
16044,128.184
16045,128.184
16046,128.184
16047,128.184
16048,128.184
16049,128.184
16050,109.882
16051,109.882
16052,109.882
16053,109.882
16054,109.882
16055,109.882
16056,109.882
16057,109.882
16058,109.882
16059,109.882
16060,109.882
16061,109.882
16062,109.882
16063,109.882
16064,109.882
16065,109.882
16066,109.882
16067,109.882
16068,109.882
16069,109.882
16070,106.361
16071,106.361
16072,106.361
16073,106.361
16074,106.361
16075,106.361
16076,106.361
16077,106.361
16078,106.361
16079,106.361
16080,106.361
16081,106.361
16082,106.361
16083,106.361
16084,106.361
16085,106.361
16086,106.361
16087,106.361
16088,106.361
16089,106.361
16090,128.52
16091,128.52
16092,128.52
16093,128.52
16094,128.52
16095,128.52
16096,128.52
16097,128.52
16098,128.52
16099,128.52
16100,128.52
16101,128.52
16102,128.52
16103,128.52
16104,128.52
16105,128.52
16106,128.52
16107,128.52
16108,128.52
16109,128.52
16110,101.309
16111,101.309
16112,101.309
16113,101.309
16114,101.309
16115,101.309
16116,101.309
16117,101.309
16118,101.309
16119,101.309
16120,101.309
16121,101.309
16122,101.309
16123,101.309
16124,101.309
16125,101.309
16126,101.309
16127,101.309
16128,101.309
16129,101.309
16130,140.005
16131,140.005
16132,140.005
16133,140.005
16134,140.005
16135,140.005
16136,140.005
16137,140.005
16138,140.005
16139,140.005
16140,140.005
16141,140.005
16142,140.005
16143,140.005
16144,140.005
16145,140.005
16146,140.005
16147,140.005
16148,140.005
16149,140.005
16150,140.005
16151,101.91
16152,101.91
16153,101.91
16154,101.91
16155,101.91
16156,101.91
16157,101.91
16158,101.91
16159,101.91
16160,101.91
16161,101.91
16162,101.91
16163,101.91
16164,101.91
16165,101.91
16166,101.91
16167,101.91
16168,101.91
16169,101.91
16170,119.665
16171,119.665
16172,119.665
16173,119.665
16174,119.665
16175,119.665
16176,119.665
16177,119.665
16178,119.665
16179,119.665
16180,119.665
16181,119.665
16182,119.665
16183,119.665
16184,119.665
16185,119.665
16186,119.665
16187,119.665
16188,119.665
16189,119.665
16190,120.821
16191,120.821
16192,120.821
16193,120.821
16194,120.821
16195,120.821
16196,120.821
16197,120.821
16198,120.821
16199,120.821
16200,120.821
16201,120.821
16202,120.821
16203,120.821
16204,120.821
16205,120.821
16206,120.821
16207,120.821
16208,120.821
16209,120.821
16210,102.183
16211,102.183
16212,102.183
16213,102.183
16214,102.183
16215,102.183
16216,102.183
16217,102.183
16218,102.183
16219,102.183
16220,102.183
16221,102.183
16222,102.183
16223,102.183
16224,102.183
16225,102.183
16226,102.183
16227,102.183
16228,102.183
16229,102.183
16230,102.183
16231,141.489
16232,141.489
16233,141.489
16234,141.489
16235,141.489
16236,141.489
16237,141.489
16238,141.489
16239,141.489
16240,141.489
16241,141.489
16242,141.489
16243,141.489
16244,141.489
16245,141.489
16246,141.489
16247,141.489
16248,141.489
16249,141.489
16250,141.489
16251,98.943
16252,98.943
16253,98.943
16254,98.943
16255,98.943
16256,98.943
16257,98.943
16258,98.943
16259,98.943
16260,98.943
16261,98.943
16262,98.943
16263,98.943
16264,98.943
16265,98.943
16266,98.943
16267,98.943
16268,98.943
16269,98.943
16270,98.943
16271,134.126
16272,134.126
16273,134.126
16274,134.126
16275,134.126
16276,134.126
16277,134.126
16278,134.126
16279,134.126
16280,134.126
16281,134.126
16282,134.126
16283,134.126
16284,134.126
16285,134.126
16286,134.126
16287,134.126
16288,134.126
16289,134.126
16290,134.126
16291,108.726
16292,108.726
16293,108.726
16294,108.726
16295,108.726
16296,108.726
16297,108.726
16298,108.726
16299,108.726
16300,108.726
16301,108.726
16302,108.726
16303,108.726
16304,108.726
16305,108.726
16306,108.726
16307,108.726
16308,108.726
16309,108.726
16310,108.726
16311,111.366
16312,111.366
16313,111.366
16314,111.366
16315,111.366
16316,111.366
16317,111.366
16318,111.366
16319,111.366
16320,111.366
16321,111.366
16322,111.366
16323,111.366
16324,111.366
16325,111.366
16326,111.366
16327,111.366
16328,111.366
16329,111.366
16330,111.366
16331,128.184
16332,128.184
16333,128.184
16334,128.184
16335,128.184
16336,128.184
16337,128.184
16338,128.184
16339,128.184
16340,128.184
16341,128.184
16342,128.184
16343,128.184
16344,128.184
16345,128.184
16346,128.184
16347,128.184
16348,128.184
16349,128.184
16350,128.184
16351,128.184
16352,103.066
16353,103.066
16354,103.066
16355,103.066
16356,103.066
16357,103.066
16358,103.066
16359,103.066
16360,103.066
16361,103.066
16362,103.066
16363,103.066
16364,103.066
16365,103.066
16366,103.066
16367,103.066
16368,103.066
16369,103.066
16370,103.066
16371,146.22
16372,146.22
16373,146.22
16374,146.22
16375,146.22
16376,146.22
16377,146.22
16378,146.22
16379,146.22
16380,146.22
16381,146.22
16382,146.22
16383,146.22
16384,146.22
16385,146.22
16386,146.22
16387,146.22
16388,146.22
16389,146.22
16390,146.22
16391,101.036
16392,101.036
16393,101.036
16394,101.036
16395,101.036
16396,101.036
16397,101.036
16398,101.036
16399,101.036
16400,101.036
16401,101.036
16402,101.036
16403,101.036
16404,101.036
16405,101.036
16406,101.036
16407,101.036
16408,101.036
16409,101.036
16410,101.036
16411,127.036
16412,127.036
16413,127.036
16414,127.036
16415,127.036
16416,127.036
16417,127.036
16418,127.036
16419,127.036
16420,127.036
16421,127.036
16422,127.036
16423,127.036
16424,127.036
16425,127.036
16426,127.036
16427,127.036
16428,127.036
16429,127.036
16430,127.036
16431,113.731
16432,113.731
16433,113.731
16434,113.731
16435,113.731
16436,113.731
16437,113.731
16438,113.731
16439,113.731
16440,113.731
16441,113.731
16442,113.731
16443,113.731
16444,113.731
16445,113.731
16446,113.731
16447,113.731
16448,113.731
16449,113.731
16450,113.731
16451,113.731
16452,103.394
16453,103.394
16454,103.394
16455,103.394
16456,103.394
16457,103.394
16458,103.394
16459,103.394
16460,103.394
16461,103.394
16462,103.394
16463,103.394
16464,103.394
16465,103.394
16466,103.394
16467,103.394
16468,103.394
16469,103.394
16470,103.394
16471,103.394
16472,129.394
16473,129.394
16474,129.394
16475,129.394
16476,129.394
16477,129.394
16478,129.394
16479,129.394
16480,129.394
16481,129.394
16482,129.394
16483,129.394
16484,129.394
16485,129.394
16486,129.394
16487,129.394
16488,129.394
16489,129.394
16490,129.394
16491,129.394
16492,99.825
16493,99.825
16494,99.825
16495,99.825
16496,99.825
16497,99.825
16498,99.825
16499,99.825
16500,99.825
16501,99.825
16502,99.825
16503,99.825
16504,99.825
16505,99.825
16506,99.825
16507,99.825
16508,99.825
16509,99.825
16510,99.825
16511,99.825
16512,135.609
16513,135.609
16514,135.609
16515,135.609
16516,135.609
16517,135.609
16518,135.609
16519,135.609
16520,135.609
16521,135.609
16522,135.609
16523,135.609
16524,135.609
16525,135.609
16526,135.609
16527,135.609
16528,135.609
16529,135.609
16530,135.609
16531,135.609
16532,103.066
16533,103.066
16534,103.066
16535,103.066
16536,103.066
16537,103.066
16538,103.066
16539,103.066
16540,103.066
16541,103.066
16542,103.066
16543,103.066
16544,103.066
16545,103.066
16546,103.066
16547,103.066
16548,103.066
16549,103.066
16550,103.066
16551,103.066
16552,117.854
16553,117.854
16554,117.854
16555,117.854
16556,117.854
16557,117.854
16558,117.854
16559,117.854
16560,117.854
16561,117.854
16562,117.854
16563,117.854
16564,117.854
16565,117.854
16566,117.854
16567,117.854
16568,117.854
16569,117.854
16570,117.854
16571,117.854
16572,117.854
16573,120.548
16574,120.548
16575,120.548
16576,120.548
16577,120.548
16578,120.548
16579,120.548
16580,120.548
16581,120.548
16582,120.548
16583,120.548
16584,120.548
16585,120.548
16586,120.548
16587,120.548
16588,120.548
16589,120.548
16590,120.548
16591,120.548
16592,103.066
16593,103.066
16594,103.066
16595,103.066
16596,103.066
16597,103.066
16598,103.066
16599,103.066
16600,103.066
16601,103.066
16602,103.066
16603,103.066
16604,103.066
16605,103.066
16606,103.066
16607,103.066
16608,103.066
16609,103.066
16610,103.066
16611,103.066
16612,141.489
16613,141.489
16614,141.489
16615,141.489
16616,141.489
16617,141.489
16618,141.489
16619,141.489
16620,141.489
16621,141.489
16622,141.489
16623,141.489
16624,141.489
16625,141.489
16626,141.489
16627,141.489
16628,141.489
16629,141.489
16630,141.489
16631,141.489
16632,141.489
16633,98.943
16634,98.943
16635,98.943
16636,98.943
16637,98.943
16638,98.943
16639,98.943
16640,98.943
16641,98.943
16642,98.943
16643,98.943
16644,98.943
16645,98.943
16646,98.943
16647,98.943
16648,98.943
16649,98.943
16650,98.943
16651,98.943
16652,98.943
16653,135
16654,135
16655,135
16656,135
16657,135
16658,135
16659,135
16660,135
16661,135
16662,135
16663,135
16664,135
16665,135
16666,135
16667,135
16668,135
16669,135
16670,135
16671,135
16672,135
16673,106.033
16674,106.033
16675,106.033
16676,106.033
16677,106.033
16678,106.033
16679,106.033
16680,106.033
16681,106.033
16682,106.033
16683,106.033
16684,106.033
16685,106.033
16686,106.033
16687,106.033
16688,106.033
16689,106.033
16690,106.033
16691,106.033
16692,106.033
16693,113.122
16694,113.122
16695,113.122
16696,113.122
16697,113.122
16698,113.122
16699,113.122
16700,113.122
16701,113.122
16702,113.122
16703,113.122
16704,113.122
16705,113.122
16706,113.122
16707,113.122
16708,113.122
16709,113.122
16710,113.122
16711,113.122
16712,113.122
16713,123.46
16714,123.46
16715,123.46
16716,123.46
16717,123.46
16718,123.46
16719,123.46
16720,123.46
16721,123.46
16722,123.46
16723,123.46
16724,123.46
16725,123.46
16726,123.46
16727,123.46
16728,123.46
16729,123.46
16730,123.46
16731,123.46
16732,123.46
16733,102.898
16734,102.898
16735,102.898
16736,102.898
16737,102.898
16738,102.898
16739,102.898
16740,102.898
16741,102.898
16742,102.898
16743,102.898
16744,102.898
16745,102.898
16746,102.898
16747,102.898
16748,102.898
16749,102.898
16750,102.898
16751,102.898
16752,102.898
16753,146.548
16754,146.548
16755,146.548
16756,146.548
16757,146.548
16758,146.548
16759,146.548
16760,146.548
16761,146.548
16762,146.548
16763,146.548
16764,146.548
16765,146.548
16766,146.548
16767,146.548
16768,146.548
16769,146.548
16770,146.548
16771,146.548
16772,146.548
16773,146.548
16774,99.373
16775,99.373
16776,99.373
16777,99.373
16778,99.373
16779,99.373
16780,99.373
16781,99.373
16782,99.373
16783,99.373
16784,99.373
16785,99.373
16786,99.373
16787,99.373
16788,99.373
16789,99.373
16790,99.373
16791,99.373
16792,99.373
16793,99.373
16794,132.361
16795,132.361
16796,132.361
16797,132.361
16798,132.361
16799,132.361
16800,132.361
16801,132.361
16802,132.361
16803,132.361
16804,132.361
16805,132.361
16806,132.361
16807,132.361
16808,132.361
16809,132.361
16810,132.361
16811,132.361
16812,132.361
16813,132.361
16814,111.092
16815,111.092
16816,111.092
16817,111.092
16818,111.092
16819,111.092
16820,111.092
16821,111.092
16822,111.092
16823,111.092
16824,111.092
16825,111.092
16826,111.092
16827,111.092
16828,111.092
16829,111.092
16830,111.092
16831,111.092
16832,111.092
16833,111.092
16834,109.393
16835,109.393
16836,109.393
16837,109.393
16838,109.393
16839,109.393
16840,109.393
16841,109.393
16842,109.393
16843,109.393
16844,109.393
16845,109.393
16846,109.393
16847,109.393
16848,109.393
16849,109.393
16850,109.393
16851,109.393
16852,109.393
16853,109.393
16854,129.121
16855,129.121
16856,129.121
16857,129.121
16858,129.121
16859,129.121
16860,129.121
16861,129.121
16862,129.121
16863,129.121
16864,129.121
16865,129.121
16866,129.121
16867,129.121
16868,129.121
16869,129.121
16870,129.121
16871,129.121
16872,129.121
16873,129.121
16874,102.014
16875,102.014
16876,102.014
16877,102.014
16878,102.014
16879,102.014
16880,102.014
16881,102.014
16882,102.014
16883,102.014
16884,102.014
16885,102.014
16886,102.014
16887,102.014
16888,102.014
16889,102.014
16890,102.014
16891,102.014
16892,102.014
16893,102.014
16894,140.942
16895,140.942
16896,140.942
16897,140.942
16898,140.942
16899,140.942
16900,140.942
16901,140.942
16902,140.942
16903,140.942
16904,140.942
16905,140.942
16906,140.942
16907,140.942
16908,140.942
16909,140.942
16910,140.942
16911,140.942
16912,140.942
16913,140.942
16914,99.552
16915,99.552
16916,99.552
16917,99.552
16918,99.552
16919,99.552
16920,99.552
16921,99.552
16922,99.552
16923,99.552
16924,99.552
16925,99.552
16926,99.552
16927,99.552
16928,99.552
16929,99.552
16930,99.552
16931,99.552
16932,99.552
16933,99.552
16934,114.606
16935,114.606
16936,114.606
16937,114.606
16938,114.606
16939,114.606
16940,114.606
16941,114.606
16942,114.606
16943,114.606
16944,114.606
16945,114.606
16946,114.606
16947,114.606
16948,114.606
16949,114.606
16950,114.606
16951,114.606
16952,114.606
16953,114.606
16954,114.606
16955,122.703
16956,122.703
16957,122.703
16958,122.703
16959,122.703
16960,122.703
16961,122.703
16962,122.703
16963,122.703
16964,122.703
16965,122.703
16966,122.703
16967,122.703
16968,122.703
16969,122.703
16970,122.703
16971,122.703
16972,122.703
16973,122.703
16974,122.703
16975,103.781
16976,103.781
16977,103.781
16978,103.781
16979,103.781
16980,103.781
16981,103.781
16982,103.781
16983,103.781
16984,103.781
16985,103.781
16986,103.781
16987,103.781
16988,103.781
16989,103.781
16990,103.781
16991,103.781
16992,103.781
16993,103.781
16994,103.781
16995,141.489
16996,141.489
16997,141.489
16998,141.489
16999,141.489
17000,141.489
17001,141.489
17002,141.489
17003,141.489
17004,141.489
17005,141.489
17006,141.489
17007,141.489
17008,141.489
17009,141.489
17010,141.489
17011,141.489
17012,141.489
17013,141.489
17014,141.489
17015,98.443
17016,98.443
17017,98.443
17018,98.443
17019,98.443
17020,98.443
17021,98.443
17022,98.443
17023,98.443
17024,98.443
17025,98.443
17026,98.443
17027,98.443
17028,98.443
17029,98.443
17030,98.443
17031,98.443
17032,98.443
17033,98.443
17034,98.443
17035,131.895
17036,131.895
17037,131.895
17038,131.895
17039,131.895
17040,131.895
17041,131.895
17042,131.895
17043,131.895
17044,131.895
17045,131.895
17046,131.895
17047,131.895
17048,131.895
17049,131.895
17050,131.895
17051,131.895
17052,131.895
17053,131.895
17054,131.895
17055,110.596
17056,110.596
17057,110.596
17058,110.596
17059,110.596
17060,110.596
17061,110.596
17062,110.596
17063,110.596
17064,110.596
17065,110.596
17066,110.596
17067,110.596
17068,110.596
17069,110.596
17070,110.596
17071,110.596
17072,110.596
17073,110.596
17074,110.596
17075,104.985
17076,104.985
17077,104.985
17078,104.985
17079,104.985
17080,104.985
17081,104.985
17082,104.985
17083,104.985
17084,104.985
17085,104.985
17086,104.985
17087,104.985
17088,104.985
17089,104.985
17090,104.985
17091,104.985
17092,104.985
17093,104.985
17094,104.985
17095,130.684
17096,130.684
17097,130.684
17098,130.684
17099,130.684
17100,130.684
17101,130.684
17102,130.684
17103,130.684
17104,130.684
17105,130.684
17106,130.684
17107,130.684
17108,130.684
17109,130.684
17110,130.684
17111,130.684
17112,130.684
17113,130.684
17114,130.684
17115,101.741
17116,101.741
17117,101.741
17118,101.741
17119,101.741
17120,101.741
17121,101.741
17122,101.741
17123,101.741
17124,101.741
17125,101.741
17126,101.741
17127,101.741
17128,101.741
17129,101.741
17130,101.741
17131,101.741
17132,101.741
17133,101.741
17134,101.741
17135,141.36
17136,141.36
17137,141.36
17138,141.36
17139,141.36
17140,141.36
17141,141.36
17142,141.36
17143,141.36
17144,141.36
17145,141.36
17146,141.36
17147,141.36
17148,141.36
17149,141.36
17150,141.36
17151,141.36
17152,141.36
17153,141.36
17154,141.36
17155,141.36
17156,102.014
17157,102.014
17158,102.014
17159,102.014
17160,102.014
17161,102.014
17162,102.014
17163,102.014
17164,102.014
17165,102.014
17166,102.014
17167,102.014
17168,102.014
17169,102.014
17170,102.014
17171,102.014
17172,102.014
17173,102.014
17174,102.014
17175,102.014
17176,121.828
17177,121.828
17178,121.828
17179,121.828
17180,121.828
17181,121.828
17182,121.828
17183,121.828
17184,121.828
17185,121.828
17186,121.828
17187,121.828
17188,121.828
17189,121.828
17190,121.828
17191,121.828
17192,121.828
17193,121.828
17194,121.828
17195,121.828
17196,116.37
17197,116.37
17198,116.37
17199,116.37
17200,116.37
17201,116.37
17202,116.37
17203,116.37
17204,116.37
17205,116.37
17206,116.37
17207,116.37
17208,116.37
17209,116.37
17210,116.37
17211,116.37
17212,116.37
17213,116.37
17214,116.37
17215,116.37
17216,103.499
17217,103.499
17218,103.499
17219,103.499
17220,103.499
17221,103.499
17222,103.499
17223,103.499
17224,103.499
17225,103.499
17226,103.499
17227,103.499
17228,103.499
17229,103.499
17230,103.499
17231,103.499
17232,103.499
17233,103.499
17234,103.499
17235,103.499
17236,135.609
17237,135.609
17238,135.609
17239,135.609
17240,135.609
17241,135.609
17242,135.609
17243,135.609
17244,135.609
17245,135.609
17246,135.609
17247,135.609
17248,135.609
17249,135.609
17250,135.609
17251,135.609
17252,135.609
17253,135.609
17254,135.609
17255,135.609
17256,99.373
17257,99.373
17258,99.373
17259,99.373
17260,99.373
17261,99.373
17262,99.373
17263,99.373
17264,99.373
17265,99.373
17266,99.373
17267,99.373
17268,99.373
17269,99.373
17270,99.373
17271,99.373
17272,99.373
17273,99.373
17274,99.373
17275,99.373
17276,135
17277,135
17278,135
17279,135
17280,135
17281,135
17282,135
17283,135
17284,135
17285,135
17286,135
17287,135
17288,135
17289,135
17290,135
17291,135
17292,135
17293,135
17294,135
17295,135
17296,104.549
17297,104.549
17298,104.549
17299,104.549
17300,104.549
17301,104.549
17302,104.549
17303,104.549
17304,104.549
17305,104.549
17306,104.549
17307,104.549
17308,104.549
17309,104.549
17310,104.549
17311,104.549
17312,104.549
17313,104.549
17314,104.549
17315,104.549
17316,114.333
17317,114.333
17318,114.333
17319,114.333
17320,114.333
17321,114.333
17322,114.333
17323,114.333
17324,114.333
17325,114.333
17326,114.333
17327,114.333
17328,114.333
17329,114.333
17330,114.333
17331,114.333
17332,114.333
17333,114.333
17334,114.333
17335,114.333
17336,119.337
17337,119.337
17338,119.337
17339,119.337
17340,119.337
17341,119.337
17342,119.337
17343,119.337
17344,119.337
17345,119.337
17346,119.337
17347,119.337
17348,119.337
17349,119.337
17350,119.337
17351,119.337
17352,119.337
17353,119.337
17354,119.337
17355,119.337
17356,119.337
17357,102.183
17358,102.183
17359,102.183
17360,102.183
17361,102.183
17362,102.183
17363,102.183
17364,102.183
17365,102.183
17366,102.183
17367,102.183
17368,102.183
17369,102.183
17370,102.183
17371,102.183
17372,102.183
17373,102.183
17374,102.183
17375,102.183
17376,102.183
17377,140.606
17378,140.606
17379,140.606
17380,140.606
17381,140.606
17382,140.606
17383,140.606
17384,140.606
17385,140.606
17386,140.606
17387,140.606
17388,140.606
17389,140.606
17390,140.606
17391,140.606
17392,140.606
17393,140.606
17394,140.606
17395,140.606
17396,140.606
17397,98.771
17398,98.771
17399,98.771
17400,98.771
17401,98.771
17402,98.771
17403,98.771
17404,98.771
17405,98.771
17406,98.771
17407,98.771
17408,98.771
17409,98.771
17410,98.771
17411,98.771
17412,98.771
17413,98.771
17414,98.771
17415,98.771
17416,98.771
17417,132.916
17418,132.916
17419,132.916
17420,132.916
17421,132.916
17422,132.916
17423,132.916
17424,132.916
17425,132.916
17426,132.916
17427,132.916
17428,132.916
17429,132.916
17430,132.916
17431,132.916
17432,132.916
17433,132.916
17434,132.916
17435,132.916
17436,132.916
17437,109.281
17438,109.281
17439,109.281
17440,109.281
17441,109.281
17442,109.281
17443,109.281
17444,109.281
17445,109.281
17446,109.281
17447,109.281
17448,109.281
17449,109.281
17450,109.281
17451,109.281
17452,109.281
17453,109.281
17454,109.281
17455,109.281
17456,109.281
17457,111.975
17458,111.975
17459,111.975
17460,111.975
17461,111.975
17462,111.975
17463,111.975
17464,111.975
17465,111.975
17466,111.975
17467,111.975
17468,111.975
17469,111.975
17470,111.975
17471,111.975
17472,111.975
17473,111.975
17474,111.975
17475,111.975
17476,111.975
17477,126.625
17478,126.625
17479,126.625
17480,126.625
17481,126.625
17482,126.625
17483,126.625
17484,126.625
17485,126.625
17486,126.625
17487,126.625
17488,126.625
17489,126.625
17490,126.625
17491,126.625
17492,126.625
17493,126.625
17494,126.625
17495,126.625
17496,126.625
17497,102.792
17498,102.792
17499,102.792
17500,102.792
17501,102.792
17502,102.792
17503,102.792
17504,102.792
17505,102.792
17506,102.792
17507,102.792
17508,102.792
17509,102.792
17510,102.792
17511,102.792
17512,102.792
17513,102.792
17514,102.792
17515,102.792
17516,102.792
17517,145.065
17518,145.065
17519,145.065
17520,145.065
17521,145.065
17522,145.065
17523,145.065
17524,145.065
17525,145.065
17526,145.065
17527,145.065
17528,145.065
17529,145.065
17530,145.065
17531,145.065
17532,145.065
17533,145.065
17534,145.065
17535,145.065
17536,145.065
17537,101.309
17538,101.309
17539,101.309
17540,101.309
17541,101.309
17542,101.309
17543,101.309
17544,101.309
17545,101.309
17546,101.309
17547,101.309
17548,101.309
17549,101.309
17550,101.309
17551,101.309
17552,101.309
17553,101.309
17554,101.309
17555,101.309
17556,101.309
17557,101.309
17558,126.154
17559,126.154
17560,126.154
17561,126.154
17562,126.154
17563,126.154
17564,126.154
17565,126.154
17566,126.154
17567,126.154
17568,126.154
17569,126.154
17570,126.154
17571,126.154
17572,126.154
17573,126.154
17574,126.154
17575,126.154
17576,126.154
17577,126.154
17578,111.639
17579,111.639
17580,111.639
17581,111.639
17582,111.639
17583,111.639
17584,111.639
17585,111.639
17586,111.639
17587,111.639
17588,111.639
17589,111.639
17590,111.639
17591,111.639
17592,111.639
17593,111.639
17594,111.639
17595,111.639
17596,111.639
17597,111.639
17598,105.158
17599,105.158
17600,105.158
17601,105.158
17602,105.158
17603,105.158
17604,105.158
17605,105.158
17606,105.158
17607,105.158
17608,105.158
17609,105.158
17610,105.158
17611,105.158
17612,105.158
17613,105.158
17614,105.158
17615,105.158
17616,105.158
17617,105.158
17618,129.394
17619,129.394
17620,129.394
17621,129.394
17622,129.394
17623,129.394
17624,129.394
17625,129.394
17626,129.394
17627,129.394
17628,129.394
17629,129.394
17630,129.394
17631,129.394
17632,129.394
17633,129.394
17634,129.394
17635,129.394
17636,129.394
17637,129.394
17638,101.309
17639,101.309
17640,101.309
17641,101.309
17642,101.309
17643,101.309
17644,101.309
17645,101.309
17646,101.309
17647,101.309
17648,101.309
17649,101.309
17650,101.309
17651,101.309
17652,101.309
17653,101.309
17654,101.309
17655,101.309
17656,101.309
17657,101.309
17658,143.3
17659,143.3
17660,143.3
17661,143.3
17662,143.3
17663,143.3
17664,143.3
17665,143.3
17666,143.3
17667,143.3
17668,143.3
17669,143.3
17670,143.3
17671,143.3
17672,143.3
17673,143.3
17674,143.3
17675,143.3
17676,143.3
17677,143.3
17678,101.036
17679,101.036
17680,101.036
17681,101.036
17682,101.036
17683,101.036
17684,101.036
17685,101.036
17686,101.036
17687,101.036
17688,101.036
17689,101.036
17690,101.036
17691,101.036
17692,101.036
17693,101.036
17694,101.036
17695,101.036
17696,101.036
17697,101.036
17698,101.036
17699,120.821
17700,120.821
17701,120.821
17702,120.821
17703,120.821
17704,120.821
17705,120.821
17706,120.821
17707,120.821
17708,120.821
17709,120.821
17710,120.821
17711,120.821
17712,120.821
17713,120.821
17714,120.821
17715,120.821
17716,120.821
17717,120.821
17718,118.182
17719,118.182
17720,118.182
17721,118.182
17722,118.182
17723,118.182
17724,118.182
17725,118.182
17726,118.182
17727,118.182
17728,118.182
17729,118.182
17730,118.182
17731,118.182
17732,118.182
17733,118.182
17734,118.182
17735,118.182
17736,118.182
17737,118.182
17738,118.182
17739,104.003
17740,104.003
17741,104.003
17742,104.003
17743,104.003
17744,104.003
17745,104.003
17746,104.003
17747,104.003
17748,104.003
17749,104.003
17750,104.003
17751,104.003
17752,104.003
17753,104.003
17754,104.003
17755,104.003
17756,104.003
17757,104.003
17758,104.003
17759,135.609
17760,135.609
17761,135.609
17762,135.609
17763,135.609
17764,135.609
17765,135.609
17766,135.609
17767,135.609
17768,135.609
17769,135.609
17770,135.609
17771,135.609
17772,135.609
17773,135.609
17774,135.609
17775,135.609
17776,135.609
17777,135.609
17778,135.609
17779,100.426
17780,100.426
17781,100.426
17782,100.426
17783,100.426
17784,100.426
17785,100.426
17786,100.426
17787,100.426
17788,100.426
17789,100.426
17790,100.426
17791,100.426
17792,100.426
17793,100.426
17794,100.426
17795,100.426
17796,100.426
17797,100.426
17798,100.426
17799,135.743
17800,135.743
17801,135.743
17802,135.743
17803,135.743
17804,135.743
17805,135.743
17806,135.743
17807,135.743
17808,135.743
17809,135.743
17810,135.743
17811,135.743
17812,135.743
17813,135.743
17814,135.743
17815,135.743
17816,135.743
17817,135.743
17818,135.743
17819,102.792
17820,102.792
17821,102.792
17822,102.792
17823,102.792
17824,102.792
17825,102.792
17826,102.792
17827,102.792
17828,102.792
17829,102.792
17830,102.792
17831,102.792
17832,102.792
17833,102.792
17834,102.792
17835,102.792
17836,102.792
17837,102.792
17838,102.792
17839,115.215
17840,115.215
17841,115.215
17842,115.215
17843,115.215
17844,115.215
17845,115.215
17846,115.215
17847,115.215
17848,115.215
17849,115.215
17850,115.215
17851,115.215
17852,115.215
17853,115.215
17854,115.215
17855,115.215
17856,115.215
17857,115.215
17858,115.215
17859,122.578
17860,122.578
17861,122.578
17862,122.578
17863,122.578
17864,122.578
17865,122.578
17866,122.578
17867,122.578
17868,122.578
17869,122.578
17870,122.578
17871,122.578
17872,122.578
17873,122.578
17874,122.578
17875,122.578
17876,122.578
17877,122.578
17878,122.578
17879,101.741
17880,101.741
17881,101.741
17882,101.741
17883,101.741
17884,101.741
17885,101.741
17886,101.741
17887,101.741
17888,101.741
17889,101.741
17890,101.741
17891,101.741
17892,101.741
17893,101.741
17894,101.741
17895,101.741
17896,101.741
17897,101.741
17898,101.741
17899,146.22
17900,146.22
17901,146.22
17902,146.22
17903,146.22
17904,146.22
17905,146.22
17906,146.22
17907,146.22
17908,146.22
17909,146.22
17910,146.22
17911,146.22
17912,146.22
17913,146.22
17914,146.22
17915,146.22
17916,146.22
17917,146.22
17918,146.22
17919,98.67
17920,98.67
17921,98.67
17922,98.67
17923,98.67
17924,98.67
17925,98.67
17926,98.67
17927,98.67
17928,98.67
17929,98.67
17930,98.67
17931,98.67
17932,98.67
17933,98.67
17934,98.67
17935,98.67
17936,98.67
17937,98.67
17938,98.67
17939,127.911
17940,127.911
17941,127.911
17942,127.911
17943,127.911
17944,127.911
17945,127.911
17946,127.911
17947,127.911
17948,127.911
17949,127.911
17950,127.911
17951,127.911
17952,127.911
17953,127.911
17954,127.911
17955,127.911
17956,127.911
17957,127.911
17958,127.911
17959,127.911
17960,109.281
17961,109.281
17962,109.281
17963,109.281
17964,109.281
17965,109.281
17966,109.281
17967,109.281
17968,109.281
17969,109.281
17970,109.281
17971,109.281
17972,109.281
17973,109.281
17974,109.281
17975,109.281
17976,109.281
17977,109.281
17978,109.281
17979,109.281
17980,109.882
17981,109.882
17982,109.882
17983,109.882
17984,109.882
17985,109.882
17986,109.882
17987,109.882
17988,109.882
17989,109.882
17990,109.882
17991,109.882
17992,109.882
17993,109.882
17994,109.882
17995,109.882
17996,109.882
17997,109.882
17998,109.882
17999,109.882
18000,127.637
18001,127.637
18002,127.637
18003,127.637
18004,127.637
18005,127.637
18006,127.637
18007,127.637
18008,127.637
18009,127.637
18010,127.637
18011,127.637
18012,127.637
18013,127.637
18014,127.637
18015,127.637
18016,127.637
18017,127.637
18018,127.637
18019,127.637
18020,102.624
18021,102.624
18022,102.624
18023,102.624
18024,102.624
18025,102.624
18026,102.624
18027,102.624
18028,102.624
18029,102.624
18030,102.624
18031,102.624
18032,102.624
18033,102.624
18034,102.624
18035,102.624
18036,102.624
18037,102.624
18038,102.624
18039,102.624
18040,141.817
18041,141.817
18042,141.817
18043,141.817
18044,141.817
18045,141.817
18046,141.817
18047,141.817
18048,141.817
18049,141.817
18050,141.817
18051,141.817
18052,141.817
18053,141.817
18054,141.817
18055,141.817
18056,141.817
18057,141.817
18058,141.817
18059,141.817
18060,100.153
18061,100.153
18062,100.153
18063,100.153
18064,100.153
18065,100.153
18066,100.153
18067,100.153
18068,100.153
18069,100.153
18070,100.153
18071,100.153
18072,100.153
18073,100.153
18074,100.153
18075,100.153
18076,100.153
18077,100.153
18078,100.153
18079,100.153
18080,119.064
18081,119.064
18082,119.064
18083,119.064
18084,119.064
18085,119.064
18086,119.064
18087,119.064
18088,119.064
18089,119.064
18090,119.064
18091,119.064
18092,119.064
18093,119.064
18094,119.064
18095,119.064
18096,119.064
18097,119.064
18098,119.064
18099,119.064
18100,120.22
18101,120.22
18102,120.22
18103,120.22
18104,120.22
18105,120.22
18106,120.22
18107,120.22
18108,120.22
18109,120.22
18110,120.22
18111,120.22
18112,120.22
18113,120.22
18114,120.22
18115,120.22
18116,120.22
18117,120.22
18118,120.22
18119,120.22
18120,101.741
18121,101.741
18122,101.741
18123,101.741
18124,101.741
18125,101.741
18126,101.741
18127,101.741
18128,101.741
18129,101.741
18130,101.741
18131,101.741
18132,101.741
18133,101.741
18134,101.741
18135,101.741
18136,101.741
18137,101.741
18138,101.741
18139,101.741
18140,147.704
18141,147.704
18142,147.704
18143,147.704
18144,147.704
18145,147.704
18146,147.704
18147,147.704
18148,147.704
18149,147.704
18150,147.704
18151,147.704
18152,147.704
18153,147.704
18154,147.704
18155,147.704
18156,147.704
18157,147.704
18158,147.704
18159,147.704
18160,99.373
18161,99.373
18162,99.373
18163,99.373
18164,99.373
18165,99.373
18166,99.373
18167,99.373
18168,99.373
18169,99.373
18170,99.373
18171,99.373
18172,99.373
18173,99.373
18174,99.373
18175,99.373
18176,99.373
18177,99.373
18178,99.373
18179,99.373
18180,99.373
18181,129.394
18182,129.394
18183,129.394
18184,129.394
18185,129.394
18186,129.394
18187,129.394
18188,129.394
18189,129.394
18190,129.394
18191,129.394
18192,129.394
18193,129.394
18194,129.394
18195,129.394
18196,129.394
18197,129.394
18198,129.394
18199,129.394
18200,129.394
18201,110.764
18202,110.764
18203,110.764
18204,110.764
18205,110.764
18206,110.764
18207,110.764
18208,110.764
18209,110.764
18210,110.764
18211,110.764
18212,110.764
18213,110.764
18214,110.764
18215,110.764
18216,110.764
18217,110.764
18218,110.764
18219,110.764
18220,110.764
18221,104.276
18222,104.276
18223,104.276
18224,104.276
18225,104.276
18226,104.276
18227,104.276
18228,104.276
18229,104.276
18230,104.276
18231,104.276
18232,104.276
18233,104.276
18234,104.276
18235,104.276
18236,104.276
18237,104.276
18238,104.276
18239,104.276
18240,104.276
18241,132.642
18242,132.642
18243,132.642
18244,132.642
18245,132.642
18246,132.642
18247,132.642
18248,132.642
18249,132.642
18250,132.642
18251,132.642
18252,132.642
18253,132.642
18254,132.642
18255,132.642
18256,132.642
18257,132.642
18258,132.642
18259,132.642
18260,132.642
18261,99.271
18262,99.271
18263,99.271
18264,99.271
18265,99.271
18266,99.271
18267,99.271
18268,99.271
18269,99.271
18270,99.271
18271,99.271
18272,99.271
18273,99.271
18274,99.271
18275,99.271
18276,99.271
18277,99.271
18278,99.271
18279,99.271
18280,99.271
18281,136.344
18282,136.344
18283,136.344
18284,136.344
18285,136.344
18286,136.344
18287,136.344
18288,136.344
18289,136.344
18290,136.344
18291,136.344
18292,136.344
18293,136.344
18294,136.344
18295,136.344
18296,136.344
18297,136.344
18298,136.344
18299,136.344
18300,136.344
18301,103.394
18302,103.394
18303,103.394
18304,103.394
18305,103.394
18306,103.394
18307,103.394
18308,103.394
18309,103.394
18310,103.394
18311,103.394
18312,103.394
18313,103.394
18314,103.394
18315,103.394
18316,103.394
18317,103.394
18318,103.394
18319,103.394
18320,103.394
18321,115.097
18322,115.097
18323,115.097
18324,115.097
18325,115.097
18326,115.097
18327,115.097
18328,115.097
18329,115.097
18330,115.097
18331,115.097
18332,115.097
18333,115.097
18334,115.097
18335,115.097
18336,115.097
18337,115.097
18338,115.097
18339,115.097
18340,115.097
18341,123.46
18342,123.46
18343,123.46
18344,123.46
18345,123.46
18346,123.46
18347,123.46
18348,123.46
18349,123.46
18350,123.46
18351,123.46
18352,123.46
18353,123.46
18354,123.46
18355,123.46
18356,123.46
18357,123.46
18358,123.46
18359,123.46
18360,123.46
18361,102.519
18362,102.519
18363,102.519
18364,102.519
18365,102.519
18366,102.519
18367,102.519
18368,102.519
18369,102.519
18370,102.519
18371,102.519
18372,102.519
18373,102.519
18374,102.519
18375,102.519
18376,102.519
18377,102.519
18378,102.519
18379,102.519
18380,102.519
18381,145.065
18382,145.065
18383,145.065
18384,145.065
18385,145.065
18386,145.065
18387,145.065
18388,145.065
18389,145.065
18390,145.065
18391,145.065
18392,145.065
18393,145.065
18394,145.065
18395,145.065
18396,145.065
18397,145.065
18398,145.065
18399,145.065
18400,145.065
18401,145.065
18402,98.67
18403,98.67
18404,98.67
18405,98.67
18406,98.67
18407,98.67
18408,98.67
18409,98.67
18410,98.67
18411,98.67
18412,98.67
18413,98.67
18414,98.67
18415,98.67
18416,98.67
18417,98.67
18418,98.67
18419,98.67
18420,98.67
18421,98.67
18422,129.394
18423,129.394
18424,129.394
18425,129.394
18426,129.394
18427,129.394
18428,129.394
18429,129.394
18430,129.394
18431,129.394
18432,129.394
18433,129.394
18434,129.394
18435,129.394
18436,129.394
18437,129.394
18438,129.394
18439,129.394
18440,129.394
18441,129.394
18442,109.882
18443,109.882
18444,109.882
18445,109.882
18446,109.882
18447,109.882
18448,109.882
18449,109.882
18450,109.882
18451,109.882
18452,109.882
18453,109.882
18454,109.882
18455,109.882
18456,109.882
18457,109.882
18458,109.882
18459,109.882
18460,109.882
18461,109.882
18462,107.908
18463,107.908
18464,107.908
18465,107.908
18466,107.908
18467,107.908
18468,107.908
18469,107.908
18470,107.908
18471,107.908
18472,107.908
18473,107.908
18474,107.908
18475,107.908
18476,107.908
18477,107.908
18478,107.908
18479,107.908
18480,107.908
18481,107.908
18482,129.253
18483,129.253
18484,129.253
18485,129.253
18486,129.253
18487,129.253
18488,129.253
18489,129.253
18490,129.253
18491,129.253
18492,129.253
18493,129.253
18494,129.253
18495,129.253
18496,129.253
18497,129.253
18498,129.253
18499,129.253
18500,129.253
18501,129.253
18502,100.803
18503,100.803
18504,100.803
18505,100.803
18506,100.803
18507,100.803
18508,100.803
18509,100.803
18510,100.803
18511,100.803
18512,100.803
18513,100.803
18514,100.803
18515,100.803
18516,100.803
18517,100.803
18518,100.803
18519,100.803
18520,100.803
18521,100.803
18522,137.507
18523,137.507
18524,137.507
18525,137.507
18526,137.507
18527,137.507
18528,137.507
18529,137.507
18530,137.507
18531,137.507
18532,137.507
18533,137.507
18534,137.507
18535,137.507
18536,137.507
18537,137.507
18538,137.507
18539,137.507
18540,137.507
18541,137.507
18542,99.654
18543,99.654
18544,99.654
18545,99.654
18546,99.654
18547,99.654
18548,99.654
18549,99.654
18550,99.654
18551,99.654
18552,99.654
18553,99.654
18554,99.654
18555,99.654
18556,99.654
18557,99.654
18558,99.654
18559,99.654
18560,99.654
18561,99.654
18562,122.578
18563,122.578
18564,122.578
18565,122.578
18566,122.578
18567,122.578
18568,122.578
18569,122.578
18570,122.578
18571,122.578
18572,122.578
18573,122.578
18574,122.578
18575,122.578
18576,122.578
18577,122.578
18578,122.578
18579,122.578
18580,122.578
18581,122.578
18582,118.455
18583,118.455
18584,118.455
18585,118.455
18586,118.455
18587,118.455
18588,118.455
18589,118.455
18590,118.455
18591,118.455
18592,118.455
18593,118.455
18594,118.455
18595,118.455
18596,118.455
18597,118.455
18598,118.455
18599,118.455
18600,118.455
18601,118.455
18602,102.898
18603,102.898
18604,102.898
18605,102.898
18606,102.898
18607,102.898
18608,102.898
18609,102.898
18610,102.898
18611,102.898
18612,102.898
18613,102.898
18614,102.898
18615,102.898
18616,102.898
18617,102.898
18618,102.898
18619,102.898
18620,102.898
18621,102.898
18622,102.898
18623,137.639
18624,137.639
18625,137.639
18626,137.639
18627,137.639
18628,137.639
18629,137.639
18630,137.639
18631,137.639
18632,137.639
18633,137.639
18634,137.639
18635,137.639
18636,137.639
18637,137.639
18638,137.639
18639,137.639
18640,137.639
18641,137.639
18642,137.639
18643,99.928
18644,99.928
18645,99.928
18646,99.928
18647,99.928
18648,99.928
18649,99.928
18650,99.928
18651,99.928
18652,99.928
18653,99.928
18654,99.928
18655,99.928
18656,99.928
18657,99.928
18658,99.928
18659,99.928
18660,99.928
18661,99.928
18662,99.928
18663,136.765
18664,136.765
18665,136.765
18666,136.765
18667,136.765
18668,136.765
18669,136.765
18670,136.765
18671,136.765
18672,136.765
18673,136.765
18674,136.765
18675,136.765
18676,136.765
18677,136.765
18678,136.765
18679,136.765
18680,136.765
18681,136.765
18682,136.765
18683,107.353
18684,107.353
18685,107.353
18686,107.353
18687,107.353
18688,107.353
18689,107.353
18690,107.353
18691,107.353
18692,107.353
18693,107.353
18694,107.353
18695,107.353
18696,107.353
18697,107.353
18698,107.353
18699,107.353
18700,107.353
18701,107.353
18702,107.353
18703,115.333
18704,115.333
18705,115.333
18706,115.333
18707,115.333
18708,115.333
18709,115.333
18710,115.333
18711,115.333
18712,115.333
18713,115.333
18714,115.333
18715,115.333
18716,115.333
18717,115.333
18718,115.333
18719,115.333
18720,115.333
18721,115.333
18722,115.333
18723,124.525
18724,124.525
18725,124.525
18726,124.525
18727,124.525
18728,124.525
18729,124.525
18730,124.525
18731,124.525
18732,124.525
18733,124.525
18734,124.525
18735,124.525
18736,124.525
18737,124.525
18738,124.525
18739,124.525
18740,124.525
18741,124.525
18742,124.525
18743,101.413
18744,101.413
18745,101.413
18746,101.413
18747,101.413
18748,101.413
18749,101.413
18750,101.413
18751,101.413
18752,101.413
18753,101.413
18754,101.413
18755,101.413
18756,101.413
18757,101.413
18758,101.413
18759,101.413
18760,101.413
18761,101.413
18762,101.413
18763,145.666
18764,145.666
18765,145.666
18766,145.666
18767,145.666
18768,145.666
18769,145.666
18770,145.666
18771,145.666
18772,145.666
18773,145.666
18774,145.666
18775,145.666
18776,145.666
18777,145.666
18778,145.666
18779,145.666
18780,145.666
18781,145.666
18782,145.666
18783,99.825
18784,99.825
18785,99.825
18786,99.825
18787,99.825
18788,99.825
18789,99.825
18790,99.825
18791,99.825
18792,99.825
18793,99.825
18794,99.825
18795,99.825
18796,99.825
18797,99.825
18798,99.825
18799,99.825
18800,99.825
18801,99.825
18802,99.825
18803,99.825
18804,129.667
18805,129.667
18806,129.667
18807,129.667
18808,129.667
18809,129.667
18810,129.667
18811,129.667
18812,129.667
18813,129.667
18814,129.667
18815,129.667
18816,129.667
18817,129.667
18818,129.667
18819,129.667
18820,129.667
18821,129.667
18822,129.667
18823,129.667
18824,111.975
18825,111.975
18826,111.975
18827,111.975
18828,111.975
18829,111.975
18830,111.975
18831,111.975
18832,111.975
18833,111.975
18834,111.975
18835,111.975
18836,111.975
18837,111.975
18838,111.975
18839,111.975
18840,111.975
18841,111.975
18842,111.975
18843,111.975
18844,106.033
18845,106.033
18846,106.033
18847,106.033
18848,106.033
18849,106.033
18850,106.033
18851,106.033
18852,106.033
18853,106.033
18854,106.033
18855,106.033
18856,106.033
18857,106.033
18858,106.033
18859,106.033
18860,106.033
18861,106.033
18862,106.033
18863,106.033
18864,129.121
18865,129.121
18866,129.121
18867,129.121
18868,129.121
18869,129.121
18870,129.121
18871,129.121
18872,129.121
18873,129.121
18874,129.121
18875,129.121
18876,129.121
18877,129.121
18878,129.121
18879,129.121
18880,129.121
18881,129.121
18882,129.121
18883,129.121
18884,100.153
18885,100.153
18886,100.153
18887,100.153
18888,100.153
18889,100.153
18890,100.153
18891,100.153
18892,100.153
18893,100.153
18894,100.153
18895,100.153
18896,100.153
18897,100.153
18898,100.153
18899,100.153
18900,100.153
18901,100.153
18902,100.153
18903,100.153
18904,140.005
18905,140.005
18906,140.005
18907,140.005
18908,140.005
18909,140.005
18910,140.005
18911,140.005
18912,140.005
18913,140.005
18914,140.005
18915,140.005
18916,140.005
18917,140.005
18918,140.005
18919,140.005
18920,140.005
18921,140.005
18922,140.005
18923,140.005
18924,101.637
18925,101.637
18926,101.637
18927,101.637
18928,101.637
18929,101.637
18930,101.637
18931,101.637
18932,101.637
18933,101.637
18934,101.637
18935,101.637
18936,101.637
18937,101.637
18938,101.637
18939,101.637
18940,101.637
18941,101.637
18942,101.637
18943,101.637
18944,122.914
18945,122.914
18946,122.914
18947,122.914
18948,122.914
18949,122.914
18950,122.914
18951,122.914
18952,122.914
18953,122.914
18954,122.914
18955,122.914
18956,122.914
18957,122.914
18958,122.914
18959,122.914
18960,122.914
18961,122.914
18962,122.914
18963,122.914
18964,118.061
18965,118.061
18966,118.061
18967,118.061
18968,118.061
18969,118.061
18970,118.061
18971,118.061
18972,118.061
18973,118.061
18974,118.061
18975,118.061
18976,118.061
18977,118.061
18978,118.061
18979,118.061
18980,118.061
18981,118.061
18982,118.061
18983,118.061
18984,118.061
18985,103.394
18986,103.394
18987,103.394
18988,103.394
18989,103.394
18990,103.394
18991,103.394
18992,103.394
18993,103.394
18994,103.394
18995,103.394
18996,103.394
18997,103.394
18998,103.394
18999,103.394
19000,103.394
19001,103.394
19002,103.394
19003,103.394
19004,103.394
19005,135.883
19006,135.883
19007,135.883
19008,135.883
19009,135.883
19010,135.883
19011,135.883
19012,135.883
19013,135.883
19014,135.883
19015,135.883
19016,135.883
19017,135.883
19018,135.883
19019,135.883
19020,135.883
19021,135.883
19022,135.883
19023,135.883
19024,135.883
19025,97.186
19026,97.186
19027,97.186
19028,97.186
19029,97.186
19030,97.186
19031,97.186
19032,97.186
19033,97.186
19034,97.186
19035,97.186
19036,97.186
19037,97.186
19038,97.186
19039,97.186
19040,97.186
19041,97.186
19042,97.186
19043,97.186
19044,97.186
19045,131.76
19046,131.76
19047,131.76
19048,131.76
19049,131.76
19050,131.76
19051,131.76
19052,131.76
19053,131.76
19054,131.76
19055,131.76
19056,131.76
19057,131.76
19058,131.76
19059,131.76
19060,131.76
19061,131.76
19062,131.76
19063,131.76
19064,131.76
19065,109.882
19066,109.882
19067,109.882
19068,109.882
19069,109.882
19070,109.882
19071,109.882
19072,109.882
19073,109.882
19074,109.882
19075,109.882
19076,109.882
19077,109.882
19078,109.882
19079,109.882
19080,109.882
19081,109.882
19082,109.882
19083,109.882
19084,109.882
19085,104.276
19086,104.276
19087,104.276
19088,104.276
19089,104.276
19090,104.276
19091,104.276
19092,104.276
19093,104.276
19094,104.276
19095,104.276
19096,104.276
19097,104.276
19098,104.276
19099,104.276
19100,104.276
19101,104.276
19102,104.276
19103,104.276
19104,104.276
19105,128.661
19106,128.661
19107,128.661
19108,128.661
19109,128.661
19110,128.661
19111,128.661
19112,128.661
19113,128.661
19114,128.661
19115,128.661
19116,128.661
19117,128.661
19118,128.661
19119,128.661
19120,128.661
19121,128.661
19122,128.661
19123,128.661
19124,128.661
19125,100.932
19126,100.932
19127,100.932
19128,100.932
19129,100.932
19130,100.932
19131,100.932
19132,100.932
19133,100.932
19134,100.932
19135,100.932
19136,100.932
19137,100.932
19138,100.932
19139,100.932
19140,100.932
19141,100.932
19142,100.932
19143,100.932
19144,100.932
19145,138.707
19146,138.707
19147,138.707
19148,138.707
19149,138.707
19150,138.707
19151,138.707
19152,138.707
19153,138.707
19154,138.707
19155,138.707
19156,138.707
19157,138.707
19158,138.707
19159,138.707
19160,138.707
19161,138.707
19162,138.707
19163,138.707
19164,138.707
19165,102.079
19166,102.079
19167,102.079
19168,102.079
19169,102.079
19170,102.079
19171,102.079
19172,102.079
19173,102.079
19174,102.079
19175,102.079
19176,102.079
19177,102.079
19178,102.079
19179,102.079
19180,102.079
19181,102.079
19182,102.079
19183,102.079
19184,102.079
19185,102.079
19186,116.251
19187,116.251
19188,116.251
19189,116.251
19190,116.251
19191,116.251
19192,116.251
19193,116.251
19194,116.251
19195,116.251
19196,116.251
19197,116.251
19198,116.251
19199,116.251
19200,116.251
19201,116.251
19202,116.251
19203,116.251
19204,116.251
19205,116.251
19206,122.788
19207,122.788
19208,122.788
19209,122.788
19210,122.788
19211,122.788
19212,122.788
19213,122.788
19214,122.788
19215,122.788
19216,122.788
19217,122.788
19218,122.788
19219,122.788
19220,122.788
19221,122.788
19222,122.788
19223,122.788
19224,122.788
19225,122.788
19226,102.414
19227,102.414
19228,102.414
19229,102.414
19230,102.414
19231,102.414
19232,102.414
19233,102.414
19234,102.414
19235,102.414
19236,102.414
19237,102.414
19238,102.414
19239,102.414
19240,102.414
19241,102.414
19242,102.414
19243,102.414
19244,102.414
19245,102.414
19246,140.462
19247,140.462
19248,140.462
19249,140.462
19250,140.462
19251,140.462
19252,140.462
19253,140.462
19254,140.462
19255,140.462
19256,140.462
19257,140.462
19258,140.462
19259,140.462
19260,140.462
19261,140.462
19262,140.462
19263,140.462
19264,140.462
19265,140.462
19266,98.842
19267,98.842
19268,98.842
19269,98.842
19270,98.842
19271,98.842
19272,98.842
19273,98.842
19274,98.842
19275,98.842
19276,98.842
19277,98.842
19278,98.842
19279,98.842
19280,98.842
19281,98.842
19282,98.842
19283,98.842
19284,98.842
19285,98.842
19286,132.779
19287,132.779
19288,132.779
19289,132.779
19290,132.779
19291,132.779
19292,132.779
19293,132.779
19294,132.779
19295,132.779
19296,132.779
19297,132.779
19298,132.779
19299,132.779
19300,132.779
19301,132.779
19302,132.779
19303,132.779
19304,132.779
19305,132.779
19306,110.651
19307,110.651
19308,110.651
19309,110.651
19310,110.651
19311,110.651
19312,110.651
19313,110.651
19314,110.651
19315,110.651
19316,110.651
19317,110.651
19318,110.651
19319,110.651
19320,110.651
19321,110.651
19322,110.651
19323,110.651
19324,110.651
19325,110.651
19326,102.792
19327,102.792
19328,102.792
19329,102.792
19330,102.792
19331,102.792
19332,102.792
19333,102.792
19334,102.792
19335,102.792
19336,102.792
19337,102.792
19338,102.792
19339,102.792
19340,102.792
19341,102.792
19342,102.792
19343,102.792
19344,102.792
19345,102.792
19346,133.988
19347,133.988
19348,133.988
19349,133.988
19350,133.988
19351,133.988
19352,133.988
19353,133.988
19354,133.988
19355,133.988
19356,133.988
19357,133.988
19358,133.988
19359,133.988
19360,133.988
19361,133.988
19362,133.988
19363,133.988
19364,133.988
19365,133.988
19366,98.569
19367,98.569
19368,98.569
19369,98.569
19370,98.569
19371,98.569
19372,98.569
19373,98.569
19374,98.569
19375,98.569
19376,98.569
19377,98.569
19378,98.569
19379,98.569
19380,98.569
19381,98.569
19382,98.569
19383,98.569
19384,98.569
19385,98.569
19386,98.569
19387,135.47
19388,135.47
19389,135.47
19390,135.47
19391,135.47
19392,135.47
19393,135.47
19394,135.47
19395,135.47
19396,135.47
19397,135.47
19398,135.47
19399,135.47
19400,135.47
19401,135.47
19402,135.47
19403,135.47
19404,135.47
19405,135.47
19406,103.896
19407,103.896
19408,103.896
19409,103.896
19410,103.896
19411,103.896
19412,103.896
19413,103.896
19414,103.896
19415,103.896
19416,103.896
19417,103.896
19418,103.896
19419,103.896
19420,103.896
19421,103.896
19422,103.896
19423,103.896
19424,103.896
19425,103.896
19426,103.896
19427,113.888
19428,113.888
19429,113.888
19430,113.888
19431,113.888
19432,113.888
19433,113.888
19434,113.888
19435,113.888
19436,113.888
19437,113.888
19438,113.888
19439,113.888
19440,113.888
19441,113.888
19442,113.888
19443,113.888
19444,113.888
19445,113.888
19446,113.888
19447,120.097
19448,120.097
19449,120.097
19450,120.097
19451,120.097
19452,120.097
19453,120.097
19454,120.097
19455,120.097
19456,120.097
19457,120.097
19458,120.097
19459,120.097
19460,120.097
19461,120.097
19462,120.097
19463,120.097
19464,120.097
19465,120.097
19466,120.097
19467,101.309
19468,101.309
19469,101.309
19470,101.309
19471,101.309
19472,101.309
19473,101.309
19474,101.309
19475,101.309
19476,101.309
19477,101.309
19478,101.309
19479,101.309
19480,101.309
19481,101.309
19482,101.309
19483,101.309
19484,101.309
19485,101.309
19486,101.309
19487,144.916
19488,144.916
19489,144.916
19490,144.916
19491,144.916
19492,144.916
19493,144.916
19494,144.916
19495,144.916
19496,144.916
19497,144.916
19498,144.916
19499,144.916
19500,144.916
19501,144.916
19502,144.916
19503,144.916
19504,144.916
19505,144.916
19506,144.916
19507,98.342
19508,98.342
19509,98.342
19510,98.342
19511,98.342
19512,98.342
19513,98.342
19514,98.342
19515,98.342
19516,98.342
19517,98.342
19518,98.342
19519,98.342
19520,98.342
19521,98.342
19522,98.342
19523,98.342
19524,98.342
19525,98.342
19526,98.342
19527,125.416
19528,125.416
19529,125.416
19530,125.416
19531,125.416
19532,125.416
19533,125.416
19534,125.416
19535,125.416
19536,125.416
19537,125.416
19538,125.416
19539,125.416
19540,125.416
19541,125.416
19542,125.416
19543,125.416
19544,125.416
19545,125.416
19546,125.416
19547,112.733
19548,112.733
19549,112.733
19550,112.733
19551,112.733
19552,112.733
19553,112.733
19554,112.733
19555,112.733
19556,112.733
19557,112.733
19558,112.733
19559,112.733
19560,112.733
19561,112.733
19562,112.733
19563,112.733
19564,112.733
19565,112.733
19566,112.733
19567,101.036
19568,101.036
19569,101.036
19570,101.036
19571,101.036
19572,101.036
19573,101.036
19574,101.036
19575,101.036
19576,101.036
19577,101.036
19578,101.036
19579,101.036
19580,101.036
19581,101.036
19582,101.036
19583,101.036
19584,101.036
19585,101.036
19586,101.036
19587,130.416
19588,130.416
19589,130.416
19590,130.416
19591,130.416
19592,130.416
19593,130.416
19594,130.416
19595,130.416
19596,130.416
19597,130.416
19598,130.416
19599,130.416
19600,130.416
19601,130.416
19602,130.416
19603,130.416
19604,130.416
19605,130.416
19606,130.416
19607,97.96
19608,97.96
19609,97.96
19610,97.96
19611,97.96
19612,97.96
19613,97.96
19614,97.96
19615,97.96
19616,97.96
19617,97.96
19618,97.96
19619,97.96
19620,97.96
19621,97.96
19622,97.96
19623,97.96
19624,97.96
19625,97.96
19626,97.96
19627,133.57
19628,133.57
19629,133.57
19630,133.57
19631,133.57
19632,133.57
19633,133.57
19634,133.57
19635,133.57
19636,133.57
19637,133.57
19638,133.57
19639,133.57
19640,133.57
19641,133.57
19642,133.57
19643,133.57
19644,133.57
19645,133.57
19646,133.57
19647,133.57
19648,105.05
19649,105.05
19650,105.05
19651,105.05
19652,105.05
19653,105.05
19654,105.05
19655,105.05
19656,105.05
19657,105.05
19658,105.05
19659,105.05
19660,105.05
19661,105.05
19662,105.05
19663,105.05
19664,105.05
19665,105.05
19666,105.05
19667,105.05
19668,113.498
19669,113.498
19670,113.498
19671,113.498
19672,113.498
19673,113.498
19674,113.498
19675,113.498
19676,113.498
19677,113.498
19678,113.498
19679,113.498
19680,113.498
19681,113.498
19682,113.498
19683,113.498
19684,113.498
19685,113.498
19686,113.498
19687,113.498
19688,120.301
19689,120.301
19690,120.301
19691,120.301
19692,120.301
19693,120.301
19694,120.301
19695,120.301
19696,120.301
19697,120.301
19698,120.301
19699,120.301
19700,120.301
19701,120.301
19702,120.301
19703,120.301
19704,120.301
19705,120.301
19706,120.301
19707,120.301
19708,101.428
19709,101.428
19710,101.428
19711,101.428
19712,101.428
19713,101.428
19714,101.428
19715,101.428
19716,101.428
19717,101.428
19718,101.428
19719,101.428
19720,101.428
19721,101.428
19722,101.428
19723,101.428
19724,101.428
19725,101.428
19726,101.428
19727,101.428
19728,142.407
19729,142.407
19730,142.407
19731,142.407
19732,142.407
19733,142.407
19734,142.407
19735,142.407
19736,142.407
19737,142.407
19738,142.407
19739,142.407
19740,142.407
19741,142.407
19742,142.407
19743,142.407
19744,142.407
19745,142.407
19746,142.407
19747,142.407
19748,98.241
19749,98.241
19750,98.241
19751,98.241
19752,98.241
19753,98.241
19754,98.241
19755,98.241
19756,98.241
19757,98.241
19758,98.241
19759,98.241
19760,98.241
19761,98.241
19762,98.241
19763,98.241
19764,98.241
19765,98.241
19766,98.241
19767,98.241
19768,125.288
19769,125.288
19770,125.288
19771,125.288
19772,125.288
19773,125.288
19774,125.288
19775,125.288
19776,125.288
19777,125.288
19778,125.288
19779,125.288
19780,125.288
19781,125.288
19782,125.288
19783,125.288
19784,125.288
19785,125.288
19786,125.288
19787,125.288
19788,111.137
19789,111.137
19790,111.137
19791,111.137
19792,111.137
19793,111.137
19794,111.137
19795,111.137
19796,111.137
19797,111.137
19798,111.137
19799,111.137
19800,111.137
19801,111.137
19802,111.137
19803,111.137
19804,111.137
19805,111.137
19806,111.137
19807,111.137
19808,111.137
19809,101.101
19810,101.101
19811,101.101
19812,101.101
19813,101.101
19814,101.101
19815,101.101
19816,101.101
19817,101.101
19818,101.101
19819,101.101
19820,101.101
19821,101.101
19822,101.101
19823,101.101
19824,101.101
19825,101.101
19826,101.101
19827,101.101
19828,101.101
19829,130.282
19830,130.282
19831,130.282
19832,130.282
19833,130.282
19834,130.282
19835,130.282
19836,130.282
19837,130.282
19838,130.282
19839,130.282
19840,130.282
19841,130.282
19842,130.282
19843,130.282
19844,130.282
19845,130.282
19846,130.282
19847,130.282
19848,130.282
19849,97.86
19850,97.86
19851,97.86
19852,97.86
19853,97.86
19854,97.86
19855,97.86
19856,97.86
19857,97.86
19858,97.86
19859,97.86
19860,97.86
19861,97.86
19862,97.86
19863,97.86
19864,97.86
19865,97.86
19866,97.86
19867,97.86
19868,97.86
19869,134.451
19870,134.451
19871,134.451
19872,134.451
19873,134.451
19874,134.451
19875,134.451
19876,134.451
19877,134.451
19878,134.451
19879,134.451
19880,134.451
19881,134.451
19882,134.451
19883,134.451
19884,134.451
19885,134.451
19886,134.451
19887,134.451
19888,134.451
19889,102.854
19890,102.854
19891,102.854
19892,102.854
19893,102.854
19894,102.854
19895,102.854
19896,102.854
19897,102.854
19898,102.854
19899,102.854
19900,102.854
19901,102.854
19902,102.854
19903,102.854
19904,102.854
19905,102.854
19906,102.854
19907,102.854
19908,102.854
19909,114.098
19910,114.098
19911,114.098
19912,114.098
19913,114.098
19914,114.098
19915,114.098
19916,114.098
19917,114.098
19918,114.098
19919,114.098
19920,114.098
19921,114.098
19922,114.098
19923,114.098
19924,114.098
19925,114.098
19926,114.098
19927,114.098
19928,114.098
19929,121.454
19930,121.454
19931,121.454
19932,121.454
19933,121.454
19934,121.454
19935,121.454
19936,121.454
19937,121.454
19938,121.454
19939,121.454
19940,121.454
19941,121.454
19942,121.454
19943,121.454
19944,121.454
19945,121.454
19946,121.454
19947,121.454
19948,121.454
19949,102.309
19950,102.309
19951,102.309
19952,102.309
19953,102.309
19954,102.309
19955,102.309
19956,102.309
19957,102.309
19958,102.309
19959,102.309
19960,102.309
19961,102.309
19962,102.309
19963,102.309
19964,102.309
19965,102.309
19966,102.309
19967,102.309
19968,102.309
19969,142.86
19970,142.86
19971,142.86
19972,142.86
19973,142.86
19974,142.86
19975,142.86
19976,142.86
19977,142.86
19978,142.86
19979,142.86
19980,142.86
19981,142.86
19982,142.86
19983,142.86
19984,142.86
19985,142.86
19986,142.86
19987,142.86
19988,142.86
19989,142.86
19990,98.14
19991,98.14
19992,98.14
19993,98.14
19994,98.14
19995,98.14
19996,98.14
19997,98.14
19998,98.14
19999,98.14
20000,98.14
20001,98.14
20002,98.14
20003,98.14
20004,98.14
20005,98.14
20006,98.14
20007,98.14
20008,98.14
20009,98.14
20010,130.282
20011,130.282
20012,130.282
20013,130.282
20014,130.282
20015,130.282
20016,130.282
20017,130.282
20018,130.282
20019,130.282
20020,130.282
20021,130.282
20022,130.282
20023,130.282
20024,130.282
20025,130.282
20026,130.282
20027,130.282
20028,130.282
20029,130.282
20030,107.904
20031,107.904
20032,107.904
20033,107.904
20034,107.904
20035,107.904
20036,107.904
20037,107.904
20038,107.904
20039,107.904
20040,107.904
20041,107.904
20042,107.904
20043,107.904
20044,107.904
20045,107.904
20046,107.904
20047,107.904
20048,107.904
20049,107.904
20050,104.062
20051,104.062
20052,104.062
20053,104.062
20054,104.062
20055,104.062
20056,104.062
20057,104.062
20058,104.062
20059,104.062
20060,104.062
20061,104.062
20062,104.062
20063,104.062
20064,104.062
20065,104.062
20066,104.062
20067,104.062
20068,104.062
20069,104.062
20070,128.256
20071,128.256
20072,128.256
20073,128.256
20074,128.256
20075,128.256
20076,128.256
20077,128.256
20078,128.256
20079,128.256
20080,128.256
20081,128.256
20082,128.256
20083,128.256
20084,128.256
20085,128.256
20086,128.256
20087,128.256
20088,128.256
20089,128.256
20090,101.101
20091,101.101
20092,101.101
20093,101.101
20094,101.101
20095,101.101
20096,101.101
20097,101.101
20098,101.101
20099,101.101
20100,101.101
20101,101.101
20102,101.101
20103,101.101
20104,101.101
20105,101.101
20106,101.101
20107,101.101
20108,101.101
20109,101.101
20110,139.902
20111,139.902
20112,139.902
20113,139.902
20114,139.902
20115,139.902
20116,139.902
20117,139.902
20118,139.902
20119,139.902
20120,139.902
20121,139.902
20122,139.902
20123,139.902
20124,139.902
20125,139.902
20126,139.902
20127,139.902
20128,139.902
20129,139.902
20130,99.948
20131,99.948
20132,99.948
20133,99.948
20134,99.948
20135,99.948
20136,99.948
20137,99.948
20138,99.948
20139,99.948
20140,99.948
20141,99.948
20142,99.948
20143,99.948
20144,99.948
20145,99.948
20146,99.948
20147,99.948
20148,99.948
20149,99.948
20150,119.42
20151,119.42
20152,119.42
20153,119.42
20154,119.42
20155,119.42
20156,119.42
20157,119.42
20158,119.42
20159,119.42
20160,119.42
20161,119.42
20162,119.42
20163,119.42
20164,119.42
20165,119.42
20166,119.42
20167,119.42
20168,119.42
20169,119.42
20170,117.059
20171,117.059
20172,117.059
20173,117.059
20174,117.059
20175,117.059
20176,117.059
20177,117.059
20178,117.059
20179,117.059
20180,117.059
20181,117.059
20182,117.059
20183,117.059
20184,117.059
20185,117.059
20186,117.059
20187,117.059
20188,117.059
20189,117.059
20190,117.059
20191,101.101
20192,101.101
20193,101.101
20194,101.101
20195,101.101
20196,101.101
20197,101.101
20198,101.101
20199,101.101
20200,101.101
20201,101.101
20202,101.101
20203,101.101
20204,101.101
20205,101.101
20206,101.101
20207,101.101
20208,101.101
20209,101.101
20210,101.101
20211,139.718
20212,139.718
20213,139.718
20214,139.718
20215,139.718
20216,139.718
20217,139.718
20218,139.718
20219,139.718
20220,139.718
20221,139.718
20222,139.718
20223,139.718
20224,139.718
20225,139.718
20226,139.718
20227,139.718
20228,139.718
20229,139.718
20230,139.718
20231,96.987
20232,96.987
20233,96.987
20234,96.987
20235,96.987
20236,96.987
20237,96.987
20238,96.987
20239,96.987
20240,96.987
20241,96.987
20242,96.987
20243,96.987
20244,96.987
20245,96.987
20246,96.987
20247,96.987
20248,96.987
20249,96.987
20250,96.987
20251,130.282
20252,130.282
20253,130.282
20254,130.282
20255,130.282
20256,130.282
20257,130.282
20258,130.282
20259,130.282
20260,130.282
20261,130.282
20262,130.282
20263,130.282
20264,130.282
20265,130.282
20266,130.282
20267,130.282
20268,130.282
20269,130.282
20270,130.282
20271,107.904
20272,107.904
20273,107.904
20274,107.904
20275,107.904
20276,107.904
20277,107.904
20278,107.904
20279,107.904
20280,107.904
20281,107.904
20282,107.904
20283,107.904
20284,107.904
20285,107.904
20286,107.904
20287,107.904
20288,107.904
20289,107.904
20290,107.904
20291,108.176
20292,108.176
20293,108.176
20294,108.176
20295,108.176
20296,108.176
20297,108.176
20298,108.176
20299,108.176
20300,108.176
20301,108.176
20302,108.176
20303,108.176
20304,108.176
20305,108.176
20306,108.176
20307,108.176
20308,108.176
20309,108.176
20310,108.176
20311,125.015
20312,125.015
20313,125.015
20314,125.015
20315,125.015
20316,125.015
20317,125.015
20318,125.015
20319,125.015
20320,125.015
20321,125.015
20322,125.015
20323,125.015
20324,125.015
20325,125.015
20326,125.015
20327,125.015
20328,125.015
20329,125.015
20330,125.015
20331,101.101
20332,101.101
20333,101.101
20334,101.101
20335,101.101
20336,101.101
20337,101.101
20338,101.101
20339,101.101
20340,101.101
20341,101.101
20342,101.101
20343,101.101
20344,101.101
20345,101.101
20346,101.101
20347,101.101
20348,101.101
20349,101.101
20350,101.101
20351,142.079
20352,142.079
20353,142.079
20354,142.079
20355,142.079
20356,142.079
20357,142.079
20358,142.079
20359,142.079
20360,142.079
20361,142.079
20362,142.079
20363,142.079
20364,142.079
20365,142.079
20366,142.079
20367,142.079
20368,142.079
20369,142.079
20370,142.079
20371,99.348
20372,99.348
20373,99.348
20374,99.348
20375,99.348
20376,99.348
20377,99.348
20378,99.348
20379,99.348
20380,99.348
20381,99.348
20382,99.348
20383,99.348
20384,99.348
20385,99.348
20386,99.348
20387,99.348
20388,99.348
20389,99.348
20390,99.348
20391,99.348
20392,126.495
20393,126.495
20394,126.495
20395,126.495
20396,126.495
20397,126.495
20398,126.495
20399,126.495
20400,126.495
20401,126.495
20402,126.495
20403,126.495
20404,126.495
20405,126.495
20406,126.495
20407,126.495
20408,126.495
20409,126.495
20410,126.495
20411,126.495
20412,113.771
20413,113.771
20414,113.771
20415,113.771
20416,113.771
20417,113.771
20418,113.771
20419,113.771
20420,113.771
20421,113.771
20422,113.771
20423,113.771
20424,113.771
20425,113.771
20426,113.771
20427,113.771
20428,113.771
20429,113.771
20430,113.771
20431,113.771
20432,101.101
20433,101.101
20434,101.101
20435,101.101
20436,101.101
20437,101.101
20438,101.101
20439,101.101
20440,101.101
20441,101.101
20442,101.101
20443,101.101
20444,101.101
20445,101.101
20446,101.101
20447,101.101
20448,101.101
20449,101.101
20450,101.101
20451,101.101
20452,133.243
20453,133.243
20454,133.243
20455,133.243
20456,133.243
20457,133.243
20458,133.243
20459,133.243
20460,133.243
20461,133.243
20462,133.243
20463,133.243
20464,133.243
20465,133.243
20466,133.243
20467,133.243
20468,133.243
20469,133.243
20470,133.243
20471,133.243
20472,100.221
20473,100.221
20474,100.221
20475,100.221
20476,100.221
20477,100.221
20478,100.221
20479,100.221
20480,100.221
20481,100.221
20482,100.221
20483,100.221
20484,100.221
20485,100.221
20486,100.221
20487,100.221
20488,100.221
20489,100.221
20490,100.221
20491,100.221
20492,134.585
20493,134.585
20494,134.585
20495,134.585
20496,134.585
20497,134.585
20498,134.585
20499,134.585
20500,134.585
20501,134.585
20502,134.585
20503,134.585
20504,134.585
20505,134.585
20506,134.585
20507,134.585
20508,134.585
20509,134.585
20510,134.585
20511,134.585
20512,104.335
20513,104.335
20514,104.335
20515,104.335
20516,104.335
20517,104.335
20518,104.335
20519,104.335
20520,104.335
20521,104.335
20522,104.335
20523,104.335
20524,104.335
20525,104.335
20526,104.335
20527,104.335
20528,104.335
20529,104.335
20530,104.335
20531,104.335
20532,115.251
20533,115.251
20534,115.251
20535,115.251
20536,115.251
20537,115.251
20538,115.251
20539,115.251
20540,115.251
20541,115.251
20542,115.251
20543,115.251
20544,115.251
20545,115.251
20546,115.251
20547,115.251
20548,115.251
20549,115.251
20550,115.251
20551,115.251
20552,122.327
20553,122.327
20554,122.327
20555,122.327
20556,122.327
20557,122.327
20558,122.327
20559,122.327
20560,122.327
20561,122.327
20562,122.327
20563,122.327
20564,122.327
20565,122.327
20566,122.327
20567,122.327
20568,122.327
20569,122.327
20570,122.327
20571,122.327
20572,101.428
20573,101.428
20574,101.428
20575,101.428
20576,101.428
20577,101.428
20578,101.428
20579,101.428
20580,101.428
20581,101.428
20582,101.428
20583,101.428
20584,101.428
20585,101.428
20586,101.428
20587,101.428
20588,101.428
20589,101.428
20590,101.428
20591,101.428
20592,144.891
20593,144.891
20594,144.891
20595,144.891
20596,144.891
20597,144.891
20598,144.891
20599,144.891
20600,144.891
20601,144.891
20602,144.891
20603,144.891
20604,144.891
20605,144.891
20606,144.891
20607,144.891
20608,144.891
20609,144.891
20610,144.891
20611,144.891
20612,98.468
20613,98.468
20614,98.468
20615,98.468
20616,98.468
20617,98.468
20618,98.468
20619,98.468
20620,98.468
20621,98.468
20622,98.468
20623,98.468
20624,98.468
20625,98.468
20626,98.468
20627,98.468
20628,98.468
20629,98.468
20630,98.468
20631,98.468
20632,98.468
20633,125.766
20634,125.766
20635,125.766
20636,125.766
20637,125.766
20638,125.766
20639,125.766
20640,125.766
20641,125.766
20642,125.766
20643,125.766
20644,125.766
20645,125.766
20646,125.766
20647,125.766
20648,125.766
20649,125.766
20650,125.766
20651,125.766
20652,125.766
20653,111.296
20654,111.296
20655,111.296
20656,111.296
20657,111.296
20658,111.296
20659,111.296
20660,111.296
20661,111.296
20662,111.296
20663,111.296
20664,111.296
20665,111.296
20666,111.296
20667,111.296
20668,111.296
20669,111.296
20670,111.296
20671,111.296
20672,111.296
20673,107.186
20674,107.186
20675,107.186
20676,107.186
20677,107.186
20678,107.186
20679,107.186
20680,107.186
20681,107.186
20682,107.186
20683,107.186
20684,107.186
20685,107.186
20686,107.186
20687,107.186
20688,107.186
20689,107.186
20690,107.186
20691,107.186
20692,107.186
20693,129.269
20694,129.269
20695,129.269
20696,129.269
20697,129.269
20698,129.269
20699,129.269
20700,129.269
20701,129.269
20702,129.269
20703,129.269
20704,129.269
20705,129.269
20706,129.269
20707,129.269
20708,129.269
20709,129.269
20710,129.269
20711,129.269
20712,129.269
20713,99.845
20714,99.845
20715,99.845
20716,99.845
20717,99.845
20718,99.845
20719,99.845
20720,99.845
20721,99.845
20722,99.845
20723,99.845
20724,99.845
20725,99.845
20726,99.845
20727,99.845
20728,99.845
20729,99.845
20730,99.845
20731,99.845
20732,99.845
20733,141.933
20734,141.933
20735,141.933
20736,141.933
20737,141.933
20738,141.933
20739,141.933
20740,141.933
20741,141.933
20742,141.933
20743,141.933
20744,141.933
20745,141.933
20746,141.933
20747,141.933
20748,141.933
20749,141.933
20750,141.933
20751,141.933
20752,141.933
20753,102.476
20754,102.476
20755,102.476
20756,102.476
20757,102.476
20758,102.476
20759,102.476
20760,102.476
20761,102.476
20762,102.476
20763,102.476
20764,102.476
20765,102.476
20766,102.476
20767,102.476
20768,102.476
20769,102.476
20770,102.476
20771,102.476
20772,102.476
20773,102.476
20774,123.408
20775,123.408
20776,123.408
20777,123.408
20778,123.408
20779,123.408
20780,123.408
20781,123.408
20782,123.408
20783,123.408
20784,123.408
20785,123.408
20786,123.408
20787,123.408
20788,123.408
20789,123.408
20790,123.408
20791,123.408
20792,123.408
20793,123.408
20794,118.091
20795,118.091
20796,118.091
20797,118.091
20798,118.091
20799,118.091
20800,118.091
20801,118.091
20802,118.091
20803,118.091
20804,118.091
20805,118.091
20806,118.091
20807,118.091
20808,118.091
20809,118.091
20810,118.091
20811,118.091
20812,118.091
20813,118.091
20814,102.476
20815,102.476
20816,102.476
20817,102.476
20818,102.476
20819,102.476
20820,102.476
20821,102.476
20822,102.476
20823,102.476
20824,102.476
20825,102.476
20826,102.476
20827,102.476
20828,102.476
20829,102.476
20830,102.476
20831,102.476
20832,102.476
20833,102.476
20834,137.824
20835,137.824
20836,137.824
20837,137.824
20838,137.824
20839,137.824
20840,137.824
20841,137.824
20842,137.824
20843,137.824
20844,137.824
20845,137.824
20846,137.824
20847,137.824
20848,137.824
20849,137.824
20850,137.824
20851,137.824
20852,137.824
20853,137.824
20854,98.639
20855,98.639
20856,98.639
20857,98.639
20858,98.639
20859,98.639
20860,98.639
20861,98.639
20862,98.639
20863,98.639
20864,98.639
20865,98.639
20866,98.639
20867,98.639
20868,98.639
20869,98.639
20870,98.639
20871,98.639
20872,98.639
20873,98.639
20874,98.639
20875,134.585
20876,134.585
20877,134.585
20878,134.585
20879,134.585
20880,134.585
20881,134.585
20882,134.585
20883,134.585
20884,134.585
20885,134.585
20886,134.585
20887,134.585
20888,134.585
20889,134.585
20890,134.585
20891,134.585
20892,134.585
20893,134.585
20894,107.793
20895,107.793
20896,107.793
20897,107.793
20898,107.793
20899,107.793
20900,107.793
20901,107.793
20902,107.793
20903,107.793
20904,107.793
20905,107.793
20906,107.793
20907,107.793
20908,107.793
20909,107.793
20910,107.793
20911,107.793
20912,107.793
20913,107.793
20914,112.23
20915,112.23
20916,112.23
20917,112.23
20918,112.23
20919,112.23
20920,112.23
20921,112.23
20922,112.23
20923,112.23
20924,112.23
20925,112.23
20926,112.23
20927,112.23
20928,112.23
20929,112.23
20930,112.23
20931,112.23
20932,112.23
20933,112.23
20934,124.56
20935,124.56
20936,124.56
20937,124.56
20938,124.56
20939,124.56
20940,124.56
20941,124.56
20942,124.56
20943,124.56
20944,124.56
20945,124.56
20946,124.56
20947,124.56
20948,124.56
20949,124.56
20950,124.56
20951,124.56
20952,124.56
20953,124.56
20954,101.869
20955,101.869
20956,101.869
20957,101.869
20958,101.869
20959,101.869
20960,101.869
20961,101.869
20962,101.869
20963,101.869
20964,101.869
20965,101.869
20966,101.869
20967,101.869
20968,101.869
20969,101.869
20970,101.869
20971,101.869
20972,101.869
20973,101.869
20974,101.869
20975,143.864
20976,143.864
20977,143.864
20978,143.864
20979,143.864
20980,143.864
20981,143.864
20982,143.864
20983,143.864
20984,143.864
20985,143.864
20986,143.864
20987,143.864
20988,143.864
20989,143.864
20990,143.864
20991,143.864
20992,143.864
20993,143.864
20994,143.864
20995,98.639
20996,98.639
20997,98.639
20998,98.639
20999,98.639
21000,98.639
21001,98.639
21002,98.639
21003,98.639
21004,98.639
21005,98.639
21006,98.639
21007,98.639
21008,98.639
21009,98.639
21010,98.639
21011,98.639
21012,98.639
21013,98.639
21014,98.639
21015,122.41
21016,122.41
21017,122.41
21018,122.41
21019,122.41
21020,122.41
21021,122.41
21022,122.41
21023,122.41
21024,122.41
21025,122.41
21026,122.41
21027,122.41
21028,122.41
21029,122.41
21030,122.41
21031,122.41
21032,122.41
21033,122.41
21034,122.41
21035,112.659
21036,112.659
21037,112.659
21038,112.659
21039,112.659
21040,112.659
21041,112.659
21042,112.659
21043,112.659
21044,112.659
21045,112.659
21046,112.659
21047,112.659
21048,112.659
21049,112.659
21050,112.659
21051,112.659
21052,112.659
21053,112.659
21054,112.659
21055,102.582
21056,102.582
21057,102.582
21058,102.582
21059,102.582
21060,102.582
21061,102.582
21062,102.582
21063,102.582
21064,102.582
21065,102.582
21066,102.582
21067,102.582
21068,102.582
21069,102.582
21070,102.582
21071,102.582
21072,102.582
21073,102.582
21074,102.582
21075,132.09
21076,132.09
21077,132.09
21078,132.09
21079,132.09
21080,132.09
21081,132.09
21082,132.09
21083,132.09
21084,132.09
21085,132.09
21086,132.09
21087,132.09
21088,132.09
21089,132.09
21090,132.09
21091,132.09
21092,132.09
21093,132.09
21094,132.09
21095,99.948
21096,99.948
21097,99.948
21098,99.948
21099,99.948
21100,99.948
21101,99.948
21102,99.948
21103,99.948
21104,99.948
21105,99.948
21106,99.948
21107,99.948
21108,99.948
21109,99.948
21110,99.948
21111,99.948
21112,99.948
21113,99.948
21114,99.948
21115,136.204
21116,136.204
21117,136.204
21118,136.204
21119,136.204
21120,136.204
21121,136.204
21122,136.204
21123,136.204
21124,136.204
21125,136.204
21126,136.204
21127,136.204
21128,136.204
21129,136.204
21130,136.204
21131,136.204
21132,136.204
21133,136.204
21134,136.204
21135,104.943
21136,104.943
21137,104.943
21138,104.943
21139,104.943
21140,104.943
21141,104.943
21142,104.943
21143,104.943
21144,104.943
21145,104.943
21146,104.943
21147,104.943
21148,104.943
21149,104.943
21150,104.943
21151,104.943
21152,104.943
21153,104.943
21154,104.943
21155,114.098
21156,114.098
21157,114.098
21158,114.098
21159,114.098
21160,114.098
21161,114.098
21162,114.098
21163,114.098
21164,114.098
21165,114.098
21166,114.098
21167,114.098
21168,114.098
21169,114.098
21170,114.098
21171,114.098
21172,114.098
21173,114.098
21174,114.098
21175,114.098
21176,121.298
21177,121.298
21178,121.298
21179,121.298
21180,121.298
21181,121.298
21182,121.298
21183,121.298
21184,121.298
21185,121.298
21186,121.298
21187,121.298
21188,121.298
21189,121.298
21190,121.298
21191,121.298
21192,121.298
21193,121.298
21194,121.298
21195,121.298
21196,100.597
21197,100.597
21198,100.597
21199,100.597
21200,100.597
21201,100.597
21202,100.597
21203,100.597
21204,100.597
21205,100.597
21206,100.597
21207,100.597
21208,100.597
21209,100.597
21210,100.597
21211,100.597
21212,100.597
21213,100.597
21214,100.597
21215,100.597
21216,143.287
21217,143.287
21218,143.287
21219,143.287
21220,143.287
21221,143.287
21222,143.287
21223,143.287
21224,143.287
21225,143.287
21226,143.287
21227,143.287
21228,143.287
21229,143.287
21230,143.287
21231,143.287
21232,143.287
21233,143.287
21234,143.287
21235,143.287
21236,99.45
21237,99.45
21238,99.45
21239,99.45
21240,99.45
21241,99.45
21242,99.45
21243,99.45
21244,99.45
21245,99.45
21246,99.45
21247,99.45
21248,99.45
21249,99.45
21250,99.45
21251,99.45
21252,99.45
21253,99.45
21254,99.45
21255,99.45
21256,126.025
21257,126.025
21258,126.025
21259,126.025
21260,126.025
21261,126.025
21262,126.025
21263,126.025
21264,126.025
21265,126.025
21266,126.025
21267,126.025
21268,126.025
21269,126.025
21270,126.025
21271,126.025
21272,126.025
21273,126.025
21274,126.025
21275,126.025
21276,113.342
21277,113.342
21278,113.342
21279,113.342
21280,113.342
21281,113.342
21282,113.342
21283,113.342
21284,113.342
21285,113.342
21286,113.342
21287,113.342
21288,113.342
21289,113.342
21290,113.342
21291,113.342
21292,113.342
21293,113.342
21294,113.342
21295,113.342
21296,102.96
21297,102.96
21298,102.96
21299,102.96
21300,102.96
21301,102.96
21302,102.96
21303,102.96
21304,102.96
21305,102.96
21306,102.96
21307,102.96
21308,102.96
21309,102.96
21310,102.96
21311,102.96
21312,102.96
21313,102.96
21314,102.96
21315,102.96
21316,135.143
21317,135.143
21318,135.143
21319,135.143
21320,135.143
21321,135.143
21322,135.143
21323,135.143
21324,135.143
21325,135.143
21326,135.143
21327,135.143
21328,135.143
21329,135.143
21330,135.143
21331,135.143
21332,135.143
21333,135.143
21334,135.143
21335,135.143
21336,99.45
21337,99.45
21338,99.45
21339,99.45
21340,99.45
21341,99.45
21342,99.45
21343,99.45
21344,99.45
21345,99.45
21346,99.45
21347,99.45
21348,99.45
21349,99.45
21350,99.45
21351,99.45
21352,99.45
21353,99.45
21354,99.45
21355,99.45
21356,136.071
21357,136.071
21358,136.071
21359,136.071
21360,136.071
21361,136.071
21362,136.071
21363,136.071
21364,136.071
21365,136.071
21366,136.071
21367,136.071
21368,136.071
21369,136.071
21370,136.071
21371,136.071
21372,136.071
21373,136.071
21374,136.071
21375,136.071
21376,136.071
21377,104.442
21378,104.442
21379,104.442
21380,104.442
21381,104.442
21382,104.442
21383,104.442
21384,104.442
21385,104.442
21386,104.442
21387,104.442
21388,104.442
21389,104.442
21390,104.442
21391,104.442
21392,104.442
21393,104.442
21394,104.442
21395,104.442
21396,104.442
21397,113.006
21398,113.006
21399,113.006
21400,113.006
21401,113.006
21402,113.006
21403,113.006
21404,113.006
21405,113.006
21406,113.006
21407,113.006
21408,113.006
21409,113.006
21410,113.006
21411,113.006
21412,113.006
21413,113.006
21414,113.006
21415,113.006
21416,113.006
21417,122.452
21418,122.452
21419,122.452
21420,122.452
21421,122.452
21422,122.452
21423,122.452
21424,122.452
21425,122.452
21426,122.452
21427,122.452
21428,122.452
21429,122.452
21430,122.452
21431,122.452
21432,122.452
21433,122.452
21434,122.452
21435,122.452
21436,122.452
21437,101.533
21438,101.533
21439,101.533
21440,101.533
21441,101.533
21442,101.533
21443,101.533
21444,101.533
21445,101.533
21446,101.533
21447,101.533
21448,101.533
21449,101.533
21450,101.533
21451,101.533
21452,101.533
21453,101.533
21454,101.533
21455,101.533
21456,101.533
21457,144.035
21458,144.035
21459,144.035
21460,144.035
21461,144.035
21462,144.035
21463,144.035
21464,144.035
21465,144.035
21466,144.035
21467,144.035
21468,144.035
21469,144.035
21470,144.035
21471,144.035
21472,144.035
21473,144.035
21474,144.035
21475,144.035
21476,144.035
21477,99.169
21478,99.169
21479,99.169
21480,99.169
21481,99.169
21482,99.169
21483,99.169
21484,99.169
21485,99.169
21486,99.169
21487,99.169
21488,99.169
21489,99.169
21490,99.169
21491,99.169
21492,99.169
21493,99.169
21494,99.169
21495,99.169
21496,99.169
21497,125.416
21498,125.416
21499,125.416
21500,125.416
21501,125.416
21502,125.416
21503,125.416
21504,125.416
21505,125.416
21506,125.416
21507,125.416
21508,125.416
21509,125.416
21510,125.416
21511,125.416
21512,125.416
21513,125.416
21514,125.416
21515,125.416
21516,125.416
21517,110.37
21518,110.37
21519,110.37
21520,110.37
21521,110.37
21522,110.37
21523,110.37
21524,110.37
21525,110.37
21526,110.37
21527,110.37
21528,110.37
21529,110.37
21530,110.37
21531,110.37
21532,110.37
21533,110.37
21534,110.37
21535,110.37
21536,110.37
21537,102.183
21538,102.183
21539,102.183
21540,102.183
21541,102.183
21542,102.183
21543,102.183
21544,102.183
21545,102.183
21546,102.183
21547,102.183
21548,102.183
21549,102.183
21550,102.183
21551,102.183
21552,102.183
21553,102.183
21554,102.183
21555,102.183
21556,102.183
21557,131.625
21558,131.625
21559,131.625
21560,131.625
21561,131.625
21562,131.625
21563,131.625
21564,131.625
21565,131.625
21566,131.625
21567,131.625
21568,131.625
21569,131.625
21570,131.625
21571,131.625
21572,131.625
21573,131.625
21574,131.625
21575,131.625
21576,131.625
21577,131.625
21578,99.552
21579,99.552
21580,99.552
21581,99.552
21582,99.552
21583,99.552
21584,99.552
21585,99.552
21586,99.552
21587,99.552
21588,99.552
21589,99.552
21590,99.552
21591,99.552
21592,99.552
21593,99.552
21594,99.552
21595,99.552
21596,99.552
21597,99.552
21598,136.625
21599,136.625
21600,136.625
21601,136.625
21602,136.625
21603,136.625
21604,136.625
21605,136.625
21606,136.625
21607,136.625
21608,136.625
21609,136.625
21610,136.625
21611,136.625
21612,136.625
21613,136.625
21614,136.625
21615,136.625
21616,136.625
21617,136.625
21618,105.431
21619,105.431
21620,105.431
21621,105.431
21622,105.431
21623,105.431
21624,105.431
21625,105.431
21626,105.431
21627,105.431
21628,105.431
21629,105.431
21630,105.431
21631,105.431
21632,105.431
21633,105.431
21634,105.431
21635,105.431
21636,105.431
21637,105.431
21638,114.333
21639,114.333
21640,114.333
21641,114.333
21642,114.333
21643,114.333
21644,114.333
21645,114.333
21646,114.333
21647,114.333
21648,114.333
21649,114.333
21650,114.333
21651,114.333
21652,114.333
21653,114.333
21654,114.333
21655,114.333
21656,114.333
21657,114.333
21658,121.703
21659,121.703
21660,121.703
21661,121.703
21662,121.703
21663,121.703
21664,121.703
21665,121.703
21666,121.703
21667,121.703
21668,121.703
21669,121.703
21670,121.703
21671,121.703
21672,121.703
21673,121.703
21674,121.703
21675,121.703
21676,121.703
21677,121.703
21678,102.183
21679,102.183
21680,102.183
21681,102.183
21682,102.183
21683,102.183
21684,102.183
21685,102.183
21686,102.183
21687,102.183
21688,102.183
21689,102.183
21690,102.183
21691,102.183
21692,102.183
21693,102.183
21694,102.183
21695,102.183
21696,102.183
21697,102.183
21698,137.366
21699,137.366
21700,137.366
21701,137.366
21702,137.366
21703,137.366
21704,137.366
21705,137.366
21706,137.366
21707,137.366
21708,137.366
21709,137.366
21710,137.366
21711,137.366
21712,137.366
21713,137.366
21714,137.366
21715,137.366
21716,137.366
21717,137.366
21718,96.577
21719,96.577
21720,96.577
21721,96.577
21722,96.577
21723,96.577
21724,96.577
21725,96.577
21726,96.577
21727,96.577
21728,96.577
21729,96.577
21730,96.577
21731,96.577
21732,96.577
21733,96.577
21734,96.577
21735,96.577
21736,96.577
21737,96.577
21738,117.581
21739,117.581
21740,117.581
21741,117.581
21742,117.581
21743,117.581
21744,117.581
21745,117.581
21746,117.581
21747,117.581
21748,117.581
21749,117.581
21750,117.581
21751,117.581
21752,117.581
21753,117.581
21754,117.581
21755,117.581
21756,117.581
21757,117.581
21758,116.698
21759,116.698
21760,116.698
21761,116.698
21762,116.698
21763,116.698
21764,116.698
21765,116.698
21766,116.698
21767,116.698
21768,116.698
21769,116.698
21770,116.698
21771,116.698
21772,116.698
21773,116.698
21774,116.698
21775,116.698
21776,116.698
21777,116.698
21778,116.698
21779,101.91
21780,101.91
21781,101.91
21782,101.91
21783,101.91
21784,101.91
21785,101.91
21786,101.91
21787,101.91
21788,101.91
21789,101.91
21790,101.91
21791,101.91
21792,101.91
21793,101.91
21794,101.91
21795,101.91
21796,101.91
21797,101.91
21798,101.91
21799,141.071
21800,141.071
21801,141.071
21802,141.071
21803,141.071
21804,141.071
21805,141.071
21806,141.071
21807,141.071
21808,141.071
21809,141.071
21810,141.071
21811,141.071
21812,141.071
21813,141.071
21814,141.071
21815,141.071
21816,141.071
21817,141.071
21818,141.071
21819,98.569
21820,98.569
21821,98.569
21822,98.569
21823,98.569
21824,98.569
21825,98.569
21826,98.569
21827,98.569
21828,98.569
21829,98.569
21830,98.569
21831,98.569
21832,98.569
21833,98.569
21834,98.569
21835,98.569
21836,98.569
21837,98.569
21838,98.569
21839,133.708
21840,133.708
21841,133.708
21842,133.708
21843,133.708
21844,133.708
21845,133.708
21846,133.708
21847,133.708
21848,133.708
21849,133.708
21850,133.708
21851,133.708
21852,133.708
21853,133.708
21854,133.708
21855,133.708
21856,133.708
21857,133.708
21858,133.708
21859,107.516
21860,107.516
21861,107.516
21862,107.516
21863,107.516
21864,107.516
21865,107.516
21866,107.516
21867,107.516
21868,107.516
21869,107.516
21870,107.516
21871,107.516
21872,107.516
21873,107.516
21874,107.516
21875,107.516
21876,107.516
21877,107.516
21878,107.516
21879,107.133
21880,107.133
21881,107.133
21882,107.133
21883,107.133
21884,107.133
21885,107.133
21886,107.133
21887,107.133
21888,107.133
21889,107.133
21890,107.133
21891,107.133
21892,107.133
21893,107.133
21894,107.133
21895,107.133
21896,107.133
21897,107.133
21898,107.133
21899,125.826
21900,125.826
21901,125.826
21902,125.826
21903,125.826
21904,125.826
21905,125.826
21906,125.826
21907,125.826
21908,125.826
21909,125.826
21910,125.826
21911,125.826
21912,125.826
21913,125.826
21914,125.826
21915,125.826
21916,125.826
21917,125.826
21918,125.826
21919,101.309
21920,101.309
21921,101.309
21922,101.309
21923,101.309
21924,101.309
21925,101.309
21926,101.309
21927,101.309
21928,101.309
21929,101.309
21930,101.309
21931,101.309
21932,101.309
21933,101.309
21934,101.309
21935,101.309
21936,101.309
21937,101.309
21938,101.309
21939,141.952
21940,141.952
21941,141.952
21942,141.952
21943,141.952
21944,141.952
21945,141.952
21946,141.952
21947,141.952
21948,141.952
21949,141.952
21950,141.952
21951,141.952
21952,141.952
21953,141.952
21954,141.952
21955,141.952
21956,141.952
21957,141.952
21958,141.952
21959,99.271
21960,99.271
21961,99.271
21962,99.271
21963,99.271
21964,99.271
21965,99.271
21966,99.271
21967,99.271
21968,99.271
21969,99.271
21970,99.271
21971,99.271
21972,99.271
21973,99.271
21974,99.271
21975,99.271
21976,99.271
21977,99.271
21978,99.271
21979,119.543
21980,119.543
21981,119.543
21982,119.543
21983,119.543
21984,119.543
21985,119.543
21986,119.543
21987,119.543
21988,119.543
21989,119.543
21990,119.543
21991,119.543
21992,119.543
21993,119.543
21994,119.543
21995,119.543
21996,119.543
21997,119.543
21998,119.543
21999,119.543
22000,116.579
22001,116.579
22002,116.579
22003,116.579
22004,116.579
22005,116.579
22006,116.579
22007,116.579
22008,116.579
22009,116.579
22010,116.579
22011,116.579
22012,116.579
22013,116.579
22014,116.579
22015,116.579
22016,116.579
22017,116.579
22018,116.579
22019,116.579
22020,102.079
22021,102.079
22022,102.079
22023,102.079
22024,102.079
22025,102.079
22026,102.079
22027,102.079
22028,102.079
22029,102.079
22030,102.079
22031,102.079
22032,102.079
22033,102.079
22034,102.079
22035,102.079
22036,102.079
22037,102.079
22038,102.079
22039,102.079
22040,136.071
22041,136.071
22042,136.071
22043,136.071
22044,136.071
22045,136.071
22046,136.071
22047,136.071
22048,136.071
22049,136.071
22050,136.071
22051,136.071
22052,136.071
22053,136.071
22054,136.071
22055,136.071
22056,136.071
22057,136.071
22058,136.071
22059,136.071
22060,98.67
22061,98.67
22062,98.67
22063,98.67
22064,98.67
22065,98.67
22066,98.67
22067,98.67
22068,98.67
22069,98.67
22070,98.67
22071,98.67
22072,98.67
22073,98.67
22074,98.67
22075,98.67
22076,98.67
22077,98.67
22078,98.67
22079,98.67
22080,135.143
22081,135.143
22082,135.143
22083,135.143
22084,135.143
22085,135.143
22086,135.143
22087,135.143
22088,135.143
22089,135.143
22090,135.143
22091,135.143
22092,135.143
22093,135.143
22094,135.143
22095,135.143
22096,135.143
22097,135.143
22098,135.143
22099,135.143
22100,107.133
22101,107.133
22102,107.133
22103,107.133
22104,107.133
22105,107.133
22106,107.133
22107,107.133
22108,107.133
22109,107.133
22110,107.133
22111,107.133
22112,107.133
22113,107.133
22114,107.133
22115,107.133
22116,107.133
22117,107.133
22118,107.133
22119,107.133
22120,115.37
22121,115.37
22122,115.37
22123,115.37
22124,115.37
22125,115.37
22126,115.37
22127,115.37
22128,115.37
22129,115.37
22130,115.37
22131,115.37
22132,115.37
22133,115.37
22134,115.37
22135,115.37
22136,115.37
22137,115.37
22138,115.37
22139,115.37
22140,123.334
22141,123.334
22142,123.334
22143,123.334
22144,123.334
22145,123.334
22146,123.334
22147,123.334
22148,123.334
22149,123.334
22150,123.334
22151,123.334
22152,123.334
22153,123.334
22154,123.334
22155,123.334
22156,123.334
22157,123.334
22158,123.334
22159,123.334
22160,102.414
22161,102.414
22162,102.414
22163,102.414
22164,102.414
22165,102.414
22166,102.414
22167,102.414
22168,102.414
22169,102.414
22170,102.414
22171,102.414
22172,102.414
22173,102.414
22174,102.414
22175,102.414
22176,102.414
22177,102.414
22178,102.414
22179,102.414
22180,102.414
22181,144.768
22182,144.768
22183,144.768
22184,144.768
22185,144.768
22186,144.768
22187,144.768
22188,144.768
22189,144.768
22190,144.768
22191,144.768
22192,144.768
22193,144.768
22194,144.768
22195,144.768
22196,144.768
22197,144.768
22198,144.768
22199,144.768
22200,144.768
22201,100.051
22202,100.051
22203,100.051
22204,100.051
22205,100.051
22206,100.051
22207,100.051
22208,100.051
22209,100.051
22210,100.051
22211,100.051
22212,100.051
22213,100.051
22214,100.051
22215,100.051
22216,100.051
22217,100.051
22218,100.051
22219,100.051
22220,100.051
22221,129.87
22222,129.87
22223,129.87
22224,129.87
22225,129.87
22226,129.87
22227,129.87
22228,129.87
22229,129.87
22230,129.87
22231,129.87
22232,129.87
22233,129.87
22234,129.87
22235,129.87
22236,129.87
22237,129.87
22238,129.87
22239,129.87
22240,129.87
22241,111.86
22242,111.86
22243,111.86
22244,111.86
22245,111.86
22246,111.86
22247,111.86
22248,111.86
22249,111.86
22250,111.86
22251,111.86
22252,111.86
22253,111.86
22254,111.86
22255,111.86
22256,111.86
22257,111.86
22258,111.86
22259,111.86
22260,111.86
22261,104.77
22262,104.77
22263,104.77
22264,104.77
22265,104.77
22266,104.77
22267,104.77
22268,104.77
22269,104.77
22270,104.77
22271,104.77
22272,104.77
22273,104.77
22274,104.77
22275,104.77
22276,104.77
22277,104.77
22278,104.77
22279,104.77
22280,104.77
22281,131.49
22282,131.49
22283,131.49
22284,131.49
22285,131.49
22286,131.49
22287,131.49
22288,131.49
22289,131.49
22290,131.49
22291,131.49
22292,131.49
22293,131.49
22294,131.49
22295,131.49
22296,131.49
22297,131.49
22298,131.49
22299,131.49
22300,131.49
22301,131.49
22302,131.49
22303,101.205
22304,101.205
22305,101.205
22306,101.205
22307,101.205
22308,101.205
22309,101.205
22310,101.205
22311,101.205
22312,101.205
22313,101.205
22314,101.205
22315,101.205
22316,101.205
22317,101.205
22318,101.205
22319,101.205
22320,101.205
22321,138.707
22322,138.707
22323,138.707
22324,138.707
22325,138.707
22326,138.707
22327,138.707
22328,138.707
22329,138.707
22330,138.707
22331,138.707
22332,138.707
22333,138.707
22334,138.707
22335,138.707
22336,138.707
22337,138.707
22338,138.707
22339,138.707
22340,138.707
22341,102.183
22342,102.183
22343,102.183
22344,102.183
22345,102.183
22346,102.183
22347,102.183
22348,102.183
22349,102.183
22350,102.183
22351,102.183
22352,102.183
22353,102.183
22354,102.183
22355,102.183
22356,102.183
22357,102.183
22358,102.183
22359,102.183
22360,102.183
22361,115.215
22362,115.215
22363,115.215
22364,115.215
22365,115.215
22366,115.215
22367,115.215
22368,115.215
22369,115.215
22370,115.215
22371,115.215
22372,115.215
22373,115.215
22374,115.215
22375,115.215
22376,115.215
22377,115.215
22378,115.215
22379,115.215
22380,115.215
22381,115.215
22382,121.422
22383,121.422
22384,121.422
22385,121.422
22386,121.422
22387,121.422
22388,121.422
22389,121.422
22390,121.422
22391,121.422
22392,121.422
22393,121.422
22394,121.422
22395,121.422
22396,121.422
22397,121.422
22398,121.422
22399,121.422
22400,121.422
22401,121.422
22402,121.422
22403,101.91
22404,101.91
22405,101.91
22406,101.91
22407,101.91
22408,101.91
22409,101.91
22410,101.91
22411,101.91
22412,101.91
22413,101.91
22414,101.91
22415,101.91
22416,101.91
22417,101.91
22418,101.91
22419,101.91
22420,101.91
22421,101.91
22422,139.459
22423,139.459
22424,139.459
22425,139.459
22426,139.459
22427,139.459
22428,139.459
22429,139.459
22430,139.459
22431,139.459
22432,139.459
22433,139.459
22434,139.459
22435,139.459
22436,139.459
22437,139.459
22438,139.459
22439,139.459
22440,139.459
22441,139.459
22442,97.186
22443,97.186
22444,97.186
22445,97.186
22446,97.186
22447,97.186
22448,97.186
22449,97.186
22450,97.186
22451,97.186
22452,97.186
22453,97.186
22454,97.186
22455,97.186
22456,97.186
22457,97.186
22458,97.186
22459,97.186
22460,97.186
22461,97.186
22462,130.276
22463,130.276
22464,130.276
22465,130.276
22466,130.276
22467,130.276
22468,130.276
22469,130.276
22470,130.276
22471,130.276
22472,130.276
22473,130.276
22474,130.276
22475,130.276
22476,130.276
22477,130.276
22478,130.276
22479,130.276
22480,130.276
22481,130.276
22482,109.882
22483,109.882
22484,109.882
22485,109.882
22486,109.882
22487,109.882
22488,109.882
22489,109.882
22490,109.882
22491,109.882
22492,109.882
22493,109.882
22494,109.882
22495,109.882
22496,109.882
22497,109.882
22498,109.882
22499,109.882
22500,109.882
22501,109.882
22502,109.882
22503,109.882
22504,113.731
22505,113.731
22506,113.731
22507,113.731
22508,113.731
22509,113.731
22510,113.731
22511,113.731
22512,113.731
22513,113.731
22514,113.731
22515,113.731
22516,113.731
22517,113.731
22518,113.731
22519,113.731
22520,113.731
22521,113.731
22522,129.121
22523,129.121
22524,129.121
22525,129.121
22526,129.121
22527,129.121
22528,129.121
22529,129.121
22530,129.121
22531,129.121
22532,129.121
22533,129.121
22534,129.121
22535,129.121
22536,129.121
22537,129.121
22538,129.121
22539,129.121
22540,129.121
22541,129.121
22542,101.036
22543,101.036
22544,101.036
22545,101.036
22546,101.036
22547,101.036
22548,101.036
22549,101.036
22550,101.036
22551,101.036
22552,101.036
22553,101.036
22554,101.036
22555,101.036
22556,101.036
22557,101.036
22558,101.036
22559,101.036
22560,101.036
22561,101.036
22562,138.85
22563,138.85
22564,138.85
22565,138.85
22566,138.85
22567,138.85
22568,138.85
22569,138.85
22570,138.85
22571,138.85
22572,138.85
22573,138.85
22574,138.85
22575,138.85
22576,138.85
22577,138.85
22578,138.85
22579,138.85
22580,138.85
22581,138.85
22582,138.85
22583,103.066
22584,103.066
22585,103.066
22586,103.066
22587,103.066
22588,103.066
22589,103.066
22590,103.066
22591,103.066
22592,103.066
22593,103.066
22594,103.066
22595,103.066
22596,103.066
22597,103.066
22598,103.066
22599,103.066
22600,103.066
22601,103.066
22602,103.066
22603,103.066
22604,116.698
22605,116.698
22606,116.698
22607,116.698
22608,116.698
22609,116.698
22610,116.698
22611,116.698
22612,116.698
22613,116.698
22614,116.698
22615,116.698
22616,116.698
22617,116.698
22618,116.698
22619,116.698
22620,116.698
22621,116.698
22622,116.698
22623,122.578
22624,122.578
22625,122.578
22626,122.578
22627,122.578
22628,122.578
22629,122.578
22630,122.578
22631,122.578
22632,122.578
22633,122.578
22634,122.578
22635,122.578
22636,122.578
22637,122.578
22638,122.578
22639,122.578
22640,122.578
22641,122.578
22642,122.578
22643,98.061
22644,98.061
22645,98.061
22646,98.061
22647,98.061
22648,98.061
22649,98.061
22650,98.061
22651,98.061
22652,98.061
22653,98.061
22654,98.061
22655,98.061
22656,98.061
22657,98.061
22658,98.061
22659,98.061
22660,98.061
22661,98.061
22662,98.061
22663,140.333
22664,140.333
22665,140.333
22666,140.333
22667,140.333
22668,140.333
22669,140.333
22670,140.333
22671,140.333
22672,140.333
22673,140.333
22674,140.333
22675,140.333
22676,140.333
22677,140.333
22678,140.333
22679,140.333
22680,140.333
22681,140.333
22682,140.333
22683,101.309
22684,101.309
22685,101.309
22686,101.309
22687,101.309
22688,101.309
22689,101.309
22690,101.309
22691,101.309
22692,101.309
22693,101.309
22694,101.309
22695,101.309
22696,101.309
22697,101.309
22698,101.309
22699,101.309
22700,101.309
22701,101.309
22702,101.309
22703,101.309
22704,101.309
22705,120.821
22706,120.821
22707,120.821
22708,120.821
22709,120.821
22710,120.821
22711,120.821
22712,120.821
22713,120.821
22714,120.821
22715,120.821
22716,120.821
22717,120.821
22718,120.821
22719,120.821
22720,120.821
22721,120.821
22722,120.821
22723,120.22
22724,120.22
22725,120.22
22726,120.22
22727,120.22
22728,120.22
22729,120.22
22730,120.22
22731,120.22
22732,120.22
22733,120.22
22734,120.22
22735,120.22
22736,120.22
22737,120.22
22738,120.22
22739,120.22
22740,120.22
22741,120.22
22742,120.22
22743,99.825
22744,99.825
22745,99.825
22746,99.825
22747,99.825
22748,99.825
22749,99.825
22750,99.825
22751,99.825
22752,99.825
22753,99.825
22754,99.825
22755,99.825
22756,99.825
22757,99.825
22758,99.825
22759,99.825
22760,99.825
22761,99.825
22762,99.825
22763,99.825
22764,143.581
22765,143.581
22766,143.581
22767,143.581
22768,143.581
22769,143.581
22770,143.581
22771,143.581
22772,143.581
22773,143.581
22774,143.581
22775,143.581
22776,143.581
22777,143.581
22778,143.581
22779,143.581
22780,143.581
22781,143.581
22782,143.581
22783,143.581
22784,98.943
22785,98.943
22786,98.943
22787,98.943
22788,98.943
22789,98.943
22790,98.943
22791,98.943
22792,98.943
22793,98.943
22794,98.943
22795,98.943
22796,98.943
22797,98.943
22798,98.943
22799,98.943
22800,98.943
22801,98.943
22802,98.943
22803,98.943
22804,98.943
22805,125.545
22806,125.545
22807,125.545
22808,125.545
22809,125.545
22810,125.545
22811,125.545
22812,125.545
22813,125.545
22814,125.545
22815,125.545
22816,125.545
22817,125.545
22818,125.545
22819,125.545
22820,125.545
22821,125.545
22822,125.545
22823,125.545
22824,115.488
22825,115.488
22826,115.488
22827,115.488
22828,115.488
22829,115.488
22830,115.488
22831,115.488
22832,115.488
22833,115.488
22834,115.488
22835,115.488
22836,115.488
22837,115.488
22838,115.488
22839,115.488
22840,115.488
22841,115.488
22842,115.488
22843,115.488
22844,100.426
22845,100.426
22846,100.426
22847,100.426
22848,100.426
22849,100.426
22850,100.426
22851,100.426
22852,100.426
22853,100.426
22854,100.426
22855,100.426
22856,100.426
22857,100.426
22858,100.426
22859,100.426
22860,100.426
22861,100.426
22862,100.426
22863,100.426
22864,142.098
22865,142.098
22866,142.098
22867,142.098
22868,142.098
22869,142.098
22870,142.098
22871,142.098
22872,142.098
22873,142.098
22874,142.098
22875,142.098
22876,142.098
22877,142.098
22878,142.098
22879,142.098
22880,142.098
22881,142.098
22882,142.098
22883,142.098
22884,96.913
22885,96.913
22886,96.913
22887,96.913
22888,96.913
22889,96.913
22890,96.913
22891,96.913
22892,96.913
22893,96.913
22894,96.913
22895,96.913
22896,96.913
22897,96.913
22898,96.913
22899,96.913
22900,96.913
22901,96.913
22902,96.913
22903,96.913
22904,96.913
22905,96.913
22906,129.121
22907,129.121
22908,129.121
22909,129.121
22910,129.121
22911,129.121
22912,129.121
22913,129.121
22914,129.121
22915,129.121
22916,129.121
22917,129.121
22918,129.121
22919,129.121
22920,129.121
22921,129.121
22922,129.121
22923,129.121
22924,115.215
22925,115.215
22926,115.215
22927,115.215
22928,115.215
22929,115.215
22930,115.215
22931,115.215
22932,115.215
22933,115.215
22934,115.215
22935,115.215
22936,115.215
22937,115.215
22938,115.215
22939,115.215
22940,115.215
22941,115.215
22942,115.215
22943,115.215
22944,100.153
22945,100.153
22946,100.153
22947,100.153
22948,100.153
22949,100.153
22950,100.153
22951,100.153
22952,100.153
22953,100.153
22954,100.153
22955,100.153
22956,100.153
22957,100.153
22958,100.153
22959,100.153
22960,100.153
22961,100.153
22962,100.153
22963,100.153
22964,100.153
22965,142.098
22966,142.098
22967,142.098
22968,142.098
22969,142.098
22970,142.098
22971,142.098
22972,142.098
22973,142.098
22974,142.098
22975,142.098
22976,142.098
22977,142.098
22978,142.098
22979,142.098
22980,142.098
22981,142.098
22982,142.098
22983,142.098
22984,142.098
22985,96.577
22986,96.577
22987,96.577
22988,96.577
22989,96.577
22990,96.577
22991,96.577
22992,96.577
22993,96.577
22994,96.577
22995,96.577
22996,96.577
22997,96.577
22998,96.577
22999,96.577
23000,96.577
23001,96.577
23002,96.577
23003,96.577
23004,96.577
23005,96.577
23006,127.036
23007,127.036
23008,127.036
23009,127.036
23010,127.036
23011,127.036
23012,127.036
23013,127.036
23014,127.036
23015,127.036
23016,127.036
23017,127.036
23018,127.036
23019,127.036
23020,127.036
23021,127.036
23022,127.036
23023,127.036
23024,127.036
23025,115.215
23026,115.215
23027,115.215
23028,115.215
23029,115.215
23030,115.215
23031,115.215
23032,115.215
23033,115.215
23034,115.215
23035,115.215
23036,115.215
23037,115.215
23038,115.215
23039,115.215
23040,115.215
23041,115.215
23042,115.215
23043,115.215
23044,115.215
23045,100.153
23046,100.153
23047,100.153
23048,100.153
23049,100.153
23050,100.153
23051,100.153
23052,100.153
23053,100.153
23054,100.153
23055,100.153
23056,100.153
23057,100.153
23058,100.153
23059,100.153
23060,100.153
23061,100.153
23062,100.153
23063,100.153
23064,100.153
23065,140.333
23066,140.333
23067,140.333
23068,140.333
23069,140.333
23070,140.333
23071,140.333
23072,140.333
23073,140.333
23074,140.333
23075,140.333
23076,140.333
23077,140.333
23078,140.333
23079,140.333
23080,140.333
23081,140.333
23082,140.333
23083,140.333
23084,140.333
23085,95.429
23086,95.429
23087,95.429
23088,95.429
23089,95.429
23090,95.429
23091,95.429
23092,95.429
23093,95.429
23094,95.429
23095,95.429
23096,95.429
23097,95.429
23098,95.429
23099,95.429
23100,95.429
23101,95.429
23102,95.429
23103,95.429
23104,95.429
23105,95.429
23106,126.427
23107,126.427
23108,126.427
23109,126.427
23110,126.427
23111,126.427
23112,126.427
23113,126.427
23114,126.427
23115,126.427
23116,126.427
23117,126.427
23118,126.427
23119,126.427
23120,126.427
23121,126.427
23122,126.427
23123,126.427
23124,126.427
23125,126.427
23126,113.731
23127,113.731
23128,113.731
23129,113.731
23130,113.731
23131,113.731
23132,113.731
23133,113.731
23134,113.731
23135,113.731
23136,113.731
23137,113.731
23138,113.731
23139,113.731
23140,113.731
23141,113.731
23142,113.731
23143,113.731
23144,113.731
23145,100.7
23146,100.7
23147,100.7
23148,100.7
23149,100.7
23150,100.7
23151,100.7
23152,100.7
23153,100.7
23154,100.7
23155,100.7
23156,100.7
23157,100.7
23158,100.7
23159,100.7
23160,100.7
23161,100.7
23162,100.7
23163,100.7
23164,100.7
23165,141.215
23166,141.215
23167,141.215
23168,141.215
23169,141.215
23170,141.215
23171,141.215
23172,141.215
23173,141.215
23174,141.215
23175,141.215
23176,141.215
23177,141.215
23178,141.215
23179,141.215
23180,141.215
23181,141.215
23182,141.215
23183,141.215
23184,141.215
23185,141.215
23186,95.976
23187,95.976
23188,95.976
23189,95.976
23190,95.976
23191,95.976
23192,95.976
23193,95.976
23194,95.976
23195,95.976
23196,95.976
23197,95.976
23198,95.976
23199,95.976
23200,95.976
23201,95.976
23202,95.976
23203,95.976
23204,95.976
23205,95.976
23206,95.976
23207,127.309
23208,127.309
23209,127.309
23210,127.309
23211,127.309
23212,127.309
23213,127.309
23214,127.309
23215,127.309
23216,127.309
23217,127.309
23218,127.309
23219,127.309
23220,127.309
23221,127.309
23222,127.309
23223,127.309
23224,127.309
23225,127.309
23226,115.215
23227,115.215
23228,115.215
23229,115.215
23230,115.215
23231,115.215
23232,115.215
23233,115.215
23234,115.215
23235,115.215
23236,115.215
23237,115.215
23238,115.215
23239,115.215
23240,115.215
23241,115.215
23242,115.215
23243,115.215
23244,115.215
23245,115.215
23246,100.153
23247,100.153
23248,100.153
23249,100.153
23250,100.153
23251,100.153
23252,100.153
23253,100.153
23254,100.153
23255,100.153
23256,100.153
23257,100.153
23258,100.153
23259,100.153
23260,100.153
23261,100.153
23262,100.153
23263,100.153
23264,100.153
23265,100.153
23266,141.215
23267,141.215
23268,141.215
23269,141.215
23270,141.215
23271,141.215
23272,141.215
23273,141.215
23274,141.215
23275,141.215
23276,141.215
23277,141.215
23278,141.215
23279,141.215
23280,141.215
23281,141.215
23282,141.215
23283,141.215
23284,141.215
23285,141.215
23286,96.913
23287,96.913
23288,96.913
23289,96.913
23290,96.913
23291,96.913
23292,96.913
23293,96.913
23294,96.913
23295,96.913
23296,96.913
23297,96.913
23298,96.913
23299,96.913
23300,96.913
23301,96.913
23302,96.913
23303,96.913
23304,96.913
23305,96.913
23306,96.913
23307,130.55
23308,130.55
23309,130.55
23310,130.55
23311,130.55
23312,130.55
23313,130.55
23314,130.55
23315,130.55
23316,130.55
23317,130.55
23318,130.55
23319,130.55
23320,130.55
23321,130.55
23322,130.55
23323,130.55
23324,130.55
23325,130.55
23326,114.333
23327,114.333
23328,114.333
23329,114.333
23330,114.333
23331,114.333
23332,114.333
23333,114.333
23334,114.333
23335,114.333
23336,114.333
23337,114.333
23338,114.333
23339,114.333
23340,114.333
23341,114.333
23342,114.333
23343,114.333
23344,114.333
23345,114.333
23346,101.91
23347,101.91
23348,101.91
23349,101.91
23350,101.91
23351,101.91
23352,101.91
23353,101.91
23354,101.91
23355,101.91
23356,101.91
23357,101.91
23358,101.91
23359,101.91
23360,101.91
23361,101.91
23362,101.91
23363,101.91
23364,101.91
23365,101.91
23366,143.581
23367,143.581
23368,143.581
23369,143.581
23370,143.581
23371,143.581
23372,143.581
23373,143.581
23374,143.581
23375,143.581
23376,143.581
23377,143.581
23378,143.581
23379,143.581
23380,143.581
23381,143.581
23382,143.581
23383,143.581
23384,143.581
23385,143.581
23386,143.581
23387,98.061
23388,98.061
23389,98.061
23390,98.061
23391,98.061
23392,98.061
23393,98.061
23394,98.061
23395,98.061
23396,98.061
23397,98.061
23398,98.061
23399,98.061
23400,98.061
23401,98.061
23402,98.061
23403,98.061
23404,98.061
23405,98.061
23406,98.061
23407,98.061
23408,132.642
23409,132.642
23410,132.642
23411,132.642
23412,132.642
23413,132.642
23414,132.642
23415,132.642
23416,132.642
23417,132.642
23418,132.642
23419,132.642
23420,132.642
23421,132.642
23422,132.642
23423,132.642
23424,132.642
23425,132.642
23426,132.642
23427,109.281
23428,109.281
23429,109.281
23430,109.281
23431,109.281
23432,109.281
23433,109.281
23434,109.281
23435,109.281
23436,109.281
23437,109.281
23438,109.281
23439,109.281
23440,109.281
23441,109.281
23442,109.281
23443,109.281
23444,109.281
23445,109.281
23446,109.281
23447,103.394
23448,103.394
23449,103.394
23450,103.394
23451,103.394
23452,103.394
23453,103.394
23454,103.394
23455,103.394
23456,103.394
23457,103.394
23458,103.394
23459,103.394
23460,103.394
23461,103.394
23462,103.394
23463,103.394
23464,103.394
23465,103.394
23466,103.394
23467,130.416
23468,130.416
23469,130.416
23470,130.416
23471,130.416
23472,130.416
23473,130.416
23474,130.416
23475,130.416
23476,130.416
23477,130.416
23478,130.416
23479,130.416
23480,130.416
23481,130.416
23482,130.416
23483,130.416
23484,130.416
23485,130.416
23486,130.416
23487,98.67
23488,98.67
23489,98.67
23490,98.67
23491,98.67
23492,98.67
23493,98.67
23494,98.67
23495,98.67
23496,98.67
23497,98.67
23498,98.67
23499,98.67
23500,98.67
23501,98.67
23502,98.67
23503,98.67
23504,98.67
23505,98.67
23506,98.67
23507,98.67
23508,138.107
23509,138.107
23510,138.107
23511,138.107
23512,138.107
23513,138.107
23514,138.107
23515,138.107
23516,138.107
23517,138.107
23518,138.107
23519,138.107
23520,138.107
23521,138.107
23522,138.107
23523,138.107
23524,138.107
23525,138.107
23526,138.107
23527,104.549
23528,104.549
23529,104.549
23530,104.549
23531,104.549
23532,104.549
23533,104.549
23534,104.549
23535,104.549
23536,104.549
23537,104.549
23538,104.549
23539,104.549
23540,104.549
23541,104.549
23542,104.549
23543,104.549
23544,104.549
23545,104.549
23546,104.549
23547,110.483
23548,110.483
23549,110.483
23550,110.483
23551,110.483
23552,110.483
23553,110.483
23554,110.483
23555,110.483
23556,110.483
23557,110.483
23558,110.483
23559,110.483
23560,110.483
23561,110.483
23562,110.483
23563,110.483
23564,110.483
23565,110.483
23566,110.483
23567,122.179
23568,122.179
23569,122.179
23570,122.179
23571,122.179
23572,122.179
23573,122.179
23574,122.179
23575,122.179
23576,122.179
23577,122.179
23578,122.179
23579,122.179
23580,122.179
23581,122.179
23582,122.179
23583,122.179
23584,122.179
23585,122.179
23586,122.179
23587,101.205
23588,101.205
23589,101.205
23590,101.205
23591,101.205
23592,101.205
23593,101.205
23594,101.205
23595,101.205
23596,101.205
23597,101.205
23598,101.205
23599,101.205
23600,101.205
23601,101.205
23602,101.205
23603,101.205
23604,101.205
23605,101.205
23606,101.205
23607,101.205
23608,101.205
23609,142.225
23610,142.225
23611,142.225
23612,142.225
23613,142.225
23614,142.225
23615,142.225
23616,142.225
23617,142.225
23618,142.225
23619,142.225
23620,142.225
23621,142.225
23622,142.225
23623,142.225
23624,142.225
23625,142.225
23626,142.225
23627,142.225
23628,98.342
23629,98.342
23630,98.342
23631,98.342
23632,98.342
23633,98.342
23634,98.342
23635,98.342
23636,98.342
23637,98.342
23638,98.342
23639,98.342
23640,98.342
23641,98.342
23642,98.342
23643,98.342
23644,98.342
23645,98.342
23646,98.342
23647,98.342
23648,122.179
23649,122.179
23650,122.179
23651,122.179
23652,122.179
23653,122.179
23654,122.179
23655,122.179
23656,122.179
23657,122.179
23658,122.179
23659,122.179
23660,122.179
23661,122.179
23662,122.179
23663,122.179
23664,122.179
23665,122.179
23666,122.179
23667,122.179
23668,112.46
23669,112.46
23670,112.46
23671,112.46
23672,112.46
23673,112.46
23674,112.46
23675,112.46
23676,112.46
23677,112.46
23678,112.46
23679,112.46
23680,112.46
23681,112.46
23682,112.46
23683,112.46
23684,112.46
23685,112.46
23686,112.46
23687,112.46
23688,101.533
23689,101.533
23690,101.533
23691,101.533
23692,101.533
23693,101.533
23694,101.533
23695,101.533
23696,101.533
23697,101.533
23698,101.533
23699,101.533
23700,101.533
23701,101.533
23702,101.533
23703,101.533
23704,101.533
23705,101.533
23706,101.533
23707,101.533
23708,101.533
23709,128.661
23710,128.661
23711,128.661
23712,128.661
23713,128.661
23714,128.661
23715,128.661
23716,128.661
23717,128.661
23718,128.661
23719,128.661
23720,128.661
23721,128.661
23722,128.661
23723,128.661
23724,128.661
23725,128.661
23726,128.661
23727,128.661
23728,97.36
23729,97.36
23730,97.36
23731,97.36
23732,97.36
23733,97.36
23734,97.36
23735,97.36
23736,97.36
23737,97.36
23738,97.36
23739,97.36
23740,97.36
23741,97.36
23742,97.36
23743,97.36
23744,97.36
23745,97.36
23746,97.36
23747,97.36
23748,134.261
23749,134.261
23750,134.261
23751,134.261
23752,134.261
23753,134.261
23754,134.261
23755,134.261
23756,134.261
23757,134.261
23758,134.261
23759,134.261
23760,134.261
23761,134.261
23762,134.261
23763,134.261
23764,134.261
23765,134.261
23766,134.261
23767,134.261
23768,105.651
23769,105.651
23770,105.651
23771,105.651
23772,105.651
23773,105.651
23774,105.651
23775,105.651
23776,105.651
23777,105.651
23778,105.651
23779,105.651
23780,105.651
23781,105.651
23782,105.651
23783,105.651
23784,105.651
23785,105.651
23786,105.651
23787,105.651
23788,105.651
23789,113.615
23790,113.615
23791,113.615
23792,113.615
23793,113.615
23794,113.615
23795,113.615
23796,113.615
23797,113.615
23798,113.615
23799,113.615
23800,113.615
23801,113.615
23802,113.615
23803,113.615
23804,113.615
23805,113.615
23806,113.615
23807,113.615
23808,113.615
23809,113.615
23810,122.452
23811,122.452
23812,122.452
23813,122.452
23814,122.452
23815,122.452
23816,122.452
23817,122.452
23818,122.452
23819,122.452
23820,122.452
23821,122.452
23822,122.452
23823,122.452
23824,122.452
23825,122.452
23826,122.452
23827,122.452
23828,122.452
23829,102.079
23830,102.079
23831,102.079
23832,102.079
23833,102.079
23834,102.079
23835,102.079
23836,102.079
23837,102.079
23838,102.079
23839,102.079
23840,102.079
23841,102.079
23842,102.079
23843,102.079
23844,102.079
23845,102.079
23846,102.079
23847,102.079
23848,102.079
23849,143.707
23850,143.707
23851,143.707
23852,143.707
23853,143.707
23854,143.707
23855,143.707
23856,143.707
23857,143.707
23858,143.707
23859,143.707
23860,143.707
23861,143.707
23862,143.707
23863,143.707
23864,143.707
23865,143.707
23866,143.707
23867,143.707
23868,143.707
23869,99.723
23870,99.723
23871,99.723
23872,99.723
23873,99.723
23874,99.723
23875,99.723
23876,99.723
23877,99.723
23878,99.723
23879,99.723
23880,99.723
23881,99.723
23882,99.723
23883,99.723
23884,99.723
23885,99.723
23886,99.723
23887,99.723
23888,99.723
23889,126.025
23890,126.025
23891,126.025
23892,126.025
23893,126.025
23894,126.025
23895,126.025
23896,126.025
23897,126.025
23898,126.025
23899,126.025
23900,126.025
23901,126.025
23902,126.025
23903,126.025
23904,126.025
23905,126.025
23906,126.025
23907,126.025
23908,126.025
23909,126.025
23910,110.978
23911,110.978
23912,110.978
23913,110.978
23914,110.978
23915,110.978
23916,110.978
23917,110.978
23918,110.978
23919,110.978
23920,110.978
23921,110.978
23922,110.978
23923,110.978
23924,110.978
23925,110.978
23926,110.978
23927,110.978
23928,110.978
23929,101.533
23930,101.533
23931,101.533
23932,101.533
23933,101.533
23934,101.533
23935,101.533
23936,101.533
23937,101.533
23938,101.533
23939,101.533
23940,101.533
23941,101.533
23942,101.533
23943,101.533
23944,101.533
23945,101.533
23946,101.533
23947,101.533
23948,101.533
23949,132.97
23950,132.97
23951,132.97
23952,132.97
23953,132.97
23954,132.97
23955,132.97
23956,132.97
23957,132.97
23958,132.97
23959,132.97
23960,132.97
23961,132.97
23962,132.97
23963,132.97
23964,132.97
23965,132.97
23966,132.97
23967,132.97
23968,132.97
23969,97.36
23970,97.36
23971,97.36
23972,97.36
23973,97.36
23974,97.36
23975,97.36
23976,97.36
23977,97.36
23978,97.36
23979,97.36
23980,97.36
23981,97.36
23982,97.36
23983,97.36
23984,97.36
23985,97.36
23986,97.36
23987,97.36
23988,97.36
23989,135.004
23990,135.004
23991,135.004
23992,135.004
23993,135.004
23994,135.004
23995,135.004
23996,135.004
23997,135.004
23998,135.004
23999,135.004
24000,135.004
24001,135.004
24002,135.004
24003,135.004
24004,135.004
24005,135.004
24006,135.004
24007,135.004
24008,135.004
24009,135.004
24010,135.004
24011,102.96
24012,102.96
24013,102.96
24014,102.96
24015,102.96
24016,102.96
24017,102.96
24018,102.96
24019,102.96
24020,102.96
24021,102.96
24022,102.96
24023,102.96
24024,102.96
24025,102.96
24026,102.96
24027,102.96
24028,102.96
24029,102.96
24030,115.251
24031,115.251
24032,115.251
24033,115.251
24034,115.251
24035,115.251
24036,115.251
24037,115.251
24038,115.251
24039,115.251
24040,115.251
24041,115.251
24042,115.251
24043,115.251
24044,115.251
24045,115.251
24046,115.251
24047,115.251
24048,115.251
24049,115.251
24050,121.173
24051,121.173
24052,121.173
24053,121.173
24054,121.173
24055,121.173
24056,121.173
24057,121.173
24058,121.173
24059,121.173
24060,121.173
24061,121.173
24062,121.173
24063,121.173
24064,121.173
24065,121.173
24066,121.173
24067,121.173
24068,121.173
24069,121.173
24070,100.828
24071,100.828
24072,100.828
24073,100.828
24074,100.828
24075,100.828
24076,100.828
24077,100.828
24078,100.828
24079,100.828
24080,100.828
24081,100.828
24082,100.828
24083,100.828
24084,100.828
24085,100.828
24086,100.828
24087,100.828
24088,100.828
24089,100.828
24090,142.079
24091,142.079
24092,142.079
24093,142.079
24094,142.079
24095,142.079
24096,142.079
24097,142.079
24098,142.079
24099,142.079
24100,142.079
24101,142.079
24102,142.079
24103,142.079
24104,142.079
24105,142.079
24106,142.079
24107,142.079
24108,142.079
24109,142.079
24110,142.079
24111,97.86
24112,97.86
24113,97.86
24114,97.86
24115,97.86
24116,97.86
24117,97.86
24118,97.86
24119,97.86
24120,97.86
24121,97.86
24122,97.86
24123,97.86
24124,97.86
24125,97.86
24126,97.86
24127,97.86
24128,97.86
24129,97.86
24130,128.256
24131,128.256
24132,128.256
24133,128.256
24134,128.256
24135,128.256
24136,128.256
24137,128.256
24138,128.256
24139,128.256
24140,128.256
24141,128.256
24142,128.256
24143,128.256
24144,128.256
24145,128.256
24146,128.256
24147,128.256
24148,128.256
24149,128.256
24150,111.137
24151,111.137
24152,111.137
24153,111.137
24154,111.137
24155,111.137
24156,111.137
24157,111.137
24158,111.137
24159,111.137
24160,111.137
24161,111.137
24162,111.137
24163,111.137
24164,111.137
24165,111.137
24166,111.137
24167,111.137
24168,111.137
24169,111.137
24170,101.428
24171,101.428
24172,101.428
24173,101.428
24174,101.428
24175,101.428
24176,101.428
24177,101.428
24178,101.428
24179,101.428
24180,101.428
24181,101.428
24182,101.428
24183,101.428
24184,101.428
24185,101.428
24186,101.428
24187,101.428
24188,101.428
24189,101.428
24190,139.173
24191,139.173
24192,139.173
24193,139.173
24194,139.173
24195,139.173
24196,139.173
24197,139.173
24198,139.173
24199,139.173
24200,139.173
24201,139.173
24202,139.173
24203,139.173
24204,139.173
24205,139.173
24206,139.173
24207,139.173
24208,139.173
24209,139.173
24210,139.173
24211,100.493
24212,100.493
24213,100.493
24214,100.493
24215,100.493
24216,100.493
24217,100.493
24218,100.493
24219,100.493
24220,100.493
24221,100.493
24222,100.493
24223,100.493
24224,100.493
24225,100.493
24226,100.493
24227,100.493
24228,100.493
24229,100.493
24230,100.493
24231,136.204
24232,136.204
24233,136.204
24234,136.204
24235,136.204
24236,136.204
24237,136.204
24238,136.204
24239,136.204
24240,136.204
24241,136.204
24242,136.204
24243,136.204
24244,136.204
24245,136.204
24246,136.204
24247,136.204
24248,136.204
24249,136.204
24250,136.204
24251,107.023
24252,107.023
24253,107.023
24254,107.023
24255,107.023
24256,107.023
24257,107.023
24258,107.023
24259,107.023
24260,107.023
24261,107.023
24262,107.023
24263,107.023
24264,107.023
24265,107.023
24266,107.023
24267,107.023
24268,107.023
24269,107.023
24270,107.023
24271,114.706
24272,114.706
24273,114.706
24274,114.706
24275,114.706
24276,114.706
24277,114.706
24278,114.706
24279,114.706
24280,114.706
24281,114.706
24282,114.706
24283,114.706
24284,114.706
24285,114.706
24286,114.706
24287,114.706
24288,114.706
24289,114.706
24290,114.706
24291,123.207
24292,123.207
24293,123.207
24294,123.207
24295,123.207
24296,123.207
24297,123.207
24298,123.207
24299,123.207
24300,123.207
24301,123.207
24302,123.207
24303,123.207
24304,123.207
24305,123.207
24306,123.207
24307,123.207
24308,123.207
24309,123.207
24310,123.207
24311,123.207
24312,102.582
24313,102.582
24314,102.582
24315,102.582
24316,102.582
24317,102.582
24318,102.582
24319,102.582
24320,102.582
24321,102.582
24322,102.582
24323,102.582
24324,102.582
24325,102.582
24326,102.582
24327,102.582
24328,102.582
24329,102.582
24330,102.582
24331,141.526
24332,141.526
24333,141.526
24334,141.526
24335,141.526
24336,141.526
24337,141.526
24338,141.526
24339,141.526
24340,141.526
24341,141.526
24342,141.526
24343,141.526
24344,141.526
24345,141.526
24346,141.526
24347,141.526
24348,141.526
24349,141.526
24350,141.526
24351,99.348
24352,99.348
24353,99.348
24354,99.348
24355,99.348
24356,99.348
24357,99.348
24358,99.348
24359,99.348
24360,99.348
24361,99.348
24362,99.348
24363,99.348
24364,99.348
24365,99.348
24366,99.348
24367,99.348
24368,99.348
24369,99.348
24370,99.348
24371,127.649
24372,127.649
24373,127.649
24374,127.649
24375,127.649
24376,127.649
24377,127.649
24378,127.649
24379,127.649
24380,127.649
24381,127.649
24382,127.649
24383,127.649
24384,127.649
24385,127.649
24386,127.649
24387,127.649
24388,127.649
24389,127.649
24390,127.649
24391,112.89
24392,112.89
24393,112.89
24394,112.89
24395,112.89
24396,112.89
24397,112.89
24398,112.89
24399,112.89
24400,112.89
24401,112.89
24402,112.89
24403,112.89
24404,112.89
24405,112.89
24406,112.89
24407,112.89
24408,112.89
24409,112.89
24410,112.89
24411,112.89
24412,105.215
24413,105.215
24414,105.215
24415,105.215
24416,105.215
24417,105.215
24418,105.215
24419,105.215
24420,105.215
24421,105.215
24422,105.215
24423,105.215
24424,105.215
24425,105.215
24426,105.215
24427,105.215
24428,105.215
24429,105.215
24430,105.215
24431,105.215
24432,130.61
24433,130.61
24434,130.61
24435,130.61
24436,130.61
24437,130.61
24438,130.61
24439,130.61
24440,130.61
24441,130.61
24442,130.61
24443,130.61
24444,130.61
24445,130.61
24446,130.61
24447,130.61
24448,130.61
24449,130.61
24450,130.61
24451,130.61
24452,98.468
24453,98.468
24454,98.468
24455,98.468
24456,98.468
24457,98.468
24458,98.468
24459,98.468
24460,98.468
24461,98.468
24462,98.468
24463,98.468
24464,98.468
24465,98.468
24466,98.468
24467,98.468
24468,98.468
24469,98.468
24470,98.468
24471,98.468
24472,137.543
24473,137.543
24474,137.543
24475,137.543
24476,137.543
24477,137.543
24478,137.543
24479,137.543
24480,137.543
24481,137.543
24482,137.543
24483,137.543
24484,137.543
24485,137.543
24486,137.543
24487,137.543
24488,137.543
24489,137.543
24490,137.543
24491,137.543
24492,102.582
24493,102.582
24494,102.582
24495,102.582
24496,102.582
24497,102.582
24498,102.582
24499,102.582
24500,102.582
24501,102.582
24502,102.582
24503,102.582
24504,102.582
24505,102.582
24506,102.582
24507,102.582
24508,102.582
24509,102.582
24510,102.582
24511,102.582
24512,102.582
24513,118.82
24514,118.82
24515,118.82
24516,118.82
24517,118.82
24518,118.82
24519,118.82
24520,118.82
24521,118.82
24522,118.82
24523,118.82
24524,118.82
24525,118.82
24526,118.82
24527,118.82
24528,118.82
24529,118.82
24530,118.82
24531,118.82
24532,121.173
24533,121.173
24534,121.173
24535,121.173
24536,121.173
24537,121.173
24538,121.173
24539,121.173
24540,121.173
24541,121.173
24542,121.173
24543,121.173
24544,121.173
24545,121.173
24546,121.173
24547,121.173
24548,121.173
24549,121.173
24550,121.173
24551,121.173
24552,102.854
24553,102.854
24554,102.854
24555,102.854
24556,102.854
24557,102.854
24558,102.854
24559,102.854
24560,102.854
24561,102.854
24562,102.854
24563,102.854
24564,102.854
24565,102.854
24566,102.854
24567,102.854
24568,102.854
24569,102.854
24570,102.854
24571,102.854
24572,143.287
24573,143.287
24574,143.287
24575,143.287
24576,143.287
24577,143.287
24578,143.287
24579,143.287
24580,143.287
24581,143.287
24582,143.287
24583,143.287
24584,143.287
24585,143.287
24586,143.287
24587,143.287
24588,143.287
24589,143.287
24590,143.287
24591,143.287
24592,98.468
24593,98.468
24594,98.468
24595,98.468
24596,98.468
24597,98.468
24598,98.468
24599,98.468
24600,98.468
24601,98.468
24602,98.468
24603,98.468
24604,98.468
24605,98.468
24606,98.468
24607,98.468
24608,98.468
24609,98.468
24610,98.468
24611,98.468
24612,98.468
24613,134.124
24614,134.124
24615,134.124
24616,134.124
24617,134.124
24618,134.124
24619,134.124
24620,134.124
24621,134.124
24622,134.124
24623,134.124
24624,134.124
24625,134.124
24626,134.124
24627,134.124
24628,134.124
24629,134.124
24630,134.124
24631,134.124
24632,110.865
24633,110.865
24634,110.865
24635,110.865
24636,110.865
24637,110.865
24638,110.865
24639,110.865
24640,110.865
24641,110.865
24642,110.865
24643,110.865
24644,110.865
24645,110.865
24646,110.865
24647,110.865
24648,110.865
24649,110.865
24650,110.865
24651,110.865
24652,110.865
24653,109.384
24654,109.384
24655,109.384
24656,109.384
24657,109.384
24658,109.384
24659,109.384
24660,109.384
24661,109.384
24662,109.384
24663,109.384
24664,109.384
24665,109.384
24666,109.384
24667,109.384
24668,109.384
24669,109.384
24670,109.384
24671,109.384
24672,109.384
24673,127.049
24674,127.049
24675,127.049
24676,127.049
24677,127.049
24678,127.049
24679,127.049
24680,127.049
24681,127.049
24682,127.049
24683,127.049
24684,127.049
24685,127.049
24686,127.049
24687,127.049
24688,127.049
24689,127.049
24690,127.049
24691,127.049
24692,127.049
24693,100.221
24694,100.221
24695,100.221
24696,100.221
24697,100.221
24698,100.221
24699,100.221
24700,100.221
24701,100.221
24702,100.221
24703,100.221
24704,100.221
24705,100.221
24706,100.221
24707,100.221
24708,100.221
24709,100.221
24710,100.221
24711,100.221
24712,100.221
24713,100.221
24714,143.56
24715,143.56
24716,143.56
24717,143.56
24718,143.56
24719,143.56
24720,143.56
24721,143.56
24722,143.56
24723,143.56
24724,143.56
24725,143.56
24726,143.56
24727,143.56
24728,143.56
24729,143.56
24730,143.56
24731,143.56
24732,143.56
24733,99.621
24734,99.621
24735,99.621
24736,99.621
24737,99.621
24738,99.621
24739,99.621
24740,99.621
24741,99.621
24742,99.621
24743,99.621
24744,99.621
24745,99.621
24746,99.621
24747,99.621
24748,99.621
24749,99.621
24750,99.621
24751,99.621
24752,99.621
24753,122.327
24754,122.327
24755,122.327
24756,122.327
24757,122.327
24758,122.327
24759,122.327
24760,122.327
24761,122.327
24762,122.327
24763,122.327
24764,122.327
24765,122.327
24766,122.327
24767,122.327
24768,122.327
24769,122.327
24770,122.327
24771,122.327
24772,122.327
24773,117.059
24774,117.059
24775,117.059
24776,117.059
24777,117.059
24778,117.059
24779,117.059
24780,117.059
24781,117.059
24782,117.059
24783,117.059
24784,117.059
24785,117.059
24786,117.059
24787,117.059
24788,117.059
24789,117.059
24790,117.059
24791,117.059
24792,117.059
24793,101.974
24794,101.974
24795,101.974
24796,101.974
24797,101.974
24798,101.974
24799,101.974
24800,101.974
24801,101.974
24802,101.974
24803,101.974
24804,101.974
24805,101.974
24806,101.974
24807,101.974
24808,101.974
24809,101.974
24810,101.974
24811,101.974
24812,101.974
24813,101.974
24814,135.331
24815,135.331
24816,135.331
24817,135.331
24818,135.331
24819,135.331
24820,135.331
24821,135.331
24822,135.331
24823,135.331
24824,135.331
24825,135.331
24826,135.331
24827,135.331
24828,135.331
24829,135.331
24830,135.331
24831,135.331
24832,135.331
24833,135.331
24834,97.86
24835,97.86
24836,97.86
24837,97.86
24838,97.86
24839,97.86
24840,97.86
24841,97.86
24842,97.86
24843,97.86
24844,97.86
24845,97.86
24846,97.86
24847,97.86
24848,97.86
24849,97.86
24850,97.86
24851,97.86
24852,97.86
24853,97.86
24854,133.433
24855,133.433
24856,133.433
24857,133.433
24858,133.433
24859,133.433
24860,133.433
24861,133.433
24862,133.433
24863,133.433
24864,133.433
24865,133.433
24866,133.433
24867,133.433
24868,133.433
24869,133.433
24870,133.433
24871,133.433
24872,133.433
24873,133.433
24874,108.776
24875,108.776
24876,108.776
24877,108.776
24878,108.776
24879,108.776
24880,108.776
24881,108.776
24882,108.776
24883,108.776
24884,108.776
24885,108.776
24886,108.776
24887,108.776
24888,108.776
24889,108.776
24890,108.776
24891,108.776
24892,108.776
24893,108.776
24894,107.904
24895,107.904
24896,107.904
24897,107.904
24898,107.904
24899,107.904
24900,107.904
24901,107.904
24902,107.904
24903,107.904
24904,107.904
24905,107.904
24906,107.904
24907,107.904
24908,107.904
24909,107.904
24910,107.904
24911,107.904
24912,107.904
24913,107.904
24914,107.904
24915,125.568
24916,125.568
24917,125.568
24918,125.568
24919,125.568
24920,125.568
24921,125.568
24922,125.568
24923,125.568
24924,125.568
24925,125.568
24926,125.568
24927,125.568
24928,125.568
24929,125.568
24930,125.568
24931,125.568
24932,125.568
24933,125.568
24934,100.828
24935,100.828
24936,100.828
24937,100.828
24938,100.828
24939,100.828
24940,100.828
24941,100.828
24942,100.828
24943,100.828
24944,100.828
24945,100.828
24946,100.828
24947,100.828
24948,100.828
24949,100.828
24950,100.828
24951,100.828
24952,100.828
24953,100.828
24954,141.807
24955,141.807
24956,141.807
24957,141.807
24958,141.807
24959,141.807
24960,141.807
24961,141.807
24962,141.807
24963,141.807
24964,141.807
24965,141.807
24966,141.807
24967,141.807
24968,141.807
24969,141.807
24970,141.807
24971,141.807
24972,141.807
24973,141.807
24974,99.067
24975,99.067
24976,99.067
24977,99.067
24978,99.067
24979,99.067
24980,99.067
24981,99.067
24982,99.067
24983,99.067
24984,99.067
24985,99.067
24986,99.067
24987,99.067
24988,99.067
24989,99.067
24990,99.067
24991,99.067
24992,99.067
24993,99.067
24994,112.618
24995,112.618
24996,112.618
24997,112.618
