{
  "0": [
    78.93398245614037,
    39.21642135056941
  ],
  "1": [
    76.64848936170212,
    43.84598646265279
  ],
  "2": [
    76.84495555555554,
    17.687996353580246
  ],
  "3": [
    77.04933962264153,
    27.604769431826277
  ],
  "4": [
    76.33668518518517,
    22.15038221570644
  ],
  "5": [
    76.60040384615384,
    32.74765127921598
  ],
  "6": [
    77.56842307692308,
    32.65379566715976
  ],
  "7": [
    78.06657894736843,
    25.31641684025854
  ],
  "8": [
    77.61584,
    35.07243469439999
  ],
  "9": [
    78.6876875,
    22.388926923177078
  ],
  "10": [
    77.55929629629632,
    38.26153491220851
  ],
  "11": [
    77.04736170212765,
    34.19980652874604
  ],
  "12": [
    77.86051851851852,
    31.862503249657063
  ],
  "13": [
    77.66382352941176,
    40.10259171395617
  ],
  "14": [
    78.01583333333332,
    31.306316900793657
  ]
}