time_ms,power_w
1,158.143
1,158.143
2,158.143
3,158.143
4,158.143
5,158.143
6,158.143
7,158.143
8,158.143
9,158.143
10,158.143
11,158.143
12,158.143
13,158.143
14,158.143
15,158.143
16,158.143
17,158.143
18,158.143
19,158.143
20,158.143
21,158.143
22,158.134
23,158.134
24,158.134
25,158.134
26,158.134
27,158.134
28,158.134
29,158.134
30,158.134
31,158.134
32,158.134
33,158.134
34,158.134
35,158.134
36,158.134
37,158.134
38,158.134
39,158.134
40,158.134
41,158.134
42,158.134
43,158.134
44,158.134
45,158.134
46,158.134
47,158.134
48,158.134
49,158.134
50,158.134
51,158.134
52,158.134
53,158.134
54,158.134
55,158.134
56,158.134
57,158.134
58,158.134
59,158.134
60,158.134
61,158.134
62,158.134
63,158.134
64,158.134
65,158.134
66,158.134
67,158.134
68,158.134
69,158.134
70,158.134
71,158.134
72,158.134
73,158.134
74,158.134
75,158.134
76,158.134
77,158.134
78,158.134
79,158.134
80,158.134
81,158.134
82,158.134
83,158.134
84,158.134
85,158.134
86,158.134
87,158.134
88,158.134
89,158.134
90,158.134
91,158.134
92,158.134
93,158.134
94,158.134
95,158.134
96,158.134
97,158.134
98,158.134
99,158.134
100,158.134
101,158.134
102,158.134
103,158.134
104,158.134
105,158.134
106,158.134
107,158.134
108,158.134
109,158.134
110,158.134
111,158.134
112,158.134
113,158.134
114,158.134
115,158.134
116,158.134
117,158.134
118,158.134
119,158.134
120,158.134
121,158.134
122,158.128
123,158.128
124,158.128
125,158.128
126,158.128
127,158.128
128,158.128
129,158.128
130,158.128
131,158.128
132,158.128
133,158.128
134,158.128
135,158.128
136,158.128
137,158.128
138,158.128
139,158.128
140,158.128
141,158.128
142,158.128
143,158.128
144,158.128
145,158.128
146,158.128
147,158.128
148,158.128
149,158.128
150,158.128
151,158.128
152,158.128
153,158.128
154,158.128
155,158.128
156,158.128
157,158.128
158,158.128
159,158.128
160,158.128
161,158.128
162,158.128
163,158.128
164,158.128
165,158.128
166,158.128
167,158.128
168,158.128
169,158.128
170,158.128
171,158.128
172,158.128
173,158.128
174,158.128
175,158.128
176,158.128
177,158.128
178,158.128
179,158.128
180,158.128
181,158.128
182,158.128
183,158.128
184,158.128
185,158.128
186,158.128
187,158.128
188,158.128
189,158.128
190,158.128
191,158.128
192,158.128
193,158.128
194,158.128
195,158.128
196,158.128
197,158.128
198,158.128
199,158.128
200,158.128
201,158.128
202,158.128
203,158.128
204,158.128
205,158.128
206,158.128
207,158.128
208,158.128
209,158.128
210,158.128
211,158.128
212,158.128
213,158.128
214,158.128
215,158.128
216,158.128
217,158.128
218,158.128
219,158.128
220,158.128
221,158.128
222,158.124
223,158.124
224,158.124
225,158.124
226,158.124
227,158.124
228,158.124
229,158.124
230,158.124
231,158.124
232,158.124
233,158.124
234,158.124
235,158.124
236,158.124
237,158.124
238,158.124
239,158.124
240,158.124
241,158.124
242,158.124
243,158.124
244,158.124
245,158.124
246,158.124
247,158.124
248,158.124
249,158.124
250,158.124
251,158.124
252,158.124
253,158.124
254,158.124
255,158.124
256,158.124
257,158.124
258,158.124
259,158.124
260,158.124
261,158.124
262,158.124
263,158.124
264,158.124
265,158.124
266,158.124
267,158.124
268,158.124
269,158.124
270,158.124
271,158.124
272,158.124
273,158.124
274,158.124
275,158.124
276,158.124
277,158.124
278,158.124
279,158.124
280,158.124
281,158.124
282,158.124
283,158.124
284,158.124
285,158.124
286,158.124
287,158.124
288,158.124
289,158.124
290,158.124
291,158.124
292,158.124
293,158.124
294,158.124
295,158.124
296,158.124
297,158.124
298,158.124
299,158.124
300,158.124
301,158.124
302,158.124
303,158.124
304,158.124
305,158.124
306,158.124
307,158.124
308,158.124
309,158.124
310,158.124
311,158.124
312,158.124
313,158.124
314,158.124
315,158.124
316,158.124
317,158.124
318,158.124
319,158.124
320,158.124
321,158.124
322,158.108
323,158.108
324,158.108
325,158.108
326,158.108
327,158.108
328,158.108
329,158.108
330,158.108
331,158.108
332,158.108
333,158.108
334,158.108
335,158.108
336,158.108
337,158.108
338,158.108
339,158.108
340,158.108
341,158.108
342,158.108
343,158.108
344,158.108
345,158.108
346,158.108
347,158.108
348,158.108
349,158.108
350,158.108
351,158.108
352,158.108
353,158.108
354,158.108
355,158.108
356,158.108
357,158.108
358,158.108
359,158.108
360,158.108
361,158.108
362,158.108
363,158.108
364,158.108
365,158.108
366,158.108
367,158.108
368,158.108
369,158.108
370,158.108
371,158.108
372,158.108
373,158.108
374,158.108
375,158.108
376,158.108
377,158.108
378,158.108
379,158.108
380,158.108
381,158.108
382,158.108
383,158.108
384,158.108
385,158.108
386,158.108
387,158.108
388,158.108
389,158.108
390,158.108
391,158.108
392,158.108
393,158.108
394,158.108
395,158.108
396,158.108
397,158.108
398,158.108
399,158.108
400,158.108
401,158.108
402,158.108
403,158.108
404,158.108
405,158.108
406,158.108
407,158.108
408,158.108
409,158.108
410,158.108
411,158.108
412,158.108
413,158.108
414,158.108
415,158.108
416,158.108
417,158.108
418,158.108
419,158.108
420,158.108
421,158.108
422,158.098
423,158.098
424,158.098
425,158.098
426,158.098
427,158.098
428,158.098
429,158.098
430,158.098
431,158.098
432,158.098
433,158.098
434,158.098
435,158.098
436,158.098
437,158.098
438,158.098
439,158.098
440,158.098
441,158.098
442,158.098
443,158.098
444,158.098
445,158.098
446,158.098
447,158.098
448,158.098
449,158.098
450,158.098
451,158.098
452,158.098
453,158.098
454,158.098
455,158.098
456,158.098
457,158.098
458,158.098
459,158.098
460,158.098
461,158.098
462,158.098
463,158.098
464,158.098
465,158.098
466,158.098
467,158.098
468,158.098
469,158.098
470,158.098
471,158.098
472,158.098
473,158.098
474,158.098
475,158.098
476,158.098
477,158.098
478,158.098
479,158.098
480,158.098
481,158.098
482,158.098
483,158.098
484,158.098
485,158.098
486,158.098
487,158.098
488,158.098
489,158.098
490,158.098
491,158.098
492,158.098
493,158.098
494,158.098
495,158.098
496,158.098
497,158.098
498,158.098
499,158.098
500,158.098
501,158.098
502,158.098
503,158.098
504,158.098
505,158.098
506,158.098
507,158.098
508,158.098
509,158.098
510,158.098
511,158.098
512,158.098
513,158.098
514,158.098
515,158.098
516,158.098
517,158.098
518,158.098
519,158.098
520,158.098
521,158.098
522,157.982
523,157.982
524,157.982
525,157.982
526,157.982
527,157.982
528,157.982
529,157.982
530,157.982
531,157.982
532,157.982
533,157.982
534,157.982
535,157.982
536,157.982
537,157.982
538,157.982
539,157.982
540,157.982
541,157.982
542,157.982
543,157.982
544,157.982
545,157.982
546,157.982
547,157.982
548,157.982
549,157.982
550,157.982
551,157.982
552,157.982
553,157.982
554,157.982
555,157.982
556,157.982
557,157.982
558,157.982
559,157.982
560,157.982
561,157.982
562,157.982
563,157.982
564,157.982
565,157.982
566,157.982
567,157.982
568,157.982
569,157.982
570,157.982
571,157.982
572,157.982
573,157.982
574,157.982
575,157.982
576,157.982
577,157.982
578,157.982
579,157.982
580,157.982
581,157.982
582,157.982
583,157.982
584,157.982
585,157.982
586,157.982
587,157.982
588,157.982
589,157.982
590,157.982
591,157.982
592,157.982
593,157.982
594,157.982
595,157.982
596,157.982
597,157.982
598,157.982
599,157.982
600,157.982
601,157.982
602,157.982
603,157.982
604,157.982
605,157.982
606,157.982
607,157.982
608,157.982
609,157.982
610,157.982
611,157.982
612,157.982
613,157.982
614,157.982
615,157.982
616,157.982
617,157.982
618,157.982
619,157.982
620,157.982
621,157.982
622,150.664
623,150.664
624,150.664
625,150.664
626,150.664
627,150.664
628,150.664
629,150.664
630,150.664
631,150.664
632,150.664
633,150.664
634,150.664
635,150.664
636,150.664
637,150.664
638,150.664
639,150.664
640,150.664
641,150.664
642,150.664
643,150.664
644,150.664
645,150.664
646,150.664
647,150.664
648,150.664
649,150.664
650,150.664
651,150.664
652,150.664
653,150.664
654,150.664
655,150.664
656,150.664
657,150.664
658,150.664
659,150.664
660,150.664
661,150.664
662,150.664
663,150.664
664,150.664
665,150.664
666,150.664
667,150.664
668,150.664
669,150.664
670,150.664
671,150.664
672,150.664
673,150.664
674,150.664
675,150.664
676,150.664
677,150.664
678,150.664
679,150.664
680,150.664
681,150.664
682,150.664
683,150.664
684,150.664
685,150.664
686,150.664
687,150.664
688,150.664
689,150.664
690,150.664
691,150.664
692,150.664
693,150.664
694,150.664
695,150.664
696,150.664
697,150.664
698,150.664
699,150.664
700,150.664
701,150.664
702,150.664
703,150.664
704,150.664
705,150.664
706,150.664
707,150.664
708,150.664
709,150.664
710,150.664
711,150.664
712,150.664
713,150.664
714,150.664
715,150.664
716,150.664
717,150.664
718,150.664
719,150.664
720,150.664
721,150.664
722,142.834
723,142.834
724,142.834
725,142.834
726,142.834
727,142.834
728,142.834
729,142.834
730,142.834
731,142.834
732,142.834
733,142.834
734,142.834
735,142.834
736,142.834
737,142.834
738,142.834
739,142.834
740,142.834
741,142.834
742,142.834
743,142.834
744,142.834
745,142.834
746,142.834
747,142.834
748,142.834
749,142.834
750,142.834
751,142.834
752,142.834
753,142.834
754,142.834
755,142.834
756,142.834
757,142.834
758,142.834
759,142.834
760,142.834
761,142.834
762,142.834
763,142.834
764,142.834
765,142.834
766,142.834
767,142.834
768,142.834
769,142.834
770,142.834
771,142.834
772,142.834
773,142.834
774,142.834
775,142.834
776,142.834
777,142.834
778,142.834
779,142.834
780,142.834
781,142.834
782,142.834
783,142.834
784,142.834
785,142.834
786,142.834
787,142.834
788,142.834
789,142.834
790,142.834
791,142.834
792,142.834
793,142.834
794,142.834
795,142.834
796,142.834
797,142.834
798,142.834
799,142.834
800,142.834
801,142.834
802,142.834
803,142.834
804,142.834
805,142.834
806,142.834
807,142.834
808,142.834
809,142.834
810,142.834
811,142.834
812,142.834
813,142.834
814,142.834
815,142.834
816,142.834
817,142.834
818,142.834
819,142.834
820,142.834
821,142.834
822,135.549
823,135.549
824,135.549
825,135.549
826,135.549
827,135.549
828,135.549
829,135.549
830,135.549
831,135.549
832,135.549
833,135.549
834,135.549
835,135.549
836,135.549
837,135.549
838,135.549
839,135.549
840,135.549
841,135.549
842,135.549
843,135.549
844,135.549
845,135.549
846,135.549
847,135.549
848,135.549
849,135.549
850,135.549
851,135.549
852,135.549
853,135.549
854,135.549
855,135.549
856,135.549
857,135.549
858,135.549
859,135.549
860,135.549
861,135.549
862,135.549
863,135.549
864,135.549
865,135.549
866,135.549
867,135.549
868,135.549
869,135.549
870,135.549
871,135.549
872,135.549
873,135.549
874,135.549
875,135.549
876,135.549
877,135.549
878,135.549
879,135.549
880,135.549
881,135.549
882,135.549
883,135.549
884,135.549
885,135.549
886,135.549
887,135.549
888,135.549
889,135.549
890,135.549
891,135.549
892,135.549
893,135.549
894,135.549
895,135.549
896,135.549
897,135.549
898,135.549
899,135.549
900,135.549
901,135.549
902,135.549
903,135.549
904,135.549
905,135.549
906,135.549
907,135.549
908,135.549
909,135.549
910,135.549
911,135.549
912,135.549
913,135.549
914,135.549
915,135.549
916,135.549
917,135.549
918,135.549
919,135.549
920,135.549
921,135.549
922,127.249
923,127.249
924,127.249
925,127.249
926,127.249
927,127.249
928,127.249
929,127.249
930,127.249
931,127.249
932,127.249
933,127.249
934,127.249
935,127.249
936,127.249
937,127.249
938,127.249
939,127.249
940,127.249
941,127.249
942,127.249
943,127.249
944,127.249
945,127.249
946,127.249
947,127.249
948,127.249
949,127.249
950,127.249
951,127.249
952,127.249
953,127.249
954,127.249
955,127.249
956,127.249
957,127.249
958,127.249
959,127.249
960,127.249
961,127.249
962,127.249
963,127.249
964,127.249
965,127.249
966,127.249
967,127.249
968,127.249
969,127.249
970,127.249
971,127.249
972,127.249
973,127.249
974,127.249
975,127.249
976,127.249
977,127.249
978,127.249
979,127.249
980,127.249
981,127.249
982,127.249
983,127.249
984,127.249
985,127.249
986,127.249
987,127.249
988,127.249
989,127.249
990,127.249
991,127.249
992,127.249
993,127.249
994,127.249
995,127.249
996,127.249
997,127.249
998,127.249
999,127.249
1000,127.249
1001,127.249
1002,127.249
1003,127.249
1004,127.249
1005,127.249
1006,127.249
1007,127.249
1008,127.249
1009,127.249
1010,127.249
1011,127.249
1012,127.249
1013,127.249
1014,127.249
1015,127.249
1016,127.249
1017,127.249
1018,127.249
1019,127.249
1020,127.249
1021,127.249
1022,119.368
1023,119.368
1024,119.368
1025,119.368
1026,119.368
1027,119.368
1028,119.368
1029,119.368
1030,119.368
1031,119.368
1032,119.368
1033,119.368
1034,119.368
1035,119.368
1036,119.368
1037,119.368
1038,119.368
1039,119.368
1040,119.368
1041,119.368
1042,119.368
1043,119.368
1044,119.368
1045,119.368
1046,119.368
1047,119.368
1048,119.368
1049,119.368
1050,119.368
1051,119.368
1052,119.368
1053,119.368
1054,119.368
1055,119.368
1056,119.368
1057,119.368
1058,119.368
1059,119.368
1060,119.368
1061,119.368
1062,119.368
1063,119.368
1064,119.368
1065,119.368
1066,119.368
1067,119.368
1068,119.368
1069,119.368
1070,119.368
1071,119.368
1072,119.368
1073,119.368
1074,119.368
1075,119.368
1076,119.368
1077,119.368
1078,119.368
1079,119.368
1080,119.368
1081,119.368
1082,119.368
1083,119.368
1084,119.368
1085,119.368
1086,119.368
1087,119.368
1088,119.368
1089,119.368
1090,119.368
1091,119.368
1092,119.368
1093,119.368
1094,119.368
1095,119.368
1096,119.368
1097,119.368
1098,119.368
1099,119.368
1100,119.368
1101,119.368
1102,119.368
1103,119.368
1104,119.368
1105,119.368
1106,119.368
1107,119.368
1108,119.368
1109,119.368
1110,119.368
1111,119.368
1112,119.368
1113,119.368
1114,119.368
1115,119.368
1116,119.368
1117,119.368
1118,119.368
1119,119.368
1120,119.368
1121,119.368
1122,111.462
1123,111.462
1124,111.462
1125,111.462
1126,111.462
1127,111.462
1128,111.462
1129,111.462
1130,111.462
1131,111.462
1132,111.462
1133,111.462
1134,111.462
1135,111.462
1136,111.462
1137,111.462
1138,111.462
1139,111.462
1140,111.462
1141,111.462
1142,111.462
1143,111.462
1144,111.462
1145,111.462
1146,111.462
1147,111.462
1148,111.462
1149,111.462
1150,111.462
1151,111.462
1152,111.462
1153,111.462
1154,111.462
1155,111.462
1156,111.462
1157,111.462
1158,111.462
1159,111.462
1160,111.462
1161,111.462
1162,111.462
1163,111.462
1164,111.462
1165,111.462
1166,111.462
1167,111.462
1168,111.462
1169,111.462
1170,111.462
1171,111.462
1172,111.462
1173,111.462
1174,111.462
1175,111.462
1176,111.462
1177,111.462
1178,111.462
1179,111.462
1180,111.462
1181,111.462
1182,111.462
1183,111.462
1184,111.462
1185,111.462
1186,111.462
1187,111.462
1188,111.462
1189,111.462
1190,111.462
1191,111.462
1192,111.462
1193,111.462
1194,111.462
1195,111.462
1196,111.462
1197,111.462
1198,111.462
1199,111.462
1200,111.462
1201,111.462
1202,111.462
1203,111.462
1204,111.462
1205,111.462
1206,111.462
1207,111.462
1208,111.462
1209,111.462
1210,111.462
1211,111.462
1212,111.462
1213,111.462
1214,111.462
1215,111.462
1216,111.462
1217,111.462
1218,111.462
1219,111.462
1220,111.462
1221,111.462
1222,103.558
1223,103.558
1224,103.558
1225,103.558
1226,103.558
1227,103.558
1228,103.558
1229,103.558
1230,103.558
1231,103.558
1232,103.558
1233,103.558
1234,103.558
1235,103.558
1236,103.558
1237,103.558
1238,103.558
1239,103.558
1240,103.558
1241,103.558
1242,103.558
1243,103.558
1244,103.558
1245,103.558
1246,103.558
1247,103.558
1248,103.558
1249,103.558
1250,103.558
1251,103.558
1252,103.558
1253,103.558
1254,103.558
1255,103.558
1256,103.558
1257,103.558
1258,103.558
1259,103.558
1260,103.558
1261,103.558
1262,103.558
1263,103.558
1264,103.558
1265,103.558
1266,103.558
1267,103.558
1268,103.558
1269,103.558
1270,103.558
1271,103.558
1272,103.558
1273,103.558
1274,103.558
1275,103.558
1276,103.558
1277,103.558
1278,103.558
1279,103.558
1280,103.558
1281,103.558
1282,103.558
1283,103.558
1284,103.558
1285,103.558
1286,103.558
1287,103.558
1288,103.558
1289,103.558
1290,103.558
1291,103.558
1292,103.558
1293,103.558
1294,103.558
1295,103.558
1296,103.558
1297,103.558
1298,103.558
1299,103.558
1300,103.558
1301,103.558
1302,103.558
1303,103.558
1304,103.558
1305,103.558
1306,103.558
1307,103.558
1308,103.558
1309,103.558
1310,103.558
1311,103.558
1312,103.558
1313,103.558
1314,103.558
1315,103.558
1316,103.558
1317,103.558
1318,103.558
1319,103.558
1320,103.558
1321,103.558
1322,96.881
1323,96.881
1324,96.881
1325,96.881
1326,96.881
1327,96.881
1328,96.881
1329,96.881
1330,96.881
1331,96.881
1332,96.881
1333,96.881
1334,96.881
1335,96.881
1336,96.881
1337,96.881
1338,96.881
1339,96.881
1340,96.881
1341,96.881
1342,96.881
1343,96.881
1344,96.881
1345,96.881
1346,96.881
1347,96.881
1348,96.881
1349,96.881
1350,96.881
1351,96.881
1352,96.881
1353,96.881
1354,96.881
1355,96.881
1356,96.881
1357,96.881
1358,96.881
1359,96.881
1360,96.881
1361,96.881
1362,96.881
1363,96.881
1364,96.881
1367,96.881
1367,96.881
1367,96.881
1368,96.881
1369,96.881
1370,96.881
1371,96.881
1372,96.881
1373,96.881
1374,96.881
1375,96.881
1376,96.881
1377,96.881
1378,96.881
1379,96.881
1380,96.881
1381,96.881
1382,96.881
1383,96.881
1384,96.881
1385,96.881
1386,96.881
1387,96.881
1388,96.881
1389,96.881
1390,96.881
1391,96.881
1392,96.881
1393,96.881
1394,96.881
1395,96.881
1396,96.881
1397,96.881
1398,96.881
1399,96.881
1400,96.881
1401,96.881
1402,96.881
1403,96.881
1404,96.881
1405,96.881
1406,96.881
1407,96.881
1408,96.881
1409,96.881
1410,96.881
1411,96.881
1412,96.881
1413,96.881
1414,96.881
1415,96.881
1416,96.881
1417,96.881
1418,96.881
1419,96.881
1420,96.881
1421,96.881
1422,96.881
1423,87.735
1424,87.735
1425,87.735
1426,87.735
1427,87.735
1428,87.735
1429,87.735
1430,87.735
1431,87.735
1432,87.735
1433,87.735
1434,87.735
1435,87.735
1436,87.735
1437,87.735
1438,87.735
1439,87.735
1440,87.735
1441,87.735
1442,87.735
1443,87.735
1444,87.735
1445,87.735
1446,87.735
1447,87.735
1448,87.735
1449,87.735
1450,87.735
1451,87.735
1452,87.735
1453,87.735
1454,87.735
1455,87.735
1456,87.735
1457,87.735
1458,87.735
1459,87.735
1460,87.735
1461,87.735
1462,87.735
1463,87.735
1464,87.735
1465,87.735
1466,87.735
1467,87.735
1468,87.735
1469,87.735
1470,87.735
1471,87.735
1472,87.735
1473,87.735
1474,87.735
1475,87.735
1476,87.735
1477,87.735
1478,87.735
1479,87.735
1480,87.735
1481,87.735
1482,87.735
1483,87.735
1484,87.735
1485,87.735
1486,87.735
1487,87.735
1488,87.735
1489,87.735
1490,87.735
1491,87.735
1492,87.735
1493,87.735
1494,87.735
1495,87.735
1496,87.735
1497,87.735
1498,87.735
1499,87.735
1500,87.735
1501,87.735
1502,87.735
1503,87.735
1504,87.735
1505,87.735
1506,87.735
1507,87.735
1508,87.735
1509,87.735
1510,87.735
1511,87.735
1512,87.735
1513,87.735
1514,87.735
1515,87.735
1516,87.735
1517,87.735
1518,87.735
1519,87.735
1520,87.735
1521,87.735
1522,87.735
1523,81.378
1524,81.378
1525,81.378
1526,81.378
1527,81.378
1528,81.378
1529,81.378
1530,81.378
1531,81.378
1532,81.378
1533,81.378
1534,81.378
1535,81.378
1536,81.378
1537,81.378
1538,81.378
1539,81.378
1540,81.378
1541,81.378
1542,81.378
1543,81.378
1544,81.378
1545,81.378
1546,81.378
1547,81.378
1548,81.378
1549,81.378
1550,81.378
1551,81.378
1552,81.378
1553,81.378
1554,81.378
1555,81.378
1556,81.378
1557,81.378
1558,81.378
1559,81.378
1560,81.378
1561,81.378
1562,81.378
1563,81.378
1564,81.378
1565,81.378
1566,81.378
1567,81.378
1568,81.378
1569,81.378
1570,81.378
1571,81.378
1572,81.378
1573,81.378
1574,81.378
1575,81.378
1576,81.378
1577,81.378
1578,81.378
1579,81.378
1580,81.378
1581,81.378
1582,81.378
1583,81.378
1584,81.378
1585,81.378
1586,81.378
1587,81.378
1588,81.378
1589,81.378
1590,81.378
1591,81.378
1592,81.378
1593,81.378
1594,81.378
1595,81.378
1596,81.378
1597,81.378
1598,81.378
1599,81.378
1600,81.378
1601,81.378
1602,81.378
1603,81.378
1604,81.378
1605,81.378
1606,81.378
1607,81.378
1608,81.378
1609,81.378
1610,81.378
1611,81.378
1612,81.378
1613,81.378
1614,81.378
1615,81.378
1616,81.378
1617,81.378
1618,81.378
1619,81.378
1620,81.378
1621,81.378
1622,81.378
1623,79.372
1624,79.372
1625,79.372
1626,79.372
1627,79.372
1628,79.372
1629,79.372
1630,79.372
1631,79.372
1632,79.372
1633,79.372
1634,79.372
1635,79.372
1636,79.372
1637,79.372
1638,79.372
1639,79.372
1640,79.372
1641,79.372
1642,79.372
1643,79.372
1644,79.372
1645,79.372
1646,79.372
1647,79.372
1648,79.372
1649,79.372
1650,79.372
1651,79.372
1652,79.372
1653,79.372
1654,79.372
1655,79.372
1656,79.372
1657,79.372
1658,79.372
1659,79.372
1660,79.372
1661,79.372
1662,79.372
1663,79.372
1664,79.372
1665,79.372
1666,79.372
1667,79.372
1668,79.372
1669,79.372
1670,79.372
1671,79.372
1672,79.372
1673,79.372
1674,79.372
1675,79.372
1676,79.372
1677,79.372
1678,79.372
1679,79.372
1680,79.372
1681,79.372
1682,79.372
1683,79.372
1684,79.372
1685,79.372
1686,79.372
1687,79.372
1688,79.372
1689,79.372
1690,79.372
1691,79.372
1692,79.372
1693,79.372
1694,79.372
1695,79.372
1696,79.372
1697,79.372
1698,79.372
1699,79.372
1700,79.372
1701,79.372
1702,79.372
1703,79.372
1704,79.372
1705,79.372
1706,79.372
1707,79.372
1708,79.372
1709,79.372
1710,79.372
1711,79.372
1712,79.372
1713,79.372
1714,79.372
1715,79.372
1716,79.372
1717,79.372
1718,79.372
1719,79.372
1720,79.372
1721,79.372
1722,79.372
1723,79.213
1724,79.213
1725,79.213
1726,79.213
1727,79.213
1728,79.213
1729,79.213
1730,79.213
1731,79.213
1732,79.213
1733,79.213
1734,79.213
1735,79.213
1736,79.213
1737,79.213
1738,79.213
1739,79.213
1740,79.213
1741,79.213
1742,79.213
1743,79.213
1744,79.213
1745,79.213
1746,79.213
1747,79.213
1748,79.213
1749,79.213
1750,79.213
1751,79.213
1752,79.213
1753,79.213
1754,79.213
1755,79.213
1756,79.213
1757,79.213
1758,79.213
1759,79.213
1760,79.213
1761,79.213
1762,79.213
1763,79.213
1764,79.213
1765,79.213
1766,79.213
1767,79.213
1768,79.213
1769,79.213
1770,79.213
1771,79.213
1772,79.213
1773,79.213
1774,79.213
1775,79.213
1776,79.213
1777,79.213
1778,79.213
1779,79.213
1780,79.213
1781,79.213
1782,79.213
1783,79.213
1784,79.213
1785,79.213
1786,79.213
1787,79.213
1788,79.213
1789,79.213
1790,79.213
1791,79.213
1792,79.213
1793,79.213
1794,79.213
1795,79.213
1796,79.213
1797,79.213
1798,79.213
1799,79.213
1800,79.213
1801,79.213
1802,79.213
1803,79.213
1804,79.213
1805,79.213
1806,79.213
1807,79.213
1808,79.213
1809,79.213
1810,79.213
1811,79.213
1812,79.213
1813,79.213
1814,79.213
1815,79.213
1816,79.213
1817,79.213
1818,79.213
1819,79.213
1820,79.213
1821,79.213
1822,79.213
1823,79.097
1824,79.097
1825,79.097
1826,79.097
1827,79.097
1828,79.097
1829,79.097
1830,79.097
1831,79.097
1832,79.097
1833,79.097
1834,79.097
1835,79.097
1836,79.097
1837,79.097
1838,79.097
1839,79.097
1840,79.097
1841,79.097
1842,79.097
1843,79.097
1844,79.097
1845,79.097
1846,79.097
1847,79.097
1848,79.097
1849,79.097
1850,79.097
1851,79.097
1852,79.097
1853,79.097
1854,79.097
1855,79.097
1856,79.097
1857,79.097
1858,79.097
1859,79.097
1860,79.097
1861,79.097
1862,79.097
1863,79.097
1864,79.097
1865,79.097
1866,79.097
1867,79.097
1868,79.097
1869,79.097
1870,79.097
1871,79.097
1872,79.097
1873,79.097
1874,79.097
1875,79.097
1876,79.097
1877,79.097
1878,79.097
1879,79.097
1880,79.097
1881,79.097
1882,79.097
1883,79.097
1884,79.097
1885,79.097
1886,79.097
1887,79.097
1888,79.097
1889,79.097
1890,79.097
1891,79.097
1892,79.097
1893,79.097
1894,79.097
1895,79.097
1896,79.097
1897,79.097
1898,79.097
1899,79.097
1900,79.097
1901,79.097
1902,79.097
1903,79.097
1904,79.097
1905,79.097
1906,79.097
1907,79.097
1908,79.097
1909,79.097
1910,79.097
1911,79.097
1912,79.097
1913,79.097
1914,79.097
1915,79.097
1916,79.097
1917,79.097
1918,79.097
1919,79.097
1920,79.097
1921,79.097
1922,79.097
1923,79
1924,79
1925,79
1926,79
1927,79
1928,79
1929,79
1930,79
1931,79
1932,79
1933,79
1934,79
1935,79
1936,79
1937,79
1938,79
1939,79
1940,79
1941,79
1942,79
1943,79
1944,79
1945,79
1946,79
1947,79
1948,79
1949,79
1950,79
1951,79
1952,79
1953,79
1954,79
1955,79
1956,79
1957,79
1958,79
1959,79
1960,79
1961,79
1962,79
1963,79
1964,79
1965,79
1966,79
1967,79
1968,79
1969,79
1970,79
1971,79
1972,79
1973,79
1974,79
1975,79
1976,79
1977,79
1978,79
1979,79
1980,79
1981,79
1982,79
1983,79
1984,79
1985,79
1986,79
1987,79
1988,79
1989,79
1990,79
1991,79
1992,79
1993,79
1994,79
1995,79
1996,79
1997,79
1998,79
1999,79
2000,79
2001,79
2002,79
2003,79
2004,79
2005,79
2006,79
2007,79
2008,79
2009,79
2010,79
2011,79
2012,79
2013,79
2014,79
2015,79
2016,79
2017,79
2018,79
2019,79
2020,79
2021,79
2022,79
2023,78.97
2024,78.97
2025,78.97
2026,78.97
2027,78.97
2028,78.97
2029,78.97
2030,78.97
2031,78.97
2032,78.97
2033,78.97
2034,78.97
2035,78.97
2036,78.97
2037,78.97
2038,78.97
2039,78.97
2040,78.97
2041,78.97
2042,78.97
2043,78.97
2044,78.97
2045,78.97
2046,78.97
2047,78.97
2048,78.97
2049,78.97
2050,78.97
2051,78.97
2052,78.97
2053,78.97
2054,78.97
2055,78.97
2056,78.97
2057,78.97
2058,78.97
2059,78.97
2060,78.97
2061,78.97
2062,78.97
2063,78.97
2064,78.97
2065,78.97
2066,78.97
2067,78.97
2068,78.97
2069,78.97
2070,78.97
2071,78.97
2072,78.97
2073,78.97
2074,78.97
2075,78.97
2076,78.97
2077,78.97
2078,78.97
2079,78.97
2080,78.97
2081,78.97
2082,78.97
2083,78.97
2084,78.97
2085,78.97
2086,78.97
2087,78.97
2088,78.97
2089,78.97
2090,78.97
2091,78.97
2092,78.97
2093,78.97
2094,78.97
2095,78.97
2096,78.97
2097,78.97
2098,78.97
2099,78.97
2100,78.97
2101,78.97
2102,78.97
2103,78.97
2104,78.97
2105,78.97
2106,78.97
2107,78.97
2108,78.97
2109,78.97
2110,78.97
2111,78.97
2112,78.97
2113,78.97
2114,78.97
2115,78.97
2116,78.97
2117,78.97
2118,78.97
2119,78.97
2120,78.97
2121,78.97
2122,78.97
2123,78.963
2124,78.963
2125,78.963
2126,78.963
2127,78.963
2128,78.963
2129,78.963
2130,78.963
2131,78.963
2132,78.963
2133,78.963
2134,78.963
2135,78.963
2136,78.963
2137,78.963
2138,78.963
2139,78.963
2140,78.963
2141,78.963
2142,78.963
2143,78.963
2144,78.963
2145,78.963
2146,78.963
2147,78.963
2148,78.963
2149,78.963
2150,78.963
2151,78.963
2152,78.963
2153,78.963
2154,78.963
2155,78.963
2156,78.963
2157,78.963
2158,78.963
2159,78.963
2160,78.963
2161,78.963
2162,78.963
2163,78.963
2164,78.963
2165,78.963
2166,78.963
2167,78.963
2168,78.963
2169,78.963
2170,78.963
2171,78.963
2172,78.963
2173,78.963
2174,78.963
2175,78.963
2176,78.963
2177,78.963
2178,78.963
2179,78.963
2180,78.963
2181,78.963
2182,78.963
2183,78.963
2184,78.963
2185,78.963
2186,78.963
2187,78.963
2188,78.963
2189,78.963
2190,78.963
2191,78.963
2192,78.963
2193,78.963
2194,78.963
2195,78.963
2196,78.963
2197,78.963
2198,78.963
2199,78.963
2200,78.963
2201,78.963
2202,78.963
2203,78.963
2204,78.963
2205,78.963
2206,78.963
2207,78.963
2208,78.963
2209,78.963
2210,78.963
2211,78.963
2212,78.963
2213,78.963
2214,78.963
2215,78.963
2216,78.963
2217,78.963
2218,78.963
2219,78.963
2220,78.963
2221,78.963
2222,78.963
2223,78.938
2224,78.938
2225,78.938
2226,78.938
2227,78.938
2228,78.938
2229,78.938
2230,78.938
2231,78.938
2232,78.938
2233,78.938
2234,78.938
2235,78.938
2236,78.938
2237,78.938
2238,78.938
2239,78.938
2240,78.938
2241,78.938
2242,78.938
2243,78.938
2244,78.938
2245,78.938
2246,78.938
2247,78.938
2248,78.938
2249,78.938
2250,78.938
2251,78.938
2252,78.938
2253,78.938
2254,78.938
2255,78.938
2256,78.938
2257,78.938
2258,78.938
2259,78.938
2260,78.938
2261,78.938
2262,78.938
2263,78.938
2264,78.938
2265,78.938
2266,78.938
2267,78.938
2268,78.938
2269,78.938
2270,78.938
2271,78.938
2272,78.938
2273,78.938
2274,78.938
2275,78.938
2276,78.938
2277,78.938
2278,78.938
2279,78.938
2280,78.938
2281,78.938
2282,78.938
2283,78.938
2284,78.938
2285,78.938
2286,78.938
2287,78.938
2288,78.938
2289,78.938
2290,78.938
2291,78.938
2292,78.938
2293,78.938
2294,78.938
2295,78.938
2296,78.938
2297,78.938
2298,78.938
2299,78.938
2300,78.938
2301,78.938
2302,78.938
2303,78.938
2304,78.938
2305,78.938
2306,78.938
2307,78.938
2308,78.938
2309,78.938
2310,78.938
2311,78.938
2312,78.938
2313,78.938
2314,78.938
2315,78.938
2316,78.938
2317,78.938
2318,78.938
2319,78.938
2320,78.938
2321,78.938
2322,78.938
2323,78.925
2324,78.925
2325,78.925
2326,78.925
2327,78.925
2328,78.925
2329,78.925
2330,78.925
2331,78.925
2332,78.925
2333,78.925
2334,78.925
2335,78.925
2336,78.925
2337,78.925
2338,78.925
2339,78.925
2340,78.925
2341,78.925
2342,78.925
2343,78.925
2344,78.925
2345,78.925
2346,78.925
2347,78.925
2348,78.925
2349,78.925
2350,78.925
2351,78.925
2352,78.925
2353,78.925
2354,78.925
2355,78.925
2356,78.925
2357,78.925
2358,78.925
2359,78.925
2360,78.925
2361,78.925
2362,78.925
2363,78.925
2364,78.925
2365,78.925
2366,78.925
2367,78.925
2368,78.925
2369,78.925
2370,78.925
2371,78.925
2372,78.925
2373,78.925
2374,78.925
2375,78.925
2376,78.925
2377,78.925
2378,78.925
2379,78.925
2380,78.925
2381,78.925
2382,78.925
2383,78.925
2384,78.925
2385,78.925
2386,78.925
2387,78.925
2388,78.925
2389,78.925
2390,78.925
2391,78.925
2392,78.925
2393,78.925
2394,78.925
2395,78.925
2396,78.925
2397,78.925
2398,78.925
2399,78.925
2400,78.925
2401,78.925
2402,78.925
2403,78.925
2404,78.925
2405,78.925
2406,78.925
2407,78.925
2408,78.925
2409,78.925
2410,78.925
2411,78.925
2412,78.925
2413,78.925
2414,78.925
2415,78.925
2416,78.925
2417,78.925
2418,78.925
2419,78.925
2420,78.925
2421,78.925
2422,78.925
2423,78.918
2424,78.918
2425,78.918
2426,78.918
2427,78.918
2428,78.918
2429,78.918
2430,78.918
2431,78.918
2432,78.918
2433,78.918
2434,78.918
2435,78.918
2436,78.918
2437,78.918
2438,78.918
2439,78.918
2440,78.918
2441,78.918
2442,78.918
2443,78.918
2444,78.918
2445,78.918
2446,78.918
2447,78.918
2448,78.918
2449,78.918
2450,78.918
2451,78.918
2452,78.918
2453,78.918
2454,78.918
2455,78.918
2456,78.918
2457,78.918
2458,78.918
2459,78.918
2460,78.918
2461,78.918
2462,78.918
2463,78.918
2464,78.918
2465,78.918
2466,78.918
2467,78.918
2468,78.918
2469,78.918
2470,78.918
2471,78.918
2472,78.918
2473,78.918
2474,78.918
2475,78.918
2476,78.918
2477,78.918
2478,78.918
2479,78.918
2480,78.918
2481,78.918
2482,78.918
2483,78.918
2484,78.918
2485,78.918
2486,78.918
2487,78.918
2488,78.918
2489,78.918
2490,78.918
2491,78.918
2492,78.918
2493,78.918
2494,78.918
2495,78.918
2496,78.918
2497,78.918
2498,78.918
2499,78.918
2500,78.918
2501,78.918
2502,78.918
2503,78.918
2504,78.918
2505,78.918
2506,78.918
2507,78.918
2508,78.918
2509,78.918
2510,78.918
2511,78.918
2512,78.918
2513,78.918
2514,78.918
2515,78.918
2516,78.918
2517,78.918
2518,78.918
2519,78.918
2520,78.918
2521,78.918
2522,78.918
2523,78.921
2524,78.921
2525,78.921
2526,78.921
2527,78.921
2528,78.921
2529,78.921
2530,78.921
2531,78.921
2532,78.921
2533,78.921
2534,78.921
2535,78.921
2536,78.921
2537,78.921
2538,78.921
2539,78.921
2540,78.921
2541,78.921
2542,78.921
2543,78.921
2544,78.921
2545,78.921
2546,78.921
2547,78.921
2548,78.921
2549,78.921
2550,78.921
2551,78.921
2552,78.921
2553,78.921
2554,78.921
2555,78.921
2556,78.921
2557,78.921
2558,78.921
2559,78.921
2560,78.921
2561,78.921
2562,78.921
2563,78.921
2564,78.921
2565,78.921
2566,78.921
2567,78.921
2568,78.921
2569,78.921
2570,78.921
2571,78.921
2572,78.921
2573,78.921
2574,78.921
2575,78.921
2576,78.921
2577,78.921
2578,78.921
2579,78.921
2580,78.921
2581,78.921
2582,78.921
2583,78.921
2584,78.921
2585,78.921
2586,78.921
2587,78.921
2588,78.921
2589,78.921
2590,78.921
2591,78.921
2592,78.921
2593,78.921
2594,78.921
2595,78.921
2596,78.921
2597,78.921
2598,78.921
2599,78.921
2600,78.921
2601,78.921
2602,78.921
2603,78.921
2604,78.921
2605,78.921
2606,78.921
2607,78.921
2608,78.921
2609,78.921
2610,78.921
2611,78.921
2612,78.921
2613,78.921
2614,78.921
2615,78.921
2616,78.921
2617,78.921
2618,78.921
2619,78.921
2620,78.921
2621,78.921
2622,78.921
2623,78.912
2624,78.912
2625,78.912
2626,78.912
2627,78.912
2628,78.912
2629,78.912
2630,78.912
2631,78.912
2632,78.912
2633,78.912
2634,78.912
2635,78.912
2636,78.912
2637,78.912
2638,78.912
2639,78.912
2640,78.912
2641,78.912
2642,78.912
2643,78.912
2644,78.912
2645,78.912
2646,78.912
2647,78.912
2648,78.912
2649,78.912
2650,78.912
2651,78.912
2652,78.912
2653,78.912
2654,78.912
2655,78.912
2656,78.912
2657,78.912
2658,78.912
2659,78.912
2660,78.912
2661,78.912
2662,78.912
2663,78.912
2664,78.912
2665,78.912
2666,78.912
2667,78.912
2668,78.912
2669,78.912
2670,78.912
2671,78.912
2672,78.912
2673,78.912
2674,78.912
2675,78.912
2676,78.912
2677,78.912
2678,78.912
2679,78.912
2680,78.912
2681,78.912
2682,78.912
2683,78.912
2684,78.912
2685,78.912
2686,78.912
2687,78.912
2688,78.912
2689,78.912
2690,78.912
2691,78.912
2692,78.912
2693,78.912
2694,78.912
2695,78.912
2696,78.912
2697,78.912
2698,78.912
2699,78.912
2700,78.912
2701,78.912
2702,78.912
2703,78.912
2704,78.912
2705,78.912
2706,78.912
2707,78.912
2708,78.912
2709,78.912
2710,78.912
2711,78.912
2712,78.912
2713,78.912
2714,78.912
2715,78.912
2716,78.912
2717,78.912
2718,78.912
2719,78.912
2720,78.912
2721,78.912
2722,78.912
2723,78.912
2724,78.912
2725,78.912
2726,78.912
2727,78.912
2728,78.912
2729,78.912
2730,78.912
2731,78.912
2732,78.912
2733,78.912
2734,78.912
2735,78.912
2736,78.912
2737,78.912
2738,78.912
2739,78.912
2740,78.912
2741,78.912
2742,78.912
2743,78.912
2744,78.912
2745,78.912
2746,78.912
2747,78.912
2748,78.912
2749,78.912
2750,78.912
2751,78.912
2752,78.912
2753,78.912
2754,78.912
2755,78.912
2756,78.912
2757,78.912
2758,78.912
2759,78.912
2760,78.912
2761,78.912
2762,78.912
2763,78.912
2764,78.912
2765,78.912
2766,78.912
2767,78.912
2768,78.912
2769,78.912
2770,78.912
2771,78.912
2772,78.912
2773,78.912
2774,78.912
2775,78.912
2776,78.912
2777,78.912
2778,78.912
2779,78.912
2780,78.912
2781,78.912
2782,78.912
2783,78.912
2784,78.912
2785,78.912
2786,78.912
2787,78.912
2788,78.912
2789,78.912
2790,78.912
2791,78.912
2792,78.912
2793,78.912
2794,78.906
2795,78.906
2796,78.906
2797,78.906
2798,78.906
2799,78.906
2800,78.906
2801,78.906
2802,78.906
2803,78.906
2804,78.906
2805,78.906
2806,78.906
2807,78.906
2808,78.906
2809,78.906
2810,78.906
2811,78.906
2812,78.906
2813,78.906
2814,78.906
2815,78.906
2816,78.906
2817,78.906
2818,78.906
2819,78.906
2820,78.906
2821,78.906
2822,78.906
2823,78.906
2824,78.906
2825,78.906
2826,78.906
2827,78.906
2828,78.906
2829,78.906
2830,78.906
2831,78.906
2832,78.906
2833,78.906
2834,78.906
2835,78.906
2836,78.906
2837,78.906
2838,78.906
2839,78.906
2840,78.906
2841,78.906
2842,78.906
2843,78.906
2844,78.906
2845,78.906
2846,78.906
2847,78.906
2848,78.906
2849,78.906
2850,78.906
2851,78.906
2852,78.906
2853,78.906
2854,78.906
2855,78.906
2856,78.906
2857,78.906
2858,78.906
2859,78.906
2860,78.906
2861,78.906
2862,78.906
2863,78.906
2864,78.906
2865,78.906
2866,78.906
2867,78.906
2868,78.906
2869,78.906
2870,78.906
2871,78.906
2872,78.906
2873,78.906
2874,78.906
2875,78.906
2876,78.906
2877,78.906
2878,78.906
2879,78.906
2880,78.906
2881,78.906
2882,78.906
2883,78.906
2884,78.906
2885,78.906
2886,78.906
2887,78.906
2888,78.906
2889,78.906
2890,78.906
2891,78.906
2892,78.906
2893,78.906
2894,78.906
2895,81.05
2896,81.05
2897,81.05
2898,81.05
2899,81.05
2900,81.05
2901,81.05
2902,81.05
2903,81.05
2904,81.05
2905,81.05
2906,81.05
2907,81.05
2908,81.05
2909,81.05
2910,81.05
2911,81.05
2912,81.05
2913,81.05
2914,81.05
2915,81.05
2916,81.05
2917,81.05
2918,81.05
2919,81.05
2920,81.05
2921,81.05
2922,81.05
2923,81.05
2924,81.05
2925,81.05
2926,81.05
2927,81.05
2928,81.05
2929,81.05
2930,81.05
2931,81.05
2932,81.05
2933,81.05
2934,81.05
2935,81.05
2936,81.05
2937,81.05
2938,81.05
2939,81.05
2940,81.05
2941,81.05
2942,81.05
2943,81.05
2944,81.05
2945,81.05
2946,81.05
2947,81.05
2948,81.05
2949,81.05
2950,81.05
2951,81.05
2952,81.05
2953,81.05
2954,81.05
2955,81.05
2956,81.05
2957,81.05
2958,81.05
2959,81.05
2960,81.05
2961,81.05
2962,81.05
2963,81.05
2964,81.05
2965,81.05
2966,81.05
2967,81.05
2968,81.05
2969,81.05
2970,81.05
2971,81.05
2972,81.05
2973,81.05
2974,81.05
2975,81.05
2976,81.05
2977,81.05
2978,81.05
2979,81.05
2980,81.05
2981,81.05
2982,81.05
2983,81.05
2984,81.05
2985,81.05
2986,81.05
2987,81.05
2988,81.05
2989,81.05
2990,81.05
2991,81.05
2992,81.05
2993,81.05
2994,81.05
2995,81.05
2996,88.629
2997,88.629
2998,88.629
2999,88.629
3000,88.629
3001,88.629
3002,88.629
3003,88.629
3004,88.629
3005,88.629
3006,88.629
3007,88.629
3008,88.629
3009,88.629
3010,88.629
3011,88.629
3012,88.629
3013,88.629
3014,88.629
3015,88.629
3016,88.629
3017,88.629
3018,88.629
3019,88.629
3020,88.629
3021,88.629
3022,88.629
3023,88.629
3024,88.629
3025,88.629
3026,88.629
3027,88.629
3028,88.629
3029,88.629
3030,88.629
3031,88.629
3032,88.629
3033,88.629
3034,88.629
3035,88.629
3036,88.629
3037,88.629
3038,88.629
3039,88.629
3040,88.629
3041,88.629
3042,88.629
3043,88.629
3044,88.629
3045,88.629
3046,88.629
3047,88.629
3048,88.629
3049,88.629
3050,88.629
3051,88.629
3052,88.629
3053,88.629
3054,88.629
3055,88.629
3056,88.629
3057,88.629
3058,88.629
3059,88.629
3060,88.629
3061,88.629
3062,88.629
3063,88.629
3064,88.629
3065,88.629
3066,88.629
3067,88.629
3068,88.629
3069,88.629
3070,88.629
3071,88.629
3072,88.629
3073,88.629
3074,88.629
3075,88.629
3076,88.629
3077,88.629
3078,88.629
3079,88.629
3080,88.629
3081,88.629
3082,88.629
3083,88.629
3084,88.629
3085,88.629
3086,88.629
3087,88.629
3088,88.629
3089,88.629
3090,88.629
3091,88.629
3092,88.629
3093,88.629
3094,88.629
3095,88.629
3096,96.102
3097,96.102
3098,96.102
3099,96.102
3100,96.102
3101,96.102
3102,96.102
3103,96.102
3104,96.102
3105,96.102
3106,96.102
3107,96.102
3108,96.102
3109,96.102
3110,96.102
3111,96.102
3112,96.102
3113,96.102
3114,96.102
3115,96.102
3116,96.102
3117,96.102
3118,96.102
3119,96.102
3120,96.102
3121,96.102
3122,96.102
3123,96.102
3124,96.102
3125,96.102
3126,96.102
3127,96.102
3128,96.102
3129,96.102
3130,96.102
3131,96.102
3132,96.102
3133,96.102
3134,96.102
3135,96.102
3136,96.102
3137,96.102
3138,96.102
3139,96.102
3140,96.102
3141,96.102
3142,96.102
3143,96.102
3144,96.102
3145,96.102
3146,96.102
3147,96.102
3148,96.102
3149,96.102
3150,96.102
3151,96.102
3152,96.102
3153,96.102
3154,96.102
3155,96.102
3156,96.102
3157,96.102
3158,96.102
3159,96.102
3160,96.102
3161,96.102
3162,96.102
3163,96.102
3164,96.102
3165,96.102
3166,96.102
3167,96.102
3168,96.102
3169,96.102
3170,96.102
3171,96.102
3172,96.102
3173,96.102
3174,96.102
3175,96.102
3176,96.102
3177,96.102
3178,96.102
3179,96.102
3180,96.102
3181,96.102
3182,96.102
3183,96.102
3184,96.102
3185,96.102
3186,96.102
3187,96.102
3188,96.102
3189,96.102
3190,96.102
3191,96.102
3192,96.102
3193,96.102
3194,96.102
3195,96.102
3196,103.658
3197,103.658
3198,103.658
3199,103.658
3200,103.658
3201,103.658
3202,103.658
3203,103.658
3204,103.658
3205,103.658
3206,103.658
3207,103.658
3208,103.658
3209,103.658
3210,103.658
3211,103.658
3212,103.658
3213,103.658
3214,103.658
3215,103.658
3216,103.658
3217,103.658
3218,103.658
3219,103.658
3220,103.658
3221,103.658
3222,103.658
3223,103.658
3224,103.658
3225,103.658
3226,103.658
3227,103.658
3228,103.658
3229,103.658
3230,103.658
3231,103.658
3232,103.658
3233,103.658
3234,103.658
3235,103.658
3236,103.658
3237,103.658
3238,103.658
3239,103.658
3240,103.658
3241,103.658
3242,103.658
3243,103.658
3244,103.658
3245,103.658
3246,103.658
3247,103.658
3248,103.658
3249,103.658
3250,103.658
3251,103.658
3252,103.658
3253,103.658
3254,103.658
3255,103.658
3256,103.658
3257,103.658
3258,103.658
3259,103.658
3260,103.658
3261,103.658
3262,103.658
3263,103.658
3264,103.658
3265,103.658
3266,103.658
3267,103.658
3268,103.658
3269,103.658
3270,103.658
3271,103.658
3272,103.658
3273,103.658
3274,103.658
3275,103.658
3276,103.658
3277,103.658
3278,103.658
3279,103.658
3280,103.658
3281,103.658
3282,103.658
3283,103.658
3284,103.658
3285,103.658
3286,103.658
3287,103.658
3288,103.658
3289,103.658
3290,103.658
3291,103.658
3292,103.658
3293,103.658
3294,103.658
3295,103.658
3296,112.027
3297,112.027
3298,112.027
3299,112.027
3300,112.027
3301,112.027
3302,112.027
3303,112.027
3304,112.027
3305,112.027
3306,112.027
3307,112.027
3308,112.027
3309,112.027
3310,112.027
3311,112.027
3312,112.027
3313,112.027
3314,112.027
3315,112.027
3316,112.027
3317,112.027
3318,112.027
3319,112.027
3320,112.027
3321,112.027
3322,112.027
3323,112.027
3324,112.027
3325,112.027
3326,112.027
3327,112.027
3328,112.027
3329,112.027
3330,112.027
3331,112.027
3332,112.027
3333,112.027
3334,112.027
3335,112.027
3336,112.027
3337,112.027
3338,112.027
3339,112.027
3340,112.027
3341,112.027
3342,112.027
3343,112.027
3344,112.027
3345,112.027
3346,112.027
3347,112.027
3348,112.027
3349,112.027
3350,112.027
3351,112.027
3352,112.027
3353,112.027
3354,112.027
3355,112.027
3356,112.027
3357,112.027
3358,112.027
3359,112.027
3360,112.027
3361,112.027
3362,112.027
3363,112.027
3364,112.027
3365,112.027
3366,112.027
3367,112.027
3368,112.027
3369,112.027
3370,112.027
3371,112.027
3372,112.027
3373,112.027
3374,112.027
3375,112.027
3376,112.027
3377,112.027
3378,112.027
3379,112.027
3380,112.027
3381,112.027
3382,112.027
3383,112.027
3384,112.027
3385,112.027
3386,112.027
3387,112.027
3388,112.027
3389,112.027
3390,112.027
3391,112.027
3392,112.027
3393,112.027
3394,112.027
3395,112.027
3396,118.976
3397,118.976
3398,118.976
3399,118.976
3400,118.976
3401,118.976
3402,118.976
3403,118.976
3404,118.976
3405,118.976
3406,118.976
3407,118.976
3408,118.976
3409,118.976
3410,118.976
3411,118.976
3412,118.976
3413,118.976
3414,118.976
3415,118.976
3416,118.976
3417,118.976
3418,118.976
3419,118.976
3420,118.976
3421,118.976
3422,118.976
3423,118.976
3424,118.976
3425,118.976
3426,118.976
3427,118.976
3428,118.976
3429,118.976
3430,118.976
3431,118.976
3432,118.976
3433,118.976
3434,118.976
3435,118.976
3436,118.976
3437,118.976
3438,118.976
3439,118.976
3440,118.976
3441,118.976
3442,118.976
3443,118.976
3444,118.976
3445,118.976
3446,118.976
3447,118.976
3448,118.976
3449,118.976
3450,118.976
3451,118.976
3452,118.976
3453,118.976
3454,118.976
3455,118.976
3456,118.976
3457,118.976
3458,118.976
3459,118.976
3460,118.976
3461,118.976
3462,118.976
3463,118.976
3464,118.976
3465,118.976
3466,118.976
3467,118.976
3468,118.976
3469,118.976
3470,118.976
3471,118.976
3472,118.976
3473,118.976
3474,118.976
3475,118.976
3476,118.976
3477,118.976
3478,118.976
3479,118.976
3480,118.976
3481,118.976
3482,118.976
3483,118.976
3484,118.976
3485,118.976
3486,118.976
3487,118.976
3488,118.976
3489,118.976
3490,118.976
3491,118.976
3492,118.976
3493,118.976
3494,118.976
3495,118.976
3496,130.914
3497,130.914
3498,130.914
3499,130.914
3500,130.914
3501,130.914
3502,130.914
3503,130.914
3504,130.914
3505,130.914
3506,130.914
3507,130.914
3508,130.914
3509,130.914
3510,130.914
3511,130.914
3512,130.914
3513,130.914
3514,130.914
3515,130.914
3516,130.914
3517,130.914
3518,130.914
3519,130.914
3520,130.914
3521,130.914
3522,130.914
3523,130.914
3524,130.914
3525,130.914
3526,130.914
3527,130.914
3528,130.914
3529,130.914
3530,130.914
3531,130.914
3532,130.914
3533,130.914
3534,130.914
3535,130.914
3536,130.914
3537,130.914
3538,130.914
3539,130.914
3540,130.914
3541,130.914
3542,130.914
3543,130.914
3544,130.914
3545,130.914
3546,130.914
3547,130.914
3548,130.914
3549,130.914
3550,130.914
3551,130.914
3552,130.914
3553,130.914
3554,130.914
3555,130.914
3556,130.914
3557,130.914
3558,130.914
3559,130.914
3560,130.914
3561,130.914
3562,130.914
3563,130.914
3564,130.914
3565,130.914
3566,130.914
3567,130.914
3568,130.914
3569,130.914
3570,130.914
3571,130.914
3572,130.914
3573,130.914
3574,130.914
3575,130.914
3576,130.914
3577,130.914
3578,130.914
3579,130.914
3580,130.914
3581,130.914
3582,130.914
3583,130.914
3584,130.914
3585,130.914
3586,130.914
3587,130.914
3588,130.914
3589,130.914
3590,130.914
3591,130.914
3592,130.914
3593,130.914
3594,130.914
3595,130.914
3596,130.914
3597,147.773
3598,147.773
3599,147.773
3600,147.773
3601,147.773
3602,147.773
3603,147.773
3604,147.773
3605,147.773
3606,147.773
3607,147.773
3608,147.773
3609,147.773
3610,147.773
3611,147.773
3612,147.773
3613,147.773
3614,147.773
3615,147.773
3616,147.773
3617,147.773
3618,147.773
3619,147.773
3620,147.773
3621,147.773
3622,147.773
3623,147.773
3624,147.773
3625,147.773
3626,147.773
3627,147.773
3628,147.773
3629,147.773
3630,147.773
3631,147.773
3632,147.773
3633,147.773
3634,147.773
3635,147.773
3636,147.773
3637,147.773
3638,147.773
3639,147.773
3640,147.773
3641,147.773
3642,147.773
3643,147.773
3644,147.773
3645,147.773
3646,147.773
3647,147.773
3648,147.773
3649,147.773
3650,147.773
3651,147.773
3652,147.773
3653,147.773
3654,147.773
3655,147.773
3656,147.773
3657,147.773
3658,147.773
3659,147.773
3660,147.773
3661,147.773
3662,147.773
3663,147.773
3664,147.773
3665,147.773
3666,147.773
3667,147.773
3668,147.773
3669,147.773
3670,147.773
3671,147.773
3672,147.773
3673,147.773
3674,147.773
3675,147.773
3676,147.773
3677,147.773
3678,147.773
3679,147.773
3680,147.773
3681,147.773
3682,147.773
3683,147.773
3684,147.773
3685,147.773
3686,147.773
3687,147.773
3688,147.773
3689,147.773
3690,147.773
3691,147.773
3692,147.773
3693,147.773
3694,147.773
3695,147.773
3696,147.773
3697,164.852
3698,164.852
3699,164.852
3700,164.852
3701,164.852
3702,164.852
3703,164.852
3704,164.852
3705,164.852
3706,164.852
3707,164.852
3708,164.852
3709,164.852
3710,164.852
3711,164.852
3712,164.852
3713,164.852
3714,164.852
3715,164.852
3716,164.852
3717,164.852
3718,164.852
3719,164.852
3720,164.852
3721,164.852
3722,164.852
3723,164.852
3724,164.852
3725,164.852
3726,164.852
3727,164.852
3728,164.852
3729,164.852
3730,164.852
3731,164.852
3732,164.852
3733,164.852
3734,164.852
3735,164.852
3736,164.852
3737,164.852
3738,164.852
3739,164.852
3740,164.852
3741,164.852
3742,164.852
3743,164.852
3744,164.852
3745,164.852
3746,164.852
3747,164.852
3748,164.852
3749,164.852
3750,164.852
3751,164.852
3752,164.852
3753,164.852
3754,164.852
3755,164.852
3756,164.852
3757,164.852
3758,164.852
3759,164.852
3760,164.852
3761,164.852
3762,164.852
3763,164.852
3764,164.852
3765,164.852
3766,164.852
3767,164.852
3768,164.852
3769,164.852
3770,164.852
3771,164.852
3772,164.852
3773,164.852
3774,164.852
3775,164.852
3776,164.852
3777,164.852
3778,164.852
3779,164.852
3780,164.852
3781,164.852
3782,164.852
3783,164.852
3784,164.852
3785,164.852
3786,164.852
3787,164.852
3788,164.852
3789,164.852
3790,164.852
3791,164.852
3792,164.852
3793,164.852
3794,164.852
3795,164.852
3796,164.852
3797,181.941
3798,181.941
3799,181.941
3800,181.941
3801,181.941
3802,181.941
3803,181.941
3804,181.941
3805,181.941
3806,181.941
3807,181.941
3808,181.941
3809,181.941
3810,181.941
3811,181.941
3812,181.941
3813,181.941
3814,181.941
3815,181.941
3816,181.941
3817,181.941
3818,181.941
3819,181.941
3820,181.941
3821,181.941
3822,181.941
3823,181.941
3824,181.941
3825,181.941
3826,181.941
3827,181.941
3828,181.941
3829,181.941
3830,181.941
3831,181.941
3832,181.941
3833,181.941
3834,181.941
3835,181.941
3836,181.941
3837,181.941
3838,181.941
3839,181.941
3840,181.941
3841,181.941
3842,181.941
3843,181.941
3844,181.941
3845,181.941
3846,181.941
3847,181.941
3848,181.941
3849,181.941
3850,181.941
3851,181.941
3852,181.941
3853,181.941
3854,181.941
3855,181.941
3856,181.941
3857,181.941
3858,181.941
3859,181.941
3860,181.941
3861,181.941
3862,181.941
3863,181.941
3864,181.941
3865,181.941
3866,181.941
3867,181.941
3868,181.941
3869,181.941
3870,181.941
3871,181.941
3872,181.941
3873,181.941
3874,181.941
3875,181.941
3876,181.941
3877,181.941
3878,181.941
3879,181.941
3880,181.941
3881,181.941
3882,181.941
3883,181.941
3884,181.941
3885,181.941
3886,181.941
3887,181.941
3888,181.941
3889,181.941
3890,181.941
3891,181.941
3892,181.941
3893,181.941
3894,181.941
3895,181.941
3896,181.941
3897,199.276
3898,199.276
3899,199.276
3900,199.276
3901,199.276
3902,199.276
3903,199.276
3904,199.276
3905,199.276
3906,199.276
3907,199.276
3908,199.276
3909,199.276
3910,199.276
3911,199.276
3912,199.276
3913,199.276
3914,199.276
3915,199.276
3916,199.276
3917,199.276
3918,199.276
3919,199.276
3920,199.276
3921,199.276
3922,199.276
3923,199.276
3924,199.276
3925,199.276
3926,199.276
3927,199.276
3928,199.276
3929,199.276
3930,199.276
3931,199.276
3932,199.276
3933,199.276
3934,199.276
3935,199.276
3936,199.276
3937,199.276
3938,199.276
3939,199.276
3940,199.276
3941,199.276
3942,199.276
3943,199.276
3944,199.276
3945,199.276
3946,199.276
3947,199.276
3948,199.276
3949,199.276
3950,199.276
3951,199.276
3952,199.276
3953,199.276
3954,199.276
3955,199.276
3956,199.276
3957,199.276
3958,199.276
3959,199.276
3960,199.276
3961,199.276
3962,199.276
3963,199.276
3964,199.276
3965,199.276
3966,199.276
3967,199.276
3968,199.276
3969,199.276
3970,199.276
3971,199.276
3972,199.276
3973,199.276
3974,199.276
3975,199.276
3976,199.276
3977,199.276
3978,199.276
3979,199.276
3980,199.276
3981,199.276
3982,199.276
3983,199.276
3984,199.276
3985,199.276
3986,199.276
3987,199.276
3988,199.276
3989,199.276
3990,199.276
3991,199.276
3992,199.276
3993,199.276
3994,199.276
3995,199.276
3996,199.276
3997,208.862
3998,208.862
3999,208.862
4000,208.862
4001,208.862
4002,208.862
4003,208.862
4004,208.862
4005,208.862
4006,208.862
4007,208.862
4008,208.862
4009,208.862
4010,208.862
4011,208.862
4012,208.862
4013,208.862
4014,208.862
4015,208.862
4016,208.862
4017,208.862
4018,208.862
4019,208.862
4020,208.862
4021,208.862
4022,208.862
4023,208.862
4024,208.862
4025,208.862
4026,208.862
4027,208.862
4028,208.862
4029,208.862
4030,208.862
4031,208.862
4032,208.862
4033,208.862
4034,208.862
4035,208.862
4036,208.862
4037,208.862
4038,208.862
4039,208.862
4040,208.862
4041,208.862
4042,208.862
4043,208.862
4044,208.862
4045,208.862
4046,208.862
4047,208.862
4048,208.862
4049,208.862
4050,208.862
4051,208.862
4052,208.862
4053,208.862
4054,208.862
4055,208.862
4056,208.862
4057,208.862
4058,208.862
4059,208.862
4060,208.862
4061,208.862
4062,208.862
4063,208.862
4064,208.862
4065,208.862
4066,208.862
4067,208.862
4068,208.862
4069,208.862
4070,208.862
4071,208.862
4072,208.862
4073,208.862
4074,208.862
4075,208.862
4076,208.862
4077,208.862
4078,208.862
4079,208.862
4080,208.862
4081,208.862
4082,208.862
4083,208.862
4084,208.862
4085,208.862
4086,208.862
4087,208.862
4088,208.862
4089,208.862
4090,208.862
4091,208.862
4092,208.862
4093,208.862
4094,208.862
4095,208.862
4096,208.862
4097,218.632
4098,218.632
4099,218.632
4100,218.632
4101,218.632
4102,218.632
4103,218.632
4104,218.632
4105,218.632
4106,218.632
4107,218.632
4108,218.632
4109,218.632
4110,218.632
4111,218.632
4112,218.632
4113,218.632
4114,218.632
4115,218.632
4116,218.632
4117,218.632
4118,218.632
4119,218.632
4120,218.632
4121,218.632
4122,218.632
4123,218.632
4124,218.632
4125,218.632
4126,218.632
4127,218.632
4128,218.632
4129,218.632
4130,218.632
4131,218.632
4132,218.632
4133,218.632
4134,218.632
4135,218.632
4136,218.632
4137,218.632
4138,218.632
4139,218.632
4140,218.632
4141,218.632
4142,218.632
4143,218.632
4144,218.632
4145,218.632
4146,218.632
4147,218.632
4148,218.632
4149,218.632
4150,218.632
4151,218.632
4152,218.632
4153,218.632
4154,218.632
4155,218.632
4156,218.632
4157,218.632
4158,218.632
4159,218.632
4160,218.632
4161,218.632
4162,218.632
4163,218.632
4164,218.632
4165,218.632
4166,218.632
4167,218.632
4168,218.632
4169,218.632
4170,218.632
4171,218.632
4172,218.632
4173,218.632
4174,218.632
4175,218.632
4176,218.632
4177,218.632
4178,218.632
4179,218.632
4180,218.632
4181,218.632
4182,218.632
4183,218.632
4184,218.632
4185,218.632
4186,218.632
4187,218.632
4188,218.632
4189,218.632
4190,218.632
4191,218.632
4192,218.632
4193,218.632
4194,218.632
4195,218.632
4196,218.632
4197,227.156
4198,227.156
4199,227.156
4200,227.156
4201,227.156
4202,227.156
4203,227.156
4204,227.156
4205,227.156
4206,227.156
4207,227.156
4208,227.156
4209,227.156
4210,227.156
4211,227.156
4212,227.156
4213,227.156
4214,227.156
4215,227.156
4216,227.156
4217,227.156
4218,227.156
4219,227.156
4220,227.156
4221,227.156
4222,227.156
4223,227.156
4224,227.156
4225,227.156
4226,227.156
4227,227.156
4228,227.156
4229,227.156
4230,227.156
4231,227.156
4232,227.156
4233,227.156
4234,227.156
4235,227.156
4236,227.156
4237,227.156
4238,227.156
4239,227.156
4240,227.156
4241,227.156
4242,227.156
4243,227.156
4244,227.156
4245,227.156
4246,227.156
4247,227.156
4248,227.156
4249,227.156
4250,227.156
4251,227.156
4252,227.156
4253,227.156
4254,227.156
4255,227.156
4256,227.156
4257,227.156
4258,227.156
4259,227.156
4260,227.156
4261,227.156
4262,227.156
4263,227.156
4264,227.156
4265,227.156
4266,227.156
4267,227.156
4268,227.156
4269,227.156
4270,227.156
4271,227.156
4272,227.156
4273,227.156
4274,227.156
4275,227.156
4276,227.156
4277,227.156
4278,227.156
4279,227.156
4280,227.156
4281,227.156
4282,227.156
4283,227.156
4284,227.156
4285,227.156
4286,227.156
4287,227.156
4288,227.156
4289,227.156
4290,227.156
4291,227.156
4292,227.156
4293,227.156
4294,227.156
4295,227.156
4296,227.156
4297,236.199
4298,236.199
4299,236.199
4300,236.199
4301,236.199
4302,236.199
4303,236.199
4304,236.199
4305,236.199
4306,236.199
4307,236.199
4308,236.199
4309,236.199
4310,236.199
4311,236.199
4312,236.199
4313,236.199
4314,236.199
4315,236.199
4316,236.199
4317,236.199
4318,236.199
4319,236.199
4320,236.199
4321,236.199
4322,236.199
4323,236.199
4324,236.199
4325,236.199
4326,236.199
4327,236.199
4328,236.199
4329,236.199
4330,236.199
4331,236.199
4332,236.199
4333,236.199
4334,236.199
4335,236.199
4336,236.199
4337,236.199
4338,236.199
4339,236.199
4340,236.199
4341,236.199
4342,236.199
4343,236.199
4344,236.199
4345,236.199
4346,236.199
4347,236.199
4348,236.199
4349,236.199
4350,236.199
4351,236.199
4352,236.199
4353,236.199
4354,236.199
4355,236.199
4356,236.199
4357,236.199
4358,236.199
4359,236.199
4360,236.199
4361,236.199
4362,236.199
4363,236.199
4364,236.199
4365,236.199
4366,236.199
4367,236.199
4368,236.199
4369,236.199
4370,236.199
4371,236.199
4372,236.199
4373,236.199
4374,236.199
4375,236.199
4376,236.199
4377,236.199
4378,236.199
4379,236.199
4380,236.199
4381,236.199
4382,236.199
4383,236.199
4384,236.199
4385,236.199
4386,236.199
4387,236.199
4388,236.199
4389,236.199
4390,236.199
4391,236.199
4392,236.199
4393,236.199
4394,236.199
4395,236.199
4396,236.199
4397,247.23
4398,247.23
4399,247.23
4400,247.23
4401,247.23
4402,247.23
4403,247.23
4404,247.23
4405,247.23
4406,247.23
4407,247.23
4408,247.23
4409,247.23
4410,247.23
4411,247.23
4412,247.23
4413,247.23
4414,247.23
4415,247.23
4416,247.23
4417,247.23
4418,247.23
4419,247.23
4420,247.23
4421,247.23
4422,247.23
4423,247.23
4424,247.23
4425,247.23
4426,247.23
4427,247.23
4428,247.23
4429,247.23
4430,247.23
4431,247.23
4432,247.23
4433,247.23
4434,247.23
4435,247.23
4436,247.23
4437,247.23
4438,247.23
4439,247.23
4440,247.23
4441,247.23
4442,247.23
4443,247.23
4444,247.23
4445,247.23
4446,247.23
4447,247.23
4448,247.23
4449,247.23
4450,247.23
4451,247.23
4452,247.23
4453,247.23
4454,247.23
4455,247.23
4456,247.23
4457,247.23
4458,247.23
4459,247.23
4460,247.23
4461,247.23
4462,247.23
4463,247.23
4464,247.23
4465,247.23
4466,247.23
4467,247.23
4468,247.23
4469,247.23
4470,247.23
4471,247.23
4472,247.23
4473,247.23
4474,247.23
4475,247.23
4476,247.23
4477,247.23
4478,247.23
4479,247.23
4480,247.23
4481,247.23
4482,247.23
4483,247.23
4484,247.23
4485,247.23
4486,247.23
4487,247.23
4488,247.23
4489,247.23
4490,247.23
4491,247.23
4492,247.23
4493,247.23
4494,247.23
4495,247.23
4496,247.23
4497,252.594
4498,252.594
4499,252.594
4500,252.594
4501,252.594
4502,252.594
4503,252.594
4504,252.594
4505,252.594
4506,252.594
4507,252.594
4508,252.594
4509,252.594
4510,252.594
4511,252.594
4512,252.594
4513,252.594
4514,252.594
4515,252.594
4516,252.594
4517,252.594
4518,252.594
4519,252.594
4520,252.594
4521,252.594
4522,252.594
4523,252.594
4524,252.594
4525,252.594
4526,252.594
4527,252.594
4528,252.594
4529,252.594
4530,252.594
4531,252.594
4532,252.594
4533,252.594
4534,252.594
4535,252.594
4536,252.594
4537,252.594
4538,252.594
4539,252.594
4540,252.594
4541,252.594
4542,252.594
4543,252.594
4544,252.594
4545,252.594
4546,252.594
4547,252.594
4548,252.594
4549,252.594
4550,252.594
4551,252.594
4552,252.594
4553,252.594
4554,252.594
4555,252.594
4556,252.594
4557,252.594
4558,252.594
4559,252.594
4560,252.594
4561,252.594
4562,252.594
4563,252.594
4564,252.594
4565,252.594
4566,252.594
4567,252.594
4568,252.594
4569,252.594
4570,252.594
4571,252.594
4572,252.594
4573,252.594
4574,252.594
4575,252.594
4576,252.594
4577,252.594
4578,252.594
4579,252.594
4580,252.594
4581,252.594
4582,252.594
4583,252.594
4584,252.594
4585,252.594
4586,252.594
4587,252.594
4588,252.594
4589,252.594
4590,252.594
4591,252.594
4592,252.594
4593,252.594
4594,252.594
4595,252.594
4596,252.594
4597,252.612
4598,252.612
4599,252.612
4600,252.612
4601,252.612
4602,252.612
4603,252.612
4604,252.612
4605,252.612
4606,252.612
4607,252.612
4608,252.612
4609,252.612
4610,252.612
4611,252.612
4612,252.612
4613,252.612
4614,252.612
4615,252.612
4616,252.612
4617,252.612
4618,252.612
4619,252.612
4620,252.612
4621,252.612
4622,252.612
4623,252.612
4624,252.612
4625,252.612
4626,252.612
4627,252.612
4628,252.612
4629,252.612
4630,252.612
4631,252.612
4632,252.612
4633,252.612
4634,252.612
4635,252.612
4636,252.612
4637,252.612
4638,252.612
4639,252.612
4640,252.612
4641,252.612
4642,252.612
4643,252.612
4644,252.612
4645,252.612
4646,252.612
4647,252.612
4648,252.612
4649,252.612
4650,252.612
4651,252.612
4652,252.612
4653,252.612
4654,252.612
4655,252.612
4656,252.612
4657,252.612
4658,252.612
4659,252.612
4660,252.612
4661,252.612
4662,252.612
4663,252.612
4664,252.612
4665,252.612
4666,252.612
4667,252.612
4668,252.612
4669,252.612
4670,252.612
4671,252.612
4672,252.612
4673,252.612
4674,252.612
4675,252.612
4676,252.612
4677,252.612
4678,252.612
4679,252.612
4680,252.612
4681,252.612
4682,252.612
4683,252.612
4684,252.612
4685,252.612
4686,252.612
4687,252.612
4688,252.612
4689,252.612
4690,252.612
4691,252.612
4692,252.612
4693,252.612
4694,252.612
4695,252.612
4696,252.612
4697,252.433
4698,252.433
4699,252.433
4700,252.433
4701,252.433
4702,252.433
4703,252.433
4704,252.433
4705,252.433
4706,252.433
4707,252.433
4708,252.433
4709,252.433
4710,252.433
4711,252.433
4712,252.433
4713,252.433
4714,252.433
4715,252.433
4716,252.433
4717,252.433
4718,252.433
4719,252.433
4720,252.433
4721,252.433
4722,252.433
4723,252.433
4724,252.433
4725,252.433
4726,252.433
4727,252.433
4728,252.433
4729,252.433
4730,252.433
4731,252.433
4732,252.433
4733,252.433
4734,252.433
4735,252.433
4736,252.433
4737,252.433
4738,252.433
4739,252.433
4740,252.433
4741,252.433
4742,252.433
4743,252.433
4744,252.433
4745,252.433
4746,252.433
4747,252.433
4748,252.433
4749,252.433
4750,252.433
4751,252.433
4752,252.433
4753,252.433
4754,252.433
4755,252.433
4756,252.433
4757,252.433
4758,252.433
4759,252.433
4760,252.433
4761,252.433
4762,252.433
4763,252.433
4764,252.433
4765,252.433
4766,252.433
4767,252.433
4768,252.433
4769,252.433
4770,252.433
4771,252.433
4772,252.433
4773,252.433
4774,252.433
4775,252.433
4776,252.433
4777,252.433
4778,252.433
4779,252.433
4780,252.433
4781,252.433
4782,252.433
4783,252.433
4784,252.433
4785,252.433
4786,252.433
4787,252.433
4788,252.433
4789,252.433
4790,252.433
4791,252.433
4792,252.433
4793,252.433
4794,252.433
4795,252.433
4796,252.433
4797,252.494
4798,252.494
4799,252.494
4800,252.494
4801,252.494
4802,252.494
4803,252.494
4804,252.494
4805,252.494
4806,252.494
4807,252.494
4808,252.494
4809,252.494
4810,252.494
4811,252.494
4812,252.494
4813,252.494
4814,252.494
4815,252.494
4816,252.494
4817,252.494
4818,252.494
4819,252.494
4820,252.494
4821,252.494
4822,252.494
4823,252.494
4824,252.494
4825,252.494
4826,252.494
4827,252.494
4828,252.494
4829,252.494
4830,252.494
4831,252.494
4832,252.494
4833,252.494
4834,252.494
4835,252.494
4836,252.494
4837,252.494
4838,252.494
4839,252.494
4840,252.494
4841,252.494
4842,252.494
4843,252.494
4844,252.494
4845,252.494
4846,252.494
4847,252.494
4848,252.494
4849,252.494
4850,252.494
4851,252.494
4852,252.494
4853,252.494
4854,252.494
4855,252.494
4856,252.494
4857,252.494
4858,252.494
4859,252.494
4860,252.494
4861,252.494
4862,252.494
4863,252.494
4864,252.494
4865,252.494
4866,252.494
4867,252.494
4868,252.494
4869,252.494
4870,252.494
4871,252.494
4872,252.494
4873,252.494
4874,252.494
4875,252.494
4876,252.494
4877,252.494
4878,252.494
4879,252.494
4880,252.494
4881,252.494
4882,252.494
4883,252.494
4884,252.494
4885,252.494
4886,252.494
4887,252.494
4888,252.494
4889,252.494
4890,252.494
4891,252.494
4892,252.494
4893,252.494
4894,252.494
4895,252.494
4896,252.494
4897,252.793
4898,252.793
4899,252.793
4900,252.793
4901,252.793
4902,252.793
4903,252.793
4904,252.793
4905,252.793
4906,252.793
4907,252.793
4908,252.793
4909,252.793
4910,252.793
4911,252.793
4912,252.793
4913,252.793
4914,252.793
4915,252.793
4916,252.793
4917,252.793
4918,252.793
4919,252.793
4920,252.793
4921,252.793
4922,252.793
4923,252.793
4924,252.793
4925,252.793
4926,252.793
4927,252.793
4928,252.793
4929,252.793
4930,252.793
4931,252.793
4932,252.793
4933,252.793
4934,252.793
4935,252.793
4936,252.793
4937,252.793
4938,252.793
4939,252.793
4940,252.793
4941,252.793
4942,252.793
4943,252.793
4944,252.793
4945,252.793
4946,252.793
4947,252.793
4948,252.793
4949,252.793
4950,252.793
4951,252.793
4952,252.793
4953,252.793
4954,252.793
4955,252.793
4956,252.793
4957,252.793
4958,252.793
4959,252.793
4960,252.793
4961,252.793
4962,252.793
4963,252.793
4964,252.793
4965,252.793
4966,252.793
4967,252.793
4968,252.793
4969,252.793
4970,252.793
4971,252.793
4972,252.793
4973,252.793
4974,252.793
4975,252.793
4976,252.793
4977,252.793
4978,252.793
4979,252.793
4980,252.793
4981,252.793
4982,252.793
4983,252.793
4984,252.793
4985,252.793
4986,252.793
4987,252.793
4988,252.793
4989,252.793
4990,252.793
4991,252.793
4992,252.793
4993,252.793
4994,252.793
4995,252.793
4996,252.793
4997,253.145
4998,253.145
4999,253.145
5000,253.145
5001,253.145
5002,253.145
5003,253.145
5004,253.145
5005,253.145
5006,253.145
5007,253.145
5008,253.145
5009,253.145
5010,253.145
5011,253.145
5012,253.145
5013,253.145
5014,253.145
5015,253.145
5016,253.145
5017,253.145
5018,253.145
5019,253.145
5020,253.145
5021,253.145
5022,253.145
5023,253.145
5024,253.145
5025,253.145
5026,253.145
5027,253.145
5028,253.145
5029,253.145
5030,253.145
5031,253.145
5032,253.145
5033,253.145
5034,253.145
5035,253.145
5036,253.145
5037,253.145
5038,253.145
5039,253.145
5040,253.145
5041,253.145
5042,253.145
5043,253.145
5044,253.145
5045,253.145
5046,253.145
5047,253.145
5048,253.145
5049,253.145
5050,253.145
5051,253.145
5052,253.145
5053,253.145
5054,253.145
5055,253.145
5056,253.145
5057,253.145
5058,253.145
5059,253.145
5060,253.145
5061,253.145
5062,253.145
5063,253.145
5064,253.145
5065,253.145
5066,253.145
5067,253.145
5068,253.145
5069,253.145
5070,253.145
5071,253.145
5072,253.145
5073,253.145
5074,253.145
5075,253.145
5076,253.145
5077,253.145
5078,253.145
5079,253.145
5080,253.145
5081,253.145
5082,253.145
5083,253.145
5084,253.145
5085,253.145
5086,253.145
5087,253.145
5088,253.145
5089,253.145
5090,253.145
5091,253.145
5092,253.145
5093,253.145
5094,253.145
5095,253.145
5096,253.145
5097,253.157
5098,253.157
5099,253.157
5100,253.157
5101,253.157
5102,253.157
5103,253.157
5104,253.157
5105,253.157
5106,253.157
5107,253.157
5108,253.157
5109,253.157
5110,253.157
5111,253.157
5112,253.157
5113,253.157
5114,253.157
5115,253.157
5116,253.157
5117,253.157
5118,253.157
5119,253.157
5120,253.157
5121,253.157
5122,253.157
5123,253.157
5124,253.157
5125,253.157
5126,253.157
5127,253.157
5128,253.157
5129,253.157
5130,253.157
5131,253.157
5132,253.157
5133,253.157
5134,253.157
5135,253.157
5136,253.157
5137,253.157
5138,253.157
5139,253.157
5140,253.157
5141,253.157
5142,253.157
5143,253.157
5144,253.157
5145,253.157
5146,253.157
5147,253.157
5148,253.157
5149,253.157
5150,253.157
5151,253.157
5152,253.157
5153,253.157
5154,253.157
5155,253.157
5156,253.157
5157,253.157
5158,253.157
5159,253.157
5160,253.157
5161,253.157
5162,253.157
5163,253.157
5164,253.157
5165,253.157
5166,253.157
5167,253.157
5168,253.157
5169,253.157
5170,253.157
5171,253.157
5172,253.157
5173,253.157
5174,253.157
5175,253.157
5176,253.157
5177,253.157
5178,253.157
5179,253.157
5180,253.157
5181,253.157
5182,253.157
5183,253.157
5184,253.157
5185,253.157
5186,253.157
5187,253.157
5188,253.157
5189,253.157
5190,253.157
5191,253.157
5192,253.157
5193,253.157
5194,253.157
5195,253.157
5196,253.157
5197,253.133
5198,253.133
5199,253.133
5200,253.133
5201,253.133
5202,253.133
5203,253.133
5204,253.133
5205,253.133
5206,253.133
5207,253.133
5208,253.133
5209,253.133
5210,253.133
5211,253.133
5212,253.133
5213,253.133
5214,253.133
5215,253.133
5216,253.133
5217,253.133
5218,253.133
5219,253.133
5220,253.133
5221,253.133
5222,253.133
5223,253.133
5224,253.133
5225,253.133
5226,253.133
5227,253.133
5228,253.133
5229,253.133
5230,253.133
5231,253.133
5232,253.133
5233,253.133
5234,253.133
5235,253.133
5236,253.133
5237,253.133
5238,253.133
5239,253.133
5240,253.133
5241,253.133
5242,253.133
5243,253.133
5244,253.133
5245,253.133
5246,253.133
5247,253.133
5248,253.133
5249,253.133
5250,253.133
5251,253.133
5252,253.133
5253,253.133
5254,253.133
5255,253.133
5256,253.133
5257,253.133
5258,253.133
5259,253.133
5260,253.133
5261,253.133
5262,253.133
5263,253.133
5264,253.133
5265,253.133
5266,253.133
5267,253.133
5268,253.133
5269,253.133
5270,253.133
5271,253.133
5272,253.133
5273,253.133
5274,253.133
5275,253.133
5276,253.133
5277,253.133
5278,253.133
5279,253.133
5280,253.133
5281,253.133
5282,253.133
5283,253.133
5284,253.133
5285,253.133
5286,253.133
5287,253.133
5288,253.133
5289,253.133
5290,253.133
5291,253.133
5292,253.133
5293,253.133
5294,253.133
5295,253.133
5296,253.133
5297,253.1
5298,253.1
5299,253.1
5300,253.1
5301,253.1
5302,253.1
5303,253.1
5304,253.1
5305,253.1
5306,253.1
5307,253.1
5308,253.1
5309,253.1
5310,253.1
5311,253.1
5312,253.1
5313,253.1
5314,253.1
5315,253.1
5316,253.1
5317,253.1
5318,253.1
5319,253.1
5320,253.1
5321,253.1
5322,253.1
5323,253.1
5324,253.1
5325,253.1
5326,253.1
5327,253.1
5328,253.1
5329,253.1
5330,253.1
5331,253.1
5332,253.1
5333,253.1
5334,253.1
5335,253.1
5336,253.1
5337,253.1
5338,253.1
5339,253.1
5340,253.1
5341,253.1
5342,253.1
5343,253.1
5344,253.1
5345,253.1
5346,253.1
5347,253.1
5348,253.1
5349,253.1
5350,253.1
5351,253.1
5352,253.1
5353,253.1
5354,253.1
5355,253.1
5356,253.1
5357,253.1
5358,253.1
5359,253.1
5360,253.1
5361,253.1
5362,253.1
5363,253.1
5364,253.1
5365,253.1
5366,253.1
5367,253.1
5368,253.1
5369,253.1
5370,253.1
5371,253.1
5372,253.1
5373,253.1
5374,253.1
5375,253.1
5376,253.1
5377,253.1
5378,253.1
5379,253.1
5380,253.1
5381,253.1
5382,253.1
5383,253.1
5384,253.1
5385,253.1
5386,253.1
5387,253.1
5388,253.1
5389,253.1
5390,253.1
5391,253.1
5392,253.1
5393,253.1
5394,253.1
5395,253.1
5396,253.1
5397,253.539
5398,253.539
5399,253.539
5400,253.539
5401,253.539
5402,253.539
5403,253.539
5404,253.539
5405,253.539
5406,253.539
5407,253.539
5408,253.539
5409,253.539
5410,253.539
5411,253.539
5412,253.539
5413,253.539
5414,253.539
5415,253.539
5416,253.539
5417,253.539
5418,253.539
5419,253.539
5420,253.539
5421,253.539
5422,253.539
5423,253.539
5424,253.539
5425,253.539
5426,253.539
5427,253.539
5428,253.539
5429,253.539
5430,253.539
5431,253.539
5432,253.539
5433,253.539
5434,253.539
5435,253.539
5436,253.539
5437,253.539
5438,253.539
5439,253.539
5440,253.539
5441,253.539
5442,253.539
5443,253.539
5444,253.539
5445,253.539
5446,253.539
5447,253.539
5448,253.539
5449,253.539
5450,253.539
5451,253.539
5452,253.539
5453,253.539
5454,253.539
5455,253.539
5456,253.539
5457,253.539
5458,253.539
5459,253.539
5460,253.539
5461,253.539
5462,253.539
5463,253.539
5464,253.539
5465,253.539
5466,253.539
5467,253.539
5468,253.539
5469,253.539
5470,253.539
5471,253.539
5472,253.539
5473,253.539
5474,253.539
5475,253.539
5476,253.539
5477,253.539
5478,253.539
5479,253.539
5480,253.539
5481,253.539
5482,253.539
5483,253.539
5484,253.539
5485,253.539
5486,253.539
5487,253.539
5488,253.539
5489,253.539
5490,253.539
5491,253.539
5492,253.539
5493,253.539
5494,253.539
5495,253.539
5496,253.539
5497,253.163
5498,253.163
5499,253.163
5500,253.163
5501,253.163
5502,253.163
5503,253.163
5504,253.163
5505,253.163
5506,253.163
5507,253.163
5508,253.163
5509,253.163
5510,253.163
5511,253.163
5512,253.163
5513,253.163
5514,253.163
5515,253.163
5516,253.163
5517,253.163
5518,253.163
5519,253.163
5520,253.163
5521,253.163
5522,253.163
5523,253.163
5524,253.163
5525,253.163
5526,253.163
5527,253.163
5528,253.163
5529,253.163
5530,253.163
5531,253.163
5532,253.163
5533,253.163
5534,253.163
5535,253.163
5536,253.163
5537,253.163
5538,253.163
5539,253.163
5540,253.163
5541,253.163
5542,253.163
5543,253.163
5544,253.163
5545,253.163
5546,253.163
5547,253.163
5548,253.163
5549,253.163
5550,253.163
5551,253.163
5552,253.163
5553,253.163
5554,253.163
5555,253.163
5556,253.163
5557,253.163
5558,253.163
5559,253.163
5560,253.163
5561,253.163
5562,253.163
5563,253.163
5564,253.163
5565,253.163
5566,253.163
5567,253.163
5568,253.163
5569,253.163
5570,253.163
5571,253.163
5572,253.163
5573,253.163
5574,253.163
5575,253.163
5576,253.163
5577,253.163
5578,253.163
5579,253.163
5580,253.163
5581,253.163
5582,253.163
5583,253.163
5584,253.163
5585,253.163
5586,253.163
5587,253.163
5588,253.163
5589,253.163
5590,253.163
5591,253.163
5592,253.163
5593,253.163
5594,253.163
5595,253.163
5596,253.163
5597,253.665
5598,253.665
5599,253.665
5600,253.665
5601,253.665
5602,253.665
5603,253.665
5604,253.665
5605,253.665
5606,253.665
5607,253.665
5608,253.665
5609,253.665
5610,253.665
5611,253.665
5612,253.665
5613,253.665
5614,253.665
5615,253.665
5616,253.665
5617,253.665
5618,253.665
5619,253.665
5620,253.665
5621,253.665
5622,253.665
5623,253.665
5624,253.665
5625,253.665
5626,253.665
5627,253.665
5628,253.665
5629,253.665
5630,253.665
5631,253.665
5632,253.665
5633,253.665
5634,253.665
5635,253.665
5636,253.665
5637,253.665
5638,253.665
5639,253.665
5640,253.665
5641,253.665
5642,253.665
5643,253.665
5644,253.665
5645,253.665
5646,253.665
5647,253.665
5648,253.665
5649,253.665
5650,253.665
5651,253.665
5652,253.665
5653,253.665
5654,253.665
5655,253.665
5656,253.665
5657,253.665
5658,253.665
5659,253.665
5660,253.665
5661,253.665
5662,253.665
5663,253.665
5664,253.665
5665,253.665
5666,253.665
5667,253.665
5668,253.665
5669,253.665
5670,253.665
5671,253.665
5672,253.665
5673,253.665
5674,253.665
5675,253.665
5676,253.665
5677,253.665
5678,253.665
5679,253.665
5680,253.665
5681,253.665
5682,253.665
5683,253.665
5684,253.665
5685,253.665
5686,253.665
5687,253.665
5688,253.665
5689,253.665
5690,253.665
5691,253.665
5692,253.665
5693,253.665
5694,253.665
5695,253.665
5696,253.665
5697,253.496
5698,253.496
5699,253.496
5700,253.496
5701,253.496
5702,253.496
5703,253.496
5704,253.496
5705,253.496
5706,253.496
5707,253.496
5708,253.496
5709,253.496
5710,253.496
5711,253.496
5712,253.496
5713,253.496
5714,253.496
5715,253.496
5716,253.496
5717,253.496
5718,253.496
5719,253.496
5720,253.496
5721,253.496
5722,253.496
5723,253.496
5724,253.496
5725,253.496
5726,253.496
5727,253.496
5728,253.496
5729,253.496
5730,253.496
5731,253.496
5732,253.496
5733,253.496
5734,253.496
5735,253.496
5736,253.496
5737,253.496
5738,253.496
5739,253.496
5740,253.496
5741,253.496
5742,253.496
5743,253.496
5744,253.496
5745,253.496
5746,253.496
5747,253.496
5748,253.496
5749,253.496
5750,253.496
5751,253.496
5752,253.496
5753,253.496
5754,253.496
5755,253.496
5756,253.496
5757,253.496
5758,253.496
5759,253.496
5760,253.496
5761,253.496
5762,253.496
5763,253.496
5764,253.496
5765,253.496
5766,253.496
5767,253.496
5768,253.496
5769,253.496
5770,253.496
5771,253.496
5772,253.496
5773,253.496
5774,253.496
5775,253.496
5776,253.496
5777,253.496
5778,253.496
5779,253.496
5780,253.496
5781,253.496
5782,253.496
5783,253.496
5784,253.496
5785,253.496
5786,253.496
5787,253.496
5788,253.496
5789,253.496
5790,253.496
5791,253.496
5792,253.496
5793,253.496
5794,253.496
5795,253.496
5796,253.496
5797,253.347
5798,253.347
5799,253.347
5800,253.347
5801,253.347
5802,253.347
5803,253.347
5804,253.347
5805,253.347
5806,253.347
5807,253.347
5808,253.347
5809,253.347
5810,253.347
5811,253.347
5812,253.347
5813,253.347
5814,253.347
5815,253.347
5816,253.347
5817,253.347
5818,253.347
5819,253.347
5820,253.347
5821,253.347
5822,253.347
5823,253.347
5824,253.347
5825,253.347
5826,253.347
5827,253.347
5828,253.347
5829,253.347
5830,253.347
5831,253.347
5832,253.347
5833,253.347
5834,253.347
5835,253.347
5836,253.347
5837,253.347
5838,253.347
5839,253.347
5840,253.347
5841,253.347
5842,253.347
5843,253.347
5844,253.347
5845,253.347
5846,253.347
5847,253.347
5848,253.347
5849,253.347
5850,253.347
5851,253.347
5852,253.347
5853,253.347
5854,253.347
5855,253.347
5856,253.347
5857,253.347
5858,253.347
5859,253.347
5860,253.347
5861,253.347
5862,253.347
5863,253.347
5864,253.347
5865,253.347
5866,253.347
5867,253.347
5868,253.347
5869,253.347
5870,253.347
5871,253.347
5872,253.347
5873,253.347
5874,253.347
5875,253.347
5876,253.347
5877,253.347
5878,253.347
5879,253.347
5880,253.347
5881,253.347
5882,253.347
5883,253.347
5884,253.347
5885,253.347
5886,253.347
5887,253.347
5888,253.347
5889,253.347
5890,253.347
5891,253.347
5892,253.347
5893,253.347
5894,253.347
5895,253.347
5896,253.347
5897,253.606
5898,253.606
5899,253.606
5900,253.606
5901,253.606
5902,253.606
5903,253.606
5904,253.606
5905,253.606
5906,253.606
5907,253.606
5908,253.606
5909,253.606
5910,253.606
5911,253.606
5912,253.606
5913,253.606
5914,253.606
5915,253.606
5916,253.606
5917,253.606
5918,253.606
5919,253.606
5920,253.606
5921,253.606
5922,253.606
5923,253.606
5924,253.606
5925,253.606
5926,253.606
5927,253.606
5928,253.606
5929,253.606
5930,253.606
5931,253.606
5932,253.606
5933,253.606
5934,253.606
5935,253.606
5936,253.606
5937,253.606
5938,253.606
5939,253.606
5940,253.606
5941,253.606
5942,253.606
5943,253.606
5944,253.606
5945,253.606
5946,253.606
5947,253.606
5948,253.606
5949,253.606
5950,253.606
5951,253.606
5952,253.606
5953,253.606
5954,253.606
5955,253.606
5956,253.606
5957,253.606
5958,253.606
5959,253.606
5960,253.606
5961,253.606
5962,253.606
5963,253.606
5964,253.606
5965,253.606
5966,253.606
5967,253.606
5968,253.606
5969,253.606
5970,253.606
5971,253.606
5972,253.606
5973,253.606
5974,253.606
5975,253.606
5976,253.606
5977,253.606
5978,253.606
5979,253.606
5980,253.606
5981,253.606
5982,253.606
5983,253.606
5984,253.606
5985,253.606
5986,253.606
5987,253.606
5988,253.606
5989,253.606
5990,253.606
5991,253.606
5992,253.606
5993,253.606
5994,253.606
5995,253.606
5996,253.606
5997,253.324
5998,253.324
5999,253.324
6000,253.324
6001,253.324
6002,253.324
6003,253.324
6004,253.324
6005,253.324
6006,253.324
6007,253.324
6008,253.324
6009,253.324
6010,253.324
6011,253.324
6012,253.324
6013,253.324
6014,253.324
6015,253.324
6016,253.324
6017,253.324
6018,253.324
6019,253.324
6020,253.324
6021,253.324
6022,253.324
6023,253.324
6024,253.324
6025,253.324
6026,253.324
6027,253.324
6028,253.324
6029,253.324
6030,253.324
6031,253.324
6032,253.324
6033,253.324
6034,253.324
6035,253.324
6036,253.324
6037,253.324
6038,253.324
6039,253.324
6040,253.324
6041,253.324
6042,253.324
6043,253.324
6044,253.324
6045,253.324
6046,253.324
6047,253.324
6048,253.324
6049,253.324
6050,253.324
6051,253.324
6052,253.324
6053,253.324
6054,253.324
6055,253.324
6056,253.324
6057,253.324
6058,253.324
6059,253.324
6060,253.324
6061,253.324
6062,253.324
6063,253.324
6064,253.324
6065,253.324
6066,253.324
6067,253.324
6068,253.324
6069,253.324
6070,253.324
6071,253.324
6072,253.324
6073,253.324
6074,253.324
6075,253.324
6076,253.324
6077,253.324
6078,253.324
6079,253.324
6080,253.324
6081,253.324
6082,253.324
6083,253.324
6084,253.324
6085,253.324
6086,253.324
6087,253.324
6088,253.324
6089,253.324
6090,253.324
6091,253.324
6092,253.324
6093,253.324
6094,253.324
6095,253.324
6096,253.324
6097,253.24
6098,253.24
6099,253.24
6100,253.24
6101,253.24
6102,253.24
6103,253.24
6104,253.24
6105,253.24
6106,253.24
6107,253.24
6108,253.24
6109,253.24
6110,253.24
6111,253.24
6112,253.24
6113,253.24
6114,253.24
6115,253.24
6116,253.24
6117,253.24
6118,253.24
6119,253.24
6120,253.24
6121,253.24
6122,253.24
6123,253.24
6124,253.24
6125,253.24
6126,253.24
6127,253.24
6128,253.24
6129,253.24
6130,253.24
6131,253.24
6132,253.24
6133,253.24
6134,253.24
6135,253.24
6136,253.24
6137,253.24
6138,253.24
6139,253.24
6140,253.24
6141,253.24
6142,253.24
6143,253.24
6144,253.24
6145,253.24
6146,253.24
6147,253.24
6148,253.24
6149,253.24
6150,253.24
6151,253.24
6152,253.24
6153,253.24
6154,253.24
6155,253.24
6156,253.24
6157,253.24
6158,253.24
6159,253.24
6160,253.24
6161,253.24
6162,253.24
6163,253.24
6164,253.24
6165,253.24
6166,253.24
6167,253.24
6168,253.24
6169,253.24
6170,253.24
6171,253.24
6172,253.24
6173,253.24
6174,253.24
6175,253.24
6176,253.24
6177,253.24
6178,253.24
6179,253.24
6180,253.24
6181,253.24
6182,253.24
6183,253.24
6184,253.24
6185,253.24
6186,253.24
6187,253.24
6188,253.24
6189,253.24
6190,253.24
6191,253.24
6192,253.24
6193,253.24
6194,253.24
6195,253.24
6196,253.24
6197,253.473
6198,253.473
6199,253.473
6200,253.473
6201,253.473
6202,253.473
6203,253.473
6204,253.473
6205,253.473
6206,253.473
6207,253.473
6208,253.473
6209,253.473
6210,253.473
6211,253.473
6212,253.473
6213,253.473
6214,253.473
6215,253.473
6216,253.473
6217,253.473
6218,253.473
6219,253.473
6220,253.473
6221,253.473
6222,253.473
6223,253.473
6224,253.473
6225,253.473
6226,253.473
6227,253.473
6228,253.473
6229,253.473
6230,253.473
6231,253.473
6232,253.473
6233,253.473
6234,253.473
6235,253.473
6236,253.473
6237,253.473
6238,253.473
6239,253.473
6240,253.473
6241,253.473
6242,253.473
6243,253.473
6244,253.473
6245,253.473
6246,253.473
6247,253.473
6248,253.473
6249,253.473
6250,253.473
6251,253.473
6252,253.473
6253,253.473
6254,253.473
6255,253.473
6256,253.473
6257,253.473
6258,253.473
6259,253.473
6260,253.473
6261,253.473
6262,253.473
6263,253.473
6264,253.473
6265,253.473
6266,253.473
6267,253.473
6268,253.473
6269,253.473
6270,253.473
6271,253.473
6272,253.473
6273,253.473
6274,253.473
6275,253.473
6276,253.473
6277,253.473
6278,253.473
6279,253.473
6280,253.473
6281,253.473
6282,253.473
6283,253.473
6284,253.473
6285,253.473
6286,253.473
6287,253.473
6288,253.473
6289,253.473
6290,253.473
6291,253.473
6292,253.473
6293,253.473
6294,253.473
6295,253.473
6296,253.473
6297,253.921
6298,253.921
6299,253.921
6300,253.921
6301,253.921
6302,253.921
6303,253.921
6304,253.921
6305,253.921
6306,253.921
6307,253.921
6308,253.921
6309,253.921
6310,253.921
6311,253.921
6312,253.921
6313,253.921
6314,253.921
6315,253.921
6316,253.921
6317,253.921
6318,253.921
6319,253.921
6320,253.921
6321,253.921
6322,253.921
6323,253.921
6324,253.921
6325,253.921
6326,253.921
6327,253.921
6328,253.921
6329,253.921
6330,253.921
6331,253.921
6332,253.921
6333,253.921
6334,253.921
6335,253.921
6336,253.921
6337,253.921
6338,253.921
6339,253.921
6340,253.921
6341,253.921
6342,253.921
6343,253.921
6344,253.921
6345,253.921
6346,253.921
6347,253.921
6348,253.921
6349,253.921
6350,253.921
6351,253.921
6352,253.921
6353,253.921
6354,253.921
6355,253.921
6356,253.921
6357,253.921
6358,253.921
6359,253.921
6360,253.921
6361,253.921
6362,253.921
6363,253.921
6364,253.921
6365,253.921
6366,253.921
6367,253.921
6368,253.921
6369,253.921
6370,253.921
6371,253.921
6372,253.921
6373,253.921
6374,253.921
6375,253.921
6376,253.921
6377,253.921
6378,253.921
6379,253.921
6380,253.921
6381,253.921
6382,253.921
6383,253.921
6384,253.921
6385,253.921
6386,253.921
6387,253.921
6388,253.921
6389,253.921
6390,253.921
6391,253.921
6392,253.921
6393,253.921
6394,253.921
6395,253.921
6396,253.921
6397,253.741
6398,253.741
6399,253.741
6400,253.741
6401,253.741
6402,253.741
6403,253.741
6404,253.741
6405,253.741
6406,253.741
6407,253.741
6408,253.741
6409,253.741
6410,253.741
6411,253.741
6412,253.741
6413,253.741
6414,253.741
6415,253.741
6416,253.741
6417,253.741
6418,253.741
6419,253.741
6420,253.741
6421,253.741
6422,253.741
6423,253.741
6424,253.741
6425,253.741
6426,253.741
6427,253.741
6428,253.741
6429,253.741
6430,253.741
6431,253.741
6432,253.741
6433,253.741
6434,253.741
6435,253.741
6436,253.741
6437,253.741
6438,253.741
6439,253.741
6440,253.741
6441,253.741
6442,253.741
6443,253.741
6444,253.741
6445,253.741
6446,253.741
6447,253.741
6448,253.741
6449,253.741
6450,253.741
6451,253.741
6452,253.741
6453,253.741
6454,253.741
6455,253.741
6456,253.741
6457,253.741
6458,253.741
6459,253.741
6460,253.741
6461,253.741
6462,253.741
6463,253.741
6464,253.741
6465,253.741
6466,253.741
6467,253.741
6468,253.741
6469,253.741
6470,253.741
6471,253.741
6472,253.741
6473,253.741
6474,253.741
6475,253.741
6476,253.741
6477,253.741
6478,253.741
6479,253.741
6480,253.741
6481,253.741
6482,253.741
6483,253.741
6484,253.741
6485,253.741
6486,253.741
6487,253.741
6488,253.741
6489,253.741
6490,253.741
6491,253.741
6492,253.741
6493,253.741
6494,253.741
6495,253.741
6496,253.741
6497,253.741
6498,254.091
6499,254.091
6500,254.091
6501,254.091
6502,254.091
6503,254.091
6504,254.091
6505,254.091
6506,254.091
6507,254.091
6508,254.091
6509,254.091
6510,254.091
6511,254.091
6512,254.091
6513,254.091
6514,254.091
6515,254.091
6516,254.091
6517,254.091
6518,254.091
6519,254.091
6520,254.091
6521,254.091
6522,254.091
6523,254.091
6524,254.091
6525,254.091
6526,254.091
6527,254.091
6528,254.091
6529,254.091
6530,254.091
6531,254.091
6532,254.091
6533,254.091
6534,254.091
6535,254.091
6536,254.091
6537,254.091
6538,254.091
6539,254.091
6540,254.091
6541,254.091
6542,254.091
6543,254.091
6544,254.091
6545,254.091
6546,254.091
6547,254.091
6548,254.091
6549,254.091
6550,254.091
6551,254.091
6552,254.091
6553,254.091
6554,254.091
6555,254.091
6556,254.091
6557,254.091
6558,254.091
6559,254.091
6560,254.091
6561,254.091
6562,254.091
6563,254.091
6564,254.091
6565,254.091
6566,254.091
6567,254.091
6568,254.091
6569,254.091
6570,254.091
6571,254.091
6572,254.091
6573,254.091
6574,254.091
6575,254.091
6576,254.091
6577,254.091
6578,254.091
6579,254.091
6580,254.091
6581,254.091
6582,254.091
6583,254.091
6584,254.091
6585,254.091
6586,254.091
6587,254.091
6588,254.091
6589,254.091
6590,254.091
6591,254.091
6592,254.091
6593,254.091
6594,254.091
6595,254.091
6596,254.091
6597,254.091
6598,254.096
6599,254.096
6600,254.096
6601,254.096
6602,254.096
6603,254.096
6604,254.096
6605,254.096
6606,254.096
6607,254.096
6608,254.096
6609,254.096
6610,254.096
6611,254.096
6612,254.096
6613,254.096
6614,254.096
6615,254.096
6616,254.096
6617,254.096
6618,254.096
6619,254.096
6620,254.096
6621,254.096
6622,254.096
6623,254.096
6624,254.096
6625,254.096
6626,254.096
6627,254.096
6628,254.096
6629,254.096
6630,254.096
6631,254.096
6632,254.096
6633,254.096
6634,254.096
6635,254.096
6636,254.096
6637,254.096
6638,254.096
6639,254.096
6640,254.096
6641,254.096
6642,254.096
6643,254.096
6644,254.096
6645,254.096
6646,254.096
6647,254.096
6648,254.096
6649,254.096
6650,254.096
6651,254.096
6652,254.096
6653,254.096
6654,254.096
6655,254.096
6656,254.096
6657,254.096
6658,254.096
6659,254.096
6660,254.096
6661,254.096
6662,254.096
6663,254.096
6664,254.096
6665,254.096
6666,254.096
6667,254.096
6668,254.096
6669,254.096
6670,254.096
6671,254.096
6672,254.096
6673,254.096
6674,254.096
6675,254.096
6676,254.096
6677,254.096
6678,254.096
6679,254.096
6680,254.096
6681,254.096
6682,254.096
6683,254.096
6684,254.096
6685,254.096
6686,254.096
6687,254.096
6688,254.096
6689,254.096
6690,254.096
6691,254.096
6692,254.096
6693,254.096
6694,254.096
6695,254.096
6696,254.096
6697,254.096
6698,255.009
6699,255.009
6700,255.009
6701,255.009
6702,255.009
6703,255.009
6704,255.009
6705,255.009
6706,255.009
6707,255.009
6708,255.009
6709,255.009
6710,255.009
6711,255.009
6712,255.009
6713,255.009
6714,255.009
6715,255.009
6716,255.009
6717,255.009
6718,255.009
6719,255.009
6720,255.009
6721,255.009
6722,255.009
6723,255.009
6724,255.009
6725,255.009
6726,255.009
6727,255.009
6728,255.009
6729,255.009
6730,255.009
6731,255.009
6732,255.009
6733,255.009
6734,255.009
6735,255.009
6736,255.009
6737,255.009
6738,255.009
6739,255.009
6740,255.009
6741,255.009
6742,255.009
6743,255.009
6744,255.009
6745,255.009
6746,255.009
6747,255.009
6748,255.009
6749,255.009
6750,255.009
6751,255.009
6752,255.009
6753,255.009
6754,255.009
6755,255.009
6756,255.009
6757,255.009
6758,255.009
6759,255.009
6760,255.009
6761,255.009
6762,255.009
6763,255.009
6764,255.009
6765,255.009
6766,255.009
6767,255.009
6768,255.009
6769,255.009
6770,255.009
6771,255.009
6772,255.009
6773,255.009
6774,255.009
6775,255.009
6776,255.009
6777,255.009
6778,255.009
6779,255.009
6780,255.009
6781,255.009
6782,255.009
6783,255.009
6784,255.009
6785,255.009
6786,255.009
6787,255.009
6788,255.009
6789,255.009
6790,255.009
6791,255.009
6792,255.009
6793,255.009
6794,255.009
6795,255.009
6796,255.009
6797,255.009
6798,254.957
6799,254.957
6800,254.957
6801,254.957
6802,254.957
6803,254.957
6804,254.957
6805,254.957
6806,254.957
6807,254.957
6808,254.957
6809,254.957
6810,254.957
6811,254.957
6812,254.957
6813,254.957
6814,254.957
6815,254.957
6816,254.957
6817,254.957
6818,254.957
6819,254.957
6820,254.957
6821,254.957
6822,254.957
6823,254.957
6824,254.957
6825,254.957
6826,254.957
6827,254.957
6828,254.957
6829,254.957
6830,254.957
6831,254.957
6832,254.957
6833,254.957
6834,254.957
6835,254.957
6836,254.957
6837,254.957
6838,254.957
6839,254.957
6840,254.957
6841,254.957
6842,254.957
6843,254.957
6844,254.957
6845,254.957
6846,254.957
6847,254.957
6848,254.957
6849,254.957
6850,254.957
6851,254.957
6852,254.957
6853,254.957
6854,254.957
6855,254.957
6856,254.957
6857,254.957
6858,254.957
6859,254.957
6860,254.957
6861,254.957
6862,254.957
6863,254.957
6864,254.957
6865,254.957
6866,254.957
6867,254.957
6868,254.957
6869,254.957
6870,254.957
6871,254.957
6872,254.957
6873,254.957
6874,254.957
6875,254.957
6876,254.957
6877,254.957
6878,254.957
6879,254.957
6880,254.957
6881,254.957
6882,254.957
6883,254.957
6884,254.957
6885,254.957
6886,254.957
6887,254.957
6888,254.957
6889,254.957
6890,254.957
6891,254.957
6892,254.957
6893,254.957
6894,254.957
6895,254.957
6896,254.957
6897,254.957
6898,254.169
6899,254.169
6900,254.169
6901,254.169
6902,254.169
6903,254.169
6904,254.169
6905,254.169
6906,254.169
6907,254.169
6908,254.169
6909,254.169
6910,254.169
6911,254.169
6912,254.169
6913,254.169
6914,254.169
6915,254.169
6916,254.169
6917,254.169
6918,254.169
6919,254.169
6920,254.169
6921,254.169
6922,254.169
6923,254.169
6924,254.169
6925,254.169
6926,254.169
6927,254.169
6928,254.169
6929,254.169
6930,254.169
6931,254.169
6932,254.169
6933,254.169
6934,254.169
6935,254.169
6936,254.169
6937,254.169
6938,254.169
6939,254.169
6940,254.169
6941,254.169
6942,254.169
6943,254.169
6944,254.169
6945,254.169
6946,254.169
6947,254.169
6948,254.169
6949,254.169
6950,254.169
6951,254.169
6952,254.169
6953,254.169
6954,254.169
6955,254.169
6956,254.169
6957,254.169
6958,254.169
6959,254.169
6960,254.169
6961,254.169
6962,254.169
6963,254.169
6964,254.169
6965,254.169
6966,254.169
6967,254.169
6968,254.169
6969,254.169
6970,254.169
6971,254.169
6972,254.169
6973,254.169
6974,254.169
6975,254.169
6976,254.169
6977,254.169
6978,254.169
6979,254.169
6980,254.169
6981,254.169
6982,254.169
6983,254.169
6984,254.169
6985,254.169
6986,254.169
6987,254.169
6988,254.169
6989,254.169
6990,254.169
6991,254.169
6992,254.169
6993,254.169
6994,254.169
6995,254.169
6996,254.169
6997,254.169
6998,252.666
6999,252.666
7000,252.666
7001,252.666
7002,252.666
7003,252.666
7004,252.666
7005,252.666
7006,252.666
7007,252.666
7008,252.666
7009,252.666
7010,252.666
7011,252.666
7012,252.666
7013,252.666
7014,252.666
7015,252.666
7016,252.666
7017,252.666
7018,252.666
7019,252.666
7020,252.666
7021,252.666
7022,252.666
7023,252.666
7024,252.666
7025,252.666
7026,252.666
7027,252.666
7028,252.666
7029,252.666
7030,252.666
7031,252.666
7032,252.666
7033,252.666
7034,252.666
7035,252.666
7036,252.666
7037,252.666
7038,252.666
7039,252.666
7040,252.666
7041,252.666
7042,252.666
7043,252.666
7044,252.666
7045,252.666
7046,252.666
7047,252.666
7048,252.666
7049,252.666
7050,252.666
7051,252.666
7052,252.666
7053,252.666
7054,252.666
7055,252.666
7056,252.666
7057,252.666
7058,252.666
7059,252.666
7060,252.666
7061,252.666
7062,252.666
7063,252.666
7064,252.666
7065,252.666
7066,252.666
7067,252.666
7068,252.666
7069,252.666
7070,252.666
7071,252.666
7072,252.666
7073,252.666
7074,252.666
7075,252.666
7076,252.666
7077,252.666
7078,252.666
7079,252.666
7080,252.666
7081,252.666
7082,252.666
7083,252.666
7084,252.666
7085,252.666
7086,252.666
7087,252.666
7088,252.666
7089,252.666
7090,252.666
7091,252.666
7092,252.666
7093,252.666
7094,252.666
7095,252.666
7096,252.666
7097,252.666
7098,252.566
7099,252.566
7100,252.566
7101,252.566
7102,252.566
7103,252.566
7104,252.566
7105,252.566
7106,252.566
7107,252.566
7108,252.566
7109,252.566
7110,252.566
7111,252.566
7112,252.566
7113,252.566
7114,252.566
7115,252.566
7116,252.566
7117,252.566
7118,252.566
7119,252.566
7120,252.566
7121,252.566
7122,252.566
7123,252.566
7124,252.566
7125,252.566
7126,252.566
7127,252.566
7128,252.566
7129,252.566
7130,252.566
7131,252.566
7132,252.566
7133,252.566
7134,252.566
7135,252.566
7136,252.566
7137,252.566
7138,252.566
7139,252.566
7140,252.566
7141,252.566
7142,252.566
7143,252.566
7144,252.566
7145,252.566
7146,252.566
7147,252.566
7148,252.566
7149,252.566
7150,252.566
7151,252.566
7152,252.566
7153,252.566
7154,252.566
7155,252.566
7156,252.566
7157,252.566
7158,252.566
7159,252.566
7160,252.566
7161,252.566
7162,252.566
7163,252.566
7164,252.566
7165,252.566
7166,252.566
7167,252.566
7168,252.566
7169,252.566
7170,252.566
7171,252.566
7172,252.566
7173,252.566
7174,252.566
7175,252.566
7176,252.566
7177,252.566
7178,252.566
7179,252.566
7180,252.566
7181,252.566
7182,252.566
7183,252.566
7184,252.566
7185,252.566
7186,252.566
7187,252.566
7188,252.566
7189,252.566
7190,252.566
7191,252.566
7192,252.566
7193,252.566
7194,252.566
7195,252.566
7196,252.566
7197,252.566
7198,252.016
7199,252.016
7200,252.016
7201,252.016
7202,252.016
7203,252.016
7204,252.016
7205,252.016
7206,252.016
7207,252.016
7208,252.016
7209,252.016
7210,252.016
7211,252.016
7212,252.016
7213,252.016
7214,252.016
7215,252.016
7216,252.016
7217,252.016
7218,252.016
7219,252.016
7220,252.016
7221,252.016
7222,252.016
7223,252.016
7224,252.016
7225,252.016
7226,252.016
7227,252.016
7228,252.016
7229,252.016
7230,252.016
7231,252.016
7232,252.016
7233,252.016
7234,252.016
7235,252.016
7236,252.016
7237,252.016
7238,252.016
7239,252.016
7240,252.016
7241,252.016
7242,252.016
7243,252.016
7244,252.016
7245,252.016
7246,252.016
7247,252.016
7248,252.016
7249,252.016
7250,252.016
7251,252.016
7252,252.016
7253,252.016
7254,252.016
7255,252.016
7256,252.016
7257,252.016
7258,252.016
7259,252.016
7260,252.016
7261,252.016
7262,252.016
7263,252.016
7264,252.016
7265,252.016
7266,252.016
7267,252.016
7268,252.016
7269,252.016
7270,252.016
7271,252.016
7272,252.016
7273,252.016
7274,252.016
7275,252.016
7276,252.016
7277,252.016
7278,252.016
7279,252.016
7280,252.016
7281,252.016
7282,252.016
7283,252.016
7284,252.016
7285,252.016
7286,252.016
7287,252.016
7288,252.016
7289,252.016
7290,252.016
7291,252.016
7292,252.016
7293,252.016
7294,252.016
7295,252.016
7296,252.016
7297,252.016
7298,251.842
7299,251.842
7300,251.842
7301,251.842
7302,251.842
7303,251.842
7304,251.842
7305,251.842
7306,251.842
7307,251.842
7308,251.842
7309,251.842
7310,251.842
7311,251.842
7312,251.842
7313,251.842
7314,251.842
7315,251.842
7316,251.842
7317,251.842
7318,251.842
7319,251.842
7320,251.842
7321,251.842
7322,251.842
7323,251.842
7324,251.842
7325,251.842
7326,251.842
7327,251.842
7328,251.842
7329,251.842
7330,251.842
7331,251.842
7332,251.842
7333,251.842
7334,251.842
7335,251.842
7336,251.842
7337,251.842
7338,251.842
7339,251.842
7340,251.842
7341,251.842
7342,251.842
7343,251.842
7344,251.842
7345,251.842
7346,251.842
7347,251.842
7348,251.842
7349,251.842
7350,251.842
7351,251.842
7352,251.842
7353,251.842
7354,251.842
7355,251.842
7356,251.842
7357,251.842
7358,251.842
7359,251.842
7360,251.842
7361,251.842
7362,251.842
7363,251.842
7364,251.842
7365,251.842
7366,251.842
7367,251.842
7368,251.842
7369,251.842
7370,251.842
7371,251.842
7372,251.842
7373,251.842
7374,251.842
7375,251.842
7376,251.842
7377,251.842
7378,251.842
7379,251.842
7380,251.842
7381,251.842
7382,251.842
7383,251.842
7384,251.842
7385,251.842
7386,251.842
7387,251.842
7388,251.842
7389,251.842
7390,251.842
7391,251.842
7392,251.842
7393,251.842
7394,251.842
7395,251.842
7396,251.842
7397,251.842
7398,251.878
7399,251.878
7400,251.878
7401,251.878
7402,251.878
7403,251.878
7404,251.878
7405,251.878
7406,251.878
7407,251.878
7408,251.878
7409,251.878
7410,251.878
7411,251.878
7412,251.878
7413,251.878
7414,251.878
7415,251.878
7416,251.878
7417,251.878
7418,251.878
7419,251.878
7420,251.878
7421,251.878
7422,251.878
7423,251.878
7424,251.878
7425,251.878
7426,251.878
7427,251.878
7428,251.878
7429,251.878
7430,251.878
7431,251.878
7432,251.878
7433,251.878
7434,251.878
7435,251.878
7436,251.878
7437,251.878
7438,251.878
7439,251.878
7440,251.878
7441,251.878
7442,251.878
7443,251.878
7444,251.878
7445,251.878
7446,251.878
7447,251.878
7448,251.878
7449,251.878
7450,251.878
7451,251.878
7452,251.878
7453,251.878
7454,251.878
7455,251.878
7456,251.878
7457,251.878
7458,251.878
7459,251.878
7460,251.878
7461,251.878
7462,251.878
7463,251.878
7464,251.878
7465,251.878
7466,251.878
7467,251.878
7468,251.878
7469,251.878
7470,251.878
7471,251.878
7472,251.878
7473,251.878
7474,251.878
7475,251.878
7476,251.878
7477,251.878
7478,251.878
7479,251.878
7480,251.878
7481,251.878
7482,251.878
7483,251.878
7484,251.878
7485,251.878
7486,251.878
7487,251.878
7488,251.878
7489,251.878
7490,251.878
7491,251.878
7492,251.878
7493,251.878
7494,251.878
7495,251.878
7496,251.878
7497,251.878
7498,251.441
7499,251.441
7500,251.441
7501,251.441
7502,251.441
7503,251.441
7504,251.441
7505,251.441
7506,251.441
7507,251.441
7508,251.441
7509,251.441
7510,251.441
7511,251.441
7512,251.441
7513,251.441
7514,251.441
7515,251.441
7516,251.441
7517,251.441
7518,251.441
7519,251.441
7520,251.441
7521,251.441
7522,251.441
7523,251.441
7524,251.441
7525,251.441
7526,251.441
7527,251.441
7528,251.441
7529,251.441
7530,251.441
7531,251.441
7532,251.441
7533,251.441
7534,251.441
7535,251.441
7536,251.441
7537,251.441
7538,251.441
7539,251.441
7540,251.441
7541,251.441
7542,251.441
7543,251.441
7544,251.441
7545,251.441
7546,251.441
7547,251.441
7548,251.441
7549,251.441
7550,251.441
7551,251.441
7552,251.441
7553,251.441
7554,251.441
7555,251.441
7556,251.441
7557,251.441
7558,251.441
7559,251.441
7560,251.441
7561,251.441
7562,251.441
7563,251.441
7564,251.441
7565,251.441
7566,251.441
7567,251.441
7568,251.441
7569,251.441
7570,251.441
7571,251.441
7572,251.441
7573,251.441
7574,251.441
7575,251.441
7576,251.441
7577,251.441
7578,251.441
7579,251.441
7580,251.441
7581,251.441
7582,251.441
7583,251.441
7584,251.441
7585,251.441
7586,251.441
7587,251.441
7588,251.441
7589,251.441
7590,251.441
7591,251.441
7592,251.441
7593,251.441
7594,251.441
7595,251.441
7596,251.441
7597,251.441
7598,251.543
7599,251.543
7600,251.543
7601,251.543
7602,251.543
7603,251.543
7604,251.543
7605,251.543
7606,251.543
7607,251.543
7608,251.543
7609,251.543
7610,251.543
7611,251.543
7612,251.543
7613,251.543
7614,251.543
7615,251.543
7616,251.543
7617,251.543
7618,251.543
7619,251.543
7620,251.543
7621,251.543
7622,251.543
7623,251.543
7624,251.543
7625,251.543
7626,251.543
7627,251.543
7628,251.543
7629,251.543
7630,251.543
7631,251.543
7632,251.543
7633,251.543
7634,251.543
7635,251.543
7636,251.543
7637,251.543
7638,251.543
7639,251.543
7640,251.543
7641,251.543
7642,251.543
7643,251.543
7644,251.543
7645,251.543
7646,251.543
7647,251.543
7648,251.543
7649,251.543
7650,251.543
7651,251.543
7652,251.543
7653,251.543
7654,251.543
7655,251.543
7656,251.543
7657,251.543
7658,251.543
7659,251.543
7660,251.543
7661,251.543
7662,251.543
7663,251.543
7664,251.543
7665,251.543
7666,251.543
7667,251.543
7668,251.543
7669,251.543
7670,251.543
7671,251.543
7672,251.543
7673,251.543
7674,251.543
7675,251.543
7676,251.543
7677,251.543
7678,251.543
7679,251.543
7680,251.543
7681,251.543
7682,251.543
7683,251.543
7684,251.543
7685,251.543
7686,251.543
7687,251.543
7688,251.543
7689,251.543
7690,251.543
7691,251.543
7692,251.543
7693,251.543
7694,251.543
7695,251.543
7696,251.543
7697,251.543
7698,250.56
7699,250.56
7700,250.56
7701,250.56
7702,250.56
7703,250.56
7704,250.56
7705,250.56
7706,250.56
7707,250.56
7708,250.56
7709,250.56
7710,250.56
7711,250.56
7712,250.56
7713,250.56
7714,250.56
7715,250.56
7716,250.56
7717,250.56
7718,250.56
7719,250.56
7720,250.56
7721,250.56
7722,250.56
7723,250.56
7724,250.56
7725,250.56
7726,250.56
7727,250.56
7728,250.56
7729,250.56
7730,250.56
7731,250.56
7732,250.56
7733,250.56
7734,250.56
7735,250.56
7736,250.56
7737,250.56
7738,250.56
7739,250.56
7740,250.56
7741,250.56
7742,250.56
7743,250.56
7744,250.56
7745,250.56
7746,250.56
7747,250.56
7748,250.56
7749,250.56
7750,250.56
7751,250.56
7752,250.56
7753,250.56
7754,250.56
7755,250.56
7756,250.56
7757,250.56
7758,250.56
7759,250.56
7760,250.56
7761,250.56
7762,250.56
7763,250.56
7764,250.56
7765,250.56
7766,250.56
7767,250.56
7768,250.56
7769,250.56
7770,250.56
7771,250.56
7772,250.56
7773,250.56
7774,250.56
7775,250.56
7776,250.56
7777,250.56
7778,250.56
7779,250.56
7780,250.56
7781,250.56
7782,250.56
7783,250.56
7784,250.56
7785,250.56
7786,250.56
7787,250.56
7788,250.56
7789,250.56
7790,250.56
7791,250.56
7792,250.56
7793,250.56
7794,250.56
7795,250.56
7796,250.56
7797,250.56
7798,250.425
7799,250.425
7800,250.425
7801,250.425
7802,250.425
7803,250.425
7804,250.425
7805,250.425
7806,250.425
7807,250.425
7808,250.425
7809,250.425
7810,250.425
7811,250.425
7812,250.425
7813,250.425
7814,250.425
7815,250.425
7816,250.425
7817,250.425
7818,250.425
7819,250.425
7820,250.425
7821,250.425
7822,250.425
7823,250.425
7824,250.425
7825,250.425
7826,250.425
7827,250.425
7828,250.425
7829,250.425
7830,250.425
7831,250.425
7832,250.425
7833,250.425
7834,250.425
7835,250.425
7836,250.425
7837,250.425
7838,250.425
7839,250.425
7840,250.425
7841,250.425
7842,250.425
7843,250.425
7844,250.425
7845,250.425
7846,250.425
7847,250.425
7848,250.425
7849,250.425
7850,250.425
7851,250.425
7852,250.425
7853,250.425
7854,250.425
7855,250.425
7856,250.425
7857,250.425
7858,250.425
7859,250.425
7860,250.425
7861,250.425
7862,250.425
7863,250.425
7864,250.425
7865,250.425
7866,250.425
7867,250.425
7868,250.425
7869,250.425
7870,250.425
7871,250.425
7872,250.425
7873,250.425
7874,250.425
7875,250.425
7876,250.425
7877,250.425
7878,250.425
7879,250.425
7880,250.425
7881,250.425
7882,250.425
7883,250.425
7884,250.425
7885,250.425
7886,250.425
7887,250.425
7888,250.425
7889,250.425
7890,250.425
7891,250.425
7892,250.425
7893,250.425
7894,250.425
7895,250.425
7896,250.425
7897,250.425
7898,250.933
7899,250.933
7900,250.933
7901,250.933
7902,250.933
7903,250.933
7904,250.933
7905,250.933
7906,250.933
7907,250.933
7908,250.933
7909,250.933
7910,250.933
7911,250.933
7912,250.933
7913,250.933
7914,250.933
7915,250.933
7916,250.933
7917,250.933
7918,250.933
7919,250.933
7920,250.933
7921,250.933
7922,250.933
7923,250.933
7924,250.933
7925,250.933
7926,250.933
7927,250.933
7928,250.933
7929,250.933
7930,250.933
7931,250.933
7932,250.933
7933,250.933
7934,250.933
7935,250.933
7936,250.933
7937,250.933
7938,250.933
7939,250.933
7940,250.933
7941,250.933
7942,250.933
7943,250.933
7944,250.933
7945,250.933
7946,250.933
7947,250.933
7948,250.933
7949,250.933
7950,250.933
7951,250.933
7952,250.933
7953,250.933
7954,250.933
7955,250.933
7956,250.933
7957,250.933
7958,250.933
7959,250.933
7960,250.933
7961,250.933
7962,250.933
7963,250.933
7964,250.933
7965,250.933
7966,250.933
7967,250.933
7968,250.933
7969,250.933
7970,250.933
7971,250.933
7972,250.933
7973,250.933
7974,250.933
7975,250.933
7976,250.933
7977,250.933
7978,250.933
7979,250.933
7980,250.933
7981,250.933
7982,250.933
7983,250.933
7984,250.933
7985,250.933
7986,250.933
7987,250.933
7988,250.933
7989,250.933
7990,250.933
7991,250.933
7992,250.933
7993,250.933
7994,250.933
7995,250.933
7996,250.933
7997,250.933
7998,252.296
7999,252.296
8000,252.296
8001,252.296
8002,252.296
8003,252.296
8004,252.296
8005,252.296
8006,252.296
8007,252.296
8008,252.296
8009,252.296
8010,252.296
8011,252.296
8012,252.296
8013,252.296
8014,252.296
8015,252.296
8016,252.296
8017,252.296
8018,252.296
8019,252.296
8020,252.296
8021,252.296
8022,252.296
8023,252.296
8024,252.296
8025,252.296
8026,252.296
8027,252.296
8028,252.296
8029,252.296
8030,252.296
8031,252.296
8032,252.296
8033,252.296
8034,252.296
8035,252.296
8036,252.296
8037,252.296
8038,252.296
8039,252.296
8040,252.296
8041,252.296
8042,252.296
8043,252.296
8044,252.296
8045,252.296
8046,252.296
8047,252.296
8048,252.296
8049,252.296
8050,252.296
8051,252.296
8052,252.296
8053,252.296
8054,252.296
8055,252.296
8056,252.296
8057,252.296
8058,252.296
8059,252.296
8060,252.296
8061,252.296
8062,252.296
8063,252.296
8064,252.296
8065,252.296
8066,252.296
8067,252.296
8068,252.296
8069,252.296
8070,252.296
8071,252.296
8072,252.296
8073,252.296
8074,252.296
8075,252.296
8076,252.296
8077,252.296
8078,252.296
8079,252.296
8080,252.296
8081,252.296
8082,252.296
8083,252.296
8084,252.296
8085,252.296
8086,252.296
8087,252.296
8088,252.296
8089,252.296
8090,252.296
8091,252.296
8092,252.296
8093,252.296
8094,252.296
8095,252.296
8096,252.296
8097,252.296
8098,252.299
8099,252.299
8100,252.299
8101,252.299
8102,252.299
8103,252.299
8104,252.299
8105,252.299
8106,252.299
8107,252.299
8108,252.299
8109,252.299
8110,252.299
8111,252.299
8112,252.299
8113,252.299
8114,252.299
8115,252.299
8116,252.299
8117,252.299
8118,252.299
8119,252.299
8120,252.299
8121,252.299
8122,252.299
8123,252.299
8124,252.299
8125,252.299
8126,252.299
8127,252.299
8128,252.299
8129,252.299
8130,252.299
8131,252.299
8132,252.299
8133,252.299
8134,252.299
8135,252.299
8136,252.299
8137,252.299
8138,252.299
8139,252.299
8140,252.299
8141,252.299
8142,252.299
8143,252.299
8144,252.299
8145,252.299
8146,252.299
8147,252.299
8148,252.299
8149,252.299
8150,252.299
8151,252.299
8152,252.299
8153,252.299
8154,252.299
8155,252.299
8156,252.299
8157,252.299
8158,252.299
8159,252.299
8160,252.299
8161,252.299
8162,252.299
8163,252.299
8164,252.299
8165,252.299
8166,252.299
8167,252.299
8168,252.299
8169,252.299
8170,252.299
8171,252.299
8172,252.299
8173,252.299
8174,252.299
8175,252.299
8176,252.299
8177,252.299
8178,252.299
8179,252.299
8180,252.299
8181,252.299
8182,252.299
8183,252.299
8184,252.299
8185,252.299
8186,252.299
8187,252.299
8188,252.299
8189,252.299
8190,252.299
8191,252.299
8192,252.299
8193,252.299
8194,252.299
8195,252.299
8196,252.299
8197,252.299
8198,252.815
8199,252.815
8200,252.815
8201,252.815
8202,252.815
8203,252.815
8204,252.815
8205,252.815
8206,252.815
8207,252.815
8208,252.815
8209,252.815
8210,252.815
8211,252.815
8212,252.815
8213,252.815
8214,252.815
8215,252.815
8216,252.815
8217,252.815
8218,252.815
8219,252.815
8220,252.815
8221,252.815
8222,252.815
8223,252.815
8224,252.815
8225,252.815
8226,252.815
8227,252.815
8228,252.815
8229,252.815
8230,252.815
8231,252.815
8232,252.815
8233,252.815
8234,252.815
8235,252.815
8236,252.815
8237,252.815
8238,252.815
8239,252.815
8240,252.815
8241,252.815
8242,252.815
8243,252.815
8244,252.815
8245,252.815
8246,252.815
8247,252.815
8248,252.815
8249,252.815
8250,252.815
8251,252.815
8252,252.815
8253,252.815
8254,252.815
8255,252.815
8256,252.815
8257,252.815
8258,252.815
8259,252.815
8260,252.815
8261,252.815
8262,252.815
8263,252.815
8264,252.815
8265,252.815
8266,252.815
8267,252.815
8268,252.815
8269,252.815
8270,252.815
8271,252.815
8272,252.815
8273,252.815
8274,252.815
8275,252.815
8276,252.815
8277,252.815
8278,252.815
8279,252.815
8280,252.815
8281,252.815
8282,252.815
8283,252.815
8284,252.815
8285,252.815
8286,252.815
8287,252.815
8288,252.815
8289,252.815
8290,252.815
8291,252.815
8292,252.815
8293,252.815
8294,252.815
8295,252.815
8296,252.815
8297,252.815
8298,252.253
8299,252.253
8300,252.253
8301,252.253
8302,252.253
8303,252.253
8304,252.253
8305,252.253
8306,252.253
8307,252.253
8308,252.253
8309,252.253
8310,252.253
8311,252.253
8312,252.253
8313,252.253
8314,252.253
8315,252.253
8316,252.253
8317,252.253
8318,252.253
8319,252.253
8320,252.253
8321,252.253
8322,252.253
8323,252.253
8324,252.253
8325,252.253
8326,252.253
8327,252.253
8328,252.253
8329,252.253
8330,252.253
8331,252.253
8332,252.253
8333,252.253
8334,252.253
8335,252.253
8336,252.253
8337,252.253
8338,252.253
8339,252.253
8340,252.253
8341,252.253
8342,252.253
8343,252.253
8344,252.253
8345,252.253
8346,252.253
8347,252.253
8348,252.253
8349,252.253
8350,252.253
8351,252.253
8352,252.253
8353,252.253
8354,252.253
8355,252.253
8356,252.253
8357,252.253
8358,252.253
8359,252.253
8360,252.253
8361,252.253
8362,252.253
8363,252.253
8364,252.253
8365,252.253
8366,252.253
8367,252.253
8368,252.253
8369,252.253
8370,252.253
8371,252.253
8372,252.253
8373,252.253
8374,252.253
8375,252.253
8376,252.253
8377,252.253
8378,252.253
8379,252.253
8380,252.253
8381,252.253
8382,252.253
8383,252.253
8384,252.253
8385,252.253
8386,252.253
8387,252.253
8388,252.253
8389,252.253
8390,252.253
8391,252.253
8392,252.253
8393,252.253
8394,252.253
8395,252.253
8396,252.253
8397,252.253
8398,252.274
8399,252.274
8400,252.274
8401,252.274
8402,252.274
8403,252.274
8404,252.274
8405,252.274
8406,252.274
8407,252.274
8408,252.274
8409,252.274
8410,252.274
8411,252.274
8412,252.274
8413,252.274
8414,252.274
8415,252.274
8416,252.274
8417,252.274
8418,252.274
8419,252.274
8420,252.274
8421,252.274
8422,252.274
8423,252.274
8424,252.274
8425,252.274
8426,252.274
8427,252.274
8428,252.274
8429,252.274
8430,252.274
8431,252.274
8432,252.274
8433,252.274
8434,252.274
8435,252.274
8436,252.274
8437,252.274
8438,252.274
8439,252.274
8440,252.274
8441,252.274
8442,252.274
8443,252.274
8444,252.274
8445,252.274
8446,252.274
8447,252.274
8448,252.274
8449,252.274
8450,252.274
8451,252.274
8452,252.274
8453,252.274
8454,252.274
8455,252.274
8456,252.274
8457,252.274
8458,252.274
8459,252.274
8460,252.274
8461,252.274
8462,252.274
8463,252.274
8464,252.274
8465,252.274
8466,252.274
8467,252.274
8468,252.274
8469,252.274
8470,252.274
8471,252.274
8472,252.274
8473,252.274
8474,252.274
8475,252.274
8476,252.274
8477,252.274
8478,252.274
8479,252.274
8480,252.274
8481,252.274
8482,252.274
8483,252.274
8484,252.274
8485,252.274
8486,252.274
8487,252.274
8488,252.274
8489,252.274
8490,252.274
8491,252.274
8492,252.274
8493,252.274
8494,252.274
8495,252.274
8496,252.274
8497,252.274
8498,252.528
8499,252.528
8500,252.528
8501,252.528
8502,252.528
8503,252.528
8504,252.528
8505,252.528
8506,252.528
8507,252.528
8508,252.528
8509,252.528
8510,252.528
8511,252.528
8512,252.528
8513,252.528
8514,252.528
8515,252.528
8516,252.528
8517,252.528
8518,252.528
8519,252.528
8520,252.528
8521,252.528
8522,252.528
8523,252.528
8524,252.528
8525,252.528
8526,252.528
8527,252.528
8528,252.528
8529,252.528
8530,252.528
8531,252.528
8532,252.528
8533,252.528
8534,252.528
8535,252.528
8536,252.528
8537,252.528
8538,252.528
8539,252.528
8540,252.528
8541,252.528
8542,252.528
8543,252.528
8544,252.528
8545,252.528
8546,252.528
8547,252.528
8548,252.528
8549,252.528
8550,252.528
8551,252.528
8552,252.528
8553,252.528
8554,252.528
8555,252.528
8556,252.528
8557,252.528
8558,252.528
8559,252.528
8560,252.528
8561,252.528
8562,252.528
8563,252.528
8564,252.528
8565,252.528
8566,252.528
8567,252.528
8568,252.528
8569,252.528
8570,252.528
8571,252.528
8572,252.528
8573,252.528
8574,252.528
8575,252.528
8576,252.528
8577,252.528
8578,252.528
8579,252.528
8580,252.528
8581,252.528
8582,252.528
8583,252.528
8584,252.528
8585,252.528
8586,252.528
8587,252.528
8588,252.528
8589,252.528
8590,252.528
8591,252.528
8592,252.528
8593,252.528
8594,252.528
8595,252.528
8596,252.528
8597,252.528
8598,251.882
8599,251.882
8600,251.882
8601,251.882
8602,251.882
8603,251.882
8604,251.882
8605,251.882
8606,251.882
8607,251.882
8608,251.882
8609,251.882
8610,251.882
8611,251.882
8612,251.882
8613,251.882
8614,251.882
8615,251.882
8616,251.882
8617,251.882
8618,251.882
8619,251.882
8620,251.882
8621,251.882
8622,251.882
8623,251.882
8624,251.882
8625,251.882
8626,251.882
8627,251.882
8628,251.882
8629,251.882
8630,251.882
8631,251.882
8632,251.882
8633,251.882
8634,251.882
8635,251.882
8636,251.882
8637,251.882
8638,251.882
8639,251.882
8640,251.882
8641,251.882
8642,251.882
8643,251.882
8644,251.882
8645,251.882
8646,251.882
8647,251.882
8648,251.882
8649,251.882
8650,251.882
8651,251.882
8652,251.882
8653,251.882
8654,251.882
8655,251.882
8656,251.882
8657,251.882
8658,251.882
8659,251.882
8660,251.882
8661,251.882
8662,251.882
8663,251.882
8664,251.882
8665,251.882
8666,251.882
8667,251.882
8668,251.882
8669,251.882
8670,251.882
8671,251.882
8672,251.882
8673,251.882
8674,251.882
8675,251.882
8676,251.882
8677,251.882
8678,251.882
8679,251.882
8680,251.882
8681,251.882
8682,251.882
8683,251.882
8684,251.882
8685,251.882
8686,251.882
8687,251.882
8688,251.882
8689,251.882
8690,251.882
8691,251.882
8692,251.882
8693,251.882
8694,251.882
8695,251.882
8696,251.882
8697,251.882
8698,251.975
8699,251.975
8700,251.975
8701,251.975
8702,251.975
8703,251.975
8704,251.975
8705,251.975
8706,251.975
8707,251.975
8708,251.975
8709,251.975
8710,251.975
8711,251.975
8712,251.975
8713,251.975
8714,251.975
8715,251.975
8716,251.975
8717,251.975
8718,251.975
8719,251.975
8720,251.975
8721,251.975
8722,251.975
8723,251.975
8724,251.975
8725,251.975
8726,251.975
8727,251.975
8728,251.975
8729,251.975
8730,251.975
8731,251.975
8732,251.975
8733,251.975
8734,251.975
8735,251.975
8736,251.975
8737,251.975
8738,251.975
8739,251.975
8740,251.975
8741,251.975
8742,251.975
8743,251.975
8744,251.975
8745,251.975
8746,251.975
8747,251.975
8748,251.975
8749,251.975
8750,251.975
8751,251.975
8752,251.975
8753,251.975
8754,251.975
8755,251.975
8756,251.975
8757,251.975
8758,251.975
8759,251.975
8760,251.975
8761,251.975
8762,251.975
8763,251.975
8764,251.975
8765,251.975
8766,251.975
8767,251.975
8768,251.975
8769,251.975
8770,251.975
8771,251.975
8772,251.975
8773,251.975
8774,251.975
8775,251.975
8776,251.975
8777,251.975
8778,251.975
8779,251.975
8780,251.975
8781,251.975
8782,251.975
8783,251.975
8784,251.975
8785,251.975
8786,251.975
8787,251.975
8788,251.975
8789,251.975
8790,251.975
8791,251.975
8792,251.975
8793,251.975
8794,251.975
8795,251.975
8796,251.975
8797,251.975
8798,251.875
8799,251.875
8800,251.875
8801,251.875
8802,251.875
8803,251.875
8804,251.875
8805,251.875
8806,251.875
8807,251.875
8808,251.875
8809,251.875
8810,251.875
8811,251.875
8812,251.875
8813,251.875
8814,251.875
8815,251.875
8816,251.875
8817,251.875
8818,251.875
8819,251.875
8820,251.875
8821,251.875
8822,251.875
8823,251.875
8824,251.875
8825,251.875
8826,251.875
8827,251.875
8828,251.875
8829,251.875
8830,251.875
8831,251.875
8832,251.875
8833,251.875
8834,251.875
8835,251.875
8836,251.875
8837,251.875
8838,251.875
8839,251.875
8840,251.875
8841,251.875
8842,251.875
8843,251.875
8844,251.875
8845,251.875
8846,251.875
8847,251.875
8848,251.875
8849,251.875
8850,251.875
8851,251.875
8852,251.875
8853,251.875
8854,251.875
8855,251.875
8856,251.875
8857,251.875
8858,251.875
8859,251.875
8860,251.875
8861,251.875
8862,251.875
8863,251.875
8864,251.875
8865,251.875
8866,251.875
8867,251.875
8868,251.875
8869,251.875
8870,251.875
8871,251.875
8872,251.875
8873,251.875
8874,251.875
8875,251.875
8876,251.875
8877,251.875
8878,251.875
8879,251.875
8880,251.875
8881,251.875
8882,251.875
8883,251.875
8884,251.875
8885,251.875
8886,251.875
8887,251.875
8888,251.875
8889,251.875
8890,251.875
8891,251.875
8892,251.875
8893,251.875
8894,251.875
8895,251.875
8896,251.875
8897,251.875
8898,252.07
8899,252.07
8900,252.07
8901,252.07
8902,252.07
8903,252.07
8904,252.07
8905,252.07
8906,252.07
8907,252.07
8908,252.07
8909,252.07
8910,252.07
8911,252.07
8912,252.07
8913,252.07
8914,252.07
8915,252.07
8916,252.07
8917,252.07
8918,252.07
8919,252.07
8920,252.07
8921,252.07
8922,252.07
8923,252.07
8924,252.07
8925,252.07
8926,252.07
8927,252.07
8928,252.07
8929,252.07
8930,252.07
8931,252.07
8932,252.07
8933,252.07
8934,252.07
8935,252.07
8936,252.07
8937,252.07
8938,252.07
8939,252.07
8940,252.07
8941,252.07
8942,252.07
8943,252.07
8944,252.07
8945,252.07
8946,252.07
8947,252.07
8948,252.07
8949,252.07
8950,252.07
8951,252.07
8952,252.07
8953,252.07
8954,252.07
8955,252.07
8956,252.07
8957,252.07
8958,252.07
8959,252.07
8960,252.07
8961,252.07
8962,252.07
8963,252.07
8964,252.07
8965,252.07
8966,252.07
8967,252.07
8968,252.07
8969,252.07
8970,252.07
8971,252.07
8972,252.07
8973,252.07
8974,252.07
8975,252.07
8976,252.07
8977,252.07
8978,252.07
8979,252.07
8980,252.07
8981,252.07
8982,252.07
8983,252.07
8984,252.07
8985,252.07
8986,252.07
8987,252.07
8988,252.07
8989,252.07
8990,252.07
8991,252.07
8992,252.07
8993,252.07
8994,252.07
8995,252.07
8996,252.07
8997,252.07
8998,252.044
8999,252.044
9000,252.044
9001,252.044
9002,252.044
9003,252.044
9004,252.044
9005,252.044
9006,252.044
9007,252.044
9008,252.044
9009,252.044
9010,252.044
9011,252.044
9012,252.044
9013,252.044
9014,252.044
9015,252.044
9016,252.044
9017,252.044
9018,252.044
9019,252.044
9020,252.044
9021,252.044
9022,252.044
9023,252.044
9024,252.044
9025,252.044
9026,252.044
9027,252.044
9028,252.044
9029,252.044
9030,252.044
9031,252.044
9032,252.044
9033,252.044
9034,252.044
9035,252.044
9036,252.044
9037,252.044
9038,252.044
9039,252.044
9040,252.044
9041,252.044
9042,252.044
9043,252.044
9044,252.044
9045,252.044
9046,252.044
9047,252.044
9048,252.044
9049,252.044
9050,252.044
9051,252.044
9052,252.044
9053,252.044
9054,252.044
9055,252.044
9056,252.044
9057,252.044
9058,252.044
9059,252.044
9060,252.044
9061,252.044
9062,252.044
9063,252.044
9064,252.044
9065,252.044
9066,252.044
9067,252.044
9068,252.044
9069,252.044
9070,252.044
9071,252.044
9072,252.044
9073,252.044
9074,252.044
9075,252.044
9076,252.044
9077,252.044
9078,252.044
9079,252.044
9080,252.044
9081,252.044
9082,252.044
9083,252.044
9084,252.044
9085,252.044
9086,252.044
9087,252.044
9088,252.044
9089,252.044
9090,252.044
9091,252.044
9092,252.044
9093,252.044
9094,252.044
9095,252.044
9096,252.044
9097,252.044
9098,252.156
9099,252.156
9100,252.156
9101,252.156
9102,252.156
9103,252.156
9104,252.156
9105,252.156
9106,252.156
9107,252.156
9108,252.156
9109,252.156
9110,252.156
9111,252.156
9112,252.156
9113,252.156
9114,252.156
9115,252.156
9116,252.156
9117,252.156
9118,252.156
9119,252.156
9120,252.156
9121,252.156
9122,252.156
9123,252.156
9124,252.156
9125,252.156
9126,252.156
9127,252.156
9128,252.156
9129,252.156
9130,252.156
9131,252.156
9132,252.156
9133,252.156
9134,252.156
9135,252.156
9136,252.156
9137,252.156
9138,252.156
9139,252.156
9140,252.156
9141,252.156
9142,252.156
9143,252.156
9144,252.156
9145,252.156
9146,252.156
9147,252.156
9148,252.156
9149,252.156
9150,252.156
9151,252.156
9152,252.156
9153,252.156
9154,252.156
9155,252.156
9156,252.156
9157,252.156
9158,252.156
9159,252.156
9160,252.156
9161,252.156
9162,252.156
9163,252.156
9164,252.156
9165,252.156
9166,252.156
9167,252.156
9168,252.156
9169,252.156
9170,252.156
9171,252.156
9172,252.156
9173,252.156
9174,252.156
9175,252.156
9176,252.156
9177,252.156
9178,252.156
9179,252.156
9180,252.156
9181,252.156
9182,252.156
9183,252.156
9184,252.156
9185,252.156
9186,252.156
9187,252.156
9188,252.156
9189,252.156
9190,252.156
9191,252.156
9192,252.156
9193,252.156
9194,252.156
9195,252.156
9196,252.156
9197,252.156
9198,251.642
9199,251.642
9200,251.642
9201,251.642
9202,251.642
9203,251.642
9204,251.642
9205,251.642
9206,251.642
9207,251.642
9208,251.642
9210,251.642
9210,251.642
9211,251.642
9212,251.642
9213,251.642
9214,251.642
9215,251.642
9216,251.642
9217,251.642
9218,251.642
9219,251.642
9220,251.642
9221,251.642
9222,251.642
9223,251.642
9224,251.642
9225,251.642
9226,251.642
9227,251.642
9228,251.642
9229,251.642
9230,251.642
9231,251.642
9232,251.642
9233,251.642
9234,251.642
9235,251.642
9236,251.642
9237,251.642
9238,251.642
9239,251.642
9240,251.642
9241,251.642
9242,251.642
9243,251.642
9244,251.642
9245,251.642
9246,251.642
9247,251.642
9248,251.642
9249,251.642
9250,251.642
9251,251.642
9252,251.642
9253,251.642
9254,251.642
9255,251.642
9256,251.642
9257,251.642
9258,251.642
9259,251.642
9260,251.642
9261,251.642
9262,251.642
9263,251.642
9264,251.642
9265,251.642
9266,251.642
9267,251.642
9268,251.642
9269,251.642
9270,251.642
9271,251.642
9272,251.642
9273,251.642
9274,251.642
9275,251.642
9276,251.642
9277,251.642
9278,251.642
9279,251.642
9280,251.642
9281,251.642
9282,251.642
9283,251.642
9284,251.642
9285,251.642
9286,251.642
9287,251.642
9288,251.642
9289,251.642
9290,251.642
9291,251.642
9292,251.642
9293,251.642
9294,251.642
9295,251.642
9296,251.642
9297,251.642
9298,252.366
9299,252.366
9300,252.366
9301,252.366
9302,252.366
9303,252.366
9304,252.366
9305,252.366
9306,252.366
9307,252.366
9308,252.366
9309,252.366
9310,252.366
9311,252.366
9312,252.366
9313,252.366
9314,252.366
9315,252.366
9316,252.366
9317,252.366
9318,252.366
9319,252.366
9320,252.366
9321,252.366
9322,252.366
9323,252.366
9324,252.366
9325,252.366
9326,252.366
9327,252.366
9328,252.366
9329,252.366
9330,252.366
9331,252.366
9332,252.366
9333,252.366
9334,252.366
9335,252.366
9336,252.366
9337,252.366
9338,252.366
9339,252.366
9340,252.366
9341,252.366
9342,252.366
9343,252.366
9344,252.366
9345,252.366
9346,252.366
9347,252.366
9348,252.366
9349,252.366
9350,252.366
9351,252.366
9352,252.366
9353,252.366
9354,252.366
9355,252.366
9356,252.366
9357,252.366
9358,252.366
9359,252.366
9360,252.366
9361,252.366
9362,252.366
9363,252.366
9364,252.366
9365,252.366
9366,252.366
9367,252.366
9368,252.366
9369,252.366
9370,252.366
9371,252.366
9372,252.366
9373,252.366
9374,252.366
9375,252.366
9376,252.366
9377,252.366
9378,252.366
9379,252.366
9380,252.366
9381,252.366
9382,252.366
9383,252.366
9384,252.366
9385,252.366
9386,252.366
9387,252.366
9388,252.366
9389,252.366
9390,252.366
9391,252.366
9392,252.366
9393,252.366
9394,252.366
9395,252.366
9396,252.366
9397,252.366
9398,252.777
9399,252.777
9400,252.777
9401,252.777
9402,252.777
9403,252.777
9404,252.777
9405,252.777
9406,252.777
9407,252.777
9408,252.777
9409,252.777
9410,252.777
9411,252.777
9412,252.777
9413,252.777
9414,252.777
9415,252.777
9416,252.777
9417,252.777
9418,252.777
9419,252.777
9420,252.777
9421,252.777
9422,252.777
9423,252.777
9424,252.777
9425,252.777
9426,252.777
9427,252.777
9428,252.777
9429,252.777
9430,252.777
9431,252.777
9432,252.777
9433,252.777
9434,252.777
9435,252.777
9436,252.777
9437,252.777
9438,252.777
9439,252.777
9440,252.777
9441,252.777
9442,252.777
9443,252.777
9444,252.777
9445,252.777
9446,252.777
9447,252.777
9448,252.777
9449,252.777
9450,252.777
9451,252.777
9452,252.777
9453,252.777
9454,252.777
9455,252.777
9456,252.777
9457,252.777
9458,252.777
9459,252.777
9460,252.777
9461,252.777
9462,252.777
9463,252.777
9464,252.777
9465,252.777
9466,252.777
9467,252.777
9468,252.777
9469,252.777
9470,252.777
9471,252.777
9472,252.777
9473,252.777
9474,252.777
9475,252.777
9476,252.777
9477,252.777
9478,252.777
9479,252.777
9480,252.777
9481,252.777
9482,252.777
9483,252.777
9484,252.777
9485,252.777
9486,252.777
9487,252.777
9488,252.777
9489,252.777
9490,252.777
9491,252.777
9492,252.777
9493,252.777
9494,252.777
9495,252.777
9496,252.777
9497,252.777
9498,252.777
9499,252.387
9500,252.387
9501,252.387
9502,252.387
9503,252.387
9504,252.387
9505,252.387
9506,252.387
9507,252.387
9508,252.387
9509,252.387
9510,252.387
9511,252.387
9512,252.387
9513,252.387
9514,252.387
9515,252.387
9516,252.387
9517,252.387
9518,252.387
9519,252.387
9520,252.387
9521,252.387
9522,252.387
9523,252.387
9524,252.387
9525,252.387
9526,252.387
9527,252.387
9528,252.387
9529,252.387
9530,252.387
9531,252.387
9532,252.387
9533,252.387
9534,252.387
9535,252.387
9536,252.387
9537,252.387
9538,252.387
9539,252.387
9540,252.387
9541,252.387
9542,252.387
9543,252.387
9544,252.387
9545,252.387
9546,252.387
9547,252.387
9548,252.387
9549,252.387
9550,252.387
9551,252.387
9552,252.387
9553,252.387
9554,252.387
9555,252.387
9556,252.387
9557,252.387
9558,252.387
9559,252.387
9560,252.387
9561,252.387
9562,252.387
9563,252.387
9564,252.387
9565,252.387
9566,252.387
9567,252.387
9568,252.387
9569,252.387
9570,252.387
9571,252.387
9572,252.387
9573,252.387
9574,252.387
9575,252.387
9576,252.387
9577,252.387
9578,252.387
9579,252.387
9580,252.387
9581,252.387
9582,252.387
9583,252.387
9584,252.387
9585,252.387
9586,252.387
9587,252.387
9588,252.387
9589,252.387
9590,252.387
9591,252.387
9592,252.387
9593,252.387
9594,252.387
9595,252.387
9596,252.387
9597,252.387
9598,252.387
9599,252.507
9600,252.507
9601,252.507
9602,252.507
9603,252.507
9604,252.507
9605,252.507
9606,252.507
9607,252.507
9608,252.507
9609,252.507
9610,252.507
9611,252.507
9612,252.507
9613,252.507
9614,252.507
9615,252.507
9616,252.507
9617,252.507
9618,252.507
9619,252.507
9620,252.507
9621,252.507
9622,252.507
9623,252.507
9624,252.507
9625,252.507
9626,252.507
9627,252.507
9628,252.507
9629,252.507
9630,252.507
9631,252.507
9632,252.507
9633,252.507
9634,252.507
9635,252.507
9636,252.507
9637,252.507
9638,252.507
9639,252.507
9640,252.507
9641,252.507
9642,252.507
9643,252.507
9644,252.507
9645,252.507
9646,252.507
9647,252.507
9648,252.507
9649,252.507
9650,252.507
9651,252.507
9652,252.507
9653,252.507
9654,252.507
9655,252.507
9656,252.507
9657,252.507
9658,252.507
9659,252.507
9660,252.507
9661,252.507
9662,252.507
9663,252.507
9664,252.507
9665,252.507
9666,252.507
9667,252.507
9668,252.507
9669,252.507
9670,252.507
9671,252.507
9672,252.507
9673,252.507
9674,252.507
9675,252.507
9676,252.507
9677,252.507
9678,252.507
9679,252.507
9680,252.507
9681,252.507
9682,252.507
9683,252.507
9684,252.507
9685,252.507
9686,252.507
9687,252.507
9688,252.507
9689,252.507
9690,252.507
9691,252.507
9692,252.507
9693,252.507
9694,252.507
9695,252.507
9696,252.507
9697,252.507
9698,252.507
9699,253.006
9700,253.006
9701,253.006
9702,253.006
9703,253.006
9704,253.006
9705,253.006
9706,253.006
9707,253.006
9708,253.006
9709,253.006
9710,253.006
9711,253.006
9712,253.006
9713,253.006
9714,253.006
9715,253.006
9716,253.006
9717,253.006
9718,253.006
9719,253.006
9720,253.006
9721,253.006
9722,253.006
9723,253.006
9724,253.006
9725,253.006
9726,253.006
9727,253.006
9728,253.006
9729,253.006
9730,253.006
9731,253.006
9732,253.006
9733,253.006
9734,253.006
9735,253.006
9736,253.006
9737,253.006
9738,253.006
9739,253.006
9740,253.006
9741,253.006
9742,253.006
9743,253.006
9744,253.006
9745,253.006
9746,253.006
9747,253.006
9748,253.006
9749,253.006
9750,253.006
9751,253.006
9752,253.006
9753,253.006
9754,253.006
9755,253.006
9756,253.006
9757,253.006
9758,253.006
9759,253.006
9760,253.006
9761,253.006
9762,253.006
9763,253.006
9764,253.006
9765,253.006
9766,253.006
9767,253.006
9768,253.006
9769,253.006
9770,253.006
9771,253.006
9772,253.006
9773,253.006
9774,253.006
9775,253.006
9776,253.006
9777,253.006
9778,253.006
9779,253.006
9780,253.006
9781,253.006
9782,253.006
9783,253.006
9784,253.006
9785,253.006
9786,253.006
9787,253.006
9788,253.006
9789,253.006
9790,253.006
9791,253.006
9792,253.006
9793,253.006
9794,253.006
9795,253.006
9796,253.006
9797,253.006
9798,253.006
9799,253.02
9800,253.02
9801,253.02
9802,253.02
9803,253.02
9804,253.02
9805,253.02
9806,253.02
9807,253.02
9808,253.02
9809,253.02
9810,253.02
9811,253.02
9812,253.02
9813,253.02
9814,253.02
9815,253.02
9816,253.02
9817,253.02
9818,253.02
9819,253.02
9820,253.02
9821,253.02
9822,253.02
9823,253.02
9824,253.02
9825,253.02
9826,253.02
9827,253.02
9828,253.02
9829,253.02
9830,253.02
9831,253.02
9832,253.02
9833,253.02
9834,253.02
9835,253.02
9836,253.02
9837,253.02
9838,253.02
9839,253.02
9840,253.02
9841,253.02
9842,253.02
9843,253.02
9844,253.02
9845,253.02
9846,253.02
9847,253.02
9848,253.02
9849,253.02
9850,253.02
9851,253.02
9852,253.02
9853,253.02
9854,253.02
9855,253.02
9856,253.02
9857,253.02
9858,253.02
9859,253.02
9860,253.02
9861,253.02
9862,253.02
9863,253.02
9864,253.02
9865,253.02
9866,253.02
9867,253.02
9868,253.02
9869,253.02
9870,253.02
9871,253.02
9872,253.02
9873,253.02
9874,253.02
9875,253.02
9876,253.02
9877,253.02
9878,253.02
9879,253.02
9880,253.02
9881,253.02
9882,253.02
9883,253.02
9884,253.02
9885,253.02
9886,253.02
9887,253.02
9888,253.02
9889,253.02
9890,253.02
9891,253.02
9892,253.02
9893,253.02
9894,253.02
9895,253.02
9896,253.02
9897,253.02
9898,253.02
9899,252.547
9900,252.547
9901,252.547
9902,252.547
9903,252.547
9904,252.547
9905,252.547
9906,252.547
9907,252.547
9908,252.547
9909,252.547
9910,252.547
9911,252.547
9912,252.547
9913,252.547
9914,252.547
9915,252.547
9916,252.547
9917,252.547
9918,252.547
9919,252.547
9920,252.547
9921,252.547
9922,252.547
9923,252.547
9924,252.547
9925,252.547
9926,252.547
9927,252.547
9928,252.547
9929,252.547
9930,252.547
9931,252.547
9932,252.547
9933,252.547
9934,252.547
9935,252.547
9936,252.547
9937,252.547
9938,252.547
9939,252.547
9940,252.547
9941,252.547
9942,252.547
9943,252.547
9944,252.547
9945,252.547
9946,252.547
9947,252.547
9948,252.547
9949,252.547
9950,252.547
9951,252.547
9952,252.547
9953,252.547
9954,252.547
9955,252.547
9956,252.547
9957,252.547
9958,252.547
9959,252.547
9960,252.547
9961,252.547
9962,252.547
9963,252.547
9964,252.547
9965,252.547
9966,252.547
9967,252.547
9968,252.547
9969,252.547
9970,252.547
9971,252.547
9972,252.547
9973,252.547
9974,252.547
9975,252.547
9976,252.547
9977,252.547
9978,252.547
9979,252.547
9980,252.547
9981,252.547
9982,252.547
9983,252.547
9984,252.547
9985,252.547
9986,252.547
9987,252.547
9988,252.547
9989,252.547
9990,252.547
9991,252.547
9992,252.547
9993,252.547
9994,252.547
9995,252.547
9996,252.547
9997,252.547
9998,252.547
9999,252.506
10000,252.506
10001,252.506
10002,252.506
10003,252.506
10004,252.506
10005,252.506
10006,252.506
10007,252.506
10008,252.506
10009,252.506
10010,252.506
10011,252.506
10012,252.506
10013,252.506
10014,252.506
10015,252.506
10016,252.506
10017,252.506
10018,252.506
10019,252.506
10020,252.506
10021,252.506
10022,252.506
10023,252.506
10024,252.506
10025,252.506
10026,252.506
10027,252.506
10028,252.506
10029,252.506
10030,252.506
10031,252.506
10032,252.506
10033,252.506
10034,252.506
10035,252.506
10036,252.506
10037,252.506
10038,252.506
10039,252.506
10040,252.506
10041,252.506
10042,252.506
10043,252.506
10044,252.506
10045,252.506
10046,252.506
10047,252.506
10048,252.506
10049,252.506
10050,252.506
10051,252.506
10052,252.506
10053,252.506
10054,252.506
10055,252.506
10056,252.506
10057,252.506
10058,252.506
10059,252.506
10060,252.506
10061,252.506
10062,252.506
10063,252.506
10064,252.506
10065,252.506
10066,252.506
10067,252.506
10068,252.506
10069,252.506
10070,252.506
10071,252.506
10072,252.506
10073,252.506
10074,252.506
10075,252.506
10076,252.506
10077,252.506
10078,252.506
10079,252.506
10080,252.506
10081,252.506
10082,252.506
10083,252.506
10084,252.506
10085,252.506
10086,252.506
10087,252.506
10088,252.506
10089,252.506
10090,252.506
10091,252.506
10092,252.506
10093,252.506
10094,252.506
10095,252.506
10096,252.506
10097,252.506
10098,252.506
10099,252.434
10100,252.434
10101,252.434
10102,252.434
10103,252.434
10104,252.434
10105,252.434
10106,252.434
10107,252.434
10108,252.434
10109,252.434
10110,252.434
10111,252.434
10112,252.434
10113,252.434
10114,252.434
10115,252.434
10116,252.434
10117,252.434
10118,252.434
10119,252.434
10120,252.434
10121,252.434
10122,252.434
10123,252.434
10124,252.434
10125,252.434
10126,252.434
10127,252.434
10128,252.434
10129,252.434
10130,252.434
10131,252.434
10132,252.434
10133,252.434
10134,252.434
10135,252.434
10136,252.434
10137,252.434
10138,252.434
10139,252.434
10140,252.434
10141,252.434
10142,252.434
10143,252.434
10144,252.434
10145,252.434
10146,252.434
10147,252.434
10148,252.434
10149,252.434
10150,252.434
10151,252.434
10152,252.434
10153,252.434
10154,252.434
10155,252.434
10156,252.434
10157,252.434
10158,252.434
10159,252.434
10160,252.434
10161,252.434
10162,252.434
10163,252.434
10164,252.434
10165,252.434
10166,252.434
10167,252.434
10168,252.434
10169,252.434
10170,252.434
10171,252.434
10172,252.434
10173,252.434
10174,252.434
10175,252.434
10176,252.434
10177,252.434
10178,252.434
10179,252.434
10180,252.434
10181,252.434
10182,252.434
10183,252.434
10184,252.434
10185,252.434
10186,252.434
10187,252.434
10188,252.434
10189,252.434
10190,252.434
10191,252.434
10192,252.434
10193,252.434
10194,252.434
10195,252.434
10196,252.434
10197,252.434
10198,252.434
10199,252.711
10200,252.711
10201,252.711
10202,252.711
10203,252.711
10204,252.711
10205,252.711
10206,252.711
10207,252.711
10208,252.711
10209,252.711
10210,252.711
10211,252.711
10212,252.711
10213,252.711
10214,252.711
10215,252.711
10216,252.711
10217,252.711
10218,252.711
10219,252.711
10220,252.711
10221,252.711
10222,252.711
10223,252.711
10224,252.711
10225,252.711
10226,252.711
10227,252.711
10228,252.711
10229,252.711
10230,252.711
10231,252.711
10232,252.711
10233,252.711
10234,252.711
10235,252.711
10236,252.711
10237,252.711
10238,252.711
10239,252.711
10240,252.711
10241,252.711
10242,252.711
10243,252.711
10244,252.711
10245,252.711
10246,252.711
10247,252.711
10248,252.711
10249,252.711
10250,252.711
10251,252.711
10252,252.711
10253,252.711
10254,252.711
10255,252.711
10256,252.711
10257,252.711
10258,252.711
10259,252.711
10260,252.711
10261,252.711
10262,252.711
10263,252.711
10264,252.711
10265,252.711
10266,252.711
10267,252.711
10268,252.711
10269,252.711
10270,252.711
10271,252.711
10272,252.711
10273,252.711
10274,252.711
10275,252.711
10276,252.711
10277,252.711
10278,252.711
10279,252.711
10280,252.711
10281,252.711
10282,252.711
10283,252.711
10284,252.711
10285,252.711
10286,252.711
10287,252.711
10288,252.711
10289,252.711
10290,252.711
10291,252.711
10292,252.711
10293,252.711
10294,252.711
10295,252.711
10296,252.711
10297,252.711
10298,252.711
10299,252.31
10300,252.31
10301,252.31
10302,252.31
10303,252.31
10304,252.31
10305,252.31
10306,252.31
10307,252.31
10308,252.31
10309,252.31
10310,252.31
10311,252.31
10312,252.31
10313,252.31
10314,252.31
10315,252.31
10316,252.31
10317,252.31
10318,252.31
10319,252.31
10320,252.31
10321,252.31
10322,252.31
10323,252.31
10324,252.31
10325,252.31
10326,252.31
10327,252.31
10328,252.31
10329,252.31
10330,252.31
10331,252.31
10332,252.31
10333,252.31
10334,252.31
10335,252.31
10336,252.31
10337,252.31
10338,252.31
10339,252.31
10340,252.31
10341,252.31
10342,252.31
10343,252.31
10344,252.31
10345,252.31
10346,252.31
10347,252.31
10348,252.31
10349,252.31
10350,252.31
10351,252.31
10352,252.31
10353,252.31
10354,252.31
10355,252.31
10356,252.31
10357,252.31
10358,252.31
10359,252.31
10360,252.31
10361,252.31
10362,252.31
10363,252.31
10364,252.31
10365,252.31
10366,252.31
10367,252.31
10368,252.31
10369,252.31
10370,252.31
10371,252.31
10372,252.31
10373,252.31
10374,252.31
10375,252.31
10376,252.31
10377,252.31
10378,252.31
10379,252.31
10380,252.31
10381,252.31
10382,252.31
10383,252.31
10384,252.31
10385,252.31
10386,252.31
10387,252.31
10388,252.31
10389,252.31
10390,252.31
10391,252.31
10392,252.31
10393,252.31
10394,252.31
10395,252.31
10396,252.31
10397,252.31
10398,252.31
10399,251.878
10400,251.878
10401,251.878
10402,251.878
10403,251.878
10404,251.878
10405,251.878
10406,251.878
10407,251.878
10408,251.878
10409,251.878
10410,251.878
10411,251.878
10412,251.878
10413,251.878
10414,251.878
10415,251.878
10416,251.878
10417,251.878
10418,251.878
10419,251.878
10420,251.878
10421,251.878
10422,251.878
10423,251.878
10424,251.878
10425,251.878
10426,251.878
10427,251.878
10428,251.878
10429,251.878
10430,251.878
10431,251.878
10432,251.878
10433,251.878
10434,251.878
10435,251.878
10436,251.878
10437,251.878
10438,251.878
10439,251.878
10440,251.878
10441,251.878
10442,251.878
10443,251.878
10444,251.878
10445,251.878
10446,251.878
10447,251.878
10448,251.878
10449,251.878
10450,251.878
10451,251.878
10452,251.878
10453,251.878
10454,251.878
10455,251.878
10456,251.878
10457,251.878
10458,251.878
10459,251.878
10460,251.878
10461,251.878
10462,251.878
10463,251.878
10464,251.878
10465,251.878
10466,251.878
10467,251.878
10468,251.878
10469,251.878
10470,251.878
10471,251.878
10472,251.878
10473,251.878
10474,251.878
10475,251.878
10476,251.878
10477,251.878
10478,251.878
10479,251.878
10480,251.878
10481,251.878
10482,251.878
10483,251.878
10484,251.878
10485,251.878
10486,251.878
10487,251.878
10488,251.878
10489,251.878
10490,251.878
10491,251.878
10492,251.878
10493,251.878
10494,251.878
10495,251.878
10496,251.878
10497,251.878
10498,251.878
10499,251.848
10500,251.848
10501,251.848
10502,251.848
10503,251.848
10504,251.848
10505,251.848
10506,251.848
10507,251.848
10508,251.848
10509,251.848
10510,251.848
10511,251.848
10512,251.848
10513,251.848
10514,251.848
10515,251.848
10516,251.848
10517,251.848
10518,251.848
10519,251.848
10520,251.848
10521,251.848
10522,251.848
10523,251.848
10524,251.848
10525,251.848
10526,251.848
10527,251.848
10528,251.848
10529,251.848
10530,251.848
10531,251.848
10532,251.848
10533,251.848
10534,251.848
10535,251.848
10536,251.848
10537,251.848
10538,251.848
10539,251.848
10540,251.848
10541,251.848
10542,251.848
10543,251.848
10544,251.848
10545,251.848
10546,251.848
10547,251.848
10548,251.848
10549,251.848
10550,251.848
10551,251.848
10552,251.848
10553,251.848
10554,251.848
10555,251.848
10556,251.848
10557,251.848
10558,251.848
10559,251.848
10560,251.848
10561,251.848
10562,251.848
10563,251.848
10564,251.848
10565,251.848
10566,251.848
10567,251.848
10568,251.848
10569,251.848
10570,251.848
10571,251.848
10572,251.848
10573,251.848
10574,251.848
10575,251.848
10576,251.848
10577,251.848
10578,251.848
10579,251.848
10580,251.848
10581,251.848
10582,251.848
10583,251.848
10584,251.848
10585,251.848
10586,251.848
10587,251.848
10588,251.848
10589,251.848
10590,251.848
10591,251.848
10592,251.848
10593,251.848
10594,251.848
10595,251.848
10596,251.848
10597,251.848
10598,251.848
10599,252.125
10600,252.125
10601,252.125
10602,252.125
10603,252.125
10604,252.125
10605,252.125
10606,252.125
10607,252.125
10608,252.125
10609,252.125
10610,252.125
10611,252.125
10612,252.125
10613,252.125
10614,252.125
10615,252.125
10616,252.125
10617,252.125
10618,252.125
10619,252.125
10620,252.125
10621,252.125
10622,252.125
10623,252.125
10624,252.125
10625,252.125
10626,252.125
10627,252.125
10628,252.125
10629,252.125
10630,252.125
10631,252.125
10632,252.125
10633,252.125
10634,252.125
10635,252.125
10636,252.125
10637,252.125
10638,252.125
10639,252.125
10640,252.125
10641,252.125
10642,252.125
10643,252.125
10644,252.125
10645,252.125
10646,252.125
10647,252.125
10648,252.125
10649,252.125
10650,252.125
10651,252.125
10652,252.125
10653,252.125
10654,252.125
10655,252.125
10656,252.125
10657,252.125
10658,252.125
10659,252.125
10660,252.125
10661,252.125
10662,252.125
10663,252.125
10664,252.125
10665,252.125
10666,252.125
10667,252.125
10668,252.125
10669,252.125
10670,252.125
10671,252.125
10672,252.125
10673,252.125
10674,252.125
10675,252.125
10676,252.125
10677,252.125
10678,252.125
10679,252.125
10680,252.125
10681,252.125
10682,252.125
10683,252.125
10684,252.125
10685,252.125
10686,252.125
10687,252.125
10688,252.125
10689,252.125
10690,252.125
10691,252.125
10692,252.125
10693,252.125
10694,252.125
10695,252.125
10696,252.125
10697,252.125
10698,252.125
10699,252.61
10700,252.61
10701,252.61
10702,252.61
10703,252.61
10704,252.61
10705,252.61
10706,252.61
10707,252.61
10708,252.61
10709,252.61
10710,252.61
10711,252.61
10712,252.61
10713,252.61
10714,252.61
10715,252.61
10716,252.61
10717,252.61
10718,252.61
10719,252.61
10720,252.61
10721,252.61
10722,252.61
10723,252.61
10724,252.61
10725,252.61
10726,252.61
10727,252.61
10728,252.61
10729,252.61
10730,252.61
10731,252.61
10732,252.61
10733,252.61
10734,252.61
10735,252.61
10736,252.61
10737,252.61
10738,252.61
10739,252.61
10740,252.61
10741,252.61
10742,252.61
10743,252.61
10744,252.61
10745,252.61
10746,252.61
10747,252.61
10748,252.61
10749,252.61
10750,252.61
10751,252.61
10752,252.61
10753,252.61
10754,252.61
10755,252.61
10756,252.61
10757,252.61
10758,252.61
10759,252.61
10760,252.61
10761,252.61
10762,252.61
10763,252.61
10764,252.61
10765,252.61
10766,252.61
10767,252.61
10768,252.61
10769,252.61
10770,252.61
10771,252.61
10772,252.61
10773,252.61
10774,252.61
10775,252.61
10776,252.61
10777,252.61
10778,252.61
10779,252.61
10780,252.61
10781,252.61
10782,252.61
10783,252.61
10784,252.61
10785,252.61
10786,252.61
10787,252.61
10788,252.61
10789,252.61
10790,252.61
10791,252.61
10792,252.61
10793,252.61
10794,252.61
10795,252.61
10796,252.61
10797,252.61
10798,252.61
10799,252.697
10800,252.697
10801,252.697
10802,252.697
10803,252.697
10804,252.697
10805,252.697
10806,252.697
10807,252.697
10808,252.697
10809,252.697
10810,252.697
10811,252.697
10812,252.697
10813,252.697
10814,252.697
10815,252.697
10816,252.697
10817,252.697
10818,252.697
10819,252.697
10820,252.697
10821,252.697
10822,252.697
10823,252.697
10824,252.697
10825,252.697
10826,252.697
10827,252.697
10828,252.697
10829,252.697
10830,252.697
10831,252.697
10832,252.697
10833,252.697
10834,252.697
10835,252.697
10836,252.697
10837,252.697
10838,252.697
10839,252.697
10840,252.697
10841,252.697
10842,252.697
10843,252.697
10844,252.697
10845,252.697
10846,252.697
10847,252.697
10848,252.697
10849,252.697
10850,252.697
10851,252.697
10852,252.697
10853,252.697
10854,252.697
10855,252.697
10856,252.697
10857,252.697
10858,252.697
10859,252.697
10860,252.697
10861,252.697
10862,252.697
10863,252.697
10864,252.697
10865,252.697
10866,252.697
10867,252.697
10868,252.697
10869,252.697
10870,252.697
10871,252.697
10872,252.697
10873,252.697
10874,252.697
10875,252.697
10876,252.697
10877,252.697
10878,252.697
10879,252.697
10880,252.697
10881,252.697
10882,252.697
10883,252.697
10884,252.697
10885,252.697
10886,252.697
10887,252.697
10888,252.697
10889,252.697
10890,252.697
10891,252.697
10892,252.697
10893,252.697
10894,252.697
10895,252.697
10896,252.697
10897,252.697
10898,252.697
10899,252.767
10900,252.767
10901,252.767
10902,252.767
10903,252.767
10904,252.767
10905,252.767
10906,252.767
10907,252.767
10908,252.767
10909,252.767
10910,252.767
10911,252.767
10912,252.767
10913,252.767
10914,252.767
10915,252.767
10916,252.767
10917,252.767
10918,252.767
10919,252.767
10920,252.767
10921,252.767
10922,252.767
10923,252.767
10924,252.767
10925,252.767
10926,252.767
10927,252.767
10928,252.767
10929,252.767
10930,252.767
10931,252.767
10932,252.767
10933,252.767
10934,252.767
10935,252.767
10936,252.767
10937,252.767
10938,252.767
10939,252.767
10940,252.767
10941,252.767
10942,252.767
10943,252.767
10944,252.767
10945,252.767
10946,252.767
10947,252.767
10948,252.767
10949,252.767
10950,252.767
10951,252.767
10952,252.767
10953,252.767
10954,252.767
10955,252.767
10956,252.767
10957,252.767
10958,252.767
10959,252.767
10960,252.767
10961,252.767
10962,252.767
10963,252.767
10964,252.767
10965,252.767
10966,252.767
10967,252.767
10968,252.767
10969,252.767
10970,252.767
10971,252.767
10972,252.767
10973,252.767
10974,252.767
10975,252.767
10976,252.767
10977,252.767
10978,252.767
10979,252.767
10980,252.767
10981,252.767
10982,252.767
10983,252.767
10984,252.767
10985,252.767
10986,252.767
10987,252.767
10988,252.767
10989,252.767
10990,252.767
10991,252.767
10992,252.767
10993,252.767
10994,252.767
10995,252.767
10996,252.767
10997,252.767
10998,252.767
10999,252.638
11000,252.638
11001,252.638
11002,252.638
11003,252.638
11004,252.638
11005,252.638
11006,252.638
11007,252.638
11008,252.638
11009,252.638
11010,252.638
11011,252.638
11012,252.638
11013,252.638
11014,252.638
11015,252.638
11016,252.638
11017,252.638
11018,252.638
11019,252.638
11020,252.638
11021,252.638
11022,252.638
11023,252.638
11024,252.638
11025,252.638
11026,252.638
11027,252.638
11028,252.638
11029,252.638
11030,252.638
11031,252.638
11032,252.638
11033,252.638
11034,252.638
11035,252.638
11036,252.638
11037,252.638
11038,252.638
11039,252.638
11040,252.638
11041,252.638
11042,252.638
11043,252.638
11044,252.638
11045,252.638
11046,252.638
11047,252.638
11048,252.638
11049,252.638
11050,252.638
11051,252.638
11052,252.638
11053,252.638
11054,252.638
11055,252.638
11056,252.638
11057,252.638
11058,252.638
11059,252.638
11060,252.638
11061,252.638
11062,252.638
11063,252.638
11064,252.638
11065,252.638
11066,252.638
11067,252.638
11068,252.638
11069,252.638
11070,252.638
11071,252.638
11072,252.638
11073,252.638
11074,252.638
11075,252.638
11076,252.638
11077,252.638
11078,252.638
11079,252.638
11080,252.638
11081,252.638
11082,252.638
11083,252.638
11084,252.638
11085,252.638
11086,252.638
11087,252.638
11088,252.638
11089,252.638
11090,252.638
11091,252.638
11092,252.638
11093,252.638
11094,252.638
11095,252.638
11096,252.638
11097,252.638
11098,252.638
11099,252.388
11100,252.388
11101,252.388
11102,252.388
11103,252.388
11104,252.388
11105,252.388
11106,252.388
11107,252.388
11108,252.388
11109,252.388
11110,252.388
11111,252.388
11112,252.388
11113,252.388
11114,252.388
11115,252.388
11116,252.388
11117,252.388
11118,252.388
11119,252.388
11120,252.388
11121,252.388
11122,252.388
11123,252.388
11124,252.388
11125,252.388
11126,252.388
11127,252.388
11128,252.388
11129,252.388
11130,252.388
11131,252.388
11132,252.388
11133,252.388
11134,252.388
11135,252.388
11136,252.388
11137,252.388
11138,252.388
11139,252.388
11140,252.388
11141,252.388
11142,252.388
11143,252.388
11144,252.388
11145,252.388
11146,252.388
11147,252.388
11148,252.388
11149,252.388
11150,252.388
11151,252.388
11152,252.388
11153,252.388
11154,252.388
11155,252.388
11156,252.388
11157,252.388
11158,252.388
11159,252.388
11160,252.388
11161,252.388
11162,252.388
11163,252.388
11164,252.388
11165,252.388
11166,252.388
11167,252.388
11168,252.388
11169,252.388
11170,252.388
11171,252.388
11172,252.388
11173,252.388
11174,252.388
11175,252.388
11176,252.388
11177,252.388
11178,252.388
11179,252.388
11180,252.388
11181,252.388
11182,252.388
11183,252.388
11184,252.388
11185,252.388
11186,252.388
11187,252.388
11188,252.388
11189,252.388
11190,252.388
11191,252.388
11192,252.388
11193,252.388
11194,252.388
11195,252.388
11196,252.388
11197,252.388
11198,252.388
11199,252.253
11200,252.253
11201,252.253
11202,252.253
11203,252.253
11204,252.253
11205,252.253
11206,252.253
11207,252.253
11208,252.253
11209,252.253
11210,252.253
11211,252.253
11212,252.253
11213,252.253
11214,252.253
11215,252.253
11216,252.253
11217,252.253
11218,252.253
11219,252.253
11220,252.253
11221,252.253
11222,252.253
11223,252.253
11224,252.253
11225,252.253
11226,252.253
11227,252.253
11228,252.253
11229,252.253
11230,252.253
11231,252.253
11232,252.253
11233,252.253
11234,252.253
11235,252.253
11236,252.253
11237,252.253
11238,252.253
11239,252.253
11240,252.253
11241,252.253
11242,252.253
11243,252.253
11244,252.253
11245,252.253
11246,252.253
11247,252.253
11248,252.253
11249,252.253
11250,252.253
11251,252.253
11252,252.253
11253,252.253
11254,252.253
11255,252.253
11256,252.253
11257,252.253
11258,252.253
11259,252.253
11260,252.253
11261,252.253
11262,252.253
11263,252.253
11264,252.253
11265,252.253
11266,252.253
11267,252.253
11268,252.253
11269,252.253
11270,252.253
11271,252.253
11272,252.253
11273,252.253
11274,252.253
11275,252.253
11276,252.253
11277,252.253
11278,252.253
11279,252.253
11280,252.253
11281,252.253
11282,252.253
11283,252.253
11284,252.253
11285,252.253
11286,252.253
11287,252.253
11288,252.253
11289,252.253
11290,252.253
11291,252.253
11292,252.253
11293,252.253
11294,252.253
11295,252.253
11296,252.253
11297,252.253
11298,252.253
11299,252.291
11300,252.291
11301,252.291
11302,252.291
11303,252.291
11304,252.291
11305,252.291
11306,252.291
11307,252.291
11308,252.291
11309,252.291
11310,252.291
11311,252.291
11312,252.291
11313,252.291
11314,252.291
11315,252.291
11316,252.291
11317,252.291
11318,252.291
11319,252.291
11320,252.291
11321,252.291
11322,252.291
11323,252.291
11324,252.291
11325,252.291
11326,252.291
11327,252.291
11328,252.291
11329,252.291
11330,252.291
11331,252.291
11332,252.291
11333,252.291
11334,252.291
11335,252.291
11336,252.291
11337,252.291
11338,252.291
11339,252.291
11340,252.291
11341,252.291
11342,252.291
11343,252.291
11344,252.291
11345,252.291
11346,252.291
11347,252.291
11348,252.291
11349,252.291
11350,252.291
11351,252.291
11352,252.291
11353,252.291
11354,252.291
11355,252.291
11356,252.291
11357,252.291
11358,252.291
11359,252.291
11360,252.291
11361,252.291
11362,252.291
11363,252.291
11364,252.291
11365,252.291
11366,252.291
11367,252.291
11368,252.291
11369,252.291
11370,252.291
11371,252.291
11372,252.291
11373,252.291
11374,252.291
11375,252.291
11376,252.291
11377,252.291
11378,252.291
11379,252.291
11380,252.291
11381,252.291
11382,252.291
11383,252.291
11384,252.291
11385,252.291
11386,252.291
11387,252.291
11388,252.291
11389,252.291
11390,252.291
11391,252.291
11392,252.291
11393,252.291
11394,252.291
11395,252.291
11396,252.291
11397,252.291
11398,252.291
11399,252.986
11400,252.986
11401,252.986
11402,252.986
11403,252.986
11404,252.986
11405,252.986
11406,252.986
11407,252.986
11408,252.986
11409,252.986
11410,252.986
11411,252.986
11412,252.986
11413,252.986
11414,252.986
11415,252.986
11416,252.986
11417,252.986
11418,252.986
11419,252.986
11420,252.986
11421,252.986
11422,252.986
11423,252.986
11424,252.986
11425,252.986
11426,252.986
11427,252.986
11428,252.986
11429,252.986
11430,252.986
11431,252.986
11432,252.986
11433,252.986
11434,252.986
11435,252.986
11436,252.986
11437,252.986
11438,252.986
11439,252.986
11440,252.986
11441,252.986
11442,252.986
11443,252.986
11444,252.986
11445,252.986
11446,252.986
11447,252.986
11448,252.986
11449,252.986
11450,252.986
11451,252.986
11452,252.986
11453,252.986
11454,252.986
11455,252.986
11456,252.986
11457,252.986
11458,252.986
11459,252.986
11460,252.986
11461,252.986
11462,252.986
11463,252.986
11464,252.986
11465,252.986
11466,252.986
11467,252.986
11468,252.986
11469,252.986
11470,252.986
11471,252.986
11472,252.986
11473,252.986
11474,252.986
11475,252.986
11476,252.986
11477,252.986
11478,252.986
11479,252.986
11480,252.986
11481,252.986
11482,252.986
11483,252.986
11484,252.986
11485,252.986
11486,252.986
11487,252.986
11488,252.986
11489,252.986
11490,252.986
11491,252.986
11492,252.986
11493,252.986
11494,252.986
11495,252.986
11496,252.986
11497,252.986
11498,252.986
11499,253.7
11500,253.7
11501,253.7
11502,253.7
11503,253.7
11504,253.7
11505,253.7
11506,253.7
11507,253.7
11508,253.7
11509,253.7
11510,253.7
11511,253.7
11512,253.7
11513,253.7
11514,253.7
11515,253.7
11516,253.7
11517,253.7
11518,253.7
11519,253.7
11520,253.7
11521,253.7
11522,253.7
11523,253.7
11524,253.7
11525,253.7
11526,253.7
11527,253.7
11528,253.7
11529,253.7
11530,253.7
11531,253.7
11532,253.7
11533,253.7
11534,253.7
11535,253.7
11536,253.7
11537,253.7
11538,253.7
11539,253.7
11540,253.7
11541,253.7
11542,253.7
11543,253.7
11544,253.7
11545,253.7
11546,253.7
11547,253.7
11548,253.7
11549,253.7
11550,253.7
11551,253.7
11552,253.7
11553,253.7
11554,253.7
11555,253.7
11556,253.7
11557,253.7
11558,253.7
11559,253.7
11560,253.7
11561,253.7
11562,253.7
11563,253.7
11564,253.7
11565,253.7
11566,253.7
11567,253.7
11568,253.7
11569,253.7
11570,253.7
11571,253.7
11572,253.7
11573,253.7
11574,253.7
11575,253.7
11576,253.7
11577,253.7
11578,253.7
11579,253.7
11580,253.7
11581,253.7
11582,253.7
11583,253.7
11584,253.7
11585,253.7
11586,253.7
11587,253.7
11588,253.7
11589,253.7
11590,253.7
11591,253.7
11592,253.7
11593,253.7
11594,253.7
11595,253.7
11596,253.7
11597,253.7
11598,253.7
11599,253.242
11600,253.242
11601,253.242
11602,253.242
11603,253.242
11604,253.242
11605,253.242
11606,253.242
11607,253.242
11608,253.242
11609,253.242
11610,253.242
11611,253.242
11612,253.242
11613,253.242
11614,253.242
11615,253.242
11616,253.242
11617,253.242
11618,253.242
11619,253.242
11620,253.242
11621,253.242
11622,253.242
11623,253.242
11624,253.242
11625,253.242
11626,253.242
11627,253.242
11628,253.242
11629,253.242
11630,253.242
11631,253.242
11632,253.242
11633,253.242
11634,253.242
11635,253.242
11636,253.242
11637,253.242
11638,253.242
11639,253.242
11640,253.242
11641,253.242
11642,253.242
11643,253.242
11644,253.242
11645,253.242
11646,253.242
11647,253.242
11648,253.242
11649,253.242
11650,253.242
11651,253.242
11652,253.242
11653,253.242
11654,253.242
11655,253.242
11656,253.242
11657,253.242
11658,253.242
11659,253.242
11660,253.242
11661,253.242
11662,253.242
11663,253.242
11664,253.242
11665,253.242
11666,253.242
11667,253.242
11668,253.242
11669,253.242
11670,253.242
11671,253.242
11672,253.242
11673,253.242
11674,253.242
11675,253.242
11676,253.242
11677,253.242
11678,253.242
11679,253.242
11680,253.242
11681,253.242
11682,253.242
11683,253.242
11684,253.242
11685,253.242
11686,253.242
11687,253.242
11688,253.242
11689,253.242
11690,253.242
11691,253.242
11692,253.242
11693,253.242
11694,253.242
11695,253.242
11696,253.242
11697,253.242
11698,253.242
11699,253.174
11700,253.174
11701,253.174
11702,253.174
11703,253.174
11704,253.174
11705,253.174
11706,253.174
11707,253.174
11708,253.174
11709,253.174
11710,253.174
11711,253.174
11712,253.174
11713,253.174
11714,253.174
11715,253.174
11716,253.174
11717,253.174
11718,253.174
11719,253.174
11720,253.174
11721,253.174
11722,253.174
11723,253.174
11724,253.174
11725,253.174
11726,253.174
11727,253.174
11728,253.174
11729,253.174
11730,253.174
11731,253.174
11732,253.174
11733,253.174
11734,253.174
11735,253.174
11736,253.174
11737,253.174
11738,253.174
11739,253.174
11740,253.174
11741,253.174
11742,253.174
11743,253.174
11744,253.174
11745,253.174
11746,253.174
11747,253.174
11748,253.174
11749,253.174
11750,253.174
11751,253.174
11752,253.174
11753,253.174
11754,253.174
11755,253.174
11756,253.174
11757,253.174
11758,253.174
11759,253.174
11760,253.174
11761,253.174
11762,253.174
11763,253.174
11764,253.174
11765,253.174
11766,253.174
11767,253.174
11768,253.174
11769,253.174
11770,253.174
11771,253.174
11772,253.174
11773,253.174
11774,253.174
11775,253.174
11776,253.174
11777,253.174
11778,253.174
11779,253.174
11780,253.174
11781,253.174
11782,253.174
11783,253.174
11784,253.174
11785,253.174
11786,253.174
11787,253.174
11788,253.174
11789,253.174
11790,253.174
11791,253.174
11792,253.174
11793,253.174
11794,253.174
11795,253.174
11796,253.174
11797,253.174
11798,253.174
11799,252.722
11800,252.722
11801,252.722
11802,252.722
11803,252.722
11804,252.722
11805,252.722
11806,252.722
11807,252.722
11808,252.722
11809,252.722
11810,252.722
11811,252.722
11812,252.722
11813,252.722
11814,252.722
11815,252.722
11816,252.722
11817,252.722
11818,252.722
11819,252.722
11820,252.722
11821,252.722
11822,252.722
11823,252.722
11824,252.722
11825,252.722
11826,252.722
11827,252.722
11828,252.722
11829,252.722
11830,252.722
11831,252.722
11832,252.722
11833,252.722
11834,252.722
11835,252.722
11836,252.722
11837,252.722
11838,252.722
11839,252.722
11840,252.722
11841,252.722
11842,252.722
11843,252.722
11844,252.722
11845,252.722
11846,252.722
11847,252.722
11848,252.722
11849,252.722
11850,252.722
11851,252.722
11852,252.722
11853,252.722
11854,252.722
11855,252.722
11856,252.722
11857,252.722
11858,252.722
11859,252.722
11860,252.722
11861,252.722
11862,252.722
11863,252.722
11864,252.722
11865,252.722
11866,252.722
11867,252.722
11868,252.722
11869,252.722
11870,252.722
11871,252.722
11872,252.722
11873,252.722
11874,252.722
11875,252.722
11876,252.722
11877,252.722
11878,252.722
11879,252.722
11880,252.722
11881,252.722
11882,252.722
11883,252.722
11884,252.722
11885,252.722
11886,252.722
11887,252.722
11888,252.722
11889,252.722
11890,252.722
11891,252.722
11892,252.722
11893,252.722
11894,252.722
11895,252.722
11896,252.722
11897,252.722
11898,252.722
11899,252.903
11900,252.903
11901,252.903
11902,252.903
11903,252.903
11904,252.903
11905,252.903
11906,252.903
11907,252.903
11908,252.903
11909,252.903
11910,252.903
11911,252.903
11912,252.903
11913,252.903
11914,252.903
11915,252.903
11916,252.903
11917,252.903
11918,252.903
11919,252.903
11920,252.903
11921,252.903
11922,252.903
11923,252.903
11924,252.903
11925,252.903
11926,252.903
11927,252.903
11928,252.903
11929,252.903
11930,252.903
11931,252.903
11932,252.903
11933,252.903
11934,252.903
11935,252.903
11936,252.903
11937,252.903
11938,252.903
11939,252.903
11940,252.903
11941,252.903
11942,252.903
11943,252.903
11944,252.903
11945,252.903
11946,252.903
11947,252.903
11948,252.903
11949,252.903
11950,252.903
11951,252.903
11952,252.903
11953,252.903
11954,252.903
11955,252.903
11956,252.903
11957,252.903
11958,252.903
11959,252.903
11960,252.903
11961,252.903
11962,252.903
11963,252.903
11964,252.903
11965,252.903
11966,252.903
11967,252.903
11968,252.903
11969,252.903
11970,252.903
11971,252.903
11972,252.903
11973,252.903
11974,252.903
11975,252.903
11976,252.903
11977,252.903
11978,252.903
11979,252.903
11980,252.903
11981,252.903
11982,252.903
11983,252.903
11984,252.903
11985,252.903
11986,252.903
11987,252.903
11988,252.903
11989,252.903
11990,252.903
11991,252.903
11992,252.903
11993,252.903
11994,252.903
11995,252.903
11996,252.903
11997,252.903
11998,252.903
11999,252.364
12000,252.364
12001,252.364
12002,252.364
12003,252.364
12004,252.364
12005,252.364
12006,252.364
12007,252.364
12008,252.364
12009,252.364
12010,252.364
12011,252.364
12012,252.364
12013,252.364
12014,252.364
12015,252.364
12016,252.364
12017,252.364
12018,252.364
12019,252.364
12020,252.364
12021,252.364
12022,252.364
12023,252.364
12024,252.364
12025,252.364
12026,252.364
12027,252.364
12028,252.364
12029,252.364
12030,252.364
12031,252.364
12032,252.364
12033,252.364
12034,252.364
12035,252.364
12036,252.364
12037,252.364
12038,252.364
12039,252.364
12040,252.364
12041,252.364
12042,252.364
12043,252.364
12044,252.364
12045,252.364
12046,252.364
12047,252.364
12048,252.364
12049,252.364
12050,252.364
12051,252.364
12052,252.364
12053,252.364
12054,252.364
12055,252.364
12056,252.364
12057,252.364
12058,252.364
12059,252.364
12060,252.364
12061,252.364
12062,252.364
12063,252.364
12064,252.364
12065,252.364
12066,252.364
12067,252.364
12068,252.364
12069,252.364
12070,252.364
12071,252.364
12072,252.364
12073,252.364
12074,252.364
12075,252.364
12076,252.364
12077,252.364
12078,252.364
12079,252.364
12080,252.364
12081,252.364
12082,252.364
12083,252.364
12084,252.364
12085,252.364
12086,252.364
12087,252.364
12088,252.364
12089,252.364
12090,252.364
12091,252.364
12092,252.364
12093,252.364
12094,252.364
12095,252.364
12096,252.364
12097,252.364
12098,252.364
12099,250.994
12100,250.994
12101,250.994
12102,250.994
12103,250.994
12104,250.994
12105,250.994
12106,250.994
12107,250.994
12108,250.994
12109,250.994
12110,250.994
12111,250.994
12112,250.994
12113,250.994
12114,250.994
12115,250.994
12116,250.994
12117,250.994
12118,250.994
12119,250.994
12120,250.994
12121,250.994
12122,250.994
12123,250.994
12124,250.994
12125,250.994
12126,250.994
12127,250.994
12128,250.994
12129,250.994
12130,250.994
12131,250.994
12132,250.994
12133,250.994
12134,250.994
12135,250.994
12136,250.994
12137,250.994
12138,250.994
12139,250.994
12140,250.994
12141,250.994
12142,250.994
12143,250.994
12144,250.994
12145,250.994
12146,250.994
12147,250.994
12148,250.994
12149,250.994
12150,250.994
12151,250.994
12152,250.994
12153,250.994
12154,250.994
12155,250.994
12156,250.994
12157,250.994
12158,250.994
12159,250.994
12160,250.994
12161,250.994
12162,250.994
12163,250.994
12164,250.994
12165,250.994
12166,250.994
12167,250.994
12168,250.994
12169,250.994
12170,250.994
12171,250.994
12172,250.994
12173,250.994
12174,250.994
12175,250.994
12176,250.994
12177,250.994
12178,250.994
12179,250.994
12180,250.994
12181,250.994
12182,250.994
12183,250.994
12184,250.994
12185,250.994
12186,250.994
12187,250.994
12188,250.994
12189,250.994
12190,250.994
12191,250.994
12192,250.994
12193,250.994
12194,250.994
12195,250.994
12196,250.994
12197,250.994
12198,250.994
12199,250.299
12200,250.299
12201,250.299
12202,250.299
12203,250.299
12204,250.299
12205,250.299
12206,250.299
12207,250.299
12208,250.299
12209,250.299
12210,250.299
12211,250.299
12212,250.299
12213,250.299
12214,250.299
12215,250.299
12216,250.299
12217,250.299
12218,250.299
12219,250.299
12220,250.299
12221,250.299
12222,250.299
12223,250.299
12224,250.299
12225,250.299
12226,250.299
12227,250.299
12228,250.299
12229,250.299
12230,250.299
12231,250.299
12232,250.299
12233,250.299
12234,250.299
12235,250.299
12236,250.299
12237,250.299
12238,250.299
12239,250.299
12240,250.299
12241,250.299
12242,250.299
12243,250.299
12244,250.299
12245,250.299
12246,250.299
12247,250.299
12248,250.299
12249,250.299
12250,250.299
12251,250.299
12252,250.299
12253,250.299
12254,250.299
12255,250.299
12256,250.299
12257,250.299
12258,250.299
12259,250.299
12260,250.299
12261,250.299
12262,250.299
12263,250.299
12264,250.299
12265,250.299
12266,250.299
12267,250.299
12268,250.299
12269,250.299
12270,250.299
12271,250.299
12272,250.299
12273,250.299
12274,250.299
12275,250.299
12276,250.299
12277,250.299
12278,250.299
12279,250.299
12280,250.299
12281,250.299
12282,250.299
12283,250.299
12284,250.299
12285,250.299
12286,250.299
12287,250.299
12288,250.299
12289,250.299
12290,250.299
12291,250.299
12292,250.299
12293,250.299
12294,250.299
12295,250.299
12296,250.299
12297,250.299
12298,250.299
12299,250.133
12300,250.133
12301,250.133
12302,250.133
12303,250.133
12304,250.133
12305,250.133
12306,250.133
12307,250.133
12308,250.133
12309,250.133
12310,250.133
12311,250.133
12312,250.133
12313,250.133
12314,250.133
12315,250.133
12316,250.133
12317,250.133
12318,250.133
12319,250.133
12320,250.133
12321,250.133
12322,250.133
12323,250.133
12324,250.133
12325,250.133
12326,250.133
12327,250.133
12328,250.133
12329,250.133
12330,250.133
12331,250.133
12332,250.133
12333,250.133
12334,250.133
12335,250.133
12336,250.133
12337,250.133
12338,250.133
12339,250.133
12340,250.133
12341,250.133
12342,250.133
12343,250.133
12344,250.133
12345,250.133
12346,250.133
12347,250.133
12348,250.133
12349,250.133
12350,250.133
12351,250.133
12352,250.133
12353,250.133
12354,250.133
12355,250.133
12356,250.133
12357,250.133
12358,250.133
12359,250.133
12360,250.133
12361,250.133
12362,250.133
12363,250.133
12364,250.133
12365,250.133
12366,250.133
12367,250.133
12368,250.133
12369,250.133
12370,250.133
12371,250.133
12372,250.133
12373,250.133
12374,250.133
12375,250.133
12376,250.133
12377,250.133
12378,250.133
12379,250.133
12380,250.133
12381,250.133
12382,250.133
12383,250.133
12384,250.133
12385,250.133
12386,250.133
12387,250.133
12388,250.133
12389,250.133
12390,250.133
12391,250.133
12392,250.133
12393,250.133
12394,250.133
12395,250.133
12396,250.133
12397,250.133
12398,250.133
12399,250.576
12400,250.576
12401,250.576
12402,250.576
12403,250.576
12404,250.576
12405,250.576
12406,250.576
12407,250.576
12408,250.576
12409,250.576
12410,250.576
12411,250.576
12412,250.576
12413,250.576
12414,250.576
12415,250.576
12416,250.576
12417,250.576
12418,250.576
12419,250.576
12420,250.576
12421,250.576
12422,250.576
12423,250.576
12424,250.576
12425,250.576
12426,250.576
12427,250.576
12428,250.576
12429,250.576
12430,250.576
12431,250.576
12432,250.576
12433,250.576
12434,250.576
12435,250.576
12436,250.576
12437,250.576
12438,250.576
12439,250.576
12440,250.576
12441,250.576
12442,250.576
12443,250.576
12444,250.576
12445,250.576
12446,250.576
12447,250.576
12448,250.576
12449,250.576
12450,250.576
12451,250.576
12452,250.576
12453,250.576
12454,250.576
12455,250.576
12456,250.576
12457,250.576
12458,250.576
12459,250.576
12460,250.576
12461,250.576
12462,250.576
12463,250.576
12464,250.576
12465,250.576
12466,250.576
12467,250.576
12468,250.576
12469,250.576
12470,250.576
12471,250.576
12472,250.576
12473,250.576
12474,250.576
12475,250.576
12476,250.576
12477,250.576
12478,250.576
12479,250.576
12480,250.576
12481,250.576
12482,250.576
12483,250.576
12484,250.576
12485,250.576
12486,250.576
12487,250.576
12488,250.576
12489,250.576
12490,250.576
12491,250.576
12492,250.576
12493,250.576
12494,250.576
12495,250.576
12496,250.576
12497,250.576
12498,250.576
12499,250.576
12500,250.383
12501,250.383
12502,250.383
12503,250.383
12504,250.383
12505,250.383
12506,250.383
12507,250.383
12508,250.383
12509,250.383
12510,250.383
12511,250.383
12512,250.383
12513,250.383
12514,250.383
12515,250.383
12516,250.383
12517,250.383
12518,250.383
12519,250.383
12520,250.383
12521,250.383
12522,250.383
12523,250.383
12524,250.383
12525,250.383
12526,250.383
12527,250.383
12528,250.383
12529,250.383
12530,250.383
12531,250.383
12532,250.383
12533,250.383
12534,250.383
12535,250.383
12536,250.383
12537,250.383
12538,250.383
12539,250.383
12540,250.383
12541,250.383
12542,250.383
12543,250.383
12544,250.383
12545,250.383
12546,250.383
12547,250.383
12548,250.383
12549,250.383
12550,250.383
12551,250.383
12552,250.383
12553,250.383
12554,250.383
12555,250.383
12556,250.383
12557,250.383
12558,250.383
12559,250.383
12560,250.383
12561,250.383
12562,250.383
12563,250.383
12564,250.383
12565,250.383
12566,250.383
12567,250.383
12568,250.383
12569,250.383
12570,250.383
12571,250.383
12572,250.383
12573,250.383
12574,250.383
12575,250.383
12576,250.383
12577,250.383
12578,250.383
12579,250.383
12580,250.383
12581,250.383
12582,250.383
12583,250.383
12584,250.383
12585,250.383
12586,250.383
12587,250.383
12588,250.383
12589,250.383
12590,250.383
12591,250.383
12592,250.383
12593,250.383
12594,250.383
12595,250.383
12596,250.383
12597,250.383
12598,250.383
12599,250.383
12600,250.592
12601,250.592
12602,250.592
12603,250.592
12604,250.592
12605,250.592
12606,250.592
12607,250.592
12608,250.592
12609,250.592
12610,250.592
12611,250.592
12612,250.592
12613,250.592
12614,250.592
12615,250.592
12616,250.592
12617,250.592
12618,250.592
12619,250.592
12620,250.592
12621,250.592
12622,250.592
12623,250.592
12624,250.592
12625,250.592
12626,250.592
12627,250.592
12628,250.592
12629,250.592
12630,250.592
12631,250.592
12632,250.592
12633,250.592
12634,250.592
12635,250.592
12636,250.592
12637,250.592
12638,250.592
12639,250.592
12640,250.592
12641,250.592
12642,250.592
12643,250.592
12644,250.592
12645,250.592
12646,250.592
12647,250.592
12648,250.592
12649,250.592
12650,250.592
12651,250.592
12652,250.592
12653,250.592
12654,250.592
12655,250.592
12656,250.592
12657,250.592
12658,250.592
12659,250.592
12660,250.592
12661,250.592
12662,250.592
12663,250.592
12664,250.592
12665,250.592
12666,250.592
12667,250.592
12668,250.592
12669,250.592
12670,250.592
12671,250.592
12672,250.592
12673,250.592
12674,250.592
12675,250.592
12676,250.592
12677,250.592
12678,250.592
12679,250.592
12680,250.592
12681,250.592
12682,250.592
12683,250.592
12684,250.592
12685,250.592
12686,250.592
12687,250.592
12688,250.592
12689,250.592
12690,250.592
12691,250.592
12692,250.592
12693,250.592
12694,250.592
12695,250.592
12696,250.592
12697,250.592
12698,250.592
12699,250.592
12700,250.359
12701,250.359
12702,250.359
12703,250.359
12704,250.359
12705,250.359
12706,250.359
12707,250.359
12708,250.359
12709,250.359
12710,250.359
12711,250.359
12712,250.359
12713,250.359
12714,250.359
12715,250.359
12716,250.359
12717,250.359
12718,250.359
12719,250.359
12720,250.359
12721,250.359
12722,250.359
12723,250.359
12724,250.359
12725,250.359
12726,250.359
12727,250.359
12728,250.359
12729,250.359
12730,250.359
12731,250.359
12732,250.359
12733,250.359
12734,250.359
12735,250.359
12736,250.359
12737,250.359
12738,250.359
12739,250.359
12740,250.359
12741,250.359
12742,250.359
12743,250.359
12744,250.359
12745,250.359
12746,250.359
12747,250.359
12748,250.359
12749,250.359
12750,250.359
12751,250.359
12752,250.359
12753,250.359
12754,250.359
12755,250.359
12756,250.359
12757,250.359
12758,250.359
12759,250.359
12760,250.359
12761,250.359
12762,250.359
12763,250.359
12764,250.359
12765,250.359
12766,250.359
12767,250.359
12768,250.359
12769,250.359
12770,250.359
12771,250.359
12772,250.359
12773,250.359
12774,250.359
12775,250.359
12776,250.359
12777,250.359
12778,250.359
12779,250.359
12780,250.359
12781,250.359
12782,250.359
12783,250.359
12784,250.359
12785,250.359
12786,250.359
12787,250.359
12788,250.359
12789,250.359
12790,250.359
12791,250.359
12792,250.359
12793,250.359
12794,250.359
12795,250.359
12796,250.359
12797,250.359
12798,250.359
12799,250.359
12800,250.596
12801,250.596
12802,250.596
12803,250.596
12804,250.596
12805,250.596
12806,250.596
12807,250.596
12808,250.596
12809,250.596
12810,250.596
12811,250.596
12812,250.596
12813,250.596
12814,250.596
12815,250.596
12816,250.596
12817,250.596
12818,250.596
12819,250.596
12820,250.596
12821,250.596
12822,250.596
12823,250.596
12824,250.596
12825,250.596
12826,250.596
12827,250.596
12828,250.596
12829,250.596
12830,250.596
12831,250.596
12832,250.596
12833,250.596
12834,250.596
12835,250.596
12836,250.596
12837,250.596
12838,250.596
12839,250.596
12840,250.596
12841,250.596
12842,250.596
12843,250.596
12844,250.596
12845,250.596
12846,250.596
12847,250.596
12848,250.596
12849,250.596
12850,250.596
12851,250.596
12852,250.596
12853,250.596
12854,250.596
12855,250.596
12856,250.596
12857,250.596
12858,250.596
12859,250.596
12860,250.596
12861,250.596
12862,250.596
12863,250.596
12864,250.596
12865,250.596
12866,250.596
12867,250.596
12868,250.596
12869,250.596
12870,250.596
12871,250.596
12872,250.596
12873,250.596
12874,250.596
12875,250.596
12876,250.596
12877,250.596
12878,250.596
12879,250.596
12880,250.596
12881,250.596
12882,250.596
12883,250.596
12884,250.596
12885,250.596
12886,250.596
12887,250.596
12888,250.596
12889,250.596
12890,250.596
12891,250.596
12892,250.596
12893,250.596
12894,250.596
12895,250.596
12896,250.596
12897,250.596
12898,250.596
12899,250.596
12900,250.867
12901,250.867
12902,250.867
12903,250.867
12904,250.867
12905,250.867
12906,250.867
12907,250.867
12908,250.867
12909,250.867
12910,250.867
12911,250.867
12912,250.867
12913,250.867
12914,250.867
12915,250.867
12916,250.867
12917,250.867
12918,250.867
12919,250.867
12920,250.867
12921,250.867
12922,250.867
12923,250.867
12924,250.867
12925,250.867
12926,250.867
12927,250.867
12928,250.867
12929,250.867
12930,250.867
12931,250.867
12932,250.867
12933,250.867
12934,250.867
12935,250.867
12936,250.867
12937,250.867
12938,250.867
12939,250.867
12940,250.867
12941,250.867
12942,250.867
12943,250.867
12944,250.867
12945,250.867
12946,250.867
12947,250.867
12948,250.867
12949,250.867
12950,250.867
12951,250.867
12952,250.867
12953,250.867
12954,250.867
12955,250.867
12956,250.867
12957,250.867
12958,250.867
12959,250.867
12960,250.867
12961,250.867
12962,250.867
12963,250.867
12964,250.867
12965,250.867
12966,250.867
12967,250.867
12968,250.867
12969,250.867
12970,250.867
12971,250.867
12972,250.867
12973,250.867
12974,250.867
12975,250.867
12976,250.867
12977,250.867
12978,250.867
12979,250.867
12980,250.867
12981,250.867
12982,250.867
12983,250.867
12984,250.867
12985,250.867
12986,250.867
12987,250.867
12988,250.867
12989,250.867
12990,250.867
12991,250.867
12992,250.867
12993,250.867
12994,250.867
12995,250.867
12996,250.867
12997,250.867
12998,250.867
12999,250.867
13000,251.438
13001,251.438
13002,251.438
13003,251.438
13004,251.438
13005,251.438
13006,251.438
13007,251.438
13008,251.438
13009,251.438
13010,251.438
13011,251.438
13012,251.438
13013,251.438
13014,251.438
13015,251.438
13016,251.438
13017,251.438
13018,251.438
13019,251.438
13020,251.438
13021,251.438
13022,251.438
13023,251.438
13024,251.438
13025,251.438
13026,251.438
13027,251.438
13028,251.438
13029,251.438
13030,251.438
13031,251.438
13032,251.438
13033,251.438
13034,251.438
13035,251.438
13036,251.438
13037,251.438
13038,251.438
13039,251.438
13040,251.438
13041,251.438
13042,251.438
13043,251.438
13044,251.438
13045,251.438
13046,251.438
13047,251.438
13048,251.438
13049,251.438
13050,251.438
13051,251.438
13052,251.438
13053,251.438
13054,251.438
13055,251.438
13056,251.438
13057,251.438
13058,251.438
13059,251.438
13060,251.438
13061,251.438
13062,251.438
13063,251.438
13064,251.438
13065,251.438
13066,251.438
13067,251.438
13068,251.438
13069,251.438
13070,251.438
13071,251.438
13072,251.438
13073,251.438
13074,251.438
13075,251.438
13076,251.438
13077,251.438
13078,251.438
13079,251.438
13080,251.438
13081,251.438
13082,251.438
13083,251.438
13084,251.438
13085,251.438
13086,251.438
13087,251.438
13088,251.438
13089,251.438
13090,251.438
13091,251.438
13092,251.438
13093,251.438
13094,251.438
13095,251.438
13096,251.438
13097,251.438
13098,251.438
13099,251.438
13100,252.397
13101,252.397
13102,252.397
13103,252.397
13104,252.397
13105,252.397
13106,252.397
13107,252.397
13108,252.397
13109,252.397
13110,252.397
13111,252.397
13112,252.397
13113,252.397
13114,252.397
13115,252.397
13116,252.397
13117,252.397
13118,252.397
13119,252.397
13120,252.397
13121,252.397
13122,252.397
13123,252.397
13124,252.397
13125,252.397
13126,252.397
13127,252.397
13128,252.397
13129,252.397
13130,252.397
13131,252.397
13132,252.397
13133,252.397
13134,252.397
13135,252.397
13136,252.397
13137,252.397
13138,252.397
13139,252.397
13140,252.397
13141,252.397
13142,252.397
13143,252.397
13144,252.397
13145,252.397
13146,252.397
13147,252.397
13148,252.397
13149,252.397
13150,252.397
13151,252.397
13152,252.397
13153,252.397
13154,252.397
13155,252.397
13156,252.397
13157,252.397
13158,252.397
13159,252.397
13160,252.397
13161,252.397
13162,252.397
13163,252.397
13164,252.397
13165,252.397
13166,252.397
13167,252.397
13168,252.397
13169,252.397
13170,252.397
13171,252.397
13172,252.397
13173,252.397
13174,252.397
13175,252.397
13176,252.397
13177,252.397
13178,252.397
13179,252.397
13180,252.397
13181,252.397
13182,252.397
13183,252.397
13184,252.397
13185,252.397
13186,252.397
13187,252.397
13188,252.397
13189,252.397
13190,252.397
13191,252.397
13192,252.397
13193,252.397
13194,252.397
13195,252.397
13196,252.397
13197,252.397
13198,252.397
13199,252.397
13200,253.492
13201,253.492
13202,253.492
13203,253.492
13204,253.492
13205,253.492
13206,253.492
13207,253.492
13208,253.492
13209,253.492
13210,253.492
13211,253.492
13212,253.492
13213,253.492
13214,253.492
13215,253.492
13216,253.492
13217,253.492
13218,253.492
13219,253.492
13220,253.492
13221,253.492
13222,253.492
13223,253.492
13224,253.492
13225,253.492
13226,253.492
13227,253.492
13228,253.492
13229,253.492
13230,253.492
13231,253.492
13232,253.492
13233,253.492
13234,253.492
13235,253.492
13236,253.492
13237,253.492
13238,253.492
13239,253.492
13240,253.492
13241,253.492
13242,253.492
13243,253.492
13244,253.492
13245,253.492
13246,253.492
13247,253.492
13248,253.492
13249,253.492
13250,253.492
13251,253.492
13252,253.492
13253,253.492
13254,253.492
13255,253.492
13256,253.492
13257,253.492
13258,253.492
13259,253.492
13260,253.492
13261,253.492
13262,253.492
13263,253.492
13264,253.492
13265,253.492
13266,253.492
13267,253.492
13268,253.492
13269,253.492
13270,253.492
13271,253.492
13272,253.492
13273,253.492
13274,253.492
13275,253.492
13276,253.492
13277,253.492
13278,253.492
13279,253.492
13280,253.492
13281,253.492
13282,253.492
13283,253.492
13284,253.492
13285,253.492
13286,253.492
13287,253.492
13288,253.492
13289,253.492
13290,253.492
13291,253.492
13292,253.492
13293,253.492
13294,253.492
13295,253.492
13296,253.492
13297,253.492
13298,253.492
13299,253.492
13300,253.32
13301,253.32
13302,253.32
13303,253.32
13304,253.32
13305,253.32
13306,253.32
13307,253.32
13308,253.32
13309,253.32
13310,253.32
13311,253.32
13312,253.32
13313,253.32
13314,253.32
13315,253.32
13316,253.32
13317,253.32
13318,253.32
13319,253.32
13320,253.32
13321,253.32
13322,253.32
13323,253.32
13324,253.32
13325,253.32
13326,253.32
13327,253.32
13328,253.32
13329,253.32
13330,253.32
13331,253.32
13332,253.32
13333,253.32
13334,253.32
13335,253.32
13336,253.32
13337,253.32
13338,253.32
13339,253.32
13340,253.32
13341,253.32
13342,253.32
13343,253.32
13344,253.32
13345,253.32
13346,253.32
13347,253.32
13348,253.32
13349,253.32
13350,253.32
13351,253.32
13352,253.32
13353,253.32
13354,253.32
13355,253.32
13356,253.32
13357,253.32
13358,253.32
13359,253.32
13360,253.32
13361,253.32
13362,253.32
13363,253.32
13364,253.32
13365,253.32
13366,253.32
13367,253.32
13368,253.32
13369,253.32
13370,253.32
13371,253.32
13372,253.32
13373,253.32
13374,253.32
13375,253.32
13376,253.32
13377,253.32
13378,253.32
13379,253.32
13380,253.32
13381,253.32
13382,253.32
13383,253.32
13384,253.32
13385,253.32
13386,253.32
13387,253.32
13388,253.32
13389,253.32
13390,253.32
13391,253.32
13392,253.32
13393,253.32
13394,253.32
13395,253.32
13396,253.32
13397,253.32
13398,253.32
13399,253.32
13400,253.099
13401,253.099
13402,253.099
13403,253.099
13404,253.099
13405,253.099
13406,253.099
13407,253.099
13408,253.099
13409,253.099
13410,253.099
13411,253.099
13412,253.099
13413,253.099
13414,253.099
13415,253.099
13416,253.099
13417,253.099
13418,253.099
13419,253.099
13420,253.099
13421,253.099
13422,253.099
13423,253.099
13424,253.099
13425,253.099
13426,253.099
13427,253.099
13428,253.099
13429,253.099
13430,253.099
13431,253.099
13432,253.099
13433,253.099
13434,253.099
13435,253.099
13436,253.099
13437,253.099
13438,253.099
13439,253.099
13440,253.099
13441,253.099
13442,253.099
13443,253.099
13444,253.099
13445,253.099
13446,253.099
13447,253.099
13448,253.099
13449,253.099
13450,253.099
13451,253.099
13452,253.099
13453,253.099
13454,253.099
13455,253.099
13456,253.099
13457,253.099
13458,253.099
13459,253.099
13460,253.099
13461,253.099
13462,253.099
13463,253.099
13464,253.099
13465,253.099
13466,253.099
13467,253.099
13468,253.099
13469,253.099
13470,253.099
13471,253.099
13472,253.099
13473,253.099
13474,253.099
13475,253.099
13476,253.099
13477,253.099
13478,253.099
13479,253.099
13480,253.099
13481,253.099
13482,253.099
13483,253.099
13484,253.099
13485,253.099
13486,253.099
13487,253.099
13488,253.099
13489,253.099
13490,253.099
13491,253.099
13492,253.099
13493,253.099
13494,253.099
13495,253.099
13496,253.099
13497,253.099
13498,253.099
13499,253.099
13500,252.51
13501,252.51
13502,252.51
13503,252.51
13504,252.51
13505,252.51
13506,252.51
13507,252.51
13508,252.51
13509,252.51
13510,252.51
13511,252.51
13512,252.51
13513,252.51
13514,252.51
13515,252.51
13516,252.51
13517,252.51
13518,252.51
13519,252.51
13520,252.51
13521,252.51
13522,252.51
13523,252.51
13524,252.51
13525,252.51
13526,252.51
13527,252.51
13528,252.51
13529,252.51
13530,252.51
13531,252.51
13532,252.51
13533,252.51
13534,252.51
13535,252.51
13536,252.51
13537,252.51
13538,252.51
13539,252.51
13540,252.51
13541,252.51
13542,252.51
13543,252.51
13544,252.51
13545,252.51
13546,252.51
13547,252.51
13548,252.51
13549,252.51
13550,252.51
13551,252.51
13552,252.51
13553,252.51
13554,252.51
13555,252.51
13556,252.51
13557,252.51
13558,252.51
13559,252.51
13560,252.51
13561,252.51
13562,252.51
13563,252.51
13564,252.51
13565,252.51
13566,252.51
13567,252.51
13568,252.51
13569,252.51
13570,252.51
13571,252.51
13572,252.51
13573,252.51
13574,252.51
13575,252.51
13576,252.51
13577,252.51
13578,252.51
13579,252.51
13580,252.51
13581,252.51
13582,252.51
13583,252.51
13584,252.51
13585,252.51
13586,252.51
13587,252.51
13588,252.51
13589,252.51
13590,252.51
13591,252.51
13592,252.51
13593,252.51
13594,252.51
13595,252.51
13596,252.51
13597,252.51
13598,252.51
13599,252.51
13600,252.352
13601,252.352
13602,252.352
13603,252.352
13604,252.352
13605,252.352
13606,252.352
13607,252.352
13608,252.352
13609,252.352
13610,252.352
13611,252.352
13612,252.352
13613,252.352
13614,252.352
13615,252.352
13616,252.352
13617,252.352
13618,252.352
13619,252.352
13620,252.352
13621,252.352
13622,252.352
13623,252.352
13624,252.352
13625,252.352
13626,252.352
13627,252.352
13628,252.352
13629,252.352
13630,252.352
13631,252.352
13632,252.352
13633,252.352
13634,252.352
13635,252.352
13636,252.352
13637,252.352
13638,252.352
13639,252.352
13640,252.352
13641,252.352
13642,252.352
13643,252.352
13644,252.352
13645,252.352
13646,252.352
13647,252.352
13648,252.352
13649,252.352
13650,252.352
13651,252.352
13652,252.352
13653,252.352
13654,252.352
13655,252.352
13656,252.352
13657,252.352
13658,252.352
13659,252.352
13660,252.352
13661,252.352
13662,252.352
13663,252.352
13664,252.352
13665,252.352
13666,252.352
13667,252.352
13668,252.352
13669,252.352
13670,252.352
13671,252.352
13672,252.352
13673,252.352
13674,252.352
13675,252.352
13676,252.352
13677,252.352
13678,252.352
13679,252.352
13680,252.352
13681,252.352
13682,252.352
13683,252.352
13684,252.352
13685,252.352
13686,252.352
13687,252.352
13688,252.352
13689,252.352
13690,252.352
13691,252.352
13692,252.352
13693,252.352
13694,252.352
13695,252.352
13696,252.352
13697,252.352
13698,252.352
13699,252.352
13700,252.28
13701,252.28
13702,252.28
13703,252.28
13704,252.28
13705,252.28
13706,252.28
13707,252.28
13708,252.28
13709,252.28
13710,252.28
13711,252.28
13712,252.28
13713,252.28
13714,252.28
13715,252.28
13716,252.28
13717,252.28
13718,252.28
13719,252.28
13720,252.28
13721,252.28
13722,252.28
13723,252.28
13724,252.28
13725,252.28
13726,252.28
13727,252.28
13728,252.28
13729,252.28
13730,252.28
13731,252.28
13732,252.28
13733,252.28
13734,252.28
13735,252.28
13736,252.28
13737,252.28
13738,252.28
13739,252.28
13740,252.28
13741,252.28
13742,252.28
13743,252.28
13744,252.28
13745,252.28
13746,252.28
13747,252.28
13748,252.28
13749,252.28
13750,252.28
13751,252.28
13752,252.28
13753,252.28
13754,252.28
13755,252.28
13756,252.28
13757,252.28
13758,252.28
13759,252.28
13760,252.28
13761,252.28
13762,252.28
13763,252.28
13764,252.28
13765,252.28
13766,252.28
13767,252.28
13768,252.28
13769,252.28
13770,252.28
13771,252.28
13772,252.28
13773,252.28
13774,252.28
13775,252.28
13776,252.28
13777,252.28
13778,252.28
13779,252.28
13780,252.28
13781,252.28
13782,252.28
13783,252.28
13784,252.28
13785,252.28
13786,252.28
13787,252.28
13788,252.28
13789,252.28
13790,252.28
13791,252.28
13792,252.28
13793,252.28
13794,252.28
13795,252.28
13796,252.28
13797,252.28
13798,252.28
13799,252.28
13800,252.675
13801,252.675
13802,252.675
13803,252.675
13804,252.675
13805,252.675
13806,252.675
13807,252.675
13808,252.675
13809,252.675
13810,252.675
13811,252.675
13812,252.675
13813,252.675
13814,252.675
13815,252.675
13816,252.675
13817,252.675
13818,252.675
13819,252.675
13820,252.675
13821,252.675
13822,252.675
13823,252.675
13824,252.675
13825,252.675
13826,252.675
13827,252.675
13828,252.675
13829,252.675
13830,252.675
13831,252.675
13832,252.675
13833,252.675
13834,252.675
13835,252.675
13836,252.675
13837,252.675
13838,252.675
13839,252.675
13840,252.675
13841,252.675
13842,252.675
13843,252.675
13844,252.675
13845,252.675
13846,252.675
13847,252.675
13848,252.675
13849,252.675
13850,252.675
13851,252.675
13852,252.675
13853,252.675
13854,252.675
13855,252.675
13856,252.675
13857,252.675
13858,252.675
13859,252.675
13860,252.675
13861,252.675
13862,252.675
13863,252.675
13864,252.675
13865,252.675
13866,252.675
13867,252.675
13868,252.675
13869,252.675
13870,252.675
13871,252.675
13872,252.675
13873,252.675
13874,252.675
13875,252.675
13876,252.675
13877,252.675
13878,252.675
13879,252.675
13880,252.675
13881,252.675
13882,252.675
13883,252.675
13884,252.675
13885,252.675
13886,252.675
13887,252.675
13888,252.675
13889,252.675
13890,252.675
13891,252.675
13892,252.675
13893,252.675
13894,252.675
13895,252.675
13896,252.675
13897,252.675
13898,252.675
13899,252.675
13900,252.922
13901,252.922
13902,252.922
13903,252.922
13904,252.922
13905,252.922
13906,252.922
13907,252.922
13908,252.922
13909,252.922
13910,252.922
13911,252.922
13912,252.922
13913,252.922
13914,252.922
13915,252.922
13916,252.922
13917,252.922
13918,252.922
13919,252.922
13920,252.922
13921,252.922
13922,252.922
13923,252.922
13924,252.922
13925,252.922
13926,252.922
13927,252.922
13928,252.922
13929,252.922
13930,252.922
13931,252.922
13932,252.922
13933,252.922
13934,252.922
13935,252.922
13936,252.922
13937,252.922
13938,252.922
13939,252.922
13940,252.922
13941,252.922
13942,252.922
13943,252.922
13944,252.922
13945,252.922
13946,252.922
13947,252.922
13948,252.922
13949,252.922
13950,252.922
13951,252.922
13952,252.922
13953,252.922
13954,252.922
13955,252.922
13956,252.922
13957,252.922
13958,252.922
13959,252.922
13960,252.922
13961,252.922
13962,252.922
13963,252.922
13964,252.922
13965,252.922
13966,252.922
13967,252.922
13968,252.922
13969,252.922
13970,252.922
13971,252.922
13972,252.922
13973,252.922
13974,252.922
13975,252.922
13976,252.922
13977,252.922
13978,252.922
13979,252.922
13980,252.922
13981,252.922
13982,252.922
13983,252.922
13984,252.922
13985,252.922
13986,252.922
13987,252.922
13988,252.922
13989,252.922
13990,252.922
13991,252.922
13992,252.922
13993,252.922
13994,252.922
13995,252.922
13996,252.922
13997,252.922
13998,252.922
13999,252.922
14000,253.104
14001,253.104
14002,253.104
14003,253.104
14004,253.104
14005,253.104
14006,253.104
14007,253.104
14008,253.104
14009,253.104
14010,253.104
14011,253.104
14012,253.104
14013,253.104
14014,253.104
14015,253.104
14016,253.104
14017,253.104
14018,253.104
14019,253.104
14020,253.104
14021,253.104
14022,253.104
14023,253.104
14024,253.104
14025,253.104
14026,253.104
14027,253.104
14028,253.104
14029,253.104
14030,253.104
14031,253.104
14032,253.104
14033,253.104
14034,253.104
14035,253.104
14036,253.104
14037,253.104
14038,253.104
14039,253.104
14040,253.104
14041,253.104
14042,253.104
14043,253.104
14044,253.104
14045,253.104
14046,253.104
14047,253.104
14048,253.104
14049,253.104
14050,253.104
14051,253.104
14052,253.104
14053,253.104
14054,253.104
14055,253.104
14056,253.104
14057,253.104
14058,253.104
14059,253.104
14060,253.104
14061,253.104
14062,253.104
14063,253.104
14064,253.104
14065,253.104
14066,253.104
14067,253.104
14068,253.104
14069,253.104
14070,253.104
14071,253.104
14072,253.104
14073,253.104
14074,253.104
14075,253.104
14076,253.104
14077,253.104
14078,253.104
14079,253.104
14080,253.104
14081,253.104
14082,253.104
14083,253.104
14084,253.104
14085,253.104
14086,253.104
14087,253.104
14088,253.104
14089,253.104
14090,253.104
14091,253.104
14092,253.104
14093,253.104
14094,253.104
14095,253.104
14096,253.104
14097,253.104
14098,253.104
14099,253.104
14100,254.059
14101,254.059
14102,254.059
14103,254.059
14104,254.059
14105,254.059
14106,254.059
14107,254.059
14108,254.059
14109,254.059
14110,254.059
14111,254.059
14112,254.059
14113,254.059
14114,254.059
14115,254.059
14116,254.059
14117,254.059
14118,254.059
14119,254.059
14120,254.059
14121,254.059
14122,254.059
14123,254.059
14124,254.059
14125,254.059
14126,254.059
14127,254.059
14128,254.059
14129,254.059
14130,254.059
14131,254.059
14132,254.059
14133,254.059
14134,254.059
14135,254.059
14136,254.059
14137,254.059
14138,254.059
14139,254.059
14140,254.059
14141,254.059
14142,254.059
14143,254.059
14144,254.059
14145,254.059
14146,254.059
14147,254.059
14148,254.059
14149,254.059
14150,254.059
14151,254.059
14152,254.059
14153,254.059
14154,254.059
14155,254.059
14156,254.059
14157,254.059
14158,254.059
14159,254.059
14160,254.059
14161,254.059
14162,254.059
14163,254.059
14164,254.059
14165,254.059
14166,254.059
14167,254.059
14168,254.059
14169,254.059
14170,254.059
14171,254.059
14172,254.059
14173,254.059
14174,254.059
14175,254.059
14176,254.059
14177,254.059
14178,254.059
14179,254.059
14180,254.059
14181,254.059
14182,254.059
14183,254.059
14184,254.059
14185,254.059
14186,254.059
14187,254.059
14188,254.059
14189,254.059
14190,254.059
14191,254.059
14192,254.059
14193,254.059
14194,254.059
14195,254.059
14196,254.059
14197,254.059
14198,254.059
14199,254.059
14200,254.224
14201,254.224
14202,254.224
14203,254.224
14204,254.224
14205,254.224
14206,254.224
14207,254.224
14208,254.224
14209,254.224
14210,254.224
14211,254.224
14212,254.224
14213,254.224
14214,254.224
14215,254.224
14216,254.224
14217,254.224
14218,254.224
14219,254.224
14220,254.224
14221,254.224
14222,254.224
14223,254.224
14224,254.224
14225,254.224
14226,254.224
14227,254.224
14228,254.224
14229,254.224
14230,254.224
14231,254.224
14232,254.224
14233,254.224
14234,254.224
14235,254.224
14236,254.224
14237,254.224
14238,254.224
14239,254.224
14240,254.224
14241,254.224
14242,254.224
14243,254.224
14244,254.224
14245,254.224
14246,254.224
14247,254.224
14248,254.224
14249,254.224
14250,254.224
14251,254.224
14252,254.224
14253,254.224
14254,254.224
14255,254.224
14256,254.224
14257,254.224
14258,254.224
14259,254.224
14260,254.224
14261,254.224
14262,254.224
14263,254.224
14264,254.224
14265,254.224
14266,254.224
14267,254.224
14268,254.224
14269,254.224
14270,254.224
14271,254.224
14272,254.224
14273,254.224
14274,254.224
14275,254.224
14276,254.224
14277,254.224
14278,254.224
14279,254.224
14280,254.224
14281,254.224
14282,254.224
14283,254.224
14284,254.224
14285,254.224
14286,254.224
14287,254.224
14288,254.224
14289,254.224
14290,254.224
14291,254.224
14292,254.224
14293,254.224
14294,254.224
14295,254.224
14296,254.224
14297,254.224
14298,254.224
14299,254.224
14300,254.872
14301,254.872
14302,254.872
14303,254.872
14304,254.872
14305,254.872
14306,254.872
14307,254.872
14308,254.872
14309,254.872
14310,254.872
14311,254.872
14312,254.872
14313,254.872
14314,254.872
14315,254.872
14316,254.872
14317,254.872
14318,254.872
14319,254.872
14320,254.872
14321,254.872
14322,254.872
14323,254.872
14324,254.872
14325,254.872
14326,254.872
14327,254.872
14328,254.872
14329,254.872
14330,254.872
14331,254.872
14332,254.872
14333,254.872
14334,254.872
14335,254.872
14336,254.872
14337,254.872
14338,254.872
14339,254.872
14340,254.872
14341,254.872
14342,254.872
14343,254.872
14344,254.872
14345,254.872
14346,254.872
14347,254.872
14348,254.872
14349,254.872
14350,254.872
14351,254.872
14352,254.872
14353,254.872
14354,254.872
14355,254.872
14356,254.872
14357,254.872
14358,254.872
14359,254.872
14360,254.872
14361,254.872
14362,254.872
14363,254.872
14364,254.872
14365,254.872
14366,254.872
14367,254.872
14368,254.872
14369,254.872
14370,254.872
14371,254.872
14372,254.872
14373,254.872
14374,254.872
14375,254.872
14376,254.872
14377,254.872
14378,254.872
14379,254.872
14380,254.872
14381,254.872
14382,254.872
14383,254.872
14384,254.872
14385,254.872
14386,254.872
14387,254.872
14388,254.872
14389,254.872
14390,254.872
14391,254.872
14392,254.872
14393,254.872
14394,254.872
14395,254.872
14396,254.872
14397,254.872
14398,254.872
14399,254.872
14400,254.946
14401,254.946
14402,254.946
14403,254.946
14404,254.946
14405,254.946
14406,254.946
14407,254.946
14408,254.946
14409,254.946
14410,254.946
14411,254.946
14412,254.946
14413,254.946
14414,254.946
14415,254.946
14416,254.946
14417,254.946
14418,254.946
14419,254.946
14420,254.946
14421,254.946
14422,254.946
14423,254.946
14424,254.946
14425,254.946
14426,254.946
14427,254.946
14428,254.946
14429,254.946
14430,254.946
14431,254.946
14432,254.946
14433,254.946
14434,254.946
14435,254.946
14436,254.946
14437,254.946
14438,254.946
14439,254.946
14440,254.946
14441,254.946
14442,254.946
14443,254.946
14444,254.946
14445,254.946
14446,254.946
14447,254.946
14448,254.946
14449,254.946
14450,254.946
14451,254.946
14452,254.946
14453,254.946
14454,254.946
14455,254.946
14456,254.946
14457,254.946
14458,254.946
14459,254.946
14460,254.946
14461,254.946
14462,254.946
14463,254.946
14464,254.946
14465,254.946
14466,254.946
14467,254.946
14468,254.946
14469,254.946
14470,254.946
14471,254.946
14472,254.946
14473,254.946
14474,254.946
14475,254.946
14476,254.946
14477,254.946
14478,254.946
14479,254.946
14480,254.946
14481,254.946
14482,254.946
14483,254.946
14484,254.946
14485,254.946
14486,254.946
14487,254.946
14488,254.946
14489,254.946
14490,254.946
14491,254.946
14492,254.946
14493,254.946
14494,254.946
14495,254.946
14496,254.946
14497,254.946
14498,254.946
14499,254.946
14500,247.979
14501,247.979
14502,247.979
14503,247.979
14504,247.979
14505,247.979
14506,247.979
14507,247.979
14508,247.979
14509,247.979
14510,247.979
14511,247.979
14512,247.979
14513,247.979
14514,247.979
14515,247.979
14516,247.979
14517,247.979
14518,247.979
14519,247.979
14520,247.979
14521,247.979
14522,247.979
14523,247.979
14524,247.979
14525,247.979
14526,247.979
14527,247.979
14528,247.979
14529,247.979
14530,247.979
14531,247.979
14532,247.979
14533,247.979
14534,247.979
14535,247.979
14536,247.979
14537,247.979
14538,247.979
14539,247.979
14540,247.979
14541,247.979
14542,247.979
14543,247.979
14544,247.979
14545,247.979
14546,247.979
14547,247.979
14548,247.979
14549,247.979
14550,247.979
14551,247.979
14552,247.979
14553,247.979
14554,247.979
14555,247.979
14556,247.979
14557,247.979
14558,247.979
14559,247.979
14560,247.979
14561,247.979
14562,247.979
14563,247.979
14564,247.979
14565,247.979
14566,247.979
14567,247.979
14568,247.979
14569,247.979
14570,247.979
14571,247.979
14572,247.979
14573,247.979
14574,247.979
14575,247.979
14576,247.979
14577,247.979
14578,247.979
14579,247.979
14580,247.979
14581,247.979
14582,247.979
14583,247.979
14584,247.979
14585,247.979
14586,247.979
14587,247.979
14588,247.979
14589,247.979
14590,247.979
14591,247.979
14592,247.979
14593,247.979
14594,247.979
14595,247.979
14596,247.979
14597,247.979
14598,247.979
14599,247.979
14600,247.907
14601,247.907
14602,247.907
14603,247.907
14604,247.907
14605,247.907
14606,247.907
14607,247.907
14608,247.907
14609,247.907
14610,247.907
14611,247.907
14612,247.907
14613,247.907
14614,247.907
14615,247.907
14616,247.907
14617,247.907
14618,247.907
14619,247.907
14620,247.907
14621,247.907
14622,247.907
14623,247.907
14624,247.907
14625,247.907
14626,247.907
14627,247.907
14628,247.907
14629,247.907
14630,247.907
14631,247.907
14632,247.907
14633,247.907
14634,247.907
14635,247.907
14636,247.907
14637,247.907
14638,247.907
14639,247.907
14640,247.907
14641,247.907
14642,247.907
14643,247.907
14644,247.907
14645,247.907
14646,247.907
14647,247.907
14648,247.907
14649,247.907
14650,247.907
14651,247.907
14652,247.907
14653,247.907
14654,247.907
14655,247.907
14656,247.907
14657,247.907
14658,247.907
14659,247.907
14660,247.907
14661,247.907
14662,247.907
14663,247.907
14664,247.907
14665,247.907
14666,247.907
14667,247.907
14668,247.907
14669,247.907
14670,247.907
14671,247.907
14672,247.907
14673,247.907
14674,247.907
14675,247.907
14676,247.907
14677,247.907
14678,247.907
14679,247.907
14680,247.907
14681,247.907
14682,247.907
14683,247.907
14684,247.907
14685,247.907
14686,247.907
14687,247.907
14688,247.907
14689,247.907
14690,247.907
14691,247.907
14692,247.907
14693,247.907
14694,247.907
14695,247.907
14696,247.907
14697,247.907
14698,247.907
14699,247.907
14700,247.743
14701,247.743
14702,247.743
14703,247.743
14704,247.743
14705,247.743
14706,247.743
14707,247.743
14708,247.743
14709,247.743
14710,247.743
14711,247.743
14712,247.743
14713,247.743
14714,247.743
14715,247.743
14716,247.743
14717,247.743
14718,247.743
14719,247.743
14720,247.743
14721,247.743
14722,247.743
14723,247.743
14724,247.743
14725,247.743
14726,247.743
14727,247.743
14728,247.743
14729,247.743
14730,247.743
14731,247.743
14732,247.743
14733,247.743
14734,247.743
14735,247.743
14736,247.743
14737,247.743
14738,247.743
14739,247.743
14740,247.743
14741,247.743
14742,247.743
14743,247.743
14744,247.743
14745,247.743
14746,247.743
14747,247.743
14748,247.743
14749,247.743
14750,247.743
14751,247.743
14752,247.743
14753,247.743
14754,247.743
14755,247.743
14756,247.743
14757,247.743
14758,247.743
14759,247.743
14760,247.743
14761,247.743
14762,247.743
14763,247.743
14764,247.743
14765,247.743
14766,247.743
14767,247.743
14768,247.743
14769,247.743
14770,247.743
14771,247.743
14772,247.743
14773,247.743
14774,247.743
14775,247.743
14776,247.743
14777,247.743
14778,247.743
14779,247.743
14780,247.743
14781,247.743
14782,247.743
14783,247.743
14784,247.743
14785,247.743
14786,247.743
14787,247.743
14788,247.743
14789,247.743
14790,247.743
14791,247.743
14792,247.743
14793,247.743
14794,247.743
14795,247.743
14796,247.743
14797,247.743
14798,247.743
14799,247.743
14800,248.106
14801,248.106
14802,248.106
14803,248.106
14804,248.106
14805,248.106
14806,248.106
14807,248.106
14808,248.106
14809,248.106
14810,248.106
14811,248.106
14812,248.106
14813,248.106
14814,248.106
14815,248.106
14816,248.106
14817,248.106
14818,248.106
14819,248.106
14820,248.106
14821,248.106
14822,248.106
14823,248.106
14824,248.106
14825,248.106
14826,248.106
14827,248.106
14828,248.106
14829,248.106
14830,248.106
14831,248.106
14832,248.106
14833,248.106
14834,248.106
14835,248.106
14836,248.106
14837,248.106
14838,248.106
14839,248.106
14840,248.106
14841,248.106
14842,248.106
14843,248.106
14844,248.106
14845,248.106
14846,248.106
14847,248.106
14848,248.106
14849,248.106
14850,248.106
14851,248.106
14852,248.106
14853,248.106
14854,248.106
14855,248.106
14856,248.106
14857,248.106
14858,248.106
14859,248.106
14860,248.106
14861,248.106
14862,248.106
14863,248.106
14864,248.106
14865,248.106
14866,248.106
14867,248.106
14868,248.106
14869,248.106
14870,248.106
14871,248.106
14872,248.106
14873,248.106
14874,248.106
14875,248.106
14876,248.106
14877,248.106
14878,248.106
14879,248.106
14880,248.106
14881,248.106
14882,248.106
14883,248.106
14884,248.106
14885,248.106
14886,248.106
14887,248.106
14888,248.106
14889,248.106
14890,248.106
14891,248.106
14892,248.106
14893,248.106
14894,248.106
14895,248.106
14896,248.106
14897,248.106
14898,248.106
14899,248.106
14900,248.155
14901,248.155
14902,248.155
14903,248.155
14904,248.155
14905,248.155
14906,248.155
14907,248.155
14908,248.155
14909,248.155
14910,248.155
14911,248.155
14912,248.155
14913,248.155
14914,248.155
14915,248.155
14916,248.155
14917,248.155
14918,248.155
14919,248.155
14920,248.155
14921,248.155
14922,248.155
14923,248.155
14924,248.155
14925,248.155
14926,248.155
14927,248.155
14928,248.155
14929,248.155
14930,248.155
14931,248.155
14932,248.155
14933,248.155
14934,248.155
14935,248.155
14936,248.155
14937,248.155
14938,248.155
14939,248.155
14940,248.155
14941,248.155
14942,248.155
14943,248.155
14944,248.155
14945,248.155
14946,248.155
14947,248.155
14948,248.155
14949,248.155
14950,248.155
14951,248.155
14952,248.155
14953,248.155
14954,248.155
14955,248.155
14956,248.155
14957,248.155
14958,248.155
14959,248.155
14960,248.155
14961,248.155
14962,248.155
14963,248.155
14964,248.155
14965,248.155
14966,248.155
14967,248.155
14968,248.155
14969,248.155
14970,248.155
14971,248.155
14972,248.155
14973,248.155
14974,248.155
14975,248.155
14976,248.155
14977,248.155
14978,248.155
14979,248.155
14980,248.155
14981,248.155
14982,248.155
14983,248.155
14984,248.155
14985,248.155
14986,248.155
14987,248.155
14988,248.155
14989,248.155
14990,248.155
14991,248.155
14992,248.155
14993,248.155
14994,248.155
14995,248.155
14996,248.155
14997,248.155
14998,248.155
14999,248.155
15000,247.854
15001,247.854
15002,247.854
15003,247.854
15004,247.854
15005,247.854
15006,247.854
15007,247.854
15008,247.854
15009,247.854
15010,247.854
15011,247.854
15012,247.854
15013,247.854
15014,247.854
15015,247.854
15016,247.854
15017,247.854
15018,247.854
15019,247.854
15020,247.854
15021,247.854
15022,247.854
15023,247.854
15024,247.854
15025,247.854
15026,247.854
15027,247.854
15028,247.854
15029,247.854
15030,247.854
15031,247.854
15032,247.854
15033,247.854
15034,247.854
15035,247.854
15036,247.854
15037,247.854
15038,247.854
15039,247.854
15040,247.854
15041,247.854
15042,247.854
15043,247.854
15044,247.854
15045,247.854
15046,247.854
15047,247.854
15048,247.854
15049,247.854
15050,247.854
15051,247.854
15052,247.854
15053,247.854
15054,247.854
15055,247.854
15056,247.854
15057,247.854
15058,247.854
15059,247.854
15060,247.854
15061,247.854
15062,247.854
15063,247.854
15064,247.854
15065,247.854
15066,247.854
15067,247.854
15068,247.854
15069,247.854
15070,247.854
15071,247.854
15072,247.854
15073,247.854
15074,247.854
15075,247.854
15076,247.854
15077,247.854
15078,247.854
15079,247.854
15080,247.854
15081,247.854
15082,247.854
15083,247.854
15084,247.854
15085,247.854
15086,247.854
15087,247.854
15088,247.854
15089,247.854
15090,247.854
15091,247.854
15092,247.854
15093,247.854
15094,247.854
15095,247.854
15096,247.854
15097,247.854
15098,247.854
15099,247.854
15100,247.549
15101,247.549
15102,247.549
15103,247.549
15104,247.549
15105,247.549
15106,247.549
15107,247.549
15108,247.549
15109,247.549
15110,247.549
15111,247.549
15112,247.549
15113,247.549
15114,247.549
15115,247.549
15116,247.549
15117,247.549
15118,247.549
15119,247.549
15120,247.549
15121,247.549
15122,247.549
15123,247.549
15124,247.549
15125,247.549
15126,247.549
15127,247.549
15128,247.549
15129,247.549
15130,247.549
15131,247.549
15132,247.549
15133,247.549
15134,247.549
15135,247.549
15136,247.549
15137,247.549
15138,247.549
15139,247.549
15140,247.549
15141,247.549
15142,247.549
15143,247.549
15144,247.549
15145,247.549
15146,247.549
15147,247.549
15148,247.549
15149,247.549
15150,247.549
15151,247.549
15152,247.549
15153,247.549
15154,247.549
15155,247.549
15156,247.549
15157,247.549
15158,247.549
15159,247.549
15160,247.549
15161,247.549
15162,247.549
15163,247.549
15164,247.549
15165,247.549
15166,247.549
15167,247.549
15168,247.549
15169,247.549
15170,247.549
15171,247.549
15172,247.549
15173,247.549
15174,247.549
15175,247.549
15176,247.549
15177,247.549
15178,247.549
15179,247.549
15180,247.549
15181,247.549
15182,247.549
15183,247.549
15184,247.549
15185,247.549
15186,247.549
15187,247.549
15188,247.549
15189,247.549
15190,247.549
15191,247.549
15192,247.549
15193,247.549
15194,247.549
15195,247.549
15196,247.549
15197,247.549
15198,247.549
15199,247.549
15200,246.702
15201,246.702
15202,246.702
15203,246.702
15204,246.702
15205,246.702
15206,246.702
15207,246.702
15208,246.702
15209,246.702
15210,246.702
15211,246.702
15212,246.702
15213,246.702
15214,246.702
15215,246.702
15216,246.702
15217,246.702
15218,246.702
15219,246.702
15220,246.702
15221,246.702
15222,246.702
15223,246.702
15224,246.702
15225,246.702
15226,246.702
15227,246.702
15228,246.702
15229,246.702
15230,246.702
15231,246.702
15232,246.702
15233,246.702
15234,246.702
15235,246.702
15236,246.702
15237,246.702
15238,246.702
15239,246.702
15240,246.702
15241,246.702
15242,246.702
15243,246.702
15244,246.702
15245,246.702
15246,246.702
15247,246.702
15248,246.702
15249,246.702
15250,246.702
15251,246.702
15252,246.702
15253,246.702
15254,246.702
15255,246.702
15256,246.702
15257,246.702
15258,246.702
15259,246.702
15260,246.702
15261,246.702
15262,246.702
15263,246.702
15264,246.702
15265,246.702
15266,246.702
15267,246.702
15268,246.702
15269,246.702
15270,246.702
15271,246.702
15272,246.702
15273,246.702
15274,246.702
15275,246.702
15276,246.702
15277,246.702
15278,246.702
15279,246.702
15280,246.702
15281,246.702
15282,246.702
15283,246.702
15284,246.702
15285,246.702
15286,246.702
15287,246.702
15288,246.702
15289,246.702
15290,246.702
15291,246.702
15292,246.702
15293,246.702
15294,246.702
15295,246.702
15296,246.702
15297,246.702
15298,246.702
15299,246.702
15300,246.702
15301,246.603
15302,246.603
15303,246.603
15304,246.603
15305,246.603
15306,246.603
15307,246.603
15308,246.603
15309,246.603
15310,246.603
15311,246.603
15312,246.603
15313,246.603
15314,246.603
15315,246.603
15316,246.603
15317,246.603
15318,246.603
15319,246.603
15320,246.603
15321,246.603
15322,246.603
15323,246.603
15324,246.603
15325,246.603
15326,246.603
15327,246.603
15328,246.603
15329,246.603
15330,246.603
15331,246.603
15332,246.603
15333,246.603
15334,246.603
15335,246.603
15336,246.603
15337,246.603
15338,246.603
15339,246.603
15340,246.603
15341,246.603
15342,246.603
15343,246.603
15344,246.603
15345,246.603
15346,246.603
15347,246.603
15348,246.603
15349,246.603
15350,246.603
15351,246.603
15352,246.603
15353,246.603
15354,246.603
15355,246.603
15356,246.603
15357,246.603
15358,246.603
15359,246.603
15360,246.603
15361,246.603
15362,246.603
15363,246.603
15364,246.603
15365,246.603
15366,246.603
15367,246.603
15368,246.603
15369,246.603
15370,246.603
15371,246.603
15372,246.603
15373,246.603
15374,246.603
15375,246.603
15376,246.603
15377,246.603
15378,246.603
15379,246.603
15380,246.603
15381,246.603
15382,246.603
15383,246.603
15384,246.603
15385,246.603
15386,246.603
15387,246.603
15388,246.603
15389,246.603
15390,246.603
15391,246.603
15392,246.603
15393,246.603
15394,246.603
15395,246.603
15396,246.603
15397,246.603
15398,246.603
15399,246.603
15400,246.603
15401,245.988
15402,245.988
15403,245.988
15404,245.988
15405,245.988
15406,245.988
15407,245.988
15408,245.988
15409,245.988
15410,245.988
15411,245.988
15412,245.988
15413,245.988
15414,245.988
15415,245.988
15416,245.988
15417,245.988
15418,245.988
15419,245.988
15420,245.988
15421,245.988
15422,245.988
15423,245.988
15424,245.988
15425,245.988
15426,245.988
15427,245.988
15428,245.988
15429,245.988
15430,245.988
15431,245.988
15432,245.988
15433,245.988
15434,245.988
15435,245.988
15436,245.988
15437,245.988
15438,245.988
15439,245.988
15440,245.988
15441,245.988
15442,245.988
15443,245.988
15444,245.988
15445,245.988
15446,245.988
15447,245.988
15448,245.988
15449,245.988
15450,245.988
15451,245.988
15452,245.988
15453,245.988
15454,245.988
15455,245.988
15456,245.988
15457,245.988
15458,245.988
15459,245.988
15460,245.988
15461,245.988
15462,245.988
15463,245.988
15464,245.988
15465,245.988
15466,245.988
15467,245.988
15468,245.988
15469,245.988
15470,245.988
15471,245.988
15472,245.988
15473,245.988
15474,245.988
15475,245.988
15476,245.988
15477,245.988
15478,245.988
15479,245.988
15480,245.988
15481,245.988
15482,245.988
15483,245.988
15484,245.988
15485,245.988
15486,245.988
15487,245.988
15488,245.988
15489,245.988
15490,245.988
15491,245.988
15492,245.988
15493,245.988
15494,245.988
15495,245.988
15496,245.988
15497,245.988
15498,245.988
15499,245.988
15500,245.988
15501,254.264
15502,254.264
15503,254.264
15504,254.264
15505,254.264
15506,254.264
15507,254.264
15508,254.264
15509,254.264
15510,254.264
15511,254.264
15512,254.264
15513,254.264
15514,254.264
15515,254.264
15516,254.264
15517,254.264
15518,254.264
15519,254.264
15520,254.264
15521,254.264
15522,254.264
15523,254.264
15524,254.264
15525,254.264
15526,254.264
15527,254.264
15528,254.264
15529,254.264
15530,254.264
15531,254.264
15532,254.264
15533,254.264
15534,254.264
15535,254.264
15536,254.264
15537,254.264
15538,254.264
15539,254.264
15540,254.264
15541,254.264
15542,254.264
15543,254.264
15544,254.264
15545,254.264
15546,254.264
15547,254.264
15548,254.264
15549,254.264
15550,254.264
15551,254.264
15552,254.264
15553,254.264
15554,254.264
15555,254.264
15556,254.264
15557,254.264
15558,254.264
15559,254.264
15560,254.264
15561,254.264
15562,254.264
15563,254.264
15564,254.264
15565,254.264
15566,254.264
15567,254.264
15568,254.264
15569,254.264
15570,254.264
15571,254.264
15572,254.264
15573,254.264
15574,254.264
15575,254.264
15576,254.264
15577,254.264
15578,254.264
15579,254.264
15580,254.264
15581,254.264
15582,254.264
15583,254.264
15584,254.264
15585,254.264
15586,254.264
15587,254.264
15588,254.264
15589,254.264
15590,254.264
15591,254.264
15592,254.264
15593,254.264
15594,254.264
15595,254.264
15596,254.264
15597,254.264
15598,254.264
15599,254.264
15600,254.264
15601,254.997
15602,254.997
15603,254.997
15604,254.997
15605,254.997
15606,254.997
15607,254.997
15608,254.997
15609,254.997
15610,254.997
15611,254.997
15612,254.997
15613,254.997
15614,254.997
15615,254.997
15616,254.997
15617,254.997
15618,254.997
15619,254.997
15620,254.997
15621,254.997
15622,254.997
15623,254.997
15624,254.997
15625,254.997
15626,254.997
15627,254.997
15628,254.997
15629,254.997
15630,254.997
15631,254.997
15632,254.997
15633,254.997
15634,254.997
15635,254.997
15636,254.997
15637,254.997
15638,254.997
15639,254.997
15640,254.997
15641,254.997
15642,254.997
15643,254.997
15644,254.997
15645,254.997
15646,254.997
15647,254.997
15648,254.997
15649,254.997
15650,254.997
15651,254.997
15652,254.997
15653,254.997
15654,254.997
15655,254.997
15656,254.997
15657,254.997
15658,254.997
15659,254.997
15660,254.997
15661,254.997
15662,254.997
15663,254.997
15664,254.997
15665,254.997
15666,254.997
15667,254.997
15668,254.997
15669,254.997
15670,254.997
15671,254.997
15672,254.997
15673,254.997
15674,254.997
15675,254.997
15676,254.997
15677,254.997
15678,254.997
15679,254.997
15680,254.997
15681,254.997
15682,254.997
15683,254.997
15684,254.997
15685,254.997
15686,254.997
15687,254.997
15688,254.997
15689,254.997
15690,254.997
15691,254.997
15692,254.997
15693,254.997
15694,254.997
15695,254.997
15696,254.997
15697,254.997
15698,254.997
15699,254.997
15700,254.997
15701,254.933
15702,254.933
15703,254.933
15704,254.933
15705,254.933
15706,254.933
15707,254.933
15708,254.933
15709,254.933
15710,254.933
15711,254.933
15712,254.933
15713,254.933
15714,254.933
15715,254.933
15716,254.933
15717,254.933
15718,254.933
15719,254.933
15720,254.933
15721,254.933
15722,254.933
15723,254.933
15724,254.933
15725,254.933
15726,254.933
15727,254.933
15728,254.933
15729,254.933
15730,254.933
15731,254.933
15732,254.933
15733,254.933
15734,254.933
15735,254.933
15736,254.933
15737,254.933
15738,254.933
15739,254.933
15740,254.933
15741,254.933
15742,254.933
15743,254.933
15744,254.933
15745,254.933
15746,254.933
15747,254.933
15748,254.933
15749,254.933
15750,254.933
15751,254.933
15752,254.933
15753,254.933
15754,254.933
15755,254.933
15756,254.933
15757,254.933
15758,254.933
15759,254.933
15760,254.933
15761,254.933
15762,254.933
15763,254.933
15764,254.933
15765,254.933
15766,254.933
15767,254.933
15768,254.933
15769,254.933
15770,254.933
15771,254.933
15772,254.933
15773,254.933
15774,254.933
15775,254.933
15776,254.933
15777,254.933
15778,254.933
15779,254.933
15780,254.933
15781,254.933
15782,254.933
15783,254.933
15784,254.933
15785,254.933
15786,254.933
15787,254.933
15788,254.933
15789,254.933
15790,254.933
15791,254.933
15792,254.933
15793,254.933
15794,254.933
15795,254.933
15796,254.933
15797,254.933
15798,254.933
15799,254.933
15800,254.933
15801,254.676
15802,254.676
15803,254.676
15804,254.676
15805,254.676
15806,254.676
15807,254.676
15808,254.676
15809,254.676
15810,254.676
15811,254.676
15812,254.676
15813,254.676
15814,254.676
15815,254.676
15816,254.676
15817,254.676
15818,254.676
15819,254.676
15820,254.676
15821,254.676
15822,254.676
15823,254.676
15824,254.676
15825,254.676
15826,254.676
15827,254.676
15828,254.676
15829,254.676
15830,254.676
15831,254.676
15832,254.676
15833,254.676
15834,254.676
15835,254.676
15836,254.676
15837,254.676
15838,254.676
15839,254.676
15840,254.676
15841,254.676
15842,254.676
15843,254.676
15844,254.676
15845,254.676
15846,254.676
15847,254.676
15848,254.676
15849,254.676
15850,254.676
15851,254.676
15852,254.676
15853,254.676
15854,254.676
15855,254.676
15856,254.676
15857,254.676
15858,254.676
15859,254.676
15860,254.676
15861,254.676
15862,254.676
15863,254.676
15864,254.676
15865,254.676
15866,254.676
15867,254.676
15868,254.676
15869,254.676
15870,254.676
15871,254.676
15872,254.676
15873,254.676
15874,254.676
15875,254.676
15876,254.676
15877,254.676
15878,254.676
15879,254.676
15880,254.676
15881,254.676
15882,254.676
15883,254.676
15884,254.676
15885,254.676
15886,254.676
15887,254.676
15888,254.676
15889,254.676
15890,254.676
15891,254.676
15892,254.676
15893,254.676
15894,254.676
15895,254.676
15896,254.676
15897,254.676
15898,254.676
15899,254.676
15900,254.676
15901,254.504
15902,254.504
15903,254.504
15904,254.504
15905,254.504
15906,254.504
15907,254.504
15908,254.504
15909,254.504
15910,254.504
15911,254.504
15912,254.504
15913,254.504
15914,254.504
15915,254.504
15916,254.504
15917,254.504
15918,254.504
15919,254.504
15920,254.504
15921,254.504
15922,254.504
15923,254.504
15924,254.504
15925,254.504
15926,254.504
15927,254.504
15928,254.504
15929,254.504
15930,254.504
15931,254.504
15932,254.504
15933,254.504
15934,254.504
15935,254.504
15936,254.504
15937,254.504
15938,254.504
15939,254.504
15940,254.504
15941,254.504
15942,254.504
15943,254.504
15944,254.504
15945,254.504
15946,254.504
15947,254.504
15948,254.504
15949,254.504
15950,254.504
15951,254.504
15952,254.504
15953,254.504
15954,254.504
15955,254.504
15956,254.504
15957,254.504
15958,254.504
15959,254.504
15960,254.504
15961,254.504
15962,254.504
15963,254.504
15964,254.504
15965,254.504
15966,254.504
15967,254.504
15968,254.504
15969,254.504
15970,254.504
15971,254.504
15972,254.504
15973,254.504
15974,254.504
15975,254.504
15976,254.504
15977,254.504
15978,254.504
15979,254.504
15980,254.504
15981,254.504
15982,254.504
15983,254.504
15984,254.504
15985,254.504
15986,254.504
15987,254.504
15988,254.504
15989,254.504
15990,254.504
15991,254.504
15992,254.504
15993,254.504
15994,254.504
15995,254.504
15996,254.504
15997,254.504
15998,254.504
15999,254.504
16000,254.504
16001,255.292
16002,255.292
16003,255.292
16004,255.292
16005,255.292
16006,255.292
16007,255.292
16008,255.292
16009,255.292
16010,255.292
16011,255.292
16012,255.292
16013,255.292
16014,255.292
16015,255.292
16016,255.292
16017,255.292
16018,255.292
16019,255.292
16020,255.292
16021,255.292
16022,255.292
16023,255.292
16024,255.292
16025,255.292
16026,255.292
16027,255.292
16028,255.292
16029,255.292
16030,255.292
16031,255.292
16032,255.292
16033,255.292
16034,255.292
16035,255.292
16036,255.292
16037,255.292
16038,255.292
16039,255.292
16040,255.292
16041,255.292
16042,255.292
16043,255.292
16044,255.292
16045,255.292
16046,255.292
16047,255.292
16048,255.292
16049,255.292
16050,255.292
16051,255.292
16052,255.292
16053,255.292
16054,255.292
16055,255.292
16056,255.292
16057,255.292
16058,255.292
16059,255.292
16060,255.292
16061,255.292
16062,255.292
16063,255.292
16064,255.292
16065,255.292
16066,255.292
16067,255.292
16068,255.292
16069,255.292
16070,255.292
16071,255.292
16072,255.292
16073,255.292
16074,255.292
16075,255.292
16076,255.292
16077,255.292
16078,255.292
16079,255.292
16080,255.292
16081,255.292
16082,255.292
16083,255.292
16084,255.292
16085,255.292
16086,255.292
16087,255.292
16088,255.292
16089,255.292
16090,255.292
16091,255.292
16092,255.292
16093,255.292
16094,255.292
16095,255.292
16096,255.292
16097,255.292
16098,255.292
16099,255.292
16100,255.292
16101,255.799
16102,255.799
16103,255.799
16104,255.799
16105,255.799
16106,255.799
16107,255.799
16108,255.799
16109,255.799
16110,255.799
16111,255.799
16112,255.799
16113,255.799
16114,255.799
16115,255.799
16116,255.799
16117,255.799
16118,255.799
16119,255.799
16120,255.799
16121,255.799
16122,255.799
16123,255.799
16124,255.799
16125,255.799
16126,255.799
16127,255.799
16128,255.799
16129,255.799
16130,255.799
16131,255.799
16132,255.799
16133,255.799
16134,255.799
16135,255.799
16136,255.799
16137,255.799
16138,255.799
16139,255.799
16140,255.799
16141,255.799
16142,255.799
16143,255.799
16144,255.799
16145,255.799
16146,255.799
16147,255.799
16148,255.799
16149,255.799
16150,255.799
16151,255.799
16152,255.799
16153,255.799
16154,255.799
16155,255.799
16156,255.799
16157,255.799
16158,255.799
16159,255.799
16160,255.799
16161,255.799
16162,255.799
16163,255.799
16164,255.799
16165,255.799
16166,255.799
16167,255.799
16168,255.799
16169,255.799
16170,255.799
16171,255.799
16172,255.799
16173,255.799
16174,255.799
16175,255.799
16176,255.799
16177,255.799
16178,255.799
16179,255.799
16180,255.799
16181,255.799
16182,255.799
16183,255.799
16184,255.799
16185,255.799
16186,255.799
16187,255.799
16188,255.799
16189,255.799
16190,255.799
16191,255.799
16192,255.799
16193,255.799
16194,255.799
16195,255.799
16196,255.799
16197,255.799
16198,255.799
16199,255.799
16200,255.799
16201,257.002
16202,257.002
16203,257.002
16204,257.002
16205,257.002
16206,257.002
16207,257.002
16208,257.002
16209,257.002
16210,257.002
16211,257.002
16212,257.002
16213,257.002
16214,257.002
16215,257.002
16216,257.002
16217,257.002
16218,257.002
16219,257.002
16220,257.002
16221,257.002
16222,257.002
16223,257.002
16224,257.002
16225,257.002
16226,257.002
16227,257.002
16228,257.002
16229,257.002
16230,257.002
16231,257.002
16232,257.002
16233,257.002
16234,257.002
16235,257.002
16236,257.002
16237,257.002
16238,257.002
16239,257.002
16240,257.002
16241,257.002
16242,257.002
16243,257.002
16244,257.002
16245,257.002
16246,257.002
16247,257.002
16248,257.002
16249,257.002
16250,257.002
16251,257.002
16252,257.002
16253,257.002
16254,257.002
16255,257.002
16256,257.002
16257,257.002
16258,257.002
16259,257.002
16260,257.002
16261,257.002
16262,257.002
16263,257.002
16264,257.002
16265,257.002
16266,257.002
16267,257.002
16268,257.002
16269,257.002
16270,257.002
16271,257.002
16272,257.002
16273,257.002
16274,257.002
16275,257.002
16276,257.002
16277,257.002
16278,257.002
16279,257.002
16280,257.002
16281,257.002
16282,257.002
16283,257.002
16284,257.002
16285,257.002
16286,257.002
16287,257.002
16288,257.002
16289,257.002
16290,257.002
16291,257.002
16292,257.002
16293,257.002
16294,257.002
16295,257.002
16296,257.002
16297,257.002
16298,257.002
16299,257.002
16300,257.002
16301,256.85
16302,256.85
16303,256.85
16304,256.85
16305,256.85
16306,256.85
16307,256.85
16308,256.85
16309,256.85
16310,256.85
16311,256.85
16312,256.85
16313,256.85
16314,256.85
16315,256.85
16316,256.85
16317,256.85
16318,256.85
16319,256.85
16320,256.85
16321,256.85
16322,256.85
16323,256.85
16324,256.85
16325,256.85
16326,256.85
16327,256.85
16328,256.85
16329,256.85
16330,256.85
16331,256.85
16332,256.85
16333,256.85
16334,256.85
16335,256.85
16336,256.85
16337,256.85
16338,256.85
16339,256.85
16340,256.85
16341,256.85
16342,256.85
16343,256.85
16344,256.85
16345,256.85
16346,256.85
16347,256.85
16348,256.85
16349,256.85
16350,256.85
16351,256.85
16352,256.85
16353,256.85
16354,256.85
16355,256.85
16356,256.85
16357,256.85
16358,256.85
16359,256.85
16360,256.85
16361,256.85
16362,256.85
16363,256.85
16364,256.85
16365,256.85
16366,256.85
16367,256.85
16368,256.85
16369,256.85
16370,256.85
16371,256.85
16372,256.85
16373,256.85
16374,256.85
16375,256.85
16376,256.85
16377,256.85
16378,256.85
16379,256.85
16380,256.85
16381,256.85
16382,256.85
16383,256.85
16384,256.85
16385,256.85
16386,256.85
16387,256.85
16388,256.85
16389,256.85
16390,256.85
16391,256.85
16392,256.85
16393,256.85
16394,256.85
16395,256.85
16396,256.85
16397,256.85
16398,256.85
16399,256.85
16400,256.85
16401,256.921
16402,256.921
16403,256.921
16404,256.921
16405,256.921
16406,256.921
16407,256.921
16408,256.921
16409,256.921
16410,256.921
16411,256.921
16412,256.921
16413,256.921
16414,256.921
16415,256.921
16416,256.921
16417,256.921
16418,256.921
16419,256.921
16420,256.921
16421,256.921
16422,256.921
16423,256.921
16424,256.921
16425,256.921
16426,256.921
16427,256.921
16428,256.921
16429,256.921
16430,256.921
16431,256.921
16432,256.921
16433,256.921
16434,256.921
16435,256.921
16436,256.921
16437,256.921
16438,256.921
16439,256.921
16440,256.921
16441,256.921
16442,256.921
16443,256.921
16444,256.921
16445,256.921
16446,256.921
16447,256.921
16448,256.921
16449,256.921
16450,256.921
16451,256.921
16452,256.921
16453,256.921
16454,256.921
16455,256.921
16456,256.921
16457,256.921
16458,256.921
16459,256.921
16460,256.921
16461,256.921
16462,256.921
16463,256.921
16464,256.921
16465,256.921
16466,256.921
16467,256.921
16468,256.921
16469,256.921
16470,256.921
16471,256.921
16472,256.921
16473,256.921
16474,256.921
16475,256.921
16476,256.921
16477,256.921
16478,256.921
16479,256.921
16480,256.921
16481,256.921
16482,256.921
16483,256.921
16484,256.921
16485,256.921
16486,256.921
16487,256.921
16488,256.921
16489,256.921
16490,256.921
16491,256.921
16492,256.921
16493,256.921
16494,256.921
16495,256.921
16496,256.921
16497,256.921
16498,256.921
16499,256.921
16500,256.921
16501,256.389
16502,256.389
16503,256.389
16504,256.389
16505,256.389
16506,256.389
16507,256.389
16508,256.389
16509,256.389
16510,256.389
16511,256.389
16512,256.389
16513,256.389
16514,256.389
16515,256.389
16516,256.389
16517,256.389
16518,256.389
16519,256.389
16520,256.389
16521,256.389
16522,256.389
16523,256.389
16524,256.389
16525,256.389
16526,256.389
16527,256.389
16528,256.389
16529,256.389
16530,256.389
16531,256.389
16532,256.389
16533,256.389
16534,256.389
16535,256.389
16536,256.389
16537,256.389
16538,256.389
16539,256.389
16540,256.389
16541,256.389
16542,256.389
16543,256.389
16544,256.389
16545,256.389
16546,256.389
16547,256.389
16548,256.389
16549,256.389
16550,256.389
16551,256.389
16552,256.389
16553,256.389
16554,256.389
16555,256.389
16556,256.389
16557,256.389
16558,256.389
16559,256.389
16560,256.389
16561,256.389
16562,256.389
16563,256.389
16564,256.389
16565,256.389
16566,256.389
16567,256.389
16568,256.389
16569,256.389
16570,256.389
16571,256.389
16572,256.389
16573,256.389
16574,256.389
16575,256.389
16576,256.389
16577,256.389
16578,256.389
16579,256.389
16580,256.389
16581,256.389
16582,256.389
16583,256.389
16584,256.389
16585,256.389
16586,256.389
16587,256.389
16588,256.389
16589,256.389
16590,256.389
16591,256.389
16592,256.389
16593,256.389
16594,256.389
16595,256.389
16596,256.389
16597,256.389
16598,256.389
16599,256.389
16600,256.389
16601,256.272
16602,256.272
16603,256.272
16604,256.272
16605,256.272
16606,256.272
16607,256.272
16608,256.272
16609,256.272
16610,256.272
16611,256.272
16612,256.272
16613,256.272
16614,256.272
16615,256.272
16616,256.272
16617,256.272
16618,256.272
16619,256.272
16620,256.272
16621,256.272
16622,256.272
16623,256.272
16624,256.272
16625,256.272
16626,256.272
16627,256.272
16628,256.272
16629,256.272
16630,256.272
16631,256.272
16632,256.272
16633,256.272
16634,256.272
16635,256.272
16636,256.272
16637,256.272
16638,256.272
16639,256.272
16640,256.272
16641,256.272
16642,256.272
16643,256.272
16644,256.272
16645,256.272
16646,256.272
16647,256.272
16648,256.272
16649,256.272
16650,256.272
16651,256.272
16652,256.272
16653,256.272
16654,256.272
16655,256.272
16656,256.272
16657,256.272
16658,256.272
16659,256.272
16660,256.272
16661,256.272
16662,256.272
16663,256.272
16664,256.272
16665,256.272
16666,256.272
16667,256.272
16668,256.272
16669,256.272
16670,256.272
16671,256.272
16672,256.272
16673,256.272
16674,256.272
16675,256.272
16676,256.272
16677,256.272
16678,256.272
16679,256.272
16680,256.272
16681,256.272
16682,256.272
16683,256.272
16684,256.272
16685,256.272
16686,256.272
16687,256.272
16688,256.272
16689,256.272
16690,256.272
16691,256.272
16692,256.272
16693,256.272
16694,256.272
16695,256.272
16696,256.272
16697,256.272
16698,256.272
16699,256.272
16700,256.272
16701,256.145
16702,256.145
16703,256.145
16704,256.145
16705,256.145
16706,256.145
16707,256.145
16708,256.145
16709,256.145
16710,256.145
16711,256.145
16712,256.145
16713,256.145
16714,256.145
16715,256.145
16716,256.145
16717,256.145
16718,256.145
16719,256.145
16720,256.145
16721,256.145
16722,256.145
16723,256.145
16724,256.145
16725,256.145
16726,256.145
16727,256.145
16728,256.145
16729,256.145
16730,256.145
16731,256.145
16732,256.145
16733,256.145
16734,256.145
16735,256.145
16736,256.145
16737,256.145
16738,256.145
16739,256.145
16740,256.145
16741,256.145
16742,256.145
16743,256.145
16744,256.145
16745,256.145
16746,256.145
16747,256.145
16748,256.145
16749,256.145
16750,256.145
16751,256.145
16752,256.145
16753,256.145
16754,256.145
16755,256.145
16756,256.145
16757,256.145
16758,256.145
16759,256.145
16760,256.145
16761,256.145
16762,256.145
16763,256.145
16764,256.145
16765,256.145
16766,256.145
16767,256.145
16768,256.145
16769,256.145
16770,256.145
16771,256.145
16772,256.145
16773,256.145
16774,256.145
16775,256.145
16776,256.145
16777,256.145
16778,256.145
16779,256.145
16780,256.145
16781,256.145
16782,256.145
16783,256.145
16784,256.145
16785,256.145
16786,256.145
16787,256.145
16788,256.145
16789,256.145
16790,256.145
16791,256.145
16792,256.145
16793,256.145
16794,256.145
16795,256.145
16796,256.145
16797,256.145
16798,256.145
16799,256.145
16800,256.145
16801,256.337
16802,256.337
16803,256.337
16804,256.337
16805,256.337
16806,256.337
16807,256.337
16808,256.337
16809,256.337
16810,256.337
16811,256.337
16812,256.337
16813,256.337
16814,256.337
16815,256.337
16816,256.337
16817,256.337
16818,256.337
16819,256.337
16820,256.337
16821,256.337
16822,256.337
16823,256.337
16824,256.337
16825,256.337
16826,256.337
16827,256.337
16828,256.337
16829,256.337
16830,256.337
16831,256.337
16832,256.337
16833,256.337
16834,256.337
16835,256.337
16836,256.337
16837,256.337
16838,256.337
16839,256.337
16840,256.337
16841,256.337
16842,256.337
16843,256.337
16844,256.337
16845,256.337
16846,256.337
16847,256.337
16848,256.337
16849,256.337
16850,256.337
16851,256.337
16852,256.337
16853,256.337
16854,256.337
16855,256.337
16856,256.337
16857,256.337
16858,256.337
16859,256.337
16860,256.337
16861,256.337
16862,256.337
16863,256.337
16864,256.337
16865,256.337
16866,256.337
16867,256.337
16868,256.337
16869,256.337
16870,256.337
16871,256.337
16872,256.337
16873,256.337
16874,256.337
16875,256.337
16876,256.337
16877,256.337
16878,256.337
16879,256.337
16880,256.337
16881,256.337
16882,256.337
16883,256.337
16884,256.337
16885,256.337
16886,256.337
16887,256.337
16888,256.337
16889,256.337
16890,256.337
16891,256.337
16892,256.337
16893,256.337
16894,256.337
16895,256.337
16896,256.337
16897,256.337
16898,256.337
16899,256.337
16900,256.337
16901,256.588
16902,256.588
16903,256.588
16904,256.588
16905,256.588
16906,256.588
16907,256.588
16908,256.588
16909,256.588
16910,256.588
16911,256.588
16912,256.588
16913,256.588
16914,256.588
16915,256.588
16916,256.588
16917,256.588
16918,256.588
16919,256.588
16920,256.588
16921,256.588
16922,256.588
16923,256.588
16924,256.588
16925,256.588
16926,256.588
16927,256.588
16928,256.588
16929,256.588
16930,256.588
16931,256.588
16932,256.588
16933,256.588
16934,256.588
16935,256.588
16936,256.588
16937,256.588
16938,256.588
16939,256.588
16940,256.588
16941,256.588
16942,256.588
16943,256.588
16944,256.588
16945,256.588
16946,256.588
16947,256.588
16948,256.588
16949,256.588
16950,256.588
16951,256.588
16952,256.588
16953,256.588
16954,256.588
16955,256.588
16956,256.588
16957,256.588
16958,256.588
16959,256.588
16960,256.588
16961,256.588
16962,256.588
16963,256.588
16964,256.588
16965,256.588
16966,256.588
16967,256.588
16968,256.588
16969,256.588
16970,256.588
16971,256.588
16972,256.588
16973,256.588
16974,256.588
16975,256.588
16976,256.588
16977,256.588
16978,256.588
16979,256.588
16980,256.588
16981,256.588
16982,256.588
16983,256.588
16984,256.588
16985,256.588
16986,256.588
16987,256.588
16988,256.588
16989,256.588
16990,256.588
16991,256.588
16992,256.588
16993,256.588
16994,256.588
16995,256.588
16996,256.588
16997,256.588
16998,256.588
16999,256.588
17000,256.588
17001,256.387
17002,256.387
17003,256.387
17004,256.387
17005,256.387
17006,256.387
17007,256.387
17008,256.387
17009,256.387
17010,256.387
17011,256.387
17012,256.387
17013,256.387
17014,256.387
17015,256.387
17016,256.387
17017,256.387
17018,256.387
17019,256.387
17020,256.387
17021,256.387
17022,256.387
17023,256.387
17024,256.387
17025,256.387
17026,256.387
17027,256.387
17028,256.387
17029,256.387
17030,256.387
17031,256.387
17032,256.387
17033,256.387
17034,256.387
17035,256.387
17036,256.387
17037,256.387
17038,256.387
17039,256.387
17040,256.387
17041,256.387
17042,256.387
17043,256.387
17044,256.387
17045,256.387
17046,256.387
17047,256.387
17048,256.387
17049,256.387
17050,256.387
17051,256.387
17052,256.387
17053,256.387
17054,256.387
17055,256.387
17056,256.387
17057,256.387
17058,256.387
17059,256.387
17060,256.387
17061,256.387
17062,256.387
17063,256.387
17064,256.387
17065,256.387
17066,256.387
17067,256.387
17068,256.387
17069,256.387
17070,256.387
17071,256.387
17072,256.387
17073,256.387
17074,256.387
17075,256.387
17076,256.387
17077,256.387
17078,256.387
17079,256.387
17080,256.387
17081,256.387
17082,256.387
17083,256.387
17084,256.387
17085,256.387
17086,256.387
17087,256.387
17088,256.387
17089,256.387
17090,256.387
17091,256.387
17092,256.387
17093,256.387
17094,256.387
17095,256.387
17096,256.387
17097,256.387
17098,256.387
17099,256.387
17100,256.387
17101,255.685
17102,255.685
17103,255.685
17104,255.685
17105,255.685
17106,255.685
17107,255.685
17108,255.685
17109,255.685
17110,255.685
17111,255.685
17112,255.685
17113,255.685
17114,255.685
17115,255.685
17116,255.685
17117,255.685
17118,255.685
17119,255.685
17120,255.685
17121,255.685
17122,255.685
17123,255.685
17124,255.685
17125,255.685
17126,255.685
17127,255.685
17128,255.685
17129,255.685
17130,255.685
17131,255.685
17132,255.685
17133,255.685
17134,255.685
17135,255.685
17136,255.685
17137,255.685
17138,255.685
17139,255.685
17140,255.685
17141,255.685
17142,255.685
17143,255.685
17144,255.685
17145,255.685
17146,255.685
17147,255.685
17148,255.685
17149,255.685
17150,255.685
17151,255.685
17152,255.685
17153,255.685
17154,255.685
17155,255.685
17156,255.685
17157,255.685
17158,255.685
17159,255.685
17160,255.685
17161,255.685
17162,255.685
17163,255.685
17164,255.685
17165,255.685
17166,255.685
17167,255.685
17168,255.685
17169,255.685
17170,255.685
17171,255.685
17172,255.685
17173,255.685
17174,255.685
17175,255.685
17176,255.685
17177,255.685
17178,255.685
17179,255.685
17180,255.685
17181,255.685
17182,255.685
17183,255.685
17184,255.685
17185,255.685
17186,255.685
17187,255.685
17188,255.685
17189,255.685
17190,255.685
17191,255.685
17192,255.685
17193,255.685
17194,255.685
17195,255.685
17196,255.685
17197,255.685
17198,255.685
17199,255.685
17200,255.685
17201,254.223
17202,254.223
17203,254.223
17204,254.223
17205,254.223
17206,254.223
17207,254.223
17208,254.223
17209,254.223
17210,254.223
17211,254.223
17212,254.223
17213,254.223
17214,254.223
17215,254.223
17216,254.223
17217,254.223
17218,254.223
17219,254.223
17220,254.223
17221,254.223
17222,254.223
17223,254.223
17224,254.223
17225,254.223
17226,254.223
17227,254.223
17228,254.223
17229,254.223
17230,254.223
17231,254.223
17232,254.223
17233,254.223
17234,254.223
17235,254.223
17236,254.223
17237,254.223
17238,254.223
17239,254.223
17240,254.223
17241,254.223
17242,254.223
17243,254.223
17244,254.223
17245,254.223
17246,254.223
17247,254.223
17248,254.223
17249,254.223
17250,254.223
17251,254.223
17252,254.223
17253,254.223
17254,254.223
17255,254.223
17256,254.223
17257,254.223
17258,254.223
17259,254.223
17260,254.223
17261,254.223
17262,254.223
17263,254.223
17264,254.223
17265,254.223
17266,254.223
17267,254.223
17268,254.223
17269,254.223
17270,254.223
17271,254.223
17272,254.223
17273,254.223
17274,254.223
17275,254.223
17276,254.223
17277,254.223
17278,254.223
17279,254.223
17280,254.223
17281,254.223
17282,254.223
17283,254.223
17284,254.223
17285,254.223
17286,254.223
17287,254.223
17288,254.223
17289,254.223
17290,254.223
17291,254.223
17292,254.223
17293,254.223
17294,254.223
17295,254.223
17296,254.223
17297,254.223
17298,254.223
17299,254.223
17300,254.223
17301,253.999
17302,253.999
17303,253.999
17304,253.999
17305,253.999
17306,253.999
17307,253.999
17308,253.999
17309,253.999
17310,253.999
17311,253.999
17312,253.999
17313,253.999
17314,253.999
17315,253.999
17316,253.999
17317,253.999
17318,253.999
17319,253.999
17320,253.999
17321,253.999
17322,253.999
17323,253.999
17324,253.999
17325,253.999
17326,253.999
17327,253.999
17328,253.999
17329,253.999
17330,253.999
17331,253.999
17332,253.999
17333,253.999
17334,253.999
17335,253.999
17336,253.999
17337,253.999
17338,253.999
17339,253.999
17340,253.999
17341,253.999
17342,253.999
17343,253.999
17344,253.999
17345,253.999
17346,253.999
17347,253.999
17348,253.999
17349,253.999
17350,253.999
17351,253.999
17352,253.999
17353,253.999
17354,253.999
17355,253.999
17356,253.999
17357,253.999
17358,253.999
17359,253.999
17360,253.999
17361,253.999
17362,253.999
17363,253.999
17364,253.999
17365,253.999
17366,253.999
17367,253.999
17368,253.999
17369,253.999
17370,253.999
17371,253.999
17372,253.999
17373,253.999
17374,253.999
17375,253.999
17376,253.999
17377,253.999
17378,253.999
17379,253.999
17380,253.999
17381,253.999
17382,253.999
17383,253.999
17384,253.999
17385,253.999
17386,253.999
17387,253.999
17388,253.999
17389,253.999
17390,253.999
17391,253.999
17392,253.999
17393,253.999
17394,253.999
17395,253.999
17396,253.999
17397,253.999
17398,253.999
17399,253.999
17400,253.999
17401,253.771
17402,253.771
17403,253.771
17404,253.771
17405,253.771
17406,253.771
17407,253.771
17408,253.771
17409,253.771
17410,253.771
17411,253.771
17412,253.771
17413,253.771
17414,253.771
17415,253.771
17416,253.771
17417,253.771
17418,253.771
17419,253.771
17420,253.771
17421,253.771
17422,253.771
17423,253.771
17424,253.771
17425,253.771
17426,253.771
17427,253.771
17428,253.771
17429,253.771
17430,253.771
17431,253.771
17432,253.771
17433,253.771
17434,253.771
17435,253.771
17436,253.771
17437,253.771
17438,253.771
17439,253.771
17440,253.771
17441,253.771
17442,253.771
17443,253.771
17444,253.771
17445,253.771
17446,253.771
17447,253.771
17448,253.771
17449,253.771
17450,253.771
17451,253.771
17452,253.771
17453,253.771
17454,253.771
17455,253.771
17456,253.771
17457,253.771
17458,253.771
17459,253.771
17460,253.771
17461,253.771
17462,253.771
17463,253.771
17464,253.771
17465,253.771
17466,253.771
17467,253.771
17468,253.771
17469,253.771
17470,253.771
17471,253.771
17472,253.771
17473,253.771
17474,253.771
17475,253.771
17476,253.771
17477,253.771
17478,253.771
17479,253.771
17480,253.771
17481,253.771
17482,253.771
17483,253.771
17484,253.771
17485,253.771
17486,253.771
17487,253.771
17488,253.771
17489,253.771
17490,253.771
17491,253.771
17492,253.771
17493,253.771
17494,253.771
17495,253.771
17496,253.771
17497,253.771
17498,253.771
17499,253.771
17500,253.771
17501,254.276
17502,254.276
17503,254.276
17504,254.276
17505,254.276
17506,254.276
17507,254.276
17508,254.276
17509,254.276
17510,254.276
17511,254.276
17512,254.276
17513,254.276
17514,254.276
17515,254.276
17516,254.276
17517,254.276
17518,254.276
17519,254.276
17520,254.276
17521,254.276
17522,254.276
17523,254.276
17524,254.276
17525,254.276
17526,254.276
17527,254.276
17528,254.276
17529,254.276
17530,254.276
17531,254.276
17532,254.276
17533,254.276
17534,254.276
17535,254.276
17536,254.276
17537,254.276
17538,254.276
17539,254.276
17540,254.276
17541,254.276
17542,254.276
17543,254.276
17544,254.276
17545,254.276
17546,254.276
17547,254.276
17548,254.276
17549,254.276
17550,254.276
17551,254.276
17552,254.276
17553,254.276
17554,254.276
17555,254.276
17556,254.276
17557,254.276
17558,254.276
17559,254.276
17560,254.276
17561,254.276
17562,254.276
17563,254.276
17564,254.276
17565,254.276
17566,254.276
17567,254.276
17568,254.276
17569,254.276
17570,254.276
17571,254.276
17572,254.276
17573,254.276
17574,254.276
17575,254.276
17576,254.276
17577,254.276
17578,254.276
17579,254.276
17580,254.276
17581,254.276
17582,254.276
17583,254.276
17584,254.276
17585,254.276
17586,254.276
17587,254.276
17588,254.276
17589,254.276
17590,254.276
17591,254.276
17592,254.276
17593,254.276
17594,254.276
17595,254.276
17596,254.276
17597,254.276
17598,254.276
17599,254.276
17600,254.276
17601,254.427
17602,254.427
17603,254.427
17604,254.427
17605,254.427
17606,254.427
17607,254.427
17608,254.427
17609,254.427
17610,254.427
17611,254.427
17612,254.427
17613,254.427
17614,254.427
17615,254.427
17616,254.427
17617,254.427
17618,254.427
17619,254.427
17620,254.427
17621,254.427
17622,254.427
17623,254.427
17624,254.427
17625,254.427
17626,254.427
17627,254.427
17628,254.427
17629,254.427
17630,254.427
17631,254.427
17632,254.427
17633,254.427
17634,254.427
17635,254.427
17636,254.427
17637,254.427
17638,254.427
17639,254.427
17640,254.427
17641,254.427
17642,254.427
17643,254.427
17644,254.427
17645,254.427
17646,254.427
17647,254.427
17648,254.427
17649,254.427
17650,254.427
17651,254.427
17652,254.427
17653,254.427
17654,254.427
17655,254.427
17656,254.427
17657,254.427
17658,254.427
17659,254.427
17660,254.427
17661,254.427
17662,254.427
17663,254.427
17664,254.427
17665,254.427
17666,254.427
17667,254.427
17668,254.427
17669,254.427
17670,254.427
17671,254.427
17672,254.427
17673,254.427
17674,254.427
17675,254.427
17676,254.427
17677,254.427
17678,254.427
17679,254.427
17680,254.427
17681,254.427
17682,254.427
17683,254.427
17684,254.427
17685,254.427
17686,254.427
17687,254.427
17688,254.427
17689,254.427
17690,254.427
17691,254.427
17692,254.427
17693,254.427
17694,254.427
17695,254.427
17696,254.427
17697,254.427
17698,254.427
17699,254.427
17700,254.427
17701,254.567
17702,254.567
17703,254.567
17704,254.567
17705,254.567
17706,254.567
17707,254.567
17708,254.567
17709,254.567
17710,254.567
17711,254.567
17712,254.567
17713,254.567
17714,254.567
17715,254.567
17716,254.567
17717,254.567
17718,254.567
17719,254.567
17720,254.567
17721,254.567
17722,254.567
17723,254.567
17724,254.567
17725,254.567
17726,254.567
17727,254.567
17728,254.567
17729,254.567
17730,254.567
17731,254.567
17732,254.567
17733,254.567
17734,254.567
17735,254.567
17736,254.567
17737,254.567
17738,254.567
17739,254.567
17740,254.567
17741,254.567
17742,254.567
17743,254.567
17744,254.567
17745,254.567
17746,254.567
17747,254.567
17748,254.567
17749,254.567
17750,254.567
17751,254.567
17752,254.567
17753,254.567
17754,254.567
17755,254.567
17756,254.567
17757,254.567
17758,254.567
17759,254.567
17760,254.567
17761,254.567
17762,254.567
17763,254.567
17764,254.567
17765,254.567
17766,254.567
17767,254.567
17768,254.567
17769,254.567
17770,254.567
17771,254.567
17772,254.567
17773,254.567
17774,254.567
17775,254.567
17776,254.567
17777,254.567
17778,254.567
17779,254.567
17780,254.567
17781,254.567
17782,254.567
17783,254.567
17784,254.567
17785,254.567
17786,254.567
17787,254.567
17788,254.567
17789,254.567
17790,254.567
17791,254.567
17792,254.567
17793,254.567
17794,254.567
17795,254.567
17796,254.567
17797,254.567
17798,254.567
17799,254.567
17800,254.567
17801,254.418
17802,254.418
17803,254.418
17804,254.418
17805,254.418
17806,254.418
17807,254.418
17808,254.418
17809,254.418
17810,254.418
17811,254.418
17812,254.418
17813,254.418
17814,254.418
17815,254.418
17816,254.418
17817,254.418
17818,254.418
17819,254.418
17820,254.418
17821,254.418
17822,254.418
17823,254.418
17824,254.418
17825,254.418
17826,254.418
17827,254.418
17828,254.418
17829,254.418
17830,254.418
17831,254.418
17832,254.418
17833,254.418
17834,254.418
17835,254.418
17836,254.418
17837,254.418
17838,254.418
17839,254.418
17840,254.418
17841,254.418
17842,254.418
17843,254.418
17844,254.418
17845,254.418
17846,254.418
17847,254.418
17848,254.418
17849,254.418
17850,254.418
17851,254.418
17852,254.418
17853,254.418
17854,254.418
17855,254.418
17856,254.418
17857,254.418
17858,254.418
17859,254.418
17860,254.418
17861,254.418
17862,254.418
17863,254.418
17864,254.418
17865,254.418
17866,254.418
17867,254.418
17868,254.418
17869,254.418
17870,254.418
17871,254.418
17872,254.418
17873,254.418
17874,254.418
17875,254.418
17876,254.418
17877,254.418
17878,254.418
17879,254.418
17880,254.418
17881,254.418
17882,254.418
17883,254.418
17884,254.418
17885,254.418
17886,254.418
17887,254.418
17888,254.418
17889,254.418
17890,254.418
17891,254.418
17892,254.418
17893,254.418
17894,254.418
17895,254.418
17896,254.418
17897,254.418
17898,254.418
17899,254.418
17900,254.418
17901,254.146
17902,254.146
17903,254.146
17904,254.146
17905,254.146
17906,254.146
17907,254.146
17908,254.146
17909,254.146
17910,254.146
17911,254.146
17912,254.146
17913,254.146
17914,254.146
17915,254.146
17916,254.146
17917,254.146
17918,254.146
17919,254.146
17920,254.146
17921,254.146
17922,254.146
17923,254.146
17924,254.146
17925,254.146
17926,254.146
17927,254.146
17928,254.146
17929,254.146
17930,254.146
17931,254.146
17932,254.146
17933,254.146
17934,254.146
17935,254.146
17936,254.146
17937,254.146
17938,254.146
17939,254.146
17940,254.146
17941,254.146
17942,254.146
17943,254.146
17944,254.146
17945,254.146
17946,254.146
17947,254.146
17948,254.146
17949,254.146
17950,254.146
17951,254.146
17952,254.146
17953,254.146
17954,254.146
17955,254.146
17956,254.146
17957,254.146
17958,254.146
17959,254.146
17960,254.146
17961,254.146
17962,254.146
17963,254.146
17964,254.146
17965,254.146
17966,254.146
17967,254.146
17968,254.146
17969,254.146
17970,254.146
17971,254.146
17972,254.146
17973,254.146
17974,254.146
17975,254.146
17976,254.146
17977,254.146
17978,254.146
17979,254.146
17980,254.146
17981,254.146
17982,254.146
17983,254.146
17984,254.146
17985,254.146
17986,254.146
17987,254.146
17988,254.146
17989,254.146
17990,254.146
17991,254.146
17992,254.146
17993,254.146
17994,254.146
17995,254.146
17996,254.146
17997,254.146
17998,254.146
17999,254.146
18000,254.146
18001,253.379
18002,253.379
18003,253.379
18004,253.379
18005,253.379
18006,253.379
18007,253.379
18008,253.379
18009,253.379
18010,253.379
18011,253.379
18012,253.379
18013,253.379
18014,253.379
18015,253.379
18016,253.379
18017,253.379
18018,253.379
18019,253.379
18020,253.379
18021,253.379
18022,253.379
18023,253.379
18024,253.379
18025,253.379
18026,253.379
18027,253.379
18028,253.379
18029,253.379
18030,253.379
18031,253.379
18032,253.379
18033,253.379
18034,253.379
18035,253.379
18036,253.379
18037,253.379
18038,253.379
18039,253.379
18040,253.379
18041,253.379
18042,253.379
18043,253.379
18044,253.379
18045,253.379
18046,253.379
18047,253.379
18048,253.379
18049,253.379
18050,253.379
18051,253.379
18052,253.379
18053,253.379
18054,253.379
18055,253.379
18056,253.379
18057,253.379
18058,253.379
18059,253.379
18060,253.379
18061,253.379
18062,253.379
18063,253.379
18064,253.379
18065,253.379
18066,253.379
18067,253.379
18068,253.379
18069,253.379
18070,253.379
18071,253.379
18072,253.379
18073,253.379
18074,253.379
18075,253.379
18076,253.379
18077,253.379
18078,253.379
18079,253.379
18080,253.379
18081,253.379
18082,253.379
18083,253.379
18084,253.379
18085,253.379
18086,253.379
18087,253.379
18088,253.379
18089,253.379
18090,253.379
18091,253.379
18092,253.379
18093,253.379
18094,253.379
18095,253.379
18096,253.379
18097,253.379
18098,253.379
18099,253.379
18100,253.379
18101,253.701
18102,253.701
18103,253.701
18104,253.701
18105,253.701
18106,253.701
18107,253.701
18108,253.701
18109,253.701
18110,253.701
18111,253.701
18112,253.701
18113,253.701
18114,253.701
18115,253.701
18116,253.701
18117,253.701
18118,253.701
18119,253.701
18120,253.701
18121,253.701
18122,253.701
18123,253.701
18124,253.701
18125,253.701
18126,253.701
18127,253.701
18128,253.701
18129,253.701
18130,253.701
18131,253.701
18132,253.701
18133,253.701
18134,253.701
18135,253.701
18136,253.701
18137,253.701
18138,253.701
18139,253.701
18140,253.701
18141,253.701
18142,253.701
18143,253.701
18144,253.701
18145,253.701
18146,253.701
18147,253.701
18148,253.701
18149,253.701
18150,253.701
18151,253.701
18152,253.701
18153,253.701
18154,253.701
18155,253.701
18156,253.701
18157,253.701
18158,253.701
18159,253.701
18160,253.701
18161,253.701
18162,253.701
18163,253.701
18164,253.701
18165,253.701
18166,253.701
18167,253.701
18168,253.701
18169,253.701
18170,253.701
18171,253.701
18172,253.701
18173,253.701
18174,253.701
18175,253.701
18176,253.701
18177,253.701
18178,253.701
18179,253.701
18180,253.701
18181,253.701
18182,253.701
18183,253.701
18184,253.701
18185,253.701
18186,253.701
18187,253.701
18188,253.701
18189,253.701
18190,253.701
18191,253.701
18192,253.701
18193,253.701
18194,253.701
18195,253.701
18196,253.701
18197,253.701
18198,253.701
18199,253.701
18200,253.701
18201,254.586
18202,254.586
18203,254.586
18204,254.586
18205,254.586
18206,254.586
18207,254.586
18208,254.586
18209,254.586
18210,254.586
18211,254.586
18212,254.586
18213,254.586
18214,254.586
18215,254.586
18216,254.586
18217,254.586
18218,254.586
18219,254.586
18220,254.586
18221,254.586
18222,254.586
18223,254.586
18224,254.586
18225,254.586
18226,254.586
18227,254.586
18228,254.586
18229,254.586
18230,254.586
18231,254.586
18232,254.586
18233,254.586
18234,254.586
18235,254.586
18236,254.586
18237,254.586
18238,254.586
18239,254.586
18240,254.586
18241,254.586
18242,254.586
18243,254.586
18244,254.586
18245,254.586
18246,254.586
18247,254.586
18248,254.586
18249,254.586
18250,254.586
18251,254.586
18252,254.586
18253,254.586
18254,254.586
18255,254.586
18256,254.586
18257,254.586
18258,254.586
18259,254.586
18260,254.586
18261,254.586
18262,254.586
18263,254.586
18264,254.586
18265,254.586
18266,254.586
18267,254.586
18268,254.586
18269,254.586
18270,254.586
18271,254.586
18272,254.586
18273,254.586
18274,254.586
18275,254.586
18276,254.586
18277,254.586
18278,254.586
18279,254.586
18280,254.586
18281,254.586
18282,254.586
18283,254.586
18284,254.586
18285,254.586
18286,254.586
18287,254.586
18288,254.586
18289,254.586
18290,254.586
18291,254.586
18292,254.586
18293,254.586
18294,254.586
18295,254.586
18296,254.586
18297,254.586
18298,254.586
18299,254.586
18300,254.586
18301,254.586
18302,255.16
18303,255.16
18304,255.16
18305,255.16
18306,255.16
18307,255.16
18308,255.16
18309,255.16
18310,255.16
18311,255.16
18312,255.16
18313,255.16
18314,255.16
18315,255.16
18316,255.16
18317,255.16
18318,255.16
18319,255.16
18320,255.16
18321,255.16
18322,255.16
18323,255.16
18324,255.16
18325,255.16
18326,255.16
18327,255.16
18328,255.16
18329,255.16
18330,255.16
18331,255.16
18332,255.16
18333,255.16
18334,255.16
18335,255.16
18336,255.16
18337,255.16
18338,255.16
18339,255.16
18340,255.16
18341,255.16
18342,255.16
18343,255.16
18344,255.16
18345,255.16
18346,255.16
18347,255.16
18348,255.16
18349,255.16
18350,255.16
18351,255.16
18352,255.16
18353,255.16
18354,255.16
18355,255.16
18356,255.16
18357,255.16
18358,255.16
18359,255.16
18360,255.16
18361,255.16
18362,255.16
18363,255.16
18364,255.16
18365,255.16
18366,255.16
18367,255.16
18368,255.16
18369,255.16
18370,255.16
18371,255.16
18372,255.16
18373,255.16
18374,255.16
18375,255.16
18376,255.16
18377,255.16
18378,255.16
18379,255.16
18380,255.16
18381,255.16
18382,255.16
18383,255.16
18384,255.16
18385,255.16
18386,255.16
18387,255.16
18388,255.16
18389,255.16
18390,255.16
18391,255.16
18392,255.16
18393,255.16
18394,255.16
18395,255.16
18396,255.16
18397,255.16
18398,255.16
18399,255.16
18400,255.16
18401,255.16
18402,254.868
18403,254.868
18404,254.868
18405,254.868
18406,254.868
18407,254.868
18408,254.868
18409,254.868
18410,254.868
18411,254.868
18412,254.868
18413,254.868
18414,254.868
18415,254.868
18416,254.868
18417,254.868
18418,254.868
18419,254.868
18420,254.868
18421,254.868
18422,254.868
18423,254.868
18424,254.868
18425,254.868
18426,254.868
18427,254.868
18428,254.868
18429,254.868
18430,254.868
18431,254.868
18432,254.868
18433,254.868
18434,254.868
18435,254.868
18436,254.868
18437,254.868
18438,254.868
18439,254.868
18440,254.868
18441,254.868
18442,254.868
18443,254.868
18444,254.868
18445,254.868
18446,254.868
18447,254.868
18448,254.868
18449,254.868
18450,254.868
18451,254.868
18452,254.868
18453,254.868
18454,254.868
18455,254.868
18456,254.868
18457,254.868
18458,254.868
18459,254.868
18460,254.868
18461,254.868
18462,254.868
18463,254.868
18464,254.868
18465,254.868
18466,254.868
18467,254.868
18468,254.868
18469,254.868
18470,254.868
18471,254.868
18472,254.868
18473,254.868
18474,254.868
18475,254.868
18476,254.868
18477,254.868
18478,254.868
18479,254.868
18480,254.868
18481,254.868
18482,254.868
18483,254.868
18484,254.868
18485,254.868
18486,254.868
18487,254.868
18488,254.868
18489,254.868
18490,254.868
18491,254.868
18492,254.868
18493,254.868
18494,254.868
18495,254.868
18496,254.868
18497,254.868
18498,254.868
18499,254.868
18500,254.868
18501,254.868
18502,254.848
18503,254.848
18504,254.848
18505,254.848
18506,254.848
18507,254.848
18508,254.848
18509,254.848
18510,254.848
18511,254.848
18512,254.848
18513,254.848
18514,254.848
18515,254.848
18516,254.848
18517,254.848
18518,254.848
18519,254.848
18520,254.848
18521,254.848
18522,254.848
18523,254.848
18524,254.848
18525,254.848
18526,254.848
18527,254.848
18528,254.848
18529,254.848
18530,254.848
18531,254.848
18532,254.848
18533,254.848
18534,254.848
18535,254.848
18536,254.848
18537,254.848
18538,254.848
18539,254.848
18540,254.848
18541,254.848
18542,254.848
18543,254.848
18544,254.848
18545,254.848
18546,254.848
18547,254.848
18548,254.848
18549,254.848
18550,254.848
18551,254.848
18552,254.848
18553,254.848
18554,254.848
18555,254.848
18556,254.848
18557,254.848
18558,254.848
18559,254.848
18560,254.848
18561,254.848
18562,254.848
18563,254.848
18564,254.848
18565,254.848
18566,254.848
18567,254.848
18568,254.848
18569,254.848
18570,254.848
18571,254.848
18572,254.848
18573,254.848
18574,254.848
18575,254.848
18576,254.848
18577,254.848
18578,254.848
18579,254.848
18580,254.848
18581,254.848
18582,254.848
18583,254.848
18584,254.848
18585,254.848
18586,254.848
18587,254.848
18588,254.848
18589,254.848
18590,254.848
18591,254.848
18592,254.848
18593,254.848
18594,254.848
18595,254.848
18596,254.848
18597,254.848
18598,254.848
18599,254.848
18600,254.848
18601,254.848
18602,254.681
18603,254.681
18604,254.681
18605,254.681
18606,254.681
18607,254.681
18608,254.681
18609,254.681
18610,254.681
18611,254.681
18612,254.681
18613,254.681
18614,254.681
18615,254.681
18616,254.681
18617,254.681
18618,254.681
18619,254.681
18620,254.681
18621,254.681
18622,254.681
18623,254.681
18624,254.681
18625,254.681
18626,254.681
18627,254.681
18628,254.681
18629,254.681
18630,254.681
18631,254.681
18632,254.681
18633,254.681
18634,254.681
18635,254.681
18636,254.681
18637,254.681
18638,254.681
18639,254.681
18640,254.681
18641,254.681
18642,254.681
18643,254.681
18644,254.681
18645,254.681
18646,254.681
18647,254.681
18648,254.681
18649,254.681
18650,254.681
18651,254.681
18652,254.681
18653,254.681
18654,254.681
18655,254.681
18656,254.681
18657,254.681
18658,254.681
18659,254.681
18660,254.681
18661,254.681
18662,254.681
18663,254.681
18664,254.681
18665,254.681
18666,254.681
18667,254.681
18668,254.681
18669,254.681
18670,254.681
18671,254.681
18672,254.681
18673,254.681
18674,254.681
18675,254.681
18676,254.681
18677,254.681
18678,254.681
18679,254.681
18680,254.681
18681,254.681
18682,254.681
18683,254.681
18684,254.681
18685,254.681
18686,254.681
18687,254.681
18688,254.681
18689,254.681
18690,254.681
18691,254.681
18692,254.681
18693,254.681
18694,254.681
18695,254.681
18696,254.681
18697,254.681
18698,254.681
18699,254.681
18700,254.681
18701,254.681
18702,254.34
18703,254.34
18704,254.34
18705,254.34
18706,254.34
18707,254.34
18708,254.34
18709,254.34
18710,254.34
18711,254.34
18712,254.34
18713,254.34
18714,254.34
18715,254.34
18716,254.34
18717,254.34
18718,254.34
18719,254.34
18720,254.34
18721,254.34
18722,254.34
18723,254.34
18724,254.34
18725,254.34
18726,254.34
18727,254.34
18728,254.34
18729,254.34
18730,254.34
18731,254.34
18732,254.34
18733,254.34
18734,254.34
18735,254.34
18736,254.34
18737,254.34
18738,254.34
18739,254.34
18740,254.34
18741,254.34
18742,254.34
18743,254.34
18744,254.34
18745,254.34
18746,254.34
18747,254.34
18748,254.34
18749,254.34
18750,254.34
18751,254.34
18752,254.34
18753,254.34
18754,254.34
18755,254.34
18756,254.34
18757,254.34
18758,254.34
18759,254.34
18760,254.34
18761,254.34
18762,254.34
18763,254.34
18764,254.34
18765,254.34
18766,254.34
18767,254.34
18768,254.34
18769,254.34
18770,254.34
18771,254.34
18772,254.34
18773,254.34
18774,254.34
18775,254.34
18776,254.34
18777,254.34
18778,254.34
18779,254.34
18780,254.34
18781,254.34
18782,254.34
18783,254.34
18784,254.34
18785,254.34
18786,254.34
18787,254.34
18788,254.34
18789,254.34
18790,254.34
18791,254.34
18792,254.34
18793,254.34
18794,254.34
18795,254.34
18796,254.34
18797,254.34
18798,254.34
18799,254.34
18800,254.34
18801,254.34
18802,255.18
18803,255.18
18804,255.18
18805,255.18
18806,255.18
18807,255.18
18808,255.18
18809,255.18
18810,255.18
18811,255.18
18812,255.18
18813,255.18
18814,255.18
18815,255.18
18816,255.18
18817,255.18
18818,255.18
18819,255.18
18820,255.18
18821,255.18
18822,255.18
18823,255.18
18824,255.18
18825,255.18
18826,255.18
18827,255.18
18828,255.18
18829,255.18
18830,255.18
18831,255.18
18832,255.18
18833,255.18
18834,255.18
18835,255.18
18836,255.18
18837,255.18
18838,255.18
18839,255.18
18840,255.18
18841,255.18
18842,255.18
18843,255.18
18844,255.18
18845,255.18
18846,255.18
18847,255.18
18848,255.18
18849,255.18
18850,255.18
18851,255.18
18852,255.18
18853,255.18
18854,255.18
18855,255.18
18856,255.18
18857,255.18
18858,255.18
18859,255.18
18860,255.18
18861,255.18
18862,255.18
18863,255.18
18864,255.18
18865,255.18
18866,255.18
18867,255.18
18868,255.18
18869,255.18
18870,255.18
18871,255.18
18872,255.18
18873,255.18
18874,255.18
18875,255.18
18876,255.18
18877,255.18
18878,255.18
18879,255.18
18880,255.18
18881,255.18
18882,255.18
18883,255.18
18884,255.18
18885,255.18
18886,255.18
18887,255.18
18888,255.18
18889,255.18
18890,255.18
18891,255.18
18892,255.18
18893,255.18
18894,255.18
18895,255.18
18896,255.18
18897,255.18
18898,255.18
18899,255.18
18900,255.18
18901,255.18
18902,255.538
18903,255.538
18904,255.538
18905,255.538
18906,255.538
18907,255.538
18908,255.538
18909,255.538
18910,255.538
18911,255.538
18912,255.538
18913,255.538
18914,255.538
18915,255.538
18916,255.538
18917,255.538
18918,255.538
18919,255.538
18920,255.538
18921,255.538
18922,255.538
18923,255.538
18924,255.538
18925,255.538
18926,255.538
18927,255.538
18928,255.538
18929,255.538
18930,255.538
18931,255.538
18932,255.538
18933,255.538
18934,255.538
18935,255.538
18936,255.538
18937,255.538
18938,255.538
18939,255.538
18940,255.538
18941,255.538
18942,255.538
18943,255.538
18944,255.538
18945,255.538
18946,255.538
18947,255.538
18948,255.538
18949,255.538
18950,255.538
18951,255.538
18952,255.538
18953,255.538
18954,255.538
18955,255.538
18956,255.538
18957,255.538
18958,255.538
18959,255.538
18960,255.538
18961,255.538
18962,255.538
18963,255.538
18964,255.538
18965,255.538
18966,255.538
18967,255.538
18968,255.538
18969,255.538
18970,255.538
18971,255.538
18972,255.538
18973,255.538
18974,255.538
18975,255.538
18976,255.538
18977,255.538
18978,255.538
18979,255.538
18980,255.538
18981,255.538
18982,255.538
18983,255.538
18984,255.538
18985,255.538
18986,255.538
18987,255.538
18988,255.538
18989,255.538
18990,255.538
18991,255.538
18992,255.538
18993,255.538
18994,255.538
18995,255.538
18996,255.538
18997,255.538
18998,255.538
18999,255.538
19000,255.538
19001,255.538
19002,255.783
19003,255.783
19004,255.783
19005,255.783
19006,255.783
19007,255.783
19008,255.783
19009,255.783
19010,255.783
19011,255.783
19012,255.783
19013,255.783
19014,255.783
19015,255.783
19016,255.783
19017,255.783
19018,255.783
19019,255.783
19020,255.783
19021,255.783
19022,255.783
19023,255.783
19024,255.783
19025,255.783
19026,255.783
19027,255.783
19028,255.783
19029,255.783
19030,255.783
19031,255.783
19032,255.783
19033,255.783
19034,255.783
19035,255.783
19036,255.783
19037,255.783
19038,255.783
19039,255.783
19040,255.783
19041,255.783
19042,255.783
19043,255.783
19044,255.783
19045,255.783
19046,255.783
19047,255.783
19048,255.783
19049,255.783
19050,255.783
19051,255.783
19052,255.783
19053,255.783
19054,255.783
19055,255.783
19056,255.783
19057,255.783
19058,255.783
19059,255.783
19060,255.783
19061,255.783
19062,255.783
19063,255.783
19064,255.783
19065,255.783
19066,255.783
19067,255.783
19068,255.783
19069,255.783
19070,255.783
19071,255.783
19072,255.783
19073,255.783
19074,255.783
19075,255.783
19076,255.783
19077,255.783
19078,255.783
19079,255.783
19080,255.783
19081,255.783
19082,255.783
19083,255.783
19084,255.783
19085,255.783
19086,255.783
19087,255.783
19088,255.783
19089,255.783
19090,255.783
19091,255.783
19092,255.783
19093,255.783
19094,255.783
19095,255.783
19096,255.783
19097,255.783
19098,255.783
19099,255.783
19100,255.783
19101,255.783
19102,255.521
19103,255.521
19104,255.521
19105,255.521
19106,255.521
19107,255.521
19108,255.521
19109,255.521
19110,255.521
19111,255.521
19112,255.521
19113,255.521
19114,255.521
19115,255.521
19116,255.521
19117,255.521
19118,255.521
19119,255.521
19120,255.521
19121,255.521
19122,255.521
19123,255.521
19124,255.521
19125,255.521
19126,255.521
19127,255.521
19128,255.521
19129,255.521
19130,255.521
19131,255.521
19132,255.521
19133,255.521
19134,255.521
19135,255.521
19136,255.521
19137,255.521
19138,255.521
19139,255.521
19140,255.521
19141,255.521
19142,255.521
19143,255.521
19144,255.521
19145,255.521
19146,255.521
19147,255.521
19148,255.521
19149,255.521
19150,255.521
19151,255.521
19152,255.521
19153,255.521
19154,255.521
19155,255.521
19156,255.521
19157,255.521
19158,255.521
19159,255.521
19160,255.521
19161,255.521
19162,255.521
19163,255.521
19164,255.521
19165,255.521
19166,255.521
19167,255.521
19168,255.521
19169,255.521
19170,255.521
19171,255.521
19172,255.521
19173,255.521
19174,255.521
19175,255.521
19176,255.521
19177,255.521
19178,255.521
19179,255.521
19180,255.521
19181,255.521
19182,255.521
19183,255.521
19184,255.521
19185,255.521
19186,255.521
19187,255.521
19188,255.521
19189,255.521
19190,255.521
19191,255.521
19192,255.521
19193,255.521
19194,255.521
19195,255.521
19196,255.521
19197,255.521
19198,255.521
19199,255.521
19200,255.521
19201,255.521
19202,255.765
19203,255.765
19204,255.765
19205,255.765
19206,255.765
19207,255.765
19208,255.765
19209,255.765
19210,255.765
19211,255.765
19212,255.765
19213,255.765
19214,255.765
19215,255.765
19216,255.765
19217,255.765
19218,255.765
19219,255.765
19220,255.765
19221,255.765
19222,255.765
19223,255.765
19224,255.765
19225,255.765
19226,255.765
19227,255.765
19228,255.765
19229,255.765
19230,255.765
19231,255.765
19232,255.765
19233,255.765
19234,255.765
19235,255.765
19236,255.765
19237,255.765
19238,255.765
19239,255.765
19240,255.765
19241,255.765
19242,255.765
19243,255.765
19244,255.765
19245,255.765
19246,255.765
19247,255.765
19248,255.765
19249,255.765
19250,255.765
19251,255.765
19252,255.765
19253,255.765
19254,255.765
19255,255.765
19256,255.765
19257,255.765
19258,255.765
19259,255.765
19260,255.765
19261,255.765
19262,255.765
19263,255.765
19264,255.765
19265,255.765
19266,255.765
19267,255.765
19268,255.765
19269,255.765
19270,255.765
19271,255.765
19272,255.765
19273,255.765
19274,255.765
19275,255.765
19276,255.765
19277,255.765
19278,255.765
19279,255.765
19280,255.765
19281,255.765
19282,255.765
19283,255.765
19284,255.765
19285,255.765
19286,255.765
19287,255.765
19288,255.765
19289,255.765
19290,255.765
19291,255.765
19292,255.765
19293,255.765
19294,255.765
19295,255.765
19296,255.765
19297,255.765
19298,255.765
19299,255.765
19300,255.765
19301,255.765
19302,255.802
19303,255.802
19304,255.802
19305,255.802
19306,255.802
19307,255.802
19308,255.802
19309,255.802
19310,255.802
19311,255.802
19312,255.802
19313,255.802
19314,255.802
19315,255.802
19316,255.802
19317,255.802
19318,255.802
19319,255.802
19320,255.802
19321,255.802
19322,255.802
19323,255.802
19324,255.802
19325,255.802
19326,255.802
19327,255.802
19328,255.802
19329,255.802
19330,255.802
19331,255.802
19332,255.802
19333,255.802
19334,255.802
19335,255.802
19336,255.802
19337,255.802
19338,255.802
19339,255.802
19340,255.802
19341,255.802
19342,255.802
19343,255.802
19344,255.802
19345,255.802
19346,255.802
19347,255.802
19348,255.802
19349,255.802
19350,255.802
19351,255.802
19352,255.802
19353,255.802
19354,255.802
19355,255.802
19356,255.802
19357,255.802
19358,255.802
19359,255.802
19360,255.802
19361,255.802
19362,255.802
19363,255.802
19364,255.802
19365,255.802
19366,255.802
19367,255.802
19368,255.802
19369,255.802
19370,255.802
19371,255.802
19372,255.802
19373,255.802
19374,255.802
19375,255.802
19376,255.802
19377,255.802
19378,255.802
19379,255.802
19380,255.802
19381,255.802
19382,255.802
19383,255.802
19384,255.802
19385,255.802
19386,255.802
19387,255.802
19388,255.802
19389,255.802
19390,255.802
19391,255.802
19392,255.802
19393,255.802
19394,255.802
19395,255.802
19396,255.802
19397,255.802
19398,255.802
19399,255.802
19400,255.802
19401,255.802
19402,255.625
19403,255.625
19404,255.625
19405,255.625
19406,255.625
19407,255.625
19408,255.625
19409,255.625
19410,255.625
19411,255.625
19412,255.625
19413,255.625
19414,255.625
19415,255.625
19416,255.625
19417,255.625
19418,255.625
19419,255.625
19420,255.625
19421,255.625
19422,255.625
19423,255.625
19424,255.625
19425,255.625
19426,255.625
19427,255.625
19428,255.625
19429,255.625
19430,255.625
19431,255.625
19432,255.625
19433,255.625
19434,255.625
19435,255.625
19436,255.625
19437,255.625
19438,255.625
19439,255.625
19440,255.625
19441,255.625
19442,255.625
19443,255.625
19444,255.625
19445,255.625
19446,255.625
19447,255.625
19448,255.625
19449,255.625
19450,255.625
19451,255.625
19452,255.625
19453,255.625
19454,255.625
19455,255.625
19456,255.625
19457,255.625
19458,255.625
19459,255.625
19460,255.625
19461,255.625
19462,255.625
19463,255.625
19464,255.625
19465,255.625
19466,255.625
19467,255.625
19468,255.625
19469,255.625
19470,255.625
19471,255.625
19472,255.625
19473,255.625
19474,255.625
19475,255.625
19476,255.625
19477,255.625
19478,255.625
19479,255.625
19480,255.625
19481,255.625
19482,255.625
19483,255.625
19484,255.625
19485,255.625
19486,255.625
19487,255.625
19488,255.625
19489,255.625
19490,255.625
19491,255.625
19492,255.625
19493,255.625
19494,255.625
19495,255.625
19496,255.625
19497,255.625
19498,255.625
19499,255.625
19500,255.625
19501,255.625
19502,255.625
19503,255.817
19504,255.817
19505,255.817
19506,255.817
19507,255.817
19508,255.817
19509,255.817
19510,255.817
19511,255.817
19512,255.817
19513,255.817
19514,255.817
19515,255.817
19516,255.817
19517,255.817
19518,255.817
19519,255.817
19520,255.817
19521,255.817
19522,255.817
19523,255.817
19524,255.817
19525,255.817
19526,255.817
19527,255.817
19528,255.817
19529,255.817
19530,255.817
19531,255.817
19532,255.817
19533,255.817
19534,255.817
19535,255.817
19536,255.817
19537,255.817
19538,255.817
19539,255.817
19540,255.817
19541,255.817
19542,255.817
19543,255.817
19544,255.817
19545,255.817
19546,255.817
19547,255.817
19548,255.817
19549,255.817
19550,255.817
19551,255.817
19552,255.817
19553,255.817
19554,255.817
19555,255.817
19556,255.817
19557,255.817
19558,255.817
19559,255.817
19560,255.817
19561,255.817
19562,255.817
19563,255.817
19564,255.817
19565,255.817
19566,255.817
19567,255.817
19568,255.817
19569,255.817
19570,255.817
19571,255.817
19572,255.817
19573,255.817
19574,255.817
19575,255.817
19576,255.817
19577,255.817
19578,255.817
19579,255.817
19580,255.817
19581,255.817
19582,255.817
19583,255.817
19584,255.817
19585,255.817
19586,255.817
19587,255.817
19588,255.817
19589,255.817
19590,255.817
19591,255.817
19592,255.817
19593,255.817
19594,255.817
19595,255.817
19596,255.817
19597,255.817
19598,255.817
19599,255.817
19600,255.817
19601,255.817
19602,255.817
19603,255.944
19604,255.944
19605,255.944
19606,255.944
19607,255.944
19608,255.944
19609,255.944
19610,255.944
19611,255.944
19612,255.944
19613,255.944
19614,255.944
19615,255.944
19616,255.944
19617,255.944
19618,255.944
19619,255.944
19620,255.944
19621,255.944
19622,255.944
19623,255.944
19624,255.944
19625,255.944
19626,255.944
19627,255.944
19628,255.944
19629,255.944
19630,255.944
19631,255.944
19632,255.944
19633,255.944
19634,255.944
19635,255.944
19636,255.944
19637,255.944
19638,255.944
19639,255.944
19640,255.944
19641,255.944
19642,255.944
19643,255.944
19644,255.944
19645,255.944
19646,255.944
19647,255.944
19648,255.944
19649,255.944
19650,255.944
19651,255.944
19652,255.944
19653,255.944
19654,255.944
19655,255.944
19656,255.944
19657,255.944
19658,255.944
19659,255.944
19660,255.944
19661,255.944
19662,255.944
19663,255.944
19664,255.944
19665,255.944
19666,255.944
19667,255.944
19668,255.944
19669,255.944
19670,255.944
19671,255.944
19672,255.944
19673,255.944
19674,255.944
19675,255.944
19676,255.944
19677,255.944
19678,255.944
19679,255.944
19680,255.944
19681,255.944
19682,255.944
19683,255.944
19684,255.944
19685,255.944
19686,255.944
19687,255.944
19688,255.944
19689,255.944
19690,255.944
19691,255.944
19692,255.944
19693,255.944
19694,255.944
19695,255.944
19696,255.944
19697,255.944
19698,255.944
19699,255.944
19700,255.944
19701,255.944
19702,255.944
19703,256.537
19704,256.537
19705,256.537
19706,256.537
19707,256.537
19708,256.537
19709,256.537
19710,256.537
19711,256.537
19712,256.537
19713,256.537
19714,256.537
19715,256.537
19716,256.537
19717,256.537
19718,256.537
19719,256.537
19720,256.537
19721,256.537
19722,256.537
19723,256.537
19724,256.537
19725,256.537
19726,256.537
19727,256.537
19728,256.537
19729,256.537
19730,256.537
19731,256.537
19732,256.537
19733,256.537
19734,256.537
19735,256.537
19736,256.537
19737,256.537
19738,256.537
19739,256.537
19740,256.537
19741,256.537
19742,256.537
19743,256.537
19744,256.537
19745,256.537
19746,256.537
19747,256.537
19748,256.537
19749,256.537
19750,256.537
19751,256.537
19752,256.537
19753,256.537
19754,256.537
19755,256.537
19756,256.537
19757,256.537
19758,256.537
19759,256.537
19760,256.537
19761,256.537
19762,256.537
19763,256.537
19764,256.537
19765,256.537
19766,256.537
19767,256.537
19768,256.537
19769,256.537
19770,256.537
19771,256.537
19772,256.537
19773,256.537
19774,256.537
19775,256.537
19776,256.537
19777,256.537
19778,256.537
19779,256.537
19780,256.537
19781,256.537
19782,256.537
19783,256.537
19784,256.537
19785,256.537
19786,256.537
19787,256.537
19788,256.537
19789,256.537
19790,256.537
19791,256.537
19792,256.537
19793,256.537
19794,256.537
19795,256.537
19796,256.537
19797,256.537
19798,256.537
19799,256.537
19800,256.537
19801,256.537
19802,256.537
19803,255.729
19804,255.729
19805,255.729
19806,255.729
19807,255.729
19808,255.729
19809,255.729
19810,255.729
19811,255.729
19812,255.729
19813,255.729
19814,255.729
19815,255.729
19816,255.729
19817,255.729
19818,255.729
19819,255.729
19820,255.729
19821,255.729
19822,255.729
19823,255.729
19824,255.729
19825,255.729
19826,255.729
19827,255.729
19828,255.729
19829,255.729
19830,255.729
19831,255.729
19832,255.729
19833,255.729
19834,255.729
19835,255.729
19836,255.729
19837,255.729
19838,255.729
19839,255.729
19840,255.729
19841,255.729
19842,255.729
19843,255.729
19844,255.729
19845,255.729
19846,255.729
19847,255.729
19848,255.729
19849,255.729
19850,255.729
19851,255.729
19852,255.729
19853,255.729
19854,255.729
19855,255.729
19856,255.729
19857,255.729
19858,255.729
19859,255.729
19860,255.729
19861,255.729
19862,255.729
19863,255.729
19864,255.729
19865,255.729
19866,255.729
19867,255.729
19868,255.729
19869,255.729
19870,255.729
19871,255.729
19872,255.729
19873,255.729
19874,255.729
19875,255.729
19876,255.729
19877,255.729
19878,255.729
19879,255.729
19880,255.729
19881,255.729
19882,255.729
19883,255.729
19884,255.729
19885,255.729
19886,255.729
19887,255.729
19888,255.729
19889,255.729
19890,255.729
19891,255.729
19892,255.729
19893,255.729
19894,255.729
19895,255.729
19896,255.729
19897,255.729
19898,255.729
19899,255.729
19900,255.729
19901,255.729
19902,255.729
19903,255.976
19904,255.976
19905,255.976
19906,255.976
19907,255.976
19908,255.976
19909,255.976
19910,255.976
19911,255.976
19912,255.976
19913,255.976
19914,255.976
19915,255.976
19916,255.976
19917,255.976
19918,255.976
19919,255.976
19920,255.976
19921,255.976
19922,255.976
19923,255.976
19924,255.976
19925,255.976
19926,255.976
19927,255.976
19928,255.976
19929,255.976
19930,255.976
19931,255.976
19932,255.976
19933,255.976
19934,255.976
19935,255.976
19936,255.976
19937,255.976
19938,255.976
19939,255.976
19940,255.976
19941,255.976
19942,255.976
19943,255.976
19944,255.976
19945,255.976
19946,255.976
19947,255.976
19948,255.976
19949,255.976
19950,255.976
19951,255.976
19952,255.976
19953,255.976
19954,255.976
19955,255.976
19956,255.976
19957,255.976
19958,255.976
19959,255.976
19960,255.976
19961,255.976
19962,255.976
19963,255.976
19964,255.976
19965,255.976
19966,255.976
19967,255.976
19968,255.976
19969,255.976
19970,255.976
19971,255.976
19972,255.976
19973,255.976
19974,255.976
19975,255.976
19976,255.976
19977,255.976
19978,255.976
19979,255.976
19980,255.976
19981,255.976
19982,255.976
19983,255.976
19984,255.976
19985,255.976
19986,255.976
19987,255.976
19988,255.976
19989,255.976
19990,255.976
19991,255.976
19992,255.976
19993,255.976
19994,255.976
19995,255.976
19996,255.976
19997,255.976
19998,255.976
19999,255.976
20000,255.976
20001,255.976
20002,255.976
20003,256.754
20004,256.754
20005,256.754
20006,256.754
20007,256.754
20008,256.754
20009,256.754
20010,256.754
20011,256.754
20012,256.754
20013,256.754
20014,256.754
20015,256.754
20016,256.754
20017,256.754
20018,256.754
20019,256.754
20020,256.754
20021,256.754
20022,256.754
20023,256.754
20024,256.754
20025,256.754
20026,256.754
20027,256.754
20028,256.754
20029,256.754
20030,256.754
20031,256.754
20032,256.754
20033,256.754
20034,256.754
20035,256.754
20036,256.754
20037,256.754
20038,256.754
20039,256.754
20040,256.754
20041,256.754
20042,256.754
20043,256.754
20044,256.754
20045,256.754
20046,256.754
20047,256.754
20048,256.754
20049,256.754
20050,256.754
20051,256.754
20052,256.754
20053,256.754
20054,256.754
20055,256.754
20056,256.754
20057,256.754
20058,256.754
20059,256.754
20060,256.754
20061,256.754
20062,256.754
20063,256.754
20064,256.754
20065,256.754
20066,256.754
20067,256.754
20068,256.754
20069,256.754
20070,256.754
20071,256.754
20072,256.754
20073,256.754
20074,256.754
20075,256.754
20076,256.754
20077,256.754
20078,256.754
20079,256.754
20080,256.754
20081,256.754
20082,256.754
20083,256.754
20084,256.754
20085,256.754
20086,256.754
20087,256.754
20088,256.754
20089,256.754
20090,256.754
20091,256.754
20092,256.754
20093,256.754
20094,256.754
20095,256.754
20096,256.754
20097,256.754
20098,256.754
20099,256.754
20100,256.754
20101,256.754
20102,256.754
20103,257.233
20104,257.233
20105,257.233
20106,257.233
20107,257.233
20108,257.233
20109,257.233
20110,257.233
20111,257.233
20112,257.233
20113,257.233
20114,257.233
20115,257.233
20116,257.233
20117,257.233
20118,257.233
20119,257.233
20120,257.233
20121,257.233
20122,257.233
20123,257.233
20124,257.233
20125,257.233
20126,257.233
20127,257.233
20128,257.233
20129,257.233
20130,257.233
20131,257.233
20132,257.233
20133,257.233
20134,257.233
20135,257.233
20136,257.233
20137,257.233
20138,257.233
20139,257.233
20140,257.233
20141,257.233
20142,257.233
20143,257.233
20144,257.233
20145,257.233
20146,257.233
20147,257.233
20148,257.233
20149,257.233
20150,257.233
20151,257.233
20152,257.233
20153,257.233
20154,257.233
20155,257.233
20156,257.233
20157,257.233
20158,257.233
20159,257.233
20160,257.233
20161,257.233
20162,257.233
20163,257.233
20164,257.233
20165,257.233
20166,257.233
20167,257.233
20168,257.233
20169,257.233
20170,257.233
20171,257.233
20172,257.233
20173,257.233
20174,257.233
20175,257.233
20176,257.233
20177,257.233
20178,257.233
20179,257.233
20180,257.233
20181,257.233
20182,257.233
20183,257.233
20184,257.233
20185,257.233
20186,257.233
20187,257.233
20188,257.233
20189,257.233
20190,257.233
20191,257.233
20192,257.233
20193,257.233
20194,257.233
20195,257.233
20196,257.233
20197,257.233
20198,257.233
20199,257.233
20200,257.233
20201,257.233
20202,257.233
20203,257.169
20204,257.169
20205,257.169
20206,257.169
20207,257.169
20208,257.169
20209,257.169
20210,257.169
20211,257.169
20212,257.169
20213,257.169
20214,257.169
20215,257.169
20216,257.169
20217,257.169
20218,257.169
20219,257.169
20220,257.169
20221,257.169
20222,257.169
20223,257.169
20224,257.169
20225,257.169
20226,257.169
20227,257.169
20228,257.169
20229,257.169
20230,257.169
20231,257.169
20232,257.169
20233,257.169
20234,257.169
20235,257.169
20236,257.169
20237,257.169
20238,257.169
20239,257.169
20240,257.169
20241,257.169
20242,257.169
20243,257.169
20244,257.169
20245,257.169
20246,257.169
20247,257.169
20248,257.169
20249,257.169
20250,257.169
20251,257.169
20252,257.169
20253,257.169
20254,257.169
20255,257.169
20256,257.169
20257,257.169
20258,257.169
20259,257.169
20260,257.169
20261,257.169
20262,257.169
20263,257.169
20264,257.169
20265,257.169
20266,257.169
20267,257.169
20268,257.169
20269,257.169
20270,257.169
20271,257.169
20272,257.169
20273,257.169
20274,257.169
20275,257.169
20276,257.169
20277,257.169
20278,257.169
20279,257.169
20280,257.169
20281,257.169
20282,257.169
20283,257.169
20284,257.169
20285,257.169
20286,257.169
20287,257.169
20288,257.169
20289,257.169
20290,257.169
20291,257.169
20292,257.169
20293,257.169
20294,257.169
20295,257.169
20296,257.169
20297,257.169
20298,257.169
20299,257.169
20300,257.169
20301,257.169
20302,257.169
20303,257.329
20304,257.329
20305,257.329
20306,257.329
20307,257.329
20308,257.329
20309,257.329
20310,257.329
20311,257.329
20312,257.329
20313,257.329
20314,257.329
20315,257.329
20316,257.329
20317,257.329
20318,257.329
20319,257.329
20320,257.329
20321,257.329
20322,257.329
20323,257.329
20324,257.329
20325,257.329
20326,257.329
20327,257.329
20328,257.329
20329,257.329
20330,257.329
20331,257.329
20332,257.329
20333,257.329
20334,257.329
20335,257.329
20336,257.329
20337,257.329
20338,257.329
20339,257.329
20340,257.329
20341,257.329
20342,257.329
20343,257.329
20344,257.329
20345,257.329
20346,257.329
20347,257.329
20348,257.329
20349,257.329
20350,257.329
20351,257.329
20352,257.329
20353,257.329
20354,257.329
20355,257.329
20356,257.329
20357,257.329
20358,257.329
20359,257.329
20360,257.329
20361,257.329
20362,257.329
20363,257.329
20364,257.329
20365,257.329
20366,257.329
20367,257.329
20368,257.329
20369,257.329
20370,257.329
20371,257.329
20372,257.329
20373,257.329
20374,257.329
20375,257.329
20376,257.329
20377,257.329
20378,257.329
20379,257.329
20380,257.329
20381,257.329
20382,257.329
20383,257.329
20384,257.329
20385,257.329
20386,257.329
20387,257.329
20388,257.329
20389,257.329
20390,257.329
20391,257.329
20392,257.329
20393,257.329
20394,257.329
20395,257.329
20396,257.329
20397,257.329
20398,257.329
20399,257.329
20400,257.329
20401,257.329
20402,257.329
20403,257.746
20404,257.746
20405,257.746
20406,257.746
20407,257.746
20408,257.746
20409,257.746
20410,257.746
20411,257.746
20412,257.746
20413,257.746
20414,257.746
20415,257.746
20416,257.746
20417,257.746
20418,257.746
20419,257.746
20420,257.746
20421,257.746
20422,257.746
20423,257.746
20424,257.746
20425,257.746
20426,257.746
20427,257.746
20428,257.746
20429,257.746
20430,257.746
20431,257.746
20432,257.746
20433,257.746
20434,257.746
20435,257.746
20436,257.746
20437,257.746
20438,257.746
20439,257.746
20440,257.746
20441,257.746
20442,257.746
20443,257.746
20444,257.746
20445,257.746
20446,257.746
20447,257.746
20448,257.746
20449,257.746
20450,257.746
20451,257.746
20452,257.746
20453,257.746
20454,257.746
20455,257.746
20456,257.746
20457,257.746
20458,257.746
20459,257.746
20460,257.746
20461,257.746
20462,257.746
20463,257.746
20464,257.746
20465,257.746
20466,257.746
20467,257.746
20468,257.746
20469,257.746
20470,257.746
20471,257.746
20472,257.746
20473,257.746
20474,257.746
20475,257.746
20476,257.746
20477,257.746
20478,257.746
20479,257.746
20480,257.746
20481,257.746
20482,257.746
20483,257.746
20484,257.746
20485,257.746
20486,257.746
20487,257.746
20488,257.746
20489,257.746
20490,257.746
20491,257.746
20492,257.746
20493,257.746
20494,257.746
20495,257.746
20496,257.746
20497,257.746
20498,257.746
20499,257.746
20500,257.746
20501,257.746
20502,257.746
20503,257.602
20504,257.602
20505,257.602
20506,257.602
20507,257.602
20508,257.602
20509,257.602
20510,257.602
20511,257.602
20512,257.602
20513,257.602
20514,257.602
20515,257.602
20516,257.602
20517,257.602
20518,257.602
20519,257.602
20520,257.602
20521,257.602
20522,257.602
20523,257.602
20524,257.602
20525,257.602
20526,257.602
20527,257.602
20528,257.602
20529,257.602
20530,257.602
20531,257.602
20532,257.602
20533,257.602
20534,257.602
20535,257.602
20536,257.602
20537,257.602
20538,257.602
20539,257.602
20540,257.602
20541,257.602
20542,257.602
20543,257.602
20544,257.602
20545,257.602
20546,257.602
20547,257.602
20548,257.602
20549,257.602
20550,257.602
20551,257.602
20552,257.602
20553,257.602
20554,257.602
20555,257.602
20556,257.602
20557,257.602
20558,257.602
20559,257.602
20560,257.602
20561,257.602
20562,257.602
20563,257.602
20564,257.602
20565,257.602
20566,257.602
20567,257.602
20568,257.602
20569,257.602
20570,257.602
20571,257.602
20572,257.602
20573,257.602
20574,257.602
20575,257.602
20576,257.602
20577,257.602
20578,257.602
20579,257.602
20580,257.602
20581,257.602
20582,257.602
20583,257.602
20584,257.602
20585,257.602
20586,257.602
20587,257.602
20588,257.602
20589,257.602
20590,257.602
20591,257.602
20592,257.602
20593,257.602
20594,257.602
20595,257.602
20596,257.602
20597,257.602
20598,257.602
20599,257.602
20600,257.602
20601,257.602
20602,257.602
20603,257.773
20604,257.773
20605,257.773
20606,257.773
20607,257.773
20608,257.773
20609,257.773
20610,257.773
20611,257.773
20612,257.773
20613,257.773
20614,257.773
20615,257.773
20616,257.773
20617,257.773
20618,257.773
20619,257.773
20620,257.773
20621,257.773
20622,257.773
20623,257.773
20624,257.773
20625,257.773
20626,257.773
20627,257.773
20628,257.773
20629,257.773
20630,257.773
20631,257.773
20632,257.773
20633,257.773
20634,257.773
20635,257.773
20636,257.773
20637,257.773
20638,257.773
20639,257.773
20640,257.773
20641,257.773
20642,257.773
20643,257.773
20644,257.773
20645,257.773
20646,257.773
20647,257.773
20648,257.773
20649,257.773
20650,257.773
20651,257.773
20652,257.773
20653,257.773
20654,257.773
20655,257.773
20656,257.773
20657,257.773
20658,257.773
20659,257.773
20660,257.773
20661,257.773
20662,257.773
20663,257.773
20664,257.773
20665,257.773
20666,257.773
20667,257.773
20668,257.773
20669,257.773
20670,257.773
20671,257.773
20672,257.773
20673,257.773
20674,257.773
20675,257.773
20676,257.773
20677,257.773
20678,257.773
20679,257.773
20680,257.773
20681,257.773
20682,257.773
20683,257.773
20684,257.773
20685,257.773
20686,257.773
20687,257.773
20688,257.773
20689,257.773
20690,257.773
20691,257.773
20692,257.773
20693,257.773
20694,257.773
20695,257.773
20696,257.773
20697,257.773
20698,257.773
20699,257.773
20700,257.773
20701,257.773
20702,257.773
20703,257.57
20704,257.57
20705,257.57
20706,257.57
20707,257.57
20708,257.57
20709,257.57
20710,257.57
20711,257.57
20712,257.57
20713,257.57
20714,257.57
20715,257.57
20716,257.57
20717,257.57
20718,257.57
20719,257.57
20720,257.57
20721,257.57
20722,257.57
20723,257.57
20724,257.57
20725,257.57
20726,257.57
20727,257.57
20728,257.57
20729,257.57
20730,257.57
20731,257.57
20732,257.57
20733,257.57
20734,257.57
20735,257.57
20736,257.57
20737,257.57
20738,257.57
20739,257.57
20740,257.57
20741,257.57
20742,257.57
20743,257.57
20744,257.57
20745,257.57
20746,257.57
20747,257.57
20748,257.57
20749,257.57
20750,257.57
20751,257.57
20752,257.57
20753,257.57
20754,257.57
20755,257.57
20756,257.57
20757,257.57
20758,257.57
20759,257.57
20760,257.57
20761,257.57
20762,257.57
20763,257.57
20764,257.57
20765,257.57
20766,257.57
20767,257.57
20768,257.57
20769,257.57
20770,257.57
20771,257.57
20772,257.57
20773,257.57
20774,257.57
20775,257.57
20776,257.57
20777,257.57
20778,257.57
20779,257.57
20780,257.57
20781,257.57
20782,257.57
20783,257.57
20784,257.57
20785,257.57
20786,257.57
20787,257.57
20788,257.57
20789,257.57
20790,257.57
20791,257.57
20792,257.57
20793,257.57
20794,257.57
20795,257.57
20796,257.57
20797,257.57
20798,257.57
20799,257.57
20800,257.57
20801,257.57
20802,257.57
20803,257.64
20804,257.64
20805,257.64
20806,257.64
20807,257.64
20808,257.64
20809,257.64
20810,257.64
20811,257.64
20812,257.64
20813,257.64
20814,257.64
20815,257.64
20816,257.64
20817,257.64
20818,257.64
20819,257.64
20820,257.64
20821,257.64
20822,257.64
20823,257.64
20824,257.64
20825,257.64
20826,257.64
20827,257.64
20828,257.64
20829,257.64
20830,257.64
20831,257.64
20832,257.64
20833,257.64
20834,257.64
20835,257.64
20836,257.64
20837,257.64
20838,257.64
20839,257.64
20840,257.64
20841,257.64
20842,257.64
20843,257.64
20844,257.64
20845,257.64
20846,257.64
20847,257.64
20848,257.64
20849,257.64
20850,257.64
20851,257.64
20852,257.64
20853,257.64
20854,257.64
20855,257.64
20856,257.64
20857,257.64
20858,257.64
20859,257.64
20860,257.64
20861,257.64
20862,257.64
20863,257.64
20864,257.64
20865,257.64
20866,257.64
20867,257.64
20868,257.64
20869,257.64
20870,257.64
20871,257.64
20872,257.64
20873,257.64
20874,257.64
20875,257.64
20876,257.64
20877,257.64
20878,257.64
20879,257.64
20880,257.64
20881,257.64
20882,257.64
20883,257.64
20884,257.64
20885,257.64
20886,257.64
20887,257.64
20888,257.64
20889,257.64
20890,257.64
20891,257.64
20892,257.64
20893,257.64
20894,257.64
20895,257.64
20896,257.64
20897,257.64
20898,257.64
20899,257.64
20900,257.64
20901,257.64
20902,257.64
20903,257.226
20904,257.226
20905,257.226
20906,257.226
20907,257.226
20908,257.226
20909,257.226
20910,257.226
20911,257.226
20912,257.226
20913,257.226
20914,257.226
20915,257.226
20916,257.226
20917,257.226
20918,257.226
20919,257.226
20920,257.226
20921,257.226
20922,257.226
20923,257.226
20924,257.226
20925,257.226
20926,257.226
20927,257.226
20928,257.226
20929,257.226
20930,257.226
20931,257.226
20932,257.226
20933,257.226
20934,257.226
20935,257.226
20936,257.226
20937,257.226
20938,257.226
20939,257.226
20940,257.226
20941,257.226
20942,257.226
20943,257.226
20944,257.226
20945,257.226
20946,257.226
20947,257.226
20948,257.226
20949,257.226
20950,257.226
20951,257.226
20952,257.226
20953,257.226
20954,257.226
20955,257.226
20956,257.226
20957,257.226
20958,257.226
20959,257.226
20960,257.226
20961,257.226
20962,257.226
20963,257.226
20964,257.226
20965,257.226
20966,257.226
20967,257.226
20968,257.226
20969,257.226
20970,257.226
20971,257.226
20972,257.226
20973,257.226
20974,257.226
20975,257.226
20976,257.226
20977,257.226
20978,257.226
20979,257.226
20980,257.226
20981,257.226
20982,257.226
20983,257.226
20984,257.226
20985,257.226
20986,257.226
20987,257.226
20988,257.226
20989,257.226
20990,257.226
20991,257.226
20992,257.226
20993,257.226
20994,257.226
20995,257.226
20996,257.226
20997,257.226
20998,257.226
20999,257.226
21000,257.226
21001,257.226
21002,257.226
21003,257.235
21004,257.235
21005,257.235
21006,257.235
21007,257.235
21008,257.235
21009,257.235
21010,257.235
21011,257.235
21012,257.235
21013,257.235
21014,257.235
21015,257.235
21016,257.235
21017,257.235
21018,257.235
21019,257.235
21020,257.235
21021,257.235
21022,257.235
21023,257.235
21024,257.235
21025,257.235
21026,257.235
21027,257.235
21028,257.235
21029,257.235
21030,257.235
21031,257.235
21032,257.235
21033,257.235
21034,257.235
21035,257.235
21036,257.235
21037,257.235
21038,257.235
21039,257.235
21040,257.235
21041,257.235
21042,257.235
21043,257.235
21044,257.235
21045,257.235
21046,257.235
21047,257.235
21048,257.235
21049,257.235
21050,257.235
21051,257.235
21052,257.235
21053,257.235
21054,257.235
21055,257.235
21056,257.235
21057,257.235
21058,257.235
21059,257.235
21060,257.235
21061,257.235
21062,257.235
21063,257.235
21064,257.235
21065,257.235
21066,257.235
21067,257.235
21068,257.235
21069,257.235
21070,257.235
21071,257.235
21072,257.235
21073,257.235
21074,257.235
21075,257.235
21076,257.235
21077,257.235
21078,257.235
21079,257.235
21080,257.235
21081,257.235
21082,257.235
21083,257.235
21084,257.235
21085,257.235
21086,257.235
21087,257.235
21088,257.235
21089,257.235
21090,257.235
21091,257.235
21092,257.235
21093,257.235
21094,257.235
21095,257.235
21096,257.235
21097,257.235
21098,257.235
21099,257.235
21100,257.235
21101,257.235
21102,257.235
21103,256.747
21104,256.747
21105,256.747
21106,256.747
21107,256.747
21108,256.747
21109,256.747
21110,256.747
21111,256.747
21112,256.747
21113,256.747
21114,256.747
21115,256.747
21116,256.747
21117,256.747
21118,256.747
21119,256.747
21120,256.747
21121,256.747
21122,256.747
21123,256.747
21124,256.747
21125,256.747
21126,256.747
21127,256.747
21128,256.747
21129,256.747
21130,256.747
21131,256.747
21132,256.747
21133,256.747
21134,256.747
21135,256.747
21136,256.747
21137,256.747
21138,256.747
21139,256.747
21140,256.747
21141,256.747
21142,256.747
21143,256.747
21144,256.747
21145,256.747
21146,256.747
21147,256.747
21148,256.747
21149,256.747
21150,256.747
21151,256.747
21152,256.747
21153,256.747
21154,256.747
21155,256.747
21156,256.747
21157,256.747
21158,256.747
21159,256.747
21160,256.747
21161,256.747
21162,256.747
21163,256.747
21164,256.747
21165,256.747
21166,256.747
21167,256.747
21168,256.747
21169,256.747
21170,256.747
21171,256.747
21172,256.747
21173,256.747
21174,256.747
21175,256.747
21176,256.747
21177,256.747
21178,256.747
21179,256.747
21180,256.747
21181,256.747
21182,256.747
21183,256.747
21184,256.747
21185,256.747
21186,256.747
21187,256.747
21188,256.747
21189,256.747
21190,256.747
21191,256.747
21192,256.747
21193,256.747
21194,256.747
21195,256.747
21196,256.747
21197,256.747
21198,256.747
21199,256.747
21200,256.747
21201,256.747
21202,256.747
21203,256.874
21204,256.874
21205,256.874
21206,256.874
21207,256.874
21208,256.874
21209,256.874
21210,256.874
21211,256.874
21212,256.874
21213,256.874
21214,256.874
21215,256.874
21216,256.874
21217,256.874
21218,256.874
21219,256.874
21220,256.874
21221,256.874
21222,256.874
21223,256.874
21224,256.874
21225,256.874
21226,256.874
21227,256.874
21228,256.874
21229,256.874
21230,256.874
21231,256.874
21232,256.874
21233,256.874
21234,256.874
21235,256.874
21236,256.874
21237,256.874
21238,256.874
21239,256.874
21240,256.874
21241,256.874
21242,256.874
21243,256.874
21244,256.874
21245,256.874
21246,256.874
21247,256.874
21248,256.874
21249,256.874
21250,256.874
21251,256.874
21252,256.874
21253,256.874
21254,256.874
21255,256.874
21256,256.874
21257,256.874
21258,256.874
21259,256.874
21260,256.874
21261,256.874
21262,256.874
21263,256.874
21264,256.874
21265,256.874
21266,256.874
21267,256.874
21268,256.874
21269,256.874
21270,256.874
21271,256.874
21272,256.874
21273,256.874
21274,256.874
21275,256.874
21276,256.874
21277,256.874
21278,256.874
21279,256.874
21280,256.874
21281,256.874
21282,256.874
21283,256.874
21284,256.874
21285,256.874
21286,256.874
21287,256.874
21288,256.874
21289,256.874
21290,256.874
21291,256.874
21292,256.874
21293,256.874
21294,256.874
21295,256.874
21296,256.874
21297,256.874
21298,256.874
21299,256.874
21300,256.874
21301,256.874
21302,256.874
21303,256.919
21304,256.919
21305,256.919
21306,256.919
21307,256.919
21308,256.919
21309,256.919
21310,256.919
21311,256.919
21312,256.919
21313,256.919
21314,256.919
21315,256.919
21316,256.919
21317,256.919
21318,256.919
21319,256.919
21320,256.919
21321,256.919
21322,256.919
21323,256.919
21324,256.919
21325,256.919
21326,256.919
21327,256.919
21328,256.919
21329,256.919
21330,256.919
21331,256.919
21332,256.919
21333,256.919
21334,256.919
21335,256.919
21336,256.919
21337,256.919
21338,256.919
21339,256.919
21340,256.919
21341,256.919
21342,256.919
21343,256.919
21344,256.919
21345,256.919
21346,256.919
21347,256.919
21348,256.919
21349,256.919
21350,256.919
21351,256.919
21352,256.919
21353,256.919
21354,256.919
21355,256.919
21356,256.919
21357,256.919
21358,256.919
21359,256.919
21360,256.919
21361,256.919
21362,256.919
21363,256.919
21364,256.919
21365,256.919
21366,256.919
21367,256.919
21368,256.919
21369,256.919
21370,256.919
21371,256.919
21372,256.919
21373,256.919
21374,256.919
21375,256.919
21376,256.919
21377,256.919
21378,256.919
21379,256.919
21380,256.919
21381,256.919
21382,256.919
21383,256.919
21384,256.919
21385,256.919
21386,256.919
21387,256.919
21388,256.919
21389,256.919
21390,256.919
21391,256.919
21392,256.919
21393,256.919
21394,256.919
21395,256.919
21396,256.919
21397,256.919
21398,256.919
21399,256.919
21400,256.919
21401,256.919
21402,256.919
21403,256.836
21404,256.836
21405,256.836
21406,256.836
21407,256.836
21408,256.836
21409,256.836
21410,256.836
21411,256.836
21412,256.836
21413,256.836
21414,256.836
21415,256.836
21416,256.836
21417,256.836
21418,256.836
21419,256.836
21420,256.836
21421,256.836
21422,256.836
21423,256.836
21424,256.836
21425,256.836
21426,256.836
21427,256.836
21428,256.836
21429,256.836
21430,256.836
21431,256.836
21432,256.836
21433,256.836
21434,256.836
21435,256.836
21436,256.836
21437,256.836
21438,256.836
21439,256.836
21440,256.836
21441,256.836
21442,256.836
21443,256.836
21444,256.836
21445,256.836
21446,256.836
21447,256.836
21448,256.836
21449,256.836
21450,256.836
21451,256.836
21452,256.836
21453,256.836
21454,256.836
21455,256.836
21456,256.836
21457,256.836
21458,256.836
21459,256.836
21460,256.836
21461,256.836
21462,256.836
21463,256.836
21464,256.836
21465,256.836
21466,256.836
21467,256.836
21468,256.836
21469,256.836
21470,256.836
21471,256.836
21472,256.836
21473,256.836
21474,256.836
21475,256.836
21476,256.836
21477,256.836
21478,256.836
21479,256.836
21480,256.836
21481,256.836
21482,256.836
21483,256.836
21484,256.836
21485,256.836
21486,256.836
21487,256.836
21488,256.836
21489,256.836
21490,256.836
21491,256.836
21492,256.836
21493,256.836
21494,256.836
21495,256.836
21496,256.836
21497,256.836
21498,256.836
21499,256.836
21500,256.836
21501,256.836
21502,256.836
21503,257.15
21504,257.15
21505,257.15
21506,257.15
21507,257.15
21508,257.15
21509,257.15
21510,257.15
21511,257.15
21512,257.15
21513,257.15
21514,257.15
21515,257.15
21516,257.15
21517,257.15
21518,257.15
21519,257.15
21520,257.15
21521,257.15
21522,257.15
21523,257.15
21524,257.15
21525,257.15
21526,257.15
21527,257.15
21528,257.15
21529,257.15
21530,257.15
21531,257.15
21532,257.15
21533,257.15
21534,257.15
21535,257.15
21536,257.15
21537,257.15
21538,257.15
21539,257.15
21540,257.15
21541,257.15
21542,257.15
21543,257.15
21544,257.15
21545,257.15
21546,257.15
21547,257.15
21548,257.15
21549,257.15
21550,257.15
21551,257.15
21552,257.15
21553,257.15
21554,257.15
21555,257.15
21556,257.15
21557,257.15
21558,257.15
21559,257.15
21560,257.15
21561,257.15
21562,257.15
21563,257.15
21564,257.15
21565,257.15
21566,257.15
21567,257.15
21568,257.15
21569,257.15
21570,257.15
21571,257.15
21572,257.15
21573,257.15
21574,257.15
21575,257.15
21576,257.15
21577,257.15
21578,257.15
21579,257.15
21580,257.15
21581,257.15
21582,257.15
21583,257.15
21584,257.15
21585,257.15
21586,257.15
21587,257.15
21588,257.15
21589,257.15
21590,257.15
21591,257.15
21592,257.15
21593,257.15
21594,257.15
21595,257.15
21596,257.15
21597,257.15
21598,257.15
21599,257.15
21600,257.15
21601,257.15
21602,257.15
21603,256.703
21604,256.703
21605,256.703
21606,256.703
21607,256.703
21608,256.703
21609,256.703
21610,256.703
21611,256.703
21612,256.703
21613,256.703
21614,256.703
21615,256.703
21616,256.703
21617,256.703
21618,256.703
21619,256.703
21620,256.703
21621,256.703
21622,256.703
21623,256.703
21624,256.703
21625,256.703
21626,256.703
21627,256.703
21628,256.703
21629,256.703
21630,256.703
21631,256.703
21632,256.703
21633,256.703
21634,256.703
21635,256.703
21636,256.703
21637,256.703
21638,256.703
21639,256.703
21640,256.703
21641,256.703
21642,256.703
21643,256.703
21644,256.703
21645,256.703
21646,256.703
21647,256.703
21648,256.703
21649,256.703
21650,256.703
21651,256.703
21652,256.703
21653,256.703
21654,256.703
21655,256.703
21656,256.703
21657,256.703
21658,256.703
21659,256.703
21660,256.703
21661,256.703
21662,256.703
21663,256.703
21664,256.703
21665,256.703
21666,256.703
21667,256.703
21668,256.703
21669,256.703
21670,256.703
21671,256.703
21672,256.703
21673,256.703
21674,256.703
21675,256.703
21676,256.703
21677,256.703
21678,256.703
21679,256.703
21680,256.703
21681,256.703
21682,256.703
21683,256.703
21684,256.703
21685,256.703
21686,256.703
21687,256.703
21688,256.703
21689,256.703
21690,256.703
21691,256.703
21692,256.703
21693,256.703
21694,256.703
21695,256.703
21696,256.703
21697,256.703
21698,256.703
21699,256.703
21700,256.703
21701,256.703
21702,256.703
21703,256.692
21704,256.692
21705,256.692
21706,256.692
21707,256.692
21708,256.692
21709,256.692
21710,256.692
21711,256.692
21712,256.692
21713,256.692
21714,256.692
21715,256.692
21716,256.692
21717,256.692
21718,256.692
21719,256.692
21720,256.692
21721,256.692
21722,256.692
21723,256.692
21724,256.692
21725,256.692
21726,256.692
21727,256.692
21728,256.692
21729,256.692
21730,256.692
21731,256.692
21732,256.692
21733,256.692
21734,256.692
21735,256.692
21736,256.692
21737,256.692
21738,256.692
21739,256.692
21740,256.692
21741,256.692
21742,256.692
21743,256.692
21744,256.692
21745,256.692
21746,256.692
21747,256.692
21748,256.692
21749,256.692
21750,256.692
21751,256.692
21752,256.692
21753,256.692
21754,256.692
21755,256.692
21756,256.692
21757,256.692
21758,256.692
21759,256.692
21760,256.692
21761,256.692
21762,256.692
21763,256.692
21764,256.692
21765,256.692
21766,256.692
21767,256.692
21768,256.692
21769,256.692
21770,256.692
21771,256.692
21772,256.692
21773,256.692
21774,256.692
21775,256.692
21776,256.692
21777,256.692
21778,256.692
21779,256.692
21780,256.692
21781,256.692
21782,256.692
21783,256.692
21784,256.692
21785,256.692
21786,256.692
21787,256.692
21788,256.692
21789,256.692
21790,256.692
21791,256.692
21792,256.692
21793,256.692
21794,256.692
21795,256.692
21796,256.692
21797,256.692
21798,256.692
21799,256.692
21800,256.692
21801,256.692
21802,256.692
21803,256.762
21804,256.762
21805,256.762
21806,256.762
21807,256.762
21808,256.762
21809,256.762
21810,256.762
21811,256.762
21812,256.762
21813,256.762
21814,256.762
21815,256.762
21816,256.762
21817,256.762
21818,256.762
21819,256.762
21820,256.762
21821,256.762
21822,256.762
21823,256.762
21824,256.762
21825,256.762
21826,256.762
21827,256.762
21828,256.762
21829,256.762
21830,256.762
21831,256.762
21832,256.762
21833,256.762
21834,256.762
21835,256.762
21836,256.762
21837,256.762
21838,256.762
21839,256.762
21840,256.762
21841,256.762
21842,256.762
21843,256.762
21844,256.762
21845,256.762
21846,256.762
21847,256.762
21848,256.762
21849,256.762
21850,256.762
21851,256.762
21852,256.762
21853,256.762
21854,256.762
21855,256.762
21856,256.762
21857,256.762
21858,256.762
21859,256.762
21860,256.762
21861,256.762
21862,256.762
21863,256.762
21864,256.762
21865,256.762
21866,256.762
21867,256.762
21868,256.762
21869,256.762
21870,256.762
21871,256.762
21872,256.762
21873,256.762
21874,256.762
21875,256.762
21876,256.762
21877,256.762
21878,256.762
21879,256.762
21880,256.762
21881,256.762
21882,256.762
21883,256.762
21884,256.762
21885,256.762
21886,256.762
21887,256.762
21888,256.762
21889,256.762
21890,256.762
21891,256.762
21892,256.762
21893,256.762
21894,256.762
21895,256.762
21896,256.762
21897,256.762
21898,256.762
21899,256.762
21900,256.762
21901,256.762
21902,256.762
21903,256.884
21904,256.884
21905,256.884
21906,256.884
21907,256.884
21908,256.884
21909,256.884
21910,256.884
21911,256.884
21912,256.884
21913,256.884
21914,256.884
21915,256.884
21916,256.884
21917,256.884
21918,256.884
21919,256.884
21920,256.884
21921,256.884
21922,256.884
21923,256.884
21924,256.884
21925,256.884
21926,256.884
21927,256.884
21928,256.884
21929,256.884
21930,256.884
21931,256.884
21932,256.884
21933,256.884
21934,256.884
21935,256.884
21936,256.884
21937,256.884
21938,256.884
21939,256.884
21940,256.884
21941,256.884
21942,256.884
21943,256.884
21944,256.884
21945,256.884
21946,256.884
21947,256.884
21948,256.884
21949,256.884
21950,256.884
21951,256.884
21952,256.884
21953,256.884
21954,256.884
21955,256.884
21956,256.884
21957,256.884
21958,256.884
21959,256.884
21960,256.884
21961,256.884
21962,256.884
21963,256.884
21964,256.884
21965,256.884
21966,256.884
21967,256.884
21968,256.884
21969,256.884
21970,256.884
21971,256.884
21972,256.884
21973,256.884
21974,256.884
21975,256.884
21976,256.884
21977,256.884
21978,256.884
21979,256.884
21980,256.884
21981,256.884
21982,256.884
21983,256.884
21984,256.884
21985,256.884
21986,256.884
21987,256.884
21988,256.884
21989,256.884
21990,256.884
21991,256.884
21992,256.884
21993,256.884
21994,256.884
21995,256.884
21996,256.884
21997,256.884
21998,256.884
21999,256.884
22000,256.884
22001,256.884
22002,256.884
22003,256.639
22004,256.639
22005,256.639
22006,256.639
22007,256.639
22008,256.639
22009,256.639
22010,256.639
22011,256.639
22012,256.639
22013,256.639
22014,256.639
22015,256.639
22016,256.639
22017,256.639
22018,256.639
22019,256.639
22020,256.639
22021,256.639
22022,256.639
22023,256.639
22024,256.639
22025,256.639
22026,256.639
22027,256.639
22028,256.639
22029,256.639
22030,256.639
22031,256.639
22032,256.639
22033,256.639
22034,256.639
22035,256.639
22036,256.639
22037,256.639
22038,256.639
22039,256.639
22040,256.639
22041,256.639
22042,256.639
22043,256.639
22044,256.639
22045,256.639
22046,256.639
22047,256.639
22048,256.639
22049,256.639
22050,256.639
22051,256.639
22052,256.639
22053,256.639
22054,256.639
22055,256.639
22056,256.639
22057,256.639
22058,256.639
22059,256.639
22060,256.639
22061,256.639
22062,256.639
22063,256.639
22064,256.639
22065,256.639
22066,256.639
22067,256.639
22068,256.639
22069,256.639
22070,256.639
22071,256.639
22072,256.639
22073,256.639
22074,256.639
22075,256.639
22076,256.639
22077,256.639
22078,256.639
22079,256.639
22080,256.639
22081,256.639
22082,256.639
22083,256.639
22084,256.639
22085,256.639
22086,256.639
22087,256.639
22088,256.639
22089,256.639
22090,256.639
22091,256.639
22092,256.639
22093,256.639
22094,256.639
22095,256.639
22096,256.639
22097,256.639
22098,256.639
22099,256.639
22100,256.639
22101,256.639
22102,256.639
22103,256.89
22104,256.89
22105,256.89
22106,256.89
22107,256.89
22108,256.89
22109,256.89
22110,256.89
22111,256.89
22112,256.89
22113,256.89
22114,256.89
22115,256.89
22116,256.89
22117,256.89
22118,256.89
22119,256.89
22120,256.89
22121,256.89
22122,256.89
22123,256.89
22124,256.89
22125,256.89
22126,256.89
22127,256.89
22128,256.89
22129,256.89
22130,256.89
22131,256.89
22132,256.89
22133,256.89
22134,256.89
22135,256.89
22136,256.89
22137,256.89
22138,256.89
22139,256.89
22140,256.89
22141,256.89
22142,256.89
22143,256.89
22144,256.89
22145,256.89
22146,256.89
22147,256.89
22148,256.89
22149,256.89
22150,256.89
22151,256.89
22152,256.89
22153,256.89
22154,256.89
22155,256.89
22156,256.89
22157,256.89
22158,256.89
22159,256.89
22160,256.89
22161,256.89
22162,256.89
22163,256.89
22164,256.89
22165,256.89
22166,256.89
22167,256.89
22168,256.89
22169,256.89
22170,256.89
22171,256.89
22172,256.89
22173,256.89
22174,256.89
22175,256.89
22176,256.89
22177,256.89
22178,256.89
22179,256.89
22180,256.89
22181,256.89
22182,256.89
22183,256.89
22184,256.89
22185,256.89
22186,256.89
22187,256.89
22188,256.89
22189,256.89
22190,256.89
22191,256.89
22192,256.89
22193,256.89
22194,256.89
22195,256.89
22196,256.89
22197,256.89
22198,256.89
22199,256.89
22200,256.89
22201,256.89
22202,256.89
22203,256.715
22204,256.715
22205,256.715
22206,256.715
22207,256.715
22208,256.715
22209,256.715
22210,256.715
22211,256.715
22212,256.715
22213,256.715
22214,256.715
22215,256.715
22216,256.715
22217,256.715
22218,256.715
22219,256.715
22220,256.715
22221,256.715
22222,256.715
22223,256.715
22224,256.715
22225,256.715
22226,256.715
22227,256.715
22228,256.715
22229,256.715
22230,256.715
22231,256.715
22232,256.715
22233,256.715
22234,256.715
22235,256.715
22236,256.715
22237,256.715
22238,256.715
22239,256.715
22240,256.715
22241,256.715
22242,256.715
22243,256.715
22244,256.715
22245,256.715
22246,256.715
22247,256.715
22248,256.715
22249,256.715
22250,256.715
22251,256.715
22252,256.715
22253,256.715
22254,256.715
22255,256.715
22256,256.715
22257,256.715
22258,256.715
22259,256.715
22260,256.715
22261,256.715
22262,256.715
22263,256.715
22264,256.715
22265,256.715
22266,256.715
22267,256.715
22268,256.715
22269,256.715
22270,256.715
22271,256.715
22272,256.715
22273,256.715
22274,256.715
22275,256.715
22276,256.715
22277,256.715
22278,256.715
22279,256.715
22280,256.715
22281,256.715
22282,256.715
22283,256.715
22284,256.715
22285,256.715
22286,256.715
22287,256.715
22288,256.715
22289,256.715
22290,256.715
22291,256.715
22292,256.715
22293,256.715
22294,256.715
22295,256.715
22296,256.715
22297,256.715
22298,256.715
22299,256.715
22300,256.715
22301,256.715
22302,256.715
22303,256.246
22304,256.246
22305,256.246
22306,256.246
22307,256.246
22308,256.246
22309,256.246
22310,256.246
22311,256.246
22312,256.246
22313,256.246
22314,256.246
22315,256.246
22316,256.246
22317,256.246
22318,256.246
22319,256.246
22320,256.246
22321,256.246
22322,256.246
22323,256.246
22324,256.246
22325,256.246
22326,256.246
22327,256.246
22328,256.246
22329,256.246
22330,256.246
22331,256.246
22332,256.246
22333,256.246
22334,256.246
22335,256.246
22336,256.246
22337,256.246
22338,256.246
22339,256.246
22340,256.246
22341,256.246
22342,256.246
22343,256.246
22344,256.246
22345,256.246
22346,256.246
22347,256.246
22348,256.246
22349,256.246
22350,256.246
22351,256.246
22352,256.246
22353,256.246
22354,256.246
22355,256.246
22356,256.246
22357,256.246
22358,256.246
22359,256.246
22360,256.246
22361,256.246
22362,256.246
22363,256.246
22364,256.246
22365,256.246
22366,256.246
22367,256.246
22368,256.246
22369,256.246
22370,256.246
22371,256.246
22372,256.246
22373,256.246
22374,256.246
22375,256.246
22376,256.246
22377,256.246
22378,256.246
22379,256.246
22380,256.246
22381,256.246
22382,256.246
22383,256.246
22384,256.246
22385,256.246
22386,256.246
22387,256.246
22388,256.246
22389,256.246
22390,256.246
22391,256.246
22392,256.246
22393,256.246
22394,256.246
22395,256.246
22396,256.246
22397,256.246
22398,256.246
22399,256.246
22400,256.246
22401,256.246
22402,256.246
22403,256.329
22404,256.329
22405,256.329
22406,256.329
22407,256.329
22408,256.329
22409,256.329
22410,256.329
22411,256.329
22412,256.329
22413,256.329
22414,256.329
22415,256.329
22416,256.329
22417,256.329
22418,256.329
22419,256.329
22420,256.329
22421,256.329
22422,256.329
22423,256.329
22424,256.329
22425,256.329
22426,256.329
22427,256.329
22428,256.329
22429,256.329
22430,256.329
22431,256.329
22432,256.329
22433,256.329
22434,256.329
22435,256.329
22436,256.329
22437,256.329
22438,256.329
22439,256.329
22440,256.329
22441,256.329
22442,256.329
22443,256.329
22444,256.329
22445,256.329
22446,256.329
22447,256.329
22448,256.329
22449,256.329
22450,256.329
22451,256.329
22452,256.329
22453,256.329
22454,256.329
22455,256.329
22456,256.329
22457,256.329
22458,256.329
22459,256.329
22460,256.329
22461,256.329
22462,256.329
22463,256.329
22464,256.329
22465,256.329
22466,256.329
22467,256.329
22468,256.329
22469,256.329
22470,256.329
22471,256.329
22472,256.329
22473,256.329
22474,256.329
22475,256.329
22476,256.329
22477,256.329
22478,256.329
22479,256.329
22480,256.329
22481,256.329
22482,256.329
22483,256.329
22484,256.329
22485,256.329
22486,256.329
22487,256.329
22488,256.329
22489,256.329
22490,256.329
22491,256.329
22492,256.329
22493,256.329
22494,256.329
22495,256.329
22496,256.329
22497,256.329
22498,256.329
22499,256.329
22500,256.329
22501,256.329
22502,256.329
22503,256.357
22504,256.357
22505,256.357
22506,256.357
22507,256.357
22508,256.357
22509,256.357
22510,256.357
22511,256.357
22512,256.357
22513,256.357
22514,256.357
22515,256.357
22516,256.357
22517,256.357
22518,256.357
22519,256.357
22520,256.357
22521,256.357
22522,256.357
22523,256.357
22524,256.357
22525,256.357
22526,256.357
22527,256.357
22528,256.357
22529,256.357
22530,256.357
22531,256.357
22532,256.357
22533,256.357
22534,256.357
22535,256.357
22536,256.357
22537,256.357
22538,256.357
22539,256.357
22540,256.357
22541,256.357
22542,256.357
22543,256.357
22544,256.357
22545,256.357
22546,256.357
22547,256.357
22548,256.357
22549,256.357
22550,256.357
22551,256.357
22552,256.357
22553,256.357
22554,256.357
22555,256.357
22556,256.357
22557,256.357
22558,256.357
22559,256.357
22560,256.357
22561,256.357
22562,256.357
22563,256.357
22564,256.357
22565,256.357
22566,256.357
22567,256.357
22568,256.357
22569,256.357
22570,256.357
22571,256.357
22572,256.357
22573,256.357
22574,256.357
22575,256.357
22576,256.357
22577,256.357
22578,256.357
22579,256.357
22580,256.357
22581,256.357
22582,256.357
22583,256.357
22584,256.357
22585,256.357
22586,256.357
22587,256.357
22588,256.357
22589,256.357
22590,256.357
22591,256.357
22592,256.357
22593,256.357
22594,256.357
22595,256.357
22596,256.357
22597,256.357
22598,256.357
22599,256.357
22600,256.357
22601,256.357
22602,256.357
22603,256.709
22604,256.709
22605,256.709
22606,256.709
22607,256.709
22608,256.709
22609,256.709
22610,256.709
22611,256.709
22612,256.709
22613,256.709
22614,256.709
22615,256.709
22616,256.709
22617,256.709
22618,256.709
22619,256.709
22620,256.709
22621,256.709
22622,256.709
22623,256.709
22624,256.709
22625,256.709
22626,256.709
22627,256.709
22628,256.709
22629,256.709
22630,256.709
22631,256.709
22632,256.709
22633,256.709
22634,256.709
22635,256.709
22636,256.709
22637,256.709
22638,256.709
22639,256.709
22640,256.709
22641,256.709
22642,256.709
22643,256.709
22644,256.709
22645,256.709
22646,256.709
22647,256.709
22648,256.709
22649,256.709
22650,256.709
22651,256.709
22652,256.709
22653,256.709
22654,256.709
22655,256.709
22656,256.709
22657,256.709
22658,256.709
22659,256.709
22660,256.709
22661,256.709
22662,256.709
22663,256.709
22664,256.709
22665,256.709
22666,256.709
22667,256.709
22668,256.709
22669,256.709
22670,256.709
22671,256.709
22672,256.709
22673,256.709
22674,256.709
22675,256.709
22676,256.709
22677,256.709
22678,256.709
22679,256.709
22680,256.709
22681,256.709
22682,256.709
22683,256.709
22684,256.709
22685,256.709
22686,256.709
22687,256.709
22688,256.709
22689,256.709
22690,256.709
22691,256.709
22692,256.709
22693,256.709
22694,256.709
22695,256.709
22696,256.709
22697,256.709
22698,256.709
22699,256.709
22700,256.709
22701,256.709
22702,256.709
22703,256.748
22704,256.748
22705,256.748
22706,256.748
22707,256.748
22708,256.748
22709,256.748
22710,256.748
22711,256.748
22712,256.748
22713,256.748
22714,256.748
22715,256.748
22716,256.748
22717,256.748
22718,256.748
22719,256.748
22720,256.748
22721,256.748
22722,256.748
22723,256.748
22724,256.748
22725,256.748
22726,256.748
22727,256.748
22728,256.748
22729,256.748
22730,256.748
22731,256.748
22732,256.748
22733,256.748
22734,256.748
22735,256.748
22736,256.748
22737,256.748
22738,256.748
22739,256.748
22740,256.748
22741,256.748
22742,256.748
22743,256.748
22744,256.748
22745,256.748
22746,256.748
22747,256.748
22748,256.748
22749,256.748
22750,256.748
22751,256.748
22752,256.748
22753,256.748
22754,256.748
22755,256.748
22756,256.748
22757,256.748
22758,256.748
22759,256.748
22760,256.748
22761,256.748
22762,256.748
22763,256.748
22764,256.748
22765,256.748
22766,256.748
22767,256.748
22768,256.748
22769,256.748
22770,256.748
22771,256.748
22772,256.748
22773,256.748
22774,256.748
22775,256.748
22776,256.748
22777,256.748
22778,256.748
22779,256.748
22780,256.748
22781,256.748
22782,256.748
22783,256.748
22784,256.748
22785,256.748
22786,256.748
22787,256.748
22788,256.748
22789,256.748
22790,256.748
22791,256.748
22792,256.748
22793,256.748
22794,256.748
22795,256.748
22796,256.748
22797,256.748
22798,256.748
22799,256.748
22800,256.748
22801,256.748
22802,256.748
22803,256.725
22804,256.725
22805,256.725
22806,256.725
22807,256.725
22808,256.725
22809,256.725
22810,256.725
22811,256.725
22812,256.725
22813,256.725
22814,256.725
22815,256.725
22816,256.725
22817,256.725
22818,256.725
22819,256.725
22820,256.725
22821,256.725
22822,256.725
22823,256.725
22824,256.725
22825,256.725
22826,256.725
22827,256.725
22828,256.725
22829,256.725
22830,256.725
22831,256.725
22832,256.725
22833,256.725
22834,256.725
22835,256.725
22836,256.725
22837,256.725
22838,256.725
22839,256.725
22840,256.725
22841,256.725
22842,256.725
22843,256.725
22844,256.725
22845,256.725
22846,256.725
22847,256.725
22848,256.725
22849,256.725
22850,256.725
22851,256.725
22852,256.725
22853,256.725
22854,256.725
22855,256.725
22856,256.725
22857,256.725
22858,256.725
22859,256.725
22860,256.725
22861,256.725
22862,256.725
22863,256.725
22864,256.725
22865,256.725
22866,256.725
22867,256.725
22868,256.725
22869,256.725
22870,256.725
22871,256.725
22872,256.725
22873,256.725
22874,256.725
22875,256.725
22876,256.725
22877,256.725
22878,256.725
22879,256.725
22880,256.725
22881,256.725
22882,256.725
22883,256.725
22884,256.725
22885,256.725
22886,256.725
22887,256.725
22888,256.725
22889,256.725
22890,256.725
22891,256.725
22892,256.725
22893,256.725
22894,256.725
22895,256.725
22896,256.725
22897,256.725
22898,256.725
22899,256.725
22900,256.725
22901,256.725
22902,256.725
22903,256.333
22904,256.333
22905,256.333
22906,256.333
22907,256.333
22908,256.333
22909,256.333
22910,256.333
22911,256.333
22912,256.333
22913,256.333
22914,256.333
22915,256.333
22916,256.333
22917,256.333
22918,256.333
22919,256.333
22920,256.333
22921,256.333
22922,256.333
22923,256.333
22924,256.333
22925,256.333
22926,256.333
22927,256.333
22928,256.333
22929,256.333
22930,256.333
22931,256.333
22932,256.333
22933,256.333
22934,256.333
22935,256.333
22936,256.333
22937,256.333
22938,256.333
22939,256.333
22940,256.333
22941,256.333
22942,256.333
22943,256.333
22944,256.333
22945,256.333
22946,256.333
22947,256.333
22948,256.333
22949,256.333
22950,256.333
22951,256.333
22952,256.333
22953,256.333
22954,256.333
22955,256.333
22956,256.333
22957,256.333
22958,256.333
22959,256.333
22960,256.333
22961,256.333
22962,256.333
22963,256.333
22964,256.333
22965,256.333
22966,256.333
22967,256.333
22968,256.333
22969,256.333
22970,256.333
22971,256.333
22972,256.333
22973,256.333
22974,256.333
22975,256.333
22976,256.333
22977,256.333
22978,256.333
22979,256.333
22980,256.333
22981,256.333
22982,256.333
22983,256.333
22984,256.333
22985,256.333
22986,256.333
22987,256.333
22988,256.333
22989,256.333
22990,256.333
22991,256.333
22992,256.333
22993,256.333
22994,256.333
22995,256.333
22996,256.333
22997,256.333
22998,256.333
22999,256.333
23000,256.333
23001,256.333
23002,256.333
23003,256.333
23004,256.379
23005,256.379
23006,256.379
23007,256.379
23008,256.379
23009,256.379
23010,256.379
23011,256.379
23012,256.379
23013,256.379
23014,256.379
23015,256.379
23016,256.379
23017,256.379
23018,256.379
23019,256.379
23020,256.379
23021,256.379
23022,256.379
23023,256.379
23024,256.379
23025,256.379
23026,256.379
23027,256.379
23028,256.379
23029,256.379
23030,256.379
23031,256.379
23032,256.379
23033,256.379
23034,256.379
23035,256.379
23036,256.379
23037,256.379
23038,256.379
23039,256.379
23040,256.379
23041,256.379
23042,256.379
23043,256.379
23044,256.379
23045,256.379
23046,256.379
23047,256.379
23048,256.379
23049,256.379
23050,256.379
23051,256.379
23052,256.379
23053,256.379
23054,256.379
23055,256.379
23056,256.379
23057,256.379
23058,256.379
23059,256.379
23060,256.379
23061,256.379
23062,256.379
23063,256.379
23064,256.379
23065,256.379
23066,256.379
23067,256.379
23068,256.379
23069,256.379
23070,256.379
23071,256.379
23072,256.379
23073,256.379
23074,256.379
23075,256.379
23076,256.379
23077,256.379
23078,256.379
23079,256.379
23080,256.379
23081,256.379
23082,256.379
23083,256.379
23084,256.379
23085,256.379
23086,256.379
23087,256.379
23088,256.379
23089,256.379
23090,256.379
23091,256.379
23092,256.379
23093,256.379
23094,256.379
23095,256.379
23096,256.379
23097,256.379
23098,256.379
23099,256.379
23100,256.379
23101,256.379
23102,256.379
23103,256.379
23104,256.019
23105,256.019
23106,256.019
23107,256.019
23108,256.019
23109,256.019
23110,256.019
23111,256.019
23112,256.019
23113,256.019
23114,256.019
23115,256.019
23116,256.019
23117,256.019
23118,256.019
23119,256.019
23120,256.019
23121,256.019
23122,256.019
23123,256.019
23124,256.019
23125,256.019
23126,256.019
23127,256.019
23128,256.019
23129,256.019
23130,256.019
23131,256.019
23132,256.019
23133,256.019
23134,256.019
23135,256.019
23136,256.019
23137,256.019
23138,256.019
23139,256.019
23140,256.019
23141,256.019
23142,256.019
23143,256.019
23144,256.019
23145,256.019
23146,256.019
23147,256.019
23148,256.019
23149,256.019
23150,256.019
23151,256.019
23152,256.019
23153,256.019
23154,256.019
23155,256.019
23156,256.019
23157,256.019
23158,256.019
23159,256.019
23160,256.019
23161,256.019
23162,256.019
23163,256.019
23164,256.019
23165,256.019
23166,256.019
23167,256.019
23168,256.019
23169,256.019
23170,256.019
23171,256.019
23172,256.019
23173,256.019
23174,256.019
23175,256.019
23176,256.019
23177,256.019
23178,256.019
23179,256.019
23180,256.019
23181,256.019
23182,256.019
23183,256.019
23184,256.019
23185,256.019
23186,256.019
23187,256.019
23188,256.019
23189,256.019
23190,256.019
23191,256.019
23192,256.019
23193,256.019
23194,256.019
23195,256.019
23196,256.019
23197,256.019
23198,256.019
23199,256.019
23200,256.019
23201,256.019
23202,256.019
23203,256.019
23204,256.599
23205,256.599
23206,256.599
23207,256.599
23208,256.599
23209,256.599
23210,256.599
23211,256.599
23212,256.599
23213,256.599
23214,256.599
23215,256.599
23216,256.599
23217,256.599
23218,256.599
23219,256.599
23220,256.599
23221,256.599
23222,256.599
23223,256.599
23224,256.599
23225,256.599
23226,256.599
23227,256.599
23228,256.599
23229,256.599
23230,256.599
23231,256.599
23232,256.599
23233,256.599
23234,256.599
23235,256.599
23236,256.599
23237,256.599
23238,256.599
23239,256.599
23240,256.599
23241,256.599
23242,256.599
23243,256.599
23244,256.599
23245,256.599
23246,256.599
23247,256.599
23248,256.599
23249,256.599
23250,256.599
23251,256.599
23252,256.599
23253,256.599
23254,256.599
23255,256.599
23256,256.599
23257,256.599
23258,256.599
23259,256.599
23260,256.599
23261,256.599
23262,256.599
23263,256.599
23264,256.599
23265,256.599
23266,256.599
23267,256.599
23268,256.599
23269,256.599
23270,256.599
23271,256.599
23272,256.599
23273,256.599
23274,256.599
23275,256.599
23276,256.599
23277,256.599
23278,256.599
23279,256.599
23280,256.599
23281,256.599
23282,256.599
23283,256.599
23284,256.599
23285,256.599
23286,256.599
23287,256.599
23288,256.599
23289,256.599
23290,256.599
23291,256.599
23292,256.599
23293,256.599
23294,256.599
23295,256.599
23296,256.599
23297,256.599
23298,256.599
23299,256.599
23300,256.599
23301,256.599
23302,256.599
23303,256.599
23304,256.765
23305,256.765
23306,256.765
23307,256.765
23308,256.765
23309,256.765
23310,256.765
23311,256.765
23312,256.765
23313,256.765
23314,256.765
23315,256.765
23316,256.765
23317,256.765
23318,256.765
23319,256.765
23320,256.765
23321,256.765
23322,256.765
23323,256.765
23324,256.765
23325,256.765
23326,256.765
23327,256.765
23328,256.765
23329,256.765
23330,256.765
23331,256.765
23332,256.765
23333,256.765
23334,256.765
23335,256.765
23336,256.765
23337,256.765
23338,256.765
23339,256.765
23340,256.765
23341,256.765
23342,256.765
23343,256.765
23344,256.765
23345,256.765
23346,256.765
23347,256.765
23348,256.765
23349,256.765
23350,256.765
23351,256.765
23352,256.765
23353,256.765
23354,256.765
23355,256.765
23356,256.765
23357,256.765
23358,256.765
23359,256.765
23360,256.765
23361,256.765
23362,256.765
23363,256.765
23364,256.765
23365,256.765
23366,256.765
23367,256.765
23368,256.765
23369,256.765
23370,256.765
23371,256.765
23372,256.765
23373,256.765
23374,256.765
23375,256.765
23376,256.765
23377,256.765
23378,256.765
23379,256.765
23380,256.765
23381,256.765
23382,256.765
23383,256.765
23384,256.765
23385,256.765
23386,256.765
23387,256.765
23388,256.765
23389,256.765
23390,256.765
23391,256.765
23392,256.765
23393,256.765
23394,256.765
23395,256.765
23396,256.765
23397,256.765
23398,256.765
23399,256.765
23400,256.765
23401,256.765
23402,256.765
23403,256.765
23404,257.06
23405,257.06
23406,257.06
23407,257.06
23408,257.06
23409,257.06
23410,257.06
23411,257.06
23412,257.06
23413,257.06
23414,257.06
23415,257.06
23416,257.06
23417,257.06
23418,257.06
23419,257.06
23420,257.06
23421,257.06
23422,257.06
23423,257.06
23424,257.06
23425,257.06
23426,257.06
23427,257.06
23428,257.06
23429,257.06
23430,257.06
23431,257.06
23432,257.06
23433,257.06
23434,257.06
23435,257.06
23436,257.06
23437,257.06
23438,257.06
23439,257.06
23440,257.06
23441,257.06
23442,257.06
23443,257.06
23444,257.06
23445,257.06
23446,257.06
23447,257.06
23448,257.06
23449,257.06
23450,257.06
23451,257.06
23452,257.06
23453,257.06
23454,257.06
23455,257.06
23456,257.06
23457,257.06
23458,257.06
23459,257.06
23460,257.06
23461,257.06
23462,257.06
23463,257.06
23464,257.06
23465,257.06
23466,257.06
23467,257.06
23468,257.06
23469,257.06
23470,257.06
23471,257.06
23472,257.06
23473,257.06
23474,257.06
23475,257.06
23476,257.06
23477,257.06
23478,257.06
23479,257.06
23480,257.06
23481,257.06
23482,257.06
23483,257.06
23484,257.06
23485,257.06
23486,257.06
23487,257.06
23488,257.06
23489,257.06
23490,257.06
23491,257.06
23492,257.06
23493,257.06
23494,257.06
23495,257.06
23496,257.06
23497,257.06
23498,257.06
23499,257.06
23500,257.06
23501,257.06
23502,257.06
23503,257.06
23504,257.029
23505,257.029
23506,257.029
23507,257.029
23508,257.029
23509,257.029
23510,257.029
23511,257.029
23512,257.029
23513,257.029
23514,257.029
23515,257.029
23516,257.029
23517,257.029
23518,257.029
23519,257.029
23520,257.029
23521,257.029
23522,257.029
23523,257.029
23524,257.029
23525,257.029
23526,257.029
23527,257.029
23528,257.029
23529,257.029
23530,257.029
23531,257.029
23532,257.029
23533,257.029
23534,257.029
23535,257.029
23536,257.029
23537,257.029
23538,257.029
23539,257.029
23540,257.029
23541,257.029
23542,257.029
23543,257.029
23544,257.029
23545,257.029
23546,257.029
23547,257.029
23548,257.029
23549,257.029
23550,257.029
23551,257.029
23552,257.029
23553,257.029
23554,257.029
23555,257.029
23556,257.029
23557,257.029
23558,257.029
23559,257.029
23560,257.029
23561,257.029
23562,257.029
23563,257.029
23564,257.029
23565,257.029
23566,257.029
23567,257.029
23568,257.029
23569,257.029
23570,257.029
23571,257.029
23572,257.029
23573,257.029
23574,257.029
23575,257.029
23576,257.029
23577,257.029
23578,257.029
23579,257.029
23580,257.029
23581,257.029
23582,257.029
23583,257.029
23584,257.029
23585,257.029
23586,257.029
23587,257.029
23588,257.029
23589,257.029
23590,257.029
23591,257.029
23592,257.029
23593,257.029
23594,257.029
23595,257.029
23596,257.029
23597,257.029
23598,257.029
23599,257.029
23600,257.029
23601,257.029
23602,257.029
23603,257.029
23604,257.065
23605,257.065
23606,257.065
23607,257.065
23608,257.065
23609,257.065
23610,257.065
23611,257.065
23612,257.065
23613,257.065
23614,257.065
23615,257.065
23616,257.065
23617,257.065
23618,257.065
23619,257.065
23620,257.065
23621,257.065
23622,257.065
23623,257.065
23624,257.065
23625,257.065
23626,257.065
23627,257.065
23628,257.065
23629,257.065
23630,257.065
23631,257.065
23632,257.065
23633,257.065
23634,257.065
23635,257.065
23636,257.065
23637,257.065
23638,257.065
23639,257.065
23640,257.065
23641,257.065
23642,257.065
23643,257.065
23644,257.065
23645,257.065
23646,257.065
23647,257.065
23648,257.065
23649,257.065
23650,257.065
23651,257.065
23652,257.065
23653,257.065
23654,257.065
23655,257.065
23656,257.065
23657,257.065
23658,257.065
23659,257.065
23660,257.065
23661,257.065
23662,257.065
23663,257.065
23664,257.065
23665,257.065
23666,257.065
23667,257.065
23668,257.065
23669,257.065
23670,257.065
23671,257.065
23672,257.065
23673,257.065
23674,257.065
23675,257.065
23676,257.065
23677,257.065
23678,257.065
23679,257.065
23680,257.065
23681,257.065
23682,257.065
23683,257.065
23684,257.065
23685,257.065
23686,257.065
23687,257.065
23688,257.065
23689,257.065
23690,257.065
23691,257.065
23692,257.065
23693,257.065
23694,257.065
23695,257.065
23696,257.065
23697,257.065
23698,257.065
23699,257.065
23700,257.065
23701,257.065
23702,257.065
23703,257.065
23704,256.628
23705,256.628
23706,256.628
23707,256.628
23708,256.628
23709,256.628
23710,256.628
23711,256.628
23712,256.628
23713,256.628
23714,256.628
23715,256.628
23716,256.628
23717,256.628
23718,256.628
23719,256.628
23720,256.628
23721,256.628
23722,256.628
23723,256.628
23724,256.628
23725,256.628
23726,256.628
23727,256.628
23728,256.628
23729,256.628
23730,256.628
23731,256.628
23732,256.628
23733,256.628
23734,256.628
23735,256.628
23736,256.628
23737,256.628
23738,256.628
23739,256.628
23740,256.628
23741,256.628
23742,256.628
23743,256.628
23744,256.628
23745,256.628
23746,256.628
23747,256.628
23748,256.628
23749,256.628
23750,256.628
23751,256.628
23752,256.628
23753,256.628
23754,256.628
23755,256.628
23756,256.628
23757,256.628
23758,256.628
23759,256.628
23760,256.628
23761,256.628
23762,256.628
23763,256.628
23764,256.628
23765,256.628
23766,256.628
23767,256.628
23768,256.628
23769,256.628
23770,256.628
23771,256.628
23772,256.628
23773,256.628
23774,256.628
23775,256.628
23776,256.628
23777,256.628
23778,256.628
23779,256.628
23780,256.628
23781,256.628
23782,256.628
23783,256.628
23784,256.628
23785,256.628
23786,256.628
23787,256.628
23788,256.628
23789,256.628
23790,256.628
23791,256.628
23792,256.628
23793,256.628
23794,256.628
23795,256.628
23796,256.628
23797,256.628
23798,256.628
23799,256.628
23800,256.628
23801,256.628
23802,256.628
23803,256.628
23804,256.666
23805,256.666
23806,256.666
23807,256.666
23808,256.666
23809,256.666
23810,256.666
23811,256.666
23812,256.666
23813,256.666
23814,256.666
23815,256.666
23816,256.666
23817,256.666
23818,256.666
23819,256.666
23820,256.666
23821,256.666
23822,256.666
23823,256.666
23824,256.666
23825,256.666
23826,256.666
23827,256.666
23828,256.666
23829,256.666
23830,256.666
23831,256.666
23832,256.666
23833,256.666
23834,256.666
23835,256.666
23836,256.666
23837,256.666
23838,256.666
23839,256.666
23840,256.666
23841,256.666
23842,256.666
23843,256.666
23844,256.666
23845,256.666
23846,256.666
23847,256.666
23848,256.666
23849,256.666
23850,256.666
23851,256.666
23852,256.666
23853,256.666
23854,256.666
23855,256.666
23856,256.666
23857,256.666
23858,256.666
23859,256.666
23860,256.666
23861,256.666
23862,256.666
23863,256.666
23864,256.666
23865,256.666
23866,256.666
23867,256.666
23868,256.666
23869,256.666
23870,256.666
23871,256.666
23872,256.666
23873,256.666
23874,256.666
23875,256.666
23876,256.666
23877,256.666
23878,256.666
23879,256.666
23880,256.666
23881,256.666
23882,256.666
23883,256.666
23884,256.666
23885,256.666
23886,256.666
23887,256.666
23888,256.666
23889,256.666
23890,256.666
23891,256.666
23892,256.666
23893,256.666
23894,256.666
23895,256.666
23896,256.666
23897,256.666
23898,256.666
23899,256.666
23900,256.666
23901,256.666
23902,256.666
23903,256.666
23904,257.447
23905,257.447
23906,257.447
23907,257.447
23908,257.447
23909,257.447
23910,257.447
23911,257.447
23912,257.447
23913,257.447
23914,257.447
23915,257.447
23916,257.447
23917,257.447
23918,257.447
23919,257.447
23920,257.447
23921,257.447
23922,257.447
23923,257.447
23924,257.447
23925,257.447
23926,257.447
23927,257.447
23928,257.447
23929,257.447
23930,257.447
23931,257.447
23932,257.447
23933,257.447
23934,257.447
23935,257.447
23936,257.447
23937,257.447
23938,257.447
23939,257.447
23940,257.447
23941,257.447
23942,257.447
23943,257.447
23944,257.447
23945,257.447
23946,257.447
23947,257.447
23948,257.447
23949,257.447
23950,257.447
23951,257.447
23952,257.447
23953,257.447
23954,257.447
23955,257.447
23956,257.447
23957,257.447
23958,257.447
23959,257.447
23960,257.447
23961,257.447
23962,257.447
23963,257.447
23964,257.447
23965,257.447
23966,257.447
23967,257.447
23968,257.447
23969,257.447
23970,257.447
23971,257.447
23972,257.447
23973,257.447
23974,257.447
23975,257.447
23976,257.447
23977,257.447
23978,257.447
23979,257.447
23980,257.447
23981,257.447
23982,257.447
23983,257.447
23984,257.447
23985,257.447
23986,257.447
23987,257.447
23988,257.447
23989,257.447
23990,257.447
23991,257.447
23992,257.447
23993,257.447
23994,257.447
23995,257.447
23996,257.447
23997,257.447
23998,257.447
23999,257.447
24000,257.447
24001,257.447
24002,257.447
24003,257.447
24004,257.8
24005,257.8
24006,257.8
24007,257.8
24008,257.8
24009,257.8
24010,257.8
24011,257.8
24012,257.8
24013,257.8
24014,257.8
24015,257.8
24016,257.8
24017,257.8
24018,257.8
24019,257.8
24020,257.8
24021,257.8
24022,257.8
24023,257.8
24024,257.8
24025,257.8
24026,257.8
24027,257.8
24028,257.8
24029,257.8
24030,257.8
24031,257.8
24032,257.8
24033,257.8
24034,257.8
24035,257.8
24036,257.8
24037,257.8
24038,257.8
24039,257.8
24040,257.8
24041,257.8
24042,257.8
24043,257.8
24044,257.8
24045,257.8
24046,257.8
24047,257.8
24048,257.8
24049,257.8
24050,257.8
24051,257.8
24052,257.8
24053,257.8
24054,257.8
24055,257.8
24056,257.8
24057,257.8
24058,257.8
24059,257.8
24060,257.8
24061,257.8
24062,257.8
24063,257.8
24064,257.8
24065,257.8
24066,257.8
24067,257.8
24068,257.8
24069,257.8
24070,257.8
24071,257.8
24072,257.8
24073,257.8
24074,257.8
24075,257.8
24076,257.8
24077,257.8
24078,257.8
24079,257.8
24080,257.8
24081,257.8
24082,257.8
24083,257.8
24084,257.8
24085,257.8
24086,257.8
24087,257.8
24088,257.8
24089,257.8
24090,257.8
24091,257.8
24092,257.8
24093,257.8
24094,257.8
24095,257.8
24096,257.8
24097,257.8
24098,257.8
24099,257.8
24100,257.8
24101,257.8
24102,257.8
24103,257.8
24104,257.679
24105,257.679
24106,257.679
24107,257.679
24108,257.679
24109,257.679
24110,257.679
24111,257.679
24112,257.679
24113,257.679
24114,257.679
24115,257.679
24116,257.679
24117,257.679
24118,257.679
24119,257.679
24120,257.679
24121,257.679
24122,257.679
24123,257.679
24124,257.679
24125,257.679
24126,257.679
24127,257.679
24128,257.679
24129,257.679
24130,257.679
24131,257.679
24132,257.679
24133,257.679
24134,257.679
24135,257.679
24136,257.679
24137,257.679
24138,257.679
24139,257.679
24140,257.679
24141,257.679
24142,257.679
24143,257.679
24144,257.679
24145,257.679
24146,257.679
24147,257.679
24148,257.679
24149,257.679
24150,257.679
24151,257.679
24152,257.679
24153,257.679
24154,257.679
24155,257.679
24156,257.679
24157,257.679
24158,257.679
24159,257.679
24160,257.679
24161,257.679
24162,257.679
24163,257.679
24164,257.679
24165,257.679
24166,257.679
24167,257.679
24168,257.679
24169,257.679
24170,257.679
24171,257.679
24172,257.679
24173,257.679
24174,257.679
24175,257.679
24176,257.679
24177,257.679
24178,257.679
24179,257.679
24180,257.679
24181,257.679
24182,257.679
24183,257.679
24184,257.679
24185,257.679
24186,257.679
24187,257.679
24188,257.679
24189,257.679
24190,257.679
24191,257.679
24192,257.679
24193,257.679
24194,257.679
24195,257.679
24196,257.679
24197,257.679
24198,257.679
24199,257.679
24200,257.679
24201,257.679
24202,257.679
24203,257.679
24204,257.192
24205,257.192
24206,257.192
24207,257.192
24208,257.192
24209,257.192
24210,257.192
24211,257.192
24212,257.192
24213,257.192
24214,257.192
24215,257.192
24216,257.192
24217,257.192
24218,257.192
24219,257.192
24220,257.192
24221,257.192
24222,257.192
24223,257.192
24224,257.192
24225,257.192
24226,257.192
24227,257.192
24228,257.192
24229,257.192
24230,257.192
24231,257.192
24232,257.192
24233,257.192
24234,257.192
24235,257.192
24236,257.192
24237,257.192
24238,257.192
24239,257.192
24240,257.192
24241,257.192
24242,257.192
24243,257.192
24244,257.192
24245,257.192
24246,257.192
24247,257.192
24248,257.192
24249,257.192
24250,257.192
24251,257.192
24252,257.192
24253,257.192
24254,257.192
24255,257.192
24256,257.192
24257,257.192
24258,257.192
24259,257.192
24260,257.192
24261,257.192
24262,257.192
24263,257.192
24264,257.192
24265,257.192
24266,257.192
24267,257.192
24268,257.192
24269,257.192
24270,257.192
24271,257.192
24272,257.192
24273,257.192
24274,257.192
24275,257.192
24276,257.192
24277,257.192
24278,257.192
24279,257.192
24280,257.192
24281,257.192
24282,257.192
24283,257.192
24284,257.192
24285,257.192
24286,257.192
24287,257.192
24288,257.192
24289,257.192
24290,257.192
24291,257.192
24292,257.192
24293,257.192
24294,257.192
24295,257.192
24296,257.192
24297,257.192
24298,257.192
24299,257.192
24300,257.192
24301,257.192
24302,257.192
24303,257.192
24304,257.859
24305,257.859
24306,257.859
24307,257.859
24308,257.859
24309,257.859
24310,257.859
24311,257.859
24312,257.859
24313,257.859
24314,257.859
24315,257.859
24316,257.859
24317,257.859
24318,257.859
24319,257.859
24320,257.859
24321,257.859
24322,257.859
24323,257.859
24324,257.859
24325,257.859
24326,257.859
24327,257.859
24328,257.859
24329,257.859
24330,257.859
24331,257.859
24332,257.859
24333,257.859
24334,257.859
24335,257.859
24336,257.859
24337,257.859
24338,257.859
24339,257.859
24340,257.859
24341,257.859
24342,257.859
24343,257.859
24344,257.859
24345,257.859
24346,257.859
24347,257.859
24348,257.859
24349,257.859
24350,257.859
24351,257.859
24352,257.859
24353,257.859
24354,257.859
24355,257.859
24356,257.859
24357,257.859
24358,257.859
24359,257.859
24360,257.859
24361,257.859
24362,257.859
24363,257.859
24364,257.859
24365,257.859
24366,257.859
24367,257.859
24368,257.859
24369,257.859
24370,257.859
24371,257.859
24372,257.859
24373,257.859
24374,257.859
24375,257.859
24376,257.859
24377,257.859
24378,257.859
24379,257.859
24380,257.859
24381,257.859
24382,257.859
24383,257.859
24384,257.859
24385,257.859
24386,257.859
24387,257.859
24388,257.859
24389,257.859
24390,257.859
24391,257.859
24392,257.859
24393,257.859
24394,257.859
24395,257.859
24396,257.859
24397,257.859
24398,257.859
24399,257.859
24400,257.859
24401,257.859
24402,257.859
24403,257.859
24404,257.355
24405,257.355
24406,257.355
24407,257.355
24408,257.355
24409,257.355
24410,257.355
24411,257.355
24412,257.355
24413,257.355
24414,257.355
24415,257.355
24416,257.355
24417,257.355
24418,257.355
24419,257.355
24420,257.355
24421,257.355
24422,257.355
24423,257.355
24424,257.355
24425,257.355
24426,257.355
24427,257.355
24428,257.355
24429,257.355
24430,257.355
24431,257.355
24432,257.355
24433,257.355
24434,257.355
24435,257.355
24436,257.355
24437,257.355
24438,257.355
24439,257.355
24440,257.355
24441,257.355
24442,257.355
24443,257.355
24444,257.355
24445,257.355
24446,257.355
24447,257.355
24448,257.355
24449,257.355
24450,257.355
24451,257.355
24452,257.355
24453,257.355
24454,257.355
24455,257.355
24456,257.355
24457,257.355
24458,257.355
24459,257.355
24460,257.355
24461,257.355
24462,257.355
24463,257.355
24464,257.355
24465,257.355
24466,257.355
24467,257.355
24468,257.355
24469,257.355
24470,257.355
24471,257.355
24472,257.355
24473,257.355
24474,257.355
24475,257.355
24476,257.355
24477,257.355
24478,257.355
24479,257.355
24480,257.355
24481,257.355
24482,257.355
24483,257.355
24484,257.355
24485,257.355
24486,257.355
24487,257.355
24488,257.355
24489,257.355
24490,257.355
24491,257.355
24492,257.355
24493,257.355
24494,257.355
24495,257.355
24496,257.355
24497,257.355
24498,257.355
24499,257.355
24500,257.355
24501,257.355
24502,257.355
24503,257.355
24504,257.222
24505,257.222
24506,257.222
24507,257.222
24508,257.222
24509,257.222
24510,257.222
24511,257.222
24512,257.222
24513,257.222
24514,257.222
24515,257.222
24516,257.222
24517,257.222
24518,257.222
24519,257.222
24520,257.222
24521,257.222
24522,257.222
24523,257.222
24524,257.222
24525,257.222
24526,257.222
24527,257.222
24528,257.222
24529,257.222
24530,257.222
24531,257.222
24532,257.222
24533,257.222
24534,257.222
24535,257.222
24536,257.222
24537,257.222
24538,257.222
24539,257.222
24540,257.222
24541,257.222
24542,257.222
24543,257.222
24544,257.222
24545,257.222
24546,257.222
24547,257.222
24548,257.222
24549,257.222
24550,257.222
24551,257.222
24552,257.222
24553,257.222
24554,257.222
24555,257.222
24556,257.222
24557,257.222
24558,257.222
24559,257.222
24560,257.222
24561,257.222
24562,257.222
24563,257.222
24564,257.222
24565,257.222
24566,257.222
24567,257.222
24568,257.222
24569,257.222
24570,257.222
24571,257.222
24572,257.222
24573,257.222
24574,257.222
24575,257.222
24576,257.222
24577,257.222
24578,257.222
24579,257.222
24580,257.222
24581,257.222
24582,257.222
24583,257.222
24584,257.222
24585,257.222
24586,257.222
24587,257.222
24588,257.222
24589,257.222
24590,257.222
24591,257.222
24592,257.222
24593,257.222
24594,257.222
24595,257.222
24596,257.222
24597,257.222
24598,257.222
24599,257.222
24600,257.222
24601,257.222
24602,257.222
24603,257.222
24604,257.024
24605,257.024
24606,257.024
24607,257.024
24608,257.024
24609,257.024
24610,257.024
24611,257.024
24612,257.024
24613,257.024
24614,257.024
24615,257.024
24616,257.024
24617,257.024
24618,257.024
24619,257.024
24620,257.024
24621,257.024
24622,257.024
24623,257.024
24624,257.024
24625,257.024
24626,257.024
24627,257.024
24628,257.024
24629,257.024
24630,257.024
24631,257.024
24632,257.024
24633,257.024
24634,257.024
24635,257.024
24636,257.024
24637,257.024
24638,257.024
24639,257.024
24640,257.024
24641,257.024
24642,257.024
24643,257.024
24644,257.024
24645,257.024
24646,257.024
24647,257.024
24648,257.024
24649,257.024
24650,257.024
24651,257.024
24652,257.024
24653,257.024
24654,257.024
24655,257.024
24656,257.024
24657,257.024
24658,257.024
24659,257.024
24660,257.024
24661,257.024
24662,257.024
24663,257.024
24664,257.024
24665,257.024
24666,257.024
24667,257.024
24668,257.024
24669,257.024
24670,257.024
24671,257.024
24672,257.024
24673,257.024
24674,257.024
24675,257.024
24676,257.024
24677,257.024
24678,257.024
24679,257.024
24680,257.024
24681,257.024
24682,257.024
24683,257.024
24684,257.024
24685,257.024
24686,257.024
24687,257.024
24688,257.024
24689,257.024
24690,257.024
24691,257.024
24692,257.024
24693,257.024
24694,257.024
24695,257.024
24696,257.024
24697,257.024
24698,257.024
24699,257.024
24700,257.024
24701,257.024
24702,257.024
24703,257.024
24704,257.155
24705,257.155
24706,257.155
24707,257.155
24708,257.155
24709,257.155
24710,257.155
24711,257.155
24712,257.155
24713,257.155
24714,257.155
24715,257.155
24716,257.155
24717,257.155
24718,257.155
24719,257.155
24720,257.155
24721,257.155
24722,257.155
24723,257.155
24724,257.155
24725,257.155
24726,257.155
24727,257.155
24728,257.155
24729,257.155
24730,257.155
24731,257.155
24732,257.155
24733,257.155
24734,257.155
24735,257.155
24736,257.155
24737,257.155
24738,257.155
24739,257.155
24740,257.155
24741,257.155
24742,257.155
24743,257.155
24744,257.155
24745,257.155
24746,257.155
24747,257.155
24748,257.155
24749,257.155
24750,257.155
24751,257.155
24752,257.155
24753,257.155
24754,257.155
24755,257.155
24756,257.155
24757,257.155
24758,257.155
24759,257.155
24760,257.155
24761,257.155
24762,257.155
24763,257.155
24764,257.155
24765,257.155
24766,257.155
24767,257.155
24768,257.155
24769,257.155
24770,257.155
24771,257.155
24772,257.155
24773,257.155
24774,257.155
24775,257.155
24776,257.155
24777,257.155
24778,257.155
24779,257.155
24780,257.155
24781,257.155
24782,257.155
24783,257.155
24784,257.155
24785,257.155
24786,257.155
24787,257.155
24788,257.155
24789,257.155
24790,257.155
24791,257.155
24792,257.155
24793,257.155
24794,257.155
24795,257.155
24796,257.155
24797,257.155
24798,257.155
24799,257.155
24800,257.155
24801,257.155
24802,257.155
24803,257.155
24804,257.214
24805,257.214
24806,257.214
24807,257.214
24808,257.214
24809,257.214
24810,257.214
24811,257.214
24812,257.214
24813,257.214
24814,257.214
24815,257.214
24816,257.214
24817,257.214
24818,257.214
24819,257.214
24820,257.214
24821,257.214
24822,257.214
24823,257.214
24824,257.214
24825,257.214
24826,257.214
24827,257.214
24828,257.214
24829,257.214
24830,257.214
24831,257.214
24832,257.214
24833,257.214
24834,257.214
24835,257.214
24836,257.214
24837,257.214
24838,257.214
24839,257.214
24840,257.214
24841,257.214
24842,257.214
24843,257.214
24844,257.214
24845,257.214
24846,257.214
24847,257.214
24848,257.214
24849,257.214
24850,257.214
24851,257.214
24852,257.214
24853,257.214
24854,257.214
24855,257.214
24856,257.214
24857,257.214
24858,257.214
24859,257.214
24860,257.214
24861,257.214
24862,257.214
24863,257.214
24864,257.214
24865,257.214
24866,257.214
24867,257.214
24868,257.214
24869,257.214
24870,257.214
24871,257.214
24872,257.214
24873,257.214
24874,257.214
24875,257.214
24876,257.214
24877,257.214
24878,257.214
24879,257.214
24880,257.214
24881,257.214
24882,257.214
24883,257.214
24884,257.214
24885,257.214
24886,257.214
24887,257.214
24888,257.214
24889,257.214
24890,257.214
24891,257.214
24892,257.214
24893,257.214
24894,257.214
24895,257.214
24896,257.214
24897,257.214
24898,257.214
24899,257.214
24900,257.214
24901,257.214
24902,257.214
24903,257.214
24904,256.48
24905,256.48
24906,256.48
24907,256.48
24908,256.48
24909,256.48
24910,256.48
24911,256.48
24912,256.48
24913,256.48
24914,256.48
24915,256.48
24916,256.48
24917,256.48
24918,256.48
24919,256.48
24920,256.48
24921,256.48
24922,256.48
24923,256.48
24924,256.48
24925,256.48
24926,256.48
24927,256.48
24928,256.48
24929,256.48
24930,256.48
24931,256.48
24932,256.48
24933,256.48
24934,256.48
24935,256.48
24936,256.48
24937,256.48
24938,256.48
24939,256.48
24940,256.48
24941,256.48
24942,256.48
24943,256.48
24944,256.48
24945,256.48
24946,256.48
24947,256.48
24948,256.48
24949,256.48
24950,256.48
24951,256.48
24952,256.48
24953,256.48
24954,256.48
24955,256.48
24956,256.48
24957,256.48
24958,256.48
24959,256.48
24960,256.48
24961,256.48
24962,256.48
24963,256.48
24964,256.48
24965,256.48
24966,256.48
24967,256.48
24968,256.48
24969,256.48
24970,256.48
24971,256.48
24972,256.48
24973,256.48
24974,256.48
24975,256.48
24976,256.48
24977,256.48
24978,256.48
24979,256.48
24980,256.48
24981,256.48
24982,256.48
24983,256.48
24984,256.48
24985,256.48
24986,256.48
24987,256.48
24988,256.48
24989,256.48
24990,256.48
24991,256.48
24992,256.48
24993,256.48
24994,256.48
24995,256.48
24996,256.48
24997,256.48
24998,256.48
24999,256.48
25000,256.48
25001,256.48
25002,256.48
25003,256.48
25004,256.144
25005,256.144
25006,256.144
25007,256.144
25008,256.144
25009,256.144
25010,256.144
25011,256.144
25012,256.144
25013,256.144
25014,256.144
25015,256.144
25016,256.144
25017,256.144
25018,256.144
25019,256.144
25020,256.144
25021,256.144
25022,256.144
25023,256.144
25024,256.144
25025,256.144
25026,256.144
25027,256.144
25028,256.144
25029,256.144
25030,256.144
25031,256.144
25032,256.144
25033,256.144
25034,256.144
25035,256.144
25036,256.144
25037,256.144
25038,256.144
25039,256.144
25040,256.144
25041,256.144
25042,256.144
25043,256.144
25044,256.144
25045,256.144
25046,256.144
25047,256.144
25048,256.144
25049,256.144
25050,256.144
25051,256.144
25052,256.144
25053,256.144
25054,256.144
25055,256.144
25056,256.144
25057,256.144
25058,256.144
25059,256.144
25060,256.144
25061,256.144
25062,256.144
25063,256.144
25064,256.144
25065,256.144
25066,256.144
25067,256.144
25068,256.144
25069,256.144
25070,256.144
25071,256.144
25072,256.144
25073,256.144
25074,256.144
25075,256.144
25076,256.144
25077,256.144
25078,256.144
25079,256.144
25080,256.144
25081,256.144
25082,256.144
25083,256.144
25084,256.144
25085,256.144
25086,256.144
25087,256.144
25088,256.144
25089,256.144
25090,256.144
25091,256.144
25092,256.144
25093,256.144
25094,256.144
25095,256.144
25096,256.144
25097,256.144
25098,256.144
25099,256.144
25100,256.144
25101,256.144
25102,256.144
25103,256.144
25104,255.818
25105,255.818
25106,255.818
25107,255.818
25108,255.818
25109,255.818
25110,255.818
25111,255.818
25112,255.818
25113,255.818
25114,255.818
25115,255.818
25116,255.818
25117,255.818
25118,255.818
25119,255.818
25120,255.818
25121,255.818
25122,255.818
25123,255.818
25124,255.818
25125,255.818
25126,255.818
25127,255.818
25128,255.818
25129,255.818
25130,255.818
25131,255.818
25132,255.818
25133,255.818
25134,255.818
25135,255.818
25136,255.818
25137,255.818
25138,255.818
25139,255.818
25140,255.818
25141,255.818
25142,255.818
25143,255.818
25144,255.818
25145,255.818
25146,255.818
25147,255.818
25148,255.818
25149,255.818
25150,255.818
25151,255.818
25152,255.818
25153,255.818
25154,255.818
25155,255.818
25156,255.818
25157,255.818
25158,255.818
25159,255.818
25160,255.818
25161,255.818
25162,255.818
25163,255.818
25164,255.818
25165,255.818
25166,255.818
25167,255.818
25168,255.818
25169,255.818
25170,255.818
25171,255.818
25172,255.818
25173,255.818
25174,255.818
25175,255.818
25176,255.818
25177,255.818
25178,255.818
25179,255.818
25180,255.818
25181,255.818
25182,255.818
25183,255.818
25184,255.818
25185,255.818
25186,255.818
25187,255.818
25188,255.818
25189,255.818
25190,255.818
25191,255.818
25192,255.818
25193,255.818
25194,255.818
25195,255.818
25196,255.818
25197,255.818
25198,255.818
25199,255.818
25200,255.818
25201,255.818
25202,255.818
25203,255.818
25204,255.503
25205,255.503
25206,255.503
25207,255.503
25208,255.503
25209,255.503
25210,255.503
25211,255.503
25212,255.503
25213,255.503
25214,255.503
25215,255.503
25216,255.503
25217,255.503
25218,255.503
25219,255.503
25220,255.503
25221,255.503
25222,255.503
25223,255.503
25224,255.503
25225,255.503
25226,255.503
25227,255.503
25228,255.503
25229,255.503
25230,255.503
25231,255.503
25232,255.503
25233,255.503
25234,255.503
25235,255.503
25236,255.503
25237,255.503
25238,255.503
25239,255.503
25240,255.503
25241,255.503
25242,255.503
25243,255.503
25244,255.503
25245,255.503
25246,255.503
25247,255.503
25248,255.503
25249,255.503
25250,255.503
25251,255.503
25252,255.503
25253,255.503
25254,255.503
25255,255.503
25256,255.503
25257,255.503
25258,255.503
25259,255.503
25260,255.503
25261,255.503
25262,255.503
25263,255.503
25264,255.503
25265,255.503
25266,255.503
25267,255.503
25268,255.503
25269,255.503
25270,255.503
25271,255.503
25272,255.503
25273,255.503
25274,255.503
25275,255.503
25276,255.503
25277,255.503
25278,255.503
25279,255.503
25280,255.503
25281,255.503
25282,255.503
25283,255.503
25284,255.503
25285,255.503
25286,255.503
25287,255.503
25288,255.503
25289,255.503
25290,255.503
25291,255.503
25292,255.503
25293,255.503
25294,255.503
25295,255.503
25296,255.503
25297,255.503
25298,255.503
25299,255.503
25300,255.503
25301,255.503
25302,255.503
25303,255.503
25304,255.112
25305,255.112
25306,255.112
25307,255.112
25308,255.112
25309,255.112
25310,255.112
25311,255.112
25312,255.112
25313,255.112
25314,255.112
25315,255.112
25316,255.112
25317,255.112
25318,255.112
25319,255.112
25320,255.112
25321,255.112
25322,255.112
25323,255.112
25324,255.112
25325,255.112
25326,255.112
25327,255.112
25328,255.112
25329,255.112
25330,255.112
25331,255.112
25332,255.112
25333,255.112
25334,255.112
25335,255.112
25336,255.112
25337,255.112
25338,255.112
25339,255.112
25340,255.112
25341,255.112
25342,255.112
25343,255.112
25344,255.112
25345,255.112
25346,255.112
25347,255.112
25348,255.112
25349,255.112
25350,255.112
25351,255.112
25352,255.112
25353,255.112
25354,255.112
25355,255.112
25356,255.112
25357,255.112
25358,255.112
25359,255.112
25360,255.112
25361,255.112
25362,255.112
25363,255.112
25364,255.112
25365,255.112
25366,255.112
25367,255.112
25368,255.112
25369,255.112
25370,255.112
25371,255.112
25372,255.112
25373,255.112
25374,255.112
25375,255.112
25376,255.112
25377,255.112
25378,255.112
25379,255.112
25380,255.112
25381,255.112
25382,255.112
25383,255.112
25384,255.112
25385,255.112
25386,255.112
25387,255.112
25388,255.112
25389,255.112
25390,255.112
25391,255.112
25392,255.112
25393,255.112
25394,255.112
25395,255.112
25396,255.112
25397,255.112
25398,255.112
25399,255.112
25400,255.112
25401,255.112
25402,255.112
25403,255.112
25404,255.553
25405,255.553
25406,255.553
25407,255.553
25408,255.553
25409,255.553
25410,255.553
25411,255.553
25412,255.553
25413,255.553
25414,255.553
25415,255.553
25416,255.553
25417,255.553
25418,255.553
25419,255.553
25420,255.553
25421,255.553
25422,255.553
25423,255.553
25424,255.553
25425,255.553
25426,255.553
25427,255.553
25428,255.553
25429,255.553
25430,255.553
25431,255.553
25432,255.553
25433,255.553
25434,255.553
25435,255.553
25436,255.553
25437,255.553
25438,255.553
25439,255.553
25440,255.553
25441,255.553
25442,255.553
25443,255.553
25444,255.553
25445,255.553
25446,255.553
25447,255.553
25448,255.553
25449,255.553
25450,255.553
25451,255.553
25452,255.553
25453,255.553
25454,255.553
25455,255.553
25456,255.553
25457,255.553
25458,255.553
25459,255.553
25460,255.553
25461,255.553
25462,255.553
25463,255.553
25464,255.553
25465,255.553
25466,255.553
25467,255.553
25468,255.553
25469,255.553
25470,255.553
25471,255.553
25472,255.553
25473,255.553
25474,255.553
25475,255.553
25476,255.553
25477,255.553
25478,255.553
25479,255.553
25480,255.553
25481,255.553
25482,255.553
25483,255.553
25484,255.553
25485,255.553
25486,255.553
25487,255.553
25488,255.553
25489,255.553
25490,255.553
25491,255.553
25492,255.553
25493,255.553
25494,255.553
25495,255.553
25496,255.553
25497,255.553
25498,255.553
25499,255.553
25500,255.553
25501,255.553
25502,255.553
25503,255.553
25504,246.308
25505,246.308
25506,246.308
25507,246.308
25508,246.308
25509,246.308
25510,246.308
25511,246.308
25512,246.308
25513,246.308
25514,246.308
25515,246.308
25516,246.308
25517,246.308
25518,246.308
25519,246.308
25520,246.308
25521,246.308
25522,246.308
25523,246.308
25524,246.308
25525,246.308
25526,246.308
25527,246.308
25528,246.308
25529,246.308
25530,246.308
25531,246.308
25532,246.308
25533,246.308
25534,246.308
25535,246.308
25536,246.308
25537,246.308
25538,246.308
25539,246.308
25540,246.308
25541,246.308
25542,246.308
25543,246.308
25544,246.308
25545,246.308
25546,246.308
25547,246.308
25548,246.308
25549,246.308
25550,246.308
25551,246.308
25552,246.308
25553,246.308
25554,246.308
25555,246.308
25556,246.308
25557,246.308
25558,246.308
25559,246.308
25560,246.308
25561,246.308
25562,246.308
25563,246.308
25564,246.308
25565,246.308
25566,246.308
25567,246.308
25568,246.308
25569,246.308
25570,246.308
25571,246.308
25572,246.308
25573,246.308
25574,246.308
25575,246.308
25576,246.308
25577,246.308
25578,246.308
25579,246.308
25580,246.308
25581,246.308
25582,246.308
25583,246.308
25584,246.308
25585,246.308
25586,246.308
25587,246.308
25588,246.308
25589,246.308
25590,246.308
25591,246.308
25592,246.308
25593,246.308
25594,246.308
25595,246.308
25596,246.308
25597,246.308
25598,246.308
25599,246.308
25600,246.308
25601,246.308
25602,246.308
25603,246.308
25604,236.472
25605,236.472
25606,236.472
25607,236.472
25608,236.472
25609,236.472
25610,236.472
25611,236.472
25612,236.472
25613,236.472
25614,236.472
25615,236.472
25616,236.472
25617,236.472
25618,236.472
25619,236.472
25620,236.472
25621,236.472
25622,236.472
25623,236.472
25624,236.472
25625,236.472
25626,236.472
25627,236.472
25628,236.472
25629,236.472
25630,236.472
25631,236.472
25632,236.472
25633,236.472
25634,236.472
25635,236.472
25636,236.472
25637,236.472
25638,236.472
25639,236.472
25640,236.472
25641,236.472
25642,236.472
25643,236.472
25644,236.472
25645,236.472
25646,236.472
25647,236.472
25648,236.472
25649,236.472
25650,236.472
25651,236.472
25652,236.472
25653,236.472
25654,236.472
25655,236.472
25656,236.472
25657,236.472
25658,236.472
25659,236.472
25660,236.472
25661,236.472
25662,236.472
25663,236.472
25664,236.472
25665,236.472
25666,236.472
25667,236.472
25668,236.472
25669,236.472
25670,236.472
25671,236.472
25672,236.472
25673,236.472
25674,236.472
25675,236.472
25676,236.472
25677,236.472
25678,236.472
25679,236.472
25680,236.472
25681,236.472
25682,236.472
25683,236.472
25684,236.472
25685,236.472
25686,236.472
25687,236.472
25688,236.472
25689,236.472
25690,236.472
25691,236.472
25692,236.472
25693,236.472
25694,236.472
25695,236.472
25696,236.472
25697,236.472
25698,236.472
25699,236.472
25700,236.472
25701,236.472
25702,236.472
25703,236.472
25704,227.12
25705,227.12
25706,227.12
25707,227.12
25708,227.12
25709,227.12
25710,227.12
25711,227.12
25712,227.12
25713,227.12
25714,227.12
25715,227.12
25716,227.12
25717,227.12
25718,227.12
25719,227.12
25720,227.12
25721,227.12
25722,227.12
25723,227.12
25724,227.12
25725,227.12
25726,227.12
25727,227.12
25728,227.12
25729,227.12
25730,227.12
25731,227.12
25732,227.12
25733,227.12
25734,227.12
25735,227.12
25736,227.12
25737,227.12
25738,227.12
25739,227.12
25740,227.12
25741,227.12
25742,227.12
25743,227.12
25744,227.12
25745,227.12
25746,227.12
25747,227.12
25748,227.12
25749,227.12
25750,227.12
25751,227.12
25752,227.12
25753,227.12
25754,227.12
25755,227.12
25756,227.12
25757,227.12
25758,227.12
25759,227.12
25760,227.12
25761,227.12
25762,227.12
25763,227.12
25764,227.12
25765,227.12
25766,227.12
25767,227.12
25768,227.12
25769,227.12
25770,227.12
25771,227.12
25772,227.12
25773,227.12
25774,227.12
25775,227.12
25776,227.12
25777,227.12
25778,227.12
25779,227.12
25780,227.12
25781,227.12
25782,227.12
25783,227.12
25784,227.12
25785,227.12
25786,227.12
25787,227.12
25788,227.12
25789,227.12
25790,227.12
25791,227.12
25792,227.12
25793,227.12
25794,227.12
25795,227.12
25796,227.12
25797,227.12
25798,227.12
25799,227.12
25800,227.12
25801,227.12
25802,227.12
25803,227.12
25804,217.861
25805,217.861
25806,217.861
25807,217.861
25808,217.861
25809,217.861
25810,217.861
25811,217.861
25812,217.861
25813,217.861
25814,217.861
25815,217.861
25816,217.861
25817,217.861
25818,217.861
25819,217.861
25820,217.861
25821,217.861
25822,217.861
25823,217.861
25824,217.861
25825,217.861
25826,217.861
25827,217.861
25828,217.861
25829,217.861
25830,217.861
25831,217.861
25832,217.861
25833,217.861
25834,217.861
25835,217.861
25836,217.861
25837,217.861
25838,217.861
25839,217.861
25840,217.861
25841,217.861
25842,217.861
25843,217.861
25844,217.861
25845,217.861
25846,217.861
25847,217.861
25848,217.861
25849,217.861
25850,217.861
25851,217.861
25852,217.861
25853,217.861
25854,217.861
25855,217.861
25856,217.861
25857,217.861
25858,217.861
25859,217.861
25860,217.861
25861,217.861
25862,217.861
25863,217.861
25864,217.861
25865,217.861
25866,217.861
25867,217.861
25868,217.861
25869,217.861
25870,217.861
25871,217.861
25872,217.861
25873,217.861
25874,217.861
25875,217.861
25876,217.861
25877,217.861
25878,217.861
25879,217.861
25880,217.861
25881,217.861
25882,217.861
25883,217.861
25884,217.861
25885,217.861
25886,217.861
25887,217.861
25888,217.861
25889,217.861
25890,217.861
25891,217.861
25892,217.861
25893,217.861
25894,217.861
25895,217.861
25896,217.861
25897,217.861
25898,217.861
25899,217.861
25900,217.861
25901,217.861
25902,217.861
25903,217.861
25904,207.978
25905,207.978
25906,207.978
25907,207.978
25908,207.978
25909,207.978
25910,207.978
25911,207.978
25912,207.978
25913,207.978
25914,207.978
25915,207.978
25916,207.978
25917,207.978
25918,207.978
25919,207.978
25920,207.978
25921,207.978
25922,207.978
25923,207.978
25924,207.978
25925,207.978
25926,207.978
25927,207.978
25928,207.978
25929,207.978
25930,207.978
25931,207.978
25932,207.978
25933,207.978
25934,207.978
25935,207.978
25936,207.978
25937,207.978
25938,207.978
25939,207.978
25940,207.978
25941,207.978
25942,207.978
25943,207.978
25944,207.978
25945,207.978
25946,207.978
25947,207.978
25948,207.978
25949,207.978
25950,207.978
25951,207.978
25952,207.978
25953,207.978
25954,207.978
25955,207.978
25956,207.978
25957,207.978
25958,207.978
25959,207.978
25960,207.978
25961,207.978
25962,207.978
25963,207.978
25964,207.978
25965,207.978
25966,207.978
25967,207.978
25968,207.978
25969,207.978
25970,207.978
25971,207.978
25972,207.978
25973,207.978
25974,207.978
25975,207.978
25976,207.978
25977,207.978
25978,207.978
25979,207.978
25980,207.978
25981,207.978
25982,207.978
25983,207.978
25984,207.978
25985,207.978
25986,207.978
25987,207.978
25988,207.978
25989,207.978
25990,207.978
25991,207.978
25992,207.978
25993,207.978
25994,207.978
25995,207.978
25996,207.978
25997,207.978
25998,207.978
25999,207.978
26000,207.978
26001,207.978
26002,207.978
26003,207.978
26004,207.978
26005,199.64
26006,199.64
26007,199.64
26008,199.64
26009,199.64
26010,199.64
26011,199.64
26012,199.64
26013,199.64
26014,199.64
26015,199.64
26016,199.64
26017,199.64
26018,199.64
26019,199.64
26020,199.64
26021,199.64
26022,199.64
26023,199.64
26024,199.64
26025,199.64
26026,199.64
26027,199.64
26028,199.64
26029,199.64
26030,199.64
26031,199.64
26032,199.64
26033,199.64
26034,199.64
26035,199.64
26036,199.64
26037,199.64
26038,199.64
26039,199.64
26040,199.64
26041,199.64
26042,199.64
26043,199.64
26044,199.64
26045,199.64
26046,199.64
26047,199.64
26048,199.64
26049,199.64
26050,199.64
26051,199.64
26052,199.64
26053,199.64
26054,199.64
26055,199.64
26056,199.64
26057,199.64
26058,199.64
26059,199.64
26060,199.64
26061,199.64
26062,199.64
26063,199.64
26064,199.64
26065,199.64
26066,199.64
26067,199.64
26068,199.64
26069,199.64
26070,199.64
26071,199.64
26072,199.64
26073,199.64
26074,199.64
26075,199.64
26076,199.64
26077,199.64
26078,199.64
26079,199.64
26080,199.64
26081,199.64
26082,199.64
26083,199.64
26084,199.64
26085,199.64
26086,199.64
26087,199.64
26088,199.64
26089,199.64
26090,199.64
26091,199.64
26092,199.64
26093,199.64
26094,199.64
26095,199.64
26096,199.64
26097,199.64
26098,199.64
26099,199.64
26100,199.64
26101,199.64
26102,199.64
26103,199.64
26104,199.64
26105,189.461
26106,189.461
26107,189.461
26108,189.461
