time_ms,power_w
0,140.333
1,140.333
2,140.333
3,140.333
4,140.333
5,140.333
6,140.333
7,140.333
8,140.333
9,140.333
10,140.333
11,140.333
12,140.333
13,140.333
14,140.333
15,140.333
16,140.333
17,140.333
18,140.333
19,140.333
20,140.333
21,142.098
22,142.098
23,142.098
24,142.098
25,142.098
26,142.098
27,142.098
28,142.098
29,142.098
30,142.098
31,142.098
32,142.098
33,142.098
34,142.098
35,142.098
36,142.098
37,142.098
38,142.098
39,142.098
40,129.394
41,129.394
42,129.394
43,129.394
44,129.394
45,129.394
46,129.394
47,129.394
48,129.394
49,129.394
50,129.394
51,129.394
52,129.394
53,129.394
54,129.394
55,129.394
56,129.394
57,129.394
58,129.394
59,129.394
60,135
61,135
62,135
63,135
64,135
65,135
66,135
67,135
68,135
69,135
70,135
71,135
72,135
73,135
74,135
75,135
76,135
77,135
78,135
79,135
80,135
81,142.972
82,142.972
83,142.972
84,142.972
85,142.972
86,142.972
87,142.972
88,142.972
89,142.972
90,142.972
91,142.972
92,142.972
93,142.972
94,142.972
95,142.972
96,142.972
97,142.972
98,142.972
99,142.972
100,142.972
101,144.456
102,144.456
103,144.456
104,144.456
105,144.456
106,144.456
107,144.456
108,144.456
109,144.456
110,144.456
111,144.456
112,144.456
113,144.456
114,144.456
115,144.456
116,144.456
117,144.456
118,144.456
119,144.456
120,144.456
121,127.166
122,127.166
123,127.166
124,127.166
125,127.166
126,127.166
127,127.166
128,127.166
129,127.166
130,127.166
131,127.166
132,127.166
133,127.166
134,127.166
135,127.166
136,127.166
137,127.166
138,127.166
139,127.166
140,127.166
141,137.78
142,137.78
143,137.78
144,137.78
145,137.78
146,137.78
147,137.78
148,137.78
149,137.78
150,137.78
151,137.78
152,137.78
153,137.78
154,137.78
155,137.78
156,137.78
157,137.78
158,137.78
159,137.78
160,137.78
161,144.729
162,144.729
163,144.729
164,144.729
165,144.729
166,144.729
167,144.729
168,144.729
169,144.729
170,144.729
171,144.729
172,144.729
173,144.729
174,144.729
175,144.729
176,144.729
177,144.729
178,144.729
179,144.729
180,144.729
181,141.634
182,141.634
183,141.634
184,141.634
185,141.634
186,141.634
187,141.634
188,141.634
189,141.634
190,141.634
191,141.634
192,141.634
193,141.634
194,141.634
195,141.634
196,141.634
197,141.634
198,141.634
199,141.634
200,141.634
201,125.072
202,125.072
203,125.072
204,125.072
205,125.072
206,125.072
207,125.072
208,125.072
209,125.072
210,125.072
211,125.072
212,125.072
213,125.072
214,125.072
215,125.072
216,125.072
217,125.072
218,125.072
219,125.072
220,125.072
221,87.547
222,87.547
223,87.547
224,87.547
225,87.547
226,87.547
227,87.547
228,87.547
229,87.547
230,87.547
231,87.547
232,87.547
233,87.547
234,87.547
235,87.547
236,87.547
237,87.547
238,87.547
239,87.547
240,87.547
241,74.776
242,74.776
243,74.776
244,74.776
245,74.776
246,74.776
247,74.776
248,74.776
249,74.776
250,74.776
251,74.776
252,74.776
253,74.776
254,74.776
255,74.776
256,74.776
257,74.776
258,74.776
259,74.776
260,74.776
261,72.744
262,72.744
263,72.744
264,72.744
265,72.744
266,72.744
267,72.744
268,72.744
269,72.744
270,72.744
271,72.744
272,72.744
273,72.744
274,72.744
275,72.744
276,72.744
277,72.744
278,72.744
279,72.744
280,72.744
281,72.744
282,71.532
283,71.532
284,71.532
285,71.532
286,71.532
287,71.532
288,71.532
289,71.532
290,71.532
291,71.532
292,71.532
293,71.532
294,71.532
295,71.532
296,71.532
297,71.532
298,71.532
299,71.532
300,71.532
301,71.532
302,71.258
303,71.258
304,71.258
305,71.258
306,71.258
307,71.258
308,71.258
309,71.258
310,71.258
311,71.258
312,71.258
313,71.258
314,71.258
315,71.258
316,71.258
317,71.258
318,71.258
319,71.258
320,71.258
321,71.258
322,71.258
323,71.258
324,71.258
325,71.258
326,71.258
327,71.258
328,71.258
329,71.258
330,71.258
331,71.258
332,71.258
333,71.258
334,71.258
335,71.258
336,71.258
337,71.258
338,71.258
339,71.258
340,71.258
341,71.258
342,71.532
343,71.532
344,71.532
345,71.532
346,71.532
347,71.532
348,71.532
349,71.532
350,71.532
351,71.532
352,71.532
353,71.532
354,71.532
355,71.532
356,71.532
357,71.532
358,71.532
359,71.532
360,71.532
361,71.532
362,72.415
363,72.415
364,72.415
365,72.415
366,72.415
367,72.415
368,72.415
369,72.415
370,72.415
371,72.415
372,72.415
373,72.415
374,72.415
375,72.415
376,72.415
377,72.415
378,72.415
379,72.415
380,72.415
381,72.415
382,72.134
383,72.134
384,72.134
385,72.134
386,72.134
387,72.134
388,72.134
389,72.134
390,72.134
391,72.134
392,72.134
393,72.134
394,72.134
395,72.134
396,72.134
397,72.134
398,72.134
399,72.134
400,72.134
401,72.134
402,71.532
403,71.532
404,71.532
405,71.532
406,71.532
407,71.532
408,71.532
409,71.532
410,71.532
411,71.532
412,71.532
413,71.532
414,71.532
415,71.532
416,71.532
417,71.532
418,71.532
419,71.532
420,71.532
421,71.532
422,71.532
423,71.532
424,71.532
425,71.532
426,71.532
427,71.532
428,71.532
429,71.532
430,71.532
431,71.532
432,71.532
433,71.532
434,71.532
435,71.532
436,71.532
437,71.532
438,71.532
439,71.532
440,71.532
441,71.532
442,71.532
443,71.532
444,71.532
445,71.532
446,71.532
447,71.532
448,71.532
449,71.532
450,71.532
451,71.532
452,71.532
453,71.532
454,71.532
455,71.532
456,71.532
457,71.532
458,71.532
459,71.532
460,71.532
461,71.532
462,72.134
463,72.134
464,72.134
465,72.134
466,72.134
467,72.134
468,72.134
469,72.134
470,72.134
471,72.134
472,72.134
473,72.134
474,72.134
475,72.134
476,72.134
477,72.134
478,72.134
479,72.134
480,72.134
481,72.134
482,72.134
483,71.532
484,71.532
485,71.532
486,71.532
487,71.532
488,71.532
489,71.532
490,71.532
491,71.532
492,71.532
493,71.532
494,71.532
495,71.532
496,71.532
497,71.532
498,71.532
499,71.532
500,71.532
501,71.532
502,71.532
503,71.532
504,71.532
505,71.532
506,71.532
507,71.532
508,71.532
509,71.532
510,71.532
511,71.532
512,71.532
513,71.532
514,71.532
515,71.532
516,77.472
517,77.472
518,77.472
519,77.472
520,77.472
521,77.472
522,77.472
523,77.472
524,77.472
525,77.472
526,77.472
527,77.472
528,77.472
529,75.112
530,75.112
531,75.112
532,75.112
533,75.112
534,75.112
535,75.112
536,75.112
537,75.112
538,75.112
539,75.112
540,75.112
541,75.112
542,75.112
543,75.112
544,75.112
545,75.112
546,75.112
547,72.744
548,72.744
549,72.744
550,72.744
551,72.744
552,72.744
553,72.744
554,72.744
555,72.744
556,72.744
557,72.744
558,72.744
559,72.744
560,72.744
561,72.744
562,72.744
563,72.744
564,71.86
565,71.86
566,71.86
567,71.86
568,71.86
569,71.86
570,71.86
571,71.86
572,71.86
573,71.86
574,71.86
575,71.86
576,71.86
577,71.86
578,71.86
579,71.86
580,71.86
581,71.86
582,71.86
583,71.86
584,71.86
585,70.985
586,70.985
587,70.985
588,70.985
589,70.985
590,70.985
591,70.985
592,70.985
593,70.985
594,70.985
595,70.985
596,70.985
597,70.985
598,70.985
599,70.985
600,70.985
601,70.985
602,70.985
603,70.985
604,70.985
605,70.649
606,70.649
607,70.649
608,70.649
609,70.649
610,70.649
611,70.649
612,70.649
613,70.649
614,70.649
615,70.649
616,70.649
617,70.649
618,70.649
619,70.649
620,70.649
621,70.649
622,70.649
623,70.649
624,70.649
625,70.985
626,70.985
627,70.985
628,70.985
629,70.985
630,70.985
631,70.985
632,70.985
633,70.985
634,70.985
635,70.985
636,70.985
637,70.985
638,70.985
639,70.985
640,70.985
641,70.985
642,70.985
643,70.985
644,70.985
645,73.627
646,73.627
647,73.627
648,73.627
649,73.627
650,73.627
651,73.627
652,73.627
653,73.627
654,73.627
655,73.627
656,73.627
657,73.627
658,73.627
659,73.627
660,73.627
661,73.627
662,73.627
663,73.627
664,73.627
665,73.017
666,73.017
667,73.017
668,73.017
669,73.017
670,73.017
671,73.017
672,73.017
673,73.017
674,73.017
675,73.017
676,73.017
677,73.017
678,73.017
679,73.017
680,73.017
681,73.017
682,73.017
683,73.017
684,73.017
685,76.87
686,76.87
687,76.87
688,76.87
689,76.87
690,76.87
691,76.87
692,76.87
693,76.87
694,76.87
695,76.87
696,76.87
697,76.87
698,76.87
699,76.87
700,76.87
701,76.87
702,76.87
703,76.87
704,76.87
705,72.744
706,72.744
707,72.744
708,72.744
709,72.744
710,72.744
711,72.744
712,72.744
713,72.744
714,72.744
715,72.744
716,72.744
717,72.744
718,72.744
719,72.744
720,72.744
721,72.744
722,72.744
723,72.744
724,72.744
725,72.744
726,72.744
727,72.744
728,72.744
729,73.627
730,73.627
731,73.627
732,73.627
733,73.627
734,73.627
735,73.627
736,73.627
737,73.627
738,73.627
739,73.627
740,73.627
741,73.627
742,73.627
743,73.627
744,73.627
745,73.627
746,73.627
747,73.627
748,73.627
749,73.627
750,73.627
751,73.627
752,73.627
753,73.627
754,73.627
755,73.627
756,73.627
757,73.627
758,73.627
759,73.627
760,73.627
761,73.627
762,73.627
763,73.627
764,73.627
765,73.627
766,74.229
767,74.229
768,74.229
769,74.229
770,74.229
771,74.229
772,74.229
773,74.229
774,74.229
775,74.229
776,74.229
777,74.229
778,74.229
779,74.229
780,74.229
781,74.229
782,74.229
783,74.229
784,74.229
785,74.229
786,73.345
787,73.345
788,73.345
789,73.345
790,73.345
791,73.345
792,73.345
793,73.345
794,73.345
795,73.345
796,73.345
797,73.345
798,73.345
799,73.345
800,73.345
801,73.345
802,73.345
803,73.345
804,73.345
805,73.345
806,71.532
807,71.532
808,71.532
809,71.532
810,71.532
811,71.532
812,71.532
813,71.532
814,71.532
815,71.532
816,71.532
817,71.532
818,71.532
819,71.532
820,71.532
821,71.532
822,71.532
823,71.532
824,71.532
825,71.532
826,71.532
827,71.532
828,71.532
829,71.532
830,71.258
831,71.258
832,71.258
833,71.258
834,71.258
835,71.258
836,71.258
837,71.258
838,71.258
839,71.258
840,71.258
841,71.258
842,71.258
843,71.258
844,71.258
845,71.258
846,71.258
847,70.649
848,70.649
849,70.649
850,70.649
851,70.649
852,70.649
853,70.649
854,70.649
855,70.649
856,70.649
857,70.649
858,70.649
859,70.649
860,70.649
861,70.649
862,70.649
863,70.649
864,70.649
865,70.649
866,70.649
867,71.258
868,71.258
869,71.258
870,71.258
871,71.258
872,71.258
873,71.258
874,71.258
875,71.258
876,71.258
877,71.258
878,71.258
879,71.258
880,71.258
881,71.258
882,71.258
883,71.258
884,71.258
885,71.258
886,71.258
887,70.649
888,70.649
889,70.649
890,70.649
891,70.649
892,70.649
893,70.649
894,70.649
895,70.649
896,70.649
897,70.649
898,70.649
899,70.649
900,70.649
901,70.649
902,70.649
903,70.649
904,70.649
905,70.649
906,70.649
907,70.649
908,70.649
909,70.649
910,70.649
911,70.649
912,70.649
913,70.649
914,70.649
915,70.649
916,70.649
917,70.649
918,70.649
919,70.649
920,70.649
921,70.649
922,70.649
923,70.649
924,70.649
925,70.649
926,70.649
927,70.375
928,70.375
929,70.375
930,70.375
931,70.375
932,70.375
933,70.375
934,70.375
935,70.375
936,70.375
937,70.375
938,70.375
939,70.375
940,70.375
941,70.375
942,70.375
943,70.375
944,70.375
945,70.375
946,70.375
947,70.375
948,70.375
949,70.375
950,70.375
951,70.375
952,70.375
953,70.375
954,70.375
955,70.375
956,70.375
957,70.375
958,70.375
959,70.375
960,70.375
961,70.375
962,70.375
963,70.375
964,70.375
965,70.375
966,70.375
967,70.985
968,70.985
969,70.985
970,70.985
971,70.985
972,70.985
973,70.985
974,70.985
975,70.985
976,70.985
977,70.985
978,70.985
979,70.985
980,70.985
981,70.985
982,70.985
983,70.985
984,70.985
985,70.985
986,70.985
987,70.375
988,70.375
989,70.375
990,70.375
991,70.375
992,70.375
993,70.375
994,70.375
995,70.375
996,70.375
997,70.375
998,70.375
999,70.375
1000,70.375
1001,70.375
1002,70.375
1003,70.375
1004,70.375
1005,70.375
1006,70.375
1007,70.375
1008,70.375
1009,70.375
1010,70.375
1011,70.375
1012,70.375
1013,70.375
1014,70.375
1015,70.375
1016,70.375
1017,70.375
1018,70.375
1019,70.375
1020,70.375
1021,70.375
1022,70.375
1023,70.375
1024,70.375
1025,70.375
1026,70.375
1027,70.375
1028,70.375
1029,70.375
1030,70.375
1031,70.375
1032,70.375
1033,70.375
1034,70.375
1035,70.375
1036,70.375
1037,70.375
1038,70.375
1039,70.375
1040,70.375
1041,70.375
1042,70.375
1043,70.375
1044,70.375
1045,70.375
1046,70.375
1047,70.375
1048,70.649
1049,70.649
1050,70.649
1051,70.649
1052,70.649
1053,70.649
1054,70.649
1055,70.649
1056,70.649
1057,70.649
1058,70.649
1059,70.649
1060,70.649
1061,70.649
1062,70.649
1063,70.649
1064,70.649
1065,70.649
1066,70.649
1067,70.649
1068,71.258
1069,71.258
1070,71.258
1071,71.258
1072,71.258
1073,71.258
1074,71.258
1075,71.258
1076,71.258
1077,71.258
1078,71.258
1079,71.258
1080,71.258
1081,71.258
1082,71.258
1083,71.258
1084,71.258
1085,71.258
1086,71.258
1087,71.258
1088,70.985
1089,70.985
1090,70.985
1091,70.985
1092,70.985
1093,70.985
1094,70.985
1095,70.985
1096,70.985
1097,70.985
1098,70.985
1099,70.985
1100,70.985
1101,70.985
1102,70.985
1103,70.985
1104,70.985
1105,70.985
1106,70.985
1107,70.985
1108,70.985
1109,70.985
1110,70.985
1111,70.985
1112,70.985
1113,70.985
1114,70.985
1115,70.985
1116,70.985
1117,70.985
1118,70.985
1119,70.985
1120,70.985
1121,70.985
1122,70.985
1123,70.985
1124,70.985
1125,70.985
1126,70.985
1127,70.985
1128,70.985
1129,70.985
1130,70.985
1131,70.985
1132,70.985
1133,70.985
1134,70.985
1135,70.985
1136,70.985
1137,70.985
1138,70.985
1139,70.985
1140,70.985
1141,70.985
1142,70.985
1143,70.985
1144,70.985
1145,70.985
1146,70.985
1147,70.985
1148,70.649
1149,70.649
1150,70.649
1151,70.649
1152,70.649
1153,70.649
1154,70.649
1155,70.649
1156,70.649
1157,70.649
1158,70.649
1159,70.649
1160,70.649
1161,70.649
1162,70.649
1163,70.649
1164,70.649
1165,70.649
1166,70.649
1167,70.649
1168,71.532
1169,71.532
1170,71.532
1171,71.532
1172,71.532
1173,71.532
1174,71.532
1175,71.532
1176,71.532
1177,71.532
1178,71.532
1179,71.532
1180,71.532
1181,71.532
1182,71.532
1183,71.532
1184,71.532
1185,71.532
1186,71.532
1187,71.532
1188,71.532
1189,70.985
1190,70.985
1191,70.985
1192,70.985
1193,70.985
1194,70.985
1195,70.985
1196,70.985
1197,70.985
1198,70.985
1199,70.985
1200,70.985
1201,70.985
1202,70.985
1203,70.985
1204,70.985
1205,70.985
1206,70.985
1207,70.985
1208,70.985
1209,70.985
1210,70.985
1211,70.985
1212,70.985
1213,70.985
1214,70.985
1215,70.985
1216,70.985
1217,70.985
1218,70.985
1219,70.985
1220,70.985
1221,70.985
1222,70.985
1223,70.985
1224,70.985
1225,70.985
1226,70.985
1227,70.985
1228,70.985
1229,70.985
1230,70.985
1231,70.985
1232,70.985
1233,70.985
1234,70.985
1235,70.985
1236,70.985
1237,70.985
1238,70.985
1239,70.985
1240,70.985
1241,70.985
1242,70.985
1243,70.985
1244,70.985
1245,70.985
1246,70.985
1247,70.985
1248,70.985
1249,70.375
1250,70.375
1251,70.375
1252,70.375
1253,70.375
1254,70.375
1255,70.375
1256,70.375
1257,70.375
1258,70.375
1259,70.375
1260,70.375
1261,70.375
1262,70.375
1263,70.375
1264,70.375
1265,70.375
1266,70.375
1267,70.375
1268,70.375
1269,70.649
1270,70.649
1271,70.649
1272,70.649
1273,70.649
1274,70.649
1275,70.649
1276,70.649
1277,70.649
1278,70.649
1279,70.649
1280,70.649
1281,70.649
1282,70.649
1283,70.649
1284,70.649
1285,70.649
1286,70.649
1287,70.649
1288,70.649
1289,70.649
1290,70.375
1291,70.375
1292,70.375
1293,70.375
1294,70.375
1295,70.375
1296,70.375
1297,70.375
1298,70.375
1299,70.375
1300,70.375
1301,70.375
1302,70.375
1303,70.375
1304,70.375
1305,70.375
1306,70.375
1307,70.375
1308,70.375
1309,69.975
1310,69.975
1311,69.975
1312,69.975
1313,69.975
1314,69.975
1315,69.975
1316,69.975
1317,69.975
1318,69.975
1319,69.975
1320,69.975
1321,69.975
1322,69.975
1323,69.975
1324,69.975
1325,69.975
1326,69.975
1327,69.975
1328,69.975
1329,69.975
1330,70.047
1331,70.047
1332,70.047
1333,70.047
1334,70.047
1335,70.047
1336,70.047
1337,70.047
1338,70.047
1339,70.047
1340,70.047
1341,70.047
1342,70.047
1343,70.047
1344,70.047
1345,70.047
1346,70.047
1347,70.047
1348,70.047
1349,70.047
1350,70.375
1351,70.375
1352,70.375
1353,70.375
1354,70.375
1355,70.375
1356,70.375
1357,70.375
1358,70.375
1359,70.375
1360,70.375
1361,70.375
1362,70.375
1363,70.375
1364,70.375
1365,70.375
1366,70.375
1367,70.375
1368,70.375
1369,70.375
1370,70.649
1371,70.649
1372,70.649
1373,70.649
1374,70.649
1375,70.649
1376,70.649
1377,70.649
1378,70.649
1379,70.649
1380,70.649
1381,70.649
1382,70.649
1383,70.649
1384,70.649
1385,70.649
1386,70.649
1387,70.649
1388,70.649
1389,70.649
1390,70.375
1391,70.375
1392,70.375
1393,70.375
1394,70.375
1395,70.375
1396,70.375
1397,70.375
1398,70.375
1399,70.375
1400,70.375
1401,70.375
1402,70.375
1403,70.375
1404,70.375
1405,70.375
1406,70.375
1407,70.375
1408,70.375
1409,70.375
1410,70.047
1411,70.047
1412,70.047
1413,70.047
1414,70.047
1415,70.047
1416,70.047
1417,70.047
1418,70.047
1419,70.047
1420,70.047
1421,70.047
1422,70.047
1423,70.047
1424,70.047
1425,70.047
1426,70.047
1427,70.047
1428,70.047
1429,70.047
1430,70.047
1431,70.047
1432,70.047
1433,70.047
1434,69.975
1435,69.975
1436,69.975
1437,69.975
1438,69.975
1439,69.975
1440,69.975
1441,69.975
1442,69.975
1443,69.975
1444,69.975
1445,69.975
1446,69.975
1447,69.975
1448,69.975
1449,69.975
1450,69.975
1451,70.577
1452,70.577
1453,70.577
1454,70.577
1455,70.577
1456,70.577
1457,70.577
1458,70.577
1459,70.577
1460,70.577
1461,70.577
1462,70.577
1463,70.577
1464,70.577
1465,70.577
1466,70.577
1467,70.577
1468,70.577
1469,70.577
1470,70.577
1471,71.459
1472,71.459
1473,71.459
1474,71.459
1475,71.459
1476,71.459
1477,71.459
1478,71.459
1479,71.459
1480,71.459
1481,71.459
1482,71.459
1483,71.459
1484,71.459
1485,71.459
1486,71.459
1487,71.459
1488,71.459
1489,71.459
1490,71.459
1491,70.912
1492,70.912
1493,70.912
1494,70.912
1495,70.912
1496,70.912
1497,70.912
1498,70.912
1499,70.912
1500,70.912
1501,70.912
1502,70.912
1503,70.912
1504,70.912
1505,70.912
1506,70.912
1507,70.912
1508,70.912
1509,70.912
1510,70.912
1511,70.504
1512,70.504
1513,70.504
1514,70.504
1515,70.504
1516,70.504
1517,70.504
1518,70.504
1519,70.504
1520,70.504
1521,70.504
1522,70.504
1523,70.504
1524,70.504
1525,70.504
1526,70.504
1527,70.504
1528,70.504
1529,70.504
1530,70.504
1531,70.504
1532,70.504
1533,70.504
1534,70.504
1535,70.577
1536,70.577
1537,70.577
1538,70.577
1539,70.577
1540,70.577
1541,70.577
1542,70.577
1543,70.577
1544,70.577
1545,70.577
1546,70.577
1547,70.577
1548,70.577
1549,70.577
1550,70.577
1551,70.303
1552,70.303
1553,70.303
1554,70.303
1555,70.303
1556,70.303
1557,70.303
1558,70.303
1559,70.303
1560,70.303
1561,70.303
1562,70.303
1563,70.303
1564,70.303
1565,70.303
1566,70.303
1567,70.303
1568,70.303
1569,70.303
1570,70.303
1571,70.577
1572,70.577
1573,70.577
1574,70.577
1575,70.577
1576,70.577
1577,70.577
1578,70.577
1579,70.577
1580,70.577
1581,70.577
1582,70.577
1583,70.577
1584,70.577
1585,70.577
1586,70.577
1587,70.577
1588,70.577
1589,70.577
1590,70.577
1591,69.975
1592,69.975
1593,69.975
1594,69.975
1595,69.975
1596,69.975
1597,69.975
1598,69.975
1599,69.975
1600,69.975
1601,69.975
1602,69.975
1603,69.975
1604,69.975
1605,69.975
1606,69.975
1607,69.975
1608,69.975
1609,69.975
1610,69.975
1611,69.975
1612,69.975
1613,69.975
1614,69.975
1615,69.975
1616,69.975
1617,69.975
1618,69.975
1619,69.975
1620,69.975
1621,69.975
1622,69.975
1623,69.975
1624,69.975
1625,69.975
1626,69.975
1627,69.975
1628,69.975
1629,69.975
1630,69.975
1631,69.975
1632,70.047
1633,70.047
1634,70.047
1635,70.047
1636,70.047
1637,70.047
1638,70.047
1639,70.047
1640,70.047
1641,70.047
1642,70.047
1643,70.047
1644,70.047
1645,70.047
1646,70.047
1647,70.047
1648,70.047
1649,70.047
1650,70.047
1651,70.047
1652,70.047
1653,70.047
1654,70.047
1655,70.047
1656,70.047
1657,70.047
1658,70.047
1659,70.047
1660,70.047
1661,70.047
1662,70.047
1663,70.047
1664,70.047
1665,70.047
1666,70.047
1667,70.047
1668,70.047
1669,70.047
1670,70.047
1671,70.047
1672,70.649
1673,70.649
1674,70.649
1675,70.649
1676,70.649
1677,70.649
1678,70.649
1679,70.649
1680,70.649
1681,70.649
1682,70.649
1683,70.649
1684,70.649
1685,70.649
1686,70.649
1687,70.649
1688,70.649
1689,70.649
1690,70.649
1691,70.649
1692,69.975
1693,69.975
1694,69.975
1695,69.975
1696,69.975
1697,69.975
1698,69.975
1699,69.975
1700,69.975
1701,69.975
1702,69.975
1703,69.975
1704,69.975
1705,69.975
1706,69.975
1707,69.975
1708,69.975
1709,69.975
1710,69.975
1711,69.975
1712,70.047
1713,70.047
1714,70.047
1715,70.047
1716,70.047
1717,70.047
1718,70.047
1719,70.047
1720,70.047
1721,70.047
1722,70.047
1723,70.047
1724,70.047
1725,70.047
1726,70.047
1727,70.047
1728,70.047
1729,70.047
1730,70.047
1731,70.047
1732,70.047
1733,70.047
1734,70.047
1735,70.047
1736,70.047
1737,70.047
1738,70.047
1739,70.047
1740,70.047
1741,70.047
1742,70.047
1743,70.047
1744,70.047
1745,70.047
1746,70.047
1747,70.047
1748,70.047
1749,70.047
1750,70.047
1751,70.047
1752,70.047
1753,70.649
1754,70.649
1755,70.649
1756,70.649
1757,70.649
1758,70.649
1759,70.649
1760,70.649
1761,70.649
1762,70.649
1763,70.649
1764,70.649
1765,70.649
1766,70.649
1767,70.649
1768,70.649
1769,70.649
1770,70.649
1771,70.649
1772,70.649
1773,71.258
1774,71.258
1775,71.258
1776,71.258
1777,71.258
1778,71.258
1779,71.258
1780,71.258
1781,71.258
1782,71.258
1783,71.258
1784,71.258
1785,71.258
1786,71.258
1787,71.258
1788,71.258
1789,71.258
1790,71.258
1791,71.258
1792,71.258
1793,70.985
1794,70.985
1795,70.985
1796,70.985
1797,70.985
1798,70.985
1799,70.985
1800,70.985
1801,70.985
1802,70.985
1803,70.985
1804,70.985
1805,70.985
1806,70.985
1807,70.985
1808,70.985
1809,70.985
1810,70.985
1811,70.985
1812,70.985
1813,70.649
1814,70.649
1815,70.649
1816,70.649
1817,70.649
1818,70.649
1819,70.649
1820,70.649
1821,70.649
1822,70.649
1823,70.649
1824,70.649
1825,70.649
1826,70.649
1827,70.649
1828,70.649
1829,70.649
1830,70.649
1831,70.649
1832,70.649
1833,70.649
1834,70.649
1835,70.649
1836,70.649
1837,70.649
1838,70.649
1839,70.649
1840,70.649
1841,70.649
1842,70.649
1843,70.649
1844,70.649
1845,70.649
1846,70.649
1847,70.649
1848,70.649
1849,70.649
1850,70.649
1851,70.649
1852,70.649
1853,70.649
1854,70.375
1855,70.375
1856,70.375
1857,70.375
1858,70.375
1859,70.375
1860,70.375
1861,70.375
1862,70.375
1863,70.375
1864,70.375
1865,70.375
1866,70.375
1867,70.375
1868,70.375
1869,70.375
1870,70.375
1871,70.375
1872,70.375
1873,70.375
1874,70.912
1875,70.912
1876,70.912
1877,70.912
1878,70.912
1879,70.912
1880,70.912
1881,70.912
1882,70.912
1883,70.912
1884,70.912
1885,70.912
1886,70.912
1887,70.912
1888,70.912
1889,70.912
1890,70.912
1891,70.912
1892,70.912
1893,70.912
1894,70.303
1895,70.303
1896,70.303
1897,70.303
1898,70.303
1899,70.303
1900,70.303
1901,70.303
1902,70.303
1903,70.303
1904,70.303
1905,70.303
1906,70.303
1907,70.303
1908,70.303
1909,70.303
1910,70.303
1911,70.303
1912,70.303
1913,70.303
1914,70.047
1915,70.047
1916,70.047
1917,70.047
1918,70.047
1919,70.047
1920,70.047
1921,70.047
1922,70.047
1923,70.047
1924,70.047
1925,70.047
1926,70.047
1927,70.047
1928,70.047
1929,70.047
1930,70.047
1931,70.047
1932,70.047
1933,70.047
1934,69.975
1935,69.975
1936,69.975
1937,69.975
1938,69.975
1939,69.975
1940,69.975
1941,69.975
1942,69.975
1943,69.975
1944,69.975
1945,69.975
1946,69.975
1947,69.975
1948,69.975
1949,69.975
1950,69.975
1951,69.975
1952,69.975
1953,69.975
1954,69.975
1955,69.975
1956,69.975
1957,69.975
1958,69.975
1959,69.975
1960,69.975
1961,69.975
1962,69.975
1963,69.975
1964,69.975
1965,69.975
1966,69.975
1967,69.975
1968,69.975
1969,69.975
1970,69.975
1971,69.975
1972,69.975
1973,69.975
1974,70.649
1975,70.649
1976,70.649
1977,70.649
1978,70.649
1979,70.649
1980,70.649
1981,70.649
1982,70.649
1983,70.649
1984,70.649
1985,70.649
1986,70.649
1987,70.649
1988,70.649
1989,70.649
1990,70.649
1991,70.649
1992,70.649
1993,70.649
1994,69.975
1995,69.975
1996,69.975
1997,69.975
1998,69.975
1999,69.975
2000,69.975
2001,69.975
2002,69.975
2003,69.975
2004,69.975
2005,69.975
2006,69.975
2007,69.975
2008,69.975
2009,69.975
2010,69.975
2011,69.975
2012,69.975
2013,69.975
2014,69.975
2015,69.975
2016,69.975
2017,69.975
2018,69.975
2019,69.975
2020,69.975
2021,69.975
2022,69.975
2023,69.975
2024,69.975
2025,69.975
2026,69.975
2027,69.975
2028,69.975
2029,69.975
2030,69.975
2031,69.975
2032,69.975
2033,69.975
2034,69.975
2035,69.975
2036,69.975
2037,69.975
2038,69.975
2039,69.975
2040,69.975
2041,69.975
2042,69.975
2043,69.975
2044,69.975
2045,69.975
2046,69.975
2047,69.975
2048,69.975
2049,69.975
2050,69.975
2051,69.975
2052,69.975
2053,69.975
2054,69.975
2055,70.303
2056,70.303
2057,70.303
2058,70.303
2059,70.303
2060,70.303
2061,70.303
2062,70.303
2063,70.303
2064,70.303
2065,70.303
2066,70.303
2067,70.303
2068,70.303
2069,70.303
2070,70.303
2071,70.303
2072,70.303
2073,70.303
2074,70.303
2075,71.113
2076,71.113
2077,71.113
2078,71.113
2079,71.113
2080,71.113
2081,71.113
2082,71.113
2083,71.113
2084,71.113
2085,71.113
2086,71.113
2087,71.113
2088,71.113
2089,71.113
2090,71.113
2091,71.113
2092,71.113
2093,71.113
2094,71.113
2095,70.504
2096,70.504
2097,70.504
2098,70.504
2099,70.504
2100,70.504
2101,70.504
2102,70.504
2103,70.504
2104,70.504
2105,70.504
2106,70.504
2107,70.504
2108,70.504
2109,70.504
2110,70.504
2111,70.504
2112,70.504
2113,70.504
2114,70.504
2115,70.504
2116,70.504
2117,70.504
2118,70.504
2119,70.504
2120,70.504
2121,70.504
2122,70.504
2123,70.504
2124,70.504
2125,70.504
2126,70.504
2127,70.504
2128,70.504
2129,70.504
2130,70.504
2131,70.504
2132,70.504
2133,70.504
2134,70.504
2135,70.577
2136,70.577
2137,70.577
2138,70.577
2139,70.577
2140,70.577
2141,70.577
2142,70.577
2143,70.577
2144,70.577
2145,70.577
2146,70.577
2147,70.577
2148,70.577
2149,70.577
2150,70.577
2151,70.577
2152,70.577
2153,70.577
2154,70.577
2155,70.649
2156,70.649
2157,70.649
2158,70.649
2159,70.649
2160,70.649
2161,70.649
2162,70.649
2163,70.649
2164,70.649
2165,70.649
2166,70.649
2167,70.649
2168,70.649
2169,70.649
2170,70.649
2171,70.649
2172,70.649
2173,70.649
2174,70.649
2175,71.258
2176,71.258
2177,71.258
2178,71.258
2179,71.258
2180,71.258
2181,71.258
2182,71.258
2183,71.258
2184,71.258
2185,71.258
2186,71.258
2187,71.258
2188,71.258
2189,71.258
2190,71.258
2191,71.258
2192,71.258
2193,71.258
2194,71.258
2195,70.649
2196,70.649
2197,70.649
2198,70.649
2199,70.649
2200,70.649
2201,70.649
2202,70.649
2203,70.649
2204,70.649
2205,70.649
2206,70.649
2207,70.649
2208,70.649
2209,70.649
2210,70.649
2211,70.649
2212,70.649
2213,70.649
2214,70.649
2215,70.985
2216,70.985
2217,70.985
2218,70.985
2219,70.985
2220,70.985
2221,70.985
2222,70.985
2223,70.985
2224,70.985
2225,70.985
2226,70.985
2227,70.985
2228,70.985
2229,70.985
2230,70.985
2231,70.985
2232,70.985
2233,70.985
2234,70.985
2235,70.985
2236,70.985
2237,70.985
2238,70.985
2239,70.649
2240,70.649
2241,70.649
2242,70.649
2243,70.649
2244,70.649
2245,70.649
2246,70.649
2247,70.649
2248,70.649
2249,70.649
2250,70.649
2251,70.649
2252,70.649
2253,70.649
2254,70.649
2255,70.649
2256,72.134
2257,72.134
2258,72.134
2259,72.134
2260,72.134
2261,72.134
2262,72.134
2263,72.134
2264,72.134
2265,72.134
2266,72.134
2267,72.134
2268,72.134
2269,72.134
2270,72.134
2271,72.134
2272,72.134
2273,72.134
2274,72.134
2275,72.134
2276,73.017
2277,73.017
2278,73.017
2279,73.017
2280,73.017
2281,73.017
2282,73.017
2283,73.017
2284,73.017
2285,73.017
2286,73.017
2287,73.017
2288,73.017
2289,73.017
2290,73.017
2291,73.017
2292,73.017
2293,73.017
2294,73.017
2295,73.017
2296,70.649
2297,70.649
2298,70.649
2299,70.649
2300,70.649
2301,70.649
2302,70.649
2303,70.649
2304,70.649
2305,70.649
2306,70.649
2307,70.649
2308,70.649
2309,70.649
2310,70.649
2311,70.649
2312,70.649
2313,70.649
2314,70.649
2315,70.649
2316,70.375
2317,70.375
2318,70.375
2319,70.375
2320,70.375
2321,70.375
2322,70.375
2323,70.375
2324,70.375
2325,70.375
2326,70.375
2327,70.375
2328,70.375
2329,70.375
2330,70.375
2331,70.375
2332,70.375
2333,70.375
2334,70.375
2335,70.375
2336,70.375
2337,70.375
2338,70.375
2339,70.375
2340,70.047
2341,70.047
2342,70.047
2343,70.047
2344,70.047
2345,70.047
2346,70.047
2347,70.047
2348,70.047
2349,70.047
2350,70.047
2351,70.047
2352,70.047
2353,70.047
2354,70.047
2355,70.047
2356,70.047
2357,70.375
2358,70.375
2359,70.375
2360,70.375
2361,70.375
2362,70.375
2363,70.375
2364,70.375
2365,70.375
2366,70.375
2367,70.375
2368,70.375
2369,70.375
2370,70.375
2371,70.375
2372,70.375
2373,70.375
2374,70.375
2375,70.375
2376,70.375
2377,70.985
2378,70.985
2379,70.985
2380,70.985
2381,70.985
2382,70.985
2383,70.985
2384,70.985
2385,70.985
2386,70.985
2387,70.985
2388,70.985
2389,70.985
2390,70.985
2391,70.985
2392,70.985
2393,70.985
2394,70.985
2395,70.985
2396,70.985
2397,70.985
2398,70.985
2399,70.985
2400,70.985
2401,70.985
2402,70.985
2403,70.985
2404,70.985
2405,70.985
2406,70.985
2407,70.985
2408,70.985
2409,70.985
2410,70.985
2411,70.985
2412,70.985
2413,70.985
2414,70.985
2415,70.985
2416,70.985
2417,70.649
2418,70.649
2419,70.649
2420,70.649
2421,70.649
2422,70.649
2423,70.649
2424,70.649
2425,70.649
2426,70.649
2427,70.649
2428,70.649
2429,70.649
2430,70.649
2431,70.649
2432,70.649
2433,70.649
2434,70.649
2435,70.649
2436,70.649
2437,70.649
2438,70.649
2439,70.649
2440,70.649
2441,70.649
2442,70.649
2443,70.649
2444,70.649
2445,70.649
2446,70.649
2447,70.649
2448,70.649
2449,70.649
2450,70.649
2451,70.649
2452,70.649
2453,70.649
2454,70.649
2455,70.649
2456,70.649
2457,70.649
2458,70.649
2459,70.649
2460,70.649
2461,70.649
2462,70.649
2463,70.649
2464,70.649
2465,70.649
2466,70.649
2467,70.649
2468,70.649
2469,70.649
2470,70.649
2471,70.649
2472,70.649
2473,70.649
2474,70.649
2475,70.649
2476,70.649
2477,71.258
2478,71.258
2479,71.258
2480,71.258
2481,71.258
2482,71.258
2483,71.258
2484,71.258
2485,71.258
2486,71.258
2487,71.258
2488,71.258
2489,71.258
2490,71.258
2491,71.258
2492,71.258
2493,71.258
2494,71.258
2495,71.258
2496,71.258
2497,70.649
2498,70.649
2499,70.649
2500,70.649
2501,70.649
2502,70.649
2503,70.649
2504,70.649
2505,70.649
2506,70.649
2507,70.649
2508,70.649
2509,70.649
2510,70.649
2511,70.649
2512,70.649
2513,70.649
2514,70.649
2515,70.649
2516,70.649
2517,70.649
2518,70.649
2519,70.649
2520,70.649
2521,70.649
2522,70.649
2523,70.649
2524,70.649
2525,70.649
2526,70.649
2527,70.649
2528,70.649
2529,70.649
2530,70.649
2531,70.649
2532,70.649
2533,70.649
2534,70.649
2535,70.649
2536,70.649
2537,70.649
2538,70.649
2539,70.649
2540,70.649
2541,70.649
2542,70.649
2543,70.649
2544,70.649
2545,70.649
2546,70.649
2547,70.649
2548,70.649
2549,70.649
2550,70.649
2551,70.649
2552,70.649
2553,70.649
2554,70.649
2555,70.649
2556,70.649
2557,70.649
2558,70.047
2559,70.047
2560,70.047
2561,70.047
2562,70.047
2563,70.047
2564,70.047
2565,70.047
2566,70.047
2567,70.047
2568,70.047
2569,70.047
2570,70.047
2571,70.047
2572,70.047
2573,70.047
2574,70.047
2575,70.047
2576,70.047
2577,70.047
2578,70.375
2579,70.375
2580,70.375
2581,70.375
2582,70.375
2583,70.375
2584,70.375
2585,70.375
2586,70.375
2587,70.375
2588,70.375
2589,70.375
2590,70.375
2591,70.375
2592,70.375
2593,70.375
2594,70.375
2595,70.375
2596,70.375
2597,70.375
2598,70.047
2599,70.047
2600,70.047
2601,70.047
2602,70.047
2603,70.047
2604,70.047
2605,70.047
2606,70.047
2607,70.047
2608,70.047
2609,70.047
2610,70.047
2611,70.047
2612,70.047
2613,70.047
2614,70.047
2615,70.047
2616,70.047
2617,70.047
2618,69.773
2619,69.773
2620,69.773
2621,69.773
2622,69.773
2623,69.773
2624,69.773
2625,69.773
2626,69.773
2627,69.773
2628,69.773
2629,69.773
2630,69.773
2631,69.773
2632,69.773
2633,69.773
2634,69.773
2635,69.773
2636,69.773
2637,69.773
2638,69.773
2639,69.773
2640,69.773
2641,70.047
2642,70.047
2643,70.047
2644,70.047
2645,70.047
2646,70.047
2647,70.047
2648,70.047
2649,70.047
2650,70.047
2651,70.047
2652,70.047
2653,70.047
2654,70.047
2655,70.047
2656,70.047
2657,70.047
2658,70.375
2659,70.375
2660,70.375
2661,70.375
2662,70.375
2663,70.375
2664,70.375
2665,70.375
2666,70.375
2667,70.375
2668,70.375
2669,70.375
2670,70.375
2671,70.375
2672,70.375
2673,70.375
2674,70.375
2675,70.375
2676,70.375
2677,70.375
2678,70.985
2679,70.985
2680,70.985
2681,70.985
2682,70.985
2683,70.985
2684,70.985
2685,70.985
2686,70.985
2687,70.985
2688,70.985
2689,70.985
2690,70.985
2691,70.985
2692,70.985
2693,70.985
2694,70.985
2695,70.985
2696,70.985
2697,70.985
2698,70.985
2699,70.649
2700,70.649
2701,70.649
2702,70.649
2703,70.649
2704,70.649
2705,70.649
2706,70.649
2707,70.649
2708,70.649
2709,70.649
2710,70.649
2711,70.649
2712,70.649
2713,70.649
2714,70.649
2715,70.649
2716,70.649
2717,70.649
2718,70.649
2719,59.699
2720,59.699
2721,59.699
2722,59.699
2723,59.699
2724,59.699
2725,59.699
2726,59.699
2727,59.699
2728,59.699
2729,59.699
2730,59.699
2731,59.699
2732,59.699
2733,59.699
2734,59.699
2735,59.699
2736,59.699
2737,59.699
2738,59.699
2739,59.699
2740,59.699
2741,59.699
2742,51.445
2743,51.445
2744,51.445
2745,51.445
2746,51.445
2747,51.445
2748,51.445
2749,51.445
2750,51.445
2751,51.445
2752,51.445
2753,51.445
2754,51.445
2755,51.445
2756,51.445
2757,51.445
2758,51.445
2759,49.686
2760,49.686
2761,49.686
2762,49.686
2763,49.686
2764,49.686
2765,49.686
2766,49.686
2767,49.686
2768,49.686
2769,49.686
2770,49.686
2771,49.686
2772,49.686
2773,49.686
2774,49.686
2775,49.686
2776,49.686
2777,49.686
2778,49.686
2779,49.358
2780,49.358
2781,49.358
2782,49.358
2783,49.358
2784,49.358
2785,49.358
2786,49.358
2787,49.358
2788,49.358
2789,49.358
2790,49.358
2791,49.358
2792,49.358
2793,49.358
2794,49.358
2795,49.358
2796,49.358
2797,49.358
2798,49.358
2799,49.084
2800,49.084
2801,49.084
2802,49.084
2803,49.084
2804,49.084
2805,49.084
2806,49.084
2807,49.084
2808,49.084
2809,49.084
2810,49.084
2811,49.084
2812,49.084
2813,49.084
2814,49.084
2815,49.084
2816,49.084
2817,49.084
2818,49.084
2819,49.084
2820,49.084
2821,49.084
2822,49.084
2823,49.084
2824,49.084
2825,49.084
2826,49.084
2827,49.084
2828,49.084
2829,49.084
2830,49.084
2831,49.084
2832,49.084
2833,49.084
2834,49.084
2835,49.084
2836,49.084
2837,49.084
2838,49.084
2839,49.084
2840,49.084
2841,49.084
2842,49.084
2843,49.084
2844,49.084
2845,49.084
2846,49.084
2847,49.084
2848,49.084
2849,49.084
2850,49.084
2851,49.084
2852,49.084
2853,49.084
2854,49.084
2855,49.084
2856,49.084
2857,49.084
2858,49.084
2859,49.084
2860,49.084
2861,49.084
2862,49.084
2863,49.084
2864,49.084
2865,49.084
2866,49.084
2867,49.084
2868,49.084
2869,49.084
2870,49.084
2871,49.084
2872,49.084
2873,49.084
2874,49.084
2875,49.084
2876,49.084
2877,49.084
2878,49.084
2879,49.084
2880,49.084
2881,49.084
2882,49.084
2883,49.084
2884,49.084
2885,49.084
2886,49.084
2887,49.084
2888,49.084
2889,49.084
2890,49.084
2891,49.084
2892,49.084
2893,49.084
2894,49.084
2895,49.084
2896,49.084
2897,49.084
2898,49.084
2899,49.084
2900,49.084
2901,49.084
2902,49.084
2903,49.084
2904,49.084
2905,49.084
2906,49.084
2907,49.084
2908,49.084
2909,49.084
2910,49.084
2911,49.084
2912,49.084
2913,49.084
2914,49.084
2915,49.084
2916,49.084
2917,49.084
2918,49.084
2919,49.084
2920,49.084
2921,49.084
2922,49.084
2923,49.084
2924,49.084
2925,49.084
2926,49.084
2927,49.084
2928,49.084
2929,49.084
2930,49.084
2931,49.084
2932,49.084
2933,49.084
2934,49.084
2935,49.084
2936,49.084
2937,49.084
2938,49.084
2939,49.084
2940,49.084
2941,49.084
2942,49.084
2943,49.084
2944,49.084
2945,49.084
2946,49.084
2947,49.084
2948,49.084
2949,49.084
2950,49.084
2951,49.084
2952,49.084
2953,49.084
2954,49.084
2955,49.084
2956,49.084
2957,49.084
2958,49.084
2959,49.084
2960,48.748
2961,48.748
2962,48.748
2963,48.748
2964,48.748
2965,48.748
2966,48.748
2967,48.748
2968,48.748
2969,48.748
2970,48.748
2971,48.748
2972,48.748
2973,48.748
2974,48.748
2975,48.748
2976,48.748
2977,48.748
2978,48.748
2979,48.748
2980,49.084
2981,49.084
2982,49.084
2983,49.084
2984,49.084
2985,49.084
2986,49.084
2987,49.084
2988,49.084
2989,49.084
2990,49.084
2991,49.084
2992,49.084
2993,49.084
2994,49.084
2995,49.084
2996,49.084
2997,49.084
2998,49.084
2999,49.084
3000,48.748
3001,48.748
3002,48.748
3003,48.748
3004,48.748
3005,48.748
3006,48.748
3007,48.748
3008,48.748
3009,48.748
3010,48.748
3011,48.748
3012,48.748
3013,48.748
3014,48.748
3015,48.748
3016,48.748
3017,48.748
3018,48.748
3019,48.748
3020,48.748
3021,48.748
3022,48.748
3023,48.748
3024,48.748
3025,48.748
3026,48.748
3027,48.748
3028,48.748
3029,48.748
3030,48.748
3031,48.748
3032,48.748
3033,48.748
3034,48.748
3035,48.748
3036,48.748
3037,48.748
3038,48.748
3039,48.748
3040,48.748
3041,48.748
3042,48.748
3043,48.748
3044,48.748
3045,48.748
3046,48.748
3047,48.748
3048,48.748
3049,48.748
3050,48.748
3051,48.748
3052,48.748
3053,48.748
3054,48.748
3055,48.748
3056,48.748
3057,48.748
3058,48.748
3059,48.748
3060,48.748
3061,48.748
3062,48.748
3063,48.748
3064,48.748
3065,48.748
3066,48.748
3067,48.748
3068,48.748
3069,48.748
3070,48.748
3071,48.748
3072,48.748
3073,48.748
3074,48.748
3075,48.748
3076,48.748
3077,48.748
3078,48.748
3079,48.748
3080,48.748
3081,49.084
3082,49.084
3083,49.084
3084,49.084
3085,49.084
3086,49.084
3087,49.084
3088,49.084
3089,49.084
3090,49.084
3091,49.084
3092,49.084
3093,49.084
3094,49.084
3095,49.084
3096,49.084
3097,49.084
3098,49.084
3099,49.084
3100,49.084
3101,48.748
3102,48.748
3103,48.748
3104,48.748
3105,48.748
3106,48.748
3107,48.748
3108,48.748
3109,48.748
3110,48.748
3111,48.748
3112,48.748
3113,48.748
3114,48.748
3115,48.748
3116,48.748
3117,48.748
3118,48.748
3119,48.748
3120,48.748
3121,48.748
3122,48.748
3123,48.748
3124,48.748
3125,48.748
3126,48.748
3127,48.748
3128,48.748
3129,48.748
3130,48.748
3131,48.748
3132,48.748
3133,48.748
3134,48.748
3135,48.748
3136,48.748
3137,48.748
3138,48.748
3139,48.748
3140,48.748
3141,48.748
3142,48.748
3143,48.748
3144,48.748
3145,48.748
3146,48.748
3147,48.748
3148,48.748
3149,48.748
3150,48.748
3151,48.748
3152,48.748
3153,48.748
3154,48.748
3155,48.748
3156,48.748
3157,48.748
3158,48.748
3159,48.748
3160,48.748
3161,48.748
3162,48.748
3163,48.748
3164,48.748
3165,48.748
3166,48.748
3167,48.748
3168,48.748
3169,48.748
3170,48.748
3171,48.748
3172,48.748
3173,48.748
3174,48.748
3175,48.748
3176,48.748
3177,48.748
3178,48.748
3179,48.748
3180,48.748
3181,48.748
3182,48.748
3183,48.748
3184,48.748
3185,48.748
3186,48.748
3187,48.748
3188,48.748
3189,48.748
3190,48.748
3191,48.748
3192,48.748
3193,48.748
3194,48.748
3195,48.748
3196,48.748
3197,48.748
3198,48.748
3199,48.748
3200,48.748
3201,48.748
3202,48.748
3203,48.748
3204,48.748
3205,48.748
3206,48.748
3207,48.748
3208,48.748
3209,48.748
3210,48.748
3211,48.748
3212,48.748
3213,48.748
3214,48.748
3215,48.748
3216,48.748
3217,48.748
3218,48.748
3219,48.748
3220,48.748
3221,48.748
3222,48.748
3223,48.748
3224,48.748
3225,48.748
3226,48.748
3227,48.748
3228,48.748
3229,48.748
3230,48.748
3231,48.748
3232,48.748
3233,48.748
3234,48.748
3235,48.748
3236,48.748
3237,48.748
3238,48.748
3239,48.748
3240,48.748
3241,48.748
3242,48.748
3243,48.748
3244,48.748
3245,48.748
3246,48.748
3247,48.748
3248,48.748
3249,48.748
3250,48.748
3251,48.748
3252,48.748
3253,48.748
3254,48.748
3255,48.748
3256,48.748
3257,48.748
3258,48.748
3259,48.748
3260,48.748
3261,48.748
3262,49.686
3263,49.686
3264,49.686
3265,49.686
3266,49.686
3267,49.686
3268,49.686
3269,49.686
3270,49.686
3271,49.686
3272,49.686
3273,49.686
3274,49.686
3275,49.686
3276,49.686
3277,49.686
3278,49.686
3279,49.686
3280,49.686
3281,49.686
3282,49.96
3283,49.96
3284,49.96
3285,49.96
3286,49.96
3287,49.96
3288,49.96
3289,49.96
3290,49.96
3291,49.96
3292,49.96
3293,49.96
3294,49.96
3295,49.96
3296,49.96
3297,49.96
3298,49.96
3299,49.96
3300,49.96
3301,49.96
3302,49.084
3303,49.084
3304,49.084
3305,49.084
3306,49.084
3307,49.084
3308,49.084
3309,49.084
3310,49.084
3311,49.084
3312,49.084
3313,49.084
3314,49.084
3315,49.084
3316,49.084
3317,49.084
3318,49.084
3319,49.084
3320,49.084
3321,49.084
3322,49.084
3323,49.084
3324,49.084
3325,49.084
3326,49.084
3327,49.084
3328,49.084
3329,49.084
3330,49.084
3331,49.084
3332,49.084
3333,49.084
3334,49.084
3335,49.084
3336,49.084
3337,49.084
3338,49.084
3339,49.084
3340,49.084
3341,49.084
3342,48.748
3343,48.748
3344,48.748
3345,48.748
3346,48.748
3347,48.748
3348,48.748
3349,48.748
3350,48.748
3351,48.748
3352,48.748
3353,48.748
3354,48.748
3355,48.748
3356,48.748
3357,48.748
3358,48.748
3359,48.748
3360,48.748
3361,48.748
3362,48.748
3363,48.748
3364,48.748
3365,48.748
3366,48.748
3367,48.748
3368,48.748
3369,48.748
3370,48.748
3371,48.748
3372,48.748
3373,48.748
3374,48.748
3375,48.748
3376,48.748
3377,48.748
3378,48.748
3379,48.748
3380,48.748
3381,48.748
3382,48.748
3383,48.748
3384,48.748
3385,48.748
3386,48.748
3387,48.748
3388,48.748
3389,48.748
3390,48.748
3391,48.748
3392,48.748
3393,48.748
3394,48.748
3395,48.748
3396,48.748
3397,48.748
3398,48.748
3399,48.748
3400,48.748
3401,48.748
3402,48.748
3403,48.748
3404,48.748
3405,48.748
3406,48.748
3407,48.748
3408,48.748
3409,48.748
3410,48.748
3411,48.748
3412,48.748
3413,48.748
3414,48.748
3415,48.748
3416,48.748
3417,48.748
3418,48.748
3419,48.748
3420,48.748
3421,48.748
3422,48.748
3423,48.698
3424,48.698
3425,48.698
3426,48.698
3427,48.698
3428,48.698
3429,48.698
3430,48.698
3431,48.698
3432,48.698
3433,48.698
3434,48.698
3435,48.698
3436,48.698
3437,48.698
3438,48.698
3439,48.698
3440,48.698
3441,48.698
3442,48.698
3443,48.698
3444,48.698
3445,48.698
3446,48.698
3447,48.698
3448,48.698
3449,48.698
3450,48.698
3451,48.698
3452,48.698
3453,48.698
3454,48.698
3455,48.698
3456,48.698
3457,48.698
3458,48.698
3459,48.698
3460,48.698
3461,48.698
3462,48.698
3463,48.698
3464,48.698
3465,48.698
3466,48.698
3467,48.698
3468,48.698
3469,48.698
3470,48.698
3471,48.698
3472,48.698
3473,48.698
3474,48.698
3475,48.698
3476,48.698
3477,48.698
3478,48.698
3479,48.698
3480,48.698
3481,48.698
3482,48.698
3483,48.698
3484,48.698
3485,48.698
3486,48.698
3487,48.698
3488,48.698
3489,48.698
3490,48.698
3491,48.698
3492,48.698
3493,48.698
3494,48.698
3495,48.698
3496,48.698
3497,48.698
3498,48.698
3499,48.698
3500,48.698
3501,48.698
3502,48.698
3503,48.698
3504,48.698
3505,48.698
3506,48.698
3507,48.698
3508,48.698
3509,48.698
3510,48.698
3511,48.698
3512,48.698
3513,48.698
3514,48.698
3515,48.698
3516,48.698
3517,48.698
3518,48.698
3519,48.698
3520,48.698
3521,48.698
3522,48.698
3523,48.698
3524,48.698
3525,48.698
3526,48.698
3527,48.698
3528,48.698
3529,48.698
3530,48.698
3531,48.698
3532,48.698
3533,48.698
3534,48.698
3535,48.698
3536,48.698
3537,48.698
3538,48.698
3539,48.698
3540,48.698
3541,48.698
3542,48.698
3543,48.425
3544,48.425
3545,48.425
3546,48.425
3547,48.425
3548,48.425
3549,48.425
3550,48.425
3551,48.425
3552,48.425
3553,48.425
3554,48.425
3555,48.425
3556,48.425
3557,48.425
3558,48.425
3559,48.425
3560,48.425
3561,48.425
3562,48.425
3563,48.425
3564,48.425
3565,48.425
3566,48.425
3567,48.425
3568,48.425
3569,48.425
3570,48.425
3571,48.425
3572,48.425
3573,48.425
3574,48.425
3575,48.425
3576,48.425
3577,48.425
3578,48.425
3579,48.425
3580,48.425
3581,48.425
3582,48.425
3583,48.698
3584,48.698
3585,48.698
3586,48.698
3587,48.698
3588,48.698
3589,48.698
3590,48.698
3591,48.698
3592,48.698
3593,48.698
3594,48.698
3595,48.698
3596,48.698
3597,48.698
3598,48.698
3599,48.698
3600,48.698
3601,48.698
3602,48.698
3603,48.698
3604,48.475
3605,48.475
3606,48.475
3607,48.475
3608,48.475
3609,48.475
3610,48.475
3611,48.475
3612,48.475
3613,48.475
3614,48.475
3615,48.475
3616,48.475
3617,48.475
3618,48.475
3619,48.475
3620,48.475
3621,48.475
3622,48.475
3623,48.475
3624,48.425
3625,48.425
3626,48.425
3627,48.425
3628,48.425
3629,48.425
3630,48.425
3631,48.425
3632,48.425
3633,48.425
3634,48.425
3635,48.425
3636,48.425
3637,48.425
3638,48.425
3639,48.425
3640,48.425
3641,48.425
3642,48.425
3643,48.425
3644,48.425
3645,48.425
3646,48.425
3647,48.425
3648,48.425
3649,48.425
3650,48.425
3651,48.425
3652,48.425
3653,48.425
3654,48.425
3655,48.425
3656,48.425
3657,48.425
3658,48.425
3659,48.425
3660,48.425
3661,48.425
3662,48.425
3663,48.425
3664,48.425
3665,48.425
3666,48.425
3667,48.425
3668,48.425
3669,48.425
3670,48.425
3671,48.425
3672,48.425
3673,48.425
3674,48.425
3675,48.425
3676,48.425
3677,48.425
3678,48.425
3679,48.425
3680,48.425
3681,48.425
3682,48.425
3683,48.425
3684,48.698
3685,48.698
3686,48.698
3687,48.698
3688,48.698
3689,48.698
3690,48.698
3691,48.698
3692,48.698
3693,48.698
3694,48.698
3695,48.698
3696,48.698
3697,48.698
3698,48.698
3699,48.698
3700,48.698
3701,48.698
3702,48.698
3703,48.698
3704,48.425
3705,48.425
3706,48.425
3707,48.425
3708,48.425
3709,48.425
3710,48.425
3711,48.425
3712,48.425
3713,48.425
3714,48.425
3715,48.425
3716,48.425
3717,48.425
3718,48.425
3719,48.425
3720,48.425
3721,48.425
3722,48.425
3723,48.425
3724,48.425
3725,48.425
3726,48.425
3727,48.425
3728,48.425
3729,48.425
3730,48.425
3731,48.425
3732,48.425
3733,48.425
3734,48.425
3735,48.425
3736,48.425
3737,48.425
3738,48.425
3739,48.425
3740,48.425
3741,48.425
3742,48.425
3743,48.425
3744,48.425
3745,48.425
3746,48.425
3747,48.425
3748,48.425
3749,48.425
3750,48.425
3751,48.425
3752,48.425
3753,48.425
3754,48.425
3755,48.425
3756,48.425
3757,48.425
3758,48.425
3759,48.425
3760,48.425
3761,48.425
3762,48.425
3763,48.425
3764,48.425
3765,48.425
3766,48.425
3767,48.425
3768,48.425
3769,48.425
3770,48.425
3771,48.425
3772,48.425
3773,48.425
3774,48.425
3775,48.425
3776,48.425
3777,48.425
3778,48.425
3779,48.425
3780,48.425
3781,48.425
3782,48.425
3783,48.425
3784,48.425
3785,48.425
3786,48.425
3787,48.425
3788,48.425
3789,48.425
3790,48.425
3791,48.425
3792,48.425
3793,48.425
3794,48.425
3795,48.425
3796,48.425
3797,48.425
3798,48.425
3799,48.425
3800,48.425
3801,48.425
3802,48.425
3803,48.425
3804,48.425
3805,48.425
3806,48.425
3807,48.425
3808,48.425
3809,48.425
3810,48.425
3811,48.425
3812,48.425
3813,48.425
3814,48.425
3815,48.425
3816,48.425
3817,48.425
3818,48.425
3819,48.425
3820,48.425
3821,48.425
3822,48.425
3823,48.425
3824,48.425
3825,48.425
3826,48.425
3827,48.425
3828,48.425
3829,48.425
3830,48.425
3831,48.425
3832,48.425
3833,48.425
3834,48.425
3835,48.425
3836,48.425
3837,48.425
3838,48.425
3839,48.425
3840,48.425
3841,48.425
3842,48.425
3843,48.425
3844,48.425
3845,48.425
3846,48.425
3847,48.425
3848,48.425
3849,48.425
3850,48.425
3851,48.425
3852,48.425
3853,48.425
3854,48.425
3855,48.425
3856,48.425
3857,48.425
3858,48.425
3859,48.425
3860,48.425
3861,48.425
3862,48.425
3863,48.425
3864,48.425
3865,48.376
3866,48.376
3867,48.376
3868,48.376
3869,48.376
3870,48.376
3871,48.376
3872,48.376
3873,48.376
3874,48.376
3875,48.376
3876,48.376
3877,48.376
3878,48.376
3879,48.376
3880,48.376
3881,48.376
3882,48.376
3883,48.376
3884,48.376
3885,48.425
3886,48.425
3887,48.425
3888,48.425
3889,48.425
3890,48.425
3891,48.425
3892,48.425
3893,48.425
3894,48.425
3895,48.425
3896,48.425
3897,48.425
3898,48.425
3899,48.425
3900,48.425
3901,48.425
3902,48.425
3903,48.425
3904,48.425
3905,48.376
3906,48.376
3907,48.376
3908,48.376
3909,48.376
3910,48.376
3911,48.376
3912,48.376
3913,48.376
3914,48.376
3915,48.376
3916,48.376
3917,48.376
3918,48.376
3919,48.376
3920,48.376
3921,48.376
3922,48.376
3923,48.376
3924,48.376
3925,48.475
3926,48.475
3927,48.475
3928,48.475
3929,48.475
3930,48.475
3931,48.475
3932,48.475
3933,48.475
3934,48.475
3935,48.475
3936,48.475
3937,48.475
3938,48.475
3939,48.475
3940,48.475
3941,48.475
3942,48.475
3943,48.475
3944,48.475
3945,48.475
3946,48.475
3947,48.475
3948,48.475
3949,48.475
3950,48.475
3951,48.475
3952,48.475
3953,48.475
3954,48.475
3955,48.475
3956,48.475
3957,48.475
3958,48.475
3959,48.475
3960,48.475
3961,48.475
3962,48.475
3963,48.475
3964,48.475
3965,48.475
3966,48.475
3967,48.475
3968,48.475
3969,48.475
3970,48.475
3971,48.475
3972,48.475
3973,48.475
3974,48.475
3975,48.475
3976,48.475
3977,48.475
3978,48.475
3979,48.475
3980,48.475
3981,48.475
3982,48.475
3983,48.475
3984,48.475
3985,48.475
3986,48.475
3987,48.475
3988,48.475
3989,48.475
3990,48.475
3991,48.475
3992,48.475
3993,48.475
3994,48.475
3995,48.475
3996,48.475
3997,48.475
3998,48.475
3999,48.475
4000,48.475
4001,48.475
4002,48.475
4003,48.475
4004,48.475
4005,48.475
4006,48.475
4007,48.475
4008,48.475
4009,48.475
4010,48.475
4011,48.475
4012,48.475
4013,48.475
4014,48.475
4015,48.475
4016,48.475
4017,48.475
4018,48.475
4019,48.475
4020,48.475
4021,48.475
4022,48.475
4023,48.475
4024,48.475
4025,48.475
4026,48.475
4027,48.475
4028,48.475
4029,48.475
4030,48.475
4031,48.475
4032,48.475
4033,48.475
4034,48.475
4035,48.475
4036,48.475
4037,48.475
4038,48.475
4039,48.475
4040,48.475
4041,48.475
4042,48.475
4043,48.475
4044,48.475
4045,48.475
4046,48.475
4047,48.475
4048,48.475
4049,48.475
4050,48.475
4051,48.475
4052,48.475
4053,48.475
4054,48.475
4055,48.475
4056,48.475
4057,48.475
4058,48.475
4059,48.475
4060,48.475
4061,48.475
4062,48.475
4063,48.475
4064,48.475
4065,48.475
4066,48.475
4067,48.475
4068,48.475
4069,48.475
4070,48.475
4071,48.475
4072,48.475
4073,48.475
4074,48.475
4075,48.475
4076,48.475
4077,48.475
4078,48.475
4079,48.475
4080,48.475
4081,48.475
4082,48.475
4083,48.475
4084,48.475
4085,48.475
4086,48.475
4087,48.475
4088,48.475
4089,48.475
4090,48.475
4091,48.475
4092,48.475
4093,48.475
4094,48.475
4095,48.475
4096,48.475
4097,48.475
4098,48.475
4099,48.475
4100,48.475
4101,48.475
4102,48.475
4103,48.475
4104,48.475
4105,48.475
4106,48.475
4107,48.475
4108,48.475
4109,48.475
4110,48.475
4111,48.475
4112,48.475
4113,48.475
4114,48.475
4115,48.475
4116,48.475
4117,48.475
4118,48.475
4119,48.475
4120,48.475
4121,48.475
4122,48.475
4123,48.475
4124,48.475
4125,48.475
4126,48.475
4127,48.475
4128,48.475
4129,48.475
4130,48.475
4131,48.475
4132,48.475
4133,48.475
4134,48.475
4135,48.475
4136,48.475
4137,48.475
4138,48.475
4139,48.475
4140,48.475
4141,48.475
4142,48.475
4143,48.475
4144,48.475
4145,48.475
4146,48.475
4147,48.475
4148,48.475
4149,48.475
4150,48.475
4151,48.475
4152,48.475
4153,48.475
4154,48.475
4155,48.475
4156,48.475
4157,48.475
4158,48.475
4159,48.475
4160,48.475
4161,48.475
4162,48.475
4163,48.475
4164,48.475
4165,48.475
4166,48.475
4167,48.475
4168,48.475
4169,48.475
4170,48.475
4171,48.475
4172,48.475
4173,48.475
4174,48.475
4175,48.475
4176,48.475
4177,48.475
4178,48.475
4179,48.475
4180,48.475
4181,48.475
4182,48.475
4183,48.475
4184,48.475
4185,48.475
4186,48.475
4187,48.475
4188,48.475
4189,48.475
4190,48.475
4191,48.475
4192,48.475
4193,48.475
4194,48.475
4195,48.475
4196,48.475
4197,48.475
4198,48.475
4199,48.475
4200,48.475
4201,48.475
4202,48.475
4203,48.475
4204,48.475
4205,48.475
4206,48.475
4207,48.475
4208,48.475
4209,48.475
4210,48.475
4211,48.475
4212,48.475
4213,48.475
4214,48.475
4215,48.475
4216,48.475
4217,48.475
4218,48.475
4219,48.475
4220,48.475
4221,48.475
4222,48.475
4223,48.475
4224,48.475
4225,48.475
4226,48.475
4227,48.201
4228,48.201
4229,48.201
4230,48.201
4231,48.201
4232,48.201
4233,48.201
4234,48.201
4235,48.201
4236,48.201
4237,48.201
4238,48.201
4239,48.201
4240,48.201
4241,48.201
4242,48.201
4243,48.201
4244,48.201
4245,48.201
4246,48.201
4247,48.201
4248,48.201
4249,48.201
4250,48.201
4251,48.201
4252,48.201
4253,48.201
4254,48.201
4255,48.201
4256,48.201
4257,48.201
4258,48.201
4259,48.201
4260,48.201
4261,48.201
4262,48.201
4263,48.201
4264,48.201
4265,48.201
4266,48.201
4267,48.475
4268,48.475
4269,48.475
4270,48.475
4271,48.475
4272,48.475
4273,48.475
4274,48.475
4275,48.475
4276,48.475
4277,48.475
4278,48.475
4279,48.475
4280,48.475
4281,48.475
4282,48.475
4283,48.475
4284,48.475
4285,48.475
4286,48.475
4287,48.475
4288,48.475
4289,48.475
4290,48.475
4291,48.475
4292,48.475
4293,48.475
4294,48.475
4295,48.475
4296,48.475
4297,48.475
4298,48.475
4299,48.475
4300,48.475
4301,48.475
4302,48.475
4303,48.475
4304,48.475
4305,48.475
4306,48.475
4307,48.201
4308,48.201
4309,48.201
4310,48.201
4311,48.201
4312,48.201
4313,48.201
4314,48.201
4315,48.201
4316,48.201
4317,48.201
4318,48.201
4319,48.201
4320,48.201
4321,48.201
4322,48.201
4323,48.201
4324,48.201
4325,48.201
4326,48.201
4327,48.201
4328,48.201
4329,48.201
4330,48.201
4331,48.201
4332,48.201
4333,48.201
4334,48.201
4335,48.201
4336,48.201
4337,48.201
4338,48.201
4339,48.201
4340,48.201
4341,48.201
4342,48.201
4343,48.201
4344,48.201
4345,48.201
4346,48.201
4347,48.201
4348,48.201
4349,48.201
4350,48.201
4351,48.201
4352,48.201
4353,48.201
4354,48.201
4355,48.201
4356,48.201
4357,48.201
4358,48.201
4359,48.201
4360,48.201
4361,48.201
4362,48.201
4363,48.201
4364,48.201
4365,48.201
4366,48.201
4367,48.201
4368,48.201
4369,48.201
4370,48.201
4371,48.201
4372,48.201
4373,48.201
4374,48.201
4375,48.201
4376,48.201
4377,48.201
4378,48.201
4379,48.201
4380,48.201
4381,48.201
4382,48.201
4383,48.201
4384,48.201
4385,48.201
4386,48.201
4387,48.201
4388,48.201
4389,48.201
4390,48.201
4391,48.201
4392,48.201
4393,48.201
4394,48.201
4395,48.201
4396,48.201
4397,48.201
4398,48.201
4399,48.201
4400,48.201
4401,48.201
4402,48.201
4403,48.201
4404,48.201
4405,48.201
4406,48.201
4407,48.201
4408,48.201
4409,48.201
4410,48.201
4411,48.201
4412,48.201
4413,48.201
4414,48.201
4415,48.201
4416,48.201
4417,48.201
4418,48.201
4419,48.201
4420,48.201
4421,48.201
4422,48.201
4423,48.201
4424,48.201
4425,48.201
4426,48.201
4427,48.201
4428,48.201
4429,48.201
4430,48.201
4431,48.201
4432,48.201
4433,48.201
4434,48.201
4435,48.201
4436,48.201
4437,48.201
4438,48.201
4439,48.201
4440,48.201
4441,48.201
4442,48.201
4443,48.201
4444,48.201
4445,48.201
4446,48.201
4447,48.201
4448,48.201
4449,48.201
4450,48.201
4451,48.201
4452,48.201
4453,48.201
4454,48.201
4455,48.201
4456,48.201
4457,48.201
4458,48.201
4459,48.201
4460,48.201
4461,48.201
4462,48.201
4463,48.201
4464,48.201
4465,48.201
4466,48.201
4467,48.201
4468,48.201
4469,48.201
4470,48.201
4471,48.201
4472,48.201
4473,48.201
4474,48.201
4475,48.201
4476,48.201
4477,48.201
4478,48.201
4479,48.201
4480,48.201
4481,48.201
4482,48.201
4483,48.201
4484,48.201
4485,48.201
4486,48.201
4487,48.201
4488,48.201
4489,48.201
4490,48.201
4491,48.201
4492,48.201
4493,48.201
4494,48.201
4495,48.201
4496,48.201
4497,48.201
4498,48.201
4499,48.201
4500,48.201
4501,48.201
4502,48.201
4503,48.201
4504,48.201
4505,48.201
4506,48.201
4507,48.201
4508,48.201
4509,48.201
4510,48.201
4511,48.201
4512,48.201
4513,48.201
4514,48.201
4515,48.201
4516,48.201
4517,48.201
4518,48.201
4519,48.201
4520,48.201
4521,48.201
4522,48.201
4523,48.201
4524,48.201
4525,48.201
4526,48.201
4527,48.201
4528,48.201
4529,48.201
4530,48.201
4531,48.201
4532,48.201
4533,48.201
4534,48.201
4535,48.201
4536,48.201
4537,48.201
4538,48.201
4539,48.201
4540,48.201
4541,48.201
4542,48.201
4543,48.201
4544,48.201
4545,48.201
4546,48.201
4547,48.201
4548,48.201
4549,48.201
4550,48.201
4551,48.201
4552,48.201
4553,48.201
4554,48.201
4555,48.201
4556,48.201
4557,48.201
4558,48.201
4559,48.201
4560,48.201
4561,48.201
4562,48.201
4563,48.201
4564,48.201
4565,48.201
4566,48.201
4567,48.201
4568,48.201
4569,48.201
4570,48.201
4571,48.201
4572,48.201
4573,48.201
4574,48.201
4575,48.201
4576,48.201
4577,48.201
4578,48.201
4579,48.201
4580,48.201
4581,48.201
4582,48.201
4583,48.201
4584,48.201
4585,48.201
4586,48.201
4587,48.201
4588,48.201
4589,48.201
4590,48.201
4591,48.201
4592,48.201
4593,48.201
4594,48.201
4595,48.201
4596,48.201
4597,48.201
4598,48.201
4599,48.201
4600,48.201
4601,48.201
4602,48.201
4603,48.201
4604,48.201
4605,48.201
4606,48.201
4607,48.201
4608,48.201
4609,48.201
4610,48.201
4611,48.201
4612,48.201
4613,48.201
4614,48.201
4615,48.201
4616,48.201
4617,48.201
4618,48.201
4619,48.201
4620,48.201
4621,48.201
4622,48.201
4623,48.201
4624,48.201
4625,48.201
4626,48.201
4627,48.201
4628,48.201
4629,48.201
4630,48.201
4631,48.201
4632,48.201
4633,48.201
4634,48.201
4635,48.201
4636,48.201
4637,48.201
4638,48.201
4639,48.201
4640,48.201
4641,48.201
4642,48.201
4643,48.201
4644,48.201
4645,48.201
4646,48.201
4647,48.201
4648,48.201
4649,48.201
4650,48.201
4651,48.201
4652,48.201
4653,48.201
4654,48.201
4655,48.201
4656,48.201
4657,48.201
4658,48.201
4659,48.201
4660,48.201
4661,48.201
4662,48.201
4663,48.201
4664,48.201
4665,48.201
4666,48.201
4667,48.201
4668,48.201
4669,48.201
4670,48.201
4671,48.201
4672,48.201
4673,48.201
4674,48.201
4675,48.201
4676,48.201
4677,48.201
4678,48.201
4679,48.201
4680,48.201
4681,48.201
4682,48.201
4683,48.201
4684,48.201
4685,48.201
4686,48.201
4687,48.201
4688,48.201
4689,48.201
4690,48.201
4691,48.201
4692,48.201
4693,48.201
4694,48.201
4695,48.201
4696,48.201
4697,48.201
4698,48.201
4699,48.201
4700,48.201
4701,48.201
4702,48.201
4703,48.201
4704,48.201
4705,48.201
4706,48.201
4707,48.201
4708,48.201
4709,48.201
4710,48.201
4711,48.201
4712,48.201
4713,48.201
4714,48.201
4715,48.201
4716,48.201
4717,48.201
4718,48.201
4719,48.201
4720,48.201
4721,48.201
4722,48.201
4723,48.201
4724,48.201
4725,48.201
4726,48.201
4727,48.201
4728,48.201
4729,48.201
4730,48.201
4731,48.201
4732,48.201
4733,48.201
4734,48.201
4735,48.201
4736,48.201
4737,48.201
4738,48.201
4739,48.201
4740,48.201
4741,48.201
4742,48.201
4743,48.201
4744,48.201
4745,48.201
4746,48.201
4747,48.201
4748,48.201
4749,48.201
4750,48.201
4751,48.201
4752,48.201
4753,48.201
4754,48.201
4755,48.201
4756,48.201
4757,48.201
4758,48.201
4759,48.201
4760,48.201
4761,48.201
4762,48.201
4763,48.201
4764,48.201
4765,48.201
4766,48.201
4767,48.201
4768,48.201
4769,47.873
4770,47.873
4771,47.873
4772,47.873
4773,47.873
4774,47.873
4775,47.873
4776,47.873
4777,47.873
4778,47.873
4779,47.873
4780,47.873
4781,47.873
4782,47.873
4783,47.873
4784,47.873
4785,47.873
4786,47.873
4787,47.873
4788,47.873
4789,47.873
4790,48.201
4791,48.201
4792,48.201
4793,48.201
4794,48.201
4795,48.201
4796,48.201
4797,48.201
4798,48.201
4799,48.201
4800,48.201
4801,48.201
4802,48.201
4803,48.201
4804,48.201
4805,48.201
4806,48.201
4807,48.201
4808,48.201
4809,48.201
4810,48.152
4811,48.152
4812,48.152
4813,48.152
4814,48.152
4815,48.152
4816,48.152
4817,48.152
4818,48.152
4819,48.152
4820,48.152
4821,48.152
4822,48.152
4823,48.152
4824,48.152
4825,48.152
4826,48.152
4827,48.152
4828,48.152
4829,48.152
4830,48.152
4831,48.152
4832,48.152
4833,48.152
4834,48.152
4835,48.152
4836,48.152
4837,48.152
4838,48.152
4839,48.152
4840,48.152
4841,48.152
4842,48.152
4843,48.152
4844,48.152
4845,48.152
4846,48.152
4847,48.152
4848,48.152
4849,48.152
4850,48.201
4851,48.201
4852,48.201
4853,48.201
4854,48.201
4855,48.201
4856,48.201
4857,48.201
4858,48.201
4859,48.201
4860,48.201
4861,48.201
4862,48.201
4863,48.201
4864,48.201
4865,48.201
4866,48.201
4867,48.201
4868,48.201
4869,48.201
4870,48.152
4871,48.152
4872,48.152
4873,48.152
4874,48.152
4875,48.152
4876,48.152
4877,48.152
4878,48.152
4879,48.152
4880,48.152
4881,48.152
4882,48.152
4883,48.152
4884,48.152
4885,48.152
4886,48.152
4887,48.152
4888,48.152
4889,48.152
4890,48.201
4891,48.201
4892,48.201
4893,48.201
4894,48.201
4895,48.201
4896,48.201
4897,48.201
4898,48.201
4899,48.201
4900,48.201
4901,48.201
4902,48.201
4903,48.201
4904,48.201
4905,48.201
4906,48.201
4907,48.201
4908,48.201
4909,48.201
4910,48.201
4911,48.201
4912,48.201
4913,48.201
4914,48.201
4915,48.201
4916,48.201
4917,48.201
4918,48.201
4919,48.201
4920,48.201
4921,48.201
4922,48.201
4923,48.201
4924,48.201
4925,48.201
4926,48.201
4927,48.201
4928,48.201
4929,48.201
4930,48.201
4931,48.201
4932,48.201
4933,48.201
4934,48.201
4935,48.201
4936,48.201
4937,48.201
4938,48.201
4939,48.201
4940,48.201
4941,48.201
4942,48.201
4943,48.201
4944,48.201
4945,48.201
4946,48.201
4947,48.201
4948,48.201
4949,48.201
4950,48.201
4951,47.873
4952,47.873
4953,47.873
4954,47.873
4955,47.873
4956,47.873
4957,47.873
4958,47.873
4959,47.873
4960,47.873
4961,47.873
4962,47.873
4963,47.873
4964,47.873
4965,47.873
4966,47.873
4967,47.873
4968,47.873
4969,47.873
4970,47.873
4971,48.152
4972,48.152
4973,48.152
4974,48.152
4975,48.152
4976,48.152
4977,48.152
4978,48.152
4979,48.152
4980,48.152
4981,48.152
4982,48.152
4983,48.152
4984,48.152
4985,48.152
4986,48.152
4987,48.152
4988,48.152
4989,48.152
4990,48.152
4991,48.152
4992,48.152
4993,48.152
4994,48.152
4995,48.152
4996,48.152
4997,48.152
4998,48.152
4999,48.152
5000,48.152
5001,48.152
5002,48.152
5003,48.152
5004,48.152
5005,48.152
5006,48.152
5007,48.152
5008,48.152
5009,48.152
5010,48.152
5011,48.152
5012,48.152
5013,48.152
5014,48.152
5015,48.152
5016,48.152
5017,48.152
5018,48.152
5019,48.152
5020,48.152
5021,48.152
5022,48.152
5023,48.152
5024,48.152
5025,48.152
5026,48.152
5027,48.152
5028,48.152
5029,48.152
5030,48.152
5031,48.152
5032,48.152
5033,48.152
5034,48.152
5035,48.152
5036,48.152
5037,48.152
5038,48.152
5039,48.152
5040,48.152
5041,48.152
5042,48.152
5043,48.152
5044,48.152
5045,48.152
5046,48.152
5047,48.152
5048,48.152
5049,48.152
5050,48.152
5051,48.152
5052,48.152
5053,48.152
5054,48.152
5055,48.152
5056,48.152
5057,48.152
5058,48.152
5059,48.152
5060,48.152
5061,48.152
5062,48.152
5063,48.152
5064,48.152
5065,48.152
5066,48.152
5067,48.152
5068,48.152
5069,48.152
5070,48.152
5071,48.152
5072,48.152
5073,48.152
5074,48.152
5075,48.152
5076,48.152
5077,48.152
5078,48.152
5079,48.152
5080,48.152
5081,48.152
5082,48.152
5083,48.152
5084,48.152
5085,48.152
5086,48.152
5087,48.152
5088,48.152
5089,48.152
5090,48.152
5091,48.152
5092,48.152
5093,48.152
5094,48.152
5095,48.152
5096,48.152
5097,48.152
5098,48.152
5099,48.152
5100,48.152
5101,48.152
5102,48.152
5103,48.152
5104,48.152
5105,48.152
5106,48.152
5107,48.152
5108,48.152
5109,48.152
5110,48.152
5111,47.873
5112,47.873
5113,47.873
5114,47.873
5115,47.873
5116,47.873
5117,47.873
5118,47.873
5119,47.873
5120,47.873
5121,47.873
5122,47.873
5123,47.873
5124,47.873
5125,47.873
5126,47.873
5127,47.873
5128,47.873
5129,47.873
5130,47.873
5131,47.873
5132,47.873
5133,47.873
5134,47.873
5135,47.873
5136,47.873
5137,47.873
5138,47.873
5139,47.873
5140,47.873
5141,47.873
5142,47.873
5143,47.873
5144,47.873
5145,47.873
5146,47.873
5147,47.873
5148,47.873
5149,47.873
5150,47.873
5151,47.873
5152,47.873
5153,47.873
5154,47.873
5155,47.873
5156,47.873
5157,47.873
5158,47.873
5159,47.873
5160,47.873
5161,47.873
5162,47.873
5163,47.873
5164,47.873
5165,47.873
5166,47.873
5167,47.873
5168,47.873
5169,47.873
5170,47.873
5171,47.873
5172,47.873
5173,47.873
5174,47.873
5175,47.873
5176,47.873
5177,47.873
5178,47.873
5179,47.873
5180,47.873
5181,47.873
5182,47.873
5183,47.873
5184,47.873
5185,47.873
5186,47.873
5187,47.873
5188,47.873
5189,47.873
5190,47.873
5191,47.873
5192,47.873
5193,47.873
5194,47.873
5195,47.873
5196,47.873
5197,47.873
5198,47.873
5199,47.873
5200,47.873
5201,47.873
5202,47.873
5203,47.873
5204,47.873
5205,47.873
5206,47.873
5207,47.873
5208,47.873
5209,47.873
5210,47.873
5211,47.873
5212,47.873
5213,47.873
5214,47.873
5215,47.873
5216,47.873
5217,47.873
5218,47.873
5219,47.873
5220,47.873
5221,47.873
5222,47.873
5223,47.873
5224,47.873
5225,47.873
5226,47.873
5227,47.873
5228,47.873
5229,47.873
5230,47.873
5231,47.873
5232,47.873
5233,47.873
5234,47.873
5235,47.873
5236,47.873
5237,47.873
5238,47.873
5239,47.873
5240,47.873
5241,47.873
5242,47.873
5243,47.873
5244,47.873
5245,47.873
5246,47.873
5247,47.873
5248,47.873
5249,47.873
5250,47.873
5251,47.873
5252,47.873
5253,47.873
5254,47.873
5255,47.873
5256,47.873
5257,47.873
5258,47.873
5259,47.873
5260,47.873
5261,47.873
5262,47.873
5263,47.873
5264,47.873
5265,47.873
5266,47.873
5267,47.873
5268,47.873
5269,47.873
5270,47.873
5271,47.873
5272,47.873
5273,47.873
5274,47.873
5275,47.873
5276,47.873
5277,47.873
5278,47.873
5279,47.873
5280,47.873
5281,47.873
5282,47.873
5283,47.873
5284,47.873
5285,47.873
5286,47.873
5287,47.873
5288,47.873
5289,47.873
5290,47.873
5291,47.873
5292,48.201
5293,48.201
5294,48.201
5295,48.201
5296,48.201
5297,48.201
5298,48.201
5299,48.201
5300,48.201
5301,48.201
5302,48.201
5303,48.201
5304,48.201
5305,48.201
5306,48.201
5307,48.201
5308,48.201
5309,48.201
5310,48.201
5311,48.201
5312,47.873
5313,47.873
5314,47.873
5315,47.873
5316,47.873
5317,47.873
5318,47.873
5319,47.873
5320,47.873
5321,47.873
5322,47.873
5323,47.873
5324,47.873
5325,47.873
5326,47.873
5327,47.873
5328,47.873
5329,47.873
5330,47.873
5331,47.873
5332,47.873
5333,47.873
5334,47.873
5335,47.873
5336,47.873
5337,47.873
5338,47.873
5339,47.873
5340,47.873
5341,47.873
5342,47.873
5343,47.873
5344,47.873
5345,47.873
5346,47.873
5347,47.873
5348,47.873
5349,47.873
5350,47.873
5351,47.873
5352,47.873
5353,47.873
5354,47.873
5355,47.873
5356,47.873
5357,47.873
5358,47.873
5359,47.873
5360,47.873
5361,47.873
5362,47.873
5363,47.873
5364,47.873
5365,47.873
5366,47.873
5367,47.873
5368,47.873
5369,47.873
5370,47.873
5371,47.873
5372,47.873
5373,47.873
5374,47.873
5375,47.873
5376,47.873
5377,47.873
5378,47.873
5379,47.873
5380,47.873
5381,47.873
5382,47.873
5383,47.873
5384,47.873
5385,47.873
5386,47.873
5387,47.873
5388,47.873
5389,47.873
5390,47.873
5391,47.873
5392,47.873
5393,47.873
5394,47.873
5395,47.873
5396,47.873
5397,47.873
5398,47.873
5399,47.873
5400,47.873
5401,47.873
5402,47.873
5403,47.873
5404,47.873
5405,47.873
5406,47.873
5407,47.873
5408,47.873
5409,47.873
5410,47.873
5411,47.873
5412,47.873
5413,47.873
5414,47.873
5415,47.873
5416,47.873
5417,47.873
5418,47.873
5419,47.873
5420,47.873
5421,47.873
5422,47.873
5423,47.873
5424,47.873
5425,47.873
5426,47.873
5427,47.873
5428,47.873
5429,47.873
5430,47.873
5431,47.873
5432,47.873
5433,47.873
5434,47.873
5435,47.873
5436,47.873
5437,47.873
5438,47.873
5439,47.873
5440,47.873
5441,47.873
5442,47.873
5443,47.873
5444,47.873
5445,47.873
5446,47.873
5447,47.873
5448,47.873
5449,47.873
5450,47.873
5451,47.873
5452,47.873
5453,47.873
5454,47.873
5455,47.873
5456,47.873
5457,47.873
5458,47.873
5459,47.873
5460,47.873
5461,47.873
5462,47.873
5463,47.873
5464,47.873
5465,47.873
5466,47.873
5467,47.873
5468,47.873
5469,47.873
5470,47.873
5471,47.873
5472,47.873
5473,47.873
5474,47.873
5475,47.873
5476,47.873
5477,47.873
5478,47.873
5479,47.873
5480,47.873
5481,47.873
5482,47.873
5483,47.873
5484,47.873
5485,47.873
5486,47.873
5487,47.873
5488,47.873
5489,47.873
5490,47.873
5491,47.873
5492,47.873
5493,47.873
5494,47.873
5495,47.873
5496,47.873
5497,47.873
5498,47.873
5499,47.873
5500,47.873
5501,47.873
5502,47.873
5503,47.873
5504,47.873
5505,47.873
5506,47.873
5507,47.873
5508,47.873
5509,47.873
5510,47.873
5511,47.873
5512,47.873
5513,47.873
5514,47.873
5515,47.873
5516,47.873
5517,47.873
5518,47.873
5519,47.873
5520,47.873
5521,47.873
5522,47.873
5523,47.873
5524,47.873
5525,47.873
5526,47.873
5527,47.873
5528,47.873
5529,47.873
5530,47.873
5531,47.873
5532,47.873
5533,47.873
5534,47.873
5535,47.873
5536,47.873
5537,47.873
5538,47.873
5539,47.873
5540,47.873
5541,47.873
5542,47.873
5543,47.873
5544,47.873
5545,47.873
5546,47.873
5547,47.873
5548,47.873
5549,47.873
5550,47.873
5551,47.873
5552,47.873
5553,47.873
5554,47.873
5555,47.873
5556,47.873
5557,47.873
5558,47.873
5559,47.873
5560,47.873
5561,47.873
5562,47.873
5563,47.873
5564,47.873
5565,47.873
5566,47.873
5567,47.873
5568,47.873
5569,47.873
5570,47.873
5571,47.873
5572,47.873
5573,47.873
5574,47.873
5575,47.873
5576,47.873
5577,47.873
5578,47.873
5579,47.873
5580,47.873
5581,47.873
5582,47.873
5583,47.873
5584,47.873
5585,47.873
5586,47.873
5587,47.873
5588,47.873
5589,47.873
5590,47.873
5591,47.873
5592,47.873
5593,47.873
5594,47.873
5595,47.873
5596,47.873
5597,47.873
5598,47.873
5599,47.873
5600,47.873
5601,47.873
5602,47.873
5603,47.873
5604,47.873
5605,47.873
5606,47.873
5607,47.873
5608,47.873
5609,47.873
5610,47.873
5611,47.873
5612,47.873
5613,47.873
5614,47.873
5615,47.873
5616,47.873
5617,47.873
5618,47.873
5619,47.873
5620,47.873
5621,47.873
5622,47.873
5623,47.873
5624,47.873
5625,47.873
5626,47.873
5627,47.873
5628,47.873
5629,47.873
5630,47.873
5631,47.873
5632,47.873
5633,47.873
5634,47.873
5635,47.873
5636,47.873
5637,47.873
5638,47.873
5639,47.873
5640,47.873
5641,47.873
5642,47.873
5643,47.873
5644,47.873
5645,47.873
5646,47.873
5647,47.873
5648,47.873
5649,47.873
5650,47.873
5651,47.873
5652,47.873
5653,47.873
5654,47.873
5655,47.873
5656,47.873
5657,47.873
5658,47.873
5659,47.873
5660,47.873
5661,47.873
5662,47.873
5663,47.873
5664,47.873
5665,47.873
5666,47.873
5667,47.873
5668,47.873
5669,47.873
5670,47.873
5671,47.873
5672,47.873
5673,47.873
5674,47.873
5675,47.873
5676,47.873
5677,47.873
5678,47.873
5679,47.873
5680,47.873
5681,47.873
5682,47.873
5683,47.873
5684,47.873
5685,47.873
5686,47.873
5687,47.873
5688,47.873
5689,47.873
5690,47.873
5691,47.873
5692,47.873
5693,47.873
5694,47.873
5695,47.873
5696,47.873
5697,47.873
5698,47.873
5699,47.873
5700,47.873
5701,47.873
5702,47.873
5703,47.873
5704,47.873
5705,47.873
5706,47.873
5707,47.873
5708,47.873
5709,47.873
5710,47.873
5711,47.873
5712,47.873
5713,47.873
5714,47.873
5715,47.873
5716,47.873
5717,47.873
5718,47.873
5719,47.873
5720,47.873
5721,47.873
5722,47.873
5723,47.873
5724,47.873
5725,47.873
5726,47.873
5727,47.873
5728,47.873
5729,47.873
5730,47.873
5731,47.873
5732,47.873
5733,47.873
5734,47.873
5735,47.873
5736,47.873
5737,47.873
5738,47.873
5739,47.873
5740,47.873
5741,47.873
5742,47.873
5743,47.873
5744,47.873
5745,47.873
5746,47.873
5747,47.873
5748,47.873
5749,47.873
5750,47.873
5751,47.873
5752,47.873
5753,47.873
5754,47.873
5755,47.873
5756,47.873
5757,47.873
5758,47.873
5759,47.873
5760,47.873
5761,47.873
5762,47.873
5763,47.873
5764,47.873
5765,47.873
5766,47.873
5767,47.873
5768,47.873
5769,47.873
5770,47.873
5771,47.873
5772,47.873
5773,47.873
5774,47.873
5775,47.873
5776,47.873
5777,47.873
5778,47.873
5779,47.873
5780,47.873
5781,47.873
5782,47.873
5783,47.873
5784,47.873
5785,47.873
5786,47.873
5787,47.873
5788,47.873
5789,47.873
5790,47.873
5791,47.873
5792,47.873
5793,47.873
5794,47.873
5795,47.873
5796,47.873
5797,47.873
5798,47.873
5799,47.873
5800,47.873
5801,47.873
5802,47.873
5803,47.873
5804,47.873
5805,47.873
5806,47.873
5807,47.873
5808,47.873
5809,47.873
5810,47.873
5811,47.873
5812,47.873
5813,47.873
5814,47.873
5815,47.873
5816,47.873
5817,47.873
5818,47.873
5819,47.873
5820,47.873
5821,47.873
5822,47.873
5823,47.873
5824,47.873
5825,47.873
5826,47.873
5827,47.873
5828,47.873
5829,47.873
5830,47.873
5831,47.873
5832,47.873
5833,47.873
5834,47.873
5835,47.873
5836,47.873
5837,47.873
5838,47.873
5839,47.873
5840,47.873
5841,47.873
5842,47.873
5843,47.873
5844,47.873
5845,47.873
5846,47.873
5847,47.873
5848,47.873
5849,47.873
5850,47.873
5851,47.873
5852,47.873
5853,47.873
5854,47.873
5855,47.873
5856,47.873
5857,47.873
5858,47.873
5859,47.873
5860,47.873
5861,47.873
5862,47.873
5863,47.873
5864,47.873
5865,47.873
5866,47.873
5867,47.873
5868,47.873
5869,47.873
5870,47.873
5871,47.873
5872,47.873
5873,47.873
5874,47.873
5875,47.873
5876,47.873
5877,47.873
5878,47.873
5879,47.873
5880,47.873
5881,47.873
5882,47.873
5883,47.873
5884,47.873
5885,47.873
5886,47.873
5887,47.873
5888,47.873
5889,47.873
5890,47.873
5891,47.873
5892,47.873
5893,47.873
5894,47.873
5895,47.873
5896,47.873
5897,47.873
5898,47.873
5899,47.873
5900,47.873
5901,47.873
5902,47.873
5903,47.873
5904,47.873
5905,47.873
5906,47.873
5907,47.873
5908,47.873
5909,47.873
5910,47.873
5911,47.873
5912,47.873
5913,47.873
5914,47.873
5915,47.873
5916,47.873
5917,47.873
5918,47.873
5919,47.873
5920,47.873
5921,47.873
5922,47.873
5923,47.873
5924,47.873
5925,47.873
5926,47.873
5927,47.873
5928,47.873
5929,47.873
5930,47.873
5931,47.873
5932,47.873
5933,47.873
5934,47.873
5935,47.873
5936,47.873
5937,47.873
5938,47.873
5939,47.873
5940,47.873
5941,47.873
5942,47.873
5943,47.873
5944,47.873
5945,47.873
5946,47.873
5947,47.873
5948,47.873
5949,47.873
5950,47.873
5951,47.873
5952,47.873
5953,47.873
5954,47.873
5955,47.873
5956,47.873
5957,47.873
5958,47.873
5959,47.873
5960,47.873
5961,47.873
5962,47.873
5963,47.873
5964,47.873
5965,47.873
5966,47.873
5967,47.873
5968,47.873
5969,47.873
5970,47.873
5971,47.873
5972,47.873
5973,47.873
5974,47.873
5975,47.873
5976,47.873
5977,47.873
5978,47.873
5979,47.873
5980,47.873
5981,47.873
5982,47.873
5983,47.873
5984,47.873
5985,47.873
5986,47.873
5987,47.873
5988,47.873
5989,47.873
5990,47.873
5991,47.873
5992,47.873
5993,47.873
5994,47.873
5995,47.873
5996,47.873
5997,47.873
5998,47.873
5999,47.873
6000,47.873
6001,47.873
6002,47.873
6003,47.873
6004,47.873
6005,47.873
6006,47.873
6007,47.873
6008,47.873
6009,47.873
6010,47.873
6011,47.873
6012,47.873
6013,47.873
6014,47.873
6015,47.873
6016,47.873
6017,47.873
6018,47.873
6019,47.873
6020,47.873
6021,47.873
6022,47.873
6023,47.873
6024,47.873
6025,47.873
6026,47.873
6027,47.873
6028,47.873
6029,47.873
6030,47.873
6031,47.873
6032,47.873
6033,47.873
6034,47.873
6035,47.873
6036,47.873
6037,47.873
6038,47.873
6039,47.873
6040,47.873
6041,47.873
6042,47.873
6043,47.873
6044,47.873
6045,47.873
6046,47.873
6047,47.873
6048,47.873
6049,47.873
6050,47.873
6051,47.873
6052,47.873
6053,47.873
6054,47.873
6055,47.873
6056,47.824
6057,47.824
6058,47.824
6059,47.824
6060,47.824
6061,47.824
6062,47.824
6063,47.824
6064,47.824
6065,47.824
6066,47.824
6067,47.824
6068,47.824
6069,47.824
6070,47.824
6071,47.824
6072,47.824
6073,47.824
6074,47.824
6075,47.824
6076,47.824
6077,47.824
6078,47.824
6079,47.824
6080,47.824
6081,47.824
6082,47.824
6083,47.824
6084,47.824
6085,47.824
6086,47.824
6087,47.824
6088,47.824
6089,47.824
6090,47.824
6091,47.824
6092,47.824
6093,47.824
6094,47.824
6095,47.824
6096,47.824
6097,47.824
6098,47.824
6099,47.824
6100,47.824
6101,47.824
6102,47.824
6103,47.824
6104,47.824
6105,47.824
6106,47.824
6107,47.824
6108,47.824
6109,47.824
6110,47.824
6111,47.824
6112,47.824
6113,47.824
6114,47.824
6115,47.824
6116,47.824
6117,47.824
6118,47.824
6119,47.824
6120,47.824
6121,47.824
6122,47.824
6123,47.824
6124,47.824
6125,47.824
6126,47.824
6127,47.824
6128,47.824
6129,47.824
6130,47.824
6131,47.824
6132,47.824
6133,47.824
6134,47.824
6135,47.824
6136,47.824
6137,47.824
6138,47.824
6139,47.824
6140,47.824
6141,47.824
6142,47.824
6143,47.824
6144,47.824
6145,47.824
6146,47.824
6147,47.824
6148,47.824
6149,47.824
6150,47.824
6151,47.824
6152,47.824
6153,47.824
6154,47.824
6155,47.824
6156,47.824
6157,47.824
6158,47.824
6159,47.824
6160,47.824
6161,47.824
6162,47.824
6163,47.824
6164,47.824
6165,47.824
6166,47.824
6167,47.824
6168,47.824
6169,47.824
6170,47.824
6171,47.824
6172,47.824
6173,47.824
6174,47.824
6175,47.824
6176,47.824
6177,47.824
6178,47.824
6179,47.824
6180,47.824
6181,47.824
6182,47.824
6183,47.824
6184,47.824
6185,47.824
6186,47.824
6187,47.824
6188,47.824
6189,47.824
6190,47.824
6191,47.824
6192,47.824
6193,47.824
6194,47.824
6195,47.824
6196,47.824
6197,47.824
6198,47.824
6199,47.824
6200,47.824
6201,47.824
6202,47.824
6203,47.824
6204,47.824
6205,47.824
6206,47.824
6207,47.824
6208,47.824
6209,47.824
6210,47.824
6211,47.824
6212,47.824
6213,47.824
6214,47.824
6215,47.824
6216,47.824
6217,47.824
6218,47.824
6219,47.824
6220,47.824
6221,47.824
6222,47.824
6223,47.824
6224,47.824
6225,47.824
6226,47.824
6227,47.824
6228,47.824
6229,47.824
6230,47.824
6231,47.824
6232,47.824
6233,47.824
6234,47.824
6235,47.824
6236,47.824
6237,47.873
6238,47.873
6239,47.873
6240,47.873
6241,47.873
6242,47.873
6243,47.873
6244,47.873
6245,47.873
6246,47.873
6247,47.873
6248,47.873
6249,47.873
6250,47.873
6251,47.873
6252,47.873
6253,47.873
6254,47.873
6255,47.873
6256,47.873
6257,47.873
6258,47.873
6259,47.873
6260,47.873
6261,47.873
6262,47.873
6263,47.873
6264,47.873
6265,47.873
6266,47.873
6267,47.873
6268,47.873
6269,47.873
6270,47.873
6271,47.873
6272,47.873
6273,47.873
6274,47.873
6275,47.873
6276,47.873
6277,47.873
6278,47.873
6279,47.873
6280,47.873
6281,47.873
6282,47.873
6283,47.873
6284,47.873
6285,47.873
6286,47.873
6287,47.873
6288,47.873
6289,47.873
6290,47.873
6291,47.873
6292,47.873
6293,47.873
6294,47.873
6295,47.873
6296,47.873
6297,47.873
6298,47.873
6299,47.873
6300,47.873
6301,47.873
6302,47.873
6303,47.873
6304,47.873
6305,47.873
6306,47.873
6307,47.873
6308,47.873
6309,47.873
6310,47.873
6311,47.873
6312,47.873
6313,47.873
6314,47.873
6315,47.873
6316,47.873
6317,47.873
6318,47.873
6319,47.873
6320,47.873
6321,47.873
6322,47.873
6323,47.873
6324,47.873
6325,47.873
6326,47.873
6327,47.873
6328,47.873
6329,47.873
6330,47.873
6331,47.873
6332,47.873
6333,47.873
6334,47.873
6335,47.873
6336,47.873
6337,47.873
6338,47.873
6339,47.873
6340,47.873
6341,47.873
6342,47.873
6343,47.873
6344,47.873
6345,47.873
6346,47.873
6347,47.873
6348,47.873
6349,47.873
6350,47.873
6351,47.873
6352,47.873
6353,47.873
6354,47.873
6355,47.873
6356,47.873
6357,47.873
6358,47.873
6359,47.873
6360,47.873
6361,47.873
6362,47.873
6363,47.873
6364,47.873
6365,47.873
6366,47.873
6367,47.873
6368,47.873
6369,47.873
6370,47.873
6371,47.873
6372,47.873
6373,47.873
6374,47.873
6375,47.873
6376,47.873
6377,47.873
6378,47.873
6379,47.873
6380,47.873
6381,47.873
6382,47.873
6383,47.873
6384,47.873
6385,47.873
6386,47.873
6387,47.873
6388,47.873
6389,47.873
6390,47.873
6391,47.873
6392,47.873
6393,47.873
6394,47.873
6395,47.873
6396,47.873
6397,47.873
6398,47.873
6399,47.873
6400,47.873
6401,47.873
6402,47.873
6403,47.873
6404,47.873
6405,47.873
6406,47.873
6407,47.873
6408,47.873
6409,47.873
6410,47.873
6411,47.873
6412,47.873
6413,47.873
6414,47.873
6415,47.873
6416,47.873
6417,47.873
6418,47.873
6419,47.873
6420,47.873
6421,47.873
6422,47.873
6423,47.873
6424,47.873
6425,47.873
6426,47.873
6427,47.873
6428,47.873
6429,47.873
6430,47.873
6431,47.873
6432,47.873
6433,47.873
6434,47.873
6435,47.873
6436,47.873
6437,47.873
6438,47.873
6439,47.873
6440,47.873
6441,47.873
6442,47.873
6443,47.873
6444,47.873
6445,47.873
6446,47.873
6447,47.873
6448,47.873
6449,47.873
6450,47.873
6451,47.873
6452,47.873
6453,47.873
6454,47.873
6455,47.873
6456,47.873
6457,47.873
6458,47.873
6459,47.873
6460,47.873
6461,47.873
6462,47.873
6463,47.873
6464,47.873
6465,47.873
6466,47.873
6467,47.873
6468,47.873
6469,47.873
6470,47.873
6471,47.873
6472,47.873
6473,47.873
6474,47.873
6475,47.873
6476,47.873
6477,47.873
6478,47.873
6479,47.873
6480,47.873
6481,47.873
6482,47.873
6483,47.873
6484,47.873
6485,47.873
6486,47.873
6487,47.873
6488,47.873
6489,47.873
6490,47.873
6491,47.873
6492,47.873
6493,47.873
6494,47.873
6495,47.873
6496,47.873
6497,47.873
6498,47.873
6499,47.873
6500,47.873
6501,47.873
6502,47.873
6503,47.873
6504,47.873
6505,47.873
6506,47.873
6507,47.873
6508,47.873
6509,47.873
6510,47.873
6511,47.873
6512,47.873
6513,47.873
6514,47.873
6515,47.873
6516,47.873
6517,47.873
6518,47.873
6519,47.873
6520,47.873
6521,47.873
6522,47.873
6523,47.873
6524,47.873
6525,47.873
6526,47.873
6527,47.873
6528,47.873
6529,47.873
6530,47.873
6531,47.873
6532,47.873
6533,47.873
6534,47.873
6535,47.873
6536,47.873
6537,47.873
6538,47.873
6539,47.873
6540,47.873
6541,47.873
6542,47.873
6543,47.873
6544,47.873
6545,47.873
6546,47.873
6547,47.873
6548,47.873
6549,47.873
6550,47.873
6551,47.873
6552,47.873
6553,47.873
6554,47.873
6555,47.873
6556,47.873
6557,47.873
6558,47.873
6559,47.873
6560,47.873
6561,47.873
6562,47.873
6563,47.873
6564,47.873
6565,47.873
6566,47.873
6567,47.873
6568,47.873
6569,47.873
6570,47.873
6571,47.873
6572,47.873
6573,47.873
6574,47.873
6575,47.873
6576,47.873
6577,47.873
6578,47.873
6579,48.475
6580,48.475
6581,48.475
6582,48.475
6583,48.475
6584,48.475
6585,48.475
6586,48.475
6587,48.475
6588,48.475
6589,48.475
6590,48.475
6591,48.475
6592,48.475
6593,48.475
6594,48.475
6595,48.475
6596,48.475
6597,48.475
6598,48.475
6599,48.201
6600,48.201
6601,48.201
6602,48.201
6603,48.201
6604,48.201
6605,48.201
6606,48.201
6607,48.201
6608,48.201
6609,48.201
6610,48.201
6611,48.201
6612,48.201
6613,48.201
6614,48.201
6615,48.201
6616,48.201
6617,48.201
6618,48.201
6619,48.475
6620,48.475
6621,48.475
6622,48.475
6623,48.475
6624,48.475
6625,48.475
6626,48.475
6627,48.475
6628,48.475
6629,48.475
6630,48.475
6631,48.475
6632,48.475
6633,48.475
6634,48.475
6635,48.475
6636,48.475
6637,48.475
6638,48.475
6639,48.201
6640,48.201
6641,48.201
6642,48.201
6643,48.201
6644,48.201
6645,48.201
6646,48.201
6647,48.201
6648,48.201
6649,48.201
6650,48.201
6651,48.201
6652,48.201
6653,48.201
6654,48.201
6655,48.201
6656,48.201
6657,48.201
6658,48.201
6659,48.201
6660,51.445
6661,51.445
6662,51.445
6663,51.445
6664,51.445
6665,51.445
6666,51.445
6667,51.445
6668,51.445
6669,51.445
6670,51.445
6671,51.445
6672,51.445
6673,51.445
6674,51.445
6675,51.445
6676,51.445
6677,51.445
6678,51.445
6679,53.813
6680,53.813
6681,53.813
6682,53.813
6683,53.813
6684,53.813
6685,53.813
6686,53.813
6687,53.813
6688,53.813
6689,53.813
6690,53.813
6691,53.813
6692,53.813
6693,53.813
6694,53.813
6695,53.813
6696,53.813
6697,53.813
6698,53.813
6699,56.783
6700,56.783
6701,56.783
6702,56.783
6703,56.783
6704,56.783
6705,56.783
6706,56.783
6707,56.783
6708,56.783
6709,56.783
6710,56.783
6711,56.783
6712,56.783
6713,56.783
6714,56.783
6715,56.783
6716,56.783
6717,56.783
6718,56.783
6719,57.338
6720,57.338
6721,57.338
6722,57.338
6723,57.338
6724,57.338
6725,57.338
6726,57.338
6727,57.338
6728,57.338
6729,57.338
6730,57.338
6731,57.338
6732,57.338
6733,57.338
6734,57.338
6735,57.338
6736,57.338
6737,57.338
6738,57.338
6739,57.065
6740,57.065
6741,57.065
6742,57.065
6743,57.065
6744,57.065
6745,57.065
6746,57.065
6747,57.065
6748,57.065
6749,57.065
6750,57.065
6751,57.065
6752,57.065
6753,57.065
6754,57.065
6755,57.065
6756,57.065
6757,57.065
6758,57.065
6759,57.065
6760,57.065
6761,55.298
6762,55.298
6763,55.298
6764,55.298
6765,55.298
6766,55.298
6767,55.298
6768,55.298
6769,55.298
6770,55.298
6771,55.298
6772,55.298
6773,55.298
6774,55.298
6775,55.298
6776,55.298
6777,55.298
6778,55.298
6779,55.298
6780,54.087
6781,54.087
6782,54.087
6783,54.087
6784,54.087
6785,54.087
6786,54.087
6787,54.087
6788,54.087
6789,54.087
6790,54.087
6791,54.087
6792,54.087
6793,54.087
6794,54.087
6795,54.087
6796,54.087
6797,54.087
6798,54.087
6799,54.087
6800,54.423
6801,54.423
6802,54.423
6803,54.423
6804,54.423
6805,54.423
6806,54.423
6807,54.423
6808,54.423
6809,54.423
6810,54.423
6811,54.423
6812,54.423
6813,54.423
6814,54.423
6815,54.423
6816,54.423
6817,54.423
6818,54.423
6819,54.423
6820,54.087
6821,54.087
6822,54.087
6823,54.087
6824,54.087
6825,54.087
6826,54.087
6827,54.087
6828,54.087
6829,54.087
6830,54.087
6831,54.087
6832,54.087
6833,54.087
6834,54.087
6835,54.087
6836,54.087
6837,54.087
6838,54.087
6839,54.087
6840,53.43
6841,53.43
6842,53.43
6843,53.43
6844,53.43
6845,53.43
6846,53.43
6847,53.43
6848,53.43
6849,53.43
6850,53.43
6851,53.43
6852,53.43
6853,53.43
6854,53.43
6855,53.43
6856,53.43
6857,53.43
6858,53.43
6859,53.43
6860,53.485
6861,53.485
6862,53.485
6863,53.485
6864,53.485
6865,53.485
6866,53.485
6867,53.485
6868,53.485
6869,53.485
6870,53.485
6871,53.485
6872,53.485
6873,53.485
6874,53.485
6875,53.485
6876,53.485
6877,53.485
6878,53.485
6879,53.485
6880,53.485
6881,53.485
6882,53.485
6883,53.485
6884,53.485
6885,53.485
6886,53.485
6887,53.485
6888,53.485
6889,53.485
6890,53.485
6891,53.485
6892,53.485
6893,53.485
6894,53.485
6895,53.485
6896,53.485
6897,53.485
6898,53.485
6899,53.485
6900,53.813
6901,53.813
6902,53.813
6903,53.813
6904,53.813
6905,53.813
6906,53.813
6907,53.813
6908,53.813
6909,53.813
6910,53.813
6911,53.813
6912,53.813
6913,53.813
6914,53.813
6915,53.813
6916,53.813
6917,53.813
6918,53.813
6919,53.813
6920,53.813
6921,53.485
6922,53.485
6923,53.485
6924,53.485
6925,53.485
6926,53.485
6927,53.485
6928,53.485
6929,53.485
6930,53.485
6931,53.485
6932,53.485
6933,53.485
6934,53.485
6935,53.485
6936,53.485
6937,53.485
6938,53.485
6939,53.485
6940,53.485
6941,53.485
6942,53.485
6943,53.485
6944,53.485
6945,53.485
6946,53.485
6947,53.485
6948,53.485
6949,53.485
6950,53.485
6951,53.485
6952,53.485
6953,53.485
6954,53.485
6955,53.485
6956,53.485
6957,53.485
6958,53.485
6959,53.485
6960,53.485
6961,54.087
6962,54.087
6963,54.087
6964,54.087
6965,54.087
6966,54.087
6967,54.087
6968,54.087
6969,54.087
6970,54.087
6971,54.087
6972,54.087
6973,54.087
6974,54.087
6975,54.087
6976,54.087
6977,54.087
6978,54.087
6979,54.087
6980,54.087
6981,53.485
6982,53.485
6983,53.485
6984,53.485
6985,53.485
6986,53.485
6987,53.485
6988,53.485
6989,53.485
6990,53.485
6991,53.485
6992,53.485
6993,53.485
6994,53.485
6995,53.485
6996,53.485
6997,53.485
6998,53.485
6999,53.485
7000,53.485
7001,53.813
7002,53.813
7003,53.813
7004,53.813
7005,53.813
7006,53.813
7007,53.813
7008,53.813
7009,53.813
7010,53.813
7011,53.813
7012,53.813
7013,53.813
7014,53.813
7015,53.813
7016,53.813
7017,53.813
7018,53.813
7019,53.813
7020,53.813
7021,53.485
7022,53.485
7023,53.485
7024,53.485
7025,53.485
7026,53.485
7027,53.485
7028,53.485
7029,53.485
7030,53.485
7031,53.485
7032,53.485
7033,53.485
7034,53.485
7035,53.485
7036,53.485
7037,53.485
7038,53.485
7039,53.485
7040,53.485
7041,53.43
7042,53.43
7043,53.43
7044,53.43
7045,53.43
7046,53.43
7047,53.43
7048,53.43
7049,53.43
7050,53.43
7051,53.43
7052,53.43
7053,53.43
7054,53.43
7055,53.43
7056,53.43
7057,53.43
7058,53.43
7059,53.43
7060,53.43
7061,54.367
7062,54.367
7063,54.367
7064,54.367
7065,54.367
7066,54.367
7067,54.367
7068,54.367
7069,54.367
7070,54.367
7071,54.367
7072,54.367
7073,54.367
7074,54.367
7075,54.367
7076,54.367
7077,54.367
7078,54.367
7079,54.367
7080,54.367
7081,53.758
7082,53.758
7083,53.758
7084,53.758
7085,53.758
7086,53.758
7087,53.758
7088,53.758
7089,53.758
7090,53.758
7091,53.758
7092,53.758
7093,53.758
7094,53.758
7095,53.758
7096,53.758
7097,53.758
7098,53.758
7099,53.758
7100,53.758
7101,54.367
7102,54.367
7103,54.367
7104,54.367
7105,54.367
7106,54.367
7107,54.367
7108,54.367
7109,54.367
7110,54.367
7111,54.367
7112,54.367
7113,54.367
7114,54.367
7115,54.367
7116,54.367
7117,54.367
7118,54.367
7119,54.367
7120,54.367
7121,54.367
7122,53.758
7123,53.758
7124,53.758
7125,53.758
7126,53.758
7127,53.758
7128,53.758
7129,53.758
7130,53.758
7131,53.758
7132,53.758
7133,53.758
7134,53.758
7135,53.758
7136,53.758
7137,53.758
7138,53.758
7139,53.758
7140,53.758
7141,53.758
7142,54.423
7143,54.423
7144,54.423
7145,54.423
7146,54.423
7147,54.423
7148,54.423
7149,54.423
7150,54.423
7151,54.423
7152,54.423
7153,54.423
7154,54.423
7155,54.423
7156,54.423
7157,54.423
7158,54.423
7159,54.423
7160,54.423
7161,54.423
7162,53.813
7163,53.813
7164,53.813
7165,53.813
7166,53.813
7167,53.813
7168,53.813
7169,53.813
7170,53.813
7171,53.813
7172,53.813
7173,53.813
7174,53.813
7175,53.813
7176,53.813
7177,53.813
7178,53.813
7179,53.813
7180,53.813
7181,53.813
7182,53.43
7183,53.43
7184,53.43
7185,53.43
7186,53.43
7187,53.43
7188,53.43
7189,53.43
7190,53.43
7191,53.43
7192,53.43
7193,53.43
7194,53.43
7195,53.43
7196,53.43
7197,53.43
7198,53.43
7199,53.43
7200,53.43
7201,53.43
7202,53.758
7203,53.758
7204,53.758
7205,53.758
7206,53.758
7207,53.758
7208,53.758
7209,53.758
7210,53.758
7211,53.758
7212,53.758
7213,53.758
7214,53.758
7215,53.758
7216,53.758
7217,53.758
7218,53.758
7219,53.758
7220,53.758
7221,53.758
7222,54.64
7223,54.64
7224,54.64
7225,54.64
7226,54.64
7227,54.64
7228,54.64
7229,54.64
7230,54.64
7231,54.64
7232,54.64
7233,54.64
7234,54.64
7235,54.64
7236,54.64
7237,54.64
7238,54.64
7239,54.64
7240,54.64
7241,54.64
7242,53.758
7243,53.758
7244,53.758
7245,53.758
7246,53.758
7247,53.758
7248,53.758
7249,53.758
7250,53.758
7251,53.758
7252,53.758
7253,53.758
7254,53.758
7255,53.758
7256,53.758
7257,53.758
7258,53.758
7259,53.758
7260,53.758
7261,53.758
7262,53.758
7263,53.758
7264,53.758
7265,53.758
7266,53.758
7267,53.758
7268,53.758
7269,53.758
7270,53.758
7271,53.758
7272,53.758
7273,53.758
7274,53.758
7275,53.758
7276,53.758
7277,53.758
7278,53.758
7279,53.758
7280,53.758
7281,53.758
7282,56.397
7283,56.397
7284,56.397
7285,56.397
7286,56.397
7287,56.397
7288,56.397
7289,56.397
7290,56.397
7291,56.397
7292,56.397
7293,56.397
7294,56.397
7295,56.397
7296,56.397
7297,56.397
7298,56.397
7299,56.397
7300,56.397
7301,56.397
7302,57.279
7303,57.279
7304,57.279
7305,57.279
7306,57.279
7307,57.279
7308,57.279
7309,57.279
7310,57.279
7311,57.279
7312,57.279
7313,57.279
7314,57.279
7315,57.279
7316,57.279
7317,57.279
7318,57.279
7319,57.279
7320,57.279
7321,57.279
7322,57.279
7323,70.912
7324,70.912
7325,70.912
7326,70.912
7327,70.912
7328,70.912
7329,70.912
7330,70.912
7331,70.912
7332,70.912
7333,70.912
7334,70.912
7335,70.912
7336,70.912
7337,70.912
7338,70.912
7339,70.912
7340,70.912
7341,70.912
7342,70.912
7343,82.999
7344,82.999
7345,82.999
7346,82.999
7347,82.999
7348,82.999
7349,82.999
7350,82.999
7351,82.999
7352,82.999
7353,82.999
7354,82.999
7355,82.999
7356,82.999
7357,82.999
7358,82.999
7359,82.999
7360,82.999
7361,82.999
7362,82.999
7363,84.155
7364,84.155
7365,84.155
7366,84.155
7367,84.155
7368,84.155
7369,84.155
7370,84.155
7371,84.155
7372,84.155
7373,84.155
7374,84.155
7375,84.155
7376,84.155
7377,84.155
7378,84.155
7379,84.155
7380,84.155
7381,84.155
7382,84.155
7383,85.638
7384,85.638
7385,85.638
7386,85.638
7387,85.638
7388,85.638
7389,85.638
7390,85.638
7391,85.638
7392,85.638
7393,85.638
7394,85.638
7395,85.638
7396,85.638
7397,85.638
7398,85.638
7399,85.638
7400,85.638
7401,85.638
7402,85.638
7403,85.638
7404,85.974
7405,85.974
7406,85.974
7407,85.974
7408,85.974
7409,85.974
7410,85.974
7411,85.974
7412,85.974
7413,85.974
7414,85.974
7415,85.974
7416,85.974
7417,85.974
7418,85.974
7419,85.974
7420,85.974
7421,85.974
7422,85.974
7423,85.974
7424,85.638
7425,85.638
7426,85.638
7427,85.638
7428,85.638
7429,85.638
7430,85.638
7431,85.638
7432,85.638
7433,85.638
7434,85.638
7435,85.638
7436,85.638
7437,85.638
7438,85.638
7439,85.638
7440,85.638
7441,85.638
7442,85.638
7443,85.638
7444,86.247
7445,86.247
7446,86.247
7447,86.247
7448,86.247
7449,86.247
7450,86.247
7451,86.247
7452,86.247
7453,86.247
7454,86.247
7455,86.247
7456,86.247
7457,86.247
7458,86.247
7459,86.247
7460,86.247
7461,86.247
7462,86.247
7463,86.247
7464,84.764
7465,84.764
7466,84.764
7467,84.764
7468,84.764
7469,84.764
7470,84.764
7471,84.764
7472,84.764
7473,84.764
7474,84.764
7475,84.764
7476,84.764
7477,84.764
7478,84.764
7479,84.764
7480,84.764
7481,84.764
7482,84.764
7483,84.764
7484,86.247
7485,86.247
7486,86.247
7487,86.247
7488,86.247
7489,86.247
7490,86.247
7491,86.247
7492,86.247
7493,86.247
7494,86.247
7495,86.247
7496,86.247
7497,86.247
7498,86.247
7499,86.247
7500,86.247
7501,86.247
7502,86.247
7503,86.247
7504,86.247
7505,86.247
7506,86.247
7507,86.247
7508,86.247
7509,86.247
7510,86.247
7511,86.247
7512,86.247
7513,86.247
7514,86.247
7515,86.247
7516,86.247
7517,86.247
7518,86.247
7519,86.247
7520,86.247
7521,86.247
7522,86.247
7523,86.247
7524,85.638
7525,85.638
7526,85.638
7527,85.638
7528,85.638
7529,85.638
7530,85.638
7531,85.638
7532,85.638
7533,85.638
7534,85.638
7535,85.638
7536,85.638
7537,85.638
7538,85.638
7539,85.638
7540,85.638
7541,85.638
7542,85.638
7543,85.638
7544,107.516
7545,107.516
7546,107.516
7547,107.516
7548,107.516
7549,107.516
7550,107.516
7551,107.516
7552,107.516
7553,107.516
7554,107.516
7555,107.516
7556,107.516
7557,107.516
7558,107.516
7559,107.516
7560,107.516
7561,107.516
7562,107.516
7563,107.516
7564,107.516
7565,107.516
7566,118.607
7567,118.607
7568,118.607
7569,118.607
7570,118.607
7571,118.607
7572,118.607
7573,118.607
7574,118.607
7575,118.607
7576,118.607
7577,118.607
7578,118.607
7579,118.607
7580,118.607
7581,118.607
7582,118.607
7583,118.607
7584,118.607
7585,118.061
7586,118.061
7587,118.061
7588,118.061
7589,118.061
7590,118.061
7591,118.061
7592,118.061
7593,118.061
7594,118.061
7595,118.061
7596,118.061
7597,118.061
7598,118.061
7599,118.061
7600,118.061
7601,118.061
7602,118.061
7603,118.061
7604,118.061
7605,120.424
7606,120.424
7607,120.424
7608,120.424
7609,120.424
7610,120.424
7611,120.424
7612,120.424
7613,120.424
7614,120.424
7615,120.424
7616,120.424
7617,120.424
7618,120.424
7619,120.424
7620,120.424
7621,120.424
7622,120.424
7623,120.424
7624,120.424
7625,123.061
7626,123.061
7627,123.061
7628,123.061
7629,123.061
7630,123.061
7631,123.061
7632,123.061
7633,123.061
7634,123.061
7635,123.061
7636,123.061
7637,123.061
7638,123.061
7639,123.061
7640,123.061
7641,123.061
7642,123.061
7643,123.061
7644,123.061
7645,122.305
7646,122.305
7647,122.305
7648,122.305
7649,122.305
7650,122.305
7651,122.305
7652,122.305
7653,122.305
7654,122.305
7655,122.305
7656,122.305
7657,122.305
7658,122.305
7659,122.305
7660,122.305
7661,122.305
7662,122.305
7663,122.305
7664,122.305
7665,120.22
7666,120.22
7667,120.22
7668,120.22
7669,120.22
7670,120.22
7671,120.22
7672,120.22
7673,120.22
7674,120.22
7675,120.22
7676,120.22
7677,120.22
7678,120.22
7679,120.22
7680,120.22
7681,120.22
7682,120.22
7683,120.22
7684,120.22
7685,121.094
7686,121.094
7687,121.094
7688,121.094
7689,121.094
7690,121.094
7691,121.094
7692,121.094
7693,121.094
7694,121.094
7695,121.094
7696,121.094
7697,121.094
7698,121.094
7699,121.094
7700,121.094
7701,121.094
7702,121.094
7703,121.094
7704,121.094
7705,123.061
7706,123.061
7707,123.061
7708,123.061
7709,123.061
7710,123.061
7711,123.061
7712,123.061
7713,123.061
7714,123.061
7715,123.061
7716,123.061
7717,123.061
7718,123.061
7719,123.061
7720,123.061
7721,123.061
7722,123.061
7723,123.061
7724,123.061
7725,121.094
7726,121.094
7727,121.094
7728,121.094
7729,121.094
7730,121.094
7731,121.094
7732,121.094
7733,121.094
7734,121.094
7735,121.094
7736,121.094
7737,121.094
7738,121.094
7739,121.094
7740,121.094
7741,121.094
7742,121.094
7743,121.094
7744,121.094
7745,119.215
7746,119.215
7747,119.215
7748,119.215
7749,119.215
7750,119.215
7751,119.215
7752,119.215
7753,119.215
7754,119.215
7755,119.215
7756,119.215
7757,119.215
7758,119.215
7759,119.215
7760,119.215
7761,119.215
7762,119.215
7763,119.215
7764,119.215
7765,119.215
7766,120.821
7767,120.821
7768,120.821
7769,120.821
7770,120.821
7771,120.821
7772,120.821
7773,120.821
7774,120.821
7775,120.821
7776,120.821
7777,120.821
7778,120.821
7779,120.821
7780,120.821
7781,120.821
7782,120.821
7783,120.821
7784,120.821
7785,123.334
7786,123.334
7787,123.334
7788,123.334
7789,123.334
7790,123.334
7791,123.334
7792,123.334
7793,123.334
7794,123.334
7795,123.334
7796,123.334
7797,123.334
7798,123.334
7799,123.334
7800,123.334
7801,123.334
7802,123.334
7803,123.334
7804,123.334
7805,122.452
7806,122.452
7807,122.452
7808,122.452
7809,122.452
7810,122.452
7811,122.452
7812,122.452
7813,122.452
7814,122.452
7815,122.452
7816,122.452
7817,122.452
7818,122.452
7819,122.452
7820,122.452
7821,122.452
7822,122.452
7823,122.452
7824,122.452
7825,122.452
7826,120.424
7827,120.424
7828,120.424
7829,120.424
7830,120.424
7831,120.424
7832,120.424
7833,120.424
7834,120.424
7835,120.424
7836,120.424
7837,120.424
7838,120.424
7839,120.424
7840,120.424
7841,120.424
7842,120.424
7843,120.424
7844,120.424
7845,120.424
7846,121.579
7847,121.579
7848,121.579
7849,121.579
7850,121.579
7851,121.579
7852,121.579
7853,121.579
7854,121.579
7855,121.579
7856,121.579
7857,121.579
7858,121.579
7859,121.579
7860,121.579
7861,121.579
7862,121.579
7863,121.579
7864,121.579
7865,121.579
7866,123.334
7867,123.334
7868,123.334
7869,123.334
7870,123.334
7871,123.334
7872,123.334
7873,123.334
7874,123.334
7875,123.334
7876,123.334
7877,123.334
7878,123.334
7879,123.334
7880,123.334
7881,123.334
7882,123.334
7883,123.334
7884,123.334
7885,123.334
7886,120.97
7887,120.97
7888,120.97
7889,120.97
7890,120.97
7891,120.97
7892,120.97
7893,120.97
7894,120.97
7895,120.97
7896,120.97
7897,120.97
7898,120.97
7899,120.97
7900,120.97
7901,120.97
7902,120.97
7903,120.97
7904,120.97
7905,120.97
7906,119.215
7907,119.215
7908,119.215
7909,119.215
7910,119.215
7911,119.215
7912,119.215
7913,119.215
7914,119.215
7915,119.215
7916,119.215
7917,119.215
7918,119.215
7919,119.215
7920,119.215
7921,119.215
7922,119.215
7923,119.215
7924,119.215
7925,119.215
7926,121.906
7927,121.906
7928,121.906
7929,121.906
7930,121.906
7931,121.906
7932,121.906
7933,121.906
7934,121.906
7935,121.906
7936,121.906
7937,121.906
7938,121.906
7939,121.906
7940,121.906
7941,121.906
7942,121.906
7943,121.906
7944,121.906
7945,121.906
7946,124.061
7947,124.061
7948,124.061
7949,124.061
7950,124.061
7951,124.061
7952,124.061
7953,124.061
7954,124.061
7955,124.061
7956,124.061
7957,124.061
7958,124.061
7959,124.061
7960,124.061
7961,124.061
7962,124.061
7963,124.061
7964,124.061
7965,124.061
7966,121.094
7967,121.094
7968,121.094
7969,121.094
7970,121.094
7971,121.094
7972,121.094
7973,121.094
7974,121.094
7975,121.094
7976,121.094
7977,121.094
7978,121.094
7979,121.094
7980,121.094
7981,121.094
7982,121.094
7983,121.094
7984,121.094
7985,121.094
7986,119.064
7987,119.064
7988,119.064
7989,119.064
7990,119.064
7991,119.064
7992,119.064
7993,119.064
7994,119.064
7995,119.064
7996,119.064
7997,119.064
7998,119.064
7999,119.064
8000,119.064
8001,119.064
8002,119.064
8003,119.064
8004,119.064
8005,119.064
8006,120.821
8007,120.821
8008,120.821
8009,120.821
8010,120.821
8011,120.821
8012,120.821
8013,120.821
8014,120.821
8015,120.821
8016,120.821
8017,120.821
8018,120.821
8019,120.821
8020,120.821
8021,120.821
8022,120.821
8023,120.821
8024,120.821
8025,120.821
8026,120.821
8027,123.788
8028,123.788
8029,123.788
8030,123.788
8031,123.788
8032,123.788
8033,123.788
8034,123.788
8035,123.788
8036,123.788
8037,123.788
8038,123.788
8039,123.788
8040,123.788
8041,123.788
8042,123.788
8043,123.788
8044,123.788
8045,123.788
8046,123.788
8047,122.179
8048,122.179
8049,122.179
8050,122.179
8051,122.179
8052,122.179
8053,122.179
8054,122.179
8055,122.179
8056,122.179
8057,122.179
8058,122.179
8059,122.179
8060,122.179
8061,122.179
8062,122.179
8063,122.179
8064,122.179
8065,122.179
8066,122.179
8067,120.548
8068,120.548
8069,120.548
8070,120.548
8071,120.548
8072,120.548
8073,120.548
8074,120.548
8075,120.548
8076,120.548
8077,120.548
8078,120.548
8079,120.548
8080,120.548
8081,120.548
8082,120.548
8083,120.548
8084,120.548
8085,120.548
8086,120.548
8087,122.179
8088,122.179
8089,122.179
8090,122.179
8091,122.179
8092,122.179
8093,122.179
8094,122.179
8095,122.179
8096,122.179
8097,122.179
8098,122.179
8099,122.179
8100,122.179
8101,122.179
8102,122.179
8103,122.179
8104,122.179
8105,122.179
8106,122.179
8107,123.661
8108,123.661
8109,123.661
8110,123.661
8111,123.661
8112,123.661
8113,123.661
8114,123.661
8115,123.661
8116,123.661
8117,123.661
8118,123.661
8119,123.661
8120,123.661
8121,123.661
8122,123.661
8123,123.661
8124,123.661
8125,123.661
8126,123.661
8127,121.298
8128,121.298
8129,121.298
8130,121.298
8131,121.298
8132,121.298
8133,121.298
8134,121.298
8135,121.298
8136,121.298
8137,121.298
8138,121.298
8139,121.298
8140,121.298
8141,121.298
8142,121.298
8143,121.298
8144,121.298
8145,121.298
8146,121.298
8147,118.942
8148,118.942
8149,118.942
8150,118.942
8151,118.942
8152,118.942
8153,118.942
8154,118.942
8155,118.942
8156,118.942
8157,118.942
8158,118.942
8159,118.942
8160,118.942
8161,118.942
8162,118.942
8163,118.942
8164,118.942
8165,118.942
8166,118.942
8167,121.579
8168,121.579
8169,121.579
8170,121.579
8171,121.579
8172,121.579
8173,121.579
8174,121.579
8175,121.579
8176,121.579
8177,121.579
8178,121.579
8179,121.579
8180,121.579
8181,121.579
8182,121.579
8183,121.579
8184,121.579
8185,121.579
8186,121.579
8187,123.661
8188,123.661
8189,123.661
8190,123.661
8191,123.661
8192,123.661
8193,123.661
8194,123.661
8195,123.661
8196,123.661
8197,123.661
8198,123.661
8199,123.661
8200,123.661
8201,123.661
8202,123.661
8203,123.661
8204,123.661
8205,123.661
8206,123.661
8207,121.298
8208,121.298
8209,121.298
8210,121.298
8211,121.298
8212,121.298
8213,121.298
8214,121.298
8215,121.298
8216,121.298
8217,121.298
8218,121.298
8219,121.298
8220,121.298
8221,121.298
8222,121.298
8223,121.298
8224,121.298
8225,121.298
8226,121.298
8227,120.697
8228,120.697
8229,120.697
8230,120.697
8231,120.697
8232,120.697
8233,120.697
8234,120.697
8235,120.697
8236,120.697
8237,120.697
8238,120.697
8239,120.697
8240,120.697
8241,120.697
8242,120.697
8243,120.697
8244,120.697
8245,120.697
8246,120.697
8247,122.788
8248,122.788
8249,122.788
8250,122.788
8251,122.788
8252,122.788
8253,122.788
8254,122.788
8255,122.788
8256,122.788
8257,122.788
8258,122.788
8259,122.788
8260,122.788
8261,122.788
8262,122.788
8263,122.788
8264,122.788
8265,122.788
8266,122.788
8267,122.788
8268,123.661
8269,123.661
8270,123.661
8271,123.661
8272,123.661
8273,123.661
8274,123.661
8275,123.661
8276,123.661
8277,123.661
8278,123.661
8279,123.661
8280,123.661
8281,123.661
8282,123.661
8283,123.661
8284,123.661
8285,123.661
8286,123.661
8287,123.661
8288,120.697
8289,120.697
8290,120.697
8291,120.697
8292,120.697
8293,120.697
8294,120.697
8295,120.697
8296,120.697
8297,120.697
8298,120.697
8299,120.697
8300,120.697
8301,120.697
8302,120.697
8303,120.697
8304,120.697
8305,120.697
8306,120.697
8307,120.697
8308,120.097
8309,120.097
8310,120.097
8311,120.097
8312,120.097
8313,120.097
8314,120.097
8315,120.097
8316,120.097
8317,120.097
8318,120.097
8319,120.097
8320,120.097
8321,120.097
8322,120.097
8323,120.097
8324,120.097
8325,120.097
8326,120.097
8327,120.097
8328,122.179
8329,122.179
8330,122.179
8331,122.179
8332,122.179
8333,122.179
8334,122.179
8335,122.179
8336,122.179
8337,122.179
8338,122.179
8339,122.179
8340,122.179
8341,122.179
8342,122.179
8343,122.179
8344,122.179
8345,122.179
8346,122.179
8347,122.179
8348,123.334
8349,123.334
8350,123.334
8351,123.334
8352,123.334
8353,123.334
8354,123.334
8355,123.334
8356,123.334
8357,123.334
8358,123.334
8359,123.334
8360,123.334
8361,123.334
8362,123.334
8363,123.334
8364,123.334
8365,123.334
8366,123.334
8367,123.334
8368,121.579
8369,121.579
8370,121.579
8371,121.579
8372,121.579
8373,121.579
8374,121.579
8375,121.579
8376,121.579
8377,121.579
8378,121.579
8379,121.579
8380,121.579
8381,121.579
8382,121.579
8383,121.579
8384,121.579
8385,121.579
8386,121.579
8387,121.579
8388,121.298
8389,121.298
8390,121.298
8391,121.298
8392,121.298
8393,121.298
8394,121.298
8395,121.298
8396,121.298
8397,121.298
8398,121.298
8399,121.298
8400,121.298
8401,121.298
8402,121.298
8403,121.298
8404,121.298
8405,121.298
8406,121.298
8407,121.298
8408,122.934
8409,122.934
8410,122.934
8411,122.934
8412,122.934
8413,122.934
8414,122.934
8415,122.934
8416,122.934
8417,122.934
8418,122.934
8419,122.934
8420,122.934
8421,122.934
8422,122.934
8423,122.934
8424,122.934
8425,122.934
8426,122.934
8427,122.934
8428,123.534
8429,123.534
8430,123.534
8431,123.534
8432,123.534
8433,123.534
8434,123.534
8435,123.534
8436,123.534
8437,123.534
8438,123.534
8439,123.534
8440,123.534
8441,123.534
8442,123.534
8443,123.534
8444,123.534
8445,123.534
8446,123.534
8447,123.534
8448,119.973
8449,119.973
8450,119.973
8451,119.973
8452,119.973
8453,119.973
8454,119.973
8455,119.973
8456,119.973
8457,119.973
8458,119.973
8459,119.973
8460,119.973
8461,119.973
8462,119.973
8463,119.973
8464,119.973
8465,119.973
8466,119.973
8467,119.973
8468,120.097
8469,120.097
8470,120.097
8471,120.097
8472,120.097
8473,120.097
8474,120.097
8475,120.097
8476,120.097
8477,120.097
8478,120.097
8479,120.097
8480,120.097
8481,120.097
8482,120.097
8483,120.097
8484,120.097
8485,120.097
8486,120.097
8487,120.097
8488,122.662
8489,122.662
8490,122.662
8491,122.662
8492,122.662
8493,122.662
8494,122.662
8495,122.662
8496,122.662
8497,122.662
8498,122.662
8499,122.662
8500,122.662
8501,122.662
8502,122.662
8503,122.662
8504,122.662
8505,122.662
8506,122.662
8507,122.662
8508,122.662
8509,123.061
8510,123.061
8511,123.061
8512,123.061
8513,123.061
8514,123.061
8515,123.061
8516,123.061
8517,123.061
8518,123.061
8519,123.061
8520,123.061
8521,123.061
8522,123.061
8523,123.061
8524,123.061
8525,123.061
8526,123.061
8527,123.061
8528,123.061
8529,120.424
8530,120.424
8531,120.424
8532,120.424
8533,120.424
8534,120.424
8535,120.424
8536,120.424
8537,120.424
8538,120.424
8539,120.424
8540,120.424
8541,120.424
8542,120.424
8543,120.424
8544,120.424
8545,120.424
8546,120.424
8547,120.424
8548,120.424
8549,120.697
8550,120.697
8551,120.697
8552,120.697
8553,120.697
8554,120.697
8555,120.697
8556,120.697
8557,120.697
8558,120.697
8559,120.697
8560,120.697
8561,120.697
8562,120.697
8563,120.697
8564,120.697
8565,120.697
8566,120.697
8567,120.697
8568,120.697
8569,121.906
8570,121.906
8571,121.906
8572,121.906
8573,121.906
8574,121.906
8575,121.906
8576,121.906
8577,121.906
8578,121.906
8579,121.906
8580,121.906
8581,121.906
8582,121.906
8583,121.906
8584,121.906
8585,121.906
8586,121.906
8587,121.906
8588,121.906
8589,122.452
8590,122.452
8591,122.452
8592,122.452
8593,122.452
8594,122.452
8595,122.452
8596,122.452
8597,122.452
8598,122.452
8599,122.452
8600,122.452
8601,122.452
8602,122.452
8603,122.452
8604,122.452
8605,122.452
8606,122.452
8607,122.452
8608,122.452
8609,120.97
8610,120.97
8611,120.97
8612,120.97
8613,120.97
8614,120.97
8615,120.97
8616,120.97
8617,120.97
8618,120.97
8619,120.97
8620,120.97
8621,120.97
8622,120.97
8623,120.97
8624,120.97
8625,120.97
8626,120.97
8627,120.97
8628,120.97
8629,121.579
8630,121.579
8631,121.579
8632,121.579
8633,121.579
8634,121.579
8635,121.579
8636,121.579
8637,121.579
8638,121.579
8639,121.579
8640,121.579
8641,121.579
8642,121.579
8643,121.579
8644,121.579
8645,121.579
8646,121.579
8647,121.579
8648,121.579
8649,123.661
8650,123.661
8651,123.661
8652,123.661
8653,123.661
8654,123.661
8655,123.661
8656,123.661
8657,123.661
8658,123.661
8659,123.661
8660,123.661
8661,123.661
8662,123.661
8663,123.661
8664,123.661
8665,123.661
8666,123.661
8667,123.661
8668,123.661
8669,122.179
8670,122.179
8671,122.179
8672,122.179
8673,122.179
8674,122.179
8675,122.179
8676,122.179
8677,122.179
8678,122.179
8679,122.179
8680,122.179
8681,122.179
8682,122.179
8683,122.179
8684,122.179
8685,122.179
8686,122.179
8687,122.179
8688,122.179
8689,122.179
8690,120.424
8691,120.424
8692,120.424
8693,120.424
8694,120.424
8695,120.424
8696,120.424
8697,120.424
8698,120.424
8699,120.424
8700,120.424
8701,120.424
8702,120.424
8703,120.424
8704,120.424
8705,120.424
8706,120.424
8707,120.424
8708,120.424
8709,120.97
8710,120.97
8711,120.97
8712,120.97
8713,120.97
8714,120.97
8715,120.97
8716,120.97
8717,120.97
8718,120.97
8719,120.97
8720,120.97
8721,120.97
8722,120.97
8723,120.97
8724,120.97
8725,120.97
8726,120.97
8727,120.97
8728,120.97
8729,122.452
8730,122.452
8731,122.452
8732,122.452
8733,122.452
8734,122.452
8735,122.452
8736,122.452
8737,122.452
8738,122.452
8739,122.452
8740,122.452
8741,122.452
8742,122.452
8743,122.452
8744,122.452
8745,122.452
8746,122.452
8747,122.452
8748,122.452
8749,122.452
8750,122.788
8751,122.788
8752,122.788
8753,122.788
8754,122.788
8755,122.788
8756,122.788
8757,122.788
8758,122.788
8759,122.788
8760,122.788
8761,122.788
8762,122.788
8763,122.788
8764,122.788
8765,122.788
8766,122.788
8767,122.788
8768,122.788
8769,122.788
8770,120.97
8771,120.97
8772,120.97
8773,120.97
8774,120.97
8775,120.97
8776,120.97
8777,120.97
8778,120.97
8779,120.97
8780,120.97
8781,120.97
8782,120.97
8783,120.97
8784,120.97
8785,120.97
8786,120.97
8787,120.97
8788,120.97
8789,120.97
8790,121.579
8791,121.579
8792,121.579
8793,121.579
8794,121.579
8795,121.579
8796,121.579
8797,121.579
8798,121.579
8799,121.579
8800,121.579
8801,121.579
8802,121.579
8803,121.579
8804,121.579
8805,121.579
8806,121.579
8807,121.579
8808,121.579
8809,121.579
8810,123.934
8811,123.934
8812,123.934
8813,123.934
8814,123.934
8815,123.934
8816,123.934
8817,123.934
8818,123.934
8819,123.934
8820,123.934
8821,123.934
8822,123.934
8823,123.934
8824,123.934
8825,123.934
8826,123.934
8827,123.934
8828,123.934
8829,123.934
8830,122.179
8831,122.179
8832,122.179
8833,122.179
8834,122.179
8835,122.179
8836,122.179
8837,122.179
8838,122.179
8839,122.179
8840,122.179
8841,122.179
8842,122.179
8843,122.179
8844,122.179
8845,122.179
8846,122.179
8847,122.179
8848,122.179
8849,122.179
8850,120.097
8851,120.097
8852,120.097
8853,120.097
8854,120.097
8855,120.097
8856,120.097
8857,120.097
8858,120.097
8859,120.097
8860,120.097
8861,120.097
8862,120.097
8863,120.097
8864,120.097
8865,120.097
8866,120.097
8867,120.097
8868,120.097
8869,120.097
8870,120.697
8871,120.697
8872,120.697
8873,120.697
8874,120.697
8875,120.697
8876,120.697
8877,120.697
8878,120.697
8879,120.697
8880,120.697
8881,120.697
8882,120.697
8883,120.697
8884,120.697
8885,120.697
8886,120.697
8887,120.697
8888,120.697
8889,120.697
8890,123.061
8891,123.061
8892,123.061
8893,123.061
8894,123.061
8895,123.061
8896,123.061
8897,123.061
8898,123.061
8899,123.061
8900,123.061
8901,123.061
8902,123.061
8903,123.061
8904,123.061
8905,123.061
8906,123.061
8907,123.061
8908,123.061
8909,123.061
8910,122.452
8911,122.452
8912,122.452
8913,122.452
8914,122.452
8915,122.452
8916,122.452
8917,122.452
8918,122.452
8919,122.452
8920,122.452
8921,122.452
8922,122.452
8923,122.452
8924,122.452
8925,122.452
8926,122.452
8927,122.452
8928,122.452
8929,122.452
8930,120.97
8931,120.97
8932,120.97
8933,120.97
8934,120.97
8935,120.97
8936,120.97
8937,120.97
8938,120.97
8939,120.97
8940,120.97
8941,120.97
8942,120.97
8943,120.97
8944,120.97
8945,120.97
8946,120.97
8947,120.97
8948,120.97
8949,120.97
8950,122.179
8951,122.179
8952,122.179
8953,122.179
8954,122.179
8955,122.179
8956,122.179
8957,122.179
8958,122.179
8959,122.179
8960,122.179
8961,122.179
8962,122.179
8963,122.179
8964,122.179
8965,122.179
8966,122.179
8967,122.179
8968,122.179
8969,122.179
8970,122.179
8971,123.934
8972,123.934
8973,123.934
8974,123.934
8975,123.934
8976,123.934
8977,123.934
8978,123.934
8979,123.934
8980,123.934
8981,123.934
8982,123.934
8983,123.934
8984,123.934
8985,123.934
8986,123.934
8987,123.934
8988,123.934
8989,123.934
8990,123.934
8991,122.179
8992,122.179
8993,122.179
8994,122.179
8995,122.179
8996,122.179
8997,122.179
8998,122.179
8999,122.179
9000,122.179
9001,122.179
9002,122.179
9003,122.179
9004,122.179
9005,122.179
9006,122.179
9007,122.179
9008,122.179
9009,122.179
9010,122.179
9011,119.543
9012,119.543
9013,119.543
9014,119.543
9015,119.543
9016,119.543
9017,119.543
9018,119.543
9019,119.543
9020,119.543
9021,119.543
9022,119.543
9023,119.543
9024,119.543
9025,119.543
9026,119.543
9027,119.543
9028,119.543
9029,119.543
9030,119.543
9031,120.846
9032,120.846
9033,120.846
9034,120.846
9035,120.846
9036,120.846
9037,120.846
9038,120.846
9039,120.846
9040,120.846
9041,120.846
9042,120.846
9043,120.846
9044,120.846
9045,120.846
9046,120.846
9047,120.846
9048,120.846
9049,120.846
9050,120.846
9051,123.934
9052,123.934
9053,123.934
9054,123.934
9055,123.934
9056,123.934
9057,123.934
9058,123.934
9059,123.934
9060,123.934
9061,123.934
9062,123.934
9063,123.934
9064,123.934
9065,123.934
9066,123.934
9067,123.934
9068,123.934
9069,123.934
9070,123.934
9071,121.173
9072,121.173
9073,121.173
9074,121.173
9075,121.173
9076,121.173
9077,121.173
9078,121.173
9079,121.173
9080,121.173
9081,121.173
9082,121.173
9083,121.173
9084,121.173
9085,121.173
9086,121.173
9087,121.173
9088,121.173
9089,121.173
9090,121.173
9091,120.846
9092,120.846
9093,120.846
9094,120.846
9095,120.846
9096,120.846
9097,120.846
9098,120.846
9099,120.846
9100,120.846
9101,120.846
9102,120.846
9103,120.846
9104,120.846
9105,120.846
9106,120.846
9107,120.846
9108,120.846
9109,120.846
9110,120.846
9111,121.781
9112,121.781
9113,121.781
9114,121.781
9115,121.781
9116,121.781
9117,121.781
9118,121.781
9119,121.781
9120,121.781
9121,121.781
9122,121.781
9123,121.781
9124,121.781
9125,121.781
9126,121.781
9127,121.781
9128,121.781
9129,121.781
9130,121.781
9131,122.662
9132,122.662
9133,122.662
9134,122.662
9135,122.662
9136,122.662
9137,122.662
9138,122.662
9139,122.662
9140,122.662
9141,122.662
9142,122.662
9143,122.662
9144,122.662
9145,122.662
9146,122.662
9147,122.662
9148,122.662
9149,122.662
9150,122.662
9151,121.173
9152,121.173
9153,121.173
9154,121.173
9155,121.173
9156,121.173
9157,121.173
9158,121.173
9159,121.173
9160,121.173
9161,121.173
9162,121.173
9163,121.173
9164,121.173
9165,121.173
9166,121.173
9167,121.173
9168,121.173
9169,121.173
9170,121.173
9171,120.573
9172,120.573
9173,120.573
9174,120.573
9175,120.573
9176,120.573
9177,120.573
9178,120.573
9179,120.573
9180,120.573
9181,120.573
9182,120.573
9183,120.573
9184,120.573
9185,120.573
9186,120.573
9187,120.573
9188,120.573
9189,120.573
9190,120.573
9191,122.662
9192,122.662
9193,122.662
9194,122.662
9195,122.662
9196,122.662
9197,122.662
9198,122.662
9199,122.662
9200,122.662
9201,122.662
9202,122.662
9203,122.662
9204,122.662
9205,122.662
9206,122.662
9207,122.662
9208,122.662
9209,122.662
9210,122.662
9211,124.142
9212,124.142
9213,124.142
9214,124.142
9215,124.142
9216,124.142
9217,124.142
9218,124.142
9219,124.142
9220,124.142
9221,124.142
9222,124.142
9223,124.142
9224,124.142
9225,124.142
9226,124.142
9227,124.142
9228,124.142
9229,124.142
9230,124.142
9231,121.173
9232,121.173
9233,121.173
9234,121.173
9235,121.173
9236,121.173
9237,121.173
9238,121.173
9239,121.173
9240,121.173
9241,121.173
9242,121.173
9243,121.173
9244,121.173
9245,121.173
9246,121.173
9247,121.173
9248,121.173
9249,121.173
9250,121.173
9251,121.173
9252,121.173
9253,121.173
9254,121.173
9255,121.173
9256,121.173
9257,121.173
9258,121.173
9259,121.173
9260,121.173
9261,121.173
9262,121.173
9263,121.173
9264,121.173
9265,121.173
9266,121.173
9267,121.173
9268,121.173
9269,121.173
9270,121.173
9271,121.173
9272,121.781
9273,121.781
9274,121.781
9275,121.781
9276,121.781
9277,121.781
9278,121.781
9279,121.781
9280,121.781
9281,121.781
9282,121.781
9283,121.781
9284,121.781
9285,121.781
9286,121.781
9287,121.781
9288,121.781
9289,121.781
9290,121.781
9291,121.781
9292,122.934
9293,122.934
9294,122.934
9295,122.934
9296,122.934
9297,122.934
9298,122.934
9299,122.934
9300,122.934
9301,122.934
9302,122.934
9303,122.934
9304,122.934
9305,122.934
9306,122.934
9307,122.934
9308,122.934
9309,122.934
9310,122.934
9311,122.934
9312,121.454
9313,121.454
9314,121.454
9315,121.454
9316,121.454
9317,121.454
9318,121.454
9319,121.454
9320,121.454
9321,121.454
9322,121.454
9323,121.454
9324,121.454
9325,121.454
9326,121.454
9327,121.454
9328,121.454
9329,121.454
9330,121.454
9331,121.454
9332,121.173
9333,121.173
9334,121.173
9335,121.173
9336,121.173
9337,121.173
9338,121.173
9339,121.173
9340,121.173
9341,121.173
9342,121.173
9343,121.173
9344,121.173
9345,121.173
9346,121.173
9347,121.173
9348,121.173
9349,121.173
9350,121.173
9351,121.173
9352,122.934
9353,122.934
9354,122.934
9355,122.934
9356,122.934
9357,122.934
9358,122.934
9359,122.934
9360,122.934
9361,122.934
9362,122.934
9363,122.934
9364,122.934
9365,122.934
9366,122.934
9367,122.934
9368,122.934
9369,122.934
9370,122.934
9371,122.934
9372,123.534
9373,123.534
9374,123.534
9375,123.534
9376,123.534
9377,123.534
9378,123.534
9379,123.534
9380,123.534
9381,123.534
9382,123.534
9383,123.534
9384,123.534
9385,123.534
9386,123.534
9387,123.534
9388,123.534
9389,123.534
9390,123.534
9391,123.534
9392,121.173
9393,121.173
9394,121.173
9395,121.173
9396,121.173
9397,121.173
9398,121.173
9399,121.173
9400,121.173
9401,121.173
9402,121.173
9403,121.173
9404,121.173
9405,121.173
9406,121.173
9407,121.173
9408,121.173
9409,121.173
9410,121.173
9411,121.173
9412,120.846
9413,120.846
9414,120.846
9415,120.846
9416,120.846
9417,120.846
9418,120.846
9419,120.846
9420,120.846
9421,120.846
9422,120.846
9423,120.846
9424,120.846
9425,120.846
9426,120.846
9427,120.846
9428,120.846
9429,120.846
9430,120.846
9431,120.846
9432,122.054
9433,122.054
9434,122.054
9435,122.054
9436,122.054
9437,122.054
9438,122.054
9439,122.054
9440,122.054
9441,122.054
9442,122.054
9443,122.054
9444,122.054
9445,122.054
9446,122.054
9447,122.054
9448,122.054
9449,122.054
9450,122.054
9451,122.054
9452,123.081
9453,123.081
9454,123.081
9455,123.081
9456,123.081
9457,123.081
9458,123.081
9459,123.081
9460,123.081
9461,123.081
9462,123.081
9463,123.081
9464,123.081
9465,123.081
9466,123.081
9467,123.081
9468,123.081
9469,123.081
9470,123.081
9471,123.081
9472,123.081
9473,121.173
9474,121.173
9475,121.173
9476,121.173
9477,121.173
9478,121.173
9479,121.173
9480,121.173
9481,121.173
9482,121.173
9483,121.173
9484,121.173
9485,121.173
9486,121.173
9487,121.173
9488,121.173
9489,121.173
9490,121.173
9491,121.173
9492,121.173
9493,121.173
9494,121.173
9495,121.173
9496,121.173
9497,121.173
9498,121.173
9499,121.173
9500,121.173
9501,121.173
9502,121.173
9503,121.173
9504,121.173
9505,121.173
9506,121.173
9507,121.173
9508,121.173
9509,121.173
9510,121.173
9511,121.173
9512,121.173
9513,123.081
9514,123.081
9515,123.081
9516,123.081
9517,123.081
9518,123.081
9519,123.081
9520,123.081
9521,123.081
9522,123.081
9523,123.081
9524,123.081
9525,123.081
9526,123.081
9527,123.081
9528,123.081
9529,123.081
9530,123.081
9531,123.081
9532,123.081
9533,123.207
9534,123.207
9535,123.207
9536,123.207
9537,123.207
9538,123.207
9539,123.207
9540,123.207
9541,123.207
9542,123.207
9543,123.207
9544,123.207
9545,123.207
9546,123.207
9547,123.207
9548,123.207
9549,123.207
9550,123.207
9551,123.207
9552,123.207
9553,120.722
9554,120.722
9555,120.722
9556,120.722
9557,120.722
9558,120.722
9559,120.722
9560,120.722
9561,120.722
9562,120.722
9563,120.722
9564,120.722
9565,120.722
9566,120.722
9567,120.722
9568,120.722
9569,120.722
9570,120.722
9571,120.722
9572,120.722
9573,120.722
9574,120.722
9575,120.722
9576,120.722
9577,120.722
9578,120.722
9579,120.722
9580,120.722
9581,120.722
9582,120.722
9583,120.722
9584,120.722
9585,120.722
9586,120.722
9587,120.722
9588,120.722
9589,120.722
9590,120.722
9591,120.722
9592,120.722
9593,121.929
9594,121.929
9595,121.929
9596,121.929
9597,121.929
9598,121.929
9599,121.929
9600,121.929
9601,121.929
9602,121.929
9603,121.929
9604,121.929
9605,121.929
9606,121.929
9607,121.929
9608,121.929
9609,121.929
9610,121.929
9611,121.929
9612,121.929
9613,123.408
9614,123.408
9615,123.408
9616,123.408
9617,123.408
9618,123.408
9619,123.408
9620,123.408
9621,123.408
9622,123.408
9623,123.408
9624,123.408
9625,123.408
9626,123.408
9627,123.408
9628,123.408
9629,123.408
9630,123.408
9631,123.408
9632,123.408
9633,119.57
9634,119.57
9635,119.57
9636,119.57
9637,119.57
9638,119.57
9639,119.57
9640,119.57
9641,119.57
9642,119.57
9643,119.57
9644,119.57
9645,119.57
9646,119.57
9647,119.57
9648,119.57
9649,119.57
9650,119.57
9651,119.57
9652,119.57
9653,120.846
9654,120.846
9655,120.846
9656,120.846
9657,120.846
9658,120.846
9659,120.846
9660,120.846
9661,120.846
9662,120.846
9663,120.846
9664,120.846
9665,120.846
9666,120.846
9667,120.846
9668,120.846
9669,120.846
9670,120.846
9671,120.846
9672,120.846
9673,120.846
9674,122.201
9675,122.201
9676,122.201
9677,122.201
9678,122.201
9679,122.201
9680,122.201
9681,122.201
9682,122.201
9683,122.201
9684,122.201
9685,122.201
9686,122.201
9687,122.201
9688,122.201
9689,122.201
9690,122.201
9691,122.201
9692,122.201
9693,122.201
9694,122.201
9695,122.201
9696,122.201
9697,122.201
9698,122.201
9699,122.201
9700,122.201
9701,122.201
9702,122.201
9703,122.201
9704,122.201
9705,122.201
9706,122.201
9707,122.201
9708,122.201
9709,122.201
9710,122.201
9711,122.201
9712,122.201
9713,122.201
9714,121.049
9715,121.049
9716,121.049
9717,121.049
9718,121.049
9719,121.049
9720,121.049
9721,121.049
9722,121.049
9723,121.049
9724,121.049
9725,121.049
9726,121.049
9727,121.049
9728,121.049
9729,121.049
9730,121.049
9731,121.049
9732,121.049
9733,121.049
9734,121.329
9735,121.329
9736,121.329
9737,121.329
9738,121.329
9739,121.329
9740,121.329
9741,121.329
9742,121.329
9743,121.329
9744,121.329
9745,121.329
9746,121.329
9747,121.329
9748,121.329
9749,121.329
9750,121.329
9751,121.329
9752,121.329
9753,121.329
9754,123.408
9755,123.408
9756,123.408
9757,123.408
9758,123.408
9759,123.408
9760,123.408
9761,123.408
9762,123.408
9763,123.408
9764,123.408
9765,123.408
9766,123.408
9767,123.408
9768,123.408
9769,123.408
9770,123.408
9771,123.408
9772,123.408
9773,123.408
9774,122.536
9775,122.536
9776,122.536
9777,122.536
9778,122.536
9779,122.536
9780,122.536
9781,122.536
9782,122.536
9783,122.536
9784,122.536
9785,122.536
9786,122.536
9787,122.536
9788,122.536
9789,122.536
9790,122.536
9791,122.536
9792,122.536
9793,122.536
9794,120.45
9795,120.45
9796,120.45
9797,120.45
9798,120.45
9799,120.45
9800,120.45
9801,120.45
9802,120.45
9803,120.45
9804,120.45
9805,120.45
9806,120.45
9807,120.45
9808,120.45
9809,120.45
9810,120.45
9811,120.45
9812,120.45
9813,120.45
9814,121.656
9815,121.656
9816,121.656
9817,121.656
9818,121.656
9819,121.656
9820,121.656
9821,121.656
9822,121.656
9823,121.656
9824,121.656
9825,121.656
9826,121.656
9827,121.656
9828,121.656
9829,121.656
9830,121.656
9831,121.656
9832,121.656
9833,121.656
9834,121.656
9835,122.201
9836,122.201
9837,122.201
9838,122.201
9839,122.201
9840,122.201
9841,122.201
9842,122.201
9843,122.201
9844,122.201
9845,122.201
9846,122.201
9847,122.201
9848,122.201
9849,122.201
9850,122.201
9851,122.201
9852,122.201
9853,122.201
9854,121.656
9855,121.656
9856,121.656
9857,121.656
9858,121.656
9859,121.656
9860,121.656
9861,121.656
9862,121.656
9863,121.656
9864,121.656
9865,121.656
9866,121.656
9867,121.656
9868,121.656
9869,121.656
9870,121.656
9871,121.656
9872,121.656
9873,121.656
9874,121.656
9875,120.722
9876,120.722
9877,120.722
9878,120.722
9879,120.722
9880,120.722
9881,120.722
9882,120.722
9883,120.722
9884,120.722
9885,120.722
9886,120.722
9887,120.722
9888,120.722
9889,120.722
9890,120.722
9891,120.722
9892,120.722
9893,120.722
9894,120.722
9895,121.329
9896,121.329
9897,121.329
9898,121.329
9899,121.329
9900,121.329
9901,121.329
9902,121.329
9903,121.329
9904,121.329
9905,121.329
9906,121.329
9907,121.329
9908,121.329
9909,121.329
9910,121.329
9911,121.329
9912,121.329
9913,121.329
9914,121.329
9915,124.015
9916,124.015
9917,124.015
9918,124.015
9919,124.015
9920,124.015
9921,124.015
9922,124.015
9923,124.015
9924,124.015
9925,124.015
9926,124.015
9927,124.015
9928,124.015
9929,124.015
9930,124.015
9931,124.015
9932,124.015
9933,124.015
9934,124.015
9935,122.201
9936,122.201
9937,122.201
9938,122.201
9939,122.201
9940,122.201
9941,122.201
9942,122.201
9943,122.201
9944,122.201
9945,122.201
9946,122.201
9947,122.201
9948,122.201
9949,122.201
9950,122.201
9951,122.201
9952,122.201
9953,122.201
9954,122.201
9955,120.177
9956,120.177
9957,120.177
9958,120.177
9959,120.177
9960,120.177
9961,120.177
9962,120.177
9963,120.177
9964,120.177
9965,120.177
9966,120.177
9967,120.177
9968,120.177
9969,120.177
9970,120.177
9971,120.177
9972,120.177
9973,120.177
9974,120.177
9975,121.656
9976,121.656
9977,121.656
9978,121.656
9979,121.656
9980,121.656
9981,121.656
9982,121.656
9983,121.656
9984,121.656
9985,121.656
9986,121.656
9987,121.656
9988,121.656
9989,121.656
9990,121.656
9991,121.656
9992,121.656
9993,121.656
9994,121.656
9995,122.201
9996,122.201
9997,122.201
9998,122.201
9999,122.201
10000,122.201
10001,122.201
10002,122.201
10003,122.201
10004,122.201
10005,122.201
10006,122.201
10007,122.201
10008,122.201
10009,122.201
10010,122.201
10011,122.201
10012,122.201
10013,122.201
10014,122.201
10015,121.656
10016,121.656
10017,121.656
10018,121.656
10019,121.656
10020,121.656
10021,121.656
10022,121.656
10023,121.656
10024,121.656
10025,121.656
10026,121.656
10027,121.656
10028,121.656
10029,121.656
10030,121.656
10031,121.656
10032,121.656
10033,121.656
10034,121.656
10035,120.722
10036,120.722
10037,120.722
10038,120.722
10039,120.722
10040,120.722
10041,120.722
10042,120.722
10043,120.722
10044,120.722
10045,120.722
10046,120.722
10047,120.722
10048,120.722
10049,120.722
10050,120.722
10051,120.722
10052,120.722
10053,120.722
10054,120.722
10055,121.656
10056,121.656
10057,121.656
10058,121.656
10059,121.656
10060,121.656
10061,121.656
10062,121.656
10063,121.656
10064,121.656
10065,121.656
10066,121.656
10067,121.656
10068,121.656
10069,121.656
10070,121.656
10071,121.656
10072,121.656
10073,121.656
10074,121.656
10075,124.015
10076,124.015
10077,124.015
10078,124.015
10079,124.015
10080,124.015
10081,124.015
10082,124.015
10083,124.015
10084,124.015
10085,124.015
10086,124.015
10087,124.015
10088,124.015
10089,124.015
10090,124.015
10091,124.015
10092,124.015
10093,124.015
10094,124.015
10095,121.656
10096,121.656
10097,121.656
10098,121.656
10099,121.656
10100,121.656
10101,121.656
10102,121.656
10103,121.656
10104,121.656
10105,121.656
10106,121.656
10107,121.656
10108,121.656
10109,121.656
10110,121.656
10111,121.656
10112,121.656
10113,121.656
10114,121.656
10115,120.177
10116,120.177
10117,120.177
10118,120.177
10119,120.177
10120,120.177
10121,120.177
10122,120.177
10123,120.177
10124,120.177
10125,120.177
10126,120.177
10127,120.177
10128,120.177
10129,120.177
10130,120.177
10131,120.177
10132,120.177
10133,120.177
10134,120.177
10135,120.177
10136,121.329
10137,121.329
10138,121.329
10139,121.329
10140,121.329
10141,121.329
10142,121.329
10143,121.329
10144,121.329
10145,121.329
10146,121.329
10147,121.329
10148,121.329
10149,121.329
10150,121.329
10151,121.329
10152,121.329
10153,121.329
10154,121.329
10155,121.329
10156,122.808
10157,122.808
10158,122.808
10159,122.808
10160,122.808
10161,122.808
10162,122.808
10163,122.808
10164,122.808
10165,122.808
10166,122.808
10167,122.808
10168,122.808
10169,122.808
10170,122.808
10171,122.808
10172,122.808
10173,122.808
10174,122.808
10175,122.808
10176,121.929
10177,121.929
10178,121.929
10179,121.929
10180,121.929
10181,121.929
10182,121.929
10183,121.929
10184,121.929
10185,121.929
10186,121.929
10187,121.929
10188,121.929
10189,121.929
10190,121.929
10191,121.929
10192,121.929
10193,121.929
10194,121.929
10195,121.929
10196,120.054
10197,120.054
10198,120.054
10199,120.054
10200,120.054
10201,120.054
10202,120.054
10203,120.054
10204,120.054
10205,120.054
10206,120.054
10207,120.054
10208,120.054
10209,120.054
10210,120.054
10211,120.054
10212,120.054
10213,120.054
10214,120.054
10215,120.054
10216,121.205
10217,121.205
10218,121.205
10219,121.205
10220,121.205
10221,121.205
10222,121.205
10223,121.205
10224,121.205
10225,121.205
10226,121.205
10227,121.205
10228,121.205
10229,121.205
10230,121.205
10231,121.205
10232,121.205
10233,121.205
10234,121.205
10235,121.205
10236,122.075
10237,122.075
10238,122.075
10239,122.075
10240,122.075
10241,122.075
10242,122.075
10243,122.075
10244,122.075
10245,122.075
10246,122.075
10247,122.075
10248,122.075
10249,122.075
10250,122.075
10251,122.075
10252,122.075
10253,122.075
10254,122.075
10255,122.075
10256,120.326
10257,120.326
10258,120.326
10259,120.326
10260,120.326
10261,120.326
10262,120.326
10263,120.326
10264,120.326
10265,120.326
10266,120.326
10267,120.326
10268,120.326
10269,120.326
10270,120.326
10271,120.326
10272,120.326
10273,120.326
10274,120.326
10275,120.326
10276,119.85
10277,119.85
10278,119.85
10279,119.85
10280,119.85
10281,119.85
10282,119.85
10283,119.85
10284,119.85
10285,119.85
10286,119.85
10287,119.85
10288,119.85
10289,119.85
10290,119.85
10291,119.85
10292,119.85
10293,119.85
10294,119.85
10295,119.85
10296,121.803
10297,121.803
10298,121.803
10299,121.803
10300,121.803
10301,121.803
10302,121.803
10303,121.803
10304,121.803
10305,121.803
10306,121.803
10307,121.803
10308,121.803
10309,121.803
10310,121.803
10311,121.803
10312,121.803
10313,121.803
10314,121.803
10315,121.803
10316,123.281
10317,123.281
10318,123.281
10319,123.281
10320,123.281
10321,123.281
10322,123.281
10323,123.281
10324,123.281
10325,123.281
10326,123.281
10327,123.281
10328,123.281
10329,123.281
10330,123.281
10331,123.281
10332,123.281
10333,123.281
10334,123.281
10335,123.281
10336,123.281
10337,120.598
10338,120.598
10339,120.598
10340,120.598
10341,120.598
10342,120.598
10343,120.598
10344,120.598
10345,120.598
10346,120.598
10347,120.598
10348,120.598
10349,120.598
10350,120.598
10351,120.598
10352,120.598
10353,120.598
10354,120.598
10355,120.598
10356,120.598
10357,120.054
10358,120.054
10359,120.054
10360,120.054
10361,120.054
10362,120.054
10363,120.054
10364,120.054
10365,120.054
10366,120.054
10367,120.054
10368,120.054
10369,120.054
10370,120.054
10371,120.054
10372,120.054
10373,120.054
10374,120.054
10375,120.054
10376,120.054
10377,121.531
10378,121.531
10379,121.531
10380,121.531
10381,121.531
10382,121.531
10383,121.531
10384,121.531
10385,121.531
10386,121.531
10387,121.531
10388,121.531
10389,121.531
10390,121.531
10391,121.531
10392,121.531
10393,121.531
10394,121.531
10395,121.531
10396,121.531
10397,121.803
10398,121.803
10399,121.803
10400,121.803
10401,121.803
10402,121.803
10403,121.803
10404,121.803
10405,121.803
10406,121.803
10407,121.803
10408,121.803
10409,121.803
10410,121.803
10411,121.803
10412,121.803
10413,121.803
10414,121.803
10415,121.803
10416,121.803
10417,120.326
10418,120.326
10419,120.326
10420,120.326
10421,120.326
10422,120.326
10423,120.326
10424,120.326
10425,120.326
10426,120.326
10427,120.326
10428,120.326
10429,120.326
10430,120.326
10431,120.326
10432,120.326
10433,120.326
10434,120.326
10435,120.326
10436,120.326
10437,120.326
10438,120.326
10439,120.326
10440,120.326
10441,120.326
10442,120.326
10443,120.326
10444,120.326
10445,120.326
10446,120.326
10447,120.326
10448,120.326
10449,120.326
10450,120.326
10451,120.326
10452,120.326
10453,120.326
10454,120.326
10455,120.326
10456,120.326
10457,121.803
10458,121.803
10459,121.803
10460,121.803
10461,121.803
10462,121.803
10463,121.803
10464,121.803
10465,121.803
10466,121.803
10467,121.803
10468,121.803
10469,121.803
10470,121.803
10471,121.803
10472,121.803
10473,121.803
10474,121.803
10475,121.803
10476,121.803
10477,122.682
10478,122.682
10479,122.682
10480,122.682
10481,122.682
10482,122.682
10483,122.682
10484,122.682
10485,122.682
10486,122.682
10487,122.682
10488,122.682
10489,122.682
10490,122.682
10491,122.682
10492,122.682
10493,122.682
10494,122.682
10495,122.682
10496,122.682
10497,120.326
10498,120.326
10499,120.326
10500,120.326
10501,120.326
10502,120.326
10503,120.326
10504,120.326
10505,120.326
10506,120.326
10507,120.326
10508,120.326
10509,120.326
10510,120.326
10511,120.326
10512,120.326
10513,120.326
10514,120.326
10515,120.326
10516,120.326
10517,120.326
10518,120.326
10519,120.326
10520,120.326
10521,120.326
10522,120.326
10523,120.326
10524,120.326
10525,120.326
10526,120.326
10527,120.326
10528,120.326
10529,120.326
10530,120.326
10531,120.326
10532,120.326
10533,120.326
10534,120.326
10535,120.326
10536,120.326
10537,121.803
10538,121.803
10539,121.803
10540,121.803
10541,121.803
10542,121.803
10543,121.803
10544,121.803
10545,121.803
10546,121.803
10547,121.803
10548,121.803
10549,121.803
10550,121.803
10551,121.803
10552,121.803
10553,121.803
10554,121.803
10555,121.803
10556,121.803
10557,121.803
10558,122.075
10559,122.075
10560,122.075
10561,122.075
10562,122.075
10563,122.075
10564,122.075
10565,122.075
10566,122.075
10567,122.075
10568,122.075
10569,122.075
10570,122.075
10571,122.075
10572,122.075
10573,122.075
10574,122.075
10575,122.075
10576,122.075
10577,122.075
10578,120.722
10579,120.722
10580,120.722
10581,120.722
10582,120.722
10583,120.722
10584,120.722
10585,120.722
10586,120.722
10587,120.722
10588,120.722
10589,120.722
10590,120.722
10591,120.722
10592,120.722
10593,120.722
10594,120.722
10595,120.722
10596,120.722
10597,120.722
10598,120.45
10599,120.45
10600,120.45
10601,120.45
10602,120.45
10603,120.45
10604,120.45
10605,120.45
10606,120.45
10607,120.45
10608,120.45
10609,120.45
10610,120.45
10611,120.45
10612,120.45
10613,120.45
10614,120.45
10615,120.45
10616,120.45
10617,120.45
10618,122.075
10619,122.075
10620,122.075
10621,122.075
10622,122.075
10623,122.075
10624,122.075
10625,122.075
10626,122.075
10627,122.075
10628,122.075
10629,122.075
10630,122.075
10631,122.075
10632,122.075
10633,122.075
10634,122.075
10635,122.075
10636,122.075
10637,122.075
10638,122.41
10639,122.41
10640,122.41
10641,122.41
10642,122.41
10643,122.41
10644,122.41
10645,122.41
10646,122.41
10647,122.41
10648,122.41
10649,122.41
10650,122.41
10651,122.41
10652,122.41
10653,122.41
10654,122.41
10655,122.41
10656,122.41
10657,122.41
10658,120.326
10659,120.326
10660,120.326
10661,120.326
10662,120.326
10663,120.326
10664,120.326
10665,120.326
10666,120.326
10667,120.326
10668,120.326
10669,120.326
10670,120.326
10671,120.326
10672,120.326
10673,120.326
10674,120.326
10675,120.326
10676,120.326
10677,120.326
10678,120.326
10679,120.326
10680,120.326
10681,120.326
10682,120.326
10683,120.326
10684,120.326
10685,120.326
10686,120.326
10687,120.326
10688,120.326
10689,120.326
10690,120.326
10691,120.326
10692,120.326
10693,120.326
10694,120.326
10695,120.326
10696,120.326
10697,120.326
10698,121.531
10699,121.531
10700,121.531
10701,121.531
10702,121.531
10703,121.531
10704,121.531
10705,121.531
10706,121.531
10707,121.531
10708,121.531
10709,121.531
10710,121.531
10711,121.531
10712,121.531
10713,121.531
10714,121.531
10715,121.531
10716,121.531
10717,121.531
10718,122.075
10719,122.075
10720,122.075
10721,122.075
10722,122.075
10723,122.075
10724,122.075
10725,122.075
10726,122.075
10727,122.075
10728,122.075
10729,122.075
10730,122.075
10731,122.075
10732,122.075
10733,122.075
10734,122.075
10735,122.075
10736,122.075
10737,122.075
10738,122.075
10739,120.054
10740,120.054
10741,120.054
10742,120.054
10743,120.054
10744,120.054
10745,120.054
10746,120.054
10747,120.054
10748,120.054
10749,120.054
10750,120.054
10751,120.054
10752,120.054
10753,120.054
10754,120.054
10755,120.054
10756,120.054
10757,120.054
10758,120.054
10759,120.326
10760,120.326
10761,120.326
10762,120.326
10763,120.326
10764,120.326
10765,120.326
10766,120.326
10767,120.326
10768,120.326
10769,120.326
10770,120.326
10771,120.326
10772,120.326
10773,120.326
10774,120.326
10775,120.326
10776,120.326
10777,120.326
10778,120.326
10779,122.201
10780,122.201
10781,122.201
10782,122.201
10783,122.201
10784,122.201
10785,122.201
10786,122.201
10787,122.201
10788,122.201
10789,122.201
10790,122.201
10791,122.201
10792,122.201
10793,122.201
10794,122.201
10795,122.201
10796,122.201
10797,122.201
10798,122.201
10799,121.656
10800,121.656
10801,121.656
10802,121.656
10803,121.656
10804,121.656
10805,121.656
10806,121.656
10807,121.656
10808,121.656
10809,121.656
10810,121.656
10811,121.656
10812,121.656
10813,121.656
10814,121.656
10815,121.656
10816,121.656
10817,121.656
10818,121.656
10819,119.298
10820,119.298
10821,119.298
10822,119.298
10823,119.298
10824,119.298
10825,119.298
10826,119.298
10827,119.298
10828,119.298
10829,119.298
10830,119.298
10831,119.298
10832,119.298
10833,119.298
10834,119.298
10835,119.298
10836,119.298
10837,119.298
10838,119.298
10839,119.298
10840,120.45
10841,120.45
10842,120.45
10843,120.45
10844,120.45
10845,120.45
10846,120.45
10847,120.45
10848,120.45
10849,120.45
10850,120.45
10851,120.45
10852,120.45
10853,120.45
10854,120.45
10855,120.45
10856,120.45
10857,120.45
10858,120.45
10859,122.536
10860,122.536
10861,122.536
10862,122.536
10863,122.536
10864,122.536
10865,122.536
10866,122.536
10867,122.536
10868,122.536
10869,122.536
10870,122.536
10871,122.536
10872,122.536
10873,122.536
10874,122.536
10875,122.536
10876,122.536
10877,122.536
10878,122.536
10879,122.201
10880,122.201
10881,122.201
10882,122.201
10883,122.201
10884,122.201
10885,122.201
10886,122.201
10887,122.201
10888,122.201
10889,122.201
10890,122.201
10891,122.201
10892,122.201
10893,122.201
10894,122.201
10895,122.201
10896,122.201
10897,122.201
10898,122.201
10899,120.45
10900,120.45
10901,120.45
10902,120.45
10903,120.45
10904,120.45
10905,120.45
10906,120.45
10907,120.45
10908,120.45
10909,120.45
10910,120.45
10911,120.45
10912,120.45
10913,120.45
10914,120.45
10915,120.45
10916,120.45
10917,120.45
10918,120.45
10919,121.173
10920,121.173
10921,121.173
10922,121.173
10923,121.173
10924,121.173
10925,121.173
10926,121.173
10927,121.173
10928,121.173
10929,121.173
10930,121.173
10931,121.173
10932,121.173
10933,121.173
10934,121.173
10935,121.173
10936,121.173
10937,121.173
10938,121.173
10939,121.173
10940,123.207
10941,123.207
10942,123.207
10943,123.207
10944,123.207
10945,123.207
10946,123.207
10947,123.207
10948,123.207
10949,123.207
10950,123.207
10951,123.207
10952,123.207
10953,123.207
10954,123.207
10955,123.207
10956,123.207
10957,123.207
10958,123.207
10959,123.207
10960,121.781
10961,121.781
10962,121.781
10963,121.781
10964,121.781
10965,121.781
10966,121.781
10967,121.781
10968,121.781
10969,121.781
10970,121.781
10971,121.781
10972,121.781
10973,121.781
10974,121.781
10975,121.781
10976,121.781
10977,121.781
10978,121.781
10979,121.781
10980,119.42
10981,119.42
10982,119.42
10983,119.42
10984,119.42
10985,119.42
10986,119.42
10987,119.42
10988,119.42
10989,119.42
10990,119.42
10991,119.42
10992,119.42
10993,119.42
10994,119.42
10995,119.42
10996,119.42
10997,119.42
10998,119.42
10999,119.42
11000,120.846
11001,120.846
11002,120.846
11003,120.846
11004,120.846
11005,120.846
11006,120.846
11007,120.846
11008,120.846
11009,120.846
11010,120.846
11011,120.846
11012,120.846
11013,120.846
11014,120.846
11015,120.846
11016,120.846
11017,120.846
11018,120.846
11019,120.846
11020,123.207
11021,123.207
11022,123.207
11023,123.207
11024,123.207
11025,123.207
11026,123.207
11027,123.207
11028,123.207
11029,123.207
11030,123.207
11031,123.207
11032,123.207
11033,123.207
11034,123.207
11035,123.207
11036,123.207
11037,123.207
11038,123.207
11039,123.207
11040,122.327
11041,122.327
11042,122.327
11043,122.327
11044,122.327
11045,122.327
11046,122.327
11047,122.327
11048,122.327
11049,122.327
11050,122.327
11051,122.327
11052,122.327
11053,122.327
11054,122.327
11055,122.327
11056,122.327
11057,122.327
11058,122.327
11059,122.327
11060,120.301
11061,120.301
11062,120.301
11063,120.301
11064,120.301
11065,120.301
11066,120.301
11067,120.301
11068,120.301
11069,120.301
11070,120.301
11071,120.301
11072,120.301
11073,120.301
11074,120.301
11075,120.301
11076,120.301
11077,120.301
11078,120.301
11079,120.301
11080,121.329
11081,121.329
11082,121.329
11083,121.329
11084,121.329
11085,121.329
11086,121.329
11087,121.329
11088,121.329
11089,121.329
11090,121.329
11091,121.329
11092,121.329
11093,121.329
11094,121.329
11095,121.329
11096,121.329
11097,121.329
11098,121.329
11099,121.329
11100,122.662
11101,122.662
11102,122.662
11103,122.662
11104,122.662
11105,122.662
11106,122.662
11107,122.662
11108,122.662
11109,122.662
11110,122.662
11111,122.662
11112,122.662
11113,122.662
11114,122.662
11115,122.662
11116,122.662
11117,122.662
11118,122.662
11119,122.662
11120,120.846
11121,120.846
11122,120.846
11123,120.846
11124,120.846
11125,120.846
11126,120.846
11127,120.846
11128,120.846
11129,120.846
11130,120.846
11131,120.846
11132,120.846
11133,120.846
11134,120.846
11135,120.846
11136,120.846
11137,120.846
11138,120.846
11139,120.846
11140,119.973
11141,119.973
11142,119.973
11143,119.973
11144,119.973
11145,119.973
11146,119.973
11147,119.973
11148,119.973
11149,119.973
11150,119.973
11151,119.973
11152,119.973
11153,119.973
11154,119.973
11155,119.973
11156,119.973
11157,119.973
11158,119.973
11159,119.973
11160,119.973
11161,120.846
11162,120.846
11163,120.846
11164,120.846
11165,120.846
11166,120.846
11167,120.846
11168,120.846
11169,120.846
11170,120.846
11171,120.846
11172,120.846
11173,120.846
11174,120.846
11175,120.846
11176,120.846
11177,120.846
11178,120.846
11179,120.846
11180,120.846
11181,123.534
11182,123.534
11183,123.534
11184,123.534
11185,123.534
11186,123.534
11187,123.534
11188,123.534
11189,123.534
11190,123.534
11191,123.534
11192,123.534
11193,123.534
11194,123.534
11195,123.534
11196,123.534
11197,123.534
11198,123.534
11199,123.534
11200,123.534
11201,122.054
11202,122.054
11203,122.054
11204,122.054
11205,122.054
11206,122.054
11207,122.054
11208,122.054
11209,122.054
11210,122.054
11211,122.054
11212,122.054
11213,122.054
11214,122.054
11215,122.054
11216,122.054
11217,122.054
11218,122.054
11219,122.054
11220,122.054
11221,119.973
11222,119.973
11223,119.973
11224,119.973
11225,119.973
11226,119.973
11227,119.973
11228,119.973
11229,119.973
11230,119.973
11231,119.973
11232,119.973
11233,119.973
11234,119.973
11235,119.973
11236,119.973
11237,119.973
11238,119.973
11239,119.973
11240,119.973
11241,121.454
11242,121.454
11243,121.454
11244,121.454
11245,121.454
11246,121.454
11247,121.454
11248,121.454
11249,121.454
11250,121.454
11251,121.454
11252,121.454
11253,121.454
11254,121.454
11255,121.454
11256,121.454
11257,121.454
11258,121.454
11259,121.454
11260,121.454
11261,122.054
11262,122.054
11263,122.054
11264,122.054
11265,122.054
11266,122.054
11267,122.054
11268,122.054
11269,122.054
11270,122.054
11271,122.054
11272,122.054
11273,122.054
11274,122.054
11275,122.054
11276,122.054
11277,122.054
11278,122.054
11279,122.054
11280,122.054
11281,121.173
11282,121.173
11283,121.173
11284,121.173
11285,121.173
11286,121.173
11287,121.173
11288,121.173
11289,121.173
11290,121.173
11291,121.173
11292,121.173
11293,121.173
11294,121.173
11295,121.173
11296,121.173
11297,121.173
11298,121.173
11299,121.173
11300,121.173
11301,120.573
11302,120.573
11303,120.573
11304,120.573
11305,120.573
11306,120.573
11307,120.573
11308,120.573
11309,120.573
11310,120.573
11311,120.573
11312,120.573
11313,120.573
11314,120.573
11315,120.573
11316,120.573
11317,120.573
11318,120.573
11319,120.573
11320,120.573
11321,121.454
11322,121.454
11323,121.454
11324,121.454
11325,121.454
11326,121.454
11327,121.454
11328,121.454
11329,121.454
11330,121.454
11331,121.454
11332,121.454
11333,121.454
11334,121.454
11335,121.454
11336,121.454
11337,121.454
11338,121.454
11339,121.454
11340,121.454
11341,123.661
11342,123.661
11343,123.661
11344,123.661
11345,123.661
11346,123.661
11347,123.661
11348,123.661
11349,123.661
11350,123.661
11351,123.661
11352,123.661
11353,123.661
11354,123.661
11355,123.661
11356,123.661
11357,123.661
11358,123.661
11359,123.661
11360,123.661
11361,123.661
11362,120.97
11363,120.97
11364,120.97
11365,120.97
11366,120.97
11367,120.97
11368,120.97
11369,120.97
11370,120.97
11371,120.97
11372,120.97
11373,120.97
11374,120.97
11375,120.97
11376,120.97
11377,120.97
11378,120.97
11379,120.97
11380,120.97
11381,120.97
11382,119.543
11383,119.543
11384,119.543
11385,119.543
11386,119.543
11387,119.543
11388,119.543
11389,119.543
11390,119.543
11391,119.543
11392,119.543
11393,119.543
11394,119.543
11395,119.543
11396,119.543
11397,119.543
11398,119.543
11399,119.543
11400,119.543
11401,119.543
11402,121.906
11403,121.906
11404,121.906
11405,121.906
11406,121.906
11407,121.906
11408,121.906
11409,121.906
11410,121.906
11411,121.906
11412,121.906
11413,121.906
11414,121.906
11415,121.906
11416,121.906
11417,121.906
11418,121.906
11419,121.906
11420,121.906
11421,121.906
11422,123.661
11423,123.661
11424,123.661
11425,123.661
11426,123.661
11427,123.661
11428,123.661
11429,123.661
11430,123.661
11431,123.661
11432,123.661
11433,123.661
11434,123.661
11435,123.661
11436,123.661
11437,123.661
11438,123.661
11439,123.661
11440,123.661
11441,123.661
11442,121.579
11443,121.579
11444,121.579
11445,121.579
11446,121.579
11447,121.579
11448,121.579
11449,121.579
11450,121.579
11451,121.579
11452,121.579
11453,121.579
11454,121.579
11455,121.579
11456,121.579
11457,121.579
11458,121.579
11459,121.579
11460,121.579
11461,121.579
11462,120.697
11463,120.697
11464,120.697
11465,120.697
11466,120.697
11467,120.697
11468,120.697
11469,120.697
11470,120.697
11471,120.697
11472,120.697
11473,120.697
11474,120.697
11475,120.697
11476,120.697
11477,120.697
11478,120.697
11479,120.697
11480,120.697
11481,120.697
11482,122.179
11483,122.179
11484,122.179
11485,122.179
11486,122.179
11487,122.179
11488,122.179
11489,122.179
11490,122.179
11491,122.179
11492,122.179
11493,122.179
11494,122.179
11495,122.179
11496,122.179
11497,122.179
11498,122.179
11499,122.179
11500,122.179
11501,122.179
11502,123.061
11503,123.061
11504,123.061
11505,123.061
11506,123.061
11507,123.061
11508,123.061
11509,123.061
11510,123.061
11511,123.061
11512,123.061
11513,123.061
11514,123.061
11515,123.061
11516,123.061
11517,123.061
11518,123.061
11519,123.061
11520,123.061
11521,123.061
11522,120.097
11523,120.097
11524,120.097
11525,120.097
11526,120.097
11527,120.097
11528,120.097
11529,120.097
11530,120.097
11531,120.097
11532,120.097
11533,120.097
11534,120.097
11535,120.097
11536,120.097
11537,120.097
11538,120.097
11539,120.097
11540,120.097
11541,120.097
11542,119.543
11543,119.543
11544,119.543
11545,119.543
11546,119.543
11547,119.543
11548,119.543
11549,119.543
11550,119.543
11551,119.543
11552,119.543
11553,119.543
11554,119.543
11555,119.543
11556,119.543
11557,119.543
11558,119.543
11559,119.543
11560,119.543
11561,119.543
11562,119.543
11563,122.179
11564,122.179
11565,122.179
11566,122.179
11567,122.179
11568,122.179
11569,122.179
11570,122.179
11571,122.179
11572,122.179
11573,122.179
11574,122.179
11575,122.179
11576,122.179
11577,122.179
11578,122.179
11579,122.179
11580,122.179
11581,122.179
11582,122.179
11583,123.661
11584,123.661
11585,123.661
11586,123.661
11587,123.661
11588,123.661
11589,123.661
11590,123.661
11591,123.661
11592,123.661
11593,123.661
11594,123.661
11595,123.661
11596,123.661
11597,123.661
11598,123.661
11599,123.661
11600,123.661
11601,123.661
11602,123.661
11603,121.906
11604,121.906
11605,121.906
11606,121.906
11607,121.906
11608,121.906
11609,121.906
11610,121.906
11611,121.906
11612,121.906
11613,121.906
11614,121.906
11615,121.906
11616,121.906
11617,121.906
11618,121.906
11619,121.906
11620,121.906
11621,121.906
11622,121.906
11623,120.697
11624,120.697
11625,120.697
11626,120.697
11627,120.697
11628,120.697
11629,120.697
11630,120.697
11631,120.697
11632,120.697
11633,120.697
11634,120.697
11635,120.697
11636,120.697
11637,120.697
11638,120.697
11639,120.697
11640,120.697
11641,120.697
11642,120.697
11643,122.179
11644,122.179
11645,122.179
11646,122.179
11647,122.179
11648,122.179
11649,122.179
11650,122.179
11651,122.179
11652,122.179
11653,122.179
11654,122.179
11655,122.179
11656,122.179
11657,122.179
11658,122.179
11659,122.179
11660,122.179
11661,122.179
11662,122.179
11663,122.788
11664,122.788
11665,122.788
11666,122.788
11667,122.788
11668,122.788
11669,122.788
11670,122.788
11671,122.788
11672,122.788
11673,122.788
11674,122.788
11675,122.788
11676,122.788
11677,122.788
11678,122.788
11679,122.788
11680,122.788
11681,122.788
11682,122.788
11683,120.424
11684,120.424
11685,120.424
11686,120.424
11687,120.424
11688,120.424
11689,120.424
11690,120.424
11691,120.424
11692,120.424
11693,120.424
11694,120.424
11695,120.424
11696,120.424
11697,120.424
11698,120.424
11699,120.424
11700,120.424
11701,120.424
11702,120.424
11703,120.697
11704,120.697
11705,120.697
11706,120.697
11707,120.697
11708,120.697
11709,120.697
11710,120.697
11711,120.697
11712,120.697
11713,120.697
11714,120.697
11715,120.697
11716,120.697
11717,120.697
11718,120.697
11719,120.697
11720,120.697
11721,120.697
11722,120.697
11723,122.788
11724,122.788
11725,122.788
11726,122.788
11727,122.788
11728,122.788
11729,122.788
11730,122.788
11731,122.788
11732,122.788
11733,122.788
11734,122.788
11735,122.788
11736,122.788
11737,122.788
11738,122.788
11739,122.788
11740,122.788
11741,122.788
11742,122.788
11743,123.934
11744,123.934
11745,123.934
11746,123.934
11747,123.934
11748,123.934
11749,123.934
11750,123.934
11751,123.934
11752,123.934
11753,123.934
11754,123.934
11755,123.934
11756,123.934
11757,123.934
11758,123.934
11759,123.934
11760,123.934
11761,123.934
11762,123.934
11763,121.298
11764,121.298
11765,121.298
11766,121.298
11767,121.298
11768,121.298
11769,121.298
11770,121.298
11771,121.298
11772,121.298
11773,121.298
11774,121.298
11775,121.298
11776,121.298
11777,121.298
11778,121.298
11779,121.298
11780,121.298
11781,121.298
11782,121.298
11783,120.697
11784,120.697
11785,120.697
11786,120.697
11787,120.697
11788,120.697
11789,120.697
11790,120.697
11791,120.697
11792,120.697
11793,120.697
11794,120.697
11795,120.697
11796,120.697
11797,120.697
11798,120.697
11799,120.697
11800,120.697
11801,120.697
11802,120.697
11803,120.697
11804,122.788
11805,122.788
11806,122.788
11807,122.788
11808,122.788
11809,122.788
11810,122.788
11811,122.788
11812,122.788
11813,122.788
11814,122.788
11815,122.788
11816,122.788
11817,122.788
11818,122.788
11819,122.788
11820,122.788
11821,122.788
11822,122.788
11823,122.788
11824,122.452
11825,122.452
11826,122.452
11827,122.452
11828,122.452
11829,122.452
11830,122.452
11831,122.452
11832,122.452
11833,122.452
11834,122.452
11835,122.452
11836,122.452
11837,122.452
11838,122.452
11839,122.452
11840,122.452
11841,122.452
11842,122.452
11843,122.452
11844,120.424
11845,120.424
11846,120.424
11847,120.424
11848,120.424
11849,120.424
11850,120.424
11851,120.424
11852,120.424
11853,120.424
11854,120.424
11855,120.424
11856,120.424
11857,120.424
11858,120.424
11859,120.424
11860,120.424
11861,120.424
11862,120.424
11863,120.424
11864,120.697
11865,120.697
11866,120.697
11867,120.697
11868,120.697
11869,120.697
11870,120.697
11871,120.697
11872,120.697
11873,120.697
11874,120.697
11875,120.697
11876,120.697
11877,120.697
11878,120.697
11879,120.697
11880,120.697
11881,120.697
11882,120.697
11883,120.697
11884,122.179
11885,122.179
11886,122.179
11887,122.179
11888,122.179
11889,122.179
11890,122.179
11891,122.179
11892,122.179
11893,122.179
11894,122.179
11895,122.179
11896,122.179
11897,122.179
11898,122.179
11899,122.179
11900,122.179
11901,122.179
11902,122.179
11903,122.179
11904,123.061
11905,123.061
11906,123.061
11907,123.061
11908,123.061
11909,123.061
11910,123.061
11911,123.061
11912,123.061
11913,123.061
11914,123.061
11915,123.061
11916,123.061
11917,123.061
11918,123.061
11919,123.061
11920,123.061
11921,123.061
11922,123.061
11923,123.061
11924,120.97
11925,120.97
11926,120.97
11927,120.97
11928,120.97
11929,120.97
11930,120.97
11931,120.97
11932,120.97
11933,120.97
11934,120.97
11935,120.97
11936,120.97
11937,120.97
11938,120.97
11939,120.97
11940,120.97
11941,120.97
11942,120.97
11943,120.97
11944,120.097
11945,120.097
11946,120.097
11947,120.097
11948,120.097
11949,120.097
11950,120.097
11951,120.097
11952,120.097
11953,120.097
11954,120.097
11955,120.097
11956,120.097
11957,120.097
11958,120.097
11959,120.097
11960,120.097
11961,120.097
11962,120.097
11963,120.097
11964,120.097
11965,123.061
11966,123.061
11967,123.061
11968,123.061
11969,123.061
11970,123.061
11971,123.061
11972,123.061
11973,123.061
11974,123.061
11975,123.061
11976,123.061
11977,123.061
11978,123.061
11979,123.061
11980,123.061
11981,123.061
11982,123.061
11983,123.061
11984,123.061
11985,123.334
11986,123.334
11987,123.334
11988,123.334
11989,123.334
11990,123.334
11991,123.334
11992,123.334
11993,123.334
11994,123.334
11995,123.334
11996,123.334
11997,123.334
11998,123.334
11999,123.334
12000,123.334
12001,123.334
12002,123.334
12003,123.334
12004,123.334
12005,120.97
12006,120.97
12007,120.97
12008,120.97
12009,120.97
12010,120.97
12011,120.97
12012,120.97
12013,120.97
12014,120.97
12015,120.97
12016,120.97
12017,120.97
12018,120.97
12019,120.97
12020,120.97
12021,120.97
12022,120.97
12023,120.97
12024,120.97
12025,120.97
12026,120.97
12027,120.97
12028,120.97
12029,120.97
12030,120.97
12031,120.97
12032,120.97
12033,120.97
12034,120.97
12035,120.97
12036,120.97
12037,120.97
12038,120.97
12039,120.97
12040,120.97
12041,120.97
12042,120.97
12043,120.97
12044,120.97
12045,123.334
12046,123.334
12047,123.334
12048,123.334
12049,123.334
12050,123.334
12051,123.334
12052,123.334
12053,123.334
12054,123.334
12055,123.334
12056,123.334
12057,123.334
12058,123.334
12059,123.334
12060,123.334
12061,123.334
12062,123.334
12063,123.334
12064,123.334
12065,121.906
12066,121.906
12067,121.906
12068,121.906
12069,121.906
12070,121.906
12071,121.906
12072,121.906
12073,121.906
12074,121.906
12075,121.906
12076,121.906
12077,121.906
12078,121.906
12079,121.906
12080,121.906
12081,121.906
12082,121.906
12083,121.906
12084,121.906
12085,119.816
12086,119.816
12087,119.816
12088,119.816
12089,119.816
12090,119.816
12091,119.816
12092,119.816
12093,119.816
12094,119.816
12095,119.816
12096,119.816
12097,119.816
12098,119.816
12099,119.816
12100,119.816
12101,119.816
12102,119.816
12103,119.816
12104,119.816
12105,120.97
12106,120.97
12107,120.97
12108,120.97
12109,120.97
12110,120.97
12111,120.97
12112,120.97
12113,120.97
12114,120.97
12115,120.97
12116,120.97
12117,120.97
12118,120.97
12119,120.97
12120,120.97
12121,120.97
12122,120.97
12123,120.97
12124,120.97
12125,122.788
12126,122.788
12127,122.788
12128,122.788
12129,122.788
12130,122.788
12131,122.788
12132,122.788
12133,122.788
12134,122.788
12135,122.788
12136,122.788
12137,122.788
12138,122.788
12139,122.788
12140,122.788
12141,122.788
12142,122.788
12143,122.788
12144,122.788
12145,122.179
12146,122.179
12147,122.179
12148,122.179
12149,122.179
12150,122.179
12151,122.179
12152,122.179
12153,122.179
12154,122.179
12155,122.179
12156,122.179
12157,122.179
12158,122.179
12159,122.179
12160,122.179
12161,122.179
12162,122.179
12163,122.179
12164,122.179
12165,120.097
12166,120.097
12167,120.097
12168,120.097
12169,120.097
12170,120.097
12171,120.097
12172,120.097
12173,120.097
12174,120.097
12175,120.097
12176,120.097
12177,120.097
12178,120.097
12179,120.097
12180,120.097
12181,120.097
12182,120.097
12183,120.097
12184,120.097
12185,120.697
12186,120.697
12187,120.697
12188,120.697
12189,120.697
12190,120.697
12191,120.697
12192,120.697
12193,120.697
12194,120.697
12195,120.697
12196,120.697
12197,120.697
12198,120.697
12199,120.697
12200,120.697
12201,120.697
12202,120.697
12203,120.697
12204,120.697
12205,122.934
12206,122.934
12207,122.934
12208,122.934
12209,122.934
12210,122.934
12211,122.934
12212,122.934
12213,122.934
12214,122.934
12215,122.934
12216,122.934
12217,122.934
12218,122.934
12219,122.934
12220,122.934
12221,122.934
12222,122.934
12223,122.934
12224,122.934
12225,121.298
12226,121.298
12227,121.298
12228,121.298
12229,121.298
12230,121.298
12231,121.298
12232,121.298
12233,121.298
12234,121.298
12235,121.298
12236,121.298
12237,121.298
12238,121.298
12239,121.298
12240,121.298
12241,121.298
12242,121.298
12243,121.298
12244,121.298
12245,121.298
12246,119.693
12247,119.693
12248,119.693
12249,119.693
12250,119.693
12251,119.693
12252,119.693
12253,119.693
12254,119.693
12255,119.693
12256,119.693
12257,119.693
12258,119.693
12259,119.693
12260,119.693
12261,119.693
12262,119.693
12263,119.693
12264,119.693
12265,119.693
12266,120.846
12267,120.846
12268,120.846
12269,120.846
12270,120.846
12271,120.846
12272,120.846
12273,120.846
12274,120.846
12275,120.846
12276,120.846
12277,120.846
12278,120.846
12279,120.846
12280,120.846
12281,120.846
12282,120.846
12283,120.846
12284,120.846
12285,120.846
12286,123.207
12287,123.207
12288,123.207
12289,123.207
12290,123.207
12291,123.207
12292,123.207
12293,123.207
12294,123.207
12295,123.207
12296,123.207
12297,123.207
12298,123.207
12299,123.207
12300,123.207
12301,123.207
12302,123.207
12303,123.207
12304,123.207
12305,123.207
12306,122.662
12307,122.662
12308,122.662
12309,122.662
12310,122.662
12311,122.662
12312,122.662
12313,122.662
12314,122.662
12315,122.662
12316,122.662
12317,122.662
12318,122.662
12319,122.662
12320,122.662
12321,122.662
12322,122.662
12323,122.662
12324,122.662
12325,122.662
12326,120.424
12327,120.424
12328,120.424
12329,120.424
12330,120.424
12331,120.424
12332,120.424
12333,120.424
12334,120.424
12335,120.424
12336,120.424
12337,120.424
12338,120.424
12339,120.424
12340,120.424
12341,120.424
12342,120.424
12343,120.424
12344,120.424
12345,120.424
12346,121.298
12347,121.298
12348,121.298
12349,121.298
12350,121.298
12351,121.298
12352,121.298
12353,121.298
12354,121.298
12355,121.298
12356,121.298
12357,121.298
12358,121.298
12359,121.298
12360,121.298
12361,121.298
12362,121.298
12363,121.298
12364,121.298
12365,121.298
12366,123.061
12367,123.061
12368,123.061
12369,123.061
12370,123.061
12371,123.061
12372,123.061
12373,123.061
12374,123.061
12375,123.061
12376,123.061
12377,123.061
12378,123.061
12379,123.061
12380,123.061
12381,123.061
12382,123.061
12383,123.061
12384,123.061
12385,123.061
12386,121.422
12387,121.422
12388,121.422
12389,121.422
12390,121.422
12391,121.422
12392,121.422
12393,121.422
12394,121.422
12395,121.422
12396,121.422
12397,121.422
12398,121.422
12399,121.422
12400,121.422
12401,121.422
12402,121.422
12403,121.422
12404,121.422
12405,121.422
12406,119.939
12407,119.939
12408,119.939
12409,119.939
12410,119.939
12411,119.939
12412,119.939
12413,119.939
12414,119.939
12415,119.939
12416,119.939
12417,119.939
12418,119.939
12419,119.939
12420,119.939
12421,119.939
12422,119.939
12423,119.939
12424,119.939
12425,119.939
12426,121.298
12427,121.298
12428,121.298
12429,121.298
12430,121.298
12431,121.298
12432,121.298
12433,121.298
12434,121.298
12435,121.298
12436,121.298
12437,121.298
12438,121.298
12439,121.298
12440,121.298
12441,121.298
12442,121.298
12443,121.298
12444,121.298
12445,121.298
12446,123.334
12447,123.334
12448,123.334
12449,123.334
12450,123.334
12451,123.334
12452,123.334
12453,123.334
12454,123.334
12455,123.334
12456,123.334
12457,123.334
12458,123.334
12459,123.334
12460,123.334
12461,123.334
12462,123.334
12463,123.334
12464,123.334
12465,123.334
12466,121.579
12467,121.579
12468,121.579
12469,121.579
12470,121.579
12471,121.579
12472,121.579
12473,121.579
12474,121.579
12475,121.579
12476,121.579
12477,121.579
12478,121.579
12479,121.579
12480,121.579
12481,121.579
12482,121.579
12483,121.579
12484,121.579
12485,121.579
12486,121.579
12487,119.939
12488,119.939
12489,119.939
12490,119.939
12491,119.939
12492,119.939
12493,119.939
12494,119.939
12495,119.939
12496,119.939
12497,119.939
12498,119.939
12499,119.939
12500,119.939
12501,119.939
12502,119.939
12503,119.939
12504,119.939
12505,119.939
12506,119.939
12507,121.422
12508,121.422
12509,121.422
12510,121.422
12511,121.422
12512,121.422
12513,121.422
12514,121.422
12515,121.422
12516,121.422
12517,121.422
12518,121.422
12519,121.422
12520,121.422
12521,121.422
12522,121.422
12523,121.422
12524,121.422
12525,121.422
12526,121.422
12527,122.914
12528,122.914
12529,122.914
12530,122.914
12531,122.914
12532,122.914
12533,122.914
12534,122.914
12535,122.914
12536,122.914
12537,122.914
12538,122.914
12539,122.914
12540,122.914
12541,122.914
12542,122.914
12543,122.914
12544,122.914
12545,122.914
12546,122.914
12547,121.422
12548,121.422
12549,121.422
12550,121.422
12551,121.422
12552,121.422
12553,121.422
12554,121.422
12555,121.422
12556,121.422
12557,121.422
12558,121.422
12559,121.422
12560,121.422
12561,121.422
12562,121.422
12563,121.422
12564,121.422
12565,121.422
12566,121.422
12567,120.548
12568,120.548
12569,120.548
12570,120.548
12571,120.548
12572,120.548
12573,120.548
12574,120.548
12575,120.548
12576,120.548
12577,120.548
12578,120.548
12579,120.548
12580,120.548
12581,120.548
12582,120.548
12583,120.548
12584,120.548
12585,120.548
12586,120.548
12587,121.703
12588,121.703
12589,121.703
12590,121.703
12591,121.703
12592,121.703
12593,121.703
12594,121.703
12595,121.703
12596,121.703
12597,121.703
12598,121.703
12599,121.703
12600,121.703
12601,121.703
12602,121.703
12603,121.703
12604,121.703
12605,121.703
12606,121.703
12607,123.187
12608,123.187
12609,123.187
12610,123.187
12611,123.187
12612,123.187
12613,123.187
12614,123.187
12615,123.187
12616,123.187
12617,123.187
12618,123.187
12619,123.187
12620,123.187
12621,123.187
12622,123.187
12623,123.187
12624,123.187
12625,123.187
12626,123.187
12627,119.939
12628,119.939
12629,119.939
12630,119.939
12631,119.939
12632,119.939
12633,119.939
12634,119.939
12635,119.939
12636,119.939
12637,119.939
12638,119.939
12639,119.939
12640,119.939
12641,119.939
12642,119.939
12643,119.939
12644,119.939
12645,119.939
12646,119.939
12647,119.064
12648,119.064
12649,119.064
12650,119.064
12651,119.064
12652,119.064
12653,119.064
12654,119.064
12655,119.064
12656,119.064
12657,119.064
12658,119.064
12659,119.064
12660,119.064
12661,119.064
12662,119.064
12663,119.064
12664,119.064
12665,119.064
12666,119.064
12667,122.031
12668,122.031
12669,122.031
12670,122.031
12671,122.031
12672,122.031
12673,122.031
12674,122.031
12675,122.031
12676,122.031
12677,122.031
12678,122.031
12679,122.031
12680,122.031
12681,122.031
12682,122.031
12683,122.031
12684,122.031
12685,122.031
12686,122.031
12687,122.031
12688,123.46
12689,123.46
12690,123.46
12691,123.46
12692,123.46
12693,123.46
12694,123.46
12695,123.46
12696,123.46
12697,123.46
12698,123.46
12699,123.46
12700,123.46
12701,123.46
12702,123.46
12703,123.46
12704,123.46
12705,123.46
12706,123.46
12707,123.46
12708,121.422
12709,121.422
12710,121.422
12711,121.422
12712,121.422
12713,121.422
12714,121.422
12715,121.422
12716,121.422
12717,121.422
12718,121.422
12719,121.422
12720,121.422
12721,121.422
12722,121.422
12723,121.422
12724,121.422
12725,121.422
12726,121.422
12727,121.422
12728,120.548
12729,120.548
12730,120.548
12731,120.548
12732,120.548
12733,120.548
12734,120.548
12735,120.548
12736,120.548
12737,120.548
12738,120.548
12739,120.548
12740,120.548
12741,120.548
12742,120.548
12743,120.548
12744,120.548
12745,120.548
12746,120.548
12747,120.548
12748,122.031
12749,122.031
12750,122.031
12751,122.031
12752,122.031
12753,122.031
12754,122.031
12755,122.031
12756,122.031
12757,122.031
12758,122.031
12759,122.031
12760,122.031
12761,122.031
12762,122.031
12763,122.031
12764,122.031
12765,122.031
12766,122.031
12767,122.031
12768,122.305
12769,122.305
12770,122.305
12771,122.305
12772,122.305
12773,122.305
12774,122.305
12775,122.305
12776,122.305
12777,122.305
12778,122.305
12779,122.305
12780,122.305
12781,122.305
12782,122.305
12783,122.305
12784,122.305
12785,122.305
12786,122.305
12787,122.305
12788,120.548
12789,120.548
12790,120.548
12791,120.548
12792,120.548
12793,120.548
12794,120.548
12795,120.548
12796,120.548
12797,120.548
12798,120.548
12799,120.548
12800,120.548
12801,120.548
12802,120.548
12803,120.548
12804,120.548
12805,120.548
12806,120.548
12807,120.548
12808,120.548
12809,120.548
12810,120.548
12811,120.548
12812,120.548
12813,120.548
12814,120.548
12815,120.548
12816,120.548
12817,120.548
12818,120.548
12819,120.548
12820,120.548
12821,120.548
12822,120.548
12823,120.548
12824,120.548
12825,120.548
12826,120.548
12827,120.548
12828,122.031
12829,122.031
12830,122.031
12831,122.031
12832,122.031
12833,122.031
12834,122.031
12835,122.031
12836,122.031
12837,122.031
12838,122.031
12839,122.031
12840,122.031
12841,122.031
12842,122.031
12843,122.031
12844,122.031
12845,122.031
12846,122.031
12847,122.031
12848,123.187
12849,123.187
12850,123.187
12851,123.187
12852,123.187
12853,123.187
12854,123.187
12855,123.187
12856,123.187
12857,123.187
12858,123.187
12859,123.187
12860,123.187
12861,123.187
12862,123.187
12863,123.187
12864,123.187
12865,123.187
12866,123.187
12867,123.187
12868,120.548
12869,120.548
12870,120.548
12871,120.548
12872,120.548
12873,120.548
12874,120.548
12875,120.548
12876,120.548
12877,120.548
12878,120.548
12879,120.548
12880,120.548
12881,120.548
12882,120.548
12883,120.548
12884,120.548
12885,120.548
12886,120.548
12887,120.548
12888,120.548
12889,120.548
12890,120.548
12891,120.548
12892,120.548
12893,120.548
12894,120.548
12895,120.548
12896,120.548
12897,120.548
12898,120.548
12899,120.548
12900,120.548
12901,120.548
12902,120.548
12903,120.548
12904,120.548
12905,120.548
12906,120.548
12907,120.548
12908,120.548
12909,121.422
12910,121.422
12911,121.422
12912,121.422
12913,121.422
12914,121.422
12915,121.422
12916,121.422
12917,121.422
12918,121.422
12919,121.422
12920,121.422
12921,121.422
12922,121.422
12923,121.422
12924,121.422
12925,121.422
12926,121.422
12927,121.422
12928,121.422
12929,122.031
12930,122.031
12931,122.031
12932,122.031
12933,122.031
12934,122.031
12935,122.031
12936,122.031
12937,122.031
12938,122.031
12939,122.031
12940,122.031
12941,122.031
12942,122.031
12943,122.031
12944,122.031
12945,122.031
12946,122.031
12947,122.031
12948,122.031
12949,120.697
12950,120.697
12951,120.697
12952,120.697
12953,120.697
12954,120.697
12955,120.697
12956,120.697
12957,120.697
12958,120.697
12959,120.697
12960,120.697
12961,120.697
12962,120.697
12963,120.697
12964,120.697
12965,120.697
12966,120.697
12967,120.697
12968,120.697
12969,120.424
12970,120.424
12971,120.424
12972,120.424
12973,120.424
12974,120.424
12975,120.424
12976,120.424
12977,120.424
12978,120.424
12979,120.424
12980,120.424
12981,120.424
12982,120.424
12983,120.424
12984,120.424
12985,120.424
12986,120.424
12987,120.424
12988,120.424
12989,121.906
12990,121.906
12991,121.906
12992,121.906
12993,121.906
12994,121.906
12995,121.906
12996,121.906
12997,121.906
12998,121.906
12999,121.906
13000,121.906
13001,121.906
13002,121.906
13003,121.906
13004,121.906
13005,121.906
13006,121.906
13007,121.906
13008,121.906
13009,122.452
13010,122.452
13011,122.452
13012,122.452
13013,122.452
13014,122.452
13015,122.452
13016,122.452
13017,122.452
13018,122.452
13019,122.452
13020,122.452
13021,122.452
13022,122.452
13023,122.452
13024,122.452
13025,122.452
13026,122.452
13027,122.452
13028,122.452
13029,120.424
13030,120.424
13031,120.424
13032,120.424
13033,120.424
13034,120.424
13035,120.424
13036,120.424
13037,120.424
13038,120.424
13039,120.424
13040,120.424
13041,120.424
13042,120.424
13043,120.424
13044,120.424
13045,120.424
13046,120.424
13047,120.424
13048,120.424
13049,120.821
13050,120.821
13051,120.821
13052,120.821
13053,120.821
13054,120.821
13055,120.821
13056,120.821
13057,120.821
13058,120.821
13059,120.821
13060,120.821
13061,120.821
13062,120.821
13063,120.821
13064,120.821
13065,120.821
13066,120.821
13067,120.821
13068,120.821
13069,121.703
13070,121.703
13071,121.703
13072,121.703
13073,121.703
13074,121.703
13075,121.703
13076,121.703
13077,121.703
13078,121.703
13079,121.703
13080,121.703
13081,121.703
13082,121.703
13083,121.703
13084,121.703
13085,121.703
13086,121.703
13087,121.703
13088,121.703
13089,121.422
13090,121.422
13091,121.422
13092,121.422
13093,121.422
13094,121.422
13095,121.422
13096,121.422
13097,121.422
13098,121.422
13099,121.422
13100,121.422
13101,121.422
13102,121.422
13103,121.422
13104,121.422
13105,121.422
13106,121.422
13107,121.422
13108,121.422
13109,120.22
13110,120.22
13111,120.22
13112,120.22
13113,120.22
13114,120.22
13115,120.22
13116,120.22
13117,120.22
13118,120.22
13119,120.22
13120,120.22
13121,120.22
13122,120.22
13123,120.22
13124,120.22
13125,120.22
13126,120.22
13127,120.22
13128,120.22
13129,120.821
13130,120.821
13131,120.821
13132,120.821
13133,120.821
13134,120.821
13135,120.821
13136,120.821
13137,120.821
13138,120.821
13139,120.821
13140,120.821
13141,120.821
13142,120.821
13143,120.821
13144,120.821
13145,120.821
13146,120.821
13147,120.821
13148,120.821
13149,120.821
13150,122.788
13151,122.788
13152,122.788
13153,122.788
13154,122.788
13155,122.788
13156,122.788
13157,122.788
13158,122.788
13159,122.788
13160,122.788
13161,122.788
13162,122.788
13163,122.788
13164,122.788
13165,122.788
13166,122.788
13167,122.788
13168,122.788
13169,122.788
13170,121.173
13171,121.173
13172,121.173
13173,121.173
13174,121.173
13175,121.173
13176,121.173
13177,121.173
13178,121.173
13179,121.173
13180,121.173
13181,121.173
13182,121.173
13183,121.173
13184,121.173
13185,121.173
13186,121.173
13187,121.173
13188,121.173
13189,121.173
13190,119.665
13191,119.665
13192,119.665
13193,119.665
13194,119.665
13195,119.665
13196,119.665
13197,119.665
13198,119.665
13199,119.665
13200,119.665
13201,119.665
13202,119.665
13203,119.665
13204,119.665
13205,119.665
13206,119.665
13207,119.665
13208,119.665
13209,119.665
13210,120.821
13211,120.821
13212,120.821
13213,120.821
13214,120.821
13215,120.821
13216,120.821
13217,120.821
13218,120.821
13219,120.821
13220,120.821
13221,120.821
13222,120.821
13223,120.821
13224,120.821
13225,120.821
13226,120.821
13227,120.821
13228,120.821
13229,120.821
13230,122.578
13231,122.578
13232,122.578
13233,122.578
13234,122.578
13235,122.578
13236,122.578
13237,122.578
13238,122.578
13239,122.578
13240,122.578
13241,122.578
13242,122.578
13243,122.578
13244,122.578
13245,122.578
13246,122.578
13247,122.578
13248,122.578
13249,122.578
13250,122.031
13251,122.031
13252,122.031
13253,122.031
13254,122.031
13255,122.031
13256,122.031
13257,122.031
13258,122.031
13259,122.031
13260,122.031
13261,122.031
13262,122.031
13263,122.031
13264,122.031
13265,122.031
13266,122.031
13267,122.031
13268,122.031
13269,122.031
13270,120.22
13271,120.22
13272,120.22
13273,120.22
13274,120.22
13275,120.22
13276,120.22
13277,120.22
13278,120.22
13279,120.22
13280,120.22
13281,120.22
13282,120.22
13283,120.22
13284,120.22
13285,120.22
13286,120.22
13287,120.22
13288,120.22
13289,120.22
13290,121.094
13291,121.094
13292,121.094
13293,121.094
13294,121.094
13295,121.094
13296,121.094
13297,121.094
13298,121.094
13299,121.094
13300,121.094
13301,121.094
13302,121.094
13303,121.094
13304,121.094
13305,121.094
13306,121.094
13307,121.094
13308,121.094
13309,121.094
13310,122.578
13311,122.578
13312,122.578
13313,122.578
13314,122.578
13315,122.578
13316,122.578
13317,122.578
13318,122.578
13319,122.578
13320,122.578
13321,122.578
13322,122.578
13323,122.578
13324,122.578
13325,122.578
13326,122.578
13327,122.578
13328,122.578
13329,122.578
13330,120.821
13331,120.821
13332,120.821
13333,120.821
13334,120.821
13335,120.821
13336,120.821
13337,120.821
13338,120.821
13339,120.821
13340,120.821
13341,120.821
13342,120.821
13343,120.821
13344,120.821
13345,120.821
13346,120.821
13347,120.821
13348,120.821
13349,120.821
13350,119.665
13351,119.665
13352,119.665
13353,119.665
13354,119.665
13355,119.665
13356,119.665
13357,119.665
13358,119.665
13359,119.665
13360,119.665
13361,119.665
13362,119.665
13363,119.665
13364,119.665
13365,119.665
13366,119.665
13367,119.665
13368,119.665
13369,119.665
13370,120.548
13371,120.548
13372,120.548
13373,120.548
13374,120.548
13375,120.548
13376,120.548
13377,120.548
13378,120.548
13379,120.548
13380,120.548
13381,120.548
13382,120.548
13383,120.548
13384,120.548
13385,120.548
13386,120.548
13387,120.548
13388,120.548
13389,120.548
13390,120.548
13391,122.914
13392,122.914
13393,122.914
13394,122.914
13395,122.914
13396,122.914
13397,122.914
13398,122.914
13399,122.914
13400,122.914
13401,122.914
13402,122.914
13403,122.914
13404,122.914
13405,122.914
13406,122.914
13407,122.914
13408,122.914
13409,122.914
13410,122.914
13411,121.703
13412,121.703
13413,121.703
13414,121.703
13415,121.703
13416,121.703
13417,121.703
13418,121.703
13419,121.703
13420,121.703
13421,121.703
13422,121.703
13423,121.703
13424,121.703
13425,121.703
13426,121.703
13427,121.703
13428,121.703
13429,121.703
13430,121.703
13431,120.062
13432,120.062
13433,120.062
13434,120.062
13435,120.062
13436,120.062
13437,120.062
13438,120.062
13439,120.062
13440,120.062
13441,120.062
13442,120.062
13443,120.062
13444,120.062
13445,120.062
13446,120.062
13447,120.062
13448,120.062
13449,120.062
13450,120.062
13451,121.094
13452,121.094
13453,121.094
13454,121.094
13455,121.094
13456,121.094
13457,121.094
13458,121.094
13459,121.094
13460,121.094
13461,121.094
13462,121.094
13463,121.094
13464,121.094
13465,121.094
13466,121.094
13467,121.094
13468,121.094
13469,121.094
13470,121.094
13471,122.578
13472,122.578
13473,122.578
13474,122.578
13475,122.578
13476,122.578
13477,122.578
13478,122.578
13479,122.578
13480,122.578
13481,122.578
13482,122.578
13483,122.578
13484,122.578
13485,122.578
13486,122.578
13487,122.578
13488,122.578
13489,122.578
13490,122.578
13491,120.821
13492,120.821
13493,120.821
13494,120.821
13495,120.821
13496,120.821
13497,120.821
13498,120.821
13499,120.821
13500,120.821
13501,120.821
13502,120.821
13503,120.821
13504,120.821
13505,120.821
13506,120.821
13507,120.821
13508,120.821
13509,120.821
13510,120.821
13511,119.939
13512,119.939
13513,119.939
13514,119.939
13515,119.939
13516,119.939
13517,119.939
13518,119.939
13519,119.939
13520,119.939
13521,119.939
13522,119.939
13523,119.939
13524,119.939
13525,119.939
13526,119.939
13527,119.939
13528,119.939
13529,119.939
13530,119.939
13531,121.422
13532,121.422
13533,121.422
13534,121.422
13535,121.422
13536,121.422
13537,121.422
13538,121.422
13539,121.422
13540,121.422
13541,121.422
13542,121.422
13543,121.422
13544,121.422
13545,121.422
13546,121.422
13547,121.422
13548,121.422
13549,121.422
13550,121.422
13551,123.187
13552,123.187
13553,123.187
13554,123.187
13555,123.187
13556,123.187
13557,123.187
13558,123.187
13559,123.187
13560,123.187
13561,123.187
13562,123.187
13563,123.187
13564,123.187
13565,123.187
13566,123.187
13567,123.187
13568,123.187
13569,123.187
13570,123.187
13571,121.703
13572,121.703
13573,121.703
13574,121.703
13575,121.703
13576,121.703
13577,121.703
13578,121.703
13579,121.703
13580,121.703
13581,121.703
13582,121.703
13583,121.703
13584,121.703
13585,121.703
13586,121.703
13587,121.703
13588,121.703
13589,121.703
13590,121.703
13591,121.703
13592,120.22
13593,120.22
13594,120.22
13595,120.22
13596,120.22
13597,120.22
13598,120.22
13599,120.22
13600,120.22
13601,120.22
13602,120.22
13603,120.22
13604,120.22
13605,120.22
13606,120.22
13607,120.22
13608,120.22
13609,120.22
13610,120.22
13611,120.22
13612,121.094
13613,121.094
13614,121.094
13615,121.094
13616,121.094
13617,121.094
13618,121.094
13619,121.094
13620,121.094
13621,121.094
13622,121.094
13623,121.094
13624,121.094
13625,121.094
13626,121.094
13627,121.094
13628,121.094
13629,121.094
13630,121.094
13631,121.094
13632,122.305
13633,122.305
13634,122.305
13635,122.305
13636,122.305
13637,122.305
13638,122.305
13639,122.305
13640,122.305
13641,122.305
13642,122.305
13643,122.305
13644,122.305
13645,122.305
13646,122.305
13647,122.305
13648,122.305
13649,122.305
13650,122.305
13651,122.305
13652,121.094
13653,121.094
13654,121.094
13655,121.094
13656,121.094
13657,121.094
13658,121.094
13659,121.094
13660,121.094
13661,121.094
13662,121.094
13663,121.094
13664,121.094
13665,121.094
13666,121.094
13667,121.094
13668,121.094
13669,121.094
13670,121.094
13671,121.094
13672,119.665
13673,119.665
13674,119.665
13675,119.665
13676,119.665
13677,119.665
13678,119.665
13679,119.665
13680,119.665
13681,119.665
13682,119.665
13683,119.665
13684,119.665
13685,119.665
13686,119.665
13687,119.665
13688,119.665
13689,119.665
13690,119.665
13691,119.665
13692,121.422
13693,121.422
13694,121.422
13695,121.422
13696,121.422
13697,121.422
13698,121.422
13699,121.422
13700,121.422
13701,121.422
13702,121.422
13703,121.422
13704,121.422
13705,121.422
13706,121.422
13707,121.422
13708,121.422
13709,121.422
13710,121.422
13711,121.422
13712,122.788
13713,122.788
13714,122.788
13715,122.788
13716,122.788
13717,122.788
13718,122.788
13719,122.788
13720,122.788
13721,122.788
13722,122.788
13723,122.788
13724,122.788
13725,122.788
13726,122.788
13727,122.788
13728,122.788
13729,122.788
13730,122.788
13731,122.788
13732,120.548
13733,120.548
13734,120.548
13735,120.548
13736,120.548
13737,120.548
13738,120.548
13739,120.548
13740,120.548
13741,120.548
13742,120.548
13743,120.548
13744,120.548
13745,120.548
13746,120.548
13747,120.548
13748,120.548
13749,120.548
13750,120.548
13751,120.548
13752,119.665
13753,119.665
13754,119.665
13755,119.665
13756,119.665
13757,119.665
13758,119.665
13759,119.665
13760,119.665
13761,119.665
13762,119.665
13763,119.665
13764,119.665
13765,119.665
13766,119.665
13767,119.665
13768,119.665
13769,119.665
13770,119.665
13771,119.665
13772,121.422
13773,121.422
13774,121.422
13775,121.422
13776,121.422
13777,121.422
13778,121.422
13779,121.422
13780,121.422
13781,121.422
13782,121.422
13783,121.422
13784,121.422
13785,121.422
13786,121.422
13787,121.422
13788,121.422
13789,121.422
13790,121.422
13791,121.422
13792,123.187
13793,123.187
13794,123.187
13795,123.187
13796,123.187
13797,123.187
13798,123.187
13799,123.187
13800,123.187
13801,123.187
13802,123.187
13803,123.187
13804,123.187
13805,123.187
13806,123.187
13807,123.187
13808,123.187
13809,123.187
13810,123.187
13811,123.187
13812,120.821
13813,120.821
13814,120.821
13815,120.821
13816,120.821
13817,120.821
13818,120.821
13819,120.821
13820,120.821
13821,120.821
13822,120.821
13823,120.821
13824,120.821
13825,120.821
13826,120.821
13827,120.821
13828,120.821
13829,120.821
13830,120.821
13831,120.821
13832,120.548
13833,120.548
13834,120.548
13835,120.548
13836,120.548
13837,120.548
13838,120.548
13839,120.548
13840,120.548
13841,120.548
13842,120.548
13843,120.548
13844,120.548
13845,120.548
13846,120.548
13847,120.548
13848,120.548
13849,120.548
13850,120.548
13851,120.548
13852,120.548
13853,122.305
13854,122.305
13855,122.305
13856,122.305
13857,122.305
13858,122.305
13859,122.305
13860,122.305
13861,122.305
13862,122.305
13863,122.305
13864,122.305
13865,122.305
13866,122.305
13867,122.305
13868,122.305
13869,122.305
13870,122.305
13871,122.305
13872,122.305
13873,122.578
13874,122.578
13875,122.578
13876,122.578
13877,122.578
13878,122.578
13879,122.578
13880,122.578
13881,122.578
13882,122.578
13883,122.578
13884,122.578
13885,122.578
13886,122.578
13887,122.578
13888,122.578
13889,122.578
13890,122.578
13891,122.578
13892,122.578
13893,119.665
13894,119.665
13895,119.665
13896,119.665
13897,119.665
13898,119.665
13899,119.665
13900,119.665
13901,119.665
13902,119.665
13903,119.665
13904,119.665
13905,119.665
13906,119.665
13907,119.665
13908,119.665
13909,119.665
13910,119.665
13911,119.665
13912,119.665
13913,119.337
13914,119.337
13915,119.337
13916,119.337
13917,119.337
13918,119.337
13919,119.337
13920,119.337
13921,119.337
13922,119.337
13923,119.337
13924,119.337
13925,119.337
13926,119.337
13927,119.337
13928,119.337
13929,119.337
13930,119.337
13931,119.337
13932,119.337
13933,121.422
13934,121.422
13935,121.422
13936,121.422
13937,121.422
13938,121.422
13939,121.422
13940,121.422
13941,121.422
13942,121.422
13943,121.422
13944,121.422
13945,121.422
13946,121.422
13947,121.422
13948,121.422
13949,121.422
13950,121.422
13951,121.422
13952,121.422
13953,122.031
13954,122.031
13955,122.031
13956,122.031
13957,122.031
13958,122.031
13959,122.031
13960,122.031
13961,122.031
13962,122.031
13963,122.031
13964,122.031
13965,122.031
13966,122.031
13967,122.031
13968,122.031
13969,122.031
13970,122.031
13971,122.031
13972,122.031
13973,120.548
13974,120.548
13975,120.548
13976,120.548
13977,120.548
13978,120.548
13979,120.548
13980,120.548
13981,120.548
13982,120.548
13983,120.548
13984,120.548
13985,120.548
13986,120.548
13987,120.548
13988,120.548
13989,120.548
13990,120.548
13991,120.548
13992,120.548
13993,120.22
13994,120.22
13995,120.22
13996,120.22
13997,120.22
13998,120.22
13999,120.22
14000,120.22
14001,120.22
14002,120.22
14003,120.22
14004,120.22
14005,120.22
14006,120.22
14007,120.22
14008,120.22
14009,120.22
14010,120.22
14011,120.22
14012,120.22
14013,120.22
14014,121.422
14015,121.422
14016,121.422
14017,121.422
14018,121.422
14019,121.422
14020,121.422
14021,121.422
14022,121.422
14023,121.422
14024,121.422
14025,121.422
14026,121.422
14027,121.422
14028,121.422
14029,121.422
14030,121.422
14031,121.422
14032,121.422
14033,122.305
14034,122.305
14035,122.305
14036,122.305
14037,122.305
14038,122.305
14039,122.305
14040,122.305
14041,122.305
14042,122.305
14043,122.305
14044,122.305
14045,122.305
14046,122.305
14047,122.305
14048,122.305
14049,122.305
14050,122.305
14051,122.305
14052,122.305
14053,119.064
14054,119.064
14055,119.064
14056,119.064
14057,119.064
14058,119.064
14059,119.064
14060,119.064
14061,119.064
14062,119.064
14063,119.064
14064,119.064
14065,119.064
14066,119.064
14067,119.064
14068,119.064
14069,119.064
14070,119.064
14071,119.064
14072,119.064
14073,119.337
14074,119.337
14075,119.337
14076,119.337
14077,119.337
14078,119.337
14079,119.337
14080,119.337
14081,119.337
14082,119.337
14083,119.337
14084,119.337
14085,119.337
14086,119.337
14087,119.337
14088,119.337
14089,119.337
14090,119.337
14091,119.337
14092,119.337
14093,119.337
14094,122.031
14095,122.031
14096,122.031
14097,122.031
14098,122.031
14099,122.031
14100,122.031
14101,122.031
14102,122.031
14103,122.031
14104,122.031
14105,122.031
14106,122.031
14107,122.031
14108,122.031
14109,122.031
14110,122.031
14111,122.031
14112,122.031
14113,122.031
14114,122.031
14115,122.031
14116,122.031
14117,122.031
14118,122.031
14119,122.031
14120,122.031
14121,122.031
14122,122.031
14123,122.031
14124,122.031
14125,122.031
14126,122.031
14127,122.031
14128,122.031
14129,122.031
14130,122.031
14131,122.031
14132,122.031
14133,122.031
14134,119.939
14135,119.939
14136,119.939
14137,119.939
14138,119.939
14139,119.939
14140,119.939
14141,119.939
14142,119.939
14143,119.939
14144,119.939
14145,119.939
14146,119.939
14147,119.939
14148,119.939
14149,119.939
14150,119.939
14151,119.939
14152,119.939
14153,119.939
14154,120.22
14155,120.22
14156,120.22
14157,120.22
14158,120.22
14159,120.22
14160,120.22
14161,120.22
14162,120.22
14163,120.22
14164,120.22
14165,120.22
14166,120.22
14167,120.22
14168,120.22
14169,120.22
14170,120.22
14171,120.22
14172,120.22
14173,120.22
14174,121.703
14175,121.703
14176,121.703
14177,121.703
14178,121.703
14179,121.703
14180,121.703
14181,121.703
14182,121.703
14183,121.703
14184,121.703
14185,121.703
14186,121.703
14187,121.703
14188,121.703
14189,121.703
14190,121.703
14191,121.703
14192,121.703
14193,121.703
14194,121.422
14195,121.422
14196,121.422
14197,121.422
14198,121.422
14199,121.422
14200,121.422
14201,121.422
14202,121.422
14203,121.422
14204,121.422
14205,121.422
14206,121.422
14207,121.422
14208,121.422
14209,121.422
14210,121.422
14211,121.422
14212,121.422
14213,121.422
14214,119.064
14215,119.064
14216,119.064
14217,119.064
14218,119.064
14219,119.064
14220,119.064
14221,119.064
14222,119.064
14223,119.064
14224,119.064
14225,119.064
14226,119.064
14227,119.064
14228,119.064
14229,119.064
14230,119.064
14231,119.064
14232,119.064
14233,119.064
14234,120.22
14235,120.22
14236,120.22
14237,120.22
14238,120.22
14239,120.22
14240,120.22
14241,120.22
14242,120.22
14243,120.22
14244,120.22
14245,120.22
14246,120.22
14247,120.22
14248,120.22
14249,120.22
14250,120.22
14251,120.22
14252,120.22
14253,120.22
14254,122.305
14255,122.305
14256,122.305
14257,122.305
14258,122.305
14259,122.305
14260,122.305
14261,122.305
14262,122.305
14263,122.305
14264,122.305
14265,122.305
14266,122.305
14267,122.305
14268,122.305
14269,122.305
14270,122.305
14271,122.305
14272,122.305
14273,122.305
14274,121.547
14275,121.547
14276,121.547
14277,121.547
14278,121.547
14279,121.547
14280,121.547
14281,121.547
14282,121.547
14283,121.547
14284,121.547
14285,121.547
14286,121.547
14287,121.547
14288,121.547
14289,121.547
14290,121.547
14291,121.547
14292,121.547
14293,121.547
14294,121.547
14295,119.788
14296,119.788
14297,119.788
14298,119.788
14299,119.788
14300,119.788
14301,119.788
14302,119.788
14303,119.788
14304,119.788
14305,119.788
14306,119.788
14307,119.788
14308,119.788
14309,119.788
14310,119.788
14311,119.788
14312,119.788
14313,119.788
14314,119.788
14315,119.788
14316,119.788
14317,119.788
14318,119.788
14319,119.788
14320,119.788
14321,119.788
14322,119.788
14323,119.788
14324,119.788
14325,119.788
14326,119.788
14327,119.788
14328,119.788
14329,119.788
14330,119.788
14331,119.788
14332,119.788
14333,119.788
14334,119.788
14335,122.156
14336,122.156
14337,122.156
14338,122.156
14339,122.156
14340,122.156
14341,122.156
14342,122.156
14343,122.156
14344,122.156
14345,122.156
14346,122.156
14347,122.156
14348,122.156
14349,122.156
14350,122.156
14351,122.156
14352,122.156
14353,122.156
14354,122.156
14355,122.156
14356,122.156
14357,122.156
14358,122.156
14359,122.156
14360,122.156
14361,122.156
14362,122.156
14363,122.156
14364,122.156
14365,122.156
14366,122.156
14367,122.156
14368,122.156
14369,122.156
14370,122.156
14371,122.156
14372,122.156
14373,122.156
14374,122.156
14375,120.343
14376,120.343
14377,120.343
14378,120.343
14379,120.343
14380,120.343
14381,120.343
14382,120.343
14383,120.343
14384,120.343
14385,120.343
14386,120.343
14387,120.343
14388,120.343
14389,120.343
14390,120.343
14391,120.343
14392,120.343
14393,120.343
14394,120.343
14395,120.671
14396,120.671
14397,120.671
14398,120.671
14399,120.671
14400,120.671
14401,120.671
14402,120.671
14403,120.671
14404,120.671
14405,120.671
14406,120.671
14407,120.671
14408,120.671
14409,120.671
14410,120.671
14411,120.671
14412,120.671
14413,120.671
14414,120.671
14415,122.43
14416,122.43
14417,122.43
14418,122.43
14419,122.43
14420,122.43
14421,122.43
14422,122.43
14423,122.43
14424,122.43
14425,122.43
14426,122.43
14427,122.43
14428,122.43
14429,122.43
14430,122.43
14431,122.43
14432,122.43
14433,122.43
14434,122.43
14435,121.547
14436,121.547
14437,121.547
14438,121.547
14439,121.547
14440,121.547
14441,121.547
14442,121.547
14443,121.547
14444,121.547
14445,121.547
14446,121.547
14447,121.547
14448,121.547
14449,121.547
14450,121.547
14451,121.547
14452,121.547
14453,121.547
14454,121.547
14455,119.186
14456,119.186
14457,119.186
14458,119.186
14459,119.186
14460,119.186
14461,119.186
14462,119.186
14463,119.186
14464,119.186
14465,119.186
14466,119.186
14467,119.186
14468,119.186
14469,119.186
14470,119.186
14471,119.186
14472,119.186
14473,119.186
14474,119.186
14475,120.343
14476,120.343
14477,120.343
14478,120.343
14479,120.343
14480,120.343
14481,120.343
14482,120.343
14483,120.343
14484,120.343
14485,120.343
14486,120.343
14487,120.343
14488,120.343
14489,120.343
14490,120.343
14491,120.343
14492,120.343
14493,120.343
14494,120.343
14495,122.703
14496,122.703
14497,122.703
14498,122.703
14499,122.703
14500,122.703
14501,122.703
14502,122.703
14503,122.703
14504,122.703
14505,122.703
14506,122.703
14507,122.703
14508,122.703
14509,122.703
14510,122.703
14511,122.703
14512,122.703
14513,122.703
14514,122.703
14515,121.547
14516,121.547
14517,121.547
14518,121.547
14519,121.547
14520,121.547
14521,121.547
14522,121.547
14523,121.547
14524,121.547
14525,121.547
14526,121.547
14527,121.547
14528,121.547
14529,121.547
14530,121.547
14531,121.547
14532,121.547
14533,121.547
14534,121.547
14535,120.062
14536,120.062
14537,120.062
14538,120.062
14539,120.062
14540,120.062
14541,120.062
14542,120.062
14543,120.062
14544,120.062
14545,120.062
14546,120.062
14547,120.062
14548,120.062
14549,120.062
14550,120.062
14551,120.062
14552,120.062
14553,120.062
14554,120.062
14555,120.062
14556,120.945
14557,120.945
14558,120.945
14559,120.945
14560,120.945
14561,120.945
14562,120.945
14563,120.945
14564,120.945
14565,120.945
14566,120.945
14567,120.945
14568,120.945
14569,120.945
14570,120.945
14571,120.945
14572,120.945
14573,120.945
14574,120.945
14575,120.945
14576,123.039
14577,123.039
14578,123.039
14579,123.039
14580,123.039
14581,123.039
14582,123.039
14583,123.039
14584,123.039
14585,123.039
14586,123.039
14587,123.039
14588,123.039
14589,123.039
14590,123.039
14591,123.039
14592,123.039
14593,123.039
14594,123.039
14595,123.039
14596,120.945
14597,120.945
14598,120.945
14599,120.945
14600,120.945
14601,120.945
14602,120.945
14603,120.945
14604,120.945
14605,120.945
14606,120.945
14607,120.945
14608,120.945
14609,120.945
14610,120.945
14611,120.945
14612,120.945
14613,120.945
14614,120.945
14615,120.945
14616,118.303
14617,118.303
14618,118.303
14619,118.303
14620,118.303
14621,118.303
14622,118.303
14623,118.303
14624,118.303
14625,118.303
14626,118.303
14627,118.303
14628,118.303
14629,118.303
14630,118.303
14631,118.303
14632,118.303
14633,118.303
14634,118.303
14635,118.303
14636,120.945
14637,120.945
14638,120.945
14639,120.945
14640,120.945
14641,120.945
14642,120.945
14643,120.945
14644,120.945
14645,120.945
14646,120.945
14647,120.945
14648,120.945
14649,120.945
14650,120.945
14651,120.945
14652,120.945
14653,120.945
14654,120.945
14655,120.945
14656,122.43
14657,122.43
14658,122.43
14659,122.43
14660,122.43
14661,122.43
14662,122.43
14663,122.43
14664,122.43
14665,122.43
14666,122.43
14667,122.43
14668,122.43
14669,122.43
14670,122.43
14671,122.43
14672,122.43
14673,122.43
14674,122.43
14675,122.43
14676,121.218
14677,121.218
14678,121.218
14679,121.218
14680,121.218
14681,121.218
14682,121.218
14683,121.218
14684,121.218
14685,121.218
14686,121.218
14687,121.218
14688,121.218
14689,121.218
14690,121.218
14691,121.218
14692,121.218
14693,121.218
14694,121.218
14695,121.218
14696,119.788
14697,119.788
14698,119.788
14699,119.788
14700,119.788
14701,119.788
14702,119.788
14703,119.788
14704,119.788
14705,119.788
14706,119.788
14707,119.788
14708,119.788
14709,119.788
14710,119.788
14711,119.788
14712,119.788
14713,119.788
14714,119.788
14715,119.788
14716,121.218
14717,121.218
14718,121.218
14719,121.218
14720,121.218
14721,121.218
14722,121.218
14723,121.218
14724,121.218
14725,121.218
14726,121.218
14727,121.218
14728,121.218
14729,121.218
14730,121.218
14731,121.218
14732,121.218
14733,121.218
14734,121.218
14735,121.218
14736,122.703
14737,122.703
14738,122.703
14739,122.703
14740,122.703
14741,122.703
14742,122.703
14743,122.703
14744,122.703
14745,122.703
14746,122.703
14747,122.703
14748,122.703
14749,122.703
14750,122.703
14751,122.703
14752,122.703
14753,122.703
14754,122.703
14755,122.703
14756,122.703
14757,119.788
14758,119.788
14759,119.788
14760,119.788
14761,119.788
14762,119.788
14763,119.788
14764,119.788
14765,119.788
14766,119.788
14767,119.788
14768,119.788
14769,119.788
14770,119.788
14771,119.788
14772,119.788
14773,119.788
14774,119.788
14775,119.788
14776,119.788
14777,118.577
14778,118.577
14779,118.577
14780,118.577
14781,118.577
14782,118.577
14783,118.577
14784,118.577
14785,118.577
14786,118.577
14787,118.577
14788,118.577
14789,118.577
14790,118.577
14791,118.577
14792,118.577
14793,118.577
14794,118.577
14795,118.577
14796,118.577
14797,120.945
14798,120.945
14799,120.945
14800,120.945
14801,120.945
14802,120.945
14803,120.945
14804,120.945
14805,120.945
14806,120.945
14807,120.945
14808,120.945
14809,120.945
14810,120.945
14811,120.945
14812,120.945
14813,120.945
14814,120.945
14815,120.945
14816,120.945
14817,122.156
14818,122.156
14819,122.156
14820,122.156
14821,122.156
14822,122.156
14823,122.156
14824,122.156
14825,122.156
14826,122.156
14827,122.156
14828,122.156
14829,122.156
14830,122.156
14831,122.156
14832,122.156
14833,122.156
14834,122.156
14835,122.156
14836,122.156
14837,120.343
14838,120.343
14839,120.343
14840,120.343
14841,120.343
14842,120.343
14843,120.343
14844,120.343
14845,120.343
14846,120.343
14847,120.343
14848,120.343
14849,120.343
14850,120.343
14851,120.343
14852,120.343
14853,120.343
14854,120.343
14855,120.343
14856,120.343
14857,118.303
14858,118.303
14859,118.303
14860,118.303
14861,118.303
14862,118.303
14863,118.303
14864,118.303
14865,118.303
14866,118.303
14867,118.303
14868,118.303
14869,118.303
14870,118.303
14871,118.303
14872,118.303
14873,118.303
14874,118.303
14875,118.303
14876,118.303
14877,121.218
14878,121.218
14879,121.218
14880,121.218
14881,121.218
14882,121.218
14883,121.218
14884,121.218
14885,121.218
14886,121.218
14887,121.218
14888,121.218
14889,121.218
14890,121.218
14891,121.218
14892,121.218
14893,121.218
14894,121.218
14895,121.218
14896,121.218
14897,122.703
14898,122.703
14899,122.703
14900,122.703
14901,122.703
14902,122.703
14903,122.703
14904,122.703
14905,122.703
14906,122.703
14907,122.703
14908,122.703
14909,122.703
14910,122.703
14911,122.703
14912,122.703
14913,122.703
14914,122.703
14915,122.703
14916,122.703
14917,120.945
14918,120.945
14919,120.945
14920,120.945
14921,120.945
14922,120.945
14923,120.945
14924,120.945
14925,120.945
14926,120.945
14927,120.945
14928,120.945
14929,120.945
14930,120.945
14931,120.945
14932,120.945
14933,120.945
14934,120.945
14935,120.945
14936,120.945
14937,120.945
14938,120.062
14939,120.062
14940,120.062
14941,120.062
14942,120.062
14943,120.062
14944,120.062
14945,120.062
14946,120.062
14947,120.062
14948,120.062
14949,120.062
14950,120.062
14951,120.062
14952,120.062
14953,120.062
14954,120.062
14955,120.062
14956,120.062
14957,120.062
14958,121.828
14959,121.828
14960,121.828
14961,121.828
14962,121.828
14963,121.828
14964,121.828
14965,121.828
14966,121.828
14967,121.828
14968,121.828
14969,121.828
14970,121.828
14971,121.828
14972,121.828
14973,121.828
14974,121.828
14975,121.828
14976,121.828
14977,121.828
14978,122.703
14979,122.703
14980,122.703
14981,122.703
14982,122.703
14983,122.703
14984,122.703
14985,122.703
14986,122.703
14987,122.703
14988,122.703
14989,122.703
14990,122.703
14991,122.703
14992,122.703
14993,122.703
14994,122.703
14995,122.703
14996,122.703
14997,122.703
14998,119.788
14999,119.788
15000,119.788
15001,119.788
15002,119.788
15003,119.788
15004,119.788
15005,119.788
15006,119.788
15007,119.788
15008,119.788
15009,119.788
15010,119.788
15011,119.788
15012,119.788
15013,119.788
15014,119.788
15015,119.788
15016,119.788
15017,119.788
15018,119.46
15019,119.46
15020,119.46
15021,119.46
15022,119.46
15023,119.46
15024,119.46
15025,119.46
15026,119.46
15027,119.46
15028,119.46
15029,119.46
15030,119.46
15031,119.46
15032,119.46
15033,119.46
15034,119.46
15035,119.46
15036,119.46
15037,119.46
15038,121.547
15039,121.547
15040,121.547
15041,121.547
15042,121.547
15043,121.547
15044,121.547
15045,121.547
15046,121.547
15047,121.547
15048,121.547
15049,121.547
15050,121.547
15051,121.547
15052,121.547
15053,121.547
15054,121.547
15055,121.547
15056,121.547
15057,121.547
15058,122.156
15059,122.156
15060,122.156
15061,122.156
15062,122.156
15063,122.156
15064,122.156
15065,122.156
15066,122.156
15067,122.156
15068,122.156
15069,122.156
15070,122.156
15071,122.156
15072,122.156
15073,122.156
15074,122.156
15075,122.156
15076,122.156
15077,122.156
15078,120.343
15079,120.343
15080,120.343
15081,120.343
15082,120.343
15083,120.343
15084,120.343
15085,120.343
15086,120.343
15087,120.343
15088,120.343
15089,120.343
15090,120.343
15091,120.343
15092,120.343
15093,120.343
15094,120.343
15095,120.343
15096,120.343
15097,120.343
15098,119.788
15099,119.788
15100,119.788
15101,119.788
15102,119.788
15103,119.788
15104,119.788
15105,119.788
15106,119.788
15107,119.788
15108,119.788
15109,119.788
15110,119.788
15111,119.788
15112,119.788
15113,119.788
15114,119.788
15115,119.788
15116,119.788
15117,119.788
15118,121.547
15119,121.547
15120,121.547
15121,121.547
15122,121.547
15123,121.547
15124,121.547
15125,121.547
15126,121.547
15127,121.547
15128,121.547
15129,121.547
15130,121.547
15131,121.547
15132,121.547
15133,121.547
15134,121.547
15135,121.547
15136,121.547
15137,121.547
15138,121.547
15139,122.156
15140,122.156
15141,122.156
15142,122.156
15143,122.156
15144,122.156
15145,122.156
15146,122.156
15147,122.156
15148,122.156
15149,122.156
15150,122.156
15151,122.156
15152,122.156
15153,122.156
15154,122.156
15155,122.156
15156,122.156
15157,122.156
15158,122.156
15159,118.728
15160,118.728
15161,118.728
15162,118.728
15163,118.728
15164,118.728
15165,118.728
15166,118.728
15167,118.728
15168,118.728
15169,118.728
15170,118.728
15171,118.728
15172,118.728
15173,118.728
15174,118.728
15175,118.728
15176,118.728
15177,118.728
15178,118.728
15179,119.186
15180,119.186
15181,119.186
15182,119.186
15183,119.186
15184,119.186
15185,119.186
15186,119.186
15187,119.186
15188,119.186
15189,119.186
15190,119.186
15191,119.186
15192,119.186
15193,119.186
15194,119.186
15195,119.186
15196,119.186
15197,119.186
15198,119.186
15199,121.218
15200,121.218
15201,121.218
15202,121.218
15203,121.218
15204,121.218
15205,121.218
15206,121.218
15207,121.218
15208,121.218
15209,121.218
15210,121.218
15211,121.218
15212,121.218
15213,121.218
15214,121.218
15215,121.218
15216,121.218
15217,121.218
15218,121.218
15219,121.703
15220,121.703
15221,121.703
15222,121.703
15223,121.703
15224,121.703
15225,121.703
15226,121.703
15227,121.703
15228,121.703
15229,121.703
15230,121.703
15231,121.703
15232,121.703
15233,121.703
15234,121.703
15235,121.703
15236,121.703
15237,121.703
15238,121.703
15239,120.22
15240,120.22
15241,120.22
15242,120.22
15243,120.22
15244,120.22
15245,120.22
15246,120.22
15247,120.22
15248,120.22
15249,120.22
15250,120.22
15251,120.22
15252,120.22
15253,120.22
15254,120.22
15255,120.22
15256,120.22
15257,120.22
15258,120.22
15259,119.939
15260,119.939
15261,119.939
15262,119.939
15263,119.939
15264,119.939
15265,119.939
15266,119.939
15267,119.939
15268,119.939
15269,119.939
15270,119.939
15271,119.939
15272,119.939
15273,119.939
15274,119.939
15275,119.939
15276,119.939
15277,119.939
15278,119.939
15279,121.703
15280,121.703
15281,121.703
15282,121.703
15283,121.703
15284,121.703
15285,121.703
15286,121.703
15287,121.703
15288,121.703
15289,121.703
15290,121.703
15291,121.703
15292,121.703
15293,121.703
15294,121.703
15295,121.703
15296,121.703
15297,121.703
15298,121.703
15299,121.094
15300,121.094
15301,121.094
15302,121.094
15303,121.094
15304,121.094
15305,121.094
15306,121.094
15307,121.094
15308,121.094
15309,121.094
15310,121.094
15311,121.094
15312,121.094
15313,121.094
15314,121.094
15315,121.094
15316,121.094
15317,121.094
15318,121.094
15319,118.728
15320,118.728
15321,118.728
15322,118.728
15323,118.728
15324,118.728
15325,118.728
15326,118.728
15327,118.728
15328,118.728
15329,118.728
15330,118.728
15331,118.728
15332,118.728
15333,118.728
15334,118.728
15335,118.728
15336,118.728
15337,118.728
15338,118.728
15339,119.939
15340,119.939
15341,119.939
15342,119.939
15343,119.939
15344,119.939
15345,119.939
15346,119.939
15347,119.939
15348,119.939
15349,119.939
15350,119.939
15351,119.939
15352,119.939
15353,119.939
15354,119.939
15355,119.939
15356,119.939
15357,119.939
15358,119.939
15359,119.939
15360,121.703
15361,121.703
15362,121.703
15363,121.703
15364,121.703
15365,121.703
15366,121.703
15367,121.703
15368,121.703
15369,121.703
15370,121.703
15371,121.703
15372,121.703
15373,121.703
15374,121.703
15375,121.703
15376,121.703
15377,121.703
15378,121.703
15379,121.703
15380,121.703
15381,121.703
15382,121.703
15383,121.703
15384,121.703
15385,121.703
15386,121.703
15387,121.703
15388,121.703
15389,121.703
15390,121.703
15391,121.703
15392,121.703
15393,121.703
15394,121.703
15395,121.703
15396,121.703
15397,121.703
15398,121.703
15399,121.703
15400,118.455
15401,118.455
15402,118.455
15403,118.455
15404,118.455
15405,118.455
15406,118.455
15407,118.455
15408,118.455
15409,118.455
15410,118.455
15411,118.455
15412,118.455
15413,118.455
15414,118.455
15415,118.455
15416,118.455
15417,118.455
15418,118.455
15419,118.455
15420,119.337
15421,119.337
15422,119.337
15423,119.337
15424,119.337
15425,119.337
15426,119.337
15427,119.337
15428,119.337
15429,119.337
15430,119.337
15431,119.337
15432,119.337
15433,119.337
15434,119.337
15435,119.337
15436,119.337
15437,119.337
15438,119.337
15439,119.337
15440,122.031
15441,122.031
15442,122.031
15443,122.031
15444,122.031
15445,122.031
15446,122.031
15447,122.031
15448,122.031
15449,122.031
15450,122.031
15451,122.031
15452,122.031
15453,122.031
15454,122.031
15455,122.031
15456,122.031
15457,122.031
15458,122.031
15459,122.031
15460,121.422
15461,121.422
15462,121.422
15463,121.422
15464,121.422
15465,121.422
15466,121.422
15467,121.422
15468,121.422
15469,121.422
15470,121.422
15471,121.422
15472,121.422
15473,121.422
15474,121.422
15475,121.422
15476,121.422
15477,121.422
15478,121.422
15479,121.422
15480,119.939
15481,119.939
15482,119.939
15483,119.939
15484,119.939
15485,119.939
15486,119.939
15487,119.939
15488,119.939
15489,119.939
15490,119.939
15491,119.939
15492,119.939
15493,119.939
15494,119.939
15495,119.939
15496,119.939
15497,119.939
15498,119.939
15499,119.939
15500,120.548
15501,120.548
15502,120.548
15503,120.548
15504,120.548
15505,120.548
15506,120.548
15507,120.548
15508,120.548
15509,120.548
15510,120.548
15511,120.548
15512,120.548
15513,120.548
15514,120.548
15515,120.548
15516,120.548
15517,120.548
15518,120.548
15519,120.548
15520,122.179
15521,122.179
15522,122.179
15523,122.179
15524,122.179
15525,122.179
15526,122.179
15527,122.179
15528,122.179
15529,122.179
15530,122.179
15531,122.179
15532,122.179
15533,122.179
15534,122.179
15535,122.179
15536,122.179
15537,122.179
15538,122.179
15539,122.179
15540,120.821
15541,120.821
15542,120.821
15543,120.821
15544,120.821
15545,120.821
15546,120.821
15547,120.821
15548,120.821
15549,120.821
15550,120.821
15551,120.821
15552,120.821
15553,120.821
15554,120.821
15555,120.821
15556,120.821
15557,120.821
15558,120.821
15559,120.821
15560,118.728
15561,118.728
15562,118.728
15563,118.728
15564,118.728
15565,118.728
15566,118.728
15567,118.728
15568,118.728
15569,118.728
15570,118.728
15571,118.728
15572,118.728
15573,118.728
15574,118.728
15575,118.728
15576,118.728
15577,118.728
15578,118.728
15579,118.728
15580,120.22
15581,120.22
15582,120.22
15583,120.22
15584,120.22
15585,120.22
15586,120.22
15587,120.22
15588,120.22
15589,120.22
15590,120.22
15591,120.22
15592,120.22
15593,120.22
15594,120.22
15595,120.22
15596,120.22
15597,120.22
15598,120.22
15599,120.22
15600,120.22
15601,122.305
15602,122.305
15603,122.305
15604,122.305
15605,122.305
15606,122.305
15607,122.305
15608,122.305
15609,122.305
15610,122.305
15611,122.305
15612,122.305
15613,122.305
15614,122.305
15615,122.305
15616,122.305
15617,122.305
15618,122.305
15619,122.305
15620,122.305
15621,121.422
15622,121.422
15623,121.422
15624,121.422
15625,121.422
15626,121.422
15627,121.422
15628,121.422
15629,121.422
15630,121.422
15631,121.422
15632,121.422
15633,121.422
15634,121.422
15635,121.422
15636,121.422
15637,121.422
15638,121.422
15639,121.422
15640,121.422
15641,119.939
15642,119.939
15643,119.939
15644,119.939
15645,119.939
15646,119.939
15647,119.939
15648,119.939
15649,119.939
15650,119.939
15651,119.939
15652,119.939
15653,119.939
15654,119.939
15655,119.939
15656,119.939
15657,119.939
15658,119.939
15659,119.939
15660,119.939
15661,120.548
15662,120.548
15663,120.548
15664,120.548
15665,120.548
15666,120.548
15667,120.548
15668,120.548
15669,120.548
15670,120.548
15671,120.548
15672,120.548
15673,120.548
15674,120.548
15675,120.548
15676,120.548
15677,120.548
15678,120.548
15679,120.548
15680,120.548
15681,122.452
15682,122.452
15683,122.452
15684,122.452
15685,122.452
15686,122.452
15687,122.452
15688,122.452
15689,122.452
15690,122.452
15691,122.452
15692,122.452
15693,122.452
15694,122.452
15695,122.452
15696,122.452
15697,122.452
15698,122.452
15699,122.452
15700,122.452
15701,120.697
15702,120.697
15703,120.697
15704,120.697
15705,120.697
15706,120.697
15707,120.697
15708,120.697
15709,120.697
15710,120.697
15711,120.697
15712,120.697
15713,120.697
15714,120.697
15715,120.697
15716,120.697
15717,120.697
15718,120.697
15719,120.697
15720,120.697
15721,118.061
15722,118.061
15723,118.061
15724,118.061
15725,118.061
15726,118.061
15727,118.061
15728,118.061
15729,118.061
15730,118.061
15731,118.061
15732,118.061
15733,118.061
15734,118.061
15735,118.061
15736,118.061
15737,118.061
15738,118.061
15739,118.061
15740,118.061
15741,120.573
15742,120.573
15743,120.573
15744,120.573
15745,120.573
15746,120.573
15747,120.573
15748,120.573
15749,120.573
15750,120.573
15751,120.573
15752,120.573
15753,120.573
15754,120.573
15755,120.573
15756,120.573
15757,120.573
15758,120.573
15759,120.573
15760,120.573
15761,122.179
15762,122.179
15763,122.179
15764,122.179
15765,122.179
15766,122.179
15767,122.179
15768,122.179
15769,122.179
15770,122.179
15771,122.179
15772,122.179
15773,122.179
15774,122.179
15775,122.179
15776,122.179
15777,122.179
15778,122.179
15779,122.179
15780,122.179
15781,121.298
15782,121.298
15783,121.298
15784,121.298
15785,121.298
15786,121.298
15787,121.298
15788,121.298
15789,121.298
15790,121.298
15791,121.298
15792,121.298
15793,121.298
15794,121.298
15795,121.298
15796,121.298
15797,121.298
15798,121.298
15799,121.298
15800,121.298
15801,119.543
15802,119.543
15803,119.543
15804,119.543
15805,119.543
15806,119.543
15807,119.543
15808,119.543
15809,119.543
15810,119.543
15811,119.543
15812,119.543
15813,119.543
15814,119.543
15815,119.543
15816,119.543
15817,119.543
15818,119.543
15819,119.543
15820,119.543
15821,120.97
15822,120.97
15823,120.97
15824,120.97
15825,120.97
15826,120.97
15827,120.97
15828,120.97
15829,120.97
15830,120.97
15831,120.97
15832,120.97
15833,120.97
15834,120.97
15835,120.97
15836,120.97
15837,120.97
15838,120.97
15839,120.97
15840,120.97
15841,120.97
15842,122.452
15843,122.452
15844,122.452
15845,122.452
15846,122.452
15847,122.452
15848,122.452
15849,122.452
15850,122.452
15851,122.452
15852,122.452
15853,122.452
15854,122.452
15855,122.452
15856,122.452
15857,122.452
15858,122.452
15859,122.452
15860,122.452
15861,122.452
15862,119.543
15863,119.543
15864,119.543
15865,119.543
15866,119.543
15867,119.543
15868,119.543
15869,119.543
15870,119.543
15871,119.543
15872,119.543
15873,119.543
15874,119.543
15875,119.543
15876,119.543
15877,119.543
15878,119.543
15879,119.543
15880,119.543
15881,119.543
15882,118.334
15883,118.334
15884,118.334
15885,118.334
15886,118.334
15887,118.334
15888,118.334
15889,118.334
15890,118.334
15891,118.334
15892,118.334
15893,118.334
15894,118.334
15895,118.334
15896,118.334
15897,118.334
15898,118.334
15899,118.334
15900,118.334
15901,118.334
15902,120.697
15903,120.697
15904,120.697
15905,120.697
15906,120.697
15907,120.697
15908,120.697
15909,120.697
15910,120.697
15911,120.697
15912,120.697
15913,120.697
15914,120.697
15915,120.697
15916,120.697
15917,120.697
15918,120.697
15919,120.697
15920,120.697
15921,120.697
15922,122.179
15923,122.179
15924,122.179
15925,122.179
15926,122.179
15927,122.179
15928,122.179
15929,122.179
15930,122.179
15931,122.179
15932,122.179
15933,122.179
15934,122.179
15935,122.179
15936,122.179
15937,122.179
15938,122.179
15939,122.179
15940,122.179
15941,122.179
15942,121.094
15943,121.094
15944,121.094
15945,121.094
15946,121.094
15947,121.094
15948,121.094
15949,121.094
15950,121.094
15951,121.094
15952,121.094
15953,121.094
15954,121.094
15955,121.094
15956,121.094
15957,121.094
15958,121.094
15959,121.094
15960,121.094
15961,121.094
15962,119.816
15963,119.816
15964,119.816
15965,119.816
15966,119.816
15967,119.816
15968,119.816
15969,119.816
15970,119.816
15971,119.816
15972,119.816
15973,119.816
15974,119.816
15975,119.816
15976,119.816
15977,119.816
15978,119.816
15979,119.816
15980,119.816
15981,119.816
15982,121.094
15983,121.094
15984,121.094
15985,121.094
15986,121.094
15987,121.094
15988,121.094
15989,121.094
15990,121.094
15991,121.094
15992,121.094
15993,121.094
15994,121.094
15995,121.094
15996,121.094
15997,121.094
15998,121.094
15999,121.094
16000,121.094
16001,121.094
16002,122.305
16003,122.305
16004,122.305
16005,122.305
16006,122.305
16007,122.305
16008,122.305
16009,122.305
16010,122.305
16011,122.305
16012,122.305
16013,122.305
16014,122.305
16015,122.305
16016,122.305
16017,122.305
16018,122.305
16019,122.305
16020,122.305
16021,122.305
16022,120.548
16023,120.548
16024,120.548
16025,120.548
16026,120.548
16027,120.548
16028,120.548
16029,120.548
16030,120.548
16031,120.548
16032,120.548
16033,120.548
16034,120.548
16035,120.548
16036,120.548
16037,120.548
16038,120.548
16039,120.548
16040,120.548
16041,120.548
16042,119.939
16043,119.939
16044,119.939
16045,119.939
16046,119.939
16047,119.939
16048,119.939
16049,119.939
16050,119.939
16051,119.939
16052,119.939
16053,119.939
16054,119.939
16055,119.939
16056,119.939
16057,119.939
16058,119.939
16059,119.939
16060,119.939
16061,119.939
16062,119.939
16063,122.305
16064,122.305
16065,122.305
16066,122.305
16067,122.305
16068,122.305
16069,122.305
16070,122.305
16071,122.305
16072,122.305
16073,122.305
16074,122.305
16075,122.305
16076,122.305
16077,122.305
16078,122.305
16079,122.305
16080,122.305
16081,122.305
16082,122.305
16083,122.305
16084,122.305
16085,122.305
16086,122.305
16087,122.305
16088,122.305
16089,122.305
16090,122.305
16091,122.305
16092,122.305
16093,122.305
16094,122.305
16095,122.305
16096,122.305
16097,122.305
16098,122.305
16099,122.305
16100,122.305
16101,122.305
16102,122.305
16103,119.064
16104,119.064
16105,119.064
16106,119.064
16107,119.064
16108,119.064
16109,119.064
16110,119.064
16111,119.064
16112,119.064
16113,119.064
16114,119.064
16115,119.064
16116,119.064
16117,119.064
16118,119.064
16119,119.064
16120,119.064
16121,119.064
16122,119.064
16123,119.939
16124,119.939
16125,119.939
16126,119.939
16127,119.939
16128,119.939
16129,119.939
16130,119.939
16131,119.939
16132,119.939
16133,119.939
16134,119.939
16135,119.939
16136,119.939
16137,119.939
16138,119.939
16139,119.939
16140,119.939
16141,119.939
16142,119.939
16143,122.305
16144,122.305
16145,122.305
16146,122.305
16147,122.305
16148,122.305
16149,122.305
16150,122.305
16151,122.305
16152,122.305
16153,122.305
16154,122.305
16155,122.305
16156,122.305
16157,122.305
16158,122.305
16159,122.305
16160,122.305
16161,122.305
16162,122.305
16163,122.305
16164,122.305
16165,122.305
16166,122.305
16167,122.305
16168,122.305
16169,122.305
16170,122.305
16171,122.305
16172,122.305
16173,122.305
16174,122.305
16175,122.305
16176,122.305
16177,122.305
16178,122.305
16179,122.305
16180,122.305
16181,122.305
16182,122.305
16183,120.548
16184,120.548
16185,120.548
16186,120.548
16187,120.548
16188,120.548
16189,120.548
16190,120.548
16191,120.548
16192,120.548
16193,120.548
16194,120.548
16195,120.548
16196,120.548
16197,120.548
16198,120.548
16199,120.548
16200,120.548
16201,120.548
16202,120.548
16203,120.22
16204,120.22
16205,120.22
16206,120.22
16207,120.22
16208,120.22
16209,120.22
16210,120.22
16211,120.22
16212,120.22
16213,120.22
16214,120.22
16215,120.22
16216,120.22
16217,120.22
16218,120.22
16219,120.22
16220,120.22
16221,120.22
16222,120.22
16223,122.031
16224,122.031
16225,122.031
16226,122.031
16227,122.031
16228,122.031
16229,122.031
16230,122.031
16231,122.031
16232,122.031
16233,122.031
16234,122.031
16235,122.031
16236,122.031
16237,122.031
16238,122.031
16239,122.031
16240,122.031
16241,122.031
16242,122.031
16243,121.422
16244,121.422
16245,121.422
16246,121.422
16247,121.422
16248,121.422
16249,121.422
16250,121.422
16251,121.422
16252,121.422
16253,121.422
16254,121.422
16255,121.422
16256,121.422
16257,121.422
16258,121.422
16259,121.422
16260,121.422
16261,121.422
16262,121.422
16263,118.728
16264,118.728
16265,118.728
16266,118.728
16267,118.728
16268,118.728
16269,118.728
16270,118.728
16271,118.728
16272,118.728
16273,118.728
16274,118.728
16275,118.728
16276,118.728
16277,118.728
16278,118.728
16279,118.728
16280,118.728
16281,118.728
16282,118.728
16283,119.665
16284,119.665
16285,119.665
16286,119.665
16287,119.665
16288,119.665
16289,119.665
16290,119.665
16291,119.665
16292,119.665
16293,119.665
16294,119.665
16295,119.665
16296,119.665
16297,119.665
16298,119.665
16299,119.665
16300,119.665
16301,119.665
16302,119.665
16303,119.665
16304,122.031
16305,122.031
16306,122.031
16307,122.031
16308,122.031
16309,122.031
16310,122.031
16311,122.031
16312,122.031
16313,122.031
16314,122.031
16315,122.031
16316,122.031
16317,122.031
16318,122.031
16319,122.031
16320,122.031
16321,122.031
16322,122.031
16323,122.031
16324,121.703
16325,121.703
16326,121.703
16327,121.703
16328,121.703
16329,121.703
16330,121.703
16331,121.703
16332,121.703
16333,121.703
16334,121.703
16335,121.703
16336,121.703
16337,121.703
16338,121.703
16339,121.703
16340,121.703
16341,121.703
16342,121.703
16343,121.703
16344,119.939
16345,119.939
16346,119.939
16347,119.939
16348,119.939
16349,119.939
16350,119.939
16351,119.939
16352,119.939
16353,119.939
16354,119.939
16355,119.939
16356,119.939
16357,119.939
16358,119.939
16359,119.939
16360,119.939
16361,119.939
16362,119.939
16363,119.939
16364,119.939
16365,119.939
16366,119.939
16367,119.939
16368,119.939
16369,119.939
16370,119.939
16371,119.939
16372,119.939
16373,119.939
16374,119.939
16375,119.939
16376,119.939
16377,119.939
16378,119.939
16379,119.939
16380,119.939
16381,119.939
16382,119.939
16383,119.939
16384,121.703
16385,121.703
16386,121.703
16387,121.703
16388,121.703
16389,121.703
16390,121.703
16391,121.703
16392,121.703
16393,121.703
16394,121.703
16395,121.703
16396,121.703
16397,121.703
16398,121.703
16399,121.703
16400,121.703
16401,121.703
16402,121.703
16403,121.703
16404,121.094
16405,121.094
16406,121.094
16407,121.094
16408,121.094
16409,121.094
16410,121.094
16411,121.094
16412,121.094
16413,121.094
16414,121.094
16415,121.094
16416,121.094
16417,121.094
16418,121.094
16419,121.094
16420,121.094
16421,121.094
16422,121.094
16423,121.094
16424,119.064
16425,119.064
16426,119.064
16427,119.064
16428,119.064
16429,119.064
16430,119.064
16431,119.064
16432,119.064
16433,119.064
16434,119.064
16435,119.064
16436,119.064
16437,119.064
16438,119.064
16439,119.064
16440,119.064
16441,119.064
16442,119.064
16443,119.064
16444,120.22
16445,120.22
16446,120.22
16447,120.22
16448,120.22
16449,120.22
16450,120.22
16451,120.22
16452,120.22
16453,120.22
16454,120.22
16455,120.22
16456,120.22
16457,120.22
16458,120.22
16459,120.22
16460,120.22
16461,120.22
16462,120.22
16463,120.22
16464,120.22
16465,122.031
16466,122.031
16467,122.031
16468,122.031
16469,122.031
16470,122.031
16471,122.031
16472,122.031
16473,122.031
16474,122.031
16475,122.031
16476,122.031
16477,122.031
16478,122.031
16479,122.031
16480,122.031
16481,122.031
16482,122.031
16483,122.031
16484,121.703
16485,121.703
16486,121.703
16487,121.703
16488,121.703
16489,121.703
16490,121.703
16491,121.703
16492,121.703
16493,121.703
16494,121.703
16495,121.703
16496,121.703
16497,121.703
16498,121.703
16499,121.703
16500,121.703
16501,121.703
16502,121.703
16503,121.703
16504,121.703
16505,119.939
16506,119.939
16507,119.939
16508,119.939
16509,119.939
16510,119.939
16511,119.939
16512,119.939
16513,119.939
16514,119.939
16515,119.939
16516,119.939
16517,119.939
16518,119.939
16519,119.939
16520,119.939
16521,119.939
16522,119.939
16523,119.939
16524,119.939
16525,120.22
16526,120.22
16527,120.22
16528,120.22
16529,120.22
16530,120.22
16531,120.22
16532,120.22
16533,120.22
16534,120.22
16535,120.22
16536,120.22
16537,120.22
16538,120.22
16539,120.22
16540,120.22
16541,120.22
16542,120.22
16543,120.22
16544,120.22
16545,122.031
16546,122.031
16547,122.031
16548,122.031
16549,122.031
16550,122.031
16551,122.031
16552,122.031
16553,122.031
16554,122.031
16555,122.031
16556,122.031
16557,122.031
16558,122.031
16559,122.031
16560,122.031
16561,122.031
16562,122.031
16563,122.031
16564,122.031
16565,121.703
16566,121.703
16567,121.703
16568,121.703
16569,121.703
16570,121.703
16571,121.703
16572,121.703
16573,121.703
16574,121.703
16575,121.703
16576,121.703
16577,121.703
16578,121.703
16579,121.703
16580,121.703
16581,121.703
16582,121.703
16583,121.703
16584,121.703
16585,120.22
16586,120.22
16587,120.22
16588,120.22
16589,120.22
16590,120.22
16591,120.22
16592,120.22
16593,120.22
16594,120.22
16595,120.22
16596,120.22
16597,120.22
16598,120.22
16599,120.22
16600,120.22
16601,120.22
16602,120.22
16603,120.22
16604,120.22
16605,120.821
16606,120.821
16607,120.821
16608,120.821
16609,120.821
16610,120.821
16611,120.821
16612,120.821
16613,120.821
16614,120.821
16615,120.821
16616,120.821
16617,120.821
16618,120.821
16619,120.821
16620,120.821
16621,120.821
16622,120.821
16623,120.821
16624,120.821
16625,122.578
16626,122.578
16627,122.578
16628,122.578
16629,122.578
16630,122.578
16631,122.578
16632,122.578
16633,122.578
16634,122.578
16635,122.578
16636,122.578
16637,122.578
16638,122.578
16639,122.578
16640,122.578
16641,122.578
16642,122.578
16643,122.578
16644,122.578
16645,121.422
16646,121.422
16647,121.422
16648,121.422
16649,121.422
16650,121.422
16651,121.422
16652,121.422
16653,121.422
16654,121.422
16655,121.422
16656,121.422
16657,121.422
16658,121.422
16659,121.422
16660,121.422
16661,121.422
16662,121.422
16663,121.422
16664,121.422
16665,119.064
16666,119.064
16667,119.064
16668,119.064
16669,119.064
16670,119.064
16671,119.064
16672,119.064
16673,119.064
16674,119.064
16675,119.064
16676,119.064
16677,119.064
16678,119.064
16679,119.064
16680,119.064
16681,119.064
16682,119.064
16683,119.064
16684,119.064
16685,120.22
16686,120.22
16687,120.22
16688,120.22
16689,120.22
16690,120.22
16691,120.22
16692,120.22
16693,120.22
16694,120.22
16695,120.22
16696,120.22
16697,120.22
16698,120.22
16699,120.22
16700,120.22
16701,120.22
16702,120.22
16703,120.22
16704,120.22
16705,122.578
16706,122.578
16707,122.578
16708,122.578
16709,122.578
16710,122.578
16711,122.578
16712,122.578
16713,122.578
16714,122.578
16715,122.578
16716,122.578
16717,122.578
16718,122.578
16719,122.578
16720,122.578
16721,122.578
16722,122.578
16723,122.578
16724,122.578
16725,122.578
16726,121.703
16727,121.703
16728,121.703
16729,121.703
16730,121.703
16731,121.703
16732,121.703
16733,121.703
16734,121.703
16735,121.703
16736,121.703
16737,121.703
16738,121.703
16739,121.703
16740,121.703
16741,121.703
16742,121.703
16743,121.703
16744,121.703
16745,121.703
16746,120.22
16747,120.22
16748,120.22
16749,120.22
16750,120.22
16751,120.22
16752,120.22
16753,120.22
16754,120.22
16755,120.22
16756,120.22
16757,120.22
16758,120.22
16759,120.22
16760,120.22
16761,120.22
16762,120.22
16763,120.22
16764,120.22
16765,120.22
16766,120.821
16767,120.821
16768,120.821
16769,120.821
16770,120.821
16771,120.821
16772,120.821
16773,120.821
16774,120.821
16775,120.821
16776,120.821
16777,120.821
16778,120.821
16779,120.821
16780,120.821
16781,120.821
16782,120.821
16783,120.821
16784,120.821
16785,120.821
16786,123.187
16787,123.187
16788,123.187
16789,123.187
16790,123.187
16791,123.187
16792,123.187
16793,123.187
16794,123.187
16795,123.187
16796,123.187
16797,123.187
16798,123.187
16799,123.187
16800,123.187
16801,123.187
16802,123.187
16803,123.187
16804,123.187
16805,123.187
16806,121.422
16807,121.422
16808,121.422
16809,121.422
16810,121.422
16811,121.422
16812,121.422
16813,121.422
16814,121.422
16815,121.422
16816,121.422
16817,121.422
16818,121.422
16819,121.422
16820,121.422
16821,121.422
16822,121.422
16823,121.422
16824,121.422
16825,121.422
16826,119.186
16827,119.186
16828,119.186
16829,119.186
16830,119.186
16831,119.186
16832,119.186
16833,119.186
16834,119.186
16835,119.186
16836,119.186
16837,119.186
16838,119.186
16839,119.186
16840,119.186
16841,119.186
16842,119.186
16843,119.186
16844,119.186
16845,119.186
16846,120.22
16847,120.22
16848,120.22
16849,120.22
16850,120.22
16851,120.22
16852,120.22
16853,120.22
16854,120.22
16855,120.22
16856,120.22
16857,120.22
16858,120.22
16859,120.22
16860,120.22
16861,120.22
16862,120.22
16863,120.22
16864,120.22
16865,120.22
16866,122.578
16867,122.578
16868,122.578
16869,122.578
16870,122.578
16871,122.578
16872,122.578
16873,122.578
16874,122.578
16875,122.578
16876,122.578
16877,122.578
16878,122.578
16879,122.578
16880,122.578
16881,122.578
16882,122.578
16883,122.578
16884,122.578
16885,122.578
16886,121.422
16887,121.422
16888,121.422
16889,121.422
16890,121.422
16891,121.422
16892,121.422
16893,121.422
16894,121.422
16895,121.422
16896,121.422
16897,121.422
16898,121.422
16899,121.422
16900,121.422
16901,121.422
16902,121.422
16903,121.422
16904,121.422
16905,121.422
16906,120.343
16907,120.343
16908,120.343
16909,120.343
16910,120.343
16911,120.343
16912,120.343
16913,120.343
16914,120.343
16915,120.343
16916,120.343
16917,120.343
16918,120.343
16919,120.343
16920,120.343
16921,120.343
16922,120.343
16923,120.343
16924,120.343
16925,120.343
16926,120.343
16927,121.422
16928,121.422
16929,121.422
16930,121.422
16931,121.422
16932,121.422
16933,121.422
16934,121.422
16935,121.422
16936,121.422
16937,121.422
16938,121.422
16939,121.422
16940,121.422
16941,121.422
16942,121.422
16943,121.422
16944,121.422
16945,121.422
16946,121.422
16947,123.187
16948,123.187
16949,123.187
16950,123.187
16951,123.187
16952,123.187
16953,123.187
16954,123.187
16955,123.187
16956,123.187
16957,123.187
16958,123.187
16959,123.187
16960,123.187
16961,123.187
16962,123.187
16963,123.187
16964,123.187
16965,123.187
16966,123.187
16967,121.094
16968,121.094
16969,121.094
16970,121.094
16971,121.094
16972,121.094
16973,121.094
16974,121.094
16975,121.094
16976,121.094
16977,121.094
16978,121.094
16979,121.094
16980,121.094
16981,121.094
16982,121.094
16983,121.094
16984,121.094
16985,121.094
16986,121.094
16987,118.455
16988,118.455
16989,118.455
16990,118.455
16991,118.455
16992,118.455
16993,118.455
16994,118.455
16995,118.455
16996,118.455
16997,118.455
16998,118.455
16999,118.455
17000,118.455
17001,118.455
17002,118.455
17003,118.455
17004,118.455
17005,118.455
17006,118.455
17007,120.821
17008,120.821
17009,120.821
17010,120.821
17011,120.821
17012,120.821
17013,120.821
17014,120.821
17015,120.821
17016,120.821
17017,120.821
17018,120.821
17019,120.821
17020,120.821
17021,120.821
17022,120.821
17023,120.821
17024,120.821
17025,120.821
17026,120.821
17027,122.914
17028,122.914
17029,122.914
17030,122.914
17031,122.914
17032,122.914
17033,122.914
17034,122.914
17035,122.914
17036,122.914
17037,122.914
17038,122.914
17039,122.914
17040,122.914
17041,122.914
17042,122.914
17043,122.914
17044,122.914
17045,122.914
17046,122.914
17047,121.703
17048,121.703
17049,121.703
17050,121.703
17051,121.703
17052,121.703
17053,121.703
17054,121.703
17055,121.703
17056,121.703
17057,121.703
17058,121.703
17059,121.703
17060,121.703
17061,121.703
17062,121.703
17063,121.703
17064,121.703
17065,121.703
17066,121.703
17067,120.22
17068,120.22
17069,120.22
17070,120.22
17071,120.22
17072,120.22
17073,120.22
17074,120.22
17075,120.22
17076,120.22
17077,120.22
17078,120.22
17079,120.22
17080,120.22
17081,120.22
17082,120.22
17083,120.22
17084,120.22
17085,120.22
17086,120.22
17087,121.422
17088,121.422
17089,121.422
17090,121.422
17091,121.422
17092,121.422
17093,121.422
17094,121.422
17095,121.422
17096,121.422
17097,121.422
17098,121.422
17099,121.422
17100,121.422
17101,121.422
17102,121.422
17103,121.422
17104,121.422
17105,121.422
17106,121.422
17107,123.187
17108,123.187
17109,123.187
17110,123.187
17111,123.187
17112,123.187
17113,123.187
17114,123.187
17115,123.187
17116,123.187
17117,123.187
17118,123.187
17119,123.187
17120,123.187
17121,123.187
17122,123.187
17123,123.187
17124,123.187
17125,123.187
17126,123.187
17127,120.548
17128,120.548
17129,120.548
17130,120.548
17131,120.548
17132,120.548
17133,120.548
17134,120.548
17135,120.548
17136,120.548
17137,120.548
17138,120.548
17139,120.548
17140,120.548
17141,120.548
17142,120.548
17143,120.548
17144,120.548
17145,120.548
17146,120.548
17147,119.939
17148,119.939
17149,119.939
17150,119.939
17151,119.939
17152,119.939
17153,119.939
17154,119.939
17155,119.939
17156,119.939
17157,119.939
17158,119.939
17159,119.939
17160,119.939
17161,119.939
17162,119.939
17163,119.939
17164,119.939
17165,119.939
17166,119.939
17167,119.939
17168,119.939
17169,121.703
17170,121.703
17171,121.703
17172,121.703
17173,121.703
17174,121.703
17175,121.703
17176,121.703
17177,121.703
17178,121.703
17179,121.703
17180,121.703
17181,121.703
17182,121.703
17183,121.703
17184,121.703
17185,121.703
17186,121.703
17187,121.703
17188,121.703
17189,122.578
17190,122.578
17191,122.578
17192,122.578
17193,122.578
17194,122.578
17195,122.578
17196,122.578
17197,122.578
17198,122.578
17199,122.578
17200,122.578
17201,122.578
17202,122.578
17203,122.578
17204,122.578
17205,122.578
17206,122.578
17207,122.578
17208,120.22
17209,120.22
17210,120.22
17211,120.22
17212,120.22
17213,120.22
17214,120.22
17215,120.22
17216,120.22
17217,120.22
17218,120.22
17219,120.22
17220,120.22
17221,120.22
17222,120.22
17223,120.22
17224,120.22
17225,120.22
17226,120.22
17227,120.22
17228,119.337
17229,119.337
17230,119.337
17231,119.337
17232,119.337
17233,119.337
17234,119.337
17235,119.337
17236,119.337
17237,119.337
17238,119.337
17239,119.337
17240,119.337
17241,119.337
17242,119.337
17243,119.337
17244,119.337
17245,119.337
17246,119.337
17247,119.337
17248,121.094
17249,121.094
17250,121.094
17251,121.094
17252,121.094
17253,121.094
17254,121.094
17255,121.094
17256,121.094
17257,121.094
17258,121.094
17259,121.094
17260,121.094
17261,121.094
17262,121.094
17263,121.094
17264,121.094
17265,121.094
17266,121.094
17267,121.094
17268,122.578
17269,122.578
17270,122.578
17271,122.578
17272,122.578
17273,122.578
17274,122.578
17275,122.578
17276,122.578
17277,122.578
17278,122.578
17279,122.578
17280,122.578
17281,122.578
17282,122.578
17283,122.578
17284,122.578
17285,122.578
17286,122.578
17287,122.578
17288,122.578
17289,121.094
17290,121.094
17291,121.094
17292,121.094
17293,121.094
17294,121.094
17295,121.094
17296,121.094
17297,121.094
17298,121.094
17299,121.094
17300,121.094
17301,121.094
17302,121.094
17303,121.094
17304,121.094
17305,121.094
17306,121.094
17307,121.094
17308,121.094
17309,119.939
17310,119.939
17311,119.939
17312,119.939
17313,119.939
17314,119.939
17315,119.939
17316,119.939
17317,119.939
17318,119.939
17319,119.939
17320,119.939
17321,119.939
17322,119.939
17323,119.939
17324,119.939
17325,119.939
17326,119.939
17327,119.939
17328,119.939
17329,121.703
17330,121.703
17331,121.703
17332,121.703
17333,121.703
17334,121.703
17335,121.703
17336,121.703
17337,121.703
17338,121.703
17339,121.703
17340,121.703
17341,121.703
17342,121.703
17343,121.703
17344,121.703
17345,121.703
17346,121.703
17347,121.703
17348,121.703
17349,122.305
17350,122.305
17351,122.305
17352,122.305
17353,122.305
17354,122.305
17355,122.305
17356,122.305
17357,122.305
17358,122.305
17359,122.305
17360,122.305
17361,122.305
17362,122.305
17363,122.305
17364,122.305
17365,122.305
17366,122.305
17367,122.305
17368,122.305
17369,122.305
17370,119.064
17371,119.064
17372,119.064
17373,119.064
17374,119.064
17375,119.064
17376,119.064
17377,119.064
17378,119.064
17379,119.064
17380,119.064
17381,119.064
17382,119.064
17383,119.064
17384,119.064
17385,119.064
17386,119.064
17387,119.064
17388,119.064
17389,119.337
17390,119.337
17391,119.337
17392,119.337
17393,119.337
17394,119.337
17395,119.337
17396,119.337
17397,119.337
17398,119.337
17399,119.337
17400,119.337
17401,119.337
17402,119.337
17403,119.337
17404,119.337
17405,119.337
17406,119.337
17407,119.337
17408,119.337
17409,121.422
17410,121.422
17411,121.422
17412,121.422
17413,121.422
17414,121.422
17415,121.422
17416,121.422
17417,121.422
17418,121.422
17419,121.422
17420,121.422
17421,121.422
17422,121.422
17423,121.422
17424,121.422
17425,121.422
17426,121.422
17427,121.422
17428,121.422
17429,122.031
17430,122.031
17431,122.031
17432,122.031
17433,122.031
17434,122.031
17435,122.031
17436,122.031
17437,122.031
17438,122.031
17439,122.031
17440,122.031
17441,122.031
17442,122.031
17443,122.031
17444,122.031
17445,122.031
17446,122.031
17447,122.031
17448,122.031
17449,120.548
17450,120.548
17451,120.548
17452,120.548
17453,120.548
17454,120.548
17455,120.548
17456,120.548
17457,120.548
17458,120.548
17459,120.548
17460,120.548
17461,120.548
17462,120.548
17463,120.548
17464,120.548
17465,120.548
17466,120.548
17467,120.548
17468,120.548
17469,119.939
17470,119.939
17471,119.939
17472,119.939
17473,119.939
17474,119.939
17475,119.939
17476,119.939
17477,119.939
17478,119.939
17479,119.939
17480,119.939
17481,119.939
17482,119.939
17483,119.939
17484,119.939
17485,119.939
17486,119.939
17487,119.939
17488,119.939
17489,122.031
17490,122.031
17491,122.031
17492,122.031
17493,122.031
17494,122.031
17495,122.031
17496,122.031
17497,122.031
17498,122.031
17499,122.031
17500,122.031
17501,122.031
17502,122.031
17503,122.031
17504,122.031
17505,122.031
17506,122.031
17507,122.031
17508,122.031
17509,122.031
17510,122.031
17511,122.031
17512,122.031
17513,122.031
17514,122.031
17515,122.031
17516,122.031
17517,122.031
17518,122.031
17519,122.031
17520,122.031
17521,122.031
17522,122.031
17523,122.031
17524,122.031
17525,122.031
17526,122.031
17527,122.031
17528,122.031
17529,122.031
17530,119.064
17531,119.064
17532,119.064
17533,119.064
17534,119.064
17535,119.064
17536,119.064
17537,119.064
17538,119.064
17539,119.064
17540,119.064
17541,119.064
17542,119.064
17543,119.064
17544,119.064
17545,119.064
17546,119.064
17547,119.064
17548,119.064
17549,119.064
17550,119.665
17551,119.665
17552,119.665
17553,119.665
17554,119.665
17555,119.665
17556,119.665
17557,119.665
17558,119.665
17559,119.665
17560,119.665
17561,119.665
17562,119.665
17563,119.665
17564,119.665
17565,119.665
17566,119.665
17567,119.665
17568,119.665
17569,119.665
17570,119.665
17571,121.422
17572,121.422
17573,121.422
17574,121.422
17575,121.422
17576,121.422
17577,121.422
17578,121.422
17579,121.422
17580,121.422
17581,121.422
17582,121.422
17583,121.422
17584,121.422
17585,121.422
17586,121.422
17587,121.422
17588,121.422
17589,121.422
17590,122.031
17591,122.031
17592,122.031
17593,122.031
17594,122.031
17595,122.031
17596,122.031
17597,122.031
17598,122.031
17599,122.031
17600,122.031
17601,122.031
17602,122.031
17603,122.031
17604,122.031
17605,122.031
17606,122.031
17607,122.031
17608,122.031
17609,122.031
17610,120.22
17611,120.22
17612,120.22
17613,120.22
17614,120.22
17615,120.22
17616,120.22
17617,120.22
17618,120.22
17619,120.22
17620,120.22
17621,120.22
17622,120.22
17623,120.22
17624,120.22
17625,120.22
17626,120.22
17627,120.22
17628,120.22
17629,120.22
17630,120.22
17631,120.22
17632,120.22
17633,120.22
17634,120.22
17635,120.22
17636,120.22
17637,120.22
17638,120.22
17639,120.22
17640,120.22
17641,120.22
17642,120.22
17643,120.22
17644,120.22
17645,120.22
17646,120.22
17647,120.22
17648,120.22
17649,120.22
17650,122.031
17651,122.031
17652,122.031
17653,122.031
17654,122.031
17655,122.031
17656,122.031
17657,122.031
17658,122.031
17659,122.031
17660,122.031
17661,122.031
17662,122.031
17663,122.031
17664,122.031
17665,122.031
17666,122.031
17667,122.031
17668,122.031
17669,122.031
17670,121.094
17671,121.094
17672,121.094
17673,121.094
17674,121.094
17675,121.094
17676,121.094
17677,121.094
17678,121.094
17679,121.094
17680,121.094
17681,121.094
17682,121.094
17683,121.094
17684,121.094
17685,121.094
17686,121.094
17687,121.094
17688,121.094
17689,121.094
17690,119.337
17691,119.337
17692,119.337
17693,119.337
17694,119.337
17695,119.337
17696,119.337
17697,119.337
17698,119.337
17699,119.337
17700,119.337
17701,119.337
17702,119.337
17703,119.337
17704,119.337
17705,119.337
17706,119.337
17707,119.337
17708,119.337
17709,119.337
17710,119.337
17711,120.22
17712,120.22
17713,120.22
17714,120.22
17715,120.22
17716,120.22
17717,120.22
17718,120.22
17719,120.22
17720,120.22
17721,120.22
17722,120.22
17723,120.22
17724,120.22
17725,120.22
17726,120.22
17727,120.22
17728,120.22
17729,120.22
17730,120.22
17731,122.578
17732,122.578
17733,122.578
17734,122.578
17735,122.578
17736,122.578
17737,122.578
17738,122.578
17739,122.578
17740,122.578
17741,122.578
17742,122.578
17743,122.578
17744,122.578
17745,122.578
17746,122.578
17747,122.578
17748,122.578
17749,122.578
17750,122.578
17751,122.031
17752,122.031
17753,122.031
17754,122.031
17755,122.031
17756,122.031
17757,122.031
17758,122.031
17759,122.031
17760,122.031
17761,122.031
17762,122.031
17763,122.031
17764,122.031
17765,122.031
17766,122.031
17767,122.031
17768,122.031
17769,122.031
17770,122.031
17771,122.031
17772,119.064
17773,119.064
17774,119.064
17775,119.064
17776,119.064
17777,119.064
17778,119.064
17779,119.064
17780,119.064
17781,119.064
17782,119.064
17783,119.064
17784,119.064
17785,119.064
17786,119.064
17787,119.064
17788,119.064
17789,119.064
17790,119.064
17791,119.939
17792,119.939
17793,119.939
17794,119.939
17795,119.939
17796,119.939
17797,119.939
17798,119.939
17799,119.939
17800,119.939
17801,119.939
17802,119.939
17803,119.939
17804,119.939
17805,119.939
17806,119.939
17807,119.939
17808,119.939
17809,119.939
17810,119.939
17811,122.305
17812,122.305
17813,122.305
17814,122.305
17815,122.305
17816,122.305
17817,122.305
17818,122.305
17819,122.305
17820,122.305
17821,122.305
17822,122.305
17823,122.305
17824,122.305
17825,122.305
17826,122.305
17827,122.305
17828,122.305
17829,122.305
17830,122.305
17831,122.031
17832,122.031
17833,122.031
17834,122.031
17835,122.031
17836,122.031
17837,122.031
17838,122.031
17839,122.031
17840,122.031
17841,122.031
17842,122.031
17843,122.031
17844,122.031
17845,122.031
17846,122.031
17847,122.031
17848,122.031
17849,122.031
17850,122.031
17851,120.424
17852,120.424
17853,120.424
17854,120.424
17855,120.424
17856,120.424
17857,120.424
17858,120.424
17859,120.424
17860,120.424
17861,120.424
17862,120.424
17863,120.424
17864,120.424
17865,120.424
17866,120.424
17867,120.424
17868,120.424
17869,120.424
17870,120.424
17871,120.424
17872,120.424
17873,120.424
17874,120.424
17875,120.424
17876,120.424
17877,120.424
17878,120.424
17879,120.424
17880,120.424
17881,120.424
17882,120.424
17883,120.424
17884,120.424
17885,120.424
17886,120.424
17887,120.424
17888,120.424
17889,120.424
17890,120.424
17891,122.578
17892,122.578
17893,122.578
17894,122.578
17895,122.578
17896,122.578
17897,122.578
17898,122.578
17899,122.578
17900,122.578
17901,122.578
17902,122.578
17903,122.578
17904,122.578
17905,122.578
17906,122.578
17907,122.578
17908,122.578
17909,122.578
17910,122.578
17911,122.578
17912,120.97
17913,120.97
17914,120.97
17915,120.97
17916,120.97
17917,120.97
17918,120.97
17919,120.97
17920,120.97
17921,120.97
17922,120.97
17923,120.97
17924,120.97
17925,120.97
17926,120.97
17927,120.97
17928,120.97
17929,120.97
17930,120.97
17931,120.97
17932,118.607
17933,118.607
17934,118.607
17935,118.607
17936,118.607
17937,118.607
17938,118.607
17939,118.607
17940,118.607
17941,118.607
17942,118.607
17943,118.607
17944,118.607
17945,118.607
17946,118.607
17947,118.607
17948,118.607
17949,118.607
17950,118.607
17951,118.607
17952,120.097
17953,120.097
17954,120.097
17955,120.097
17956,120.097
17957,120.097
17958,120.097
17959,120.097
17960,120.097
17961,120.097
17962,120.097
17963,120.097
17964,120.097
17965,120.097
17966,120.097
17967,120.097
17968,120.097
17969,120.097
17970,120.097
17971,120.097
17972,120.097
17973,122.179
17974,122.179
17975,122.179
17976,122.179
17977,122.179
17978,122.179
17979,122.179
17980,122.179
17981,122.179
17982,122.179
17983,122.179
17984,122.179
17985,122.179
17986,122.179
17987,122.179
17988,122.179
17989,122.179
17990,122.179
17991,122.179
17992,121.579
17993,121.579
17994,121.579
17995,121.579
17996,121.579
17997,121.579
17998,121.579
17999,121.579
18000,121.579
18001,121.579
18002,121.579
18003,121.579
18004,121.579
18005,121.579
18006,121.579
18007,121.579
18008,121.579
18009,121.579
18010,121.579
18011,121.579
18012,119.816
18013,119.816
18014,119.816
18015,119.816
18016,119.816
18017,119.816
18018,119.816
18019,119.816
18020,119.816
18021,119.816
18022,119.816
18023,119.816
18024,119.816
18025,119.816
18026,119.816
18027,119.816
18028,119.816
18029,119.816
18030,119.816
18031,119.816
18032,120.697
18033,120.697
18034,120.697
18035,120.697
18036,120.697
18037,120.697
18038,120.697
18039,120.697
18040,120.697
18041,120.697
18042,120.697
18043,120.697
18044,120.697
18045,120.697
18046,120.697
18047,120.697
18048,120.697
18049,120.697
18050,120.697
18051,120.697
18052,122.452
18053,122.452
18054,122.452
18055,122.452
18056,122.452
18057,122.452
18058,122.452
18059,122.452
18060,122.452
18061,122.452
18062,122.452
18063,122.452
18064,122.452
18065,122.452
18066,122.452
18067,122.452
18068,122.452
18069,122.452
18070,122.452
18071,122.452
18072,120.97
18073,120.97
18074,120.97
18075,120.97
18076,120.97
18077,120.97
18078,120.97
18079,120.97
18080,120.97
18081,120.97
18082,120.97
18083,120.97
18084,120.97
18085,120.97
18086,120.97
18087,120.97
18088,120.97
18089,120.97
18090,120.97
18091,120.97
18092,119.215
18093,119.215
18094,119.215
18095,119.215
18096,119.215
18097,119.215
18098,119.215
18099,119.215
18100,119.215
18101,119.215
18102,119.215
18103,119.215
18104,119.215
18105,119.215
18106,119.215
18107,119.215
18108,119.215
18109,119.215
18110,119.215
18111,119.215
18112,119.215
18113,120.424
18114,120.424
18115,120.424
18116,120.424
18117,120.424
18118,120.424
18119,120.424
18120,120.424
18121,120.424
18122,120.424
18123,120.424
18124,120.424
18125,120.424
18126,120.424
18127,120.424
18128,120.424
18129,120.424
18130,120.424
18131,120.424
18132,120.424
18133,122.452
18134,122.452
18135,122.452
18136,122.452
18137,122.452
18138,122.452
18139,122.452
18140,122.452
18141,122.452
18142,122.452
18143,122.452
18144,122.452
18145,122.452
18146,122.452
18147,122.452
18148,122.452
18149,122.452
18150,122.452
18151,122.452
18152,122.452
18153,121.298
18154,121.298
18155,121.298
18156,121.298
18157,121.298
18158,121.298
18159,121.298
18160,121.298
18161,121.298
18162,121.298
18163,121.298
18164,121.298
18165,121.298
18166,121.298
18167,121.298
18168,121.298
18169,121.298
18170,121.298
18171,121.298
18172,121.298
18173,121.298
18174,119.543
18175,119.543
18176,119.543
18177,119.543
18178,119.543
18179,119.543
18180,119.543
18181,119.543
18182,119.543
18183,119.543
18184,119.543
18185,119.543
18186,119.543
18187,119.543
18188,119.543
18189,119.543
18190,119.543
18191,119.543
18192,119.543
18193,120.697
18194,120.697
18195,120.697
18196,120.697
18197,120.697
18198,120.697
18199,120.697
18200,120.697
18201,120.697
18202,120.697
18203,120.697
18204,120.697
18205,120.697
18206,120.697
18207,120.697
18208,120.697
18209,120.697
18210,120.697
18211,120.697
18212,120.697
18213,121.579
18214,121.579
18215,121.579
18216,121.579
18217,121.579
18218,121.579
18219,121.579
18220,121.579
18221,121.579
18222,121.579
18223,121.579
18224,121.579
18225,121.579
18226,121.579
18227,121.579
18228,121.579
18229,121.579
18230,121.579
18231,121.579
18232,121.579
18233,120.97
18234,120.97
18235,120.97
18236,120.97
18237,120.97
18238,120.97
18239,120.97
18240,120.97
18241,120.97
18242,120.97
18243,120.97
18244,120.97
18245,120.97
18246,120.97
18247,120.97
18248,120.97
18249,120.97
18250,120.97
18251,120.97
18252,120.97
18253,119.816
18254,119.816
18255,119.816
18256,119.816
18257,119.816
18258,119.816
18259,119.816
18260,119.816
18261,119.816
18262,119.816
18263,119.816
18264,119.816
18265,119.816
18266,119.816
18267,119.816
18268,119.816
18269,119.816
18270,119.816
18271,119.816
18272,119.816
18273,120.97
18274,120.97
18275,120.97
18276,120.97
18277,120.97
18278,120.97
18279,120.97
18280,120.97
18281,120.97
18282,120.97
18283,120.97
18284,120.97
18285,120.97
18286,120.97
18287,120.97
18288,120.97
18289,120.97
18290,120.97
18291,120.97
18292,120.97
18293,122.788
18294,122.788
18295,122.788
18296,122.788
18297,122.788
18298,122.788
18299,122.788
18300,122.788
18301,122.788
18302,122.788
18303,122.788
18304,122.788
18305,122.788
18306,122.788
18307,122.788
18308,122.788
18309,122.788
18310,122.788
18311,122.788
18312,122.788
18313,122.788
18314,121.298
18315,121.298
18316,121.298
18317,121.298
18318,121.298
18319,121.298
18320,121.298
18321,121.298
18322,121.298
18323,121.298
18324,121.298
18325,121.298
18326,121.298
18327,121.298
18328,121.298
18329,121.298
18330,121.298
18331,121.298
18332,121.298
18333,121.298
18334,118.334
18335,118.334
18336,118.334
18337,118.334
18338,118.334
18339,118.334
18340,118.334
18341,118.334
18342,118.334
18343,118.334
18344,118.334
18345,118.334
18346,118.334
18347,118.334
18348,118.334
18349,118.334
18350,118.334
18351,118.334
18352,118.334
18353,118.334
18354,120.424
18355,120.424
18356,120.424
18357,120.424
18358,120.424
18359,120.424
18360,120.424
18361,120.424
18362,120.424
18363,120.424
18364,120.424
18365,120.424
18366,120.424
18367,120.424
18368,120.424
18369,120.424
18370,120.424
18371,120.424
18372,120.424
18373,120.424
18374,120.424
18375,122.788
18376,122.788
18377,122.788
18378,122.788
18379,122.788
18380,122.788
18381,122.788
18382,122.788
18383,122.788
18384,122.788
18385,122.788
18386,122.788
18387,122.788
18388,122.788
18389,122.788
18390,122.788
18391,122.788
18392,122.788
18393,122.788
18394,121.579
18395,121.579
18396,121.579
18397,121.579
18398,121.579
18399,121.579
18400,121.579
18401,121.579
18402,121.579
18403,121.579
18404,121.579
18405,121.579
18406,121.579
18407,121.579
18408,121.579
18409,121.579
18410,121.579
18411,121.579
18412,121.579
18413,121.579
18414,120.097
18415,120.097
18416,120.097
18417,120.097
18418,120.097
18419,120.097
18420,120.097
18421,120.097
18422,120.097
18423,120.097
18424,120.097
18425,120.097
18426,120.097
18427,120.097
18428,120.097
18429,120.097
18430,120.097
18431,120.097
18432,120.097
18433,120.097
18434,121.298
18435,121.298
18436,121.298
18437,121.298
18438,121.298
18439,121.298
18440,121.298
18441,121.298
18442,121.298
18443,121.298
18444,121.298
18445,121.298
18446,121.298
18447,121.298
18448,121.298
18449,121.298
18450,121.298
18451,121.298
18452,121.298
18453,121.298
18454,123.061
18455,123.061
18456,123.061
18457,123.061
18458,123.061
18459,123.061
18460,123.061
18461,123.061
18462,123.061
18463,123.061
18464,123.061
18465,123.061
18466,123.061
18467,123.061
18468,123.061
18469,123.061
18470,123.061
18471,123.061
18472,123.061
18473,123.061
18474,120.424
18475,120.424
18476,120.424
18477,120.424
18478,120.424
18479,120.424
18480,120.424
18481,120.424
18482,120.424
18483,120.424
18484,120.424
18485,120.424
18486,120.424
18487,120.424
18488,120.424
18489,120.424
18490,120.424
18491,120.424
18492,120.424
18493,120.424
18494,120.424
18495,118.334
18496,118.334
18497,118.334
18498,118.334
18499,118.334
18500,118.334
18501,118.334
18502,118.334
18503,118.334
18504,118.334
18505,118.334
18506,118.334
18507,118.334
18508,118.334
18509,118.334
18510,118.334
18511,118.334
18512,118.334
18513,118.334
18514,118.334
18515,120.697
18516,120.697
18517,120.697
18518,120.697
18519,120.697
18520,120.697
18521,120.697
18522,120.697
18523,120.697
18524,120.697
18525,120.697
18526,120.697
18527,120.697
18528,120.697
18529,120.697
18530,120.697
18531,120.697
18532,120.697
18533,120.697
18534,120.697
18535,122.788
18536,122.788
18537,122.788
18538,122.788
18539,122.788
18540,122.788
18541,122.788
18542,122.788
18543,122.788
18544,122.788
18545,122.788
18546,122.788
18547,122.788
18548,122.788
18549,122.788
18550,122.788
18551,122.788
18552,122.788
18553,122.788
18554,122.788
18555,121.579
18556,121.579
18557,121.579
18558,121.579
18559,121.579
18560,121.579
18561,121.579
18562,121.579
18563,121.579
18564,121.579
18565,121.579
18566,121.579
18567,121.579
18568,121.579
18569,121.579
18570,121.579
18571,121.579
18572,121.579
18573,121.579
18574,121.579
18575,121.579
18576,120.097
18577,120.097
18578,120.097
18579,120.097
18580,120.097
18581,120.097
18582,120.097
18583,120.097
18584,120.097
18585,120.097
18586,120.097
18587,120.097
18588,120.097
18589,120.097
18590,120.097
18591,120.097
18592,120.097
18593,120.097
18594,120.097
18595,121.298
18596,121.298
18597,121.298
18598,121.298
18599,121.298
18600,121.298
18601,121.298
18602,121.298
18603,121.298
18604,121.298
18605,121.298
18606,121.298
18607,121.298
18608,121.298
18609,121.298
18610,121.298
18611,121.298
18612,121.298
18613,121.298
18614,121.298
18615,123.061
18616,123.061
18617,123.061
18618,123.061
18619,123.061
18620,123.061
18621,123.061
18622,123.061
18623,123.061
18624,123.061
18625,123.061
18626,123.061
18627,123.061
18628,123.061
18629,123.061
18630,123.061
18631,123.061
18632,123.061
18633,123.061
18634,123.061
18635,120.097
18636,120.097
18637,120.097
18638,120.097
18639,120.097
18640,120.097
18641,120.097
18642,120.097
18643,120.097
18644,120.097
18645,120.097
18646,120.097
18647,120.097
18648,120.097
18649,120.097
18650,120.097
18651,120.097
18652,120.097
18653,120.097
18654,120.097
18655,118.334
18656,118.334
18657,118.334
18658,118.334
18659,118.334
18660,118.334
18661,118.334
18662,118.334
18663,118.334
18664,118.334
18665,118.334
18666,118.334
18667,118.334
18668,118.334
18669,118.334
18670,118.334
18671,118.334
18672,118.334
18673,118.334
18674,118.334
18675,121.298
18676,121.298
18677,121.298
18678,121.298
18679,121.298
18680,121.298
18681,121.298
18682,121.298
18683,121.298
18684,121.298
18685,121.298
18686,121.298
18687,121.298
18688,121.298
18689,121.298
18690,121.298
18691,121.298
18692,121.298
18693,121.298
18694,121.298
18695,121.298
18696,122.788
18697,122.788
18698,122.788
18699,122.788
18700,122.788
18701,122.788
18702,122.788
18703,122.788
18704,122.788
18705,122.788
18706,122.788
18707,122.788
18708,122.788
18709,122.788
18710,122.788
18711,122.788
18712,122.788
18713,122.788
18714,122.788
18715,122.788
18716,121.298
18717,121.298
18718,121.298
18719,121.298
18720,121.298
18721,121.298
18722,121.298
18723,121.298
18724,121.298
18725,121.298
18726,121.298
18727,121.298
18728,121.298
18729,121.298
18730,121.298
18731,121.298
18732,121.298
18733,121.298
18734,121.298
18735,121.298
18736,120.097
18737,120.097
18738,120.097
18739,120.097
18740,120.097
18741,120.097
18742,120.097
18743,120.097
18744,120.097
18745,120.097
18746,120.097
18747,120.097
18748,120.097
18749,120.097
18750,120.097
18751,120.097
18752,120.097
18753,120.097
18754,120.097
18755,120.097
18756,121.579
18757,121.579
18758,121.579
18759,121.579
18760,121.579
18761,121.579
18762,121.579
18763,121.579
18764,121.579
18765,121.579
18766,121.579
18767,121.579
18768,121.579
18769,121.579
18770,121.579
18771,121.579
18772,121.579
18773,121.579
18774,121.579
18775,121.579
18776,121.579
18777,122.179
18778,122.179
18779,122.179
18780,122.179
18781,122.179
18782,122.179
18783,122.179
18784,122.179
18785,122.179
18786,122.179
18787,122.179
18788,122.179
18789,122.179
18790,122.179
18791,122.179
18792,122.179
18793,122.179
18794,122.179
18795,122.179
18796,119.693
18797,119.693
18798,119.693
18799,119.693
18800,119.693
18801,119.693
18802,119.693
18803,119.693
18804,119.693
18805,119.693
18806,119.693
18807,119.693
18808,119.693
18809,119.693
18810,119.693
18811,119.693
18812,119.693
18813,119.693
18814,119.693
18815,119.693
18816,119.093
18817,119.093
18818,119.093
18819,119.093
18820,119.093
18821,119.093
18822,119.093
18823,119.093
18824,119.093
18825,119.093
18826,119.093
18827,119.093
18828,119.093
18829,119.093
18830,119.093
18831,119.093
18832,119.093
18833,119.093
18834,119.093
18835,119.093
18836,121.781
18837,121.781
18838,121.781
18839,121.781
18840,121.781
18841,121.781
18842,121.781
18843,121.781
18844,121.781
18845,121.781
18846,121.781
18847,121.781
18848,121.781
18849,121.781
18850,121.781
18851,121.781
18852,121.781
18853,121.781
18854,121.781
18855,121.781
18856,122.054
18857,122.054
18858,122.054
18859,122.054
18860,122.054
18861,122.054
18862,122.054
18863,122.054
18864,122.054
18865,122.054
18866,122.054
18867,122.054
18868,122.054
18869,122.054
18870,122.054
18871,122.054
18872,122.054
18873,122.054
18874,122.054
18875,122.054
18876,119.973
18877,119.973
18878,119.973
18879,119.973
18880,119.973
18881,119.973
18882,119.973
18883,119.973
18884,119.973
18885,119.973
18886,119.973
18887,119.973
18888,119.973
18889,119.973
18890,119.973
18891,119.973
18892,119.973
18893,119.973
18894,119.973
18895,119.973
18896,119.693
18897,119.693
18898,119.693
18899,119.693
18900,119.693
18901,119.693
18902,119.693
18903,119.693
18904,119.693
18905,119.693
18906,119.693
18907,119.693
18908,119.693
18909,119.693
18910,119.693
18911,119.693
18912,119.693
18913,119.693
18914,119.693
18915,119.693
18916,119.693
18917,121.454
18918,121.454
18919,121.454
18920,121.454
18921,121.454
18922,121.454
18923,121.454
18924,121.454
18925,121.454
18926,121.454
18927,121.454
18928,121.454
18929,121.454
18930,121.454
18931,121.454
18932,121.454
18933,121.454
18934,121.454
18935,121.454
18936,121.454
18937,122.327
18938,122.327
18939,122.327
18940,122.327
18941,122.327
18942,122.327
18943,122.327
18944,122.327
18945,122.327
18946,122.327
18947,122.327
18948,122.327
18949,122.327
18950,122.327
18951,122.327
18952,122.327
18953,122.327
18954,122.327
18955,122.327
18956,122.327
18957,120.573
18958,120.573
18959,120.573
18960,120.573
18961,120.573
18962,120.573
18963,120.573
18964,120.573
18965,120.573
18966,120.573
18967,120.573
18968,120.573
18969,120.573
18970,120.573
18971,120.573
18972,120.573
18973,120.573
18974,120.573
18975,120.573
18976,120.573
18977,120.573
18978,120.301
18979,120.301
18980,120.301
18981,120.301
18982,120.301
18983,120.301
18984,120.301
18985,120.301
18986,120.301
18987,120.301
18988,120.301
18989,120.301
18990,120.301
18991,120.301
18992,120.301
18993,120.301
18994,120.301
18995,120.301
18996,120.301
18997,121.781
18998,121.781
18999,121.781
19000,121.781
19001,121.781
19002,121.781
19003,121.781
19004,121.781
19005,121.781
19006,121.781
19007,121.781
19008,121.781
19009,121.781
19010,121.781
19011,121.781
19012,121.781
19013,121.781
19014,121.781
19015,121.781
19016,121.781
19017,121.781
19018,121.781
19019,121.781
19020,121.781
19021,121.781
19022,121.781
19023,121.781
19024,121.781
19025,121.781
19026,121.781
19027,121.781
19028,121.781
19029,121.781
19030,121.781
19031,121.781
19032,121.781
19033,121.781
19034,121.781
19035,121.781
19036,121.781
19037,119.693
19038,119.693
19039,119.693
19040,119.693
19041,119.693
19042,119.693
19043,119.693
19044,119.693
19045,119.693
19046,119.693
19047,119.693
19048,119.693
19049,119.693
19050,119.693
19051,119.693
19052,119.693
19053,119.693
19054,119.693
19055,119.693
19056,119.693
19057,119.693
19058,119.693
19059,119.693
19060,119.693
19061,119.693
19062,119.693
19063,119.693
19064,119.693
19065,119.693
19066,119.693
19067,119.693
19068,119.693
19069,119.693
19070,119.693
19071,119.693
19072,119.693
19073,119.693
19074,119.693
19075,119.693
19076,119.693
19077,122.054
19078,122.054
19079,122.054
19080,122.054
19081,122.054
19082,122.054
19083,122.054
19084,122.054
19085,122.054
19086,122.054
19087,122.054
19088,122.054
19089,122.054
19090,122.054
19091,122.054
19092,122.054
19093,122.054
19094,122.054
19095,122.054
19096,122.054
19097,122.054
19098,122.054
19099,122.054
19100,122.054
19101,122.054
19102,122.054
19103,122.054
19104,122.054
19105,122.054
19106,122.054
19107,122.054
19108,122.054
19109,122.054
19110,122.054
19111,122.054
19112,122.054
19113,122.054
19114,122.054
19115,122.054
19116,122.054
19117,122.054
19118,120.573
19119,120.573
19120,120.573
19121,120.573
19122,120.573
19123,120.573
19124,120.573
19125,120.573
19126,120.573
19127,120.573
19128,120.573
19129,120.573
19130,120.573
19131,120.573
19132,120.573
19133,120.573
19134,120.573
19135,120.573
19136,120.573
19137,120.573
19138,120.573
19139,120.573
19140,120.573
19141,120.573
19142,120.573
19143,120.573
19144,120.573
19145,120.573
19146,120.573
19147,120.573
19148,120.573
19149,120.573
19150,120.573
19151,120.573
19152,120.573
19153,120.573
19154,120.573
19155,120.573
19156,120.573
19157,120.573
19158,122.536
19159,122.536
19160,122.536
19161,122.536
19162,122.536
19163,122.536
19164,122.536
19165,122.536
19166,122.536
19167,122.536
19168,122.536
19169,122.536
19170,122.536
19171,122.536
19172,122.536
19173,122.536
19174,122.536
19175,122.536
19176,122.536
19177,122.536
19178,122.536
19179,121.781
19180,121.781
19181,121.781
19182,121.781
19183,121.781
19184,121.781
19185,121.781
19186,121.781
19187,121.781
19188,121.781
19189,121.781
19190,121.781
19191,121.781
19192,121.781
19193,121.781
19194,121.781
19195,121.781
19196,121.781
19197,121.781
19198,119.42
19199,119.42
19200,119.42
19201,119.42
19202,119.42
19203,119.42
19204,119.42
19205,119.42
19206,119.42
19207,119.42
19208,119.42
19209,119.42
19210,119.42
19211,119.42
19212,119.42
19213,119.42
19214,119.42
19215,119.42
19216,119.42
19217,119.42
19218,119.42
19219,119.42
19220,119.42
19221,119.42
19222,119.42
19223,119.42
19224,119.42
19225,119.42
19226,119.42
19227,119.42
19228,119.42
19229,119.42
19230,119.42
19231,119.42
19232,119.42
19233,119.42
19234,119.42
19235,119.42
19236,119.42
19237,119.42
19238,121.906
19239,121.906
19240,121.906
19241,121.906
19242,121.906
19243,121.906
19244,121.906
19245,121.906
19246,121.906
19247,121.906
19248,121.906
19249,121.906
19250,121.906
19251,121.906
19252,121.906
19253,121.906
19254,121.906
19255,121.906
19256,121.906
19257,121.906
19258,121.579
19259,121.579
19260,121.579
19261,121.579
19262,121.579
19263,121.579
19264,121.579
19265,121.579
19266,121.579
19267,121.579
19268,121.579
19269,121.579
19270,121.579
19271,121.579
19272,121.579
19273,121.579
19274,121.579
19275,121.579
19276,121.579
19277,121.579
19278,120.424
19279,120.424
19280,120.424
19281,120.424
19282,120.424
19283,120.424
19284,120.424
19285,120.424
19286,120.424
19287,120.424
19288,120.424
19289,120.424
19290,120.424
19291,120.424
19292,120.424
19293,120.424
19294,120.424
19295,120.424
19296,120.424
19297,120.424
19298,120.301
19299,120.301
19300,120.301
19301,120.301
19302,120.301
19303,120.301
19304,120.301
19305,120.301
19306,120.301
19307,120.301
19308,120.301
19309,120.301
19310,120.301
19311,120.301
19312,120.301
19313,120.301
19314,120.301
19315,120.301
19316,120.301
19317,120.301
19318,120.301
19319,122.179
19320,122.179
19321,122.179
19322,122.179
19323,122.179
19324,122.179
19325,122.179
19326,122.179
19327,122.179
19328,122.179
19329,122.179
19330,122.179
19331,122.179
19332,122.179
19333,122.179
19334,122.179
19335,122.179
19336,122.179
19337,122.179
19338,122.179
19339,121.906
19340,121.906
19341,121.906
19342,121.906
19343,121.906
19344,121.906
19345,121.906
19346,121.906
19347,121.906
19348,121.906
19349,121.906
19350,121.906
19351,121.906
19352,121.906
19353,121.906
19354,121.906
19355,121.906
19356,121.906
19357,121.906
19358,121.906
19359,119.215
19360,119.215
19361,119.215
19362,119.215
19363,119.215
19364,119.215
19365,119.215
19366,119.215
19367,119.215
19368,119.215
19369,119.215
19370,119.215
19371,119.215
19372,119.215
19373,119.215
19374,119.215
19375,119.215
19376,119.215
19377,119.215
19378,119.215
19379,119.215
19380,119.693
19381,119.693
19382,119.693
19383,119.693
19384,119.693
19385,119.693
19386,119.693
19387,119.693
19388,119.693
19389,119.693
19390,119.693
19391,119.693
19392,119.693
19393,119.693
19394,119.693
19395,119.693
19396,119.693
19397,119.693
19398,119.693
19399,122.452
19400,122.452
19401,122.452
19402,122.452
19403,122.452
19404,122.452
19405,122.452
19406,122.452
19407,122.452
19408,122.452
19409,122.452
19410,122.452
19411,122.452
19412,122.452
19413,122.452
19414,122.452
19415,122.452
19416,122.452
19417,122.452
19418,122.452
19419,120.697
19420,120.697
19421,120.697
19422,120.697
19423,120.697
19424,120.697
19425,120.697
19426,120.697
19427,120.697
19428,120.697
19429,120.697
19430,120.697
19431,120.697
19432,120.697
19433,120.697
19434,120.697
19435,120.697
19436,120.697
19437,120.697
19438,120.697
19439,119.543
19440,119.543
19441,119.543
19442,119.543
19443,119.543
19444,119.543
19445,119.543
19446,119.543
19447,119.543
19448,119.543
19449,119.543
19450,119.543
19451,119.543
19452,119.543
19453,119.543
19454,119.543
19455,119.543
19456,119.543
19457,119.543
19458,119.543
19459,120.097
19460,120.097
19461,120.097
19462,120.097
19463,120.097
19464,120.097
19465,120.097
19466,120.097
19467,120.097
19468,120.097
19469,120.097
19470,120.097
19471,120.097
19472,120.097
19473,120.097
19474,120.097
19475,120.097
19476,120.097
19477,120.097
19478,120.097
19479,122.179
19480,122.179
19481,122.179
19482,122.179
19483,122.179
19484,122.179
19485,122.179
19486,122.179
19487,122.179
19488,122.179
19489,122.179
19490,122.179
19491,122.179
19492,122.179
19493,122.179
19494,122.179
19495,122.179
19496,122.179
19497,122.179
19498,122.179
19499,121.579
19500,121.579
19501,121.579
19502,121.579
19503,121.579
19504,121.579
19505,121.579
19506,121.579
19507,121.579
19508,121.579
19509,121.579
19510,121.579
19511,121.579
19512,121.579
19513,121.579
19514,121.579
19515,121.579
19516,121.579
19517,121.579
19518,121.579
19519,121.579
19520,120.097
19521,120.097
19522,120.097
19523,120.097
19524,120.097
19525,120.097
19526,120.097
19527,120.097
19528,120.097
19529,120.097
19530,120.097
19531,120.097
19532,120.097
19533,120.097
19534,120.097
19535,120.097
19536,120.097
19537,120.097
19538,120.097
19539,120.097
19540,120.697
19541,120.697
19542,120.697
19543,120.697
19544,120.697
19545,120.697
19546,120.697
19547,120.697
19548,120.697
19549,120.697
19550,120.697
19551,120.697
19552,120.697
19553,120.697
19554,120.697
19555,120.697
19556,120.697
19557,120.697
19558,120.697
19559,120.697
19560,122.788
19561,122.788
19562,122.788
19563,122.788
19564,122.788
19565,122.788
19566,122.788
19567,122.788
19568,122.788
19569,122.788
19570,122.788
19571,122.788
19572,122.788
19573,122.788
19574,122.788
19575,122.788
19576,122.788
19577,122.788
19578,122.788
19579,122.788
19580,121.298
19581,121.298
19582,121.298
19583,121.298
19584,121.298
19585,121.298
19586,121.298
19587,121.298
19588,121.298
19589,121.298
19590,121.298
19591,121.298
19592,121.298
19593,121.298
19594,121.298
19595,121.298
19596,121.298
19597,121.298
19598,121.298
19599,121.298
19600,118.607
19601,118.607
19602,118.607
19603,118.607
19604,118.607
19605,118.607
19606,118.607
19607,118.607
19608,118.607
19609,118.607
19610,118.607
19611,118.607
19612,118.607
19613,118.607
19614,118.607
19615,118.607
19616,118.607
19617,118.607
19618,118.607
19619,118.607
19620,119.816
19621,119.816
19622,119.816
19623,119.816
19624,119.816
19625,119.816
19626,119.816
19627,119.816
19628,119.816
19629,119.816
19630,119.816
19631,119.816
19632,119.816
19633,119.816
19634,119.816
19635,119.816
19636,119.816
19637,119.816
19638,119.816
19639,119.816
19640,122.452
19641,122.452
19642,122.452
19643,122.452
19644,122.452
19645,122.452
19646,122.452
19647,122.452
19648,122.452
19649,122.452
19650,122.452
19651,122.452
19652,122.452
19653,122.452
19654,122.452
19655,122.452
19656,122.452
19657,122.452
19658,122.452
19659,122.452
19660,121.579
19661,121.579
19662,121.579
19663,121.579
19664,121.579
19665,121.579
19666,121.579
19667,121.579
19668,121.579
19669,121.579
19670,121.579
19671,121.579
19672,121.579
19673,121.579
19674,121.579
19675,121.579
19676,121.579
19677,121.579
19678,121.579
19679,121.579
19680,120.097
19681,120.097
19682,120.097
19683,120.097
19684,120.097
19685,120.097
19686,120.097
19687,120.097
19688,120.097
19689,120.097
19690,120.097
19691,120.097
19692,120.097
19693,120.097
19694,120.097
19695,120.097
19696,120.097
19697,120.097
19698,120.097
19699,120.097
19700,121.298
19701,121.298
19702,121.298
19703,121.298
19704,121.298
19705,121.298
19706,121.298
19707,121.298
19708,121.298
19709,121.298
19710,121.298
19711,121.298
19712,121.298
19713,121.298
19714,121.298
19715,121.298
19716,121.298
19717,121.298
19718,121.298
19719,121.298
19720,122.788
19721,122.788
19722,122.788
19723,122.788
19724,122.788
19725,122.788
19726,122.788
19727,122.788
19728,122.788
19729,122.788
19730,122.788
19731,122.788
19732,122.788
19733,122.788
19734,122.788
19735,122.788
19736,122.788
19737,122.788
19738,122.788
19739,122.788
19740,120.697
19741,120.697
19742,120.697
19743,120.697
19744,120.697
19745,120.697
19746,120.697
19747,120.697
19748,120.697
19749,120.697
19750,120.697
19751,120.697
19752,120.697
19753,120.697
19754,120.697
19755,120.697
19756,120.697
19757,120.697
19758,120.697
19759,120.697
19760,118.942
19761,118.942
19762,118.942
19763,118.942
19764,118.942
19765,118.942
19766,118.942
19767,118.942
19768,118.942
19769,118.942
19770,118.942
19771,118.942
19772,118.942
19773,118.942
19774,118.942
19775,118.942
19776,118.942
19777,118.942
19778,118.942
19779,118.942
19780,118.942
19781,118.942
19782,120.697
19783,120.697
19784,120.697
19785,120.697
19786,120.697
19787,120.697
19788,120.697
19789,120.697
19790,120.697
19791,120.697
19792,120.697
19793,120.697
19794,120.697
19795,120.697
19796,120.697
19797,120.697
19798,120.697
19799,120.697
19800,120.697
19801,122.788
19802,122.788
19803,122.788
19804,122.788
19805,122.788
19806,122.788
19807,122.788
19808,122.788
19809,122.788
19810,122.788
19811,122.788
19812,122.788
19813,122.788
19814,122.788
19815,122.788
19816,122.788
19817,122.788
19818,122.788
19819,122.788
19820,122.788
19821,121.422
19822,121.422
19823,121.422
19824,121.422
19825,121.422
19826,121.422
19827,121.422
19828,121.422
19829,121.422
19830,121.422
19831,121.422
19832,121.422
19833,121.422
19834,121.422
19835,121.422
19836,121.422
19837,121.422
19838,121.422
19839,121.422
19840,121.422
19841,119.816
19842,119.816
19843,119.816
19844,119.816
19845,119.816
19846,119.816
19847,119.816
19848,119.816
19849,119.816
19850,119.816
19851,119.816
19852,119.816
19853,119.816
19854,119.816
19855,119.816
19856,119.816
19857,119.816
19858,119.816
19859,119.816
19860,119.816
19861,120.97
19862,120.97
19863,120.97
19864,120.97
19865,120.97
19866,120.97
19867,120.97
19868,120.97
19869,120.97
19870,120.97
19871,120.97
19872,120.97
19873,120.97
19874,120.97
19875,120.97
19876,120.97
19877,120.97
19878,120.97
19879,120.97
19880,120.97
19881,122.179
19882,122.179
19883,122.179
19884,122.179
19885,122.179
19886,122.179
19887,122.179
19888,122.179
19889,122.179
19890,122.179
19891,122.179
19892,122.179
19893,122.179
19894,122.179
19895,122.179
19896,122.179
19897,122.179
19898,122.179
19899,122.179
19900,122.179
19901,120.424
19902,120.424
19903,120.424
19904,120.424
19905,120.424
19906,120.424
19907,120.424
19908,120.424
19909,120.424
19910,120.424
19911,120.424
19912,120.424
19913,120.424
19914,120.424
19915,120.424
19916,120.424
19917,120.424
19918,120.424
19919,120.424
19920,120.424
19921,118.334
19922,118.334
19923,118.334
19924,118.334
19925,118.334
19926,118.334
19927,118.334
19928,118.334
19929,118.334
19930,118.334
19931,118.334
19932,118.334
19933,118.334
19934,118.334
19935,118.334
19936,118.334
19937,118.334
19938,118.334
19939,118.334
19940,118.334
19941,120.424
19942,120.424
19943,120.424
19944,120.424
19945,120.424
19946,120.424
19947,120.424
19948,120.424
19949,120.424
19950,120.424
19951,120.424
19952,120.424
19953,120.424
19954,120.424
19955,120.424
19956,120.424
19957,120.424
19958,120.424
19959,120.424
19960,120.424
19961,120.424
19962,122.452
19963,122.452
19964,122.452
19965,122.452
19966,122.452
19967,122.452
19968,122.452
19969,122.452
19970,122.452
19971,122.452
19972,122.452
19973,122.452
19974,122.452
19975,122.452
19976,122.452
19977,122.452
19978,122.452
19979,122.452
19980,122.452
19981,122.452
19982,121.298
19983,121.298
19984,121.298
19985,121.298
19986,121.298
19987,121.298
19988,121.298
19989,121.298
19990,121.298
19991,121.298
19992,121.298
19993,121.298
19994,121.298
19995,121.298
19996,121.298
19997,121.298
19998,121.298
19999,121.298
20000,121.298
20001,121.298
20002,119.215
20003,119.215
20004,119.215
20005,119.215
20006,119.215
20007,119.215
20008,119.215
20009,119.215
20010,119.215
20011,119.215
20012,119.215
20013,119.215
20014,119.215
20015,119.215
20016,119.215
20017,119.215
20018,119.215
20019,119.215
20020,119.215
20021,119.215
20022,120.424
20023,120.424
20024,120.424
20025,120.424
20026,120.424
20027,120.424
20028,120.424
20029,120.424
20030,120.424
20031,120.424
20032,120.424
20033,120.424
20034,120.424
20035,120.424
20036,120.424
20037,120.424
20038,120.424
20039,120.424
20040,120.424
20041,120.424
20042,122.179
20043,122.179
20044,122.179
20045,122.179
20046,122.179
20047,122.179
20048,122.179
20049,122.179
20050,122.179
20051,122.179
20052,122.179
20053,122.179
20054,122.179
20055,122.179
20056,122.179
20057,122.179
20058,122.179
20059,122.179
20060,122.179
20061,122.179
20062,120.697
20063,120.697
20064,120.697
20065,120.697
20066,120.697
20067,120.697
20068,120.697
20069,120.697
20070,120.697
20071,120.697
20072,120.697
20073,120.697
20074,120.697
20075,120.697
20076,120.697
20077,120.697
20078,120.697
20079,120.697
20080,120.697
20081,120.697
20082,120.097
20083,120.097
20084,120.097
20085,120.097
20086,120.097
20087,120.097
20088,120.097
20089,120.097
20090,120.097
20091,120.097
20092,120.097
20093,120.097
20094,120.097
20095,120.097
20096,120.097
20097,120.097
20098,120.097
20099,120.097
20100,120.097
20101,120.097
20102,121.906
20103,121.906
20104,121.906
20105,121.906
20106,121.906
20107,121.906
20108,121.906
20109,121.906
20110,121.906
20111,121.906
20112,121.906
20113,121.906
20114,121.906
20115,121.906
20116,121.906
20117,121.906
20118,121.906
20119,121.906
20120,121.906
20121,121.906
20122,122.452
20123,122.452
20124,122.452
20125,122.452
20126,122.452
20127,122.452
20128,122.452
20129,122.452
20130,122.452
20131,122.452
20132,122.452
20133,122.452
20134,122.452
20135,122.452
20136,122.452
20137,122.452
20138,122.452
20139,122.452
20140,122.452
20141,122.452
20142,122.452
20143,119.816
20144,119.816
20145,119.816
20146,119.816
20147,119.816
20148,119.816
20149,119.816
20150,119.816
20151,119.816
20152,119.816
20153,119.816
20154,119.816
20155,119.816
20156,119.816
20157,119.816
20158,119.816
20159,119.816
20160,119.816
20161,119.816
20162,119.816
20163,119.543
20164,119.543
20165,119.543
20166,119.543
20167,119.543
20168,119.543
20169,119.543
20170,119.543
20171,119.543
20172,119.543
20173,119.543
20174,119.543
20175,119.543
20176,119.543
20177,119.543
20178,119.543
20179,119.543
20180,119.543
20181,119.543
20182,119.543
20183,119.543
20184,121.298
20185,121.298
20186,121.298
20187,121.298
20188,121.298
20189,121.298
20190,121.298
20191,121.298
20192,121.298
20193,121.298
20194,121.298
20195,121.298
20196,121.298
20197,121.298
20198,121.298
20199,121.298
20200,121.298
20201,121.298
20202,121.298
20203,122.179
20204,122.179
20205,122.179
20206,122.179
20207,122.179
20208,122.179
20209,122.179
20210,122.179
20211,122.179
20212,122.179
20213,122.179
20214,122.179
20215,122.179
20216,122.179
20217,122.179
20218,122.179
20219,122.179
20220,122.179
20221,122.179
20222,122.179
20223,120.697
20224,120.697
20225,120.697
20226,120.697
20227,120.697
20228,120.697
20229,120.697
20230,120.697
20231,120.697
20232,120.697
20233,120.697
20234,120.697
20235,120.697
20236,120.697
20237,120.697
20238,120.697
20239,120.697
20240,120.697
20241,120.697
20242,120.697
20243,120.424
20244,120.424
20245,120.424
20246,120.424
20247,120.424
20248,120.424
20249,120.424
20250,120.424
20251,120.424
20252,120.424
20253,120.424
20254,120.424
20255,120.424
20256,120.424
20257,120.424
20258,120.424
20259,120.424
20260,120.424
20261,120.424
20262,120.424
20263,121.906
20264,121.906
20265,121.906
20266,121.906
20267,121.906
20268,121.906
20269,121.906
20270,121.906
20271,121.906
20272,121.906
20273,121.906
20274,121.906
20275,121.906
20276,121.906
20277,121.906
20278,121.906
20279,121.906
20280,121.906
20281,121.906
20282,121.906
20283,122.578
20284,122.578
20285,122.578
20286,122.578
20287,122.578
20288,122.578
20289,122.578
20290,122.578
20291,122.578
20292,122.578
20293,122.578
20294,122.578
20295,122.578
20296,122.578
20297,122.578
20298,122.578
20299,122.578
20300,122.578
20301,122.578
20302,122.578
20303,118.942
20304,118.942
20305,118.942
20306,118.942
20307,118.942
20308,118.942
20309,118.942
20310,118.942
20311,118.942
20312,118.942
20313,118.942
20314,118.942
20315,118.942
20316,118.942
20317,118.942
20318,118.942
20319,118.942
20320,118.942
20321,118.942
20322,118.942
20323,118.942
20324,119.543
20325,119.543
20326,119.543
20327,119.543
20328,119.543
20329,119.543
20330,119.543
20331,119.543
20332,119.543
20333,119.543
20334,119.543
20335,119.543
20336,119.543
20337,119.543
20338,119.543
20339,119.543
20340,119.543
20341,119.543
20342,119.543
20343,119.543
20344,122.031
20345,122.031
20346,122.031
20347,122.031
20348,122.031
20349,122.031
20350,122.031
20351,122.031
20352,122.031
20353,122.031
20354,122.031
20355,122.031
20356,122.031
20357,122.031
20358,122.031
20359,122.031
20360,122.031
20361,122.031
20362,122.031
20363,122.031
20364,122.031
20365,122.031
20366,122.031
20367,122.031
20368,122.031
20369,122.031
20370,122.031
20371,122.031
20372,122.031
20373,122.031
20374,122.031
20375,122.031
20376,122.031
20377,122.031
20378,122.031
20379,122.031
20380,122.031
20381,122.031
20382,122.031
20383,122.031
20384,122.031
20385,120.548
20386,120.548
20387,120.548
20388,120.548
20389,120.548
20390,120.548
20391,120.548
20392,120.548
20393,120.548
20394,120.548
20395,120.548
20396,120.548
20397,120.548
20398,120.548
20399,120.548
20400,120.548
20401,120.548
20402,120.548
20403,120.548
20404,120.22
20405,120.22
20406,120.22
20407,120.22
20408,120.22
20409,120.22
20410,120.22
20411,120.22
20412,120.22
20413,120.22
20414,120.22
20415,120.22
20416,120.22
20417,120.22
20418,120.22
20419,120.22
20420,120.22
20421,120.22
20422,120.22
20423,120.22
20424,122.031
20425,122.031
20426,122.031
20427,122.031
20428,122.031
20429,122.031
20430,122.031
20431,122.031
20432,122.031
20433,122.031
20434,122.031
20435,122.031
20436,122.031
20437,122.031
20438,122.031
20439,122.031
20440,122.031
20441,122.031
20442,122.031
20443,122.031
20444,121.422
20445,121.422
20446,121.422
20447,121.422
20448,121.422
20449,121.422
20450,121.422
20451,121.422
20452,121.422
20453,121.422
20454,121.422
20455,121.422
20456,121.422
20457,121.422
20458,121.422
20459,121.422
20460,121.422
20461,121.422
20462,121.422
20463,121.422
20464,121.422
20465,119.064
20466,119.064
20467,119.064
20468,119.064
20469,119.064
20470,119.064
20471,119.064
20472,119.064
20473,119.064
20474,119.064
20475,119.064
20476,119.064
20477,119.064
20478,119.064
20479,119.064
20480,119.064
20481,119.064
20482,119.064
20483,119.064
20484,119.939
20485,119.939
20486,119.939
20487,119.939
20488,119.939
20489,119.939
20490,119.939
20491,119.939
20492,119.939
20493,119.939
20494,119.939
20495,119.939
20496,119.939
20497,119.939
20498,119.939
20499,119.939
20500,119.939
20501,119.939
20502,119.939
20503,119.939
20504,119.939
20505,122.031
20506,122.031
20507,122.031
20508,122.031
20509,122.031
20510,122.031
20511,122.031
20512,122.031
20513,122.031
20514,122.031
20515,122.031
20516,122.031
20517,122.031
20518,122.031
20519,122.031
20520,122.031
20521,122.031
20522,122.031
20523,122.031
20524,122.031
20525,122.305
20526,122.305
20527,122.305
20528,122.305
20529,122.305
20530,122.305
20531,122.305
20532,122.305
20533,122.305
20534,122.305
20535,122.305
20536,122.305
20537,122.305
20538,122.305
20539,122.305
20540,122.305
20541,122.305
20542,122.305
20543,122.305
20544,122.305
20545,119.939
20546,119.939
20547,119.939
20548,119.939
20549,119.939
20550,119.939
20551,119.939
20552,119.939
20553,119.939
20554,119.939
20555,119.939
20556,119.939
20557,119.939
20558,119.939
20559,119.939
20560,119.939
20561,119.939
20562,119.939
20563,119.939
20564,119.939
20565,120.548
20566,120.548
20567,120.548
20568,120.548
20569,120.548
20570,120.548
20571,120.548
20572,120.548
20573,120.548
20574,120.548
20575,120.548
20576,120.548
20577,120.548
20578,120.548
20579,120.548
20580,120.548
20581,120.548
20582,120.548
20583,120.548
20584,120.548
20585,120.548
20586,122.031
20587,122.031
20588,122.031
20589,122.031
20590,122.031
20591,122.031
20592,122.031
20593,122.031
20594,122.031
20595,122.031
20596,122.031
20597,122.031
20598,122.031
20599,122.031
20600,122.031
20601,122.031
20602,122.031
20603,122.031
20604,122.031
20605,121.703
20606,121.703
20607,121.703
20608,121.703
20609,121.703
20610,121.703
20611,121.703
20612,121.703
20613,121.703
20614,121.703
20615,121.703
20616,121.703
20617,121.703
20618,121.703
20619,121.703
20620,121.703
20621,121.703
20622,121.703
20623,121.703
20624,121.703
20625,119.939
20626,119.939
20627,119.939
20628,119.939
20629,119.939
20630,119.939
20631,119.939
20632,119.939
20633,119.939
20634,119.939
20635,119.939
20636,119.939
20637,119.939
20638,119.939
20639,119.939
20640,119.939
20641,119.939
20642,119.939
20643,119.939
20644,119.939
20645,120.548
20646,120.548
20647,120.548
20648,120.548
20649,120.548
20650,120.548
20651,120.548
20652,120.548
20653,120.548
20654,120.548
20655,120.548
20656,120.548
20657,120.548
20658,120.548
20659,120.548
20660,120.548
20661,120.548
20662,120.548
20663,120.548
20664,120.548
20665,120.548
20666,122.305
20667,122.305
20668,122.305
20669,122.305
20670,122.305
20671,122.305
20672,122.305
20673,122.305
20674,122.305
20675,122.305
20676,122.305
20677,122.305
20678,122.305
20679,122.305
20680,122.305
20681,122.305
20682,122.305
20683,122.305
20684,122.305
20685,122.305
20686,120.821
20687,120.821
20688,120.821
20689,120.821
20690,120.821
20691,120.821
20692,120.821
20693,120.821
20694,120.821
20695,120.821
20696,120.821
20697,120.821
20698,120.821
20699,120.821
20700,120.821
20701,120.821
20702,120.821
20703,120.821
20704,120.821
20705,120.821
20706,119.064
20707,119.064
20708,119.064
20709,119.064
20710,119.064
20711,119.064
20712,119.064
20713,119.064
20714,119.064
20715,119.064
20716,119.064
20717,119.064
20718,119.064
20719,119.064
20720,119.064
20721,119.064
20722,119.064
20723,119.064
20724,119.064
20725,119.064
20726,120.22
20727,120.22
20728,120.22
20729,120.22
20730,120.22
20731,120.22
20732,120.22
20733,120.22
20734,120.22
20735,120.22
20736,120.22
20737,120.22
20738,120.22
20739,120.22
20740,120.22
20741,120.22
20742,120.22
20743,120.22
20744,120.22
20745,120.22
20746,122.305
20747,122.305
20748,122.305
20749,122.305
20750,122.305
20751,122.305
20752,122.305
20753,122.305
20754,122.305
20755,122.305
20756,122.305
20757,122.305
20758,122.305
20759,122.305
20760,122.305
20761,122.305
20762,122.305
20763,122.305
20764,122.305
20765,122.305
20766,121.703
20767,121.703
20768,121.703
20769,121.703
20770,121.703
20771,121.703
20772,121.703
20773,121.703
20774,121.703
20775,121.703
20776,121.703
20777,121.703
20778,121.703
20779,121.703
20780,121.703
20781,121.703
20782,121.703
20783,121.703
20784,121.703
20785,121.703
20786,121.703
20787,119.939
20788,119.939
20789,119.939
20790,119.939
20791,119.939
20792,119.939
20793,119.939
20794,119.939
20795,119.939
20796,119.939
20797,119.939
20798,119.939
20799,119.939
20800,119.939
20801,119.939
20802,119.939
20803,119.939
20804,119.939
20805,119.939
20806,120.821
20807,120.821
20808,120.821
20809,120.821
20810,120.821
20811,120.821
20812,120.821
20813,120.821
20814,120.821
20815,120.821
20816,120.821
20817,120.821
20818,120.821
20819,120.821
20820,120.821
20821,120.821
20822,120.821
20823,120.821
20824,120.821
20825,120.821
20826,122.031
20827,122.031
20828,122.031
20829,122.031
20830,122.031
20831,122.031
20832,122.031
20833,122.031
20834,122.031
20835,122.031
20836,122.031
20837,122.031
20838,122.031
20839,122.031
20840,122.031
20841,122.031
20842,122.031
20843,122.031
20844,122.031
20845,122.031
20846,120.548
20847,120.548
20848,120.548
20849,120.548
20850,120.548
20851,120.548
20852,120.548
20853,120.548
20854,120.548
20855,120.548
20856,120.548
20857,120.548
20858,120.548
20859,120.548
20860,120.548
20861,120.548
20862,120.548
20863,120.548
20864,120.548
20865,120.548
20866,119.665
20867,119.665
20868,119.665
20869,119.665
20870,119.665
20871,119.665
20872,119.665
20873,119.665
20874,119.665
20875,119.665
20876,119.665
20877,119.665
20878,119.665
20879,119.665
20880,119.665
20881,119.665
20882,119.665
20883,119.665
20884,119.665
20885,119.665
20886,119.665
20887,120.548
20888,120.548
20889,120.548
20890,120.548
20891,120.548
20892,120.548
20893,120.548
20894,120.548
20895,120.548
20896,120.548
20897,120.548
20898,120.548
20899,120.548
20900,120.548
20901,120.548
20902,120.548
20903,120.548
20904,120.548
20905,120.548
20906,120.548
20907,122.578
20908,122.578
20909,122.578
20910,122.578
20911,122.578
20912,122.578
20913,122.578
20914,122.578
20915,122.578
20916,122.578
20917,122.578
20918,122.578
20919,122.578
20920,122.578
20921,122.578
20922,122.578
20923,122.578
20924,122.578
20925,122.578
20926,122.578
20927,121.703
20928,121.703
20929,121.703
20930,121.703
20931,121.703
20932,121.703
20933,121.703
20934,121.703
20935,121.703
20936,121.703
20937,121.703
20938,121.703
20939,121.703
20940,121.703
20941,121.703
20942,121.703
20943,121.703
20944,121.703
20945,121.703
20946,121.703
20947,119.665
20948,119.665
20949,119.665
20950,119.665
20951,119.665
20952,119.665
20953,119.665
20954,119.665
20955,119.665
20956,119.665
20957,119.665
20958,119.665
20959,119.665
20960,119.665
20961,119.665
20962,119.665
20963,119.665
20964,119.665
20965,119.665
20966,119.665
20967,120.821
20968,120.821
20969,120.821
20970,120.821
20971,120.821
20972,120.821
20973,120.821
20974,120.821
20975,120.821
20976,120.821
20977,120.821
20978,120.821
20979,120.821
20980,120.821
20981,120.821
20982,120.821
20983,120.821
20984,120.821
20985,120.821
20986,120.821
20987,120.821
20988,121.422
20989,121.422
20990,121.422
20991,121.422
20992,121.422
20993,121.422
20994,121.422
20995,121.422
20996,121.422
20997,121.422
20998,121.422
20999,121.422
21000,121.422
21001,121.422
21002,121.422
21003,121.422
21004,121.422
21005,121.422
21006,121.422
21007,120.821
21008,120.821
21009,120.821
21010,120.821
21011,120.821
21012,120.821
21013,120.821
21014,120.821
21015,120.821
21016,120.821
21017,120.821
21018,120.821
21019,120.821
21020,120.821
21021,120.821
21022,120.821
21023,120.821
21024,120.821
21025,120.821
21026,120.821
21027,119.665
21028,119.665
21029,119.665
21030,119.665
21031,119.665
21032,119.665
21033,119.665
21034,119.665
21035,119.665
21036,119.665
21037,119.665
21038,119.665
21039,119.665
21040,119.665
21041,119.665
21042,119.665
21043,119.665
21044,119.665
21045,119.665
21046,119.665
21047,120.821
21048,120.821
21049,120.821
21050,120.821
21051,120.821
21052,120.821
21053,120.821
21054,120.821
21055,120.821
21056,120.821
21057,120.821
21058,120.821
21059,120.821
21060,120.821
21061,120.821
21062,120.821
21063,120.821
21064,120.821
21065,120.821
21066,120.821
21067,122.578
21068,122.578
21069,122.578
21070,122.578
21071,122.578
21072,122.578
21073,122.578
21074,122.578
21075,122.578
21076,122.578
21077,122.578
21078,122.578
21079,122.578
21080,122.578
21081,122.578
21082,122.578
21083,122.578
21084,122.578
21085,122.578
21086,122.578
21087,122.578
21088,120.821
21089,120.821
21090,120.821
21091,120.821
21092,120.821
21093,120.821
21094,120.821
21095,120.821
21096,120.821
21097,120.821
21098,120.821
21099,120.821
21100,120.821
21101,120.821
21102,120.821
21103,120.821
21104,120.821
21105,120.821
21106,120.821
21107,120.821
21108,119.337
21109,119.337
21110,119.337
21111,119.337
21112,119.337
21113,119.337
21114,119.337
21115,119.337
21116,119.337
21117,119.337
21118,119.337
21119,119.337
21120,119.337
21121,119.337
21122,119.337
21123,119.337
21124,119.337
21125,119.337
21126,119.337
21127,119.337
21128,120.548
21129,120.548
21130,120.548
21131,120.548
21132,120.548
21133,120.548
21134,120.548
21135,120.548
21136,120.548
21137,120.548
21138,120.548
21139,120.548
21140,120.548
21141,120.548
21142,120.548
21143,120.548
21144,120.548
21145,120.548
21146,120.548
21147,120.548
21148,121.422
21149,121.422
21150,121.422
21151,121.422
21152,121.422
21153,121.422
21154,121.422
21155,121.422
21156,121.422
21157,121.422
21158,121.422
21159,121.422
21160,121.422
21161,121.422
21162,121.422
21163,121.422
21164,121.422
21165,121.422
21166,121.422
21167,121.422
21168,120.821
21169,120.821
21170,120.821
21171,120.821
21172,120.821
21173,120.821
21174,120.821
21175,120.821
21176,120.821
21177,120.821
21178,120.821
21179,120.821
21180,120.821
21181,120.821
21182,120.821
21183,120.821
21184,120.821
21185,120.821
21186,120.821
21187,120.821
21188,120.821
21189,119.665
21190,119.665
21191,119.665
21192,119.665
21193,119.665
21194,119.665
21195,119.665
21196,119.665
21197,119.665
21198,119.665
21199,119.665
21200,119.665
21201,119.665
21202,119.665
21203,119.665
21204,119.665
21205,119.665
21206,119.665
21207,119.665
21208,121.422
21209,121.422
21210,121.422
21211,121.422
21212,121.422
21213,121.422
21214,121.422
21215,121.422
21216,121.422
21217,121.422
21218,121.422
21219,121.422
21220,121.422
21221,121.422
21222,121.422
21223,121.422
21224,121.422
21225,121.422
21226,121.422
21227,121.422
21228,122.305
21229,122.305
21230,122.305
21231,122.305
21232,122.305
21233,122.305
21234,122.305
21235,122.305
21236,122.305
21237,122.305
21238,122.305
21239,122.305
21240,122.305
21241,122.305
21242,122.305
21243,122.305
21244,122.305
21245,122.305
21246,122.305
21247,122.305
21248,119.665
21249,119.665
21250,119.665
21251,119.665
21252,119.665
21253,119.665
21254,119.665
21255,119.665
21256,119.665
21257,119.665
21258,119.665
21259,119.665
21260,119.665
21261,119.665
21262,119.665
21263,119.665
21264,119.665
21265,119.665
21266,119.665
21267,119.665
21268,119.064
21269,119.064
21270,119.064
21271,119.064
21272,119.064
21273,119.064
21274,119.064
21275,119.064
21276,119.064
21277,119.064
21278,119.064
21279,119.064
21280,119.064
21281,119.064
21282,119.064
21283,119.064
21284,119.064
21285,119.064
21286,119.064
21287,119.064
21288,121.422
21289,121.422
21290,121.422
21291,121.422
21292,121.422
21293,121.422
21294,121.422
21295,121.422
21296,121.422
21297,121.422
21298,121.422
21299,121.422
21300,121.422
21301,121.422
21302,121.422
21303,121.422
21304,121.422
21305,121.422
21306,121.422
21307,121.422
21308,121.422
21309,122.578
21310,122.578
21311,122.578
21312,122.578
21313,122.578
21314,122.578
21315,122.578
21316,122.578
21317,122.578
21318,122.578
21319,122.578
21320,122.578
21321,122.578
21322,122.578
21323,122.578
21324,122.578
21325,122.578
21326,122.578
21327,122.578
21328,122.578
21329,121.094
21330,121.094
21331,121.094
21332,121.094
21333,121.094
21334,121.094
21335,121.094
21336,121.094
21337,121.094
21338,121.094
21339,121.094
21340,121.094
21341,121.094
21342,121.094
21343,121.094
21344,121.094
21345,121.094
21346,121.094
21347,121.094
21348,121.094
21349,119.939
21350,119.939
21351,119.939
21352,119.939
21353,119.939
21354,119.939
21355,119.939
21356,119.939
21357,119.939
21358,119.939
21359,119.939
21360,119.939
21361,119.939
21362,119.939
21363,119.939
21364,119.939
21365,119.939
21366,119.939
21367,119.939
21368,119.939
21369,121.422
21370,121.422
21371,121.422
21372,121.422
21373,121.422
21374,121.422
21375,121.422
21376,121.422
21377,121.422
21378,121.422
21379,121.422
21380,121.422
21381,121.422
21382,121.422
21383,121.422
21384,121.422
21385,121.422
21386,121.422
21387,121.422
21388,121.422
21389,121.422
21390,122.031
21391,122.031
21392,122.031
21393,122.031
21394,122.031
21395,122.031
21396,122.031
21397,122.031
21398,122.031
21399,122.031
21400,122.031
21401,122.031
21402,122.031
21403,122.031
21404,122.031
21405,122.031
21406,122.031
21407,122.031
21408,122.031
21409,119.665
21410,119.665
21411,119.665
21412,119.665
21413,119.665
21414,119.665
21415,119.665
21416,119.665
21417,119.665
21418,119.665
21419,119.665
21420,119.665
21421,119.665
21422,119.665
21423,119.665
21424,119.665
21425,119.665
21426,119.665
21427,119.665
21428,119.665
21429,119.337
21430,119.337
21431,119.337
21432,119.337
21433,119.337
21434,119.337
21435,119.337
21436,119.337
21437,119.337
21438,119.337
21439,119.337
21440,119.337
21441,119.337
21442,119.337
21443,119.337
21444,119.337
21445,119.337
21446,119.337
21447,119.337
21448,119.337
21449,121.703
21450,121.703
21451,121.703
21452,121.703
21453,121.703
21454,121.703
21455,121.703
21456,121.703
21457,121.703
21458,121.703
21459,121.703
21460,121.703
21461,121.703
21462,121.703
21463,121.703
21464,121.703
21465,121.703
21466,121.703
21467,121.703
21468,121.703
21469,122.914
21470,122.914
21471,122.914
21472,122.914
21473,122.914
21474,122.914
21475,122.914
21476,122.914
21477,122.914
21478,122.914
21479,122.914
21480,122.914
21481,122.914
21482,122.914
21483,122.914
21484,122.914
21485,122.914
21486,122.914
21487,122.914
21488,122.914
21489,122.914
21490,120.22
21491,120.22
21492,120.22
21493,120.22
21494,120.22
21495,120.22
21496,120.22
21497,120.22
21498,120.22
21499,120.22
21500,120.22
21501,120.22
21502,120.22
21503,120.22
21504,120.22
21505,120.22
21506,120.22
21507,120.22
21508,120.22
21509,120.22
21510,120.22
21511,120.22
21512,120.22
21513,120.22
21514,120.22
21515,120.22
21516,120.22
21517,120.22
21518,120.22
21519,120.22
21520,120.22
21521,120.22
21522,120.22
21523,120.22
21524,120.22
21525,120.22
21526,120.22
21527,120.22
21528,120.22
21529,120.22
21530,121.422
21531,121.422
21532,121.422
21533,121.422
21534,121.422
21535,121.422
21536,121.422
21537,121.422
21538,121.422
21539,121.422
21540,121.422
21541,121.422
21542,121.422
21543,121.422
21544,121.422
21545,121.422
21546,121.422
21547,121.422
21548,121.422
21549,121.422
21550,121.703
21551,121.703
21552,121.703
21553,121.703
21554,121.703
21555,121.703
21556,121.703
21557,121.703
21558,121.703
21559,121.703
21560,121.703
21561,121.703
21562,121.703
21563,121.703
21564,121.703
21565,121.703
21566,121.703
21567,121.703
21568,121.703
21569,121.703
21570,119.064
21571,119.064
21572,119.064
21573,119.064
21574,119.064
21575,119.064
21576,119.064
21577,119.064
21578,119.064
21579,119.064
21580,119.064
21581,119.064
21582,119.064
21583,119.064
21584,119.064
21585,119.064
21586,119.064
21587,119.064
21588,119.064
21589,119.064
21590,119.064
21591,119.665
21592,119.665
21593,119.665
21594,119.665
21595,119.665
21596,119.665
21597,119.665
21598,119.665
21599,119.665
21600,119.665
21601,119.665
21602,119.665
21603,119.665
21604,119.665
21605,119.665
21606,119.665
21607,119.665
21608,119.665
21609,119.665
21610,121.422
21611,121.422
21612,121.422
21613,121.422
21614,121.422
21615,121.422
21616,121.422
21617,121.422
21618,121.422
21619,121.422
21620,121.422
21621,121.422
21622,121.422
21623,121.422
21624,121.422
21625,121.422
21626,121.422
21627,121.422
21628,121.422
21629,121.422
21630,122.031
21631,122.031
21632,122.031
21633,122.031
21634,122.031
21635,122.031
21636,122.031
21637,122.031
21638,122.031
21639,122.031
21640,122.031
21641,122.031
21642,122.031
21643,122.031
21644,122.031
21645,122.031
21646,122.031
21647,122.031
21648,122.031
21649,122.031
21650,120.22
21651,120.22
21652,120.22
21653,120.22
21654,120.22
21655,120.22
21656,120.22
21657,120.22
21658,120.22
21659,120.22
21660,120.22
21661,120.22
21662,120.22
21663,120.22
21664,120.22
21665,120.22
21666,120.22
21667,120.22
21668,120.22
21669,120.22
21670,119.939
21671,119.939
21672,119.939
21673,119.939
21674,119.939
21675,119.939
21676,119.939
21677,119.939
21678,119.939
21679,119.939
21680,119.939
21681,119.939
21682,119.939
21683,119.939
21684,119.939
21685,119.939
21686,119.939
21687,119.939
21688,119.939
21689,119.939
21690,122.031
21691,122.031
21692,122.031
21693,122.031
21694,122.031
21695,122.031
21696,122.031
21697,122.031
21698,122.031
21699,122.031
21700,122.031
21701,122.031
21702,122.031
21703,122.031
21704,122.031
21705,122.031
21706,122.031
21707,122.031
21708,122.031
21709,122.031
21710,103.066
21711,103.066
21712,103.066
21713,103.066
21714,103.066
21715,103.066
21716,103.066
21717,103.066
21718,103.066
21719,103.066
21720,103.066
21721,103.066
21722,103.066
21723,103.066
21724,103.066
21725,103.066
21726,103.066
21727,103.066
21728,103.066
21729,103.066
21730,103.066
21731,77.393
21732,77.393
21733,77.393
21734,77.393
21735,77.393
21736,77.393
21737,77.393
21738,77.393
21739,77.393
21740,77.393
21741,77.393
21742,77.393
21743,77.393
21744,77.393
21745,77.393
21746,77.393
21747,77.393
21748,77.393
21749,77.393
21750,77.393
21751,71.787
21752,71.787
21753,71.787
21754,71.787
21755,71.787
21756,71.787
21757,71.787
21758,71.787
21759,71.787
21760,71.787
21761,71.787
21762,71.787
21763,71.787
21764,71.787
21765,71.787
21766,71.787
21767,71.787
21768,71.787
21769,71.787
21770,71.787
21771,70.912
21772,70.912
21773,70.912
21774,70.912
21775,70.912
21776,70.912
21777,70.912
21778,70.912
21779,70.912
21780,70.912
21781,70.912
21782,70.912
21783,70.912
21784,70.912
21785,70.912
21786,70.912
21787,70.912
21788,70.912
21789,70.912
21790,70.912
21791,70.577
21792,70.577
21793,70.577
21794,70.577
21795,70.577
21796,70.577
21797,70.577
21798,70.577
21799,70.577
21800,70.577
21801,70.577
21802,70.577
21803,70.577
21804,70.577
21805,70.577
21806,70.577
21807,70.577
21808,70.577
21809,70.577
21810,70.577
21811,70.303
21812,70.303
21813,70.303
21814,70.303
21815,70.303
21816,70.303
21817,70.303
21818,70.303
21819,70.303
21820,70.303
21821,70.303
21822,70.303
21823,70.303
21824,70.303
21825,70.303
21826,70.303
21827,70.303
21828,70.303
21829,70.303
21830,70.303
21831,70.577
21832,70.577
21833,70.577
21834,70.577
21835,70.577
21836,70.577
21837,70.577
21838,70.577
21839,70.577
21840,70.577
21841,70.577
21842,70.577
21843,70.577
21844,70.577
21845,70.577
21846,70.577
21847,70.577
21848,70.577
21849,70.577
21850,70.577
21851,70.577
21852,70.577
21853,70.577
21854,70.577
21855,70.577
21856,70.577
21857,70.577
21858,70.577
21859,70.577
21860,70.577
21861,70.577
21862,70.577
21863,70.577
21864,70.577
21865,70.577
21866,70.577
21867,70.577
21868,70.577
21869,70.577
21870,70.577
21871,71.186
21872,71.186
21873,71.186
21874,71.186
21875,71.186
21876,71.186
21877,71.186
21878,71.186
21879,71.186
21880,71.186
21881,71.186
21882,71.186
21883,71.186
21884,71.186
21885,71.186
21886,71.186
21887,71.186
21888,71.186
21889,71.186
21890,71.186
21891,70.912
21892,70.912
21893,70.912
21894,70.912
21895,70.912
21896,70.912
21897,70.912
21898,70.912
21899,70.912
21900,70.912
21901,70.912
21902,70.912
21903,70.912
21904,70.912
21905,70.912
21906,70.912
21907,70.912
21908,70.912
21909,70.912
21910,70.912
21911,70.912
21912,70.912
21913,70.912
21914,70.912
21915,70.912
21916,70.912
21917,70.912
21918,70.912
21919,70.912
21920,70.912
21921,70.912
21922,70.912
21923,70.912
21924,70.912
21925,70.912
21926,70.912
21927,70.912
21928,70.912
21929,70.912
21930,70.912
21931,70.912
21932,70.577
21933,70.577
21934,70.577
21935,70.577
21936,70.577
21937,70.577
21938,70.577
21939,70.577
21940,70.577
21941,70.577
21942,70.577
21943,70.577
21944,70.577
21945,70.577
21946,70.577
21947,70.577
21948,70.577
21949,70.577
21950,70.577
21951,70.577
21952,69.975
21953,69.975
21954,69.975
21955,69.975
21956,69.975
21957,69.975
21958,69.975
21959,69.975
21960,69.975
21961,69.975
21962,69.975
21963,69.975
21964,69.975
21965,69.975
21966,69.975
21967,69.975
21968,69.975
21969,69.975
21970,69.975
21971,69.975
21972,70.231
21973,70.231
21974,70.231
21975,70.231
21976,70.231
21977,70.231
21978,70.231
21979,70.231
21980,70.231
21981,70.231
21982,70.231
21983,70.231
21984,70.231
21985,70.231
21986,70.231
21987,70.231
21988,70.231
21989,70.231
21990,70.231
21991,70.231
21992,69.904
21993,69.904
21994,69.904
21995,69.904
21996,69.904
21997,69.904
21998,69.904
21999,69.904
22000,69.904
22001,69.904
22002,69.904
22003,69.904
22004,69.904
22005,69.904
22006,69.904
22007,69.904
22008,69.904
22009,69.904
22010,69.904
22011,69.904
22012,69.975
22013,69.975
22014,69.975
22015,69.975
22016,69.975
22017,69.975
22018,69.975
22019,69.975
22020,69.975
22021,69.975
22022,69.975
22023,69.975
22024,69.975
22025,69.975
22026,69.975
22027,69.975
22028,69.975
22029,69.975
22030,69.975
22031,69.975
22032,69.904
22033,69.904
22034,69.904
22035,69.904
22036,69.904
22037,69.904
22038,69.904
22039,69.904
22040,69.904
22041,69.904
22042,69.904
22043,69.904
22044,69.904
22045,69.904
22046,69.904
22047,69.904
22048,69.904
22049,69.904
22050,69.904
22051,69.904
22052,69.975
22053,69.975
22054,69.975
22055,69.975
22056,69.975
22057,69.975
22058,69.975
22059,69.975
22060,69.975
22061,69.975
22062,69.975
22063,69.975
22064,69.975
22065,69.975
22066,69.975
22067,69.975
22068,69.975
22069,69.975
22070,69.975
22071,69.975
22072,70.303
22073,70.303
22074,70.303
22075,70.303
22076,70.303
22077,70.303
22078,70.303
22079,70.303
22080,70.303
22081,70.303
22082,70.303
22083,70.303
22084,70.303
22085,70.303
22086,70.303
22087,70.303
22088,70.303
22089,70.303
22090,70.303
22091,70.303
22092,69.975
22093,69.975
22094,69.975
22095,69.975
22096,69.975
22097,69.975
22098,69.975
22099,69.975
22100,69.975
22101,69.975
22102,69.975
22103,69.975
22104,69.975
22105,69.975
22106,69.975
22107,69.975
22108,69.975
22109,69.975
22110,69.975
22111,69.975
22112,69.975
22113,69.975
22114,69.975
22115,69.975
22116,69.975
22117,69.975
22118,69.975
22119,69.975
22120,69.975
22121,69.975
22122,69.975
22123,69.975
22124,69.975
22125,69.975
22126,69.975
22127,69.975
22128,69.975
22129,69.975
22130,69.975
22131,69.975
22132,69.702
22133,69.702
22134,69.702
22135,69.702
22136,69.702
22137,69.702
22138,69.702
22139,69.702
22140,69.702
22141,69.702
22142,69.702
22143,69.702
22144,69.702
22145,69.702
22146,69.702
22147,69.702
22148,69.702
22149,69.702
22150,69.702
22151,69.702
22152,72.669
22153,72.669
22154,72.669
22155,72.669
22156,72.669
22157,72.669
22158,72.669
22159,72.669
22160,72.669
22161,72.669
22162,72.669
22163,72.669
22164,72.669
22165,72.669
22166,72.669
22167,72.669
22168,72.669
22169,72.669
22170,72.669
22171,72.669
22172,73.749
22173,73.749
22174,73.749
22175,73.749
22176,73.749
22177,73.749
22178,73.749
22179,73.749
22180,73.749
22181,73.749
22182,73.749
22183,73.749
22184,73.749
22185,73.749
22186,73.749
22187,73.749
22188,73.749
22189,73.749
22190,73.749
22191,73.749
22192,73.749
22193,70.504
22194,70.504
22195,70.504
22196,70.504
22197,70.504
22198,70.504
22199,70.504
22200,70.504
22201,70.504
22202,70.504
22203,70.504
22204,70.504
22205,70.504
22206,70.504
22207,70.504
22208,70.504
22209,70.504
22210,70.504
22211,70.504
22212,70.504
22213,69.904
22214,69.904
22215,69.904
22216,69.904
22217,69.904
22218,69.904
22219,69.904
22220,69.904
22221,69.904
22222,69.904
22223,69.904
22224,69.904
22225,69.904
22226,69.904
22227,69.904
22228,69.904
22229,69.904
22230,69.904
22231,69.904
22232,69.904
22233,69.904
22234,69.904
22235,69.904
22236,69.904
22237,69.904
22238,69.904
22239,69.904
22240,69.904
22241,69.904
22242,69.904
22243,69.904
22244,69.904
22245,69.904
22246,69.904
22247,69.904
22248,69.904
22249,69.904
22250,69.904
22251,69.904
22252,69.904
22253,69.631
22254,69.631
22255,69.631
22256,69.631
22257,69.631
22258,69.631
22259,69.631
22260,69.631
22261,69.631
22262,69.631
22263,69.631
22264,69.631
22265,69.631
22266,69.631
22267,69.631
22268,69.631
22269,69.631
22270,69.631
22271,69.631
22272,69.631
22273,70.231
22274,70.231
22275,70.231
22276,70.231
22277,70.231
22278,70.231
22279,70.231
22280,70.231
22281,70.231
22282,70.231
22283,70.231
22284,70.231
22285,70.231
22286,70.231
22287,70.231
22288,70.231
22289,70.231
22290,70.231
22291,70.231
22292,70.231
22293,71.986
22294,71.986
22295,71.986
22296,71.986
22297,71.986
22298,71.986
22299,71.986
22300,71.986
22301,71.986
22302,71.986
22303,71.986
22304,71.986
22305,71.986
22306,71.986
22307,71.986
22308,71.986
22309,71.986
22310,71.986
22311,71.986
22312,71.986
22313,71.113
22314,71.113
22315,71.113
22316,71.113
22317,71.113
22318,71.113
22319,71.113
22320,71.113
22321,71.113
22322,71.113
22323,71.113
22324,71.113
22325,71.113
22326,71.113
22327,71.113
22328,71.113
22329,71.113
22330,71.113
22331,71.113
22332,71.113
22333,74.958
22334,74.958
22335,74.958
22336,74.958
22337,74.958
22338,74.958
22339,74.958
22340,74.958
22341,74.958
22342,74.958
22343,74.958
22344,74.958
22345,74.958
22346,74.958
22347,74.958
22348,74.958
22349,74.958
22350,74.958
22351,74.958
22352,74.958
22353,72.595
22354,72.595
22355,72.595
22356,72.595
22357,72.595
22358,72.595
22359,72.595
22360,72.595
22361,72.595
22362,72.595
22363,72.595
22364,72.595
22365,72.595
22366,72.595
22367,72.595
22368,72.595
22369,72.595
22370,72.595
22371,72.595
22372,72.595
22373,72.267
22374,72.267
22375,72.267
22376,72.267
22377,72.267
22378,72.267
22379,72.267
22380,72.267
22381,72.267
22382,72.267
22383,72.267
22384,72.267
22385,72.267
22386,72.267
22387,72.267
22388,72.267
22389,72.267
22390,72.267
22391,72.267
22392,72.267
22393,72.595
22394,72.595
22395,72.595
22396,72.595
22397,72.595
22398,72.595
22399,72.595
22400,72.595
22401,72.595
22402,72.595
22403,72.595
22404,72.595
22405,72.595
22406,72.595
22407,72.595
22408,72.595
22409,72.595
22410,72.595
22411,72.595
22412,72.595
22413,72.595
22414,70.231
22415,70.231
22416,70.231
22417,70.231
22418,70.231
22419,70.231
22420,70.231
22421,70.231
22422,70.231
22423,70.231
22424,70.231
22425,70.231
22426,70.231
22427,70.231
22428,70.231
22429,70.231
22430,70.231
22431,70.231
22432,70.231
22433,70.231
22434,70.159
22435,70.159
22436,70.159
22437,70.159
22438,70.159
22439,70.159
22440,70.159
22441,70.159
22442,70.159
22443,70.159
22444,70.159
22445,70.159
22446,70.159
22447,70.159
22448,70.159
22449,70.159
22450,70.159
22451,70.159
22452,70.159
22453,70.159
22454,70.231
22455,70.231
22456,70.231
22457,70.231
22458,70.231
22459,70.231
22460,70.231
22461,70.231
22462,70.231
22463,70.231
22464,70.231
22465,70.231
22466,70.231
22467,70.231
22468,70.231
22469,70.231
22470,70.231
22471,70.231
22472,70.231
22473,70.231
22474,70.767
22475,70.767
22476,70.767
22477,70.767
22478,70.767
22479,70.767
22480,70.767
22481,70.767
22482,70.767
22483,70.767
22484,70.767
22485,70.767
22486,70.767
22487,70.767
22488,70.767
22489,70.767
22490,70.767
22491,70.767
22492,70.767
22493,70.767
22494,70.159
22495,70.159
22496,70.159
22497,70.159
22498,70.159
22499,70.159
22500,70.159
22501,70.159
22502,70.159
22503,70.159
22504,70.159
22505,70.159
22506,70.159
22507,70.159
22508,70.159
22509,70.159
22510,70.159
22511,70.159
22512,70.159
22513,70.159
22514,70.159
22515,70.159
22516,70.159
22517,70.159
22518,70.159
22519,70.159
22520,70.159
22521,70.159
22522,70.159
22523,70.159
22524,70.159
22525,70.159
22526,70.159
22527,70.159
22528,70.159
22529,70.159
22530,70.159
22531,70.159
22532,70.159
22533,70.159
22534,70.159
22535,70.159
22536,70.159
22537,70.159
22538,70.159
22539,70.159
22540,70.159
22541,70.159
22542,70.159
22543,70.159
22544,70.159
22545,70.159
22546,70.159
22547,70.159
22548,70.159
22549,70.159
22550,70.159
22551,70.159
22552,70.159
22553,70.159
22554,69.559
