time_ms,power_w
0,70.159
1,70.159
2,70.159
3,70.159
4,70.159
5,70.159
6,70.159
7,70.159
8,70.159
9,70.159
10,70.159
11,70.159
12,70.159
13,70.159
14,70.159
15,70.159
16,70.159
17,70.159
18,70.159
19,70.159
20,70.504
21,70.504
22,70.504
23,70.504
24,70.504
25,70.504
26,70.504
27,70.504
28,70.504
29,70.504
30,70.504
31,70.504
32,70.504
33,70.504
34,70.504
35,70.504
36,70.504
37,70.504
38,70.504
39,70.504
40,70.767
41,70.767
42,70.767
43,70.767
44,70.767
45,70.767
46,70.767
47,70.767
48,70.767
49,70.767
50,70.767
51,70.767
52,70.767
53,70.767
54,70.767
55,70.767
56,70.767
57,70.767
58,70.767
59,70.767
60,70.767
61,70.84
62,70.84
63,70.84
64,70.84
65,70.84
66,70.84
67,70.84
68,70.84
69,70.84
70,70.84
71,70.84
72,70.84
73,70.84
74,70.84
75,70.84
76,70.84
77,70.84
78,70.84
79,70.84
80,70.84
81,70.504
82,70.504
83,70.504
84,70.504
85,70.504
86,70.504
87,70.504
88,70.504
89,70.504
90,70.504
91,70.504
92,70.504
93,70.504
94,70.504
95,70.504
96,70.504
97,70.504
98,70.504
99,70.504
100,70.504
101,70.231
102,70.231
103,70.231
104,70.231
105,70.231
106,70.231
107,70.231
108,70.231
109,70.231
110,70.231
111,70.231
112,70.231
113,70.231
114,70.231
115,70.231
116,70.231
117,70.231
118,70.231
119,70.231
120,70.231
121,69.904
122,69.904
123,69.904
124,69.904
125,69.904
126,69.904
127,69.904
128,69.904
129,69.904
130,69.904
131,69.904
132,69.904
133,69.904
134,69.904
135,69.904
136,69.904
137,69.904
138,69.904
139,69.904
140,69.904
141,70.231
142,70.231
143,70.231
144,70.231
145,70.231
146,70.231
147,70.231
148,70.231
149,70.231
150,70.231
151,70.231
152,70.231
153,70.231
154,70.231
155,70.231
156,70.231
157,70.231
158,70.231
159,70.231
160,70.231
161,69.904
162,69.904
163,69.904
164,69.904
165,69.904
166,69.904
167,69.904
168,69.904
169,69.904
170,69.904
171,69.904
172,69.904
173,69.904
174,69.904
175,69.904
176,69.904
177,69.904
178,69.904
179,69.904
180,69.904
181,69.904
182,69.904
183,69.904
184,69.904
185,69.904
186,69.904
187,69.904
188,69.904
189,69.904
190,69.904
191,69.904
192,69.904
193,69.904
194,69.904
195,69.904
196,69.904
197,69.904
198,69.904
199,69.904
200,69.904
201,69.904
202,69.904
203,69.904
204,69.904
205,69.904
206,69.904
207,69.904
208,69.904
209,69.904
210,69.904
211,69.904
212,69.904
213,69.904
214,69.904
215,69.904
216,69.904
217,69.904
218,69.904
219,69.904
220,69.904
221,69.631
222,69.631
223,69.631
224,69.631
225,69.631
226,69.631
227,69.631
228,69.631
229,69.631
230,69.631
231,69.631
232,69.631
233,69.631
234,69.631
235,69.631
236,69.631
237,69.631
238,69.631
239,69.631
240,69.631
241,70.231
242,70.231
243,70.231
244,70.231
245,70.231
246,70.231
247,70.231
248,70.231
249,70.231
250,70.231
251,70.231
252,70.231
253,70.231
254,70.231
255,70.231
256,70.231
257,70.231
258,70.231
259,70.231
260,70.231
261,70.231
262,69.904
263,69.904
264,69.904
265,69.904
266,69.904
267,69.904
268,69.904
269,69.904
270,69.904
271,69.904
272,69.904
273,69.904
274,69.904
275,69.904
276,69.904
277,69.904
278,69.904
279,69.904
280,69.904
281,69.904
282,69.631
283,69.631
284,69.631
285,69.631
286,69.631
287,69.631
288,69.631
289,69.631
290,69.631
291,69.631
292,69.631
293,69.631
294,69.631
295,69.631
296,69.631
297,69.631
298,69.631
299,69.631
300,69.631
301,69.631
302,70.231
303,70.231
304,70.231
305,70.231
306,70.231
307,70.231
308,70.231
309,70.231
310,70.231
311,70.231
312,70.231
313,70.231
314,70.231
315,70.231
316,70.231
317,70.231
318,70.231
319,70.231
320,70.231
321,70.231
322,70.231
323,70.231
324,70.231
325,70.231
326,70.231
327,70.231
328,70.231
329,70.231
330,70.231
331,70.231
332,70.231
333,70.231
334,70.231
335,70.231
336,70.231
337,70.231
338,70.231
339,70.231
340,70.231
341,70.231
342,70.912
343,70.912
344,70.912
345,70.912
346,70.912
347,70.912
348,70.912
349,70.912
350,70.912
351,70.912
352,70.912
353,70.912
354,70.912
355,70.912
356,70.912
357,70.912
358,70.912
359,70.912
360,70.912
361,70.912
362,70.912
363,71.386
364,71.386
365,71.386
366,71.386
367,71.386
368,71.386
369,71.386
370,71.386
371,71.386
372,71.386
373,71.386
374,71.386
375,71.386
376,71.386
377,71.386
378,71.386
379,71.386
380,71.386
381,71.386
382,76.44
383,76.44
384,76.44
385,76.44
386,76.44
387,76.44
388,76.44
389,76.44
390,76.44
391,76.44
392,76.44
393,76.44
394,76.44
395,76.44
396,76.44
397,76.44
398,76.44
399,76.44
400,76.44
401,76.44
402,71.386
403,71.386
404,71.386
405,71.386
406,71.386
407,71.386
408,71.386
409,71.386
410,71.386
411,71.386
412,71.386
413,71.386
414,71.386
415,71.386
416,71.386
417,71.386
418,71.386
419,71.386
420,71.386
421,71.386
422,69.904
423,69.904
424,69.904
425,69.904
426,69.904
427,69.904
428,69.904
429,69.904
430,69.904
431,69.904
432,69.904
433,69.904
434,69.904
435,69.904
436,69.904
437,69.904
438,69.904
439,69.904
440,69.904
441,69.904
442,70.231
443,70.231
444,70.231
445,70.231
446,70.231
447,70.231
448,70.231
449,70.231
450,70.231
451,70.231
452,70.231
453,70.231
454,70.231
455,70.231
456,70.231
457,70.231
458,70.231
459,70.231
460,70.231
461,70.231
462,70.231
463,69.631
464,69.631
465,69.631
466,69.631
467,69.631
468,69.631
469,69.631
470,69.631
471,69.631
472,69.631
473,69.631
474,69.631
475,69.631
476,69.631
477,69.631
478,69.631
479,69.631
480,69.631
481,69.631
482,69.631
483,70.231
484,70.231
485,70.231
486,70.231
487,70.231
488,70.231
489,70.231
490,70.231
491,70.231
492,70.231
493,70.231
494,70.231
495,70.231
496,70.231
497,70.231
498,70.231
499,70.231
500,70.231
501,70.231
502,70.231
503,70.84
504,70.84
505,70.84
506,70.84
507,70.84
508,70.84
509,70.84
510,70.84
511,70.84
512,70.84
513,70.84
514,70.84
515,70.84
516,70.84
517,70.84
518,70.84
519,70.84
520,70.84
521,70.84
522,70.84
523,71.386
524,71.386
525,71.386
526,71.386
527,71.386
528,71.386
529,71.386
530,71.386
531,71.386
532,71.386
533,71.386
534,71.386
535,71.386
536,71.386
537,71.386
538,71.386
539,71.386
540,71.386
541,71.386
542,71.386
543,76.027
544,76.027
545,76.027
546,76.027
547,76.027
548,76.027
549,76.027
550,76.027
551,76.027
552,76.027
553,76.027
554,76.027
555,76.027
556,76.027
557,76.027
558,76.027
559,76.027
560,76.027
561,76.027
562,76.027
563,71.713
564,71.713
565,71.713
566,71.713
567,71.713
568,71.713
569,71.713
570,71.713
571,71.713
572,71.713
573,71.713
574,71.713
575,71.713
576,71.713
577,71.713
578,71.713
579,71.713
580,71.713
581,71.713
582,71.713
583,73.401
584,73.401
585,73.401
586,73.401
587,73.401
588,73.401
589,73.401
590,73.401
591,73.401
592,73.401
593,73.401
594,73.401
595,73.401
596,73.401
597,73.401
598,73.401
599,73.401
600,73.401
601,73.401
602,73.401
603,72.868
604,72.868
605,72.868
606,72.868
607,72.868
608,72.868
609,72.868
610,72.868
611,72.868
612,72.868
613,72.868
614,72.868
615,72.868
616,72.868
617,72.868
618,72.868
619,72.868
620,72.868
621,72.868
622,72.868
623,70.912
624,70.912
625,70.912
626,70.912
627,70.912
628,70.912
629,70.912
630,70.912
631,70.912
632,70.912
633,70.912
634,70.912
635,70.912
636,70.912
637,70.912
638,70.912
639,70.912
640,70.912
641,70.912
642,70.912
643,70.912
644,70.912
645,70.912
646,70.912
647,70.912
648,70.912
649,70.912
650,70.912
651,70.912
652,70.912
653,70.912
654,70.912
655,70.912
656,70.912
657,70.912
658,70.912
659,70.912
660,70.912
661,70.912
662,70.912
663,70.303
664,70.303
665,70.303
666,70.303
667,70.303
668,70.303
669,70.303
670,70.303
671,70.303
672,70.303
673,70.303
674,70.303
675,70.303
676,70.303
677,70.303
678,70.303
679,70.303
680,70.303
681,70.303
682,70.303
683,70.303
684,70.303
685,70.303
686,70.303
687,70.303
688,70.303
689,70.303
690,70.303
691,70.303
692,70.303
693,70.303
694,70.303
695,70.303
696,70.303
697,70.303
698,70.303
699,70.303
700,70.303
701,70.303
702,70.303
703,70.303
704,70.303
705,70.303
706,70.303
707,70.303
708,70.303
709,70.303
710,70.303
711,70.303
712,70.303
713,70.303
714,70.303
715,70.303
716,70.303
717,70.303
718,70.303
719,70.303
720,70.303
721,70.303
722,70.303
723,70.303
724,69.702
725,69.702
726,69.702
727,69.702
728,69.702
729,69.702
730,69.702
731,69.702
732,69.702
733,69.702
734,69.702
735,69.702
736,69.702
737,69.702
738,69.702
739,69.702
740,69.702
741,69.702
742,69.702
743,69.702
744,69.975
745,69.975
746,69.975
747,69.975
748,69.975
749,69.975
750,69.975
751,69.975
752,69.975
753,69.975
754,69.975
755,69.975
756,69.975
757,69.975
758,69.975
759,69.975
760,69.975
761,69.975
762,69.975
763,69.975
764,69.702
765,69.702
766,69.702
767,69.702
768,69.702
769,69.702
770,69.702
771,69.702
772,69.702
773,69.702
774,69.702
775,69.702
776,69.702
777,69.702
778,69.702
779,69.702
780,69.702
781,69.702
782,69.702
783,69.702
784,69.702
785,69.702
786,69.702
787,69.702
788,69.702
789,69.702
790,69.702
791,69.702
792,69.702
793,69.702
794,69.702
795,69.702
796,69.702
797,69.702
798,69.702
799,69.702
800,69.702
801,69.702
802,69.702
803,69.702
804,69.702
805,69.702
806,69.702
807,69.702
808,69.702
809,69.702
810,69.702
811,69.702
812,69.702
813,69.702
814,69.702
815,69.702
816,69.702
817,69.702
818,69.702
819,69.702
820,69.702
821,69.702
822,69.702
823,69.702
824,69.702
825,69.702
826,69.702
827,69.702
828,69.702
829,69.702
830,69.702
831,69.702
832,69.702
833,69.702
834,69.702
835,69.702
836,69.702
837,69.702
838,69.702
839,69.702
840,69.702
841,69.702
842,69.702
843,69.702
844,69.975
845,69.975
846,69.975
847,69.975
848,69.975
849,69.975
850,69.975
851,69.975
852,69.975
853,69.975
854,69.975
855,69.975
856,69.975
857,69.975
858,69.975
859,69.975
860,69.975
861,69.975
862,69.975
863,69.975
864,69.702
865,69.702
866,69.702
867,69.702
868,69.702
869,69.702
870,69.702
871,69.702
872,69.702
873,69.702
874,69.702
875,69.702
876,69.702
877,69.702
878,69.702
879,69.702
880,69.702
881,69.702
882,69.702
883,69.702
884,69.702
885,69.702
886,69.702
887,69.702
888,69.702
889,69.702
890,69.702
891,69.702
892,69.702
893,69.702
894,69.702
895,69.702
896,69.702
897,69.702
898,69.702
899,69.702
900,69.702
901,69.702
902,69.702
903,69.702
904,69.702
905,69.429
906,69.429
907,69.429
908,69.429
909,69.429
910,69.429
911,69.429
912,69.429
913,69.429
914,69.429
915,69.429
916,69.429
917,69.429
918,69.429
919,69.429
920,69.429
921,69.429
922,69.429
923,69.429
924,69.429
925,69.429
926,69.429
927,69.429
928,69.429
929,69.429
930,69.429
931,69.429
932,69.429
933,69.429
934,69.429
935,69.429
936,69.429
937,69.429
938,69.429
939,69.429
940,69.429
941,69.429
942,69.429
943,69.429
944,69.429
945,69.702
946,69.702
947,69.702
948,69.702
949,69.702
950,69.702
951,69.702
952,69.702
953,69.702
954,69.702
955,69.702
956,69.702
957,69.702
958,69.702
959,69.702
960,69.702
961,69.702
962,69.702
963,69.702
964,69.702
965,69.429
966,69.429
967,69.429
968,69.429
969,69.429
970,69.429
971,69.429
972,69.429
973,69.429
974,69.429
975,69.429
976,69.429
977,69.429
978,69.429
979,69.429
980,69.429
981,69.429
982,69.429
983,69.429
984,69.429
985,69.702
986,69.702
987,69.702
988,69.702
989,69.702
990,69.702
991,69.702
992,69.702
993,69.702
994,69.702
995,69.702
996,69.702
997,69.702
998,69.702
999,69.702
1000,69.702
1001,69.702
1002,69.702
1003,69.702
1004,69.702
1005,69.358
1006,69.358
1007,69.358
1008,69.358
1009,69.358
1010,69.358
1011,69.358
1012,69.358
1013,69.358
1014,69.358
1015,69.358
1016,69.358
1017,69.358
1018,69.358
1019,69.358
1020,69.358
1021,69.358
1022,69.358
1023,69.358
1024,69.358
1025,69.429
1026,69.429
1027,69.429
1028,69.429
1029,69.429
1030,69.429
1031,69.429
1032,69.429
1033,69.429
1034,69.429
1035,69.429
1036,69.429
1037,69.429
1038,69.429
1039,69.429
1040,69.429
1041,69.429
1042,69.429
1043,69.429
1044,69.429
1045,69.702
1046,69.702
1047,69.702
1048,69.702
1049,69.702
1050,69.702
1051,69.702
1052,69.702
1053,69.702
1054,69.702
1055,69.702
1056,69.702
1057,69.702
1058,69.702
1059,69.702
1060,69.702
1061,69.702
1062,69.702
1063,69.702
1064,69.702
1065,69.429
1066,69.429
1067,69.429
1068,69.429
1069,69.429
1070,69.429
1071,69.429
1072,69.429
1073,69.429
1074,69.429
1075,69.429
1076,69.429
1077,69.429
1078,69.429
1079,69.429
1080,69.429
1081,69.429
1082,69.429
1083,69.429
1084,69.429
1085,69.429
1086,69.429
1087,69.429
1088,69.429
1089,69.429
1090,69.429
1091,69.429
1092,69.429
1093,69.429
1094,69.429
1095,69.429
1096,69.429
1097,69.429
1098,69.429
1099,69.429
1100,69.429
1101,69.429
1102,69.429
1103,69.429
1104,69.429
1105,69.429
1106,69.429
1107,69.429
1108,69.429
1109,69.429
1110,69.429
1111,69.429
1112,69.429
1113,69.429
1114,69.429
1115,69.429
1116,69.429
1117,69.429
1118,69.429
1119,69.429
1120,69.429
1121,69.429
1122,69.429
1123,69.429
1124,69.429
1125,69.429
1126,69.429
1127,69.429
1128,69.429
1129,69.429
1130,69.429
1131,69.429
1132,69.429
1133,69.429
1134,69.429
1135,69.429
1136,69.429
1137,69.429
1138,69.429
1139,69.429
1140,69.429
1141,69.429
1142,69.429
1143,69.429
1144,69.429
1145,69.429
1146,69.702
1147,69.702
1148,69.702
1149,69.702
1150,69.702
1151,69.702
1152,69.702
1153,69.702
1154,69.702
1155,69.702
1156,69.702
1157,69.702
1158,69.702
1159,69.702
1160,69.702
1161,69.702
1162,69.702
1163,69.702
1164,69.702
1165,69.702
1166,69.429
1167,69.429
1168,69.429
1169,69.429
1170,69.429
1171,69.429
1172,69.429
1173,69.429
1174,69.429
1175,69.429
1176,69.429
1177,69.429
1178,69.429
1179,69.429
1180,69.429
1181,69.429
1182,69.429
1183,69.429
1184,69.429
1185,69.429
1186,69.429
1187,69.429
1188,69.429
1189,69.429
1190,69.429
1191,69.429
1192,69.429
1193,69.429
1194,69.429
1195,69.429
1196,69.429
1197,69.429
1198,69.429
1199,69.429
1200,69.429
1201,69.429
1202,69.429
1203,69.429
1204,69.429
1205,69.429
1206,69.429
1207,69.429
1208,69.429
1209,69.429
1210,69.429
1211,69.429
1212,69.429
1213,69.429
1214,69.429
1215,69.429
1216,69.429
1217,69.429
1218,69.429
1219,69.429
1220,69.429
1221,69.429
1222,69.429
1223,69.429
1224,69.429
1225,69.429
1226,69.093
1227,69.093
1228,69.093
1229,69.093
1230,69.093
1231,69.093
1232,69.093
1233,69.093
1234,69.093
1235,69.093
1236,69.093
1237,69.093
1238,69.093
1239,69.093
1240,69.093
1241,69.093
1242,69.093
1243,69.093
1244,69.093
1245,69.093
1246,69.702
1247,69.702
1248,69.702
1249,69.702
1250,69.702
1251,69.702
1252,69.702
1253,69.702
1254,69.702
1255,69.702
1256,69.702
1257,69.702
1258,69.702
1259,69.702
1260,69.702
1261,69.702
1262,69.702
1263,69.702
1264,69.702
1265,69.702
1266,69.429
1267,69.429
1268,69.429
1269,69.429
1270,69.429
1271,69.429
1272,69.429
1273,69.429
1274,69.429
1275,69.429
1276,69.429
1277,69.429
1278,69.429
1279,69.429
1280,69.429
1281,69.429
1282,69.429
1283,69.429
1284,69.429
1285,69.429
1286,69.429
1287,69.429
1288,69.429
1289,69.429
1290,69.429
1291,69.429
1292,69.429
1293,69.429
1294,69.429
1295,69.429
1296,69.429
1297,69.429
1298,69.429
1299,69.429
1300,69.429
1301,69.429
1302,69.429
1303,69.429
1304,69.429
1305,69.429
1306,69.429
1307,69.429
1308,69.429
1309,69.429
1310,69.429
1311,69.429
1312,69.429
1313,69.429
1314,69.429
1315,69.429
1316,69.429
1317,69.429
1318,69.429
1319,69.429
1320,69.429
1321,69.429
1322,69.429
1323,69.429
1324,69.429
1325,69.429
1326,69.429
1327,69.429
1328,69.429
1329,69.429
1330,69.429
1331,69.429
1332,69.429
1333,69.429
1334,69.429
1335,69.429
1336,69.429
1337,69.429
1338,69.429
1339,69.429
1340,69.429
1341,69.429
1342,69.429
1343,69.429
1344,69.429
1345,69.429
1346,69.429
1347,69.702
1348,69.702
1349,69.702
1350,69.702
1351,69.702
1352,69.702
1353,69.702
1354,69.702
1355,69.702
1356,69.702
1357,69.702
1358,69.702
1359,69.702
1360,69.702
1361,69.702
1362,69.702
1363,69.702
1364,69.702
1365,69.702
1366,69.702
1367,69.429
1368,69.429
1369,69.429
1370,69.429
1371,69.429
1372,69.429
1373,69.429
1374,69.429
1375,69.429
1376,69.429
1377,69.429
1378,69.429
1379,69.429
1380,69.429
1381,69.429
1382,69.429
1383,69.429
1384,69.429
1385,69.429
1386,69.429
1387,69.5
1388,69.5
1389,69.5
1390,69.5
1391,69.5
1392,69.5
1393,69.5
1394,69.5
1395,69.5
1396,69.5
1397,69.5
1398,69.5
1399,69.5
1400,69.5
1401,69.5
1402,69.5
1403,69.5
1404,69.5
1405,69.5
1406,69.5
1407,69.5
1408,69.5
1409,69.5
1410,69.5
1411,69.5
1412,69.5
1413,69.5
1414,69.5
1415,69.5
1416,69.5
1417,69.5
1418,69.5
1419,69.5
1420,69.5
1421,69.5
1422,69.5
1423,69.5
1424,69.5
1425,69.5
1426,69.5
1427,69.5
1428,69.5
1429,69.5
1430,69.5
1431,69.5
1432,69.5
1433,69.5
1434,69.5
1435,69.5
1436,69.5
1437,69.5
1438,69.5
1439,69.5
1440,69.5
1441,69.5
1442,69.5
1443,69.5
1444,69.5
1445,69.5
1446,69.5
1447,69.773
1448,69.773
1449,69.773
1450,69.773
1451,69.773
1452,69.773
1453,69.773
1454,69.773
1455,69.773
1456,69.773
1457,69.773
1458,69.773
1459,69.773
1460,69.773
1461,69.773
1462,69.773
1463,69.773
1464,69.773
1465,69.773
1466,69.773
1467,69.5
1468,69.5
1469,69.5
1470,69.5
1471,69.5
1472,69.5
1473,69.5
1474,69.5
1475,69.5
1476,69.5
1477,69.5
1478,69.5
1479,69.5
1480,69.5
1481,69.5
1482,69.5
1483,69.5
1484,69.5
1485,69.5
1486,69.5
1487,69.5
1488,69.5
1489,69.5
1490,69.5
1491,69.5
1492,69.5
1493,69.5
1494,69.5
1495,69.5
1496,69.5
1497,69.5
1498,69.5
1499,69.5
1500,69.5
1501,69.5
1502,69.5
1503,69.5
1504,69.5
1505,69.5
1506,69.5
1507,69.773
1508,69.773
1509,69.773
1510,69.773
1511,69.773
1512,69.773
1513,69.773
1514,69.773
1515,69.773
1516,69.773
1517,69.773
1518,69.773
1519,69.773
1520,69.773
1521,69.773
1522,69.773
1523,69.773
1524,69.773
1525,69.773
1526,69.773
1527,69.773
1528,69.773
1529,69.773
1530,69.773
1531,69.773
1532,69.773
1533,69.773
1534,69.773
1535,69.773
1536,69.773
1537,69.773
1538,69.773
1539,69.773
1540,69.773
1541,69.773
1542,69.773
1543,69.773
1544,69.773
1545,69.773
1546,69.773
1547,69.773
1548,70.375
1549,70.375
1550,70.375
1551,70.375
1552,70.375
1553,70.375
1554,70.375
1555,70.375
1556,70.375
1557,70.375
1558,70.375
1559,70.375
1560,70.375
1561,70.375
1562,70.375
1563,70.375
1564,70.375
1565,70.375
1566,70.375
1567,70.375
1568,70.047
1569,70.047
1570,70.047
1571,70.047
1572,70.047
1573,70.047
1574,70.047
1575,70.047
1576,70.047
1577,70.047
1578,70.047
1579,70.047
1580,70.047
1581,70.047
1582,70.047
1583,70.047
1584,70.047
1585,70.047
1586,70.047
1587,70.047
1588,70.047
1589,70.047
1590,70.047
1591,70.047
1592,70.047
1593,70.047
1594,70.047
1595,70.047
1596,70.047
1597,70.047
1598,70.047
1599,70.047
1600,70.047
1601,70.047
1602,70.047
1603,70.047
1604,70.047
1605,70.047
1606,70.047
1607,70.047
1608,69.773
1609,69.773
1610,69.773
1611,69.773
1612,69.773
1613,69.773
1614,69.773
1615,69.773
1616,69.773
1617,69.773
1618,69.773
1619,69.773
1620,69.773
1621,69.773
1622,69.773
1623,69.773
1624,69.773
1625,69.773
1626,69.773
1627,69.773
1628,69.5
1629,69.5
1630,69.5
1631,69.5
1632,69.5
1633,69.5
1634,69.5
1635,69.5
1636,69.5
1637,69.5
1638,69.5
1639,69.5
1640,69.5
1641,69.5
1642,69.5
1643,69.5
1644,69.5
1645,69.5
1646,69.5
1647,69.5
1648,69.5
1649,69.5
1650,69.5
1651,69.5
1652,69.5
1653,69.5
1654,69.5
1655,69.5
1656,69.5
1657,69.5
1658,69.5
1659,69.5
1660,69.5
1661,69.5
1662,69.5
1663,69.5
1664,69.5
1665,69.5
1666,69.5
1667,69.5
1668,69.5
1669,69.5
1670,69.5
1671,69.5
1672,69.5
1673,69.5
1674,69.5
1675,69.5
1676,69.5
1677,69.5
1678,69.5
1679,69.5
1680,69.5
1681,69.5
1682,69.5
1683,69.5
1684,69.5
1685,69.5
1686,69.5
1687,69.5
1688,69.5
1689,69.5
1690,69.5
1691,69.5
1692,69.5
1693,69.5
1694,69.5
1695,69.5
1696,69.5
1697,69.5
1698,69.5
1699,69.5
1700,69.5
1701,69.5
1702,69.5
1703,69.5
1704,69.5
1705,69.5
1706,69.5
1707,69.5
1708,69.5
1709,69.5
1710,69.5
1711,69.5
1712,69.5
1713,69.5
1714,69.5
1715,69.5
1716,69.5
1717,69.5
1718,69.5
1719,69.5
1720,69.5
1721,69.5
1722,69.5
1723,69.5
1724,69.5
1725,69.5
1726,69.5
1727,69.5
1728,69.5
1729,69.5
1730,69.5
1731,69.5
1732,69.5
1733,69.5
1734,69.5
1735,69.5
1736,69.5
1737,69.5
1738,69.5
1739,69.5
1740,69.5
1741,69.5
1742,69.5
1743,69.5
1744,69.5
1745,69.5
1746,69.5
1747,69.5
1748,69.5
1749,69.773
1750,69.773
1751,69.773
1752,69.773
1753,69.773
1754,69.773
1755,69.773
1756,69.773
1757,69.773
1758,69.773
1759,69.773
1760,69.773
1761,69.773
1762,69.773
1763,69.773
1764,69.773
1765,69.773
1766,69.773
1767,69.773
1768,69.773
1769,61.52
1770,61.52
1771,61.52
1772,61.52
1773,61.52
1774,61.52
1775,61.52
1776,61.52
1777,61.52
1778,61.52
1779,61.52
1780,61.52
1781,61.52
1782,61.52
1783,61.52
1784,61.52
1785,61.52
1786,61.52
1787,61.52
1788,61.52
1789,55.298
1790,55.298
1791,55.298
1792,55.298
1793,55.298
1794,55.298
1795,55.298
1796,55.298
1797,55.298
1798,55.298
1799,55.298
1800,55.298
1801,55.298
1802,55.298
1803,55.298
1804,55.298
1805,55.298
1806,55.298
1807,55.298
1808,55.298
1809,54.087
1810,54.087
1811,54.087
1812,54.087
1813,54.087
1814,54.087
1815,54.087
1816,54.087
1817,54.087
1818,54.087
1819,54.087
1820,54.087
1821,54.087
1822,54.087
1823,54.087
1824,54.087
1825,54.087
1826,54.087
1827,54.087
1828,54.087
1829,53.813
1830,53.813
1831,53.813
1832,53.813
1833,53.813
1834,53.813
1835,53.813
1836,53.813
1837,53.813
1838,53.813
1839,53.813
1840,53.813
1841,53.813
1842,53.813
1843,53.813
1844,53.813
1845,53.813
1846,53.813
1847,53.813
1848,53.813
1849,53.813
1850,53.813
1851,53.813
1852,53.813
1853,53.813
1854,53.813
1855,53.813
1856,53.813
1857,53.813
1858,53.813
1859,53.813
1860,53.813
1861,53.813
1862,53.813
1863,53.813
1864,53.813
1865,53.813
1866,53.813
1867,53.813
1868,53.813
1869,53.813
1870,53.813
1871,53.813
1872,53.813
1873,53.813
1874,53.813
1875,53.813
1876,53.813
1877,53.813
1878,53.813
1879,53.813
1880,53.813
1881,53.813
1882,53.813
1883,53.813
1884,53.813
1885,53.813
1886,53.813
1887,53.813
1888,53.813
1889,53.485
1890,53.485
1891,53.485
1892,53.485
1893,53.485
1894,53.485
1895,53.485
1896,53.485
1897,53.485
1898,53.485
1899,53.485
1900,53.485
1901,53.485
1902,53.485
1903,53.485
1904,53.485
1905,53.485
1906,53.485
1907,53.485
1908,53.485
1909,53.485
1910,53.485
1911,53.485
1912,53.485
1913,53.485
1914,53.485
1915,53.485
1916,53.485
1917,53.485
1918,53.485
1919,53.485
1920,53.485
1921,53.485
1922,53.485
1923,53.485
1924,53.485
1925,53.485
1926,53.485
1927,53.485
1928,53.485
1929,53.485
1930,53.485
1931,53.485
1932,53.485
1933,53.485
1934,53.485
1935,53.485
1936,53.485
1937,53.485
1938,53.485
1939,53.485
1940,53.485
1941,53.485
1942,53.485
1943,53.485
1944,53.485
1945,53.485
1946,53.485
1947,53.485
1948,53.485
1949,53.485
1950,53.813
1951,53.813
1952,53.813
1953,53.813
1954,53.813
1955,53.813
1956,53.813
1957,53.813
1958,53.813
1959,53.813
1960,53.813
1961,53.813
1962,53.813
1963,53.813
1964,53.813
1965,53.813
1966,53.813
1967,53.813
1968,53.813
1969,53.813
1970,53.485
1971,53.485
1972,53.485
1973,53.485
1974,53.485
1975,53.485
1976,53.485
1977,53.485
1978,53.485
1979,53.485
1980,53.485
1981,53.485
1982,53.485
1983,53.485
1984,53.485
1985,53.485
1986,53.485
1987,53.485
1988,53.485
1989,53.485
1990,53.485
1991,53.485
1992,53.485
1993,53.485
1994,53.485
1995,53.485
1996,53.485
1997,53.485
1998,53.485
1999,53.485
2000,53.485
2001,53.485
2002,53.485
2003,53.485
2004,53.485
2005,53.485
2006,53.485
2007,53.485
2008,53.485
2009,53.485
2010,53.485
2011,53.485
2012,53.485
2013,53.485
2014,53.485
2015,53.485
2016,53.485
2017,53.485
2018,53.485
2019,53.485
2020,53.485
2021,53.485
2022,53.485
2023,53.485
2024,53.485
2025,53.485
2026,53.485
2027,53.485
2028,53.485
2029,53.485
2030,53.485
2031,53.485
2032,53.485
2033,53.485
2034,53.485
2035,53.485
2036,53.485
2037,53.485
2038,53.485
2039,53.485
2040,53.485
2041,53.485
2042,53.485
2043,53.485
2044,53.485
2045,53.485
2046,53.485
2047,53.485
2048,53.485
2049,53.485
2050,53.813
2051,53.813
2052,53.813
2053,53.813
2054,53.813
2055,53.813
2056,53.813
2057,53.813
2058,53.813
2059,53.813
2060,53.813
2061,53.813
2062,53.813
2063,53.813
2064,53.813
2065,53.813
2066,53.813
2067,53.813
2068,53.813
2069,53.813
2070,53.485
2071,53.485
2072,53.485
2073,53.485
2074,53.485
2075,53.485
2076,53.485
2077,53.485
2078,53.485
2079,53.485
2080,53.485
2081,53.485
2082,53.485
2083,53.485
2084,53.485
2085,53.485
2086,53.485
2087,53.485
2088,53.485
2089,53.485
2090,53.485
2091,53.485
2092,53.485
2093,53.485
2094,53.485
2095,53.485
2096,53.485
2097,53.485
2098,53.485
2099,53.485
2100,53.485
2101,53.485
2102,53.485
2103,53.485
2104,53.485
2105,53.485
2106,53.485
2107,53.485
2108,53.485
2109,53.485
2110,53.485
2111,53.485
2112,53.485
2113,53.485
2114,53.485
2115,53.485
2116,53.485
2117,53.485
2118,53.485
2119,53.485
2120,53.485
2121,53.485
2122,53.485
2123,53.485
2124,53.485
2125,53.485
2126,53.485
2127,53.485
2128,53.485
2129,53.485
2130,53.485
2131,53.485
2132,53.485
2133,53.485
2134,53.485
2135,53.485
2136,53.485
2137,53.485
2138,53.485
2139,53.485
2140,53.485
2141,53.485
2142,53.485
2143,53.485
2144,53.485
2145,53.485
2146,53.485
2147,53.485
2148,53.485
2149,53.485
2150,53.485
2151,53.813
2152,53.813
2153,53.813
2154,53.813
2155,53.813
2156,53.813
2157,53.813
2158,53.813
2159,53.813
2160,53.813
2161,53.813
2162,53.813
2163,53.813
2164,53.813
2165,53.813
2166,53.813
2167,53.813
2168,53.813
2169,53.813
2170,53.813
2171,53.485
2172,53.485
2173,53.485
2174,53.485
2175,53.485
2176,53.485
2177,53.485
2178,53.485
2179,53.485
2180,53.485
2181,53.485
2182,53.485
2183,53.485
2184,53.485
2185,53.485
2186,53.485
2187,53.485
2188,53.485
2189,53.485
2190,53.485
2191,53.813
2192,53.813
2193,53.813
2194,53.813
2195,53.813
2196,53.813
2197,53.813
2198,53.813
2199,53.813
2200,53.813
2201,53.813
2202,53.813
2203,53.813
2204,53.813
2205,53.813
2206,53.813
2207,53.813
2208,53.813
2209,53.813
2210,53.813
2211,53.485
2212,53.485
2213,53.485
2214,53.485
2215,53.485
2216,53.485
2217,53.485
2218,53.485
2219,53.485
2220,53.485
2221,53.485
2222,53.485
2223,53.485
2224,53.485
2225,53.485
2226,53.485
2227,53.485
2228,53.485
2229,53.485
2230,53.485
2231,54.64
2232,54.64
2233,54.64
2234,54.64
2235,54.64
2236,54.64
2237,54.64
2238,54.64
2239,54.64
2240,54.64
2241,54.64
2242,54.64
2243,54.64
2244,54.64
2245,54.64
2246,54.64
2247,54.64
2248,54.64
2249,54.64
2250,54.64
2251,54.64
2252,54.64
2253,54.64
2254,54.64
2255,54.64
2256,54.64
2257,54.64
2258,54.64
2259,54.64
2260,54.64
2261,54.64
2262,54.64
2263,54.64
2264,54.64
2265,54.64
2266,54.64
2267,54.64
2268,54.64
2269,54.64
2270,54.64
2271,53.758
2272,53.758
2273,53.758
2274,53.758
2275,53.758
2276,53.758
2277,53.758
2278,53.758
2279,53.758
2280,53.758
2281,53.758
2282,53.758
2283,53.758
2284,53.758
2285,53.758
2286,53.758
2287,53.758
2288,53.758
2289,53.758
2290,53.758
2291,53.43
2292,53.43
2293,53.43
2294,53.43
2295,53.43
2296,53.43
2297,53.43
2298,53.43
2299,53.43
2300,53.43
2301,53.43
2302,53.43
2303,53.43
2304,53.43
2305,53.43
2306,53.43
2307,53.43
2308,53.43
2309,53.43
2310,53.43
2311,53.43
2312,53.43
2313,53.43
2314,53.43
2315,53.43
2316,53.43
2317,53.43
2318,53.43
2319,53.43
2320,53.43
2321,53.43
2322,53.43
2323,53.43
2324,53.43
2325,53.43
2326,53.43
2327,53.43
2328,53.43
2329,53.43
2330,53.43
2331,53.43
2332,50.518
2333,50.518
2334,50.518
2335,50.518
2336,50.518
2337,50.518
2338,50.518
2339,50.518
2340,50.518
2341,50.518
2342,50.518
2343,50.518
2344,50.518
2345,50.518
2346,50.518
2347,50.518
2348,50.518
2349,50.518
2350,50.518
2351,50.518
2352,49.034
2353,49.034
2354,49.034
2355,49.034
2356,49.034
2357,49.034
2358,49.034
2359,49.034
2360,49.034
2361,49.034
2362,49.034
2363,49.034
2364,49.034
2365,49.034
2366,49.034
2367,49.034
2368,49.034
2369,49.034
2370,49.034
2371,49.034
2372,49.034
2373,49.034
2374,49.034
2375,49.034
2376,49.034
2377,49.034
2378,49.034
2379,49.034
2380,49.034
2381,49.034
2382,49.034
2383,49.034
2384,49.034
2385,49.034
2386,49.034
2387,49.034
2388,49.034
2389,49.034
2390,49.034
2391,49.034
2392,48.698
2393,48.698
2394,48.698
2395,48.698
2396,48.698
2397,48.698
2398,48.698
2399,48.698
2400,48.698
2401,48.698
2402,48.698
2403,48.698
2404,48.698
2405,48.698
2406,48.698
2407,48.698
2408,48.698
2409,48.698
2410,48.698
2411,48.698
2412,48.698
2413,48.698
2414,48.698
2415,48.698
2416,48.698
2417,48.698
2418,48.698
2419,48.698
2420,48.698
2421,48.698
2422,48.698
2423,48.698
2424,48.698
2425,48.698
2426,48.698
2427,48.698
2428,48.698
2429,48.698
2430,48.698
2431,48.698
2432,48.698
2433,48.698
2434,48.698
2435,48.698
2436,48.698
2437,48.698
2438,48.698
2439,48.698
2440,48.698
2441,48.698
2442,48.698
2443,48.698
2444,48.698
2445,48.698
2446,48.698
2447,48.698
2448,48.698
2449,48.698
2450,48.698
2451,48.698
2452,48.698
2453,48.698
2454,48.698
2455,48.698
2456,48.698
2457,48.698
2458,48.698
2459,48.698
2460,48.698
2461,48.698
2462,48.698
2463,48.698
2464,48.698
2465,48.698
2466,48.698
2467,48.698
2468,48.698
2469,48.698
2470,48.698
2471,48.698
2472,48.698
2473,48.698
2474,48.698
2475,48.698
2476,48.698
2477,48.698
2478,48.698
2479,48.698
2480,48.698
2481,48.698
2482,48.698
2483,48.698
2484,48.698
2485,48.698
2486,48.698
2487,48.698
2488,48.698
2489,48.698
2490,48.698
2491,48.698
2492,48.698
2493,48.698
2494,48.698
2495,48.698
2496,48.698
2497,48.698
2498,48.698
2499,48.698
2500,48.698
2501,48.698
2502,48.698
2503,48.698
2504,48.698
2505,48.698
2506,48.698
2507,48.698
2508,48.698
2509,48.698
2510,48.698
2511,48.698
2512,48.698
2513,48.698
2514,48.698
2515,48.698
2516,48.698
2517,48.698
2518,48.698
2519,48.698
2520,48.698
2521,48.698
2522,48.698
2523,48.698
2524,48.698
2525,48.698
2526,48.698
2527,48.698
2528,48.698
2529,48.698
2530,48.698
2531,48.698
2532,48.698
2533,48.425
2534,48.425
2535,48.425
2536,48.425
2537,48.425
2538,48.425
2539,48.425
2540,48.425
2541,48.425
2542,48.425
2543,48.425
2544,48.425
2545,48.425
2546,48.425
2547,48.425
2548,48.425
2549,48.425
2550,48.425
2551,48.425
2552,48.425
2553,48.698
2554,48.698
2555,48.698
2556,48.698
2557,48.698
2558,48.698
2559,48.698
2560,48.698
2561,48.698
2562,48.698
2563,48.698
2564,48.698
2565,48.698
2566,48.698
2567,48.698
2568,48.698
2569,48.698
2570,48.698
2571,48.698
2572,48.698
2573,48.698
2574,48.425
2575,48.425
2576,48.425
2577,48.425
2578,48.425
2579,48.425
2580,48.425
2581,48.425
2582,48.425
2583,48.425
2584,48.425
2585,48.425
2586,48.425
2587,48.425
2588,48.425
2589,48.425
2590,48.425
2591,48.425
2592,48.425
2593,48.425
2594,48.425
2595,48.425
2596,48.425
2597,48.425
2598,48.425
2599,48.425
2600,48.425
2601,48.425
2602,48.425
2603,48.425
2604,48.425
2605,48.425
2606,48.425
2607,48.425
2608,48.425
2609,48.425
2610,48.425
2611,48.425
2612,48.425
2613,48.425
2614,48.425
2615,48.425
2616,48.425
2617,48.425
2618,48.425
2619,48.425
2620,48.425
2621,48.425
2622,48.425
2623,48.425
2624,48.425
2625,48.425
2626,48.425
2627,48.425
2628,48.425
2629,48.425
2630,48.425
2631,48.425
2632,48.425
2633,48.425
2634,48.425
2635,48.425
2636,48.425
2637,48.425
2638,48.425
2639,48.425
2640,48.425
2641,48.425
2642,48.425
2643,48.425
2644,48.425
2645,48.425
2646,48.425
2647,48.425
2648,48.425
2649,48.425
2650,48.425
2651,48.425
2652,48.425
2653,48.425
2654,48.425
2655,48.425
2656,48.425
2657,48.425
2658,48.425
2659,48.425
2660,48.425
2661,48.425
2662,48.425
2663,48.425
2664,48.425
2665,48.425
2666,48.425
2667,48.425
2668,48.425
2669,48.425
2670,48.425
2671,48.425
2672,48.425
2673,48.425
2674,48.475
2675,48.475
2676,48.475
2677,48.475
2678,48.475
2679,48.475
2680,48.475
2681,48.475
2682,48.475
2683,48.475
2684,48.475
2685,48.475
2686,48.475
2687,48.475
2688,48.475
2689,48.475
2690,48.475
2691,48.475
2692,48.475
2693,48.475
2694,48.425
2695,48.425
2696,48.425
2697,48.425
2698,48.425
2699,48.425
2700,48.425
2701,48.425
2702,48.425
2703,48.425
2704,48.425
2705,48.425
2706,48.425
2707,48.425
2708,48.425
2709,48.425
2710,48.425
2711,48.425
2712,48.425
2713,48.425
2714,48.475
2715,48.475
2716,48.475
2717,48.475
2718,48.475
2719,48.475
2720,48.475
2721,48.475
2722,48.475
2723,48.475
2724,48.475
2725,48.475
2726,48.475
2727,48.475
2728,48.475
2729,48.475
2730,48.475
2731,48.475
2732,48.475
2733,48.475
2734,48.425
2735,48.425
2736,48.425
2737,48.425
2738,48.425
2739,48.425
2740,48.425
2741,48.425
2742,48.425
2743,48.425
2744,48.425
2745,48.425
2746,48.425
2747,48.425
2748,48.425
2749,48.425
2750,48.425
2751,48.425
2752,48.425
2753,48.425
2754,48.425
2755,48.698
2756,48.698
2757,48.698
2758,48.698
2759,48.698
2760,48.698
2761,48.698
2762,48.698
2763,48.698
2764,48.698
2765,48.698
2766,48.698
2767,48.698
2768,48.698
2769,48.698
2770,48.698
2771,48.698
2772,48.698
2773,48.698
2774,48.698
2775,48.425
2776,48.425
2777,48.425
2778,48.425
2779,48.425
2780,48.425
2781,48.425
2782,48.425
2783,48.425
2784,48.425
2785,48.425
2786,48.425
2787,48.425
2788,48.425
2789,48.425
2790,48.425
2791,48.425
2792,48.425
2793,48.425
2794,48.425
2795,48.425
2796,48.425
2797,48.425
2798,48.425
2799,48.425
2800,48.425
2801,48.425
2802,48.425
2803,48.425
2804,48.425
2805,48.425
2806,48.425
2807,48.425
2808,48.425
2809,48.425
2810,48.425
2811,48.425
2812,48.425
2813,48.425
2814,48.425
2815,48.425
2816,48.425
2817,48.425
2818,48.425
2819,48.425
2820,48.425
2821,48.425
2822,48.425
2823,48.425
2824,48.425
2825,48.425
2826,48.425
2827,48.425
2828,48.425
2829,48.425
2830,48.425
2831,48.425
2832,48.425
2833,48.425
2834,48.425
2835,48.425
2836,48.425
2837,48.425
2838,48.425
2839,48.425
2840,48.425
2841,48.425
2842,48.425
2843,48.425
2844,48.425
2845,48.425
2846,48.425
2847,48.425
2848,48.425
2849,48.425
2850,48.425
2851,48.425
2852,48.425
2853,48.425
2854,48.425
2855,48.425
2856,48.425
2857,48.425
2858,48.425
2859,48.425
2860,48.425
2861,48.425
2862,48.425
2863,48.425
2864,48.425
2865,48.425
2866,48.425
2867,48.425
2868,48.425
2869,48.425
2870,48.425
2871,48.425
2872,48.425
2873,48.425
2874,48.425
2875,48.425
2876,48.425
2877,48.425
2878,48.425
2879,48.425
2880,48.425
2881,48.425
2882,48.425
2883,48.425
2884,48.425
2885,48.425
2886,48.425
2887,48.425
2888,48.425
2889,48.425
2890,48.425
2891,48.425
2892,48.425
2893,48.425
2894,48.425
2895,48.425
2896,48.425
2897,48.425
2898,48.425
2899,48.425
2900,48.425
2901,48.425
2902,48.425
2903,48.425
2904,48.425
2905,48.425
2906,48.425
2907,48.425
2908,48.425
2909,48.425
2910,48.425
2911,48.425
2912,48.425
2913,48.425
2914,48.425
2915,48.425
2916,48.425
2917,48.425
2918,48.425
2919,48.425
2920,48.425
2921,48.425
2922,48.425
2923,48.425
2924,48.425
2925,48.425
2926,48.425
2927,48.425
2928,48.425
2929,48.425
2930,48.425
2931,48.425
2932,48.425
2933,48.425
2934,48.425
2935,48.425
2936,48.425
2937,48.425
2938,48.425
2939,48.425
2940,48.425
2941,48.425
2942,48.425
2943,48.425
2944,48.425
2945,48.425
2946,48.425
2947,48.425
2948,48.425
2949,48.425
2950,48.425
2951,48.425
2952,48.425
2953,48.425
2954,48.425
2955,48.425
2956,48.425
2957,48.425
2958,48.425
2959,48.425
2960,48.425
2961,48.425
2962,48.425
2963,48.425
2964,48.425
2965,48.425
2966,48.425
2967,48.425
2968,48.425
2969,48.425
2970,48.425
2971,48.425
2972,48.425
2973,48.425
2974,48.425
2975,48.425
2976,48.425
2977,48.425
2978,48.425
2979,48.425
2980,48.425
2981,48.425
2982,48.425
2983,48.425
2984,48.425
2985,48.425
2986,48.425
2987,48.425
2988,48.425
2989,48.425
2990,48.425
2991,48.425
2992,48.425
2993,48.425
2994,48.425
2995,48.425
2996,48.425
2997,48.425
2998,48.425
2999,48.425
3000,48.425
3001,48.425
3002,48.425
3003,48.425
3004,48.425
3005,48.425
3006,48.425
3007,48.425
3008,48.425
3009,48.425
3010,48.425
3011,48.425
3012,48.425
3013,48.425
3014,48.425
3015,48.425
3016,48.425
3017,48.425
3018,48.425
3019,48.425
3020,48.425
3021,48.425
3022,48.425
3023,48.425
3024,48.425
3025,48.425
3026,48.425
3027,48.425
3028,48.425
3029,48.425
3030,48.425
3031,48.425
3032,48.425
3033,48.425
3034,48.425
3035,48.425
3036,48.425
3037,48.425
3038,48.425
3039,48.425
3040,48.425
3041,48.425
3042,48.425
3043,48.425
3044,48.425
3045,48.425
3046,48.425
3047,48.425
3048,48.425
3049,48.425
3050,48.425
3051,48.425
3052,48.425
3053,48.425
3054,48.425
3055,48.425
3056,48.425
3057,48.425
3058,48.425
3059,48.425
3060,48.425
3061,48.425
3062,48.425
3063,48.425
3064,48.425
3065,48.425
3066,48.425
3067,48.425
3068,48.425
3069,48.425
3070,48.425
3071,48.425
3072,48.425
3073,48.425
3074,48.425
3075,48.425
3076,48.376
3077,48.376
3078,48.376
3079,48.376
3080,48.376
3081,48.376
3082,48.376
3083,48.376
3084,48.376
3085,48.376
3086,48.376
3087,48.376
3088,48.376
3089,48.376
3090,48.376
3091,48.376
3092,48.376
3093,48.376
3094,48.376
3095,48.376
3096,48.425
3097,48.425
3098,48.425
3099,48.425
3100,48.425
3101,48.425
3102,48.425
3103,48.425
3104,48.425
3105,48.425
3106,48.425
3107,48.425
3108,48.425
3109,48.425
3110,48.425
3111,48.425
3112,48.425
3113,48.425
3114,48.425
3115,48.425
3116,48.425
3117,48.425
3118,48.425
3119,48.425
3120,48.425
3121,48.425
3122,48.425
3123,48.425
3124,48.425
3125,48.425
3126,48.425
3127,48.425
3128,48.425
3129,48.425
3130,48.425
3131,48.425
3132,48.425
3133,48.425
3134,48.425
3135,48.425
3136,48.425
3137,48.152
3138,48.152
3139,48.152
3140,48.152
3141,48.152
3142,48.152
3143,48.152
3144,48.152
3145,48.152
3146,48.152
3147,48.152
3148,48.152
3149,48.152
3150,48.152
3151,48.152
3152,48.152
3153,48.152
3154,48.152
3155,48.152
3156,48.152
3157,48.425
3158,48.425
3159,48.425
3160,48.425
3161,48.425
3162,48.425
3163,48.425
3164,48.425
3165,48.425
3166,48.425
3167,48.425
3168,48.425
3169,48.425
3170,48.425
3171,48.425
3172,48.425
3173,48.425
3174,48.425
3175,48.425
3176,48.425
3177,48.425
3178,48.425
3179,48.425
3180,48.425
3181,48.425
3182,48.425
3183,48.425
3184,48.425
3185,48.425
3186,48.425
3187,48.425
3188,48.425
3189,48.425
3190,48.425
3191,48.425
3192,48.425
3193,48.425
3194,48.425
3195,48.425
3196,48.425
3197,48.152
3198,48.152
3199,48.152
3200,48.152
3201,48.152
3202,48.152
3203,48.152
3204,48.152
3205,48.152
3206,48.152
3207,48.152
3208,48.152
3209,48.152
3210,48.152
3211,48.152
3212,48.152
3213,48.152
3214,48.152
3215,48.152
3216,48.152
3217,48.152
3218,48.152
3219,48.152
3220,48.152
3221,48.152
3222,48.152
3223,48.152
3224,48.152
3225,48.152
3226,48.152
3227,48.152
3228,48.152
3229,48.152
3230,48.152
3231,48.152
3232,48.152
3233,48.152
3234,48.152
3235,48.152
3236,48.152
3237,49.308
3238,49.308
3239,49.308
3240,49.308
3241,49.308
3242,49.308
3243,49.308
3244,49.308
3245,49.308
3246,49.308
3247,49.308
3248,49.308
3249,49.308
3250,49.308
3251,49.308
3252,49.308
3253,49.308
3254,49.308
3255,49.308
3256,49.308
3257,48.698
3258,48.698
3259,48.698
3260,48.698
3261,48.698
3262,48.698
3263,48.698
3264,48.698
3265,48.698
3266,48.698
3267,48.698
3268,48.698
3269,48.698
3270,48.698
3271,48.698
3272,48.698
3273,48.698
3274,48.698
3275,48.698
3276,48.698
3277,48.152
3278,48.152
3279,48.152
3280,48.152
3281,48.152
3282,48.152
3283,48.152
3284,48.152
3285,48.152
3286,48.152
3287,48.152
3288,48.152
3289,48.152
3290,48.152
3291,48.152
3292,48.152
3293,48.152
3294,48.152
3295,48.152
3296,48.152
3297,48.425
3298,48.425
3299,48.425
3300,48.425
3301,48.425
3302,48.425
3303,48.425
3304,48.425
3305,48.425
3306,48.425
3307,48.425
3308,48.425
3309,48.425
3310,48.425
3311,48.425
3312,48.425
3313,48.425
3314,48.425
3315,48.425
3316,48.425
3317,48.425
3318,48.152
3319,48.152
3320,48.152
3321,48.152
3322,48.152
3323,48.152
3324,48.152
3325,48.152
3326,48.152
3327,48.152
3328,48.152
3329,48.152
3330,48.152
3331,48.152
3332,48.152
3333,48.152
3334,48.152
3335,48.152
3336,48.152
3337,48.152
3338,48.152
3339,48.152
3340,48.152
3341,48.152
3342,48.152
3343,48.152
3344,48.152
3345,48.152
3346,48.152
3347,48.152
3348,48.152
3349,48.152
3350,48.152
3351,48.152
3352,48.152
3353,48.152
3354,48.152
3355,48.152
3356,48.152
3357,48.152
3358,48.152
3359,48.152
3360,48.152
3361,48.152
3362,48.152
3363,48.152
3364,48.152
3365,48.152
3366,48.152
3367,48.152
3368,48.152
3369,48.152
3370,48.152
3371,48.152
3372,48.152
3373,48.152
3374,48.152
3375,48.152
3376,48.152
3377,48.152
3378,48.152
3379,48.152
3380,48.152
3381,48.152
3382,48.152
3383,48.152
3384,48.152
3385,48.152
3386,48.152
3387,48.152
3388,48.152
3389,48.152
3390,48.152
3391,48.152
3392,48.152
3393,48.152
3394,48.152
3395,48.152
3396,48.152
3397,48.152
3398,48.201
3399,48.201
3400,48.201
3401,48.201
3402,48.201
3403,48.201
3404,48.201
3405,48.201
3406,48.201
3407,48.201
3408,48.201
3409,48.201
3410,48.201
3411,48.201
3412,48.201
3413,48.201
3414,48.201
3415,48.201
3416,48.201
3417,48.201
3418,48.201
3419,48.201
3420,48.201
3421,48.201
3422,48.201
3423,48.201
3424,48.201
3425,48.201
3426,48.201
3427,48.201
3428,48.201
3429,48.201
3430,48.201
3431,48.201
3432,48.201
3433,48.201
3434,48.201
3435,48.201
3436,48.201
3437,48.201
3438,48.201
3439,48.201
3440,48.201
3441,48.201
3442,48.201
3443,48.201
3444,48.201
3445,48.201
3446,48.201
3447,48.201
3448,48.201
3449,48.201
3450,48.201
3451,48.201
3452,48.201
3453,48.201
3454,48.201
3455,48.201
3456,48.201
3457,48.201
3458,48.152
3459,48.152
3460,48.152
3461,48.152
3462,48.152
3463,48.152
3464,48.152
3465,48.152
3466,48.152
3467,48.152
3468,48.152
3469,48.152
3470,48.152
3471,48.152
3472,48.152
3473,48.152
3474,48.152
3475,48.152
3476,48.152
3477,48.152
3478,48.152
3479,48.152
3480,48.152
3481,48.152
3482,48.152
3483,48.152
3484,48.152
3485,48.152
3486,48.152
3487,48.152
3488,48.152
3489,48.152
3490,48.152
3491,48.152
3492,48.152
3493,48.152
3494,48.152
3495,48.152
3496,48.152
3497,48.152
3498,48.201
3499,48.201
3500,48.201
3501,48.201
3502,48.201
3503,48.201
3504,48.201
3505,48.201
3506,48.201
3507,48.201
3508,48.201
3509,48.201
3510,48.201
3511,48.201
3512,48.201
3513,48.201
3514,48.201
3515,48.201
3516,48.201
3517,48.201
3518,48.201
3519,48.152
3520,48.152
3521,48.152
3522,48.152
3523,48.152
3524,48.152
3525,48.152
3526,48.152
3527,48.152
3528,48.152
3529,48.152
3530,48.152
3531,48.152
3532,48.152
3533,48.152
3534,48.152
3535,48.152
3536,48.152
3537,48.152
3538,48.152
3539,48.152
3540,48.152
3541,48.152
3542,48.152
3543,48.152
3544,48.152
3545,48.152
3546,48.152
3547,48.152
3548,48.152
3549,48.152
3550,48.152
3551,48.152
3552,48.152
3553,48.152
3554,48.152
3555,48.152
3556,48.152
3557,48.152
3558,48.152
3559,48.152
3560,48.152
3561,48.152
3562,48.152
3563,48.152
3564,48.152
3565,48.152
3566,48.152
3567,48.152
3568,48.152
3569,48.152
3570,48.152
3571,48.152
3572,48.152
3573,48.152
3574,48.152
3575,48.152
3576,48.152
3577,48.152
3578,48.152
3579,48.152
3580,48.152
3581,48.152
3582,48.152
3583,48.152
3584,48.152
3585,48.152
3586,48.152
3587,48.152
3588,48.152
3589,48.152
3590,48.152
3591,48.152
3592,48.152
3593,48.152
3594,48.152
3595,48.152
3596,48.152
3597,48.152
3598,48.152
3599,48.152
3600,48.152
3601,48.152
3602,48.152
3603,48.152
3604,48.152
3605,48.152
3606,48.152
3607,48.152
3608,48.152
3609,48.152
3610,48.152
3611,48.152
3612,48.152
3613,48.152
3614,48.152
3615,48.152
3616,48.152
3617,48.152
3618,48.152
3619,48.201
3620,48.201
3621,48.201
3622,48.201
3623,48.201
3624,48.201
3625,48.201
3626,48.201
3627,48.201
3628,48.201
3629,48.201
3630,48.201
3631,48.201
3632,48.201
3633,48.201
3634,48.201
3635,48.201
3636,48.201
3637,48.201
3638,48.201
3639,48.201
3640,48.201
3641,48.201
3642,48.201
3643,48.201
3644,48.201
3645,48.201
3646,48.201
3647,48.201
3648,48.201
3649,48.201
3650,48.201
3651,48.201
3652,48.201
3653,48.201
3654,48.201
3655,48.201
3656,48.201
3657,48.201
3658,48.201
3659,48.201
3660,48.201
3661,48.201
3662,48.201
3663,48.201
3664,48.201
3665,48.201
3666,48.201
3667,48.201
3668,48.201
3669,48.201
3670,48.201
3671,48.201
3672,48.201
3673,48.201
3674,48.201
3675,48.201
3676,48.201
3677,48.201
3678,48.201
3679,47.873
3680,47.873
3681,47.873
3682,47.873
3683,47.873
3684,47.873
3685,47.873
3686,47.873
3687,47.873
3688,47.873
3689,47.873
3690,47.873
3691,47.873
3692,47.873
3693,47.873
3694,47.873
3695,47.873
3696,47.873
3697,47.873
3698,47.873
3699,47.873
3700,47.873
3701,47.873
3702,47.873
3703,47.873
3704,47.873
3705,47.873
3706,47.873
3707,47.873
3708,47.873
3709,47.873
3710,47.873
3711,47.873
3712,47.873
3713,47.873
3714,47.873
3715,47.873
3716,47.873
3717,47.873
3718,47.873
3719,47.873
3720,47.873
3721,47.873
3722,47.873
3723,47.873
3724,47.873
3725,47.873
3726,47.873
3727,47.873
3728,47.873
3729,47.873
3730,47.873
3731,47.873
3732,47.873
3733,47.873
3734,47.873
3735,47.873
3736,47.873
3737,47.873
3738,47.873
3739,47.873
3740,47.873
3741,47.873
3742,47.873
3743,47.873
3744,47.873
3745,47.873
3746,47.873
3747,47.873
3748,47.873
3749,47.873
3750,47.873
3751,47.873
3752,47.873
3753,47.873
3754,47.873
3755,47.873
3756,47.873
3757,47.873
3758,47.873
3759,47.873
3760,47.873
3761,47.873
3762,47.873
3763,47.873
3764,47.873
3765,47.873
3766,47.873
3767,47.873
3768,47.873
3769,47.873
3770,47.873
3771,47.873
3772,47.873
3773,47.873
3774,47.873
3775,47.873
3776,47.873
3777,47.873
3778,47.873
3779,47.873
3780,47.873
3781,47.873
3782,47.873
3783,47.873
3784,47.873
3785,47.873
3786,47.873
3787,47.873
3788,47.873
3789,47.873
3790,47.873
3791,47.873
3792,47.873
3793,47.873
3794,47.873
3795,47.873
3796,47.873
3797,47.873
3798,47.873
3799,47.873
3800,47.873
3801,47.873
3802,47.873
3803,47.873
3804,47.873
3805,47.873
3806,47.873
3807,47.873
3808,47.873
3809,47.873
3810,47.873
3811,47.873
3812,47.873
3813,47.873
3814,47.873
3815,47.873
3816,47.873
3817,47.873
3818,47.873
3819,47.873
3820,47.873
3821,47.873
3822,47.873
3823,47.873
3824,47.873
3825,47.873
3826,47.873
3827,47.873
3828,47.873
3829,47.873
3830,47.873
3831,47.873
3832,47.873
3833,47.873
3834,47.873
3835,47.873
3836,47.873
3837,47.873
3838,47.873
3839,47.873
3840,47.824
3841,47.824
3842,47.824
3843,47.824
3844,47.824
3845,47.824
3846,47.824
3847,47.824
3848,47.824
3849,47.824
3850,47.824
3851,47.824
3852,47.824
3853,47.824
3854,47.824
3855,47.824
3856,47.824
3857,47.824
3858,47.824
3859,47.824
3860,47.824
3861,47.824
3862,47.824
3863,47.824
3864,47.824
3865,47.824
3866,47.824
3867,47.824
3868,47.824
3869,47.824
3870,47.824
3871,47.824
3872,47.824
3873,47.824
3874,47.824
3875,47.824
3876,47.824
3877,47.824
3878,47.824
3879,47.824
3880,47.824
3881,47.824
3882,47.824
3883,47.824
3884,47.824
3885,47.824
3886,47.824
3887,47.824
3888,47.824
3889,47.824
3890,47.824
3891,47.824
3892,47.824
3893,47.824
3894,47.824
3895,47.824
3896,47.824
3897,47.824
3898,47.824
3899,47.824
3900,47.824
3901,47.873
3902,47.873
3903,47.873
3904,47.873
3905,47.873
3906,47.873
3907,47.873
3908,47.873
3909,47.873
3910,47.873
3911,47.873
3912,47.873
3913,47.873
3914,47.873
3915,47.873
3916,47.873
3917,47.873
3918,47.873
3919,47.873
3920,47.873
3921,47.873
3922,47.873
3923,47.873
3924,47.873
3925,47.873
3926,47.873
3927,47.873
3928,47.873
3929,47.873
3930,47.873
3931,47.873
3932,47.873
3933,47.873
3934,47.873
3935,47.873
3936,47.873
3937,47.873
3938,47.873
3939,47.873
3940,47.873
3941,48.201
3942,48.201
3943,48.201
3944,48.201
3945,48.201
3946,48.201
3947,48.201
3948,48.201
3949,48.201
3950,48.201
3951,48.201
3952,48.201
3953,48.201
3954,48.201
3955,48.201
3956,48.201
3957,48.201
3958,48.201
3959,48.201
3960,48.201
3961,48.201
3962,48.201
3963,48.201
3964,48.201
3965,48.201
3966,48.201
3967,48.201
3968,48.201
3969,48.201
3970,48.201
3971,48.201
3972,48.201
3973,48.201
3974,48.201
3975,48.201
3976,48.201
3977,48.201
3978,48.201
3979,48.201
3980,48.201
3981,47.873
3982,47.873
3983,47.873
3984,47.873
3985,47.873
3986,47.873
3987,47.873
3988,47.873
3989,47.873
3990,47.873
3991,47.873
3992,47.873
3993,47.873
3994,47.873
3995,47.873
3996,47.873
3997,47.873
3998,47.873
3999,47.873
4000,47.873
4001,47.873
4002,47.873
4003,47.873
4004,47.873
4005,47.873
4006,47.873
4007,47.873
4008,47.873
4009,47.873
4010,47.873
4011,47.873
4012,47.873
4013,47.873
4014,47.873
4015,47.873
4016,47.873
4017,47.873
4018,47.873
4019,47.873
4020,47.873
4021,47.873
4022,47.873
4023,47.873
4024,47.873
4025,47.873
4026,47.873
4027,47.873
4028,47.873
4029,47.873
4030,47.873
4031,47.873
4032,47.873
4033,47.873
4034,47.873
4035,47.873
4036,47.873
4037,47.873
4038,47.873
4039,47.873
4040,47.873
4041,47.873
4042,47.873
4043,47.873
4044,47.873
4045,47.873
4046,47.873
4047,47.873
4048,47.873
4049,47.873
4050,47.873
4051,47.873
4052,47.873
4053,47.873
4054,47.873
4055,47.873
4056,47.873
4057,47.873
4058,47.873
4059,47.873
4060,47.873
4061,47.873
4062,47.873
4063,47.873
4064,47.873
4065,47.873
4066,47.873
4067,47.873
4068,47.873
4069,47.873
4070,47.873
4071,47.873
4072,47.873
4073,47.873
4074,47.873
4075,47.873
4076,47.873
4077,47.873
4078,47.873
4079,47.873
4080,47.873
4081,47.873
4082,47.873
4083,47.873
4084,47.873
4085,47.873
4086,47.873
4087,47.873
4088,47.873
4089,47.873
4090,47.873
4091,47.873
4092,47.873
4093,47.873
4094,47.873
4095,47.873
4096,47.873
4097,47.873
4098,47.873
4099,47.873
4100,47.873
4101,47.873
4102,47.873
4103,47.873
4104,47.873
4105,47.873
4106,47.873
4107,47.873
4108,47.873
4109,47.873
4110,47.873
4111,47.873
4112,47.873
4113,47.873
4114,47.873
4115,47.873
4116,47.873
4117,47.873
4118,47.873
4119,47.873
4120,47.873
4121,47.873
4122,47.873
4123,47.873
4124,47.873
4125,47.873
4126,47.873
4127,47.873
4128,47.873
4129,47.873
4130,47.873
4131,47.873
4132,47.873
4133,47.873
4134,47.873
4135,47.873
4136,47.873
4137,47.873
4138,47.873
4139,47.873
4140,47.873
4141,47.873
4142,47.873
4143,47.873
4144,47.873
4145,47.873
4146,47.873
4147,47.873
4148,47.873
4149,47.873
4150,47.873
4151,47.873
4152,47.873
4153,47.873
4154,47.873
4155,47.873
4156,47.873
4157,47.873
4158,47.873
4159,47.873
4160,47.873
4161,47.873
4162,47.873
4163,47.873
4164,47.873
4165,47.873
4166,47.873
4167,47.873
4168,47.873
4169,47.873
4170,47.873
4171,47.873
4172,47.873
4173,47.873
4174,47.873
4175,47.873
4176,47.873
4177,47.873
4178,47.873
4179,47.873
4180,47.873
4181,47.873
4182,47.873
4183,47.873
4184,47.873
4185,47.873
4186,47.873
4187,47.873
4188,47.873
4189,47.873
4190,47.873
4191,47.873
4192,47.873
4193,47.873
4194,47.873
4195,47.873
4196,47.873
4197,47.873
4198,47.873
4199,47.873
4200,47.873
4201,47.873
4202,47.873
4203,47.873
4204,47.873
4205,47.873
4206,47.873
4207,47.873
4208,47.873
4209,47.873
4210,47.873
4211,47.873
4212,47.873
4213,47.873
4214,47.873
4215,47.873
4216,47.873
4217,47.873
4218,47.873
4219,47.873
4220,47.873
4221,47.873
4222,47.873
4223,47.873
4224,47.873
4225,47.873
4226,47.873
4227,47.873
4228,47.873
4229,47.873
4230,47.873
4231,47.873
4232,47.873
4233,47.873
4234,47.873
4235,47.873
4236,47.873
4237,47.873
4238,47.873
4239,47.873
4240,47.873
4241,47.873
4242,47.873
4243,47.873
4244,47.873
4245,47.873
4246,47.873
4247,47.873
4248,47.873
4249,47.873
4250,47.873
4251,47.873
4252,47.873
4253,47.873
4254,47.873
4255,47.873
4256,47.873
4257,47.873
4258,47.873
4259,47.873
4260,47.873
4261,47.873
4262,47.873
4263,47.873
4264,47.873
4265,47.873
4266,47.873
4267,47.873
4268,47.873
4269,47.873
4270,47.873
4271,47.873
4272,47.873
4273,47.873
4274,47.873
4275,47.873
4276,47.873
4277,47.873
4278,47.873
4279,47.873
4280,47.873
4281,47.873
4282,47.873
4283,47.873
4284,47.873
4285,47.873
4286,47.873
4287,47.873
4288,47.873
4289,47.873
4290,47.873
4291,47.873
4292,47.873
4293,47.873
4294,47.873
4295,47.873
4296,47.873
4297,47.873
4298,47.873
4299,47.873
4300,47.873
4301,47.873
4302,47.873
4303,47.873
4304,47.873
4305,47.873
4306,47.873
4307,47.873
4308,47.873
4309,47.873
4310,47.873
4311,47.873
4312,47.873
4313,47.873
4314,47.873
4315,47.873
4316,47.873
4317,47.873
4318,47.873
4319,47.873
4320,47.873
4321,47.873
4322,47.873
4323,47.873
4324,47.873
4325,47.873
4326,47.873
4327,47.873
4328,47.873
4329,47.873
4330,47.873
4331,47.873
4332,47.873
4333,47.873
4334,47.873
4335,47.873
4336,47.873
4337,47.873
4338,47.873
4339,47.873
4340,47.873
4341,47.873
4342,47.873
4343,47.873
4344,47.873
4345,47.873
4346,47.873
4347,47.873
4348,47.873
4349,47.873
4350,47.873
4351,47.873
4352,47.873
4353,47.873
4354,47.873
4355,47.873
4356,47.873
4357,47.873
4358,47.873
4359,47.873
4360,47.873
4361,47.873
4362,47.873
4363,47.873
4364,47.873
4365,47.873
4366,47.873
4367,47.873
4368,47.873
4369,47.873
4370,47.873
4371,47.873
4372,47.873
4373,47.873
4374,47.873
4375,47.873
4376,47.873
4377,47.873
4378,47.873
4379,47.873
4380,47.873
4381,47.873
4382,47.873
4383,47.873
4384,47.873
4385,47.873
4386,47.873
4387,47.873
4388,47.873
4389,47.873
4390,47.873
4391,47.873
4392,47.873
4393,47.873
4394,47.873
4395,47.873
4396,47.873
4397,47.873
4398,47.873
4399,47.873
4400,47.873
4401,47.873
4402,47.873
4403,47.873
4404,47.873
4405,47.873
4406,47.873
4407,47.873
4408,47.873
4409,47.873
4410,47.873
4411,47.873
4412,47.873
4413,47.873
4414,47.873
4415,47.873
4416,47.873
4417,47.873
4418,47.873
4419,47.873
4420,47.873
4421,47.873
4422,47.873
4423,47.873
4424,47.873
4425,47.873
4426,47.873
4427,47.873
4428,47.873
4429,47.873
4430,47.873
4431,47.873
4432,47.873
4433,47.873
4434,47.873
4435,47.873
4436,47.873
4437,47.873
4438,47.873
4439,47.873
4440,47.873
4441,47.873
4442,47.873
4443,47.873
4444,47.873
4445,47.873
4446,47.873
4447,47.873
4448,47.873
4449,47.873
4450,47.873
4451,47.873
4452,47.873
4453,47.873
4454,47.873
4455,47.873
4456,47.873
4457,47.873
4458,47.873
4459,47.873
4460,47.873
4461,47.873
4462,47.873
4463,47.873
4464,47.873
4465,47.873
4466,47.873
4467,47.873
4468,47.873
4469,47.873
4470,47.873
4471,47.873
4472,47.873
4473,47.873
4474,47.873
4475,47.873
4476,47.873
4477,47.873
4478,47.873
4479,47.873
4480,47.873
4481,47.873
4482,47.873
4483,47.873
4484,47.873
4485,47.599
4486,47.599
4487,47.599
4488,47.599
4489,47.599
4490,47.599
4491,47.599
4492,47.599
4493,47.599
4494,47.599
4495,47.599
4496,47.599
4497,47.599
4498,47.599
4499,47.599
4500,47.599
4501,47.599
4502,47.599
4503,47.599
4504,47.599
4505,47.599
4506,47.599
4507,47.599
4508,47.599
4509,47.599
4510,47.599
4511,47.599
4512,47.599
4513,47.599
4514,47.599
4515,47.599
4516,47.599
4517,47.599
4518,47.599
4519,47.599
4520,47.599
4521,47.599
4522,47.599
4523,47.599
4524,47.599
4525,47.873
4526,47.873
4527,47.873
4528,47.873
4529,47.873
4530,47.873
4531,47.873
4532,47.873
4533,47.873
4534,47.873
4535,47.873
4536,47.873
4537,47.873
4538,47.873
4539,47.873
4540,47.873
4541,47.873
4542,47.873
4543,47.873
4544,47.873
4545,47.873
4546,47.873
4547,47.873
4548,47.873
4549,47.873
4550,47.873
4551,47.873
4552,47.873
4553,47.873
4554,47.873
4555,47.873
4556,47.873
4557,47.873
4558,47.873
4559,47.873
4560,47.873
4561,47.873
4562,47.873
4563,47.873
4564,47.873
4565,47.873
4566,47.873
4567,47.873
4568,47.873
4569,47.873
4570,47.873
4571,47.873
4572,47.873
4573,47.873
4574,47.873
4575,47.873
4576,47.873
4577,47.873
4578,47.873
4579,47.873
4580,47.873
4581,47.873
4582,47.873
4583,47.873
4584,47.873
4585,47.873
4586,47.873
4587,47.873
4588,47.873
4589,47.873
4590,47.873
4591,47.873
4592,47.873
4593,47.873
4594,47.873
4595,47.873
4596,47.873
4597,47.873
4598,47.873
4599,47.873
4600,47.873
4601,47.873
4602,47.873
4603,47.873
4604,47.873
4605,47.599
4606,47.599
4607,47.599
4608,47.599
4609,47.599
4610,47.599
4611,47.599
4612,47.599
4613,47.599
4614,47.599
4615,47.599
4616,47.599
4617,47.599
4618,47.599
4619,47.599
4620,47.599
4621,47.599
4622,47.599
4623,47.599
4624,47.599
4625,47.599
4626,47.599
4627,47.599
4628,47.599
4629,47.599
4630,47.599
4631,47.599
4632,47.599
4633,47.599
4634,47.599
4635,47.599
4636,47.599
4637,47.599
4638,47.599
4639,47.599
4640,47.599
4641,47.599
4642,47.599
4643,47.599
4644,47.599
4645,47.599
4646,47.599
4647,47.599
4648,47.599
4649,47.599
4650,47.599
4651,47.599
4652,47.599
4653,47.599
4654,47.599
4655,47.599
4656,47.599
4657,47.599
4658,47.599
4659,47.599
4660,47.599
4661,47.599
4662,47.599
4663,47.599
4664,47.599
4665,47.599
4666,47.873
4667,47.873
4668,47.873
4669,47.873
4670,47.873
4671,47.873
4672,47.873
4673,47.873
4674,47.873
4675,47.873
4676,47.873
4677,47.873
4678,47.873
4679,47.873
4680,47.873
4681,47.873
4682,47.873
4683,47.873
4684,47.873
4685,47.873
4686,47.551
4687,47.551
4688,47.551
4689,47.551
4690,47.551
4691,47.551
4692,47.551
4693,47.551
4694,47.551
4695,47.551
4696,47.551
4697,47.551
4698,47.551
4699,47.551
4700,47.551
4701,47.551
4702,47.551
4703,47.551
4704,47.551
4705,47.551
4706,47.551
4707,47.551
4708,47.551
4709,47.551
4710,47.551
4711,47.551
4712,47.551
4713,47.551
4714,47.551
4715,47.551
4716,47.551
4717,47.551
4718,47.551
4719,47.551
4720,47.551
4721,47.551
4722,47.551
4723,47.551
4724,47.551
4725,47.551
4726,47.599
4727,47.599
4728,47.599
4729,47.599
4730,47.599
4731,47.599
4732,47.599
4733,47.599
4734,47.599
4735,47.599
4736,47.599
4737,47.599
4738,47.599
4739,47.599
4740,47.599
4741,47.599
4742,47.599
4743,47.599
4744,47.599
4745,47.599
4746,47.551
4747,47.551
4748,47.551
4749,47.551
4750,47.551
4751,47.551
4752,47.551
4753,47.551
4754,47.551
4755,47.551
4756,47.551
4757,47.551
4758,47.551
4759,47.551
4760,47.551
4761,47.551
4762,47.551
4763,47.551
4764,47.551
4765,47.551
4766,47.551
4767,47.599
4768,47.599
4769,47.599
4770,47.599
4771,47.599
4772,47.599
4773,47.599
4774,47.599
4775,47.599
4776,47.599
4777,47.599
4778,47.599
4779,47.599
4780,47.599
4781,47.599
4782,47.599
4783,47.599
4784,47.599
4785,47.599
4786,47.599
4787,47.599
4788,47.599
4789,47.599
4790,47.599
4791,47.599
4792,47.599
4793,47.599
4794,47.599
4795,47.599
4796,47.599
4797,47.599
4798,47.599
4799,47.599
4800,47.599
4801,47.599
4802,47.599
4803,47.599
4804,47.599
4805,47.599
4806,47.599
4807,47.599
4808,47.599
4809,47.599
4810,47.599
4811,47.599
4812,47.599
4813,47.599
4814,47.599
4815,47.599
4816,47.599
4817,47.599
4818,47.599
4819,47.599
4820,47.599
4821,47.599
4822,47.599
4823,47.599
4824,47.599
4825,47.599
4826,47.599
4827,47.599
4828,47.599
4829,47.599
4830,47.599
4831,47.599
4832,47.599
4833,47.599
4834,47.599
4835,47.599
4836,47.599
4837,47.599
4838,47.599
4839,47.599
4840,47.599
4841,47.599
4842,47.599
4843,47.599
4844,47.599
4845,47.599
4846,47.599
4847,47.599
4848,47.599
4849,47.599
4850,47.599
4851,47.599
4852,47.599
4853,47.599
4854,47.599
4855,47.599
4856,47.599
4857,47.599
4858,47.599
4859,47.599
4860,47.599
4861,47.599
4862,47.599
4863,47.599
4864,47.599
4865,47.599
4866,47.599
4867,47.599
4868,47.599
4869,47.599
4870,47.599
4871,47.599
4872,47.599
4873,47.599
4874,47.599
4875,47.599
4876,47.599
4877,47.599
4878,47.599
4879,47.599
4880,47.599
4881,47.599
4882,47.599
4883,47.599
4884,47.599
4885,47.599
4886,47.599
4887,47.599
4888,47.599
4889,47.599
4890,47.599
4891,47.599
4892,47.599
4893,47.599
4894,47.599
4895,47.599
4896,47.599
4897,47.599
4898,47.599
4899,47.599
4900,47.599
4901,47.599
4902,47.599
4903,47.599
4904,47.599
4905,47.599
4906,47.599
4907,47.599
4908,47.599
4909,47.599
4910,47.599
4911,47.599
4912,47.599
4913,47.599
4914,47.599
4915,47.599
4916,47.599
4917,47.599
4918,47.599
4919,47.599
4920,47.599
4921,47.599
4922,47.599
4923,47.599
4924,47.599
4925,47.599
4926,47.599
4927,47.599
4928,47.599
4929,47.599
4930,47.599
4931,47.599
4932,47.599
4933,47.599
4934,47.599
4935,47.599
4936,47.599
4937,47.599
4938,47.599
4939,47.599
4940,47.599
4941,47.599
4942,47.599
4943,47.599
4944,47.599
4945,47.599
4946,47.599
4947,47.599
4948,47.599
4949,47.599
4950,47.599
4951,47.599
4952,47.599
4953,47.599
4954,47.599
4955,47.599
4956,47.599
4957,47.599
4958,47.599
4959,47.599
4960,47.599
4961,47.599
4962,47.599
4963,47.599
4964,47.599
4965,47.599
4966,47.599
4967,47.599
4968,47.599
4969,47.599
4970,47.599
4971,47.599
4972,47.599
4973,47.599
4974,47.599
4975,47.599
4976,47.599
4977,47.599
4978,47.599
4979,47.599
4980,47.599
4981,47.599
4982,47.599
4983,47.599
4984,47.599
4985,47.599
4986,47.599
4987,47.599
4988,47.599
4989,47.599
4990,47.599
4991,47.599
4992,47.599
4993,47.599
4994,47.599
4995,47.599
4996,47.599
4997,47.599
4998,47.599
4999,47.599
5000,47.599
5001,47.599
5002,47.599
5003,47.599
5004,47.599
5005,47.599
5006,47.599
5007,47.599
5008,47.599
5009,47.599
5010,47.599
5011,47.599
5012,47.599
5013,47.599
5014,47.599
5015,47.599
5016,47.599
5017,47.599
5018,47.599
5019,47.599
5020,47.599
5021,47.599
5022,47.599
5023,47.599
5024,47.599
5025,47.599
5026,47.599
5027,47.599
5028,47.599
5029,47.599
5030,47.599
5031,47.599
5032,47.599
5033,47.599
5034,47.599
5035,47.599
5036,47.599
5037,47.599
5038,47.599
5039,47.599
5040,47.599
5041,47.599
5042,47.599
5043,47.599
5044,47.599
5045,47.599
5046,47.599
5047,47.599
5048,47.599
5049,47.599
5050,47.599
5051,47.599
5052,47.599
5053,47.599
5054,47.599
5055,47.599
5056,47.599
5057,47.599
5058,47.599
5059,47.599
5060,47.599
5061,47.599
5062,47.599
5063,47.599
5064,47.599
5065,47.599
5066,47.599
5067,47.599
5068,47.599
5069,47.599
5070,47.599
5071,47.599
5072,47.599
5073,47.599
5074,47.599
5075,47.599
5076,47.599
5077,47.599
5078,47.599
5079,47.599
5080,47.599
5081,47.599
5082,47.599
5083,47.599
5084,47.599
5085,47.599
5086,47.599
5087,47.599
5088,47.599
5089,47.599
5090,47.599
5091,47.599
5092,47.599
5093,47.599
5094,47.599
5095,47.599
5096,47.599
5097,47.599
5098,47.599
5099,47.599
5100,47.599
5101,47.599
5102,47.599
5103,47.599
5104,47.599
5105,47.599
5106,47.599
5107,47.599
5108,47.599
5109,47.599
5110,47.599
5111,47.599
5112,47.599
5113,47.599
5114,47.599
5115,47.599
5116,47.599
5117,47.599
5118,47.599
5119,47.599
5120,47.599
5121,47.599
5122,47.599
5123,47.599
5124,47.599
5125,47.599
5126,47.599
5127,47.599
5128,47.599
5129,47.599
5130,47.599
5131,47.599
5132,47.599
5133,47.599
5134,47.599
5135,47.599
5136,47.599
5137,47.599
5138,47.599
5139,47.599
5140,47.599
5141,47.599
5142,47.599
5143,47.599
5144,47.599
5145,47.599
5146,47.599
5147,47.599
5148,47.599
5149,47.599
5150,47.599
5151,47.599
5152,47.599
5153,47.599
5154,47.599
5155,47.599
5156,47.599
5157,47.599
5158,47.599
5159,47.599
5160,47.599
5161,47.599
5162,47.599
5163,47.599
5164,47.599
5165,47.599
5166,47.599
5167,47.599
5168,47.599
5169,47.551
5170,47.551
5171,47.551
5172,47.551
5173,47.551
5174,47.551
5175,47.551
5176,47.551
5177,47.551
5178,47.551
5179,47.551
5180,47.551
5181,47.551
5182,47.551
5183,47.551
5184,47.551
5185,47.551
5186,47.551
5187,47.551
5188,47.551
5189,47.599
5190,47.599
5191,47.599
5192,47.599
5193,47.599
5194,47.599
5195,47.599
5196,47.599
5197,47.599
5198,47.599
5199,47.599
5200,47.599
5201,47.599
5202,47.599
5203,47.599
5204,47.599
5205,47.599
5206,47.599
5207,47.599
5208,47.599
5209,47.551
5210,47.551
5211,47.551
5212,47.551
5213,47.551
5214,47.551
5215,47.551
5216,47.551
5217,47.551
5218,47.551
5219,47.551
5220,47.551
5221,47.551
5222,47.551
5223,47.551
5224,47.551
5225,47.551
5226,47.551
5227,47.551
5228,47.551
5229,47.599
5230,47.599
5231,47.599
5232,47.599
5233,47.599
5234,47.599
5235,47.599
5236,47.599
5237,47.599
5238,47.599
5239,47.599
5240,47.599
5241,47.599
5242,47.599
5243,47.599
5244,47.599
5245,47.599
5246,47.599
5247,47.599
5248,47.599
5249,47.551
5250,47.551
5251,47.551
5252,47.551
5253,47.551
5254,47.551
5255,47.551
5256,47.551
5257,47.551
5258,47.551
5259,47.551
5260,47.551
5261,47.551
5262,47.551
5263,47.551
5264,47.551
5265,47.551
5266,47.551
5267,47.551
5268,47.551
5269,47.551
5270,47.551
5271,47.551
5272,47.551
5273,47.551
5274,47.551
5275,47.551
5276,47.551
5277,47.551
5278,47.551
5279,47.551
5280,47.551
5281,47.551
5282,47.551
5283,47.551
5284,47.551
5285,47.551
5286,47.551
5287,47.551
5288,47.551
5289,47.551
5290,47.551
5291,47.551
5292,47.551
5293,47.551
5294,47.551
5295,47.551
5296,47.551
5297,47.551
5298,47.551
5299,47.551
5300,47.551
5301,47.551
5302,47.551
5303,47.551
5304,47.551
5305,47.551
5306,47.551
5307,47.551
5308,47.551
5309,47.599
5310,47.599
5311,47.599
5312,47.599
5313,47.599
5314,47.599
5315,47.599
5316,47.599
5317,47.599
5318,47.599
5319,47.599
5320,47.599
5321,47.599
5322,47.599
5323,47.599
5324,47.599
5325,47.599
5326,47.599
5327,47.599
5328,47.599
5329,47.599
5330,47.599
5331,47.599
5332,47.599
5333,47.599
5334,47.599
5335,47.599
5336,47.599
5337,47.599
5338,47.599
5339,47.599
5340,47.599
5341,47.599
5342,47.599
5343,47.599
5344,47.599
5345,47.599
5346,47.599
5347,47.599
5348,47.599
5349,47.599
5350,47.318
5351,47.318
5352,47.318
5353,47.318
5354,47.318
5355,47.318
5356,47.318
5357,47.318
5358,47.318
5359,47.318
5360,47.318
5361,47.318
5362,47.318
5363,47.318
5364,47.318
5365,47.318
5366,47.318
5367,47.318
5368,47.318
5369,47.318
5370,47.599
5371,47.599
5372,47.599
5373,47.599
5374,47.599
5375,47.599
5376,47.599
5377,47.599
5378,47.599
5379,47.599
5380,47.599
5381,47.599
5382,47.599
5383,47.599
5384,47.599
5385,47.599
5386,47.599
5387,47.599
5388,47.599
5389,47.599
5390,47.599
5391,47.599
5392,47.599
5393,47.599
5394,47.599
5395,47.599
5396,47.599
5397,47.599
5398,47.599
5399,47.599
5400,47.599
5401,47.599
5402,47.599
5403,47.599
5404,47.599
5405,47.599
5406,47.599
5407,47.599
5408,47.599
5409,47.599
5410,47.599
5411,47.599
5412,47.599
5413,47.599
5414,47.599
5415,47.599
5416,47.599
5417,47.599
5418,47.599
5419,47.599
5420,47.599
5421,47.599
5422,47.599
5423,47.599
5424,47.599
5425,47.599
5426,47.599
5427,47.599
5428,47.599
5429,47.599
5430,47.599
5431,47.599
5432,47.599
5433,47.599
5434,47.599
5435,47.599
5436,47.599
5437,47.599
5438,47.599
5439,47.599
5440,47.599
5441,47.599
5442,47.599
5443,47.599
5444,47.599
5445,47.599
5446,47.599
5447,47.599
5448,47.599
5449,47.599
5450,47.599
5451,47.599
5452,47.599
5453,47.599
5454,47.599
5455,47.599
5456,47.599
5457,47.599
5458,47.599
5459,47.599
5460,47.599
5461,47.599
5462,47.599
5463,47.599
5464,47.599
5465,47.599
5466,47.599
5467,47.599
5468,47.599
5469,47.599
5470,47.599
5471,47.599
5472,47.599
5473,47.599
5474,47.599
5475,47.599
5476,47.599
5477,47.599
5478,47.599
5479,47.599
5480,47.599
5481,47.599
5482,47.599
5483,47.599
5484,47.599
5485,47.599
5486,47.599
5487,47.599
5488,47.599
5489,47.599
5490,47.599
5491,47.599
5492,47.599
5493,47.599
5494,47.599
5495,47.599
5496,47.599
5497,47.599
5498,47.599
5499,47.599
5500,47.599
5501,47.599
5502,47.599
5503,47.599
5504,47.599
5505,47.599
5506,47.599
5507,47.599
5508,47.599
5509,47.599
5510,47.599
5511,47.599
5512,47.599
5513,47.599
5514,47.599
5515,47.599
5516,47.599
5517,47.599
5518,47.599
5519,47.599
5520,47.599
5521,47.599
5522,47.599
5523,47.599
5524,47.599
5525,47.599
5526,47.599
5527,47.599
5528,47.599
5529,47.599
5530,47.599
5531,47.599
5532,47.599
5533,47.599
5534,47.599
5535,47.599
5536,47.599
5537,47.599
5538,47.599
5539,47.599
5540,47.599
5541,47.599
5542,47.599
5543,47.599
5544,47.599
5545,47.599
5546,47.599
5547,47.599
5548,47.599
5549,47.599
5550,47.599
5551,47.318
5552,47.318
5553,47.318
5554,47.318
5555,47.318
5556,47.318
5557,47.318
5558,47.318
5559,47.318
5560,47.318
5561,47.318
5562,47.318
5563,47.318
5564,47.318
5565,47.318
5566,47.318
5567,47.318
5568,47.318
5569,47.318
5570,47.318
5571,47.599
5572,47.599
5573,47.599
5574,47.599
5575,47.599
5576,47.599
5577,47.599
5578,47.599
5579,47.599
5580,47.599
5581,47.599
5582,47.599
5583,47.599
5584,47.599
5585,47.599
5586,47.599
5587,47.599
5588,47.599
5589,47.599
5590,47.599
5591,47.599
5592,47.599
5593,47.599
5594,47.599
5595,47.599
5596,47.599
5597,47.599
5598,47.599
5599,47.599
5600,47.599
5601,47.599
5602,47.599
5603,47.599
5604,47.599
5605,47.599
5606,47.599
5607,47.599
5608,47.599
5609,47.599
5610,47.599
5611,47.599
5612,47.599
5613,47.599
5614,47.599
5615,47.599
5616,47.599
5617,47.599
5618,47.599
5619,47.599
5620,47.599
5621,47.599
5622,47.599
5623,47.599
5624,47.599
5625,47.599
5626,47.599
5627,47.599
5628,47.599
5629,47.599
5630,47.599
5631,47.599
5632,47.599
5633,47.599
5634,47.599
5635,47.599
5636,47.599
5637,47.599
5638,47.599
5639,47.599
5640,47.599
5641,47.599
5642,47.599
5643,47.599
5644,47.599
5645,47.599
5646,47.599
5647,47.599
5648,47.599
5649,47.599
5650,47.599
5651,47.318
5652,47.318
5653,47.318
5654,47.318
5655,47.318
5656,47.318
5657,47.318
5658,47.318
5659,47.318
5660,47.318
5661,47.318
5662,47.318
5663,47.318
5664,47.318
5665,47.318
5666,47.318
5667,47.318
5668,47.318
5669,47.318
5670,47.318
5671,47.318
5672,47.599
5673,47.599
5674,47.599
5675,47.599
5676,47.599
5677,47.599
5678,47.599
5679,47.599
5680,47.599
5681,47.599
5682,47.599
5683,47.599
5684,47.599
5685,47.599
5686,47.599
5687,47.599
5688,47.599
5689,47.599
5690,47.599
5691,47.599
5692,47.599
5693,47.599
5694,47.599
5695,47.599
5696,47.599
5697,47.599
5698,47.599
5699,47.599
5700,47.599
5701,47.599
5702,47.599
5703,47.599
5704,47.599
5705,47.599
5706,47.599
5707,47.599
5708,47.599
5709,47.599
5710,47.599
5711,47.599
5712,47.599
5713,47.599
5714,47.599
5715,47.599
5716,47.599
5717,47.599
5718,47.599
5719,47.599
5720,47.599
5721,47.599
5722,47.599
5723,47.599
5724,47.599
5725,47.599
5726,47.599
5727,47.599
5728,47.599
5729,47.599
5730,47.599
5731,47.599
5732,47.599
5733,47.599
5734,47.599
5735,47.599
5736,47.599
5737,47.599
5738,47.599
5739,47.599
5740,47.599
5741,47.599
5742,47.599
5743,47.599
5744,47.599
5745,47.599
5746,47.599
5747,47.599
5748,47.599
5749,47.599
5750,47.599
5751,47.599
5752,47.599
5753,47.599
5754,47.599
5755,47.599
5756,47.599
5757,47.599
5758,47.599
5759,47.599
5760,47.599
5761,47.599
5762,47.599
5763,47.599
5764,47.599
5765,47.599
5766,47.599
5767,47.599
5768,47.599
5769,47.599
5770,47.599
5771,47.599
5772,47.599
5773,47.599
5774,47.599
5775,47.599
5776,47.599
5777,47.599
5778,47.599
5779,47.599
5780,47.599
5781,47.599
5782,47.599
5783,47.599
5784,47.599
5785,47.599
5786,47.599
5787,47.599
5788,47.599
5789,47.599
5790,47.599
5791,47.599
5792,47.599
5793,47.599
5794,47.599
5795,47.599
5796,47.599
5797,47.599
5798,47.599
5799,47.599
5800,47.599
5801,47.599
5802,47.599
5803,47.599
5804,47.599
5805,47.599
5806,47.599
5807,47.599
5808,47.599
5809,47.599
5810,47.599
5811,47.599
5812,47.599
5813,47.599
5814,47.599
5815,47.599
5816,47.599
5817,47.599
5818,47.599
5819,47.599
5820,47.599
5821,47.599
5822,47.599
5823,47.599
5824,47.599
5825,47.599
5826,47.599
5827,47.599
5828,47.599
5829,47.599
5830,47.599
5831,47.599
5832,47.599
5833,47.599
5834,47.599
5835,47.599
5836,47.599
5837,47.599
5838,47.599
5839,47.599
5840,47.599
5841,47.599
5842,47.599
5843,47.599
5844,47.599
5845,47.599
5846,47.599
5847,47.599
5848,47.599
5849,47.599
5850,47.599
5851,47.599
5852,47.599
5853,47.599
5854,47.599
5855,47.599
5856,47.599
5857,47.599
5858,47.599
5859,47.599
5860,47.599
5861,47.599
5862,47.599
5863,47.599
5864,47.599
5865,47.599
5866,47.599
5867,47.599
5868,47.599
5869,47.599
5870,47.599
5871,47.599
5872,47.599
5873,47.599
5874,47.599
5875,47.599
5876,47.599
5877,47.599
5878,47.599
5879,47.599
5880,47.599
5881,47.599
5882,47.599
5883,47.599
5884,47.599
5885,47.599
5886,47.599
5887,47.599
5888,47.599
5889,47.599
5890,47.599
5891,47.599
5892,47.318
5893,47.318
5894,47.318
5895,47.318
5896,47.318
5897,47.318
5898,47.318
5899,47.318
5900,47.318
5901,47.318
5902,47.318
5903,47.318
5904,47.318
5905,47.318
5906,47.318
5907,47.318
5908,47.318
5909,47.318
5910,47.318
5911,47.318
5912,47.599
5913,47.599
5914,47.599
5915,47.599
5916,47.599
5917,47.599
5918,47.599
5919,47.599
5920,47.599
5921,47.599
5922,47.599
5923,47.599
5924,47.599
5925,47.599
5926,47.599
5927,47.599
5928,47.599
5929,47.599
5930,47.599
5931,47.599
5932,47.599
5933,47.599
5934,47.599
5935,47.599
5936,47.599
5937,47.599
5938,47.599
5939,47.599
5940,47.599
5941,47.599
5942,47.599
5943,47.599
5944,47.599
5945,47.599
5946,47.599
5947,47.599
5948,47.599
5949,47.599
5950,47.599
5951,47.599
5952,47.599
5953,47.318
5954,47.318
5955,47.318
5956,47.318
5957,47.318
5958,47.318
5959,47.318
5960,47.318
5961,47.318
5962,47.318
5963,47.318
5964,47.318
5965,47.318
5966,47.318
5967,47.318
5968,47.318
5969,47.318
5970,47.318
5971,47.318
5972,47.318
5973,47.599
5974,47.599
5975,47.599
5976,47.599
5977,47.599
5978,47.599
5979,47.599
5980,47.599
5981,47.599
5982,47.599
5983,47.599
5984,47.599
5985,47.599
5986,47.599
5987,47.599
5988,47.599
5989,47.599
5990,47.599
5991,47.599
5992,47.599
5993,47.318
5994,47.318
5995,47.318
5996,47.318
5997,47.318
5998,47.318
5999,47.318
6000,47.318
6001,47.318
6002,47.318
6003,47.318
6004,47.318
6005,47.318
6006,47.318
6007,47.318
6008,47.318
6009,47.318
6010,47.318
6011,47.318
6012,47.318
6013,47.599
6014,47.599
6015,47.599
6016,47.599
6017,47.599
6018,47.599
6019,47.599
6020,47.599
6021,47.599
6022,47.599
6023,47.599
6024,47.599
6025,47.599
6026,47.599
6027,47.599
6028,47.599
6029,47.599
6030,47.599
6031,47.599
6032,47.599
6033,47.599
6034,47.599
6035,47.599
6036,47.599
6037,47.599
6038,47.599
6039,47.599
6040,47.599
6041,47.599
6042,47.599
6043,47.599
6044,47.599
6045,47.599
6046,47.599
6047,47.599
6048,47.599
6049,47.599
6050,47.599
6051,47.599
6052,47.599
6053,47.27
6054,47.27
6055,47.27
6056,47.27
6057,47.27
6058,47.27
6059,47.27
6060,47.27
6061,47.27
6062,47.27
6063,47.27
6064,47.27
6065,47.27
6066,47.27
6067,47.27
6068,47.27
6069,47.27
6070,47.27
6071,47.27
6072,47.27
6073,47.551
6074,47.551
6075,47.551
6076,47.551
6077,47.551
6078,47.551
6079,47.551
6080,47.551
6081,47.551
6082,47.551
6083,47.551
6084,47.551
6085,47.551
6086,47.551
6087,47.551
6088,47.551
6089,47.551
6090,47.551
6091,47.551
6092,47.551
6093,47.599
6094,47.599
6095,47.599
6096,47.599
6097,47.599
6098,47.599
6099,47.599
6100,47.599
6101,47.599
6102,47.599
6103,47.599
6104,47.599
6105,47.599
6106,47.599
6107,47.599
6108,47.599
6109,47.599
6110,47.599
6111,47.599
6112,47.599
6113,47.599
6114,47.599
6115,47.599
6116,47.599
6117,47.599
6118,47.599
6119,47.599
6120,47.599
6121,47.599
6122,47.599
6123,47.599
6124,47.599
6125,47.599
6126,47.599
6127,47.599
6128,47.599
6129,47.599
6130,47.599
6131,47.599
6132,47.599
6133,47.599
6134,47.599
6135,47.599
6136,47.599
6137,47.599
6138,47.599
6139,47.599
6140,47.599
6141,47.599
6142,47.599
6143,47.599
6144,47.599
6145,47.599
6146,47.599
6147,47.599
6148,47.599
6149,47.599
6150,47.599
6151,47.599
6152,47.599
6153,47.599
6154,47.599
6155,47.599
6156,47.599
6157,47.599
6158,47.599
6159,47.599
6160,47.599
6161,47.599
6162,47.599
6163,47.599
6164,47.599
6165,47.599
6166,47.599
6167,47.599
6168,47.599
6169,47.599
6170,47.599
6171,47.599
6172,47.599
6173,47.599
6174,47.873
6175,47.873
6176,47.873
6177,47.873
6178,47.873
6179,47.873
6180,47.873
6181,47.873
6182,47.873
6183,47.873
6184,47.873
6185,47.873
6186,47.873
6187,47.873
6188,47.873
6189,47.873
6190,47.873
6191,47.873
6192,47.873
6193,47.873
6194,47.873
6195,47.873
6196,47.873
6197,47.873
6198,47.873
6199,47.873
6200,47.873
6201,47.873
6202,47.873
6203,47.873
6204,47.873
6205,47.873
6206,47.873
6207,47.873
6208,47.873
6209,47.873
6210,47.873
6211,47.873
6212,47.873
6213,47.873
6214,48.201
6215,48.201
6216,48.201
6217,48.201
6218,48.201
6219,48.201
6220,48.201
6221,48.201
6222,48.201
6223,48.201
6224,48.201
6225,48.201
6226,48.201
6227,48.201
6228,48.201
6229,48.201
6230,48.201
6231,48.201
6232,48.201
6233,48.201
6234,47.873
6235,47.873
6236,47.873
6237,47.873
6238,47.873
6239,47.873
6240,47.873
6241,47.873
6242,47.873
6243,47.873
6244,47.873
6245,47.873
6246,47.873
6247,47.873
6248,47.873
6249,47.873
6250,47.873
6251,47.873
6252,47.873
6253,47.873
6254,51.445
6255,51.445
6256,51.445
6257,51.445
6258,51.445
6259,51.445
6260,51.445
6261,51.445
6262,51.445
6263,51.445
6264,51.445
6265,51.445
6266,51.445
6267,51.445
6268,51.445
6269,51.445
6270,51.445
6271,51.445
6272,51.445
6273,51.445
6274,53.813
6275,53.813
6276,53.813
6277,53.813
6278,53.813
6279,53.813
6280,53.813
6281,53.813
6282,53.813
6283,53.813
6284,53.813
6285,53.813
6286,53.813
6287,53.813
6288,53.813
6289,53.813
6290,53.813
6291,53.813
6292,53.813
6293,53.813
6294,56.181
6295,56.181
6296,56.181
6297,56.181
6298,56.181
6299,56.181
6300,56.181
6301,56.181
6302,56.181
6303,56.181
6304,56.181
6305,56.181
6306,56.181
6307,56.181
6308,56.181
6309,56.181
6310,56.181
6311,56.181
6312,56.181
6313,56.181
6314,56.783
6315,56.783
6316,56.783
6317,56.783
6318,56.783
6319,56.783
6320,56.783
6321,56.783
6322,56.783
6323,56.783
6324,56.783
6325,56.783
6326,56.783
6327,56.783
6328,56.783
6329,56.783
6330,56.783
6331,56.783
6332,56.783
6333,56.783
6334,55.853
6335,55.853
6336,55.853
6337,55.853
6338,55.853
6339,55.853
6340,55.853
6341,55.853
6342,55.853
6343,55.853
6344,55.853
6345,55.853
6346,55.853
6347,55.853
6348,55.853
6349,55.853
6350,55.853
6351,55.853
6352,55.853
6353,55.853
6354,54.423
6355,54.423
6356,54.423
6357,54.423
6358,54.423
6359,54.423
6360,54.423
6361,54.423
6362,54.423
6363,54.423
6364,54.423
6365,54.423
6366,54.423
6367,54.423
6368,54.423
6369,54.423
6370,54.423
6371,54.423
6372,54.423
6373,54.423
6374,53.813
6375,53.813
6376,53.813
6377,53.813
6378,53.813
6379,53.813
6380,53.813
6381,53.813
6382,53.813
6383,53.813
6384,53.813
6385,53.813
6386,53.813
6387,53.813
6388,53.813
6389,53.813
6390,53.813
6391,53.813
6392,53.813
6393,53.813
6394,53.813
6395,54.087
6396,54.087
6397,54.087
6398,54.087
6399,54.087
6400,54.087
6401,54.087
6402,54.087
6403,54.087
6404,54.087
6405,54.087
6406,54.087
6407,54.087
6408,54.087
6409,54.087
6410,54.087
6411,54.087
6412,54.087
6413,54.087
6414,54.087
6415,54.087
6416,54.087
6417,54.087
6418,54.087
6419,54.087
6420,54.087
6421,54.087
6422,54.087
6423,54.087
6424,54.087
6425,54.087
6426,54.087
6427,54.087
6428,54.087
6429,54.087
6430,54.087
6431,54.087
6432,54.087
6433,54.087
6434,54.087
6435,54.087
6436,54.087
6437,54.087
6438,54.087
6439,54.087
6440,54.087
6441,54.087
6442,54.087
6443,54.087
6444,54.087
6445,54.087
6446,54.087
6447,54.087
6448,54.087
6449,54.087
6450,54.087
6451,54.087
6452,54.087
6453,54.087
6454,54.087
6455,54.087
6456,54.087
6457,54.087
6458,54.087
6459,54.087
6460,54.087
6461,54.087
6462,54.087
6463,54.087
6464,54.087
6465,54.087
6466,54.087
6467,54.087
6468,54.087
6469,54.087
6470,54.087
6471,54.087
6472,54.087
6473,54.087
6474,54.087
6475,54.087
6476,54.087
6477,54.087
6478,54.087
6479,54.087
6480,54.087
6481,54.087
6482,54.087
6483,54.087
6484,54.087
6485,54.087
6486,54.087
6487,54.087
6488,54.087
6489,54.087
6490,54.087
6491,54.087
6492,54.087
6493,54.087
6494,54.087
6495,54.087
6496,54.087
6497,54.087
6498,54.087
6499,54.087
6500,54.087
6501,54.087
6502,54.087
6503,54.087
6504,54.087
6505,54.087
6506,54.087
6507,54.087
6508,54.087
6509,54.087
6510,54.087
6511,54.087
6512,54.087
6513,54.087
6514,54.087
6515,54.087
6516,54.087
6517,54.087
6518,54.087
6519,54.087
6520,54.087
6521,54.087
6522,54.087
6523,54.087
6524,54.087
6525,54.087
6526,54.087
6527,54.087
6528,54.087
6529,54.087
6530,54.087
6531,54.087
6532,54.087
6533,54.087
6534,54.087
6535,54.423
6536,54.423
6537,54.423
6538,54.423
6539,54.423
6540,54.423
6541,54.423
6542,54.423
6543,54.423
6544,54.423
6545,54.423
6546,54.423
6547,54.423
6548,54.423
6549,54.423
6550,54.423
6551,54.423
6552,54.423
6553,54.423
6554,54.423
6555,54.423
6556,54.423
6557,54.423
6558,54.423
6559,54.423
6560,54.423
6561,54.423
6562,54.423
6563,54.423
6564,54.423
6565,54.423
6566,54.423
6567,54.423
6568,54.423
6569,54.423
6570,54.423
6571,54.423
6572,54.423
6573,54.423
6574,54.423
6575,54.423
6576,54.423
6577,54.423
6578,54.423
6579,54.423
6580,54.423
6581,54.423
6582,54.423
6583,54.423
6584,54.423
6585,54.423
6586,54.423
6587,54.423
6588,54.423
6589,54.423
6590,54.423
6591,54.423
6592,54.423
6593,54.423
6594,54.423
6595,54.423
6596,54.087
6597,54.087
6598,54.087
6599,54.087
6600,54.087
6601,54.087
6602,54.087
6603,54.087
6604,54.087
6605,54.087
6606,54.087
6607,54.087
6608,54.087
6609,54.087
6610,54.087
6611,54.087
6612,54.087
6613,54.087
6614,54.087
6615,54.087
6616,54.423
6617,54.423
6618,54.423
6619,54.423
6620,54.423
6621,54.423
6622,54.423
6623,54.423
6624,54.423
6625,54.423
6626,54.423
6627,54.423
6628,54.423
6629,54.423
6630,54.423
6631,54.423
6632,54.423
6633,54.423
6634,54.423
6635,54.423
6636,54.423
6637,54.423
6638,54.423
6639,54.423
6640,54.423
6641,54.423
6642,54.423
6643,54.423
6644,54.423
6645,54.423
6646,54.423
6647,54.423
6648,54.423
6649,54.423
6650,54.423
6651,54.423
6652,54.423
6653,54.423
6654,54.423
6655,54.423
6656,54.696
6657,54.696
6658,54.696
6659,54.696
6660,54.696
6661,54.696
6662,54.696
6663,54.696
6664,54.696
6665,54.696
6666,54.696
6667,54.696
6668,54.696
6669,54.696
6670,54.696
6671,54.696
6672,54.696
6673,54.696
6674,54.696
6675,54.696
6676,54.696
6677,54.696
6678,54.696
6679,54.696
6680,54.696
6681,54.696
6682,54.696
6683,54.696
6684,54.696
6685,54.696
6686,54.696
6687,54.696
6688,54.696
6689,54.696
6690,54.696
6691,54.696
6692,54.696
6693,54.696
6694,54.696
6695,54.696
6696,55.298
6697,55.298
6698,55.298
6699,55.298
6700,55.298
6701,55.298
6702,55.298
6703,55.298
6704,55.298
6705,55.298
6706,55.298
6707,55.298
6708,55.298
6709,55.298
6710,55.298
6711,55.298
6712,55.298
6713,55.298
6714,55.298
6715,55.298
6716,54.423
6717,54.423
6718,54.423
6719,54.423
6720,54.423
6721,54.423
6722,54.423
6723,54.423
6724,54.423
6725,54.423
6726,54.423
6727,54.423
6728,54.423
6729,54.423
6730,54.423
6731,54.423
6732,54.423
6733,54.423
6734,54.423
6735,54.423
6736,54.423
6737,54.087
6738,54.087
6739,54.087
6740,54.087
6741,54.087
6742,54.087
6743,54.087
6744,54.087
6745,54.087
6746,54.087
6747,54.087
6748,54.087
6749,54.087
6750,54.087
6751,54.087
6752,54.087
6753,54.087
6754,54.087
6755,54.087
6756,54.087
6757,54.087
6758,54.087
6759,54.087
6760,54.087
6761,54.087
6762,54.087
6763,54.087
6764,54.087
6765,54.087
6766,54.087
6767,54.087
6768,54.087
6769,54.087
6770,54.087
6771,54.087
6772,54.087
6773,54.087
6774,54.087
6775,54.087
6776,54.087
6777,58.823
6778,58.823
6779,58.823
6780,58.823
6781,58.823
6782,58.823
6783,58.823
6784,58.823
6785,58.823
6786,58.823
6787,58.823
6788,58.823
6789,58.823
6790,58.823
6791,58.823
6792,58.823
6793,58.823
6794,58.823
6795,58.823
6796,58.823
6797,56.181
6798,56.181
6799,56.181
6800,56.181
6801,56.181
6802,56.181
6803,56.181
6804,56.181
6805,56.181
6806,56.181
6807,56.181
6808,56.181
6809,56.181
6810,56.181
6811,56.181
6812,56.181
6813,56.181
6814,56.181
6815,56.181
6816,56.181
6817,54.97
6818,54.97
6819,54.97
6820,54.97
6821,54.97
6822,54.97
6823,54.97
6824,54.97
6825,54.97
6826,54.97
6827,54.97
6828,54.97
6829,54.97
6830,54.97
6831,54.97
6832,54.97
6833,54.97
6834,54.97
6835,54.97
6836,54.97
6837,54.423
6838,54.423
6839,54.423
6840,54.423
6841,54.423
6842,54.423
6843,54.423
6844,54.423
6845,54.423
6846,54.423
6847,54.423
6848,54.423
6849,54.423
6850,54.423
6851,54.423
6852,54.423
6853,54.423
6854,54.423
6855,54.423
6856,54.423
6857,54.423
6858,54.087
6859,54.087
6860,54.087
6861,54.087
6862,54.087
6863,54.087
6864,54.087
6865,54.087
6866,54.087
6867,54.087
6868,54.087
6869,54.087
6870,54.087
6871,54.087
6872,54.087
6873,54.087
6874,54.087
6875,54.087
6876,54.087
6877,54.97
6878,54.97
6879,54.97
6880,54.97
6881,54.97
6882,54.97
6883,54.97
6884,54.97
6885,54.97
6886,54.97
6887,54.97
6888,54.97
6889,54.97
6890,54.97
6891,54.97
6892,54.97
6893,54.97
6894,54.97
6895,54.97
6896,54.97
6897,55.853
6898,55.853
6899,55.853
6900,55.853
6901,55.853
6902,55.853
6903,55.853
6904,55.853
6905,55.853
6906,55.853
6907,55.853
6908,55.853
6909,55.853
6910,55.853
6911,55.853
6912,55.853
6913,55.853
6914,55.853
6915,55.853
6916,55.853
6917,61.793
6918,61.793
6919,61.793
6920,61.793
6921,61.793
6922,61.793
6923,61.793
6924,61.793
6925,61.793
6926,61.793
6927,61.793
6928,61.793
6929,61.793
6930,61.793
6931,61.793
6932,61.793
6933,61.793
6934,61.793
6935,61.793
6936,61.793
6937,61.793
6938,63.88
6939,63.88
6940,63.88
6941,63.88
6942,63.88
6943,63.88
6944,63.88
6945,63.88
6946,63.88
6947,63.88
6948,63.88
6949,63.88
6950,63.88
6951,63.88
6952,63.88
6953,63.88
6954,63.88
6955,63.88
6956,63.88
6957,63.88
6958,65.92
6959,65.92
6960,65.92
6961,65.92
6962,65.92
6963,65.92
6964,65.92
6965,65.92
6966,65.92
6967,65.92
6968,65.92
6969,65.92
6970,65.92
6971,65.92
6972,65.92
6973,65.92
6974,65.92
6975,65.92
6976,65.92
6977,65.92
6978,77.472
6979,77.472
6980,77.472
6981,77.472
6982,77.472
6983,77.472
6984,77.472
6985,77.472
6986,77.472
6987,77.472
6988,77.472
6989,77.472
6990,77.472
6991,77.472
6992,77.472
6993,77.472
6994,77.472
6995,77.472
6996,77.472
6997,77.472
6998,75.714
6999,75.714
7000,75.714
7001,75.714
7002,75.714
7003,75.714
7004,75.714
7005,75.714
7006,75.714
7007,75.714
7008,75.714
7009,75.714
7010,75.714
7011,75.714
7012,75.714
7013,75.714
7014,75.714
7015,75.714
7016,75.714
7017,75.714
7018,81.325
7019,81.325
7020,81.325
7021,81.325
7022,81.325
7023,81.325
7024,81.325
7025,81.325
7026,81.325
7027,81.325
7028,81.325
7029,81.325
7030,81.325
7031,81.325
7032,81.325
7033,81.325
7034,81.325
7035,81.325
7036,81.325
7037,81.325
7038,83.694
7039,83.694
7040,83.694
7041,83.694
7042,83.694
7043,83.694
7044,83.694
7045,83.694
7046,83.694
7047,83.694
7048,83.694
7049,83.694
7050,83.694
7051,83.694
7052,83.694
7053,83.694
7054,83.694
7055,83.694
7056,83.694
7057,83.694
7058,82.811
7059,82.811
7060,82.811
7061,82.811
7062,82.811
7063,82.811
7064,82.811
7065,82.811
7066,82.811
7067,82.811
7068,82.811
7069,82.811
7070,82.811
7071,82.811
7072,82.811
7073,82.811
7074,82.811
7075,82.811
7076,82.811
7077,82.811
7078,83.365
7079,83.365
7080,83.365
7081,83.365
7082,83.365
7083,83.365
7084,83.365
7085,83.365
7086,83.365
7087,83.365
7088,83.365
7089,83.365
7090,83.365
7091,83.365
7092,83.365
7093,83.365
7094,83.365
7095,83.365
7096,83.365
7097,83.365
7098,82.811
7099,82.811
7100,82.811
7101,82.811
7102,82.811
7103,82.811
7104,82.811
7105,82.811
7106,82.811
7107,82.811
7108,82.811
7109,82.811
7110,82.811
7111,82.811
7112,82.811
7113,82.811
7114,82.811
7115,82.811
7116,82.811
7117,82.811
7118,82.811
7119,82.811
7120,82.811
7121,82.811
7122,82.811
7123,82.811
7124,82.811
7125,82.811
7126,82.811
7127,82.811
7128,82.811
7129,82.811
7130,82.811
7131,82.811
7132,82.811
7133,82.811
7134,82.811
7135,82.811
7136,82.811
7137,82.811
7138,82.811
7139,83.365
7140,83.365
7141,83.365
7142,83.365
7143,83.365
7144,83.365
7145,83.365
7146,83.365
7147,83.365
7148,83.365
7149,83.365
7150,83.365
7151,83.365
7152,83.365
7153,83.365
7154,83.365
7155,83.365
7156,83.365
7157,83.365
7158,83.365
7159,83.608
7160,83.608
7161,83.608
7162,83.608
7163,83.608
7164,83.608
7165,83.608
7166,83.608
7167,83.608
7168,83.608
7169,83.608
7170,83.608
7171,83.608
7172,83.608
7173,83.608
7174,83.608
7175,83.608
7176,83.608
7177,83.608
7178,83.608
7179,83.28
7180,83.28
7181,83.28
7182,83.28
7183,83.28
7184,83.28
7185,83.28
7186,83.28
7187,83.28
7188,83.28
7189,83.28
7190,83.28
7191,83.28
7192,83.28
7193,83.28
7194,83.28
7195,83.28
7196,83.28
7197,83.28
7198,83.28
7199,104.276
7200,104.276
7201,104.276
7202,104.276
7203,104.276
7204,104.276
7205,104.276
7206,104.276
7207,104.276
7208,104.276
7209,104.276
7210,104.276
7211,104.276
7212,104.276
7213,104.276
7214,104.276
7215,104.276
7216,104.276
7217,104.276
7218,104.276
7219,115.488
7220,115.488
7221,115.488
7222,115.488
7223,115.488
7224,115.488
7225,115.488
7226,115.488
7227,115.488
7228,115.488
7229,115.488
7230,115.488
7231,115.488
7232,115.488
7233,115.488
7234,115.488
7235,115.488
7236,115.488
7237,115.488
7238,115.488
7239,117.854
7240,117.854
7241,117.854
7242,117.854
7243,117.854
7244,117.854
7245,117.854
7246,117.854
7247,117.854
7248,117.854
7249,117.854
7250,117.854
7251,117.854
7252,117.854
7253,117.854
7254,117.854
7255,117.854
7256,117.854
7257,117.854
7258,117.854
7259,118.182
7260,118.182
7261,118.182
7262,118.182
7263,118.182
7264,118.182
7265,118.182
7266,118.182
7267,118.182
7268,118.182
7269,118.182
7270,118.182
7271,118.182
7272,118.182
7273,118.182
7274,118.182
7275,118.182
7276,118.182
7277,118.182
7278,118.182
7279,118.182
7280,117.854
7281,117.854
7282,117.854
7283,117.854
7284,117.854
7285,117.854
7286,117.854
7287,117.854
7288,117.854
7289,117.854
7290,117.854
7291,117.854
7292,117.854
7293,117.854
7294,117.854
7295,117.854
7296,117.854
7297,117.854
7298,117.854
7299,117.854
7300,118.455
7301,118.455
7302,118.455
7303,118.455
7304,118.455
7305,118.455
7306,118.455
7307,118.455
7308,118.455
7309,118.455
7310,118.455
7311,118.455
7312,118.455
7313,118.455
7314,118.455
7315,118.455
7316,118.455
7317,118.455
7318,118.455
7319,118.455
7320,117.854
7321,117.854
7322,117.854
7323,117.854
7324,117.854
7325,117.854
7326,117.854
7327,117.854
7328,117.854
7329,117.854
7330,117.854
7331,117.854
7332,117.854
7333,117.854
7334,117.854
7335,117.854
7336,117.854
7337,117.854
7338,117.854
7339,117.854
7340,117.581
7341,117.581
7342,117.581
7343,117.581
7344,117.581
7345,117.581
7346,117.581
7347,117.581
7348,117.581
7349,117.581
7350,117.581
7351,117.581
7352,117.581
7353,117.581
7354,117.581
7355,117.581
7356,117.581
7357,117.581
7358,117.581
7359,117.581
7360,117.854
7361,117.854
7362,117.854
7363,117.854
7364,117.854
7365,117.854
7366,117.854
7367,117.854
7368,117.854
7369,117.854
7370,117.854
7371,117.854
7372,117.854
7373,117.854
7374,117.854
7375,117.854
7376,117.854
7377,117.854
7378,117.854
7379,117.854
7380,117.3
7381,117.3
7382,117.3
7383,117.3
7384,117.3
7385,117.3
7386,117.3
7387,117.3
7388,117.3
7389,117.3
7390,117.3
7391,117.3
7392,117.3
7393,117.3
7394,117.3
7395,117.3
7396,117.3
7397,117.3
7398,117.3
7399,117.3
7400,117.179
7401,117.179
7402,117.179
7403,117.179
7404,117.179
7405,117.179
7406,117.179
7407,117.179
7408,117.179
7409,117.179
7410,117.179
7411,117.179
7412,117.179
7413,117.179
7414,117.179
7415,117.179
7416,117.179
7417,117.179
7418,117.179
7419,117.179
7420,117.179
7421,117.179
7422,117.179
7423,117.179
7424,117.179
7425,117.179
7426,117.179
7427,117.179
7428,117.179
7429,117.179
7430,117.179
7431,117.179
7432,117.179
7433,117.179
7434,117.179
7435,117.179
7436,117.179
7437,117.179
7438,117.179
7439,117.179
7440,117.179
7441,117.733
7442,117.733
7443,117.733
7444,117.733
7445,117.733
7446,117.733
7447,117.733
7448,117.733
7449,117.733
7450,117.733
7451,117.733
7452,117.733
7453,117.733
7454,117.733
7455,117.733
7456,117.733
7457,117.733
7458,117.733
7459,117.733
7460,117.733
7461,117.46
7462,117.46
7463,117.46
7464,117.46
7465,117.46
7466,117.46
7467,117.46
7468,117.46
7469,117.46
7470,117.46
7471,117.46
7472,117.46
7473,117.46
7474,117.46
7475,117.46
7476,117.46
7477,117.46
7478,117.46
7479,117.46
7480,117.46
7481,116.852
7482,116.852
7483,116.852
7484,116.852
7485,116.852
7486,116.852
7487,116.852
7488,116.852
7489,116.852
7490,116.852
7491,116.852
7492,116.852
7493,116.852
7494,116.852
7495,116.852
7496,116.852
7497,116.852
7498,116.852
7499,116.852
7500,116.852
7501,117.46
7502,117.46
7503,117.46
7504,117.46
7505,117.46
7506,117.46
7507,117.46
7508,117.46
7509,117.46
7510,117.46
7511,117.46
7512,117.46
7513,117.46
7514,117.46
7515,117.46
7516,117.46
7517,117.46
7518,117.46
7519,117.46
7520,117.46
7521,117.612
7522,117.612
7523,117.612
7524,117.612
7525,117.612
7526,117.612
7527,117.612
7528,117.612
7529,117.612
7530,117.612
7531,117.612
7532,117.612
7533,117.612
7534,117.612
7535,117.612
7536,117.612
7537,117.612
7538,117.612
7539,117.612
7540,117.612
7541,117.46
7542,117.46
7543,117.46
7544,117.46
7545,117.46
7546,117.46
7547,117.46
7548,117.46
7549,117.46
7550,117.46
7551,117.46
7552,117.46
7553,117.46
7554,117.46
7555,117.46
7556,117.46
7557,117.46
7558,117.46
7559,117.46
7560,117.46
7561,117.581
7562,117.581
7563,117.581
7564,117.581
7565,117.581
7566,117.581
7567,117.581
7568,117.581
7569,117.581
7570,117.581
7571,117.581
7572,117.581
7573,117.581
7574,117.581
7575,117.581
7576,117.581
7577,117.581
7578,117.581
7579,117.581
7580,117.581
7581,117.581
7582,117.581
7583,117.581
7584,117.581
7585,117.581
7586,117.581
7587,117.581
7588,117.581
7589,117.581
7590,117.581
7591,117.581
7592,117.581
7593,117.581
7594,117.581
7595,117.581
7596,117.581
7597,117.581
7598,117.581
7599,117.581
7600,117.581
7601,117.581
7602,117.581
7603,117.581
7604,117.581
7605,117.581
7606,117.581
7607,117.581
7608,117.581
7609,116.972
7610,116.972
7611,116.972
7612,116.972
7613,116.972
7614,116.972
7615,116.972
7616,116.972
7617,116.972
7618,116.972
7619,116.972
7620,116.972
7621,116.972
7622,116.972
7623,116.972
7624,116.972
7625,116.972
7626,116.972
7627,118.455
7628,118.455
7629,118.455
7630,118.455
7631,118.455
7632,118.455
7633,118.455
7634,118.455
7635,118.455
7636,118.455
7637,118.455
7638,118.455
7639,118.455
7640,118.455
7641,118.455
7642,118.455
7643,118.455
7644,118.455
7645,118.728
7646,118.728
7647,118.728
7648,118.728
7649,118.728
7650,118.728
7651,118.728
7652,118.728
7653,118.728
7654,118.728
7655,118.728
7656,118.728
7657,118.728
7658,118.728
7659,118.728
7660,118.728
7661,118.728
7662,118.728
7663,119.816
7664,119.816
7665,119.816
7666,119.816
7667,119.816
7668,119.816
7669,119.816
7670,119.816
7671,119.816
7672,119.816
7673,119.816
7674,119.816
7675,119.816
7676,119.816
7677,119.816
7678,119.816
7679,119.816
7680,119.816
7681,119.816
7682,119.816
7683,119.337
7684,119.337
7685,119.337
7686,119.337
7687,119.337
7688,119.337
7689,119.337
7690,119.337
7691,119.337
7692,119.337
7693,119.337
7694,119.337
7695,119.337
7696,119.337
7697,119.337
7698,119.337
7699,119.337
7700,119.337
7701,119.337
7702,119.337
7703,118.455
7704,118.455
7705,118.455
7706,118.455
7707,118.455
7708,118.455
7709,118.455
7710,118.455
7711,118.455
7712,118.455
7713,118.455
7714,118.455
7715,118.455
7716,118.455
7717,118.455
7718,118.455
7719,118.455
7720,118.455
7721,118.455
7722,118.455
7723,118.455
7724,118.455
7725,118.455
7726,118.455
7727,118.455
7728,118.455
7729,118.455
7730,118.455
7731,118.455
7732,118.455
7733,118.455
7734,118.455
7735,118.455
7736,118.455
7737,118.455
7738,118.455
7739,118.455
7740,118.455
7741,118.455
7742,118.455
7743,119.064
7744,119.064
7745,119.064
7746,119.064
7747,119.064
7748,119.064
7749,119.064
7750,119.064
7751,119.064
7752,119.064
7753,119.064
7754,119.064
7755,119.064
7756,119.064
7757,119.064
7758,119.064
7759,119.064
7760,119.064
7761,119.064
7762,119.064
7763,118.182
7764,118.182
7765,118.182
7766,118.182
7767,118.182
7768,118.182
7769,118.182
7770,118.182
7771,118.182
7772,118.182
7773,118.182
7774,118.182
7775,118.182
7776,118.182
7777,118.182
7778,118.182
7779,118.182
7780,118.182
7781,118.182
7782,118.182
7783,118.182
7784,117.581
7785,117.581
7786,117.581
7787,117.581
7788,117.581
7789,117.581
7790,117.581
7791,117.581
7792,117.581
7793,117.581
7794,117.581
7795,117.581
7796,117.581
7797,117.581
7798,117.581
7799,117.581
7800,117.581
7801,117.581
7802,117.581
7803,117.581
7804,117.733
7805,117.733
7806,117.733
7807,117.733
7808,117.733
7809,117.733
7810,117.733
7811,117.733
7812,117.733
7813,117.733
7814,117.733
7815,117.733
7816,117.733
7817,117.733
7818,117.733
7819,117.733
7820,117.733
7821,117.733
7822,117.733
7823,117.733
7824,117.581
7825,117.581
7826,117.581
7827,117.581
7828,117.581
7829,117.581
7830,117.581
7831,117.581
7832,117.581
7833,117.581
7834,117.581
7835,117.581
7836,117.581
7837,117.581
7838,117.581
7839,117.581
7840,117.581
7841,117.581
7842,117.581
7843,117.581
7844,117.581
7845,117.581
7846,117.581
7847,117.581
7848,117.581
7849,117.581
7850,117.581
7851,117.581
7852,117.581
7853,117.581
7854,117.581
7855,117.581
7856,117.581
7857,117.581
7858,117.581
7859,117.581
7860,117.581
7861,117.581
7862,117.581
7863,117.581
7864,117.701
7865,117.701
7866,117.701
7867,117.701
7868,117.701
7869,117.701
7870,117.701
7871,117.701
7872,117.701
7873,117.701
7874,117.701
7875,117.701
7876,117.701
7877,117.701
7878,117.701
7879,117.701
7880,117.701
7881,117.701
7882,117.701
7883,117.701
7884,118.303
7885,118.303
7886,118.303
7887,118.303
7888,118.303
7889,118.303
7890,118.303
7891,118.303
7892,118.303
7893,118.303
7894,118.303
7895,118.303
7896,118.303
7897,118.303
7898,118.303
7899,118.303
7900,118.303
7901,118.303
7902,118.303
7903,118.303
7904,117.701
7905,117.701
7906,117.701
7907,117.701
7908,117.701
7909,117.701
7910,117.701
7911,117.701
7912,117.701
7913,117.701
7914,117.701
7915,117.701
7916,117.701
7917,117.701
7918,117.701
7919,117.701
7920,117.701
7921,117.701
7922,117.701
7923,117.701
7924,117.091
7925,117.091
7926,117.091
7927,117.091
7928,117.091
7929,117.091
7930,117.091
7931,117.091
7932,117.091
7933,117.091
7934,117.091
7935,117.091
7936,117.091
7937,117.091
7938,117.091
7939,117.091
7940,117.091
7941,117.091
7942,117.091
7943,117.091
7944,117.975
7945,117.975
7946,117.975
7947,117.975
7948,117.975
7949,117.975
7950,117.975
7951,117.975
7952,117.975
7953,117.975
7954,117.975
7955,117.975
7956,117.975
7957,117.975
7958,117.975
7959,117.975
7960,117.975
7961,117.975
7962,117.975
7963,117.975
7964,117.701
7965,117.701
7966,117.701
7967,117.701
7968,117.701
7969,117.701
7970,117.701
7971,117.701
7972,117.701
7973,117.701
7974,117.701
7975,117.701
7976,117.701
7977,117.701
7978,117.701
7979,117.701
7980,117.701
7981,117.701
7982,117.701
7983,117.701
7984,117.701
7985,117.701
7986,117.701
7987,117.701
7988,117.701
7989,117.701
7990,117.701
7991,117.701
7992,117.701
7993,117.701
7994,117.701
7995,117.701
7996,117.701
7997,117.701
7998,117.701
7999,117.701
8000,117.701
8001,117.701
8002,117.701
8003,117.701
8004,117.701
8005,117.42
8006,117.42
8007,117.42
8008,117.42
8009,117.42
8010,117.42
8011,117.42
8012,117.42
8013,117.42
8014,117.42
8015,117.42
8016,117.42
8017,117.42
8018,117.42
8019,117.42
8020,117.42
8021,117.42
8022,117.42
8023,117.42
8024,117.42
8025,117.701
8026,117.701
8027,117.701
8028,117.701
8029,117.701
8030,117.701
8031,117.701
8032,117.701
8033,117.701
8034,117.701
8035,117.701
8036,117.701
8037,117.701
8038,117.701
8039,117.701
8040,117.701
8041,117.701
8042,117.701
8043,117.701
8044,117.701
8045,118.577
8046,118.577
8047,118.577
8048,118.577
8049,118.577
8050,118.577
8051,118.577
8052,118.577
8053,118.577
8054,118.577
8055,118.577
8056,118.577
8057,118.577
8058,118.577
8059,118.577
8060,118.577
8061,118.577
8062,118.577
8063,118.577
8064,118.577
8065,112.965
8066,112.965
8067,112.965
8068,112.965
8069,112.965
8070,112.965
8071,112.965
8072,112.965
8073,112.965
8074,112.965
8075,112.965
8076,112.965
8077,112.965
8078,112.965
8079,112.965
8080,112.965
8081,112.965
8082,112.965
8083,112.965
8084,112.965
8085,117.701
8086,117.701
8087,117.701
8088,117.701
8089,117.701
8090,117.701
8091,117.701
8092,117.701
8093,117.701
8094,117.701
8095,117.701
8096,117.701
8097,117.701
8098,117.701
8099,117.701
8100,117.701
8101,117.701
8102,117.701
8103,117.701
8104,117.701
8105,118.303
8106,118.303
8107,118.303
8108,118.303
8109,118.303
8110,118.303
8111,118.303
8112,118.303
8113,118.303
8114,118.303
8115,118.303
8116,118.303
8117,118.303
8118,118.303
8119,118.303
8120,118.303
8121,118.303
8122,118.303
8123,118.303
8124,118.303
8125,118.303
8126,118.303
8127,118.303
8128,118.303
8129,118.303
8130,118.303
8131,118.303
8132,118.303
8133,118.303
8134,118.303
8135,118.303
8136,118.303
8137,118.303
8138,118.303
8139,118.303
8140,118.303
8141,118.303
8142,118.303
8143,118.303
8144,118.303
8145,118.303
8146,118.303
8147,118.303
8148,118.303
8149,118.303
8150,118.303
8151,118.303
8152,118.303
8153,118.303
8154,118.303
8155,118.303
8156,118.303
8157,118.303
8158,118.303
8159,118.303
8160,118.303
8161,118.303
8162,118.303
8163,118.303
8164,118.303
8165,117.701
8166,117.701
8167,117.701
8168,117.701
8169,117.701
8170,117.701
8171,117.701
8172,117.701
8173,117.701
8174,117.701
8175,117.701
8176,117.701
8177,117.701
8178,117.701
8179,117.701
8180,117.701
8181,117.701
8182,117.701
8183,117.701
8184,117.701
8185,117.701
8186,117.701
8187,117.701
8188,117.701
8189,117.701
8190,117.701
8191,117.701
8192,117.701
8193,117.701
8194,117.701
8195,117.701
8196,117.701
8197,117.701
8198,117.701
8199,117.701
8200,117.701
8201,117.701
8202,117.701
8203,117.701
8204,117.701
8205,117.701
8206,117.42
8207,117.42
8208,117.42
8209,117.42
8210,117.42
8211,117.42
8212,117.42
8213,117.42
8214,117.42
8215,117.42
8216,117.42
8217,117.42
8218,117.42
8219,117.42
8220,117.42
8221,117.42
8222,117.42
8223,117.42
8224,117.42
8225,117.42
8226,118.303
8227,118.303
8228,118.303
8229,118.303
8230,118.303
8231,118.303
8232,118.303
8233,118.303
8234,118.303
8235,118.303
8236,118.303
8237,118.303
8238,118.303
8239,118.303
8240,118.303
8241,118.303
8242,118.303
8243,118.303
8244,118.303
8245,118.303
8246,118.303
8247,118.303
8248,118.303
8249,118.303
8250,118.303
8251,118.303
8252,118.303
8253,118.303
8254,118.303
8255,118.303
8256,118.303
8257,118.303
8258,118.303
8259,118.303
8260,118.303
8261,118.303
8262,118.303
8263,118.303
8264,118.303
8265,118.303
8266,117.42
8267,117.42
8268,117.42
8269,117.42
8270,117.42
8271,117.42
8272,117.42
8273,117.42
8274,117.42
8275,117.42
8276,117.42
8277,117.42
8278,117.42
8279,117.42
8280,117.42
8281,117.42
8282,117.42
8283,117.42
8284,117.42
8285,117.42
8286,117.42
8287,117.42
8288,117.42
8289,117.42
8290,117.42
8291,117.42
8292,117.42
8293,117.42
8294,117.42
8295,117.42
8296,117.42
8297,117.42
8298,117.42
8299,117.42
8300,117.42
8301,117.42
8302,117.42
8303,117.42
8304,117.42
8305,117.42
8306,117.42
8307,117.42
8308,117.42
8309,117.42
8310,117.42
8311,117.42
8312,117.42
8313,117.42
8314,117.42
8315,117.42
8316,117.42
8317,117.42
8318,117.42
8319,117.42
8320,117.42
8321,117.42
8322,117.42
8323,117.42
8324,117.42
8325,117.42
8326,117.091
8327,117.091
8328,117.091
8329,117.091
8330,117.091
8331,117.091
8332,117.091
8333,117.091
8334,117.091
8335,117.091
8336,117.091
8337,117.091
8338,117.091
8339,117.091
8340,117.091
8341,117.091
8342,117.091
8343,117.091
8344,117.091
8345,117.091
8346,118.577
8347,118.577
8348,118.577
8349,118.577
8350,118.577
8351,118.577
8352,118.577
8353,118.577
8354,118.577
8355,118.577
8356,118.577
8357,118.577
8358,118.577
8359,118.577
8360,118.577
8361,118.577
8362,118.577
8363,118.577
8364,118.577
8365,118.577
8366,119.186
8367,119.186
8368,119.186
8369,119.186
8370,119.186
8371,119.186
8372,119.186
8373,119.186
8374,119.186
8375,119.186
8376,119.186
8377,119.186
8378,119.186
8379,119.186
8380,119.186
8381,119.186
8382,119.186
8383,119.186
8384,119.186
8385,119.186
8386,118.577
8387,118.577
8388,118.577
8389,118.577
8390,118.577
8391,118.577
8392,118.577
8393,118.577
8394,118.577
8395,118.577
8396,118.577
8397,118.577
8398,118.577
8399,118.577
8400,118.577
8401,118.577
8402,118.577
8403,118.577
8404,118.577
8405,118.577
8406,118.577
8407,118.85
8408,118.85
8409,118.85
8410,118.85
8411,118.85
8412,118.85
8413,118.85
8414,118.85
8415,118.85
8416,118.85
8417,118.85
8418,118.85
8419,118.85
8420,118.85
8421,118.85
8422,118.85
8423,118.85
8424,118.85
8425,118.85
8426,118.85
8427,118.85
8428,118.85
8429,118.85
8430,118.85
8431,118.85
8432,118.85
8433,118.85
8434,118.85
8435,118.85
8436,118.85
8437,118.85
8438,118.85
8439,118.85
8440,118.85
8441,118.85
8442,118.85
8443,118.85
8444,118.85
8445,118.85
8446,118.85
8447,118.85
8448,118.85
8449,118.85
8450,118.85
8451,118.85
8452,118.85
8453,118.85
8454,118.85
8455,118.85
8456,118.85
8457,118.85
8458,118.85
8459,118.85
8460,118.85
8461,118.85
8462,118.85
8463,118.85
8464,118.85
8465,118.85
8466,118.85
8467,118.85
8468,118.85
8469,118.85
8470,118.85
8471,118.85
8472,118.85
8473,118.85
8474,118.85
8475,118.85
8476,118.85
8477,118.85
8478,118.85
8479,118.85
8480,118.85
8481,118.85
8482,118.85
8483,118.85
8484,118.85
8485,118.85
8486,118.85
8487,118.85
8488,118.85
8489,118.85
8490,118.85
8491,118.85
8492,118.85
8493,118.85
8494,118.85
8495,118.85
8496,118.85
8497,118.85
8498,118.85
8499,118.85
8500,118.85
8501,118.85
8502,118.85
8503,118.85
8504,118.85
8505,118.85
8506,118.85
8507,118.577
8508,118.577
8509,118.577
8510,118.577
8511,118.577
8512,118.577
8513,118.577
8514,118.577
8515,118.577
8516,118.577
8517,118.577
8518,118.577
8519,118.577
8520,118.577
8521,118.577
8522,118.577
8523,118.577
8524,118.577
8525,118.577
8526,118.577
8527,118.577
8528,118.577
8529,118.577
8530,118.577
8531,118.577
8532,118.577
8533,118.577
8534,118.577
8535,118.577
8536,118.577
8537,118.577
8538,118.577
8539,118.577
8540,118.577
8541,118.577
8542,118.577
8543,118.577
8544,118.577
8545,118.577
8546,118.577
8547,118.577
8548,118.577
8549,118.577
8550,118.577
8551,118.577
8552,118.577
8553,118.577
8554,118.577
8555,118.577
8556,118.577
8557,118.577
8558,118.577
8559,118.577
8560,118.577
8561,118.577
8562,118.577
8563,118.577
8564,118.577
8565,118.577
8566,118.577
8567,117.975
8568,117.975
8569,117.975
8570,117.975
8571,117.975
8572,117.975
8573,117.975
8574,117.975
8575,117.975
8576,117.975
8577,117.975
8578,117.975
8579,117.975
8580,117.975
8581,117.975
8582,117.975
8583,117.975
8584,117.975
8585,117.975
8586,117.975
8587,117.701
8588,117.701
8589,117.701
8590,117.701
8591,117.701
8592,117.701
8593,117.701
8594,117.701
8595,117.701
8596,117.701
8597,117.701
8598,117.701
8599,117.701
8600,117.701
8601,117.701
8602,117.701
8603,117.701
8604,117.701
8605,117.701
8606,117.701
8607,117.854
8608,117.854
8609,117.854
8610,117.854
8611,117.854
8612,117.854
8613,117.854
8614,117.854
8615,117.854
8616,117.854
8617,117.854
8618,117.854
8619,117.854
8620,117.854
8621,117.854
8622,117.854
8623,117.854
8624,117.854
8625,117.854
8626,117.854
8627,117.701
8628,117.701
8629,117.701
8630,117.701
8631,117.701
8632,117.701
8633,117.701
8634,117.701
8635,117.701
8636,117.701
8637,117.701
8638,117.701
8639,117.701
8640,117.701
8641,117.701
8642,117.701
8643,117.701
8644,117.701
8645,117.701
8646,117.701
8647,117.701
8648,117.854
8649,117.854
8650,117.854
8651,117.854
8652,117.854
8653,117.854
8654,117.854
8655,117.854
8656,117.854
8657,117.854
8658,117.854
8659,117.854
8660,117.854
8661,117.854
8662,117.854
8663,117.854
8664,117.854
8665,117.854
8666,117.854
8667,117.854
8668,118.182
8669,118.182
8670,118.182
8671,118.182
8672,118.182
8673,118.182
8674,118.182
8675,118.182
8676,118.182
8677,118.182
8678,118.182
8679,118.182
8680,118.182
8681,118.182
8682,118.182
8683,118.182
8684,118.182
8685,118.182
8686,118.182
8687,118.182
8688,117.3
8689,117.3
8690,117.3
8691,117.3
8692,117.3
8693,117.3
8694,117.3
8695,117.3
8696,117.3
8697,117.3
8698,117.3
8699,117.3
8700,117.3
8701,117.3
8702,117.3
8703,117.3
8704,117.3
8705,117.3
8706,117.3
8707,117.3
8708,117.3
8709,117.3
8710,117.3
8711,117.3
8712,117.3
8713,117.3
8714,117.3
8715,117.3
8716,117.3
8717,117.3
8718,117.3
8719,117.3
8720,117.3
8721,117.3
8722,117.3
8723,117.3
8724,117.3
8725,117.3
8726,117.3
8727,117.3
8728,117.3
8729,117.3
8730,117.3
8731,117.3
8732,117.3
8733,117.3
8734,117.3
8735,117.3
8736,117.3
8737,117.3
8738,117.3
8739,117.3
8740,117.3
8741,117.3
8742,117.3
8743,117.3
8744,117.3
8745,117.3
8746,117.3
8747,117.3
8748,117.091
8749,117.091
8750,117.091
8751,117.091
8752,117.091
8753,117.091
8754,117.091
8755,117.091
8756,117.091
8757,117.091
8758,117.091
8759,117.091
8760,117.091
8761,117.091
8762,117.091
8763,117.091
8764,117.091
8765,117.091
8766,117.091
8767,117.091
8768,118.455
8769,118.455
8770,118.455
8771,118.455
8772,118.455
8773,118.455
8774,118.455
8775,118.455
8776,118.455
8777,118.455
8778,118.455
8779,118.455
8780,118.455
8781,118.455
8782,118.455
8783,118.455
8784,118.455
8785,118.455
8786,118.455
8787,118.455
8788,119.064
8789,119.064
8790,119.064
8791,119.064
8792,119.064
8793,119.064
8794,119.064
8795,119.064
8796,119.064
8797,119.064
8798,119.064
8799,119.064
8800,119.064
8801,119.064
8802,119.064
8803,119.064
8804,119.064
8805,119.064
8806,119.064
8807,119.064
8808,119.337
8809,119.337
8810,119.337
8811,119.337
8812,119.337
8813,119.337
8814,119.337
8815,119.337
8816,119.337
8817,119.337
8818,119.337
8819,119.337
8820,119.337
8821,119.337
8822,119.337
8823,119.337
8824,119.337
8825,119.337
8826,119.337
8827,119.337
8828,119.665
8829,119.665
8830,119.665
8831,119.665
8832,119.665
8833,119.665
8834,119.665
8835,119.665
8836,119.665
8837,119.665
8838,119.665
8839,119.665
8840,119.665
8841,119.665
8842,119.665
8843,119.665
8844,119.665
8845,119.665
8846,119.665
8847,119.665
8848,119.337
8849,119.337
8850,119.337
8851,119.337
8852,119.337
8853,119.337
8854,119.337
8855,119.337
8856,119.337
8857,119.337
8858,119.337
8859,119.337
8860,119.337
8861,119.337
8862,119.337
8863,119.337
8864,119.337
8865,119.337
8866,119.337
8867,119.337
8868,119.337
8869,118.455
8870,118.455
8871,118.455
8872,118.455
8873,118.455
8874,118.455
8875,118.455
8876,118.455
8877,118.455
8878,118.455
8879,118.455
8880,118.455
8881,118.455
8882,118.455
8883,118.455
8884,118.455
8885,118.455
8886,118.455
8887,118.455
8888,118.455
8889,118.728
8890,118.728
8891,118.728
8892,118.728
8893,118.728
8894,118.728
8895,118.728
8896,118.728
8897,118.728
8898,118.728
8899,118.728
8900,118.728
8901,118.728
8902,118.728
8903,118.728
8904,118.728
8905,118.728
8906,118.728
8907,118.728
8908,118.728
8909,118.728
8910,118.728
8911,118.728
8912,118.728
8913,118.728
8914,118.728
8915,118.728
8916,118.728
8917,118.728
8918,118.728
8919,118.728
8920,118.728
8921,118.728
8922,118.728
8923,118.728
8924,118.728
8925,118.728
8926,118.728
8927,118.728
8928,118.728
8929,118.182
8930,118.182
8931,118.182
8932,118.182
8933,118.182
8934,118.182
8935,118.182
8936,118.182
8937,118.182
8938,118.182
8939,118.182
8940,118.182
8941,118.182
8942,118.182
8943,118.182
8944,118.182
8945,118.182
8946,118.182
8947,118.182
8948,118.182
8949,118.182
8950,118.182
8951,118.182
8952,118.182
8953,118.182
8954,118.182
8955,118.182
8956,118.182
8957,118.182
8958,118.182
8959,118.182
8960,118.182
8961,118.182
8962,118.182
8963,118.182
8964,118.182
8965,118.182
8966,118.182
8967,118.182
8968,118.182
8969,117.854
8970,117.854
8971,117.854
8972,117.854
8973,117.854
8974,117.854
8975,117.854
8976,117.854
8977,117.854
8978,117.854
8979,117.854
8980,117.854
8981,117.854
8982,117.854
8983,117.854
8984,117.854
8985,117.854
8986,117.854
8987,117.854
8988,117.854
8989,117.581
8990,117.581
8991,117.581
8992,117.581
8993,117.581
8994,117.581
8995,117.581
8996,117.581
8997,117.581
8998,117.581
8999,117.581
9000,117.581
9001,117.581
9002,117.581
9003,117.581
9004,117.581
9005,117.581
9006,117.581
9007,117.581
9008,117.581
9009,117.581
9010,117.581
9011,117.581
9012,117.581
9013,117.581
9014,117.581
9015,117.581
9016,117.581
9017,117.581
9018,117.581
9019,117.581
9020,117.581
9021,117.581
9022,117.581
9023,117.581
9024,117.581
9025,117.581
9026,117.581
9027,117.581
9028,117.581
9029,117.854
9030,117.854
9031,117.854
9032,117.854
9033,117.854
9034,117.854
9035,117.854
9036,117.854
9037,117.854
9038,117.854
9039,117.854
9040,117.854
9041,117.854
9042,117.854
9043,117.854
9044,117.854
9045,117.854
9046,117.854
9047,117.854
9048,117.854
9049,118.455
9050,118.455
9051,118.455
9052,118.455
9053,118.455
9054,118.455
9055,118.455
9056,118.455
9057,118.455
9058,118.455
9059,118.455
9060,118.455
9061,118.455
9062,118.455
9063,118.455
9064,118.455
9065,118.455
9066,118.455
9067,118.455
9068,118.455
9069,117.854
9070,117.854
9071,117.854
9072,117.854
9073,117.854
9074,117.854
9075,117.854
9076,117.854
9077,117.854
9078,117.854
9079,117.854
9080,117.854
9081,117.854
9082,117.854
9083,117.854
9084,117.854
9085,117.854
9086,117.854
9087,117.854
9088,117.854
9089,116.972
9090,116.972
9091,116.972
9092,116.972
9093,116.972
9094,116.972
9095,116.972
9096,116.972
9097,116.972
9098,116.972
9099,116.972
9100,116.972
9101,116.972
9102,116.972
9103,116.972
9104,116.972
9105,116.972
9106,116.972
9107,116.972
9108,116.972
9109,116.972
9110,116.972
9111,116.972
9112,116.972
9113,116.972
9114,116.972
9115,116.972
9116,116.972
9117,116.972
9118,116.972
9119,116.972
9120,116.972
9121,116.972
9122,116.972
9123,116.972
9124,116.972
9125,116.972
9126,116.972
9127,116.972
9128,116.972
9129,116.972
9130,115.488
9131,115.488
9132,115.488
9133,115.488
9134,115.488
9135,115.488
9136,115.488
9137,115.488
9138,115.488
9139,115.488
9140,115.488
9141,115.488
9142,115.488
9143,115.488
9144,115.488
9145,115.488
9146,115.488
9147,115.488
9148,115.488
9149,115.488
9150,118.728
9151,118.728
9152,118.728
9153,118.728
9154,118.728
9155,118.728
9156,118.728
9157,118.728
9158,118.728
9159,118.728
9160,118.728
9161,118.728
9162,118.728
9163,118.728
9164,118.728
9165,118.728
9166,118.728
9167,118.728
9168,118.728
9169,118.728
9170,119.337
9171,119.337
9172,119.337
9173,119.337
9174,119.337
9175,119.337
9176,119.337
9177,119.337
9178,119.337
9179,119.337
9180,119.337
9181,119.337
9182,119.337
9183,119.337
9184,119.337
9185,119.337
9186,119.337
9187,119.337
9188,119.337
9189,119.337
9190,119.665
9191,119.665
9192,119.665
9193,119.665
9194,119.665
9195,119.665
9196,119.665
9197,119.665
9198,119.665
9199,119.665
9200,119.665
9201,119.665
9202,119.665
9203,119.665
9204,119.665
9205,119.665
9206,119.665
9207,119.665
9208,119.665
9209,119.665
9210,119.064
9211,119.064
9212,119.064
9213,119.064
9214,119.064
9215,119.064
9216,119.064
9217,119.064
9218,119.064
9219,119.064
9220,119.064
9221,119.064
9222,119.064
9223,119.064
9224,119.064
9225,119.064
9226,119.064
9227,119.064
9228,119.064
9229,119.064
9230,118.728
9231,118.728
9232,118.728
9233,118.728
9234,118.728
9235,118.728
9236,118.728
9237,118.728
9238,118.728
9239,118.728
9240,118.728
9241,118.728
9242,118.728
9243,118.728
9244,118.728
9245,118.728
9246,118.728
9247,118.728
9248,118.728
9249,118.728
9250,119.064
9251,119.064
9252,119.064
9253,119.064
9254,119.064
9255,119.064
9256,119.064
9257,119.064
9258,119.064
9259,119.064
9260,119.064
9261,119.064
9262,119.064
9263,119.064
9264,119.064
9265,119.064
9266,119.064
9267,119.064
9268,119.064
9269,119.064
9270,119.064
9271,118.455
9272,118.455
9273,118.455
9274,118.455
9275,118.455
9276,118.455
9277,118.455
9278,118.455
9279,118.455
9280,118.455
9281,118.455
9282,118.455
9283,118.455
9284,118.455
9285,118.455
9286,118.455
9287,118.455
9288,118.455
9289,118.455
9290,118.455
9291,118.455
9292,118.455
9293,118.455
9294,118.455
9295,118.455
9296,118.455
9297,118.455
9298,118.455
9299,118.455
9300,118.455
9301,118.455
9302,118.455
9303,118.455
9304,118.455
9305,118.455
9306,118.455
9307,118.455
9308,118.455
9309,118.455
9310,118.455
9311,118.455
9312,118.455
9313,118.455
9314,118.455
9315,118.455
9316,118.455
9317,118.455
9318,118.455
9319,118.455
9320,118.455
9321,118.455
9322,118.455
9323,118.455
9324,118.455
9325,118.455
9326,118.455
9327,118.455
9328,118.455
9329,118.455
9330,118.455
9331,117.854
9332,117.854
9333,117.854
9334,117.854
9335,117.854
9336,117.854
9337,117.854
9338,117.854
9339,117.854
9340,117.854
9341,117.854
9342,117.854
9343,117.854
9344,117.854
9345,117.854
9346,117.854
9347,117.854
9348,117.854
9349,117.854
9350,117.854
9351,117.581
9352,117.581
9353,117.581
9354,117.581
9355,117.581
9356,117.581
9357,117.581
9358,117.581
9359,117.581
9360,117.581
9361,117.581
9362,117.581
9363,117.581
9364,117.581
9365,117.581
9366,117.581
9367,117.581
9368,117.581
9369,117.581
9370,117.581
9371,117.854
9372,117.854
9373,117.854
9374,117.854
9375,117.854
9376,117.854
9377,117.854
9378,117.854
9379,117.854
9380,117.854
9381,117.854
9382,117.854
9383,117.854
9384,117.854
9385,117.854
9386,117.854
9387,117.854
9388,117.854
9389,117.854
9390,117.854
9391,118.182
9392,118.182
9393,118.182
9394,118.182
9395,118.182
9396,118.182
9397,118.182
9398,118.182
9399,118.182
9400,118.182
9401,118.182
9402,118.182
9403,118.182
9404,118.182
9405,118.182
9406,118.182
9407,118.182
9408,118.182
9409,118.182
9410,118.182
9411,117.854
9412,117.854
9413,117.854
9414,117.854
9415,117.854
9416,117.854
9417,117.854
9418,117.854
9419,117.854
9420,117.854
9421,117.854
9422,117.854
9423,117.854
9424,117.854
9425,117.854
9426,117.854
9427,117.854
9428,117.854
9429,117.854
9430,117.854
9431,117.581
9432,117.581
9433,117.581
9434,117.581
9435,117.581
9436,117.581
9437,117.581
9438,117.581
9439,117.581
9440,117.581
9441,117.581
9442,117.581
9443,117.581
9444,117.581
9445,117.581
9446,117.581
9447,117.581
9448,117.581
9449,117.581
9450,117.581
9451,118.182
9452,118.182
9453,118.182
9454,118.182
9455,118.182
9456,118.182
9457,118.182
9458,118.182
9459,118.182
9460,118.182
9461,118.182
9462,118.182
9463,118.182
9464,118.182
9465,118.182
9466,118.182
9467,118.182
9468,118.182
9469,118.182
9470,118.182
9471,117.581
9472,117.581
9473,117.581
9474,117.581
9475,117.581
9476,117.581
9477,117.581
9478,117.581
9479,117.581
9480,117.581
9481,117.581
9482,117.581
9483,117.581
9484,117.581
9485,117.581
9486,117.581
9487,117.581
9488,117.581
9489,117.581
9490,117.581
9491,117.46
9492,117.46
9493,117.46
9494,117.46
9495,117.46
9496,117.46
9497,117.46
9498,117.46
9499,117.46
9500,117.46
9501,117.46
9502,117.46
9503,117.46
9504,117.46
9505,117.46
9506,117.46
9507,117.46
9508,117.46
9509,117.46
9510,117.46
9511,117.733
9512,117.733
9513,117.733
9514,117.733
9515,117.733
9516,117.733
9517,117.733
9518,117.733
9519,117.733
9520,117.733
9521,117.733
9522,117.733
9523,117.733
9524,117.733
9525,117.733
9526,117.733
9527,117.733
9528,117.733
9529,117.733
9530,117.733
9531,117.46
9532,117.46
9533,117.46
9534,117.46
9535,117.46
9536,117.46
9537,117.46
9538,117.46
9539,117.46
9540,117.46
9541,117.46
9542,117.46
9543,117.46
9544,117.46
9545,117.46
9546,117.46
9547,117.46
9548,117.46
9549,117.46
9550,117.46
9551,117.46
9552,118.334
9553,118.334
9554,118.334
9555,118.334
9556,118.334
9557,118.334
9558,118.334
9559,118.334
9560,118.334
9561,118.334
9562,118.334
9563,118.334
9564,118.334
9565,118.334
9566,118.334
9567,118.334
9568,118.334
9569,118.334
9570,118.334
9571,118.334
9572,118.942
9573,118.942
9574,118.942
9575,118.942
9576,118.942
9577,118.942
9578,118.942
9579,118.942
9580,118.942
9581,118.942
9582,118.942
9583,118.942
9584,118.942
9585,118.942
9586,118.942
9587,118.942
9588,118.942
9589,118.942
9590,118.942
9591,118.942
9592,119.816
9593,119.816
9594,119.816
9595,119.816
9596,119.816
9597,119.816
9598,119.816
9599,119.816
9600,119.816
9601,119.816
9602,119.816
9603,119.816
9604,119.816
9605,119.816
9606,119.816
9607,119.816
9608,119.816
9609,119.816
9610,119.816
9611,119.816
9612,120.097
9613,120.097
9614,120.097
9615,120.097
9616,120.097
9617,120.097
9618,120.097
9619,120.097
9620,120.097
9621,120.097
9622,120.097
9623,120.097
9624,120.097
9625,120.097
9626,120.097
9627,120.097
9628,120.097
9629,120.097
9630,120.097
9631,120.097
9632,119.543
9633,119.543
9634,119.543
9635,119.543
9636,119.543
9637,119.543
9638,119.543
9639,119.543
9640,119.543
9641,119.543
9642,119.543
9643,119.543
9644,119.543
9645,119.543
9646,119.543
9647,119.543
9648,119.543
9649,119.543
9650,119.543
9651,119.543
9652,119.064
9653,119.064
9654,119.064
9655,119.064
9656,119.064
9657,119.064
9658,119.064
9659,119.064
9660,119.064
9661,119.064
9662,119.064
9663,119.064
9664,119.064
9665,119.064
9666,119.064
9667,119.064
9668,119.064
9669,119.064
9670,119.064
9671,119.064
9672,119.064
9673,119.064
9674,119.064
9675,119.064
9676,119.064
9677,119.064
9678,119.064
9679,119.064
9680,119.064
9681,119.064
9682,119.064
9683,119.064
9684,119.064
9685,119.064
9686,119.064
9687,119.064
9688,119.064
9689,119.064
9690,119.064
9691,119.064
9692,118.728
9693,118.728
9694,118.728
9695,118.728
9696,118.728
9697,118.728
9698,118.728
9699,118.728
9700,118.728
9701,118.728
9702,118.728
9703,118.728
9704,118.728
9705,118.728
9706,118.728
9707,118.728
9708,118.728
9709,118.728
9710,118.728
9711,118.728
9712,118.455
9713,118.455
9714,118.455
9715,118.455
9716,118.455
9717,118.455
9718,118.455
9719,118.455
9720,118.455
9721,118.455
9722,118.455
9723,118.455
9724,118.455
9725,118.455
9726,118.455
9727,118.455
9728,118.455
9729,118.455
9730,118.455
9731,118.455
9732,118.455
9733,117.854
9734,117.854
9735,117.854
9736,117.854
9737,117.854
9738,117.854
9739,117.854
9740,117.854
9741,117.854
9742,117.854
9743,117.854
9744,117.854
9745,117.854
9746,117.854
9747,117.854
9748,117.854
9749,117.854
9750,117.854
9751,117.854
9752,117.854
9753,117.581
9754,117.581
9755,117.581
9756,117.581
9757,117.581
9758,117.581
9759,117.581
9760,117.581
9761,117.581
9762,117.581
9763,117.581
9764,117.581
9765,117.581
9766,117.581
9767,117.581
9768,117.581
9769,117.581
9770,117.581
9771,117.581
9772,117.581
9773,118.182
9774,118.182
9775,118.182
9776,118.182
9777,118.182
9778,118.182
9779,118.182
9780,118.182
9781,118.182
9782,118.182
9783,118.182
9784,118.182
9785,118.182
9786,118.182
9787,118.182
9788,118.182
9789,118.182
9790,118.182
9791,118.182
9792,118.182
9793,117.854
9794,117.854
9795,117.854
9796,117.854
9797,117.854
9798,117.854
9799,117.854
9800,117.854
9801,117.854
9802,117.854
9803,117.854
9804,117.854
9805,117.854
9806,117.854
9807,117.854
9808,117.854
9809,117.854
9810,117.854
9811,117.854
9812,117.854
9813,117.854
9814,117.854
9815,117.854
9816,117.854
9817,117.854
9818,117.854
9819,117.854
9820,117.854
9821,117.854
9822,117.854
9823,117.854
9824,117.854
9825,117.854
9826,117.854
9827,117.854
9828,117.854
9829,117.854
9830,117.854
9831,117.854
9832,117.854
9833,118.182
9834,118.182
9835,118.182
9836,118.182
9837,118.182
9838,118.182
9839,118.182
9840,118.182
9841,118.182
9842,118.182
9843,118.182
9844,118.182
9845,118.182
9846,118.182
9847,118.182
9848,118.182
9849,118.182
9850,118.182
9851,118.182
9852,118.182
9853,117.581
9854,117.581
9855,117.581
9856,117.581
9857,117.581
9858,117.581
9859,117.581
9860,117.581
9861,117.581
9862,117.581
9863,117.581
9864,117.581
9865,117.581
9866,117.581
9867,117.581
9868,117.581
9869,117.581
9870,117.581
9871,117.581
9872,117.581
9873,117.3
9874,117.3
9875,117.3
9876,117.3
9877,117.3
9878,117.3
9879,117.3
9880,117.3
9881,117.3
9882,117.3
9883,117.3
9884,117.3
9885,117.3
9886,117.3
9887,117.3
9888,117.3
9889,117.3
9890,117.3
9891,117.3
9892,117.3
9893,117.854
9894,117.854
9895,117.854
9896,117.854
9897,117.854
9898,117.854
9899,117.854
9900,117.854
9901,117.854
9902,117.854
9903,117.854
9904,117.854
9905,117.854
9906,117.854
9907,117.854
9908,117.854
9909,117.854
9910,117.854
9911,117.854
9912,117.854
9913,118.182
9914,118.182
9915,118.182
9916,118.182
9917,118.182
9918,118.182
9919,118.182
9920,118.182
9921,118.182
9922,118.182
9923,118.182
9924,118.182
9925,118.182
9926,118.182
9927,118.182
9928,118.182
9929,118.182
9930,118.182
9931,118.182
9932,118.182
9933,117.854
9934,117.854
9935,117.854
9936,117.854
9937,117.854
9938,117.854
9939,117.854
9940,117.854
9941,117.854
9942,117.854
9943,117.854
9944,117.854
9945,117.854
9946,117.854
9947,117.854
9948,117.854
9949,117.854
9950,117.854
9951,117.854
9952,117.854
9953,117.854
9954,117.854
9955,117.854
9956,117.854
9957,117.854
9958,117.854
9959,117.854
9960,117.854
9961,117.854
9962,117.854
9963,117.854
9964,117.854
9965,117.854
9966,117.854
9967,117.854
9968,117.854
9969,117.854
9970,117.854
9971,117.854
9972,117.854
9973,117.854
9974,118.182
9975,118.182
9976,118.182
9977,118.182
9978,118.182
9979,118.182
9980,118.182
9981,118.182
9982,118.182
9983,118.182
9984,118.182
9985,118.182
9986,118.182
9987,118.182
9988,118.182
9989,118.182
9990,118.182
9991,118.182
9992,118.182
9993,118.182
9994,118.728
9995,118.728
9996,118.728
9997,118.728
9998,118.728
9999,118.728
10000,118.728
10001,118.728
10002,118.728
10003,118.728
10004,118.728
10005,118.728
10006,118.728
10007,118.728
10008,118.728
10009,118.728
10010,118.728
10011,118.728
10012,118.728
10013,118.728
10014,119.939
10015,119.939
10016,119.939
10017,119.939
10018,119.939
10019,119.939
10020,119.939
10021,119.939
10022,119.939
10023,119.939
10024,119.939
10025,119.939
10026,119.939
10027,119.939
10028,119.939
10029,119.939
10030,119.939
10031,119.939
10032,119.939
10033,119.939
10034,119.665
10035,119.665
10036,119.665
10037,119.665
10038,119.665
10039,119.665
10040,119.665
10041,119.665
10042,119.665
10043,119.665
10044,119.665
10045,119.665
10046,119.665
10047,119.665
10048,119.665
10049,119.665
10050,119.665
10051,119.665
10052,119.665
10053,119.665
10054,119.337
10055,119.337
10056,119.337
10057,119.337
10058,119.337
10059,119.337
10060,119.337
10061,119.337
10062,119.337
10063,119.337
10064,119.337
10065,119.337
10066,119.337
10067,119.337
10068,119.337
10069,119.337
10070,119.337
10071,119.337
10072,119.337
10073,119.337
10074,119.064
10075,119.064
10076,119.064
10077,119.064
10078,119.064
10079,119.064
10080,119.064
10081,119.064
10082,119.064
10083,119.064
10084,119.064
10085,119.064
10086,119.064
10087,119.064
10088,119.064
10089,119.064
10090,119.064
10091,119.064
10092,119.064
10093,119.064
10094,119.064
10095,119.064
10096,119.064
10097,119.064
10098,119.064
10099,119.064
10100,119.064
10101,119.064
10102,119.064
10103,119.064
10104,119.064
10105,119.064
10106,119.064
10107,119.064
10108,119.064
10109,119.064
10110,119.064
10111,119.064
10112,119.064
10113,119.064
10114,118.455
10115,118.455
10116,118.455
10117,118.455
10118,118.455
10119,118.455
10120,118.455
10121,118.455
10122,118.455
10123,118.455
10124,118.455
10125,118.455
10126,118.455
10127,118.455
10128,118.455
10129,118.455
10130,118.455
10131,118.455
10132,118.455
10133,118.455
10134,118.455
10135,118.182
10136,118.182
10137,118.182
10138,118.182
10139,118.182
10140,118.182
10141,118.182
10142,118.182
10143,118.182
10144,118.182
10145,118.182
10146,118.182
10147,118.182
10148,118.182
10149,118.182
10150,118.182
10151,118.182
10152,118.182
10153,118.182
10154,118.182
10155,117.581
10156,117.581
10157,117.581
10158,117.581
10159,117.581
10160,117.581
10161,117.581
10162,117.581
10163,117.581
10164,117.581
10165,117.581
10166,117.581
10167,117.581
10168,117.581
10169,117.581
10170,117.581
10171,117.581
10172,117.581
10173,117.581
10174,117.581
10175,112.849
10176,112.849
10177,112.849
10178,112.849
10179,112.849
10180,112.849
10181,112.849
10182,112.849
10183,112.849
10184,112.849
10185,112.849
10186,112.849
10187,112.849
10188,112.849
10189,112.849
10190,112.849
10191,112.849
10192,112.849
10193,112.849
10194,112.849
10195,116.097
10196,116.097
10197,116.097
10198,116.097
10199,116.097
10200,116.097
10201,116.097
10202,116.097
10203,116.097
10204,116.097
10205,116.097
10206,116.097
10207,116.097
10208,116.097
10209,116.097
10210,116.097
10211,116.097
10212,116.097
10213,116.097
10214,116.097
10215,116.972
10216,116.972
10217,116.972
10218,116.972
10219,116.972
10220,116.972
10221,116.972
10222,116.972
10223,116.972
10224,116.972
10225,116.972
10226,116.972
10227,116.972
10228,116.972
10229,116.972
10230,116.972
10231,116.972
10232,116.972
10233,116.972
10234,116.972
10235,117.3
10236,117.3
10237,117.3
10238,117.3
10239,117.3
10240,117.3
10241,117.3
10242,117.3
10243,117.3
10244,117.3
10245,117.3
10246,117.3
10247,117.3
10248,117.3
10249,117.3
10250,117.3
10251,117.3
10252,117.3
10253,117.3
10254,117.3
10255,118.182
10256,118.182
10257,118.182
10258,118.182
10259,118.182
10260,118.182
10261,118.182
10262,118.182
10263,118.182
10264,118.182
10265,118.182
10266,118.182
10267,118.182
10268,118.182
10269,118.182
10270,118.182
10271,118.182
10272,118.182
10273,118.182
10274,118.182
10275,117.854
10276,117.854
10277,117.854
10278,117.854
10279,117.854
10280,117.854
10281,117.854
10282,117.854
10283,117.854
10284,117.854
10285,117.854
10286,117.854
10287,117.854
10288,117.854
10289,117.854
10290,117.854
10291,117.854
10292,117.854
10293,117.854
10294,117.854
10295,117.854
10296,117.854
10297,117.854
10298,117.854
10299,117.854
10300,117.854
10301,117.854
10302,117.854
10303,117.854
10304,117.854
10305,117.854
10306,117.854
10307,117.854
10308,117.854
10309,117.854
10310,117.854
10311,117.854
10312,117.854
10313,117.854
10314,117.854
10315,117.854
10316,117.854
10317,117.854
10318,117.854
10319,117.854
10320,117.854
10321,117.854
10322,117.854
10323,117.854
10324,117.854
10325,117.854
10326,117.854
10327,117.854
10328,117.854
10329,117.854
10330,117.854
10331,117.854
10332,117.854
10333,117.854
10334,117.854
10335,117.854
10336,118.182
10337,118.182
10338,118.182
10339,118.182
10340,118.182
10341,118.182
10342,118.182
10343,118.182
10344,118.182
10345,118.182
10346,118.182
10347,118.182
10348,118.182
10349,118.182
10350,118.182
10351,118.182
10352,118.182
10353,118.182
10354,118.182
10355,118.182
10356,119.064
10357,119.064
10358,119.064
10359,119.064
10360,119.064
10361,119.064
10362,119.064
10363,119.064
10364,119.064
10365,119.064
10366,119.064
10367,119.064
10368,119.064
10369,119.064
10370,119.064
10371,119.064
10372,119.064
10373,119.064
10374,119.064
10375,119.064
10376,119.816
10377,119.816
10378,119.816
10379,119.816
10380,119.816
10381,119.816
10382,119.816
10383,119.816
10384,119.816
10385,119.816
10386,119.816
10387,119.816
10388,119.816
10389,119.816
10390,119.816
10391,119.816
10392,119.816
10393,119.816
10394,119.816
10395,119.816
10396,119.816
10397,119.816
10398,119.816
10399,119.816
10400,119.816
10401,119.816
10402,119.816
10403,119.816
10404,119.816
10405,119.816
10406,119.816
10407,119.816
10408,119.816
10409,119.816
10410,119.816
10411,119.816
10412,119.816
10413,119.816
10414,119.816
10415,119.816
10416,119.215
10417,119.215
10418,119.215
10419,119.215
10420,119.215
10421,119.215
10422,119.215
10423,119.215
10424,119.215
10425,119.215
10426,119.215
10427,119.215
10428,119.215
10429,119.215
10430,119.215
10431,119.215
10432,119.215
10433,119.215
10434,119.215
10435,119.215
10436,118.942
10437,118.942
10438,118.942
10439,118.942
10440,118.942
10441,118.942
10442,118.942
10443,118.942
10444,118.942
10445,118.942
10446,118.942
10447,118.942
10448,118.942
10449,118.942
10450,118.942
10451,118.942
10452,118.942
10453,118.942
10454,118.942
10455,118.942
10456,118.607
10457,118.607
10458,118.607
10459,118.607
10460,118.607
10461,118.607
10462,118.607
10463,118.607
10464,118.607
10465,118.607
10466,118.607
10467,118.607
10468,118.607
10469,118.607
10470,118.607
10471,118.607
10472,118.607
10473,118.607
10474,118.607
10475,118.607
10476,118.334
10477,118.334
10478,118.334
10479,118.334
10480,118.334
10481,118.334
10482,118.334
10483,118.334
10484,118.334
10485,118.334
10486,118.334
10487,118.334
10488,118.334
10489,118.334
10490,118.334
10491,118.334
10492,118.334
10493,118.334
10494,118.334
10495,118.334
10496,118.334
10497,118.334
10498,118.334
10499,118.334
10500,118.334
10501,118.334
10502,118.334
10503,118.334
10504,118.334
10505,118.334
10506,118.334
10507,118.334
10508,118.334
10509,118.334
10510,118.334
10511,118.334
10512,118.334
10513,118.334
10514,118.334
10515,118.334
10516,118.334
10517,117.733
10518,117.733
10519,117.733
10520,117.733
10521,117.733
10522,117.733
10523,117.733
10524,117.733
10525,117.733
10526,117.733
10527,117.733
10528,117.733
10529,117.733
10530,117.733
10531,117.733
10532,117.733
10533,117.733
10534,117.733
10535,117.733
10536,117.733
10537,117.46
10538,117.46
10539,117.46
10540,117.46
10541,117.46
10542,117.46
10543,117.46
10544,117.46
10545,117.46
10546,117.46
10547,117.46
10548,117.46
10549,117.46
10550,117.46
10551,117.46
10552,117.46
10553,117.46
10554,117.46
10555,117.46
10556,117.46
10557,118.061
10558,118.061
10559,118.061
10560,118.061
10561,118.061
10562,118.061
10563,118.061
10564,118.061
10565,118.061
10566,118.061
10567,118.061
10568,118.061
10569,118.061
10570,118.061
10571,118.061
10572,118.061
10573,118.061
10574,118.061
10575,118.061
10576,118.061
10577,118.061
10578,118.061
10579,118.061
10580,118.061
10581,118.061
10582,118.061
10583,118.061
10584,118.061
10585,118.061
10586,118.061
10587,118.061
10588,118.061
10589,118.061
10590,118.061
10591,118.061
10592,118.061
10593,118.061
10594,118.061
10595,118.061
10596,118.061
10597,117.733
10598,117.733
10599,117.733
10600,117.733
10601,117.733
10602,117.733
10603,117.733
10604,117.733
10605,117.733
10606,117.733
10607,117.733
10608,117.733
10609,117.733
10610,117.733
10611,117.733
10612,117.733
10613,117.733
10614,117.733
10615,117.733
10616,117.733
10617,117.733
10618,117.733
10619,117.733
10620,117.733
10621,117.733
10622,117.733
10623,117.733
10624,117.733
10625,117.733
10626,117.733
10627,117.733
10628,117.733
10629,117.733
10630,117.733
10631,117.733
10632,117.733
10633,117.733
10634,117.733
10635,117.733
10636,117.733
10637,117.733
10638,117.733
10639,117.733
10640,117.733
10641,117.733
10642,117.733
10643,117.733
10644,117.733
10645,117.733
10646,117.733
10647,117.733
10648,117.733
10649,117.733
10650,117.733
10651,117.733
10652,117.733
10653,117.733
10654,117.733
10655,117.733
10656,117.733
10657,117.179
10658,117.179
10659,117.179
10660,117.179
10661,117.179
10662,117.179
10663,117.179
10664,117.179
10665,117.179
10666,117.179
10667,117.179
10668,117.179
10669,117.179
10670,117.179
10671,117.179
10672,117.179
10673,117.179
10674,117.179
10675,117.179
10676,117.179
10677,117.733
10678,117.733
10679,117.733
10680,117.733
10681,117.733
10682,117.733
10683,117.733
10684,117.733
10685,117.733
10686,117.733
10687,117.733
10688,117.733
10689,117.733
10690,117.733
10691,117.733
10692,117.733
10693,117.733
10694,117.733
10695,117.733
10696,117.733
10697,117.733
10698,118.942
10699,118.942
10700,118.942
10701,118.942
10702,118.942
10703,118.942
10704,118.942
10705,118.942
10706,118.942
10707,118.942
10708,118.942
10709,118.942
10710,118.942
10711,118.942
10712,118.942
10713,118.942
10714,118.942
10715,118.942
10716,118.942
10717,118.942
10718,118.334
10719,118.334
10720,118.334
10721,118.334
10722,118.334
10723,118.334
10724,118.334
10725,118.334
10726,118.334
10727,118.334
10728,118.334
10729,118.334
10730,118.334
10731,118.334
10732,118.334
10733,118.334
10734,118.334
10735,118.334
10736,118.334
10737,118.334
10738,118.607
10739,118.607
10740,118.607
10741,118.607
10742,118.607
10743,118.607
10744,118.607
10745,118.607
10746,118.607
10747,118.607
10748,118.607
10749,118.607
10750,118.607
10751,118.607
10752,118.607
10753,118.607
10754,118.607
10755,118.607
10756,118.607
10757,118.607
10758,118.334
10759,118.334
10760,118.334
10761,118.334
10762,118.334
10763,118.334
10764,118.334
10765,118.334
10766,118.334
10767,118.334
10768,118.334
10769,118.334
10770,118.334
10771,118.334
10772,118.334
10773,118.334
10774,118.334
10775,118.334
10776,118.334
10777,118.334
10778,118.942
10779,118.942
10780,118.942
10781,118.942
10782,118.942
10783,118.942
10784,118.942
10785,118.942
10786,118.942
10787,118.942
10788,118.942
10789,118.942
10790,118.942
10791,118.942
10792,118.942
10793,118.942
10794,118.942
10795,118.942
10796,118.942
10797,118.942
10798,119.215
10799,119.215
10800,119.215
10801,119.215
10802,119.215
10803,119.215
10804,119.215
10805,119.215
10806,119.215
10807,119.215
10808,119.215
10809,119.215
10810,119.215
10811,119.215
10812,119.215
10813,119.215
10814,119.215
10815,119.215
10816,119.215
10817,119.215
10818,119.215
10819,119.215
10820,119.215
10821,119.215
10822,119.215
10823,119.215
10824,119.215
10825,119.215
10826,119.215
10827,119.215
10828,119.215
10829,119.215
10830,119.215
10831,119.215
10832,119.215
10833,119.215
10834,119.215
10835,119.215
10836,119.215
10837,119.215
10838,119.215
10839,119.215
10840,119.215
10841,119.215
10842,119.215
10843,119.215
10844,119.215
10845,119.215
10846,119.215
10847,119.215
10848,119.215
10849,119.215
10850,119.215
10851,119.215
10852,119.215
10853,119.215
10854,119.215
10855,119.215
10856,119.215
10857,119.215
10858,119.215
10859,119.215
10860,119.215
10861,119.215
10862,119.215
10863,119.215
10864,119.215
10865,119.215
10866,119.215
10867,119.215
10868,119.215
10869,119.215
10870,119.215
10871,119.215
10872,119.215
10873,119.215
10874,119.215
10875,119.215
10876,119.215
10877,119.215
10878,118.607
10879,118.607
10880,118.607
10881,118.607
10882,118.607
10883,118.607
10884,118.607
10885,118.607
10886,118.607
10887,118.607
10888,118.607
10889,118.607
10890,118.607
10891,118.607
10892,118.607
10893,118.607
10894,118.607
10895,118.607
10896,118.607
10897,118.607
10898,118.334
10899,118.334
10900,118.334
10901,118.334
10902,118.334
10903,118.334
10904,118.334
10905,118.334
10906,118.334
10907,118.334
10908,118.334
10909,118.334
10910,118.334
10911,118.334
10912,118.334
10913,118.334
10914,118.334
10915,118.334
10916,118.334
10917,118.334
10918,118.334
10919,118.061
10920,118.061
10921,118.061
10922,118.061
10923,118.061
10924,118.061
10925,118.061
10926,118.061
10927,118.061
10928,118.061
10929,118.061
10930,118.061
10931,118.061
10932,118.061
10933,118.061
10934,118.061
10935,118.061
10936,118.061
10937,118.061
10938,118.061
10939,117.94
10940,117.94
10941,117.94
10942,117.94
10943,117.94
10944,117.94
10945,117.94
10946,117.94
10947,117.94
10948,117.94
10949,117.94
10950,117.94
10951,117.94
10952,117.94
10953,117.94
10954,117.94
10955,117.94
10956,117.94
10957,117.94
10958,117.94
10959,117.94
10960,117.94
10961,117.94
10962,117.94
10963,117.94
10964,117.94
10965,117.94
10966,117.94
10967,117.94
10968,117.94
10969,117.94
10970,117.94
10971,117.94
10972,117.94
10973,117.94
10974,117.94
10975,117.94
10976,117.94
10977,117.94
10978,117.94
10979,117.94
10980,117.94
10981,117.94
10982,117.94
10983,117.94
10984,117.94
10985,117.94
10986,117.94
10987,117.94
10988,117.94
10989,117.94
10990,117.94
10991,117.94
10992,117.94
10993,117.94
10994,117.94
10995,117.94
10996,117.94
10997,117.94
10998,117.94
10999,118.364
11000,118.364
11001,118.364
11002,118.364
11003,118.364
11004,118.364
11005,118.364
11006,118.364
11007,118.364
11008,118.364
11009,118.364
11010,118.364
11011,118.364
11012,118.364
11013,118.364
11014,118.364
11015,118.364
11016,118.364
11017,118.364
11018,118.364
11019,118.091
11020,118.091
11021,118.091
11022,118.091
11023,118.091
11024,118.091
11025,118.091
11026,118.091
11027,118.091
11028,118.091
11029,118.091
11030,118.091
11031,118.091
11032,118.091
11033,118.091
11034,118.091
11035,118.091
11036,118.091
11037,118.091
11038,118.091
11039,117.492
11040,117.492
11041,117.492
11042,117.492
11043,117.492
11044,117.492
11045,117.492
11046,117.492
11047,117.492
11048,117.492
11049,117.492
11050,117.492
11051,117.492
11052,117.492
11053,117.492
11054,117.492
11055,117.492
11056,117.492
11057,117.492
11058,117.492
11059,117.219
11060,117.219
11061,117.219
11062,117.219
11063,117.219
11064,117.219
11065,117.219
11066,117.219
11067,117.219
11068,117.219
11069,117.219
11070,117.219
11071,117.219
11072,117.219
11073,117.219
11074,117.219
11075,117.219
11076,117.219
11077,117.219
11078,117.219
11079,117.34
11080,117.34
11081,117.34
11082,117.34
11083,117.34
11084,117.34
11085,117.34
11086,117.34
11087,117.34
11088,117.34
11089,117.34
11090,117.34
11091,117.34
11092,117.34
11093,117.34
11094,117.34
11095,117.34
11096,117.34
11097,117.34
11098,117.34
11099,117.219
11100,117.219
11101,117.219
11102,117.219
11103,117.219
11104,117.219
11105,117.219
11106,117.219
11107,117.219
11108,117.219
11109,117.219
11110,117.219
11111,117.219
11112,117.219
11113,117.219
11114,117.219
11115,117.219
11116,117.219
11117,117.219
11118,117.219
11119,118.971
11120,118.971
11121,118.971
11122,118.971
11123,118.971
11124,118.971
11125,118.971
11126,118.971
11127,118.971
11128,118.971
11129,118.971
11130,118.971
11131,118.971
11132,118.971
11133,118.971
11134,118.971
11135,118.971
11136,118.971
11137,118.971
11138,118.971
11139,118.971
11140,118.971
11141,118.971
11142,118.971
11143,118.971
11144,118.971
11145,118.971
11146,118.971
11147,118.971
11148,118.971
11149,118.971
11150,118.971
11151,118.971
11152,118.971
11153,118.971
11154,118.971
11155,118.971
11156,118.971
11157,118.971
11158,118.971
11159,118.971
11160,118.698
11161,118.698
11162,118.698
11163,118.698
11164,118.698
11165,118.698
11166,118.698
11167,118.698
11168,118.698
11169,118.698
11170,118.698
11171,118.698
11172,118.698
11173,118.698
11174,118.698
11175,118.698
11176,118.698
11177,118.698
11178,118.698
11179,118.698
11180,119.42
11181,119.42
11182,119.42
11183,119.42
11184,119.42
11185,119.42
11186,119.42
11187,119.42
11188,119.42
11189,119.42
11190,119.42
11191,119.42
11192,119.42
11193,119.42
11194,119.42
11195,119.42
11196,119.42
11197,119.42
11198,119.42
11199,119.42
11200,119.093
11201,119.093
11202,119.093
11203,119.093
11204,119.093
11205,119.093
11206,119.093
11207,119.093
11208,119.093
11209,119.093
11210,119.093
11211,119.093
11212,119.093
11213,119.093
11214,119.093
11215,119.093
11216,119.093
11217,119.093
11218,119.093
11219,119.093
11220,118.82
11221,118.82
11222,118.82
11223,118.82
11224,118.82
11225,118.82
11226,118.82
11227,118.82
11228,118.82
11229,118.82
11230,118.82
11231,118.82
11232,118.82
11233,118.82
11234,118.82
11235,118.82
11236,118.82
11237,118.82
11238,118.82
11239,118.82
11240,112.775
11241,112.775
11242,112.775
11243,112.775
11244,112.775
11245,112.775
11246,112.775
11247,112.775
11248,112.775
11249,112.775
11250,112.775
11251,112.775
11252,112.775
11253,112.775
11254,112.775
11255,112.775
11256,112.775
11257,112.775
11258,112.775
11259,112.775
11260,117.492
11261,117.492
11262,117.492
11263,117.492
11264,117.492
11265,117.492
11266,117.492
11267,117.492
11268,117.492
11269,117.492
11270,117.492
11271,117.492
11272,117.492
11273,117.492
11274,117.492
11275,117.492
11276,117.492
11277,117.492
11278,117.492
11279,117.492
11280,117.219
11281,117.219
11282,117.219
11283,117.219
11284,117.219
11285,117.219
11286,117.219
11287,117.219
11288,117.219
11289,117.219
11290,117.219
11291,117.219
11292,117.219
11293,117.219
11294,117.219
11295,117.219
11296,117.219
11297,117.219
11298,117.219
11299,117.219
11300,117.492
11301,117.492
11302,117.492
11303,117.492
11304,117.492
11305,117.492
11306,117.492
11307,117.492
11308,117.492
11309,117.492
11310,117.492
11311,117.492
11312,117.492
11313,117.492
11314,117.492
11315,117.492
11316,117.492
11317,117.492
11318,117.492
11319,117.492
11320,117.492
11321,117.819
11322,117.819
11323,117.819
11324,117.819
11325,117.819
11326,117.819
11327,117.819
11328,117.819
11329,117.819
11330,117.819
11331,117.819
11332,117.819
11333,117.819
11334,117.819
11335,117.819
11336,117.819
11337,117.819
11338,117.819
11339,117.819
11340,118.091
11341,118.091
11342,118.091
11343,118.091
11344,118.091
11345,118.091
11346,118.091
11347,118.091
11348,118.091
11349,118.091
11350,118.091
11351,118.091
11352,118.091
11353,118.091
11354,118.091
11355,118.091
11356,118.091
11357,118.091
11358,118.091
11359,118.091
11360,118.091
11361,117.492
11362,117.492
11363,117.492
11364,117.492
11365,117.492
11366,117.492
11367,117.492
11368,117.492
11369,117.492
11370,117.492
11371,117.492
11372,117.492
11373,117.492
11374,117.492
11375,117.492
11376,117.492
11377,117.492
11378,117.492
11379,117.492
11380,117.492
11381,117.819
11382,117.819
11383,117.819
11384,117.819
11385,117.819
11386,117.819
11387,117.819
11388,117.819
11389,117.819
11390,117.819
11391,117.819
11392,117.819
11393,117.819
11394,117.819
11395,117.819
11396,117.819
11397,117.819
11398,117.819
11399,117.819
11400,117.819
11401,117.819
11402,117.819
11403,117.819
11404,117.819
11405,117.819
11406,117.819
11407,117.819
11408,117.819
11409,117.819
11410,117.819
11411,117.819
11412,117.819
11413,117.819
11414,117.819
11415,117.819
11416,117.819
11417,117.819
11418,117.819
11419,117.819
11420,117.819
11421,116.939
11422,116.939
11423,116.939
11424,116.939
11425,116.939
11426,116.939
11427,116.939
11428,116.939
11429,116.939
11430,116.939
11431,116.939
11432,116.939
11433,116.939
11434,116.939
11435,116.939
11436,116.939
11437,116.939
11438,116.939
11439,116.939
11440,116.939
11441,117.819
11442,117.819
11443,117.819
11444,117.819
11445,117.819
11446,117.819
11447,117.819
11448,117.819
11449,117.819
11450,117.819
11451,117.819
11452,117.819
11453,117.819
11454,117.819
11455,117.819
11456,117.819
11457,117.819
11458,117.819
11459,117.819
11460,117.819
11461,118.698
11462,118.698
11463,118.698
11464,118.698
11465,118.698
11466,118.698
11467,118.698
11468,118.698
11469,118.698
11470,118.698
11471,118.698
11472,118.698
11473,118.698
11474,118.698
11475,118.698
11476,118.698
11477,118.698
11478,118.698
11479,118.698
11480,118.698
11481,118.091
11482,118.091
11483,118.091
11484,118.091
11485,118.091
11486,118.091
11487,118.091
11488,118.091
11489,118.091
11490,118.091
11491,118.091
11492,118.091
11493,118.091
11494,118.091
11495,118.091
11496,118.091
11497,118.091
11498,118.091
11499,118.091
11500,118.091
11501,118.364
11502,118.364
11503,118.364
11504,118.364
11505,118.364
11506,118.364
11507,118.364
11508,118.364
11509,118.364
11510,118.364
11511,118.364
11512,118.364
11513,118.364
11514,118.364
11515,118.364
11516,118.364
11517,118.364
11518,118.364
11519,118.364
11520,118.364
11521,118.091
11522,118.091
11523,118.091
11524,118.091
11525,118.091
11526,118.091
11527,118.091
11528,118.091
11529,118.091
11530,118.091
11531,118.091
11532,118.091
11533,118.091
11534,118.091
11535,118.091
11536,118.091
11537,118.091
11538,118.091
11539,118.091
11540,118.091
11541,118.698
11542,118.698
11543,118.698
11544,118.698
11545,118.698
11546,118.698
11547,118.698
11548,118.698
11549,118.698
11550,118.698
11551,118.698
11552,118.698
11553,118.698
11554,118.698
11555,118.698
11556,118.698
11557,118.698
11558,118.698
11559,118.698
11560,118.698
11561,119.093
11562,119.093
11563,119.093
11564,119.093
11565,119.093
11566,119.093
11567,119.093
11568,119.093
11569,119.093
11570,119.093
11571,119.093
11572,119.093
11573,119.093
11574,119.093
11575,119.093
11576,119.093
11577,119.093
11578,119.093
11579,119.093
11580,119.093
11581,119.543
11582,119.543
11583,119.543
11584,119.543
11585,119.543
11586,119.543
11587,119.543
11588,119.543
11589,119.543
11590,119.543
11591,119.543
11592,119.543
11593,119.543
11594,119.543
11595,119.543
11596,119.543
11597,119.543
11598,119.543
11599,119.543
11600,119.543
11601,119.543
11602,119.543
11603,119.543
11604,119.543
11605,119.543
11606,119.543
11607,119.543
11608,119.543
11609,119.543
11610,119.543
11611,119.543
11612,119.543
11613,119.543
11614,119.543
11615,119.543
11616,119.543
11617,119.543
11618,119.543
11619,119.543
11620,119.543
11621,119.543
11622,118.942
11623,118.942
11624,118.942
11625,118.942
11626,118.942
11627,118.942
11628,118.942
11629,118.942
11630,118.942
11631,118.942
11632,118.942
11633,118.942
11634,118.942
11635,118.942
11636,118.942
11637,118.942
11638,118.942
11639,118.942
11640,118.942
11641,118.942
11642,118.607
11643,118.607
11644,118.607
11645,118.607
11646,118.607
11647,118.607
11648,118.607
11649,118.607
11650,118.607
11651,118.607
11652,118.607
11653,118.607
11654,118.607
11655,118.607
11656,118.607
11657,118.607
11658,118.607
11659,118.607
11660,118.607
11661,118.607
11662,118.334
11663,118.334
11664,118.334
11665,118.334
11666,118.334
11667,118.334
11668,118.334
11669,118.334
11670,118.334
11671,118.334
11672,118.334
11673,118.334
11674,118.334
11675,118.334
11676,118.334
11677,118.334
11678,118.334
11679,118.334
11680,118.334
11681,118.334
11682,118.334
11683,118.334
11684,118.334
11685,118.334
11686,118.334
11687,118.334
11688,118.334
11689,118.334
11690,118.334
11691,118.334
11692,118.334
11693,118.334
11694,118.334
11695,118.334
11696,118.334
11697,118.334
11698,118.334
11699,118.334
11700,118.334
11701,118.334
11702,117.733
11703,117.733
11704,117.733
11705,117.733
11706,117.733
11707,117.733
11708,117.733
11709,117.733
11710,117.733
11711,117.733
11712,117.733
11713,117.733
11714,117.733
11715,117.733
11716,117.733
11717,117.733
11718,117.733
11719,117.733
11720,117.733
11721,117.733
11722,117.46
11723,117.46
11724,117.46
11725,117.46
11726,117.46
11727,117.46
11728,117.46
11729,117.46
11730,117.46
11731,117.46
11732,117.46
11733,117.46
11734,117.46
11735,117.46
11736,117.46
11737,117.46
11738,117.46
11739,117.46
11740,117.46
11741,117.46
11742,118.061
11743,118.061
11744,118.061
11745,118.061
11746,118.061
11747,118.061
11748,118.061
11749,118.061
11750,118.061
11751,118.061
11752,118.061
11753,118.061
11754,118.061
11755,118.061
11756,118.061
11757,118.061
11758,118.061
11759,118.061
11760,118.061
11761,118.061
11762,118.607
11763,118.607
11764,118.607
11765,118.607
11766,118.607
11767,118.607
11768,118.607
11769,118.607
11770,118.607
11771,118.607
11772,118.607
11773,118.607
11774,118.607
11775,118.607
11776,118.607
11777,118.607
11778,118.607
11779,118.607
11780,118.607
11781,118.607
11782,117.46
11783,117.46
11784,117.46
11785,117.46
11786,117.46
11787,117.46
11788,117.46
11789,117.46
11790,117.46
11791,117.46
11792,117.46
11793,117.46
11794,117.46
11795,117.46
11796,117.46
11797,117.46
11798,117.46
11799,117.46
11800,117.46
11801,117.46
11802,117.581
11803,117.581
11804,117.581
11805,117.581
11806,117.581
11807,117.581
11808,117.581
11809,117.581
11810,117.581
11811,117.581
11812,117.581
11813,117.581
11814,117.581
11815,117.581
11816,117.581
11817,117.581
11818,117.581
11819,117.581
11820,117.581
11821,117.581
11822,117.581
11823,117.581
11824,117.581
11825,117.581
11826,117.581
11827,117.581
11828,117.581
11829,117.581
11830,117.581
11831,117.581
11832,117.581
11833,117.581
11834,117.581
11835,117.581
11836,117.581
11837,117.581
11838,117.581
11839,117.581
11840,117.581
11841,117.581
11842,117.581
11843,117.3
11844,117.3
11845,117.3
11846,117.3
11847,117.3
11848,117.3
11849,117.3
11850,117.3
11851,117.3
11852,117.3
11853,117.3
11854,117.3
11855,117.3
11856,117.3
11857,117.3
11858,117.3
11859,117.3
11860,117.3
11861,117.3
11862,117.3
11863,117.46
11864,117.46
11865,117.46
11866,117.46
11867,117.46
11868,117.46
11869,117.46
11870,117.46
11871,117.46
11872,117.46
11873,117.46
11874,117.46
11875,117.46
11876,117.46
11877,117.46
11878,117.46
11879,117.46
11880,117.46
11881,117.46
11882,117.46
11883,119.337
11884,119.337
11885,119.337
11886,119.337
11887,119.337
11888,119.337
11889,119.337
11890,119.337
11891,119.337
11892,119.337
11893,119.337
11894,119.337
11895,119.337
11896,119.337
11897,119.337
11898,119.337
11899,119.337
11900,119.337
11901,119.337
11902,119.337
11903,118.728
11904,118.728
11905,118.728
11906,118.728
11907,118.728
11908,118.728
11909,118.728
11910,118.728
11911,118.728
11912,118.728
11913,118.728
11914,118.728
11915,118.728
11916,118.728
11917,118.728
11918,118.728
11919,118.728
11920,118.728
11921,118.728
11922,118.728
11923,119.337
11924,119.337
11925,119.337
11926,119.337
11927,119.337
11928,119.337
11929,119.337
11930,119.337
11931,119.337
11932,119.337
11933,119.337
11934,119.337
11935,119.337
11936,119.337
11937,119.337
11938,119.337
11939,119.337
11940,119.337
11941,119.337
11942,119.337
11943,119.337
11944,119.337
11945,119.337
11946,119.337
11947,119.337
11948,119.337
11949,119.337
11950,119.337
11951,119.337
11952,119.337
11953,119.337
11954,119.337
11955,119.337
11956,119.337
11957,119.337
11958,119.337
11959,119.337
11960,119.337
11961,119.337
11962,119.337
11963,119.064
11964,119.064
11965,119.064
11966,119.064
11967,119.064
11968,119.064
11969,119.064
11970,119.064
11971,119.064
11972,119.064
11973,119.064
11974,119.064
11975,119.064
11976,119.064
11977,119.064
11978,119.064
11979,119.064
11980,119.064
11981,119.064
11982,119.064
11983,119.064
11984,119.064
11985,119.064
11986,119.064
11987,119.064
11988,119.064
11989,119.064
11990,119.064
11991,119.064
11992,119.064
11993,119.064
11994,119.064
11995,119.064
11996,119.064
11997,119.064
11998,119.064
11999,119.064
12000,119.064
12001,119.064
12002,119.064
12003,119.064
12004,119.064
12005,119.064
12006,119.064
12007,119.064
12008,119.064
12009,119.064
12010,119.064
12011,119.064
12012,119.064
12013,119.064
12014,119.064
12015,119.064
12016,119.064
12017,119.064
12018,119.064
12019,119.064
12020,119.064
12021,119.064
12022,119.064
12023,119.064
12024,119.064
12025,119.064
12026,119.064
12027,119.064
12028,119.064
12029,119.064
12030,119.064
12031,119.064
12032,119.064
12033,119.064
12034,119.064
12035,119.064
12036,119.064
12037,119.064
12038,119.064
12039,119.064
12040,119.064
12041,119.064
12042,119.064
12043,119.064
12044,118.455
12045,118.455
12046,118.455
12047,118.455
12048,118.455
12049,118.455
12050,118.455
12051,118.455
12052,118.455
12053,118.455
12054,118.455
12055,118.455
12056,118.455
12057,118.455
12058,118.455
12059,118.455
12060,118.455
12061,118.455
12062,118.455
12063,118.455
12064,118.728
12065,118.728
12066,118.728
12067,118.728
12068,118.728
12069,118.728
12070,118.728
12071,118.728
12072,118.728
12073,118.728
12074,118.728
12075,118.728
12076,118.728
12077,118.728
12078,118.728
12079,118.728
12080,118.728
12081,118.728
12082,118.728
12083,118.728
12084,118.182
12085,118.182
12086,118.182
12087,118.182
12088,118.182
12089,118.182
12090,118.182
12091,118.182
12092,118.182
12093,118.182
12094,118.182
12095,118.182
12096,118.182
12097,118.182
12098,118.182
12099,118.182
12100,118.182
12101,118.182
12102,118.182
12103,118.182
12104,117.581
12105,117.581
12106,117.581
12107,117.581
12108,117.581
12109,117.581
12110,117.581
12111,117.581
12112,117.581
12113,117.581
12114,117.581
12115,117.581
12116,117.581
12117,117.581
12118,117.581
12119,117.581
12120,117.581
12121,117.581
12122,117.581
12123,117.581
12124,118.182
12125,118.182
12126,118.182
12127,118.182
12128,118.182
12129,118.182
12130,118.182
12131,118.182
12132,118.182
12133,118.182
12134,118.182
12135,118.182
12136,118.182
12137,118.182
12138,118.182
12139,118.182
12140,118.182
12141,118.182
12142,118.182
12143,118.182
12144,118.182
12145,118.182
12146,118.182
12147,118.182
12148,118.182
12149,118.182
12150,118.182
12151,118.182
12152,118.182
12153,118.182
12154,118.182
12155,118.182
12156,118.182
12157,118.182
12158,118.182
12159,118.182
12160,118.182
12161,118.182
12162,118.182
12163,118.182
12164,117.854
12165,117.854
12166,117.854
12167,117.854
12168,117.854
12169,117.854
12170,117.854
12171,117.854
12172,117.854
12173,117.854
12174,117.854
12175,117.854
12176,117.854
12177,117.854
12178,117.854
12179,117.854
12180,117.854
12181,117.854
12182,117.854
12183,117.854
12184,118.182
12185,118.182
12186,118.182
12187,118.182
12188,118.182
12189,118.182
12190,118.182
12191,118.182
12192,118.182
12193,118.182
12194,118.182
12195,118.182
12196,118.182
12197,118.182
12198,118.182
12199,118.182
12200,118.182
12201,118.182
12202,118.182
12203,118.182
12204,118.182
12205,118.182
12206,118.182
12207,118.182
12208,118.182
12209,118.182
12210,118.182
12211,118.182
12212,118.182
12213,118.182
12214,118.182
12215,118.182
12216,118.182
12217,118.182
12218,118.182
12219,118.182
12220,118.182
12221,118.182
12222,118.182
12223,118.182
12224,117.46
12225,117.46
12226,117.46
12227,117.46
12228,117.46
12229,117.46
12230,117.46
12231,117.46
12232,117.46
12233,117.46
12234,117.46
12235,117.46
12236,117.46
12237,117.46
12238,117.46
12239,117.46
12240,117.46
12241,117.46
12242,117.46
12243,117.46
12244,117.733
12245,117.733
12246,117.733
12247,117.733
12248,117.733
12249,117.733
12250,117.733
12251,117.733
12252,117.733
12253,117.733
12254,117.733
12255,117.733
12256,117.733
12257,117.733
12258,117.733
12259,117.733
12260,117.733
12261,117.733
12262,117.733
12263,117.733
12264,117.733
12265,117.46
12266,117.46
12267,117.46
12268,117.46
12269,117.46
12270,117.46
12271,117.46
12272,117.46
12273,117.46
12274,117.46
12275,117.46
12276,117.46
12277,117.46
12278,117.46
12279,117.46
12280,117.46
12281,117.46
12282,117.46
12283,117.46
12284,117.46
12285,117.733
12286,117.733
12287,117.733
12288,117.733
12289,117.733
12290,117.733
12291,117.733
12292,117.733
12293,117.733
12294,117.733
12295,117.733
12296,117.733
12297,117.733
12298,117.733
12299,117.733
12300,117.733
12301,117.733
12302,117.733
12303,117.733
12304,117.733
12305,115.37
12306,115.37
12307,115.37
12308,115.37
12309,115.37
12310,115.37
12311,115.37
12312,115.37
12313,115.37
12314,115.37
12315,115.37
12316,115.37
12317,115.37
12318,115.37
12319,115.37
12320,115.37
12321,115.37
12322,115.37
12323,115.37
12324,115.37
12325,118.061
12326,118.061
12327,118.061
12328,118.061
12329,118.061
12330,118.061
12331,118.061
12332,118.061
12333,118.061
12334,118.061
12335,118.061
12336,118.061
12337,118.061
12338,118.061
12339,118.061
12340,118.061
12341,118.061
12342,118.061
12343,118.061
12344,118.061
12345,119.064
12346,119.064
12347,119.064
12348,119.064
12349,119.064
12350,119.064
12351,119.064
12352,119.064
12353,119.064
12354,119.064
12355,119.064
12356,119.064
12357,119.064
12358,119.064
12359,119.064
12360,119.064
12361,119.064
12362,119.064
12363,119.064
12364,119.064
12365,119.064
12366,119.064
12367,119.064
12368,119.064
12369,119.064
12370,119.064
12371,119.064
12372,119.064
12373,119.064
12374,119.064
12375,119.064
12376,119.064
12377,119.064
12378,119.064
12379,119.064
12380,119.064
12381,119.064
12382,119.064
12383,119.064
12384,119.064
12385,118.728
12386,118.728
12387,118.728
12388,118.728
12389,118.728
12390,118.728
12391,118.728
12392,118.728
12393,118.728
12394,118.728
12395,118.728
12396,118.728
12397,118.728
12398,118.728
12399,118.728
12400,118.728
12401,118.728
12402,118.728
12403,118.728
12404,118.728
12405,118.728
12406,118.728
12407,118.728
12408,118.728
12409,118.728
12410,118.728
12411,118.728
12412,118.728
12413,118.728
12414,118.728
12415,118.728
12416,118.728
12417,118.728
12418,118.728
12419,118.728
12420,118.728
12421,118.728
12422,118.728
12423,118.728
12424,118.728
12425,118.455
12426,118.455
12427,118.455
12428,118.455
12429,118.455
12430,118.455
12431,118.455
12432,118.455
12433,118.455
12434,118.455
12435,118.455
12436,118.455
12437,118.455
12438,118.455
12439,118.455
12440,118.455
12441,118.455
12442,118.455
12443,118.455
12444,118.455
12445,118.455
12446,118.182
12447,118.182
12448,118.182
12449,118.182
12450,118.182
12451,118.182
12452,118.182
12453,118.182
12454,118.182
12455,118.182
12456,118.182
12457,118.182
12458,118.182
12459,118.182
12460,118.182
12461,118.182
12462,118.182
12463,118.182
12464,118.182
12465,118.182
12466,117.854
12467,117.854
12468,117.854
12469,117.854
12470,117.854
12471,117.854
12472,117.854
12473,117.854
12474,117.854
12475,117.854
12476,117.854
12477,117.854
12478,117.854
12479,117.854
12480,117.854
12481,117.854
12482,117.854
12483,117.854
12484,117.854
12485,117.854
12486,118.182
12487,118.182
12488,118.182
12489,118.182
12490,118.182
12491,118.182
12492,118.182
12493,118.182
12494,118.182
12495,118.182
12496,118.182
12497,118.182
12498,118.182
12499,118.182
12500,118.182
12501,118.182
12502,118.182
12503,118.182
12504,118.182
12505,118.182
12506,117.854
12507,117.854
12508,117.854
12509,117.854
12510,117.854
12511,117.854
12512,117.854
12513,117.854
12514,117.854
12515,117.854
12516,117.854
12517,117.854
12518,117.854
12519,117.854
12520,117.854
12521,117.854
12522,117.854
12523,117.854
12524,117.854
12525,117.854
12526,118.182
12527,118.182
12528,118.182
12529,118.182
12530,118.182
12531,118.182
12532,118.182
12533,118.182
12534,118.182
12535,118.182
12536,118.182
12537,118.182
12538,118.182
12539,118.182
12540,118.182
12541,118.182
12542,118.182
12543,118.182
12544,118.182
12545,118.182
12546,118.455
12547,118.455
12548,118.455
12549,118.455
12550,118.455
12551,118.455
12552,118.455
12553,118.455
12554,118.455
12555,118.455
12556,118.455
12557,118.455
12558,118.455
12559,118.455
12560,118.455
12561,118.455
12562,118.455
12563,118.455
12564,118.455
12565,118.455
12566,117.581
12567,117.581
12568,117.581
12569,117.581
12570,117.581
12571,117.581
12572,117.581
12573,117.581
12574,117.581
12575,117.581
12576,117.581
12577,117.581
12578,117.581
12579,117.581
12580,117.581
12581,117.581
12582,117.581
12583,117.581
12584,117.581
12585,117.581
12586,117.581
12587,117.581
12588,117.581
12589,117.581
12590,117.581
12591,117.581
12592,117.581
12593,117.581
12594,117.581
12595,117.581
12596,117.581
12597,117.581
12598,117.581
12599,117.581
12600,117.581
12601,117.581
12602,117.581
12603,117.581
12604,117.581
12605,117.581
12606,117.581
12607,117.581
12608,117.581
12609,117.581
12610,117.581
12611,117.581
12612,117.581
12613,117.581
12614,117.581
12615,117.581
12616,117.581
12617,117.581
12618,117.581
12619,117.581
12620,117.581
12621,117.581
12622,117.581
12623,117.581
12624,117.581
12625,117.581
12626,117.581
12627,117.581
12628,117.581
12629,117.581
12630,117.581
12631,117.581
12632,117.581
12633,117.581
12634,117.581
12635,117.581
12636,117.581
12637,117.581
12638,117.581
12639,117.581
12640,117.581
12641,117.581
12642,117.581
12643,117.581
12644,117.581
12645,117.581
12646,118.334
12647,118.334
12648,118.334
12649,118.334
12650,118.334
12651,118.334
12652,118.334
12653,118.334
12654,118.334
12655,118.334
12656,118.334
12657,118.334
12658,118.334
12659,118.334
12660,118.334
12661,118.334
12662,118.334
12663,118.334
12664,118.334
12665,118.334
12666,118.334
12667,119.215
12668,119.215
12669,119.215
12670,119.215
12671,119.215
12672,119.215
12673,119.215
12674,119.215
12675,119.215
12676,119.215
12677,119.215
12678,119.215
12679,119.215
12680,119.215
12681,119.215
12682,119.215
12683,119.215
12684,119.215
12685,119.215
12686,119.215
12687,119.337
12688,119.337
12689,119.337
12690,119.337
12691,119.337
12692,119.337
12693,119.337
12694,119.337
12695,119.337
12696,119.337
12697,119.337
12698,119.337
12699,119.337
12700,119.337
12701,119.337
12702,119.337
12703,119.337
12704,119.337
12705,119.337
12706,119.337
12707,119.337
12708,119.337
12709,119.337
12710,119.337
12711,119.337
12712,119.337
12713,119.337
12714,119.337
12715,119.337
12716,119.337
12717,119.337
12718,119.337
12719,119.337
12720,119.337
12721,119.337
12722,119.337
12723,119.337
12724,119.337
12725,119.337
12726,119.337
12727,119.064
12728,119.064
12729,119.064
12730,119.064
12731,119.064
12732,119.064
12733,119.064
12734,119.064
12735,119.064
12736,119.064
12737,119.064
12738,119.064
12739,119.064
12740,119.064
12741,119.064
12742,119.064
12743,119.064
12744,119.064
12745,119.064
12746,119.064
12747,119.064
12748,119.064
12749,119.064
12750,119.064
12751,119.064
12752,119.064
12753,119.064
12754,119.064
12755,119.064
12756,119.064
12757,119.064
12758,119.064
12759,119.064
12760,119.064
12761,119.064
12762,119.064
12763,119.064
12764,119.064
12765,119.064
12766,119.064
12767,119.337
12768,119.337
12769,119.337
12770,119.337
12771,119.337
12772,119.337
12773,119.337
12774,119.337
12775,119.337
12776,119.337
12777,119.337
12778,119.337
12779,119.337
12780,119.337
12781,119.337
12782,119.337
12783,119.337
12784,119.337
12785,119.337
12786,119.337
12787,119.064
12788,119.064
12789,119.064
12790,119.064
12791,119.064
12792,119.064
12793,119.064
12794,119.064
12795,119.064
12796,119.064
12797,119.064
12798,119.064
12799,119.064
12800,119.064
12801,119.064
12802,119.064
12803,119.064
12804,119.064
12805,119.064
12806,119.064
12807,118.728
12808,118.728
12809,118.728
12810,118.728
12811,118.728
12812,118.728
12813,118.728
12814,118.728
12815,118.728
12816,118.728
12817,118.728
12818,118.728
12819,118.728
12820,118.728
12821,118.728
12822,118.728
12823,118.728
12824,118.728
12825,118.728
12826,118.728
12827,118.728
12828,118.728
12829,118.728
12830,118.728
12831,118.728
12832,118.728
12833,118.728
12834,118.728
12835,118.728
12836,118.728
12837,118.728
12838,118.728
12839,118.728
12840,118.728
12841,118.728
12842,118.728
12843,118.728
12844,118.728
12845,118.728
12846,118.728
12847,118.728
12848,118.728
12849,118.728
12850,118.728
12851,118.728
12852,118.728
12853,118.728
12854,118.728
12855,118.728
12856,118.728
12857,118.728
12858,118.728
12859,118.728
12860,118.728
12861,118.728
12862,118.728
12863,118.728
12864,118.728
12865,118.728
12866,118.728
12867,118.728
12868,117.854
12869,117.854
12870,117.854
12871,117.854
12872,117.854
12873,117.854
12874,117.854
12875,117.854
12876,117.854
12877,117.854
12878,117.854
12879,117.854
12880,117.854
12881,117.854
12882,117.854
12883,117.854
12884,117.854
12885,117.854
12886,117.854
12887,117.854
12888,117.854
12889,117.854
12890,117.854
12891,117.854
12892,117.854
12893,117.854
12894,117.854
12895,117.854
12896,117.854
12897,117.854
12898,117.854
12899,117.854
12900,117.854
12901,117.854
12902,117.854
12903,117.854
12904,117.854
12905,117.854
12906,117.854
12907,117.854
12908,118.182
12909,118.182
12910,118.182
12911,118.182
12912,118.182
12913,118.182
12914,118.182
12915,118.182
12916,118.182
12917,118.182
12918,118.182
12919,118.182
12920,118.182
12921,118.182
12922,118.182
12923,118.182
12924,118.182
12925,118.182
12926,118.182
12927,118.182
12928,118.303
12929,118.303
12930,118.303
12931,118.303
12932,118.303
12933,118.303
12934,118.303
12935,118.303
12936,118.303
12937,118.303
12938,118.303
12939,118.303
12940,118.303
12941,118.303
12942,118.303
12943,118.303
12944,118.303
12945,118.303
12946,118.303
12947,118.303
12948,117.975
12949,117.975
12950,117.975
12951,117.975
12952,117.975
12953,117.975
12954,117.975
12955,117.975
12956,117.975
12957,117.975
12958,117.975
12959,117.975
12960,117.975
12961,117.975
12962,117.975
12963,117.975
12964,117.975
12965,117.975
12966,117.975
12967,117.975
12968,118.182
12969,118.182
12970,118.182
12971,118.182
12972,118.182
12973,118.182
12974,118.182
12975,118.182
12976,118.182
12977,118.182
12978,118.182
12979,118.182
12980,118.182
12981,118.182
12982,118.182
12983,118.182
12984,118.182
12985,118.182
12986,118.182
12987,118.182
12988,117.581
12989,117.581
12990,117.581
12991,117.581
12992,117.581
12993,117.581
12994,117.581
12995,117.581
12996,117.581
12997,117.581
12998,117.581
12999,117.581
13000,117.581
13001,117.581
13002,117.581
13003,117.581
13004,117.581
13005,117.581
13006,117.581
13007,117.581
13008,117.581
13009,117.581
13010,117.581
13011,117.581
13012,117.581
13013,117.581
13014,117.581
13015,117.581
13016,117.581
13017,117.581
13018,117.581
13019,117.581
13020,117.581
13021,117.581
13022,117.581
13023,117.581
13024,117.581
13025,117.581
13026,117.581
13027,117.581
13028,117.581
13029,117.701
13030,117.701
13031,117.701
13032,117.701
13033,117.701
13034,117.701
13035,117.701
13036,117.701
13037,117.701
13038,117.701
13039,117.701
13040,117.701
13041,117.701
13042,117.701
13043,117.701
13044,117.701
13045,117.701
13046,117.701
13047,117.701
13048,117.701
13049,117.3
13050,117.3
13051,117.3
13052,117.3
13053,117.3
13054,117.3
13055,117.3
13056,117.3
13057,117.3
13058,117.3
13059,117.3
13060,117.3
13061,117.3
13062,117.3
13063,117.3
13064,117.3
13065,117.3
13066,117.3
13067,117.3
13068,117.3
13069,118.728
13070,118.728
13071,118.728
13072,118.728
13073,118.728
13074,118.728
13075,118.728
13076,118.728
13077,118.728
13078,118.728
13079,118.728
13080,118.728
13081,118.728
13082,118.728
13083,118.728
13084,118.728
13085,118.728
13086,118.728
13087,118.728
13088,118.728
13089,119.064
13090,119.064
13091,119.064
13092,119.064
13093,119.064
13094,119.064
13095,119.064
13096,119.064
13097,119.064
13098,119.064
13099,119.064
13100,119.064
13101,119.064
13102,119.064
13103,119.064
13104,119.064
13105,119.064
13106,119.064
13107,119.064
13108,119.064
13109,119.337
13110,119.337
13111,119.337
13112,119.337
13113,119.337
13114,119.337
13115,119.337
13116,119.337
13117,119.337
13118,119.337
13119,119.337
13120,119.337
13121,119.337
13122,119.337
13123,119.337
13124,119.337
13125,119.337
13126,119.337
13127,119.337
13128,119.337
13129,119.665
13130,119.665
13131,119.665
13132,119.665
13133,119.665
13134,119.665
13135,119.665
13136,119.665
13137,119.665
13138,119.665
13139,119.665
13140,119.665
13141,119.665
13142,119.665
13143,119.665
13144,119.665
13145,119.665
13146,119.665
13147,119.665
13148,119.665
13149,119.337
13150,119.337
13151,119.337
13152,119.337
13153,119.337
13154,119.337
13155,119.337
13156,119.337
13157,119.337
13158,119.337
13159,119.337
13160,119.337
13161,119.337
13162,119.337
13163,119.337
13164,119.337
13165,119.337
13166,119.337
13167,119.337
13168,119.337
13169,118.728
13170,118.728
13171,118.728
13172,118.728
13173,118.728
13174,118.728
13175,118.728
13176,118.728
13177,118.728
13178,118.728
13179,118.728
13180,118.728
13181,118.728
13182,118.728
13183,118.728
13184,118.728
13185,118.728
13186,118.728
13187,118.728
13188,118.728
13189,119.064
13190,119.064
13191,119.064
13192,119.064
13193,119.064
13194,119.064
13195,119.064
13196,119.064
13197,119.064
13198,119.064
13199,119.064
13200,119.064
13201,119.064
13202,119.064
13203,119.064
13204,119.064
13205,119.064
13206,119.064
13207,119.064
13208,119.064
13209,119.064
13210,119.064
13211,119.064
13212,119.064
13213,119.064
13214,119.064
13215,119.064
13216,119.064
13217,119.064
13218,119.064
13219,119.064
13220,119.064
13221,119.064
13222,119.064
13223,119.064
13224,119.064
13225,119.064
13226,119.064
13227,119.064
13228,119.064
13229,119.064
13230,118.182
13231,118.182
13232,118.182
13233,118.182
13234,118.182
13235,118.182
13236,118.182
13237,118.182
13238,118.182
13239,118.182
13240,118.182
13241,118.182
13242,118.182
13243,118.182
13244,118.182
13245,118.182
13246,118.182
13247,118.182
13248,118.182
13249,118.182
13250,118.455
13251,118.455
13252,118.455
13253,118.455
13254,118.455
13255,118.455
13256,118.455
13257,118.455
13258,118.455
13259,118.455
13260,118.455
13261,118.455
13262,118.455
13263,118.455
13264,118.455
13265,118.455
13266,118.455
13267,118.455
13268,118.455
13269,118.455
13270,118.182
13271,118.182
13272,118.182
13273,118.182
13274,118.182
13275,118.182
13276,118.182
13277,118.182
13278,118.182
13279,118.182
13280,118.182
13281,118.182
13282,118.182
13283,118.182
13284,118.182
13285,118.182
13286,118.182
13287,118.182
13288,118.182
13289,118.182
13290,117.854
13291,117.854
13292,117.854
13293,117.854
13294,117.854
13295,117.854
13296,117.854
13297,117.854
13298,117.854
13299,117.854
13300,117.854
13301,117.854
13302,117.854
13303,117.854
13304,117.854
13305,117.854
13306,117.854
13307,117.854
13308,117.854
13309,117.854
13310,117.581
13311,117.581
13312,117.581
13313,117.581
13314,117.581
13315,117.581
13316,117.581
13317,117.581
13318,117.581
13319,117.581
13320,117.581
13321,117.581
13322,117.581
13323,117.581
13324,117.581
13325,117.581
13326,117.581
13327,117.581
13328,117.581
13329,117.581
13330,118.182
13331,118.182
13332,118.182
13333,118.182
13334,118.182
13335,118.182
13336,118.182
13337,118.182
13338,118.182
13339,118.182
13340,118.182
13341,118.182
13342,118.182
13343,118.182
13344,118.182
13345,118.182
13346,118.182
13347,118.182
13348,118.182
13349,118.182
13350,116.698
13351,116.698
13352,116.698
13353,116.698
13354,116.698
13355,116.698
13356,116.698
13357,116.698
13358,116.698
13359,116.698
13360,116.698
13361,116.698
13362,116.698
13363,116.698
13364,116.698
13365,116.698
13366,116.698
13367,116.698
13368,116.698
13369,116.698
13370,115.215
13371,115.215
13372,115.215
13373,115.215
13374,115.215
13375,115.215
13376,115.215
13377,115.215
13378,115.215
13379,115.215
13380,115.215
13381,115.215
13382,115.215
13383,115.215
13384,115.215
13385,115.215
13386,115.215
13387,115.215
13388,115.215
13389,115.215
13390,116.972
13391,116.972
13392,116.972
13393,116.972
13394,116.972
13395,116.972
13396,116.972
13397,116.972
13398,116.972
13399,116.972
13400,116.972
13401,116.972
13402,116.972
13403,116.972
13404,116.972
13405,116.972
13406,116.972
13407,116.972
13408,116.972
13409,116.972
13410,117.3
13411,117.3
13412,117.3
13413,117.3
13414,117.3
13415,117.3
13416,117.3
13417,117.3
13418,117.3
13419,117.3
13420,117.3
13421,117.3
13422,117.3
13423,117.3
13424,117.3
13425,117.3
13426,117.3
13427,117.3
13428,117.3
13429,117.3
13430,117.3
13431,118.728
13432,118.728
13433,118.728
13434,118.728
13435,118.728
13436,118.728
13437,118.728
13438,118.728
13439,118.728
13440,118.728
13441,118.728
13442,118.728
13443,118.728
13444,118.728
13445,118.728
13446,118.728
13447,118.728
13448,118.728
13449,118.728
13450,118.728
13451,119.064
13452,119.064
13453,119.064
13454,119.064
13455,119.064
13456,119.064
13457,119.064
13458,119.064
13459,119.064
13460,119.064
13461,119.064
13462,119.064
13463,119.064
13464,119.064
13465,119.064
13466,119.064
13467,119.064
13468,119.064
13469,119.064
13470,119.064
13471,119.337
13472,119.337
13473,119.337
13474,119.337
13475,119.337
13476,119.337
13477,119.337
13478,119.337
13479,119.337
13480,119.337
13481,119.337
13482,119.337
13483,119.337
13484,119.337
13485,119.337
13486,119.337
13487,119.337
13488,119.337
13489,119.337
13490,119.337
13491,119.665
13492,119.665
13493,119.665
13494,119.665
13495,119.665
13496,119.665
13497,119.665
13498,119.665
13499,119.665
13500,119.665
13501,119.665
13502,119.665
13503,119.665
13504,119.665
13505,119.665
13506,119.665
13507,119.665
13508,119.665
13509,119.665
13510,119.665
13511,119.337
13512,119.337
13513,119.337
13514,119.337
13515,119.337
13516,119.337
13517,119.337
13518,119.337
13519,119.337
13520,119.337
13521,119.337
13522,119.337
13523,119.337
13524,119.337
13525,119.337
13526,119.337
13527,119.337
13528,119.337
13529,119.337
13530,119.337
13531,118.728
13532,118.728
13533,118.728
13534,118.728
13535,118.728
13536,118.728
13537,118.728
13538,118.728
13539,118.728
13540,118.728
13541,118.728
13542,118.728
13543,118.728
13544,118.728
13545,118.728
13546,118.728
13547,118.728
13548,118.728
13549,118.728
13550,118.728
13551,119.337
13552,119.337
13553,119.337
13554,119.337
13555,119.337
13556,119.337
13557,119.337
13558,119.337
13559,119.337
13560,119.337
13561,119.337
13562,119.337
13563,119.337
13564,119.337
13565,119.337
13566,119.337
13567,119.337
13568,119.337
13569,119.337
13570,119.337
13571,119.064
13572,119.064
13573,119.064
13574,119.064
13575,119.064
13576,119.064
13577,119.064
13578,119.064
13579,119.064
13580,119.064
13581,119.064
13582,119.064
13583,119.064
13584,119.064
13585,119.064
13586,119.064
13587,119.064
13588,119.064
13589,119.064
13590,119.064
13591,118.182
13592,118.182
13593,118.182
13594,118.182
13595,118.182
13596,118.182
13597,118.182
13598,118.182
13599,118.182
13600,118.182
13601,118.182
13602,118.182
13603,118.182
13604,118.182
13605,118.182
13606,118.182
13607,118.182
13608,118.182
13609,118.182
13610,118.182
13611,118.182
13612,118.182
13613,118.182
13614,118.182
13615,118.182
13616,118.182
13617,118.182
13618,118.182
13619,118.182
13620,118.182
13621,118.182
13622,118.182
13623,118.182
13624,118.182
13625,118.182
13626,118.182
13627,118.182
13628,118.182
13629,118.182
13630,118.182
13631,118.182
13632,118.182
13633,118.182
13634,118.182
13635,118.182
13636,118.182
13637,118.182
13638,118.182
13639,118.182
13640,118.182
13641,118.182
13642,118.182
13643,118.182
13644,118.182
13645,118.182
13646,118.182
13647,118.182
13648,118.182
13649,118.182
13650,118.182
13651,118.182
13652,117.854
13653,117.854
13654,117.854
13655,117.854
13656,117.854
13657,117.854
13658,117.854
13659,117.854
13660,117.854
13661,117.854
13662,117.854
13663,117.854
13664,117.854
13665,117.854
13666,117.854
13667,117.854
13668,117.854
13669,117.854
13670,117.854
13671,117.854
13672,117.854
13673,117.854
13674,117.854
13675,117.854
13676,117.854
13677,117.854
13678,117.854
13679,117.854
13680,117.854
13681,117.854
13682,117.854
13683,117.854
13684,117.854
13685,117.854
13686,117.854
13687,117.854
13688,117.854
13689,117.854
13690,117.854
13691,117.854
13692,118.182
13693,118.182
13694,118.182
13695,118.182
13696,118.182
13697,118.182
13698,118.182
13699,118.182
13700,118.182
13701,118.182
13702,118.182
13703,118.182
13704,118.182
13705,118.182
13706,118.182
13707,118.182
13708,118.182
13709,118.182
13710,118.182
13711,118.182
13712,118.182
13713,118.182
13714,118.182
13715,118.182
13716,118.182
13717,118.182
13718,118.182
13719,118.182
13720,118.182
13721,118.182
13722,118.182
13723,118.182
13724,118.182
13725,118.182
13726,118.182
13727,118.182
13728,118.182
13729,118.182
13730,118.182
13731,118.182
13732,117.581
13733,117.581
13734,117.581
13735,117.581
13736,117.581
13737,117.581
13738,117.581
13739,117.581
13740,117.581
13741,117.581
13742,117.581
13743,117.581
13744,117.581
13745,117.581
13746,117.581
13747,117.581
13748,117.581
13749,117.581
13750,117.581
13751,117.581
13752,117.581
13753,117.581
13754,117.581
13755,117.581
13756,117.581
13757,117.581
13758,117.581
13759,117.581
13760,117.581
13761,117.581
13762,117.581
13763,117.581
13764,117.581
13765,117.581
13766,117.581
13767,117.581
13768,117.581
13769,117.581
13770,117.581
13771,117.581
13772,117.854
13773,117.854
13774,117.854
13775,117.854
13776,117.854
13777,117.854
13778,117.854
13779,117.854
13780,117.854
13781,117.854
13782,117.854
13783,117.854
13784,117.854
13785,117.854
13786,117.854
13787,117.854
13788,117.854
13789,117.854
13790,117.854
13791,117.854
13792,117.854
13793,117.854
13794,117.854
13795,117.854
13796,117.854
13797,117.854
13798,117.854
13799,117.854
13800,117.854
13801,117.854
13802,117.854
13803,117.854
13804,117.854
13805,117.854
13806,117.854
13807,117.854
13808,117.854
13809,117.854
13810,117.854
13811,117.854
13812,117.854
13813,117.854
13814,117.854
13815,117.854
13816,117.854
13817,117.854
13818,117.854
13819,117.854
13820,117.854
13821,117.854
13822,117.854
13823,117.854
13824,117.854
13825,117.854
13826,117.854
13827,117.854
13828,117.854
13829,117.854
13830,117.854
13831,117.854
13832,117.581
13833,117.581
13834,117.581
13835,117.581
13836,117.581
13837,117.581
13838,117.581
13839,117.581
13840,117.581
13841,117.581
13842,117.581
13843,117.581
13844,117.581
13845,117.581
13846,117.581
13847,117.581
13848,117.581
13849,117.581
13850,117.581
13851,117.581
13852,117.581
13853,118.728
13854,118.728
13855,118.728
13856,118.728
13857,118.728
13858,118.728
13859,118.728
13860,118.728
13861,118.728
13862,118.728
13863,118.728
13864,118.728
13865,118.728
13866,118.728
13867,118.728
13868,118.728
13869,118.728
13870,118.728
13871,118.728
13872,118.728
13873,119.064
13874,119.064
13875,119.064
13876,119.064
13877,119.064
13878,119.064
13879,119.064
13880,119.064
13881,119.064
13882,119.064
13883,119.064
13884,119.064
13885,119.064
13886,119.064
13887,119.064
13888,119.064
13889,119.064
13890,119.064
13891,119.064
13892,119.064
13893,119.665
13894,119.665
13895,119.665
13896,119.665
13897,119.665
13898,119.665
13899,119.665
13900,119.665
13901,119.665
13902,119.665
13903,119.665
13904,119.665
13905,119.665
13906,119.665
13907,119.665
13908,119.665
13909,119.665
13910,119.665
13911,119.665
13912,119.665
13913,120.097
13914,120.097
13915,120.097
13916,120.097
13917,120.097
13918,120.097
13919,120.097
13920,120.097
13921,120.097
13922,120.097
13923,120.097
13924,120.097
13925,120.097
13926,120.097
13927,120.097
13928,120.097
13929,120.097
13930,120.097
13931,120.097
13932,120.097
13933,119.816
13934,119.816
13935,119.816
13936,119.816
13937,119.816
13938,119.816
13939,119.816
13940,119.816
13941,119.816
13942,119.816
13943,119.816
13944,119.816
13945,119.816
13946,119.816
13947,119.816
13948,119.816
13949,119.816
13950,119.816
13951,119.816
13952,119.816
13953,118.942
13954,118.942
13955,118.942
13956,118.942
13957,118.942
13958,118.942
13959,118.942
13960,118.942
13961,118.942
13962,118.942
13963,118.942
13964,118.942
13965,118.942
13966,118.942
13967,118.942
13968,118.942
13969,118.942
13970,118.942
13971,118.942
13972,118.942
13973,119.215
13974,119.215
13975,119.215
13976,119.215
13977,119.215
13978,119.215
13979,119.215
13980,119.215
13981,119.215
13982,119.215
13983,119.215
13984,119.215
13985,119.215
13986,119.215
13987,119.215
13988,119.215
13989,119.215
13990,119.215
13991,119.215
13992,119.215
13993,118.942
13994,118.942
13995,118.942
13996,118.942
13997,118.942
13998,118.942
13999,118.942
14000,118.942
14001,118.942
14002,118.942
14003,118.942
14004,118.942
14005,118.942
14006,118.942
14007,118.942
14008,118.942
14009,118.942
14010,118.942
14011,118.942
14012,118.942
14013,118.334
14014,118.334
14015,118.334
14016,118.334
14017,118.334
14018,118.334
14019,118.334
14020,118.334
14021,118.334
14022,118.334
14023,118.334
14024,118.334
14025,118.334
14026,118.334
14027,118.334
14028,118.334
14029,118.334
14030,118.334
14031,118.334
14032,118.334
14033,118.061
14034,118.061
14035,118.061
14036,118.061
14037,118.061
14038,118.061
14039,118.061
14040,118.061
14041,118.061
14042,118.061
14043,118.061
14044,118.061
14045,118.061
14046,118.061
14047,118.061
14048,118.061
14049,118.061
14050,118.061
14051,118.061
14052,118.061
14053,117.733
14054,117.733
14055,117.733
14056,117.733
14057,117.733
14058,117.733
14059,117.733
14060,117.733
14061,117.733
14062,117.733
14063,117.733
14064,117.733
14065,117.733
14066,117.733
14067,117.733
14068,117.733
14069,117.733
14070,117.733
14071,117.733
14072,117.733
14073,118.182
14074,118.182
14075,118.182
14076,118.182
14077,118.182
14078,118.182
14079,118.182
14080,118.182
14081,118.182
14082,118.182
14083,118.182
14084,118.182
14085,118.182
14086,118.182
14087,118.182
14088,118.182
14089,118.182
14090,118.182
14091,118.182
14092,118.182
14093,118.182
14094,117.733
14095,117.733
14096,117.733
14097,117.733
14098,117.733
14099,117.733
14100,117.733
14101,117.733
14102,117.733
14103,117.733
14104,117.733
14105,117.733
14106,117.733
14107,117.733
14108,117.733
14109,117.733
14110,117.733
14111,117.733
14112,117.733
14113,118.334
14114,118.334
14115,118.334
14116,118.334
14117,118.334
14118,118.334
14119,118.334
14120,118.334
14121,118.334
14122,118.334
14123,118.334
14124,118.334
14125,118.334
14126,118.334
14127,118.334
14128,118.334
14129,118.334
14130,118.334
14131,118.334
14132,118.334
14133,118.334
14134,118.061
14135,118.061
14136,118.061
14137,118.061
14138,118.061
14139,118.061
14140,118.061
14141,118.061
14142,118.061
14143,118.061
14144,118.061
14145,118.061
14146,118.061
14147,118.061
14148,118.061
14149,118.061
14150,118.061
14151,118.061
14152,118.061
14153,118.061
14154,117.46
14155,117.46
14156,117.46
14157,117.46
14158,117.46
14159,117.46
14160,117.46
14161,117.46
14162,117.46
14163,117.46
14164,117.46
14165,117.46
14166,117.46
14167,117.46
14168,117.46
14169,117.46
14170,117.46
14171,117.46
14172,117.46
14173,117.46
14174,117.46
14175,117.46
14176,117.46
14177,117.46
14178,117.46
14179,117.46
14180,117.46
14181,117.46
14182,117.46
14183,117.46
14184,117.46
14185,117.46
14186,117.46
14187,117.46
14188,117.46
14189,117.46
14190,117.46
14191,117.46
14192,117.46
14193,117.46
14194,118.334
14195,118.334
14196,118.334
14197,118.334
14198,118.334
14199,118.334
14200,118.334
14201,118.334
14202,118.334
14203,118.334
14204,118.334
14205,118.334
14206,118.334
14207,118.334
14208,118.334
14209,118.334
14210,118.334
14211,118.334
14212,118.334
14213,118.334
14214,118.061
14215,118.061
14216,118.061
14217,118.061
14218,118.061
14219,118.061
14220,118.061
14221,118.061
14222,118.061
14223,118.061
14224,118.061
14225,118.061
14226,118.061
14227,118.061
14228,118.061
14229,118.061
14230,118.061
14231,118.061
14232,118.061
14233,118.061
14234,118.061
14235,118.061
14236,118.061
14237,118.061
14238,118.061
14239,118.061
14240,118.061
14241,118.061
14242,118.061
14243,118.061
14244,118.061
14245,118.061
14246,118.061
14247,118.061
14248,118.061
14249,118.061
14250,118.061
14251,118.061
14252,118.061
14253,118.061
14254,117.733
14255,117.733
14256,117.733
14257,117.733
14258,117.733
14259,117.733
14260,117.733
14261,117.733
14262,117.733
14263,117.733
14264,117.733
14265,117.733
14266,117.733
14267,117.733
14268,117.733
14269,117.733
14270,117.733
14271,117.733
14272,117.733
14273,117.733
14274,118.607
14275,118.607
14276,118.607
14277,118.607
14278,118.607
14279,118.607
14280,118.607
14281,118.607
14282,118.607
14283,118.607
14284,118.607
14285,118.607
14286,118.607
14287,118.607
14288,118.607
14289,118.607
14290,118.607
14291,118.607
14292,118.607
14293,118.607
14294,119.337
14295,119.337
14296,119.337
14297,119.337
14298,119.337
14299,119.337
14300,119.337
14301,119.337
14302,119.337
14303,119.337
14304,119.337
14305,119.337
14306,119.337
14307,119.337
14308,119.337
14309,119.337
14310,119.337
14311,119.337
14312,119.337
14313,119.337
14314,120.22
14315,120.22
14316,120.22
14317,120.22
14318,120.22
14319,120.22
14320,120.22
14321,120.22
14322,120.22
14323,120.22
14324,120.22
14325,120.22
14326,120.22
14327,120.22
14328,120.22
14329,120.22
14330,120.22
14331,120.22
14332,120.22
14333,120.22
14334,120.22
14335,119.939
14336,119.939
14337,119.939
14338,119.939
14339,119.939
14340,119.939
14341,119.939
14342,119.939
14343,119.939
14344,119.939
14345,119.939
14346,119.939
14347,119.939
14348,119.939
14349,119.939
14350,119.939
14351,119.939
14352,119.939
14353,119.939
14354,119.939
14355,119.337
14356,119.337
14357,119.337
14358,119.337
14359,119.337
14360,119.337
14361,119.337
14362,119.337
14363,119.337
14364,119.337
14365,119.337
14366,119.337
14367,119.337
14368,119.337
14369,119.337
14370,119.337
14371,119.337
14372,119.337
14373,119.337
14374,119.337
14375,119.064
14376,119.064
14377,119.064
14378,119.064
14379,119.064
14380,119.064
14381,119.064
14382,119.064
14383,119.064
14384,119.064
14385,119.064
14386,119.064
14387,119.064
14388,119.064
14389,119.064
14390,119.064
14391,119.064
14392,119.064
14393,119.064
14394,119.064
14395,118.728
14396,118.728
14397,118.728
14398,118.728
14399,118.728
14400,118.728
14401,118.728
14402,118.728
14403,118.728
14404,118.728
14405,118.728
14406,118.728
14407,118.728
14408,118.728
14409,118.728
14410,118.728
14411,118.728
14412,118.728
14413,118.728
14414,118.728
14415,111.092
14416,111.092
14417,111.092
14418,111.092
14419,111.092
14420,111.092
14421,111.092
14422,111.092
14423,111.092
14424,111.092
14425,111.092
14426,111.092
14427,111.092
14428,111.092
14429,111.092
14430,111.092
14431,111.092
14432,111.092
14433,111.092
14434,111.092
14435,116.37
14436,116.37
14437,116.37
14438,116.37
14439,116.37
14440,116.37
14441,116.37
14442,116.37
14443,116.37
14444,116.37
14445,116.37
14446,116.37
14447,116.37
14448,116.37
14449,116.37
14450,116.37
14451,116.37
14452,116.37
14453,116.37
14454,116.37
14455,118.061
14456,118.061
14457,118.061
14458,118.061
14459,118.061
14460,118.061
14461,118.061
14462,118.061
14463,118.061
14464,118.061
14465,118.061
14466,118.061
14467,118.061
14468,118.061
14469,118.061
14470,118.061
14471,118.061
14472,118.061
14473,118.061
14474,118.061
14475,117.733
14476,117.733
14477,117.733
14478,117.733
14479,117.733
14480,117.733
14481,117.733
14482,117.733
14483,117.733
14484,117.733
14485,117.733
14486,117.733
14487,117.733
14488,117.733
14489,117.733
14490,117.733
14491,117.733
14492,117.733
14493,117.733
14494,117.733
14495,117.733
14496,117.733
14497,117.733
14498,117.733
14499,117.733
14500,117.733
14501,117.733
14502,117.733
14503,117.733
14504,117.733
14505,117.733
14506,117.733
14507,117.733
14508,117.733
14509,117.733
14510,117.733
14511,117.733
14512,117.733
14513,117.733
14514,117.733
14515,118.455
14516,118.455
14517,118.455
14518,118.455
14519,118.455
14520,118.455
14521,118.455
14522,118.455
14523,118.455
14524,118.455
14525,118.455
14526,118.455
14527,118.455
14528,118.455
14529,118.455
14530,118.455
14531,118.455
14532,118.455
14533,118.455
14534,118.455
14535,117.733
14536,117.733
14537,117.733
14538,117.733
14539,117.733
14540,117.733
14541,117.733
14542,117.733
14543,117.733
14544,117.733
14545,117.733
14546,117.733
14547,117.733
14548,117.733
14549,117.733
14550,117.733
14551,117.733
14552,117.733
14553,117.733
14554,117.733
14555,117.733
14556,117.733
14557,117.733
14558,117.733
14559,117.733
14560,117.733
14561,117.733
14562,117.733
14563,117.733
14564,117.733
14565,117.733
14566,117.733
14567,117.733
14568,117.733
14569,117.733
14570,117.733
14571,117.733
14572,117.733
14573,117.733
14574,117.733
14575,117.733
14576,117.733
14577,117.733
14578,117.733
14579,117.733
14580,117.733
14581,117.733
14582,117.733
14583,117.733
14584,117.733
14585,117.733
14586,117.733
14587,117.733
14588,117.733
14589,117.733
14590,117.733
14591,117.733
14592,117.733
14593,117.733
14594,117.733
14595,117.733
14596,117.854
14597,117.854
14598,117.854
14599,117.854
14600,117.854
14601,117.854
14602,117.854
14603,117.854
14604,117.854
14605,117.854
14606,117.854
14607,117.854
14608,117.854
14609,117.854
14610,117.854
14611,117.854
14612,117.854
14613,117.854
14614,117.854
14615,117.854
14616,118.607
14617,118.607
14618,118.607
14619,118.607
14620,118.607
14621,118.607
14622,118.607
14623,118.607
14624,118.607
14625,118.607
14626,118.607
14627,118.607
14628,118.607
14629,118.607
14630,118.607
14631,118.607
14632,118.607
14633,118.607
14634,118.607
14635,118.607
14636,119.215
14637,119.215
14638,119.215
14639,119.215
14640,119.215
14641,119.215
14642,119.215
14643,119.215
14644,119.215
14645,119.215
14646,119.215
14647,119.215
14648,119.215
14649,119.215
14650,119.215
14651,119.215
14652,119.215
14653,119.215
14654,119.215
14655,119.215
14656,120.424
14657,120.424
14658,120.424
14659,120.424
14660,120.424
14661,120.424
14662,120.424
14663,120.424
14664,120.424
14665,120.424
14666,120.424
14667,120.424
14668,120.424
14669,120.424
14670,120.424
14671,120.424
14672,120.424
14673,120.424
14674,120.424
14675,120.424
14676,119.816
14677,119.816
14678,119.816
14679,119.816
14680,119.816
14681,119.816
14682,119.816
14683,119.816
14684,119.816
14685,119.816
14686,119.816
14687,119.816
14688,119.816
14689,119.816
14690,119.816
14691,119.816
14692,119.816
14693,119.816
14694,119.816
14695,119.816
14696,119.816
14697,119.543
14698,119.543
14699,119.543
14700,119.543
14701,119.543
14702,119.543
14703,119.543
14704,119.543
14705,119.543
14706,119.543
14707,119.543
14708,119.543
14709,119.543
14710,119.543
14711,119.543
14712,119.543
14713,119.543
14714,119.543
14715,119.543
14716,118.942
14717,118.942
14718,118.942
14719,118.942
14720,118.942
14721,118.942
14722,118.942
14723,118.942
14724,118.942
14725,118.942
14726,118.942
14727,118.942
14728,118.942
14729,118.942
14730,118.942
14731,118.942
14732,118.942
14733,118.942
14734,118.942
14735,118.942
14736,119.215
14737,119.215
14738,119.215
14739,119.215
14740,119.215
14741,119.215
14742,119.215
14743,119.215
14744,119.215
14745,119.215
14746,119.215
14747,119.215
14748,119.215
14749,119.215
14750,119.215
14751,119.215
14752,119.215
14753,119.215
14754,119.215
14755,119.215
14756,119.215
14757,118.942
14758,118.942
14759,118.942
14760,118.942
14761,118.942
14762,118.942
14763,118.942
14764,118.942
14765,118.942
14766,118.942
14767,118.942
14768,118.942
14769,118.942
14770,118.942
14771,118.942
14772,118.942
14773,118.942
14774,118.942
14775,118.942
14776,118.942
14777,118.334
14778,118.334
14779,118.334
14780,118.334
14781,118.334
14782,118.334
14783,118.334
14784,118.334
14785,118.334
14786,118.334
14787,118.334
14788,118.334
14789,118.334
14790,118.334
14791,118.334
14792,118.334
14793,118.334
14794,118.334
14795,118.334
14796,118.334
14797,118.061
14798,118.061
14799,118.061
14800,118.061
14801,118.061
14802,118.061
14803,118.061
14804,118.061
14805,118.061
14806,118.061
14807,118.061
14808,118.061
14809,118.061
14810,118.061
14811,118.061
14812,118.061
14813,118.061
14814,118.061
14815,118.061
14816,118.061
14817,117.733
14818,117.733
14819,117.733
14820,117.733
14821,117.733
14822,117.733
14823,117.733
14824,117.733
14825,117.733
14826,117.733
14827,117.733
14828,117.733
14829,117.733
14830,117.733
14831,117.733
14832,117.733
14833,117.733
14834,117.733
14835,117.733
14836,117.733
14837,118.061
14838,118.061
14839,118.061
14840,118.061
14841,118.061
14842,118.061
14843,118.061
14844,118.061
14845,118.061
14846,118.061
14847,118.061
14848,118.061
14849,118.061
14850,118.061
14851,118.061
14852,118.061
14853,118.061
14854,118.061
14855,118.061
14856,118.061
14857,117.733
14858,117.733
14859,117.733
14860,117.733
14861,117.733
14862,117.733
14863,117.733
14864,117.733
14865,117.733
14866,117.733
14867,117.733
14868,117.733
14869,117.733
14870,117.733
14871,117.733
14872,117.733
14873,117.733
14874,117.733
14875,117.733
14876,117.733
14877,118.728
14878,118.728
14879,118.728
14880,118.728
14881,118.728
14882,118.728
14883,118.728
14884,118.728
14885,118.728
14886,118.728
14887,118.728
14888,118.728
14889,118.728
14890,118.728
14891,118.728
14892,118.728
14893,118.728
14894,118.728
14895,118.728
14896,118.728
14897,118.061
14898,118.061
14899,118.061
14900,118.061
14901,118.061
14902,118.061
14903,118.061
14904,118.061
14905,118.061
14906,118.061
14907,118.061
14908,118.061
14909,118.061
14910,118.061
14911,118.061
14912,118.061
14913,118.061
14914,118.061
14915,118.061
14916,118.061
14917,118.061
14918,117.179
14919,117.179
14920,117.179
14921,117.179
14922,117.179
14923,117.179
14924,117.179
14925,117.179
14926,117.179
14927,117.179
14928,117.179
14929,117.179
14930,117.179
14931,117.179
14932,117.179
14933,117.179
14934,117.179
14935,117.179
14936,117.179
14937,117.179
14938,117.581
14939,117.581
14940,117.581
14941,117.581
14942,117.581
14943,117.581
14944,117.581
14945,117.581
14946,117.581
14947,117.581
14948,117.581
14949,117.581
14950,117.581
14951,117.581
14952,117.581
14953,117.581
14954,117.581
14955,117.581
14956,117.581
14957,117.581
14958,117.854
14959,117.854
14960,117.854
14961,117.854
14962,117.854
14963,117.854
14964,117.854
14965,117.854
14966,117.854
14967,117.854
14968,117.854
14969,117.854
14970,117.854
14971,117.854
14972,117.854
14973,117.854
14974,117.854
14975,117.854
14976,117.854
14977,117.854
14978,117.854
14979,117.854
14980,117.854
14981,117.854
14982,117.854
14983,117.854
14984,117.854
14985,117.854
14986,117.854
14987,117.854
14988,117.854
14989,117.854
14990,117.854
14991,117.854
14992,117.854
14993,117.854
14994,117.854
14995,117.854
14996,117.854
14997,117.854
14998,118.182
14999,118.182
15000,118.182
15001,118.182
15002,118.182
15003,118.182
15004,118.182
15005,118.182
15006,118.182
15007,118.182
15008,118.182
15009,118.182
15010,118.182
15011,118.182
15012,118.182
15013,118.182
15014,118.182
15015,118.182
15016,118.182
15017,118.182
15018,117.733
15019,117.733
15020,117.733
15021,117.733
15022,117.733
15023,117.733
15024,117.733
15025,117.733
15026,117.733
15027,117.733
15028,117.733
15029,117.733
15030,117.733
15031,117.733
15032,117.733
15033,117.733
15034,117.733
15035,117.733
15036,117.733
15037,117.733
15038,118.455
15039,118.455
15040,118.455
15041,118.455
15042,118.455
15043,118.455
15044,118.455
15045,118.455
15046,118.455
15047,118.455
15048,118.455
15049,118.455
15050,118.455
15051,118.455
15052,118.455
15053,118.455
15054,118.455
15055,118.455
15056,118.455
15057,118.455
15058,118.728
15059,118.728
15060,118.728
15061,118.728
15062,118.728
15063,118.728
15064,118.728
15065,118.728
15066,118.728
15067,118.728
15068,118.728
15069,118.728
15070,118.728
15071,118.728
15072,118.728
15073,118.728
15074,118.728
15075,118.728
15076,118.728
15077,118.728
15078,119.939
15079,119.939
15080,119.939
15081,119.939
15082,119.939
15083,119.939
15084,119.939
15085,119.939
15086,119.939
15087,119.939
15088,119.939
15089,119.939
15090,119.939
15091,119.939
15092,119.939
15093,119.939
15094,119.939
15095,119.939
15096,119.939
15097,119.939
15098,119.665
15099,119.665
15100,119.665
15101,119.665
15102,119.665
15103,119.665
15104,119.665
15105,119.665
15106,119.665
15107,119.665
15108,119.665
15109,119.665
15110,119.665
15111,119.665
15112,119.665
15113,119.665
15114,119.665
15115,119.665
15116,119.665
15117,119.665
15118,119.665
15119,119.665
15120,119.665
15121,119.665
15122,119.665
15123,119.665
15124,119.665
15125,119.665
15126,119.665
15127,119.665
15128,119.665
15129,119.665
15130,119.665
15131,119.665
15132,119.665
15133,119.665
15134,119.665
15135,119.665
15136,119.665
15137,119.665
15138,119.665
15139,119.064
15140,119.064
15141,119.064
15142,119.064
15143,119.064
15144,119.064
15145,119.064
15146,119.064
15147,119.064
15148,119.064
15149,119.064
15150,119.064
15151,119.064
15152,119.064
15153,119.064
15154,119.064
15155,119.064
15156,119.064
15157,119.064
15158,119.064
15159,118.728
15160,118.728
15161,118.728
15162,118.728
15163,118.728
15164,118.728
15165,118.728
15166,118.728
15167,118.728
15168,118.728
15169,118.728
15170,118.728
15171,118.728
15172,118.728
15173,118.728
15174,118.728
15175,118.728
15176,118.728
15177,118.728
15178,118.728
15179,118.455
15180,118.455
15181,118.455
15182,118.455
15183,118.455
15184,118.455
15185,118.455
15186,118.455
15187,118.455
15188,118.455
15189,118.455
15190,118.455
15191,118.455
15192,118.455
15193,118.455
15194,118.455
15195,118.455
15196,118.455
15197,118.455
15198,118.455
15199,118.607
15200,118.607
15201,118.607
15202,118.607
15203,118.607
15204,118.607
15205,118.607
15206,118.607
15207,118.607
15208,118.607
15209,118.607
15210,118.607
15211,118.607
15212,118.607
15213,118.607
15214,118.607
15215,118.607
15216,118.607
15217,118.607
15218,118.607
15219,118.061
15220,118.061
15221,118.061
15222,118.061
15223,118.061
15224,118.061
15225,118.061
15226,118.061
15227,118.061
15228,118.061
15229,118.061
15230,118.061
15231,118.061
15232,118.061
15233,118.061
15234,118.061
15235,118.061
15236,118.061
15237,118.061
15238,118.061
15239,117.581
15240,117.581
15241,117.581
15242,117.581
15243,117.581
15244,117.581
15245,117.581
15246,117.581
15247,117.581
15248,117.581
15249,117.581
15250,117.581
15251,117.581
15252,117.581
15253,117.581
15254,117.581
15255,117.581
15256,117.581
15257,117.581
15258,117.581
15259,117.854
15260,117.854
15261,117.854
15262,117.854
15263,117.854
15264,117.854
15265,117.854
15266,117.854
15267,117.854
15268,117.854
15269,117.854
15270,117.854
15271,117.854
15272,117.854
15273,117.854
15274,117.854
15275,117.854
15276,117.854
15277,117.854
15278,117.854
15279,118.334
15280,118.334
15281,118.334
15282,118.334
15283,118.334
15284,118.334
15285,118.334
15286,118.334
15287,118.334
15288,118.334
15289,118.334
15290,118.334
15291,118.334
15292,118.334
15293,118.334
15294,118.334
15295,118.334
15296,118.334
15297,118.334
15298,118.334
15299,118.061
15300,118.061
15301,118.061
15302,118.061
15303,118.061
15304,118.061
15305,118.061
15306,118.061
15307,118.061
15308,118.061
15309,118.061
15310,118.061
15311,118.061
15312,118.061
15313,118.061
15314,118.061
15315,118.061
15316,118.061
15317,118.061
15318,118.061
15319,117.581
15320,117.581
15321,117.581
15322,117.581
15323,117.581
15324,117.581
15325,117.581
15326,117.581
15327,117.581
15328,117.581
15329,117.581
15330,117.581
15331,117.581
15332,117.581
15333,117.581
15334,117.581
15335,117.581
15336,117.581
15337,117.581
15338,117.581
15339,117.581
15340,118.182
15341,118.182
15342,118.182
15343,118.182
15344,118.182
15345,118.182
15346,118.182
15347,118.182
15348,118.182
15349,118.182
15350,118.182
15351,118.182
15352,118.182
15353,118.182
15354,118.182
15355,118.182
15356,118.182
15357,118.182
15358,118.182
15359,118.182
15360,117.3
15361,117.3
15362,117.3
15363,117.3
15364,117.3
15365,117.3
15366,117.3
15367,117.3
15368,117.3
15369,117.3
15370,117.3
15371,117.3
15372,117.3
15373,117.3
15374,117.3
15375,117.3
15376,117.3
15377,117.3
15378,117.3
15379,117.3
15380,117.581
15381,117.581
15382,117.581
15383,117.581
15384,117.581
15385,117.581
15386,117.581
15387,117.581
15388,117.581
15389,117.581
15390,117.581
15391,117.581
15392,117.581
15393,117.581
15394,117.581
15395,117.581
15396,117.581
15397,117.581
15398,117.581
15399,117.581
15400,118.455
15401,118.455
15402,118.455
15403,118.455
15404,118.455
15405,118.455
15406,118.455
15407,118.455
15408,118.455
15409,118.455
15410,118.455
15411,118.455
15412,118.455
15413,118.455
15414,118.455
15415,118.455
15416,118.455
15417,118.455
15418,118.455
15419,118.455
15420,118.728
15421,118.728
15422,118.728
15423,118.728
15424,118.728
15425,118.728
15426,118.728
15427,118.728
15428,118.728
15429,118.728
15430,118.728
15431,118.728
15432,118.728
15433,118.728
15434,118.728
15435,118.728
15436,118.728
15437,118.728
15438,118.728
15439,118.728
15440,118.061
15441,118.061
15442,118.061
15443,118.061
15444,118.061
15445,118.061
15446,118.061
15447,118.061
15448,118.061
15449,118.061
15450,118.061
15451,118.061
15452,118.061
15453,118.061
15454,118.061
15455,118.061
15456,118.061
15457,118.061
15458,118.061
15459,118.061
15460,118.334
15461,118.334
15462,118.334
15463,118.334
15464,118.334
15465,118.334
15466,118.334
15467,118.334
15468,118.334
15469,118.334
15470,118.334
15471,118.334
15472,118.334
15473,118.334
15474,118.334
15475,118.334
15476,118.334
15477,118.334
15478,118.334
15479,118.334
15480,114.215
15481,114.215
15482,114.215
15483,114.215
15484,114.215
15485,114.215
15486,114.215
15487,114.215
15488,114.215
15489,114.215
15490,114.215
15491,114.215
15492,114.215
15493,114.215
15494,114.215
15495,114.215
15496,114.215
15497,114.215
15498,114.215
15499,114.215
15500,118.061
15501,118.061
15502,118.061
15503,118.061
15504,118.061
15505,118.061
15506,118.061
15507,118.061
15508,118.061
15509,118.061
15510,118.061
15511,118.061
15512,118.061
15513,118.061
15514,118.061
15515,118.061
15516,118.061
15517,118.061
15518,118.061
15519,118.061
15520,118.061
15521,118.607
15522,118.607
15523,118.607
15524,118.607
15525,118.607
15526,118.607
15527,118.607
15528,118.607
15529,118.607
15530,118.607
15531,118.607
15532,118.607
15533,118.607
15534,118.607
15535,118.607
15536,118.607
15537,118.607
15538,118.607
15539,118.607
15540,118.607
15541,118.607
15542,118.607
15543,118.607
15544,118.607
15545,118.607
15546,118.607
15547,118.607
15548,118.607
15549,118.607
15550,118.607
15551,118.607
15552,118.607
15553,118.607
15554,118.607
15555,118.607
15556,118.607
15557,118.607
15558,118.607
15559,118.607
15560,118.607
15561,118.334
15562,118.334
15563,118.334
15564,118.334
15565,118.334
15566,118.334
15567,118.334
15568,118.334
15569,118.334
15570,118.334
15571,118.334
15572,118.334
15573,118.334
15574,118.334
15575,118.334
15576,118.334
15577,118.334
15578,118.334
15579,118.334
15580,118.334
15581,117.46
15582,117.46
15583,117.46
15584,117.46
15585,117.46
15586,117.46
15587,117.46
15588,117.46
15589,117.46
15590,117.46
15591,117.46
15592,117.46
15593,117.46
15594,117.46
15595,117.46
15596,117.46
15597,117.46
15598,117.46
15599,117.46
15600,117.46
15601,117.733
15602,117.733
15603,117.733
15604,117.733
15605,117.733
15606,117.733
15607,117.733
15608,117.733
15609,117.733
15610,117.733
15611,117.733
15612,117.733
15613,117.733
15614,117.733
15615,117.733
15616,117.733
15617,117.733
15618,117.733
15619,117.733
15620,117.733
15621,118.061
15622,118.061
15623,118.061
15624,118.061
15625,118.061
15626,118.061
15627,118.061
15628,118.061
15629,118.061
15630,118.061
15631,118.061
15632,118.061
15633,118.061
15634,118.061
15635,118.061
15636,118.061
15637,118.061
15638,118.061
15639,118.061
15640,118.061
15641,118.182
15642,118.182
15643,118.182
15644,118.182
15645,118.182
15646,118.182
15647,118.182
15648,118.182
15649,118.182
15650,118.182
15651,118.182
15652,118.182
15653,118.182
15654,118.182
15655,118.182
15656,118.182
15657,118.182
15658,118.182
15659,118.182
15660,118.182
15661,117.733
15662,117.733
15663,117.733
15664,117.733
15665,117.733
15666,117.733
15667,117.733
15668,117.733
15669,117.733
15670,117.733
15671,117.733
15672,117.733
15673,117.733
15674,117.733
15675,117.733
15676,117.733
15677,117.733
15678,117.733
15679,117.733
15680,117.733
15681,118.061
15682,118.061
15683,118.061
15684,118.061
15685,118.061
15686,118.061
15687,118.061
15688,118.061
15689,118.061
15690,118.061
15691,118.061
15692,118.061
15693,118.061
15694,118.061
15695,118.061
15696,118.061
15697,118.061
15698,118.061
15699,118.061
15700,118.061
15701,117.733
15702,117.733
15703,117.733
15704,117.733
15705,117.733
15706,117.733
15707,117.733
15708,117.733
15709,117.733
15710,117.733
15711,117.733
15712,117.733
15713,117.733
15714,117.733
15715,117.733
15716,117.733
15717,117.733
15718,117.733
15719,117.733
15720,117.733
15721,117.733
15722,117.3
15723,117.3
15724,117.3
15725,117.3
15726,117.3
15727,117.3
15728,117.3
15729,117.3
15730,117.3
15731,117.3
15732,117.3
15733,117.3
15734,117.3
15735,117.3
15736,117.3
15737,117.3
15738,117.3
15739,117.3
15740,117.3
15741,117.3
15742,118.182
15743,118.182
15744,118.182
15745,118.182
15746,118.182
15747,118.182
15748,118.182
15749,118.182
15750,118.182
15751,118.182
15752,118.182
15753,118.182
15754,118.182
15755,118.182
15756,118.182
15757,118.182
15758,118.182
15759,118.182
15760,118.182
15761,118.182
15762,118.728
15763,118.728
15764,118.728
15765,118.728
15766,118.728
15767,118.728
15768,118.728
15769,118.728
15770,118.728
15771,118.728
15772,118.728
15773,118.728
15774,118.728
15775,118.728
15776,118.728
15777,118.728
15778,118.728
15779,118.728
15780,118.728
15781,118.728
15782,118.182
15783,118.182
15784,118.182
15785,118.182
15786,118.182
15787,118.182
15788,118.182
15789,118.182
15790,118.182
15791,118.182
15792,118.182
15793,118.182
15794,118.182
15795,118.182
15796,118.182
15797,118.182
15798,118.182
15799,118.182
15800,118.182
15801,118.182
15802,117.854
15803,117.854
15804,117.854
15805,117.854
15806,117.854
15807,117.854
15808,117.854
15809,117.854
15810,117.854
15811,117.854
15812,117.854
15813,117.854
15814,117.854
15815,117.854
15816,117.854
15817,117.854
15818,117.854
15819,117.854
15820,117.854
15821,117.854
15822,118.455
15823,118.455
15824,118.455
15825,118.455
15826,118.455
15827,118.455
15828,118.455
15829,118.455
15830,118.455
15831,118.455
15832,118.455
15833,118.455
15834,118.455
15835,118.455
15836,118.455
15837,118.455
15838,118.455
15839,118.455
15840,118.455
15841,118.455
15842,119.064
15843,119.064
15844,119.064
15845,119.064
15846,119.064
15847,119.064
15848,119.064
15849,119.064
15850,119.064
15851,119.064
15852,119.064
15853,119.064
15854,119.064
15855,119.064
15856,119.064
15857,119.064
15858,119.064
15859,119.064
15860,119.064
15861,119.064
15862,119.337
15863,119.337
15864,119.337
15865,119.337
15866,119.337
15867,119.337
15868,119.337
15869,119.337
15870,119.337
15871,119.337
15872,119.337
15873,119.337
15874,119.337
15875,119.337
15876,119.337
15877,119.337
15878,119.337
15879,119.337
15880,119.337
15881,119.337
15882,119.939
15883,119.939
15884,119.939
15885,119.939
15886,119.939
15887,119.939
15888,119.939
15889,119.939
15890,119.939
15891,119.939
15892,119.939
15893,119.939
15894,119.939
15895,119.939
15896,119.939
15897,119.939
15898,119.939
15899,119.939
15900,119.939
15901,119.939
15902,119.337
15903,119.337
15904,119.337
15905,119.337
15906,119.337
15907,119.337
15908,119.337
15909,119.337
15910,119.337
15911,119.337
15912,119.337
15913,119.337
15914,119.337
15915,119.337
15916,119.337
15917,119.337
15918,119.337
15919,119.337
15920,119.337
15921,119.337
15922,119.064
15923,119.064
15924,119.064
15925,119.064
15926,119.064
15927,119.064
15928,119.064
15929,119.064
15930,119.064
15931,119.064
15932,119.064
15933,119.064
15934,119.064
15935,119.064
15936,119.064
15937,119.064
15938,119.064
15939,119.064
15940,119.064
15941,119.064
15942,119.064
15943,119.064
15944,119.064
15945,119.064
15946,119.064
15947,119.064
15948,119.064
15949,119.064
15950,119.064
15951,119.064
15952,119.064
15953,119.064
15954,119.064
15955,119.064
15956,119.064
15957,119.064
15958,119.064
15959,119.064
15960,119.064
15961,119.064
15962,119.064
15963,118.455
15964,118.455
15965,118.455
15966,118.455
15967,118.455
15968,118.455
15969,118.455
15970,118.455
15971,118.455
15972,118.455
15973,118.455
15974,118.455
15975,118.455
15976,118.455
15977,118.455
15978,118.455
15979,118.455
15980,118.455
15981,118.455
15982,118.455
15983,118.455
15984,118.455
15985,118.455
15986,118.455
15987,118.455
15988,118.455
15989,118.455
15990,118.455
15991,118.455
15992,118.455
15993,118.455
15994,118.455
15995,118.455
15996,118.455
15997,118.455
15998,118.455
15999,118.455
16000,118.455
16001,118.455
16002,118.455
16003,117.854
16004,117.854
16005,117.854
16006,117.854
16007,117.854
16008,117.854
16009,117.854
16010,117.854
16011,117.854
16012,117.854
16013,117.854
16014,117.854
16015,117.854
16016,117.854
16017,117.854
16018,117.854
16019,117.854
16020,117.854
16021,117.854
16022,117.854
16023,117.581
16024,117.581
16025,117.581
16026,117.581
16027,117.581
16028,117.581
16029,117.581
16030,117.581
16031,117.581
16032,117.581
16033,117.581
16034,117.581
16035,117.581
16036,117.581
16037,117.581
16038,117.581
16039,117.581
16040,117.581
16041,117.581
16042,117.581
16043,118.182
16044,118.182
16045,118.182
16046,118.182
16047,118.182
16048,118.182
16049,118.182
16050,118.182
16051,118.182
16052,118.182
16053,118.182
16054,118.182
16055,118.182
16056,118.182
16057,118.182
16058,118.182
16059,118.182
16060,118.182
16061,118.182
16062,118.182
16063,118.455
16064,118.455
16065,118.455
16066,118.455
16067,118.455
16068,118.455
16069,118.455
16070,118.455
16071,118.455
16072,118.455
16073,118.455
16074,118.455
16075,118.455
16076,118.455
16077,118.455
16078,118.455
16079,118.455
16080,118.455
16081,118.455
16082,118.455
16083,117.854
16084,117.854
16085,117.854
16086,117.854
16087,117.854
16088,117.854
16089,117.854
16090,117.854
16091,117.854
16092,117.854
16093,117.854
16094,117.854
16095,117.854
16096,117.854
16097,117.854
16098,117.854
16099,117.854
16100,117.854
16101,117.854
16102,117.854
16103,117.854
16104,117.854
16105,117.854
16106,117.854
16107,117.854
16108,117.854
16109,117.854
16110,117.854
16111,117.854
16112,117.854
16113,117.854
16114,117.854
16115,117.854
16116,117.854
16117,117.854
16118,117.854
16119,117.854
16120,117.854
16121,117.854
16122,117.854
16123,117.854
16124,117.854
16125,117.854
16126,117.854
16127,117.854
16128,117.854
16129,117.854
16130,117.854
16131,117.854
16132,117.854
16133,117.854
16134,117.854
16135,117.854
16136,117.854
16137,117.854
16138,117.854
16139,117.854
16140,117.854
16141,117.854
16142,117.854
16143,117.854
16144,117.3
16145,117.3
16146,117.3
16147,117.3
16148,117.3
16149,117.3
16150,117.3
16151,117.3
16152,117.3
16153,117.3
16154,117.3
16155,117.3
16156,117.3
16157,117.3
16158,117.3
16159,117.3
16160,117.3
16161,117.3
16162,117.3
16163,117.3
16164,117.854
16165,117.854
16166,117.854
16167,117.854
16168,117.854
16169,117.854
16170,117.854
16171,117.854
16172,117.854
16173,117.854
16174,117.854
16175,117.854
16176,117.854
16177,117.854
16178,117.854
16179,117.854
16180,117.854
16181,117.854
16182,117.854
16183,117.854
16184,119.064
16185,119.064
16186,119.064
16187,119.064
16188,119.064
16189,119.064
16190,119.064
16191,119.064
16192,119.064
16193,119.064
16194,119.064
16195,119.064
16196,119.064
16197,119.064
16198,119.064
16199,119.064
16200,119.064
16201,119.064
16202,119.064
16203,119.064
16204,118.455
16205,118.455
16206,118.455
16207,118.455
16208,118.455
16209,118.455
16210,118.455
16211,118.455
16212,118.455
16213,118.455
16214,118.455
16215,118.455
16216,118.455
16217,118.455
16218,118.455
16219,118.455
16220,118.455
16221,118.455
16222,118.455
16223,118.455
16224,118.728
16225,118.728
16226,118.728
16227,118.728
16228,118.728
16229,118.728
16230,118.728
16231,118.728
16232,118.728
16233,118.728
16234,118.728
16235,118.728
16236,118.728
16237,118.728
16238,118.728
16239,118.728
16240,118.728
16241,118.728
16242,118.728
16243,118.728
16244,118.455
16245,118.455
16246,118.455
16247,118.455
16248,118.455
16249,118.455
16250,118.455
16251,118.455
16252,118.455
16253,118.455
16254,118.455
16255,118.455
16256,118.455
16257,118.455
16258,118.455
16259,118.455
16260,118.455
16261,118.455
16262,118.455
16263,118.455
16264,119.337
16265,119.337
16266,119.337
16267,119.337
16268,119.337
16269,119.337
16270,119.337
16271,119.337
16272,119.337
16273,119.337
16274,119.337
16275,119.337
16276,119.337
16277,119.337
16278,119.337
16279,119.337
16280,119.337
16281,119.337
16282,119.337
16283,119.337
16284,119.337
16285,119.337
16286,119.337
16287,119.337
16288,119.337
16289,119.337
16290,119.337
16291,119.337
16292,119.337
16293,119.337
16294,119.337
16295,119.337
16296,119.337
16297,119.337
16298,119.337
16299,119.337
16300,119.337
16301,119.337
16302,119.337
16303,119.337
16304,119.064
16305,119.064
16306,119.064
16307,119.064
16308,119.064
16309,119.064
16310,119.064
16311,119.064
16312,119.064
16313,119.064
16314,119.064
16315,119.064
16316,119.064
16317,119.064
16318,119.064
16319,119.064
16320,119.064
16321,119.064
16322,119.064
16323,119.064
16324,119.337
16325,119.337
16326,119.337
16327,119.337
16328,119.337
16329,119.337
16330,119.337
16331,119.337
16332,119.337
16333,119.337
16334,119.337
16335,119.337
16336,119.337
16337,119.337
16338,119.337
16339,119.337
16340,119.337
16341,119.337
16342,119.337
16343,119.337
16344,119.337
16345,118.728
16346,118.728
16347,118.728
16348,118.728
16349,118.728
16350,118.728
16351,118.728
16352,118.728
16353,118.728
16354,118.728
16355,118.728
16356,118.728
16357,118.728
16358,118.728
16359,118.728
16360,118.728
16361,118.728
16362,118.728
16363,118.728
16364,118.728
16365,118.728
16366,118.728
16367,118.728
16368,118.728
16369,118.728
16370,118.728
16371,118.728
16372,118.728
16373,118.728
16374,118.728
16375,118.728
16376,118.728
16377,118.728
16378,118.728
16379,118.728
16380,118.728
16381,118.728
16382,118.728
16383,118.728
16384,118.728
16385,118.455
16386,118.455
16387,118.455
16388,118.455
16389,118.455
16390,118.455
16391,118.455
16392,118.455
16393,118.455
16394,118.455
16395,118.455
16396,118.455
16397,118.455
16398,118.455
16399,118.455
16400,118.455
16401,118.455
16402,118.455
16403,118.455
16404,118.455
16405,118.182
16406,118.182
16407,118.182
16408,118.182
16409,118.182
16410,118.182
16411,118.182
16412,118.182
16413,118.182
16414,118.182
16415,118.182
16416,118.182
16417,118.182
16418,118.182
16419,118.182
16420,118.182
16421,118.182
16422,118.182
16423,118.182
16424,118.182
16425,117.854
16426,117.854
16427,117.854
16428,117.854
16429,117.854
16430,117.854
16431,117.854
16432,117.854
16433,117.854
16434,117.854
16435,117.854
16436,117.854
16437,117.854
16438,117.854
16439,117.854
16440,117.854
16441,117.854
16442,117.854
16443,117.854
16444,117.854
16445,117.581
16446,117.581
16447,117.581
16448,117.581
16449,117.581
16450,117.581
16451,117.581
16452,117.581
16453,117.581
16454,117.581
16455,117.581
16456,117.581
16457,117.581
16458,117.581
16459,117.581
16460,117.581
16461,117.581
16462,117.581
16463,117.581
16464,117.581
16465,118.455
16466,118.455
16467,118.455
16468,118.455
16469,118.455
16470,118.455
16471,118.455
16472,118.455
16473,118.455
16474,118.455
16475,118.455
16476,118.455
16477,118.455
16478,118.455
16479,118.455
16480,118.455
16481,118.455
16482,118.455
16483,118.455
16484,118.455
16485,118.182
16486,118.182
16487,118.182
16488,118.182
16489,118.182
16490,118.182
16491,118.182
16492,118.182
16493,118.182
16494,118.182
16495,118.182
16496,118.182
16497,118.182
16498,118.182
16499,118.182
16500,118.182
16501,118.182
16502,118.182
16503,118.182
16504,118.182
16505,117.581
16506,117.581
16507,117.581
16508,117.581
16509,117.581
16510,117.581
16511,117.581
16512,117.581
16513,117.581
16514,117.581
16515,117.581
16516,117.581
16517,117.581
16518,117.581
16519,117.581
16520,117.581
16521,117.581
16522,117.581
16523,117.581
16524,117.581
16525,116.698
16526,116.698
16527,116.698
16528,116.698
16529,116.698
16530,116.698
16531,116.698
16532,116.698
16533,116.698
16534,116.698
16535,116.698
16536,116.698
16537,116.698
16538,116.698
16539,116.698
16540,116.698
16541,116.698
16542,116.698
16543,116.698
16544,116.698
16545,115.215
16546,115.215
16547,115.215
16548,115.215
16549,115.215
16550,115.215
16551,115.215
16552,115.215
16553,115.215
16554,115.215
16555,115.215
16556,115.215
16557,115.215
16558,115.215
16559,115.215
16560,115.215
16561,115.215
16562,115.215
16563,115.215
16564,115.215
16565,115.215
16566,117.581
16567,117.581
16568,117.581
16569,117.581
16570,117.581
16571,117.581
16572,117.581
16573,117.581
16574,117.581
16575,117.581
16576,117.581
16577,117.581
16578,117.581
16579,117.581
16580,117.581
16581,117.581
16582,117.581
16583,117.581
16584,117.581
16585,117.581
16586,118.455
16587,118.455
16588,118.455
16589,118.455
16590,118.455
16591,118.455
16592,118.455
16593,118.455
16594,118.455
16595,118.455
16596,118.455
16597,118.455
16598,118.455
16599,118.455
16600,118.455
16601,118.455
16602,118.455
16603,118.455
16604,118.455
16605,118.455
16606,118.728
16607,118.728
16608,118.728
16609,118.728
16610,118.728
16611,118.728
16612,118.728
16613,118.728
16614,118.728
16615,118.728
16616,118.728
16617,118.728
16618,118.728
16619,118.728
16620,118.728
16621,118.728
16622,118.728
16623,118.728
16624,118.728
16625,118.728
16626,119.939
16627,119.939
16628,119.939
16629,119.939
16630,119.939
16631,119.939
16632,119.939
16633,119.939
16634,119.939
16635,119.939
16636,119.939
16637,119.939
16638,119.939
16639,119.939
16640,119.939
16641,119.939
16642,119.939
16643,119.939
16644,119.939
16645,119.939
16646,119.665
16647,119.665
16648,119.665
16649,119.665
16650,119.665
16651,119.665
16652,119.665
16653,119.665
16654,119.665
16655,119.665
16656,119.665
16657,119.665
16658,119.665
16659,119.665
16660,119.665
16661,119.665
16662,119.665
16663,119.665
16664,119.665
16665,119.665
16666,119.337
16667,119.337
16668,119.337
16669,119.337
16670,119.337
16671,119.337
16672,119.337
16673,119.337
16674,119.337
16675,119.337
16676,119.337
16677,119.337
16678,119.337
16679,119.337
16680,119.337
16681,119.337
16682,119.337
16683,119.337
16684,119.337
16685,119.337
16686,119.064
16687,119.064
16688,119.064
16689,119.064
16690,119.064
16691,119.064
16692,119.064
16693,119.064
16694,119.064
16695,119.064
16696,119.064
16697,119.064
16698,119.064
16699,119.064
16700,119.064
16701,119.064
16702,119.064
16703,119.064
16704,119.064
16705,119.064
16706,118.728
16707,118.728
16708,118.728
16709,118.728
16710,118.728
16711,118.728
16712,118.728
16713,118.728
16714,118.728
16715,118.728
16716,118.728
16717,118.728
16718,118.728
16719,118.728
16720,118.728
16721,118.728
16722,118.728
16723,118.728
16724,118.728
16725,118.728
16726,118.455
16727,118.455
16728,118.455
16729,118.455
16730,118.455
16731,118.455
16732,118.455
16733,118.455
16734,118.455
16735,118.455
16736,118.455
16737,118.455
16738,118.455
16739,118.455
16740,118.455
16741,118.455
16742,118.455
16743,118.455
16744,118.455
16745,118.455
16746,118.455
16747,118.182
16748,118.182
16749,118.182
16750,118.182
16751,118.182
16752,118.182
16753,118.182
16754,118.182
16755,118.182
16756,118.182
16757,118.182
16758,118.182
16759,118.182
16760,118.182
16761,118.182
16762,118.182
16763,118.182
16764,118.182
16765,118.182
16766,118.182
16767,118.182
16768,118.182
16769,118.182
16770,118.182
16771,118.182
16772,118.182
16773,118.182
16774,118.182
16775,118.182
16776,118.182
16777,118.182
16778,118.182
16779,118.182
16780,118.182
16781,118.182
16782,118.182
16783,118.182
16784,118.182
16785,118.182
16786,118.182
16787,117.581
16788,117.581
16789,117.581
16790,117.581
16791,117.581
16792,117.581
16793,117.581
16794,117.581
16795,117.581
16796,117.581
16797,117.581
16798,117.581
16799,117.581
16800,117.581
16801,117.581
16802,117.581
16803,117.581
16804,117.581
16805,117.581
16806,117.581
16807,117.581
16808,117.581
16809,117.581
16810,117.581
16811,117.581
16812,117.581
16813,117.581
16814,117.581
16815,117.581
16816,117.581
16817,117.581
16818,117.581
16819,117.581
16820,117.581
16821,117.581
16822,117.581
16823,117.581
16824,117.581
16825,117.581
16826,117.581
16827,118.455
16828,118.455
16829,118.455
16830,118.455
16831,118.455
16832,118.455
16833,118.455
16834,118.455
16835,118.455
16836,118.455
16837,118.455
16838,118.455
16839,118.455
16840,118.455
16841,118.455
16842,118.455
16843,118.455
16844,118.455
16845,118.455
16846,118.455
16847,118.182
16848,118.182
16849,118.182
16850,118.182
16851,118.182
16852,118.182
16853,118.182
16854,118.182
16855,118.182
16856,118.182
16857,118.182
16858,118.182
16859,118.182
16860,118.182
16861,118.182
16862,118.182
16863,118.182
16864,118.182
16865,118.182
16866,118.182
16867,117.581
16868,117.581
16869,117.581
16870,117.581
16871,117.581
16872,117.581
16873,117.581
16874,117.581
16875,117.581
16876,117.581
16877,117.581
16878,117.581
16879,117.581
16880,117.581
16881,117.581
16882,117.581
16883,117.581
16884,117.581
16885,117.581
16886,117.581
16887,117.854
16888,117.854
16889,117.854
16890,117.854
16891,117.854
16892,117.854
16893,117.854
16894,117.854
16895,117.854
16896,117.854
16897,117.854
16898,117.854
16899,117.854
16900,117.854
16901,117.854
16902,117.854
16903,117.854
16904,117.854
16905,117.854
16906,117.854
16907,117.733
16908,117.733
16909,117.733
16910,117.733
16911,117.733
16912,117.733
16913,117.733
16914,117.733
16915,117.733
16916,117.733
16917,117.733
16918,117.733
16919,117.733
16920,117.733
16921,117.733
16922,117.733
16923,117.733
16924,117.733
16925,117.733
16926,117.733
16927,117.3
16928,117.3
16929,117.3
16930,117.3
16931,117.3
16932,117.3
16933,117.3
16934,117.3
16935,117.3
16936,117.3
16937,117.3
16938,117.3
16939,117.3
16940,117.3
16941,117.3
16942,117.3
16943,117.3
16944,117.3
16945,117.3
16946,117.3
16947,117.3
16948,118.728
16949,118.728
16950,118.728
16951,118.728
16952,118.728
16953,118.728
16954,118.728
16955,118.728
16956,118.728
16957,118.728
16958,118.728
16959,118.728
16960,118.728
16961,118.728
16962,118.728
16963,118.728
16964,118.728
16965,118.728
16966,118.728
16967,118.728
16968,119.337
16969,119.337
16970,119.337
16971,119.337
16972,119.337
16973,119.337
16974,119.337
16975,119.337
16976,119.337
16977,119.337
16978,119.337
16979,119.337
16980,119.337
16981,119.337
16982,119.337
16983,119.337
16984,119.337
16985,119.337
16986,119.337
16987,119.337
16988,119.337
16989,119.337
16990,119.337
16991,119.337
16992,119.337
16993,119.337
16994,119.337
16995,119.337
16996,119.337
16997,119.337
16998,119.337
16999,119.337
17000,119.337
17001,119.337
17002,119.337
17003,119.337
17004,119.337
17005,119.337
17006,119.337
17007,119.337
17008,119.337
17009,119.337
17010,119.337
17011,119.337
17012,119.337
17013,119.337
17014,119.337
17015,119.337
17016,119.337
17017,119.337
17018,119.337
17019,119.337
17020,119.337
17021,119.337
17022,119.337
17023,119.337
17024,119.337
17025,119.337
17026,119.337
17027,119.337
17028,119.337
17029,119.064
17030,119.064
17031,119.064
17032,119.064
17033,119.064
17034,119.064
17035,119.064
17036,119.064
17037,119.064
17038,119.064
17039,119.064
17040,119.064
17041,119.064
17042,119.064
17043,119.064
17044,119.064
17045,119.064
17046,119.064
17047,119.064
17048,119.064
17049,119.064
17050,119.064
17051,119.064
17052,119.064
17053,119.064
17054,119.064
17055,119.064
17056,119.064
17057,119.064
17058,119.064
17059,119.064
17060,119.064
17061,119.064
17062,119.064
17063,119.064
17064,119.064
17065,119.064
17066,119.064
17067,119.064
17068,119.064
17069,119.064
17070,119.064
17071,119.064
17072,119.064
17073,119.064
17074,119.064
17075,119.064
17076,119.064
17077,119.064
17078,119.064
17079,119.064
17080,119.064
17081,119.064
17082,119.064
17083,119.064
17084,119.064
17085,119.064
17086,119.064
17087,119.064
17088,119.064
17089,119.064
17090,119.064
17091,119.064
17092,119.064
17093,119.064
17094,119.064
17095,119.064
17096,119.064
17097,119.064
17098,119.064
17099,119.064
17100,119.064
17101,119.064
17102,119.064
17103,119.064
17104,119.064
17105,119.064
17106,119.064
17107,119.064
17108,118.728
17109,118.728
17110,118.728
17111,118.728
17112,118.728
17113,118.728
17114,118.728
17115,118.728
17116,118.728
17117,118.728
17118,118.728
17119,118.728
17120,118.728
17121,118.728
17122,118.728
17123,118.728
17124,118.728
17125,118.728
17126,118.728
17127,118.728
17128,118.728
17129,118.728
17130,118.728
17131,118.728
17132,118.728
17133,118.728
17134,118.728
17135,118.728
17136,118.728
17137,118.728
17138,118.728
17139,118.728
17140,118.728
17141,118.728
17142,118.728
17143,118.728
17144,118.728
17145,118.728
17146,118.728
17147,118.728
17148,118.728
17149,118.455
17150,118.455
17151,118.455
17152,118.455
17153,118.455
17154,118.455
17155,118.455
17156,118.455
17157,118.455
17158,118.455
17159,118.455
17160,118.455
17161,118.455
17162,118.455
17163,118.455
17164,118.455
17165,118.455
17166,118.455
17167,118.455
17168,118.455
17169,118.182
17170,118.182
17171,118.182
17172,118.182
17173,118.182
17174,118.182
17175,118.182
17176,118.182
17177,118.182
17178,118.182
17179,118.182
17180,118.182
17181,118.182
17182,118.182
17183,118.182
17184,118.182
17185,118.182
17186,118.182
17187,118.182
17188,118.182
17189,117.854
17190,117.854
17191,117.854
17192,117.854
17193,117.854
17194,117.854
17195,117.854
17196,117.854
17197,117.854
17198,117.854
17199,117.854
17200,117.854
17201,117.854
17202,117.854
17203,117.854
17204,117.854
17205,117.854
17206,117.854
17207,117.854
17208,117.854
17209,118.182
17210,118.182
17211,118.182
17212,118.182
17213,118.182
17214,118.182
17215,118.182
17216,118.182
17217,118.182
17218,118.182
17219,118.182
17220,118.182
17221,118.182
17222,118.182
17223,118.182
17224,118.182
17225,118.182
17226,118.182
17227,118.182
17228,118.182
17229,118.182
17230,117.854
17231,117.854
17232,117.854
17233,117.854
17234,117.854
17235,117.854
17236,117.854
17237,117.854
17238,117.854
17239,117.854
17240,117.854
17241,117.854
17242,117.854
17243,117.854
17244,117.854
17245,117.854
17246,117.854
17247,117.854
17248,117.854
17249,117.854
17250,117.854
17251,117.854
17252,117.854
17253,117.854
17254,117.854
17255,117.854
17256,117.854
17257,117.854
17258,117.854
17259,117.854
17260,117.854
17261,117.854
17262,117.854
17263,117.854
17264,117.854
17265,117.854
17266,117.854
17267,117.854
17268,117.854
17269,118.455
17270,118.455
17271,118.455
17272,118.455
17273,118.455
17274,118.455
17275,118.455
17276,118.455
17277,118.455
17278,118.455
17279,118.455
17280,118.455
17281,118.455
17282,118.455
17283,118.455
17284,118.455
17285,118.455
17286,118.455
17287,118.455
17288,118.455
17289,117.581
17290,117.581
17291,117.581
17292,117.581
17293,117.581
17294,117.581
17295,117.581
17296,117.581
17297,117.581
17298,117.581
17299,117.581
17300,117.581
17301,117.581
17302,117.581
17303,117.581
17304,117.581
17305,117.581
17306,117.581
17307,117.581
17308,117.581
17309,117.581
17310,117.581
17311,117.581
17312,117.581
17313,117.581
17314,117.581
17315,117.581
17316,117.581
17317,117.581
17318,117.581
17319,117.581
17320,117.581
17321,117.581
17322,117.581
17323,117.581
17324,117.581
17325,117.581
17326,117.581
17327,117.581
17328,117.581
17329,117.581
17330,117.581
17331,117.581
17332,117.581
17333,117.581
17334,117.581
17335,117.581
17336,117.581
17337,117.581
17338,117.581
17339,117.581
17340,117.581
17341,117.581
17342,117.581
17343,117.581
17344,117.581
17345,117.581
17346,117.581
17347,117.581
17348,117.581
17349,117.3
17350,117.3
17351,117.3
17352,117.3
17353,117.3
17354,117.3
17355,117.3
17356,117.3
17357,117.3
17358,117.3
17359,117.3
17360,117.3
17361,117.3
17362,117.3
17363,117.3
17364,117.3
17365,117.3
17366,117.3
17367,117.3
17368,117.3
17369,117.3
17370,118.455
17371,118.455
17372,118.455
17373,118.455
17374,118.455
17375,118.455
17376,118.455
17377,118.455
17378,118.455
17379,118.455
17380,118.455
17381,118.455
17382,118.455
17383,118.455
17384,118.455
17385,118.455
17386,118.455
17387,118.455
17388,118.455
17389,118.455
17390,119.186
17391,119.186
17392,119.186
17393,119.186
17394,119.186
17395,119.186
17396,119.186
17397,119.186
17398,119.186
17399,119.186
17400,119.186
17401,119.186
17402,119.186
17403,119.186
17404,119.186
17405,119.186
17406,119.186
17407,119.186
17408,119.186
17409,119.186
17410,119.665
17411,119.665
17412,119.665
17413,119.665
17414,119.665
17415,119.665
17416,119.665
17417,119.665
17418,119.665
17419,119.665
17420,119.665
17421,119.665
17422,119.665
17423,119.665
17424,119.665
17425,119.665
17426,119.665
17427,119.665
17428,119.665
17429,119.665
17430,119.665
17431,119.939
17432,119.939
17433,119.939
17434,119.939
17435,119.939
17436,119.939
17437,119.939
17438,119.939
17439,119.939
17440,119.939
17441,119.939
17442,119.939
17443,119.939
17444,119.939
17445,119.939
17446,119.939
17447,119.939
17448,119.939
17449,119.939
17450,119.665
17451,119.665
17452,119.665
17453,119.665
17454,119.665
17455,119.665
17456,119.665
17457,119.665
17458,119.665
17459,119.665
17460,119.665
17461,119.665
17462,119.665
17463,119.665
17464,119.665
17465,119.665
17466,119.665
17467,119.665
17468,119.665
17469,119.665
17470,119.064
17471,119.064
17472,119.064
17473,119.064
17474,119.064
17475,119.064
17476,119.064
17477,119.064
17478,119.064
17479,119.064
17480,119.064
17481,119.064
17482,119.064
17483,119.064
17484,119.064
17485,119.064
17486,119.064
17487,119.064
17488,119.064
17489,119.064
17490,119.064
17491,119.064
17492,119.064
17493,119.064
17494,119.064
17495,119.064
17496,119.064
17497,119.064
17498,119.064
17499,119.064
17500,119.064
17501,119.064
17502,119.064
17503,119.064
17504,119.064
17505,119.064
17506,119.064
17507,119.064
17508,119.064
17509,119.064
17510,119.337
17511,119.337
17512,119.337
17513,119.337
17514,119.337
17515,119.337
17516,119.337
17517,119.337
17518,119.337
17519,119.337
17520,119.337
17521,119.337
17522,119.337
17523,119.337
17524,119.337
17525,119.337
17526,119.337
17527,119.337
17528,119.337
17529,119.337
17530,118.182
17531,118.182
17532,118.182
17533,118.182
17534,118.182
17535,118.182
17536,118.182
17537,118.182
17538,118.182
17539,118.182
17540,118.182
17541,118.182
17542,118.182
17543,118.182
17544,118.182
17545,118.182
17546,118.182
17547,118.182
17548,118.182
17549,118.182
17550,118.455
17551,118.455
17552,118.455
17553,118.455
17554,118.455
17555,118.455
17556,118.455
17557,118.455
17558,118.455
17559,118.455
17560,118.455
17561,118.455
17562,118.455
17563,118.455
17564,118.455
17565,118.455
17566,118.455
17567,118.455
17568,118.455
17569,118.455
17570,118.455
17571,118.303
17572,118.303
17573,118.303
17574,118.303
17575,118.303
17576,118.303
17577,118.303
17578,118.303
17579,118.303
17580,118.303
17581,118.303
17582,118.303
17583,118.303
17584,118.303
17585,118.303
17586,118.303
17587,118.303
17588,118.303
17589,118.303
17590,118.303
17591,112.089
17592,112.089
17593,112.089
17594,112.089
17595,112.089
17596,112.089
17597,112.089
17598,112.089
17599,112.089
17600,112.089
17601,112.089
17602,112.089
17603,112.089
17604,112.089
17605,112.089
17606,112.089
17607,112.089
17608,112.089
17609,112.089
17610,112.089
17611,117.091
17612,117.091
17613,117.091
17614,117.091
17615,117.091
17616,117.091
17617,117.091
17618,117.091
17619,117.091
17620,117.091
17621,117.091
17622,117.091
17623,117.091
17624,117.091
17625,117.091
17626,117.091
17627,117.091
17628,117.091
17629,117.091
17630,117.091
17631,117.091
17632,117.42
17633,117.42
17634,117.42
17635,117.42
17636,117.42
17637,117.42
17638,117.42
17639,117.42
17640,117.42
17641,117.42
17642,117.42
17643,117.42
17644,117.42
17645,117.42
17646,117.42
17647,117.42
17648,117.42
17649,117.42
17650,117.42
17651,117.701
17652,117.701
17653,117.701
17654,117.701
17655,117.701
17656,117.701
17657,117.701
17658,117.701
17659,117.701
17660,117.701
17661,117.701
17662,117.701
17663,117.701
17664,117.701
17665,117.701
17666,117.701
17667,117.701
17668,117.701
17669,117.701
17670,117.701
17671,117.701
17672,117.701
17673,117.701
17674,117.701
17675,117.701
17676,117.701
17677,117.701
17678,117.701
17679,117.701
17680,117.701
17681,117.701
17682,117.701
17683,117.701
17684,117.701
17685,117.701
17686,117.701
17687,117.701
17688,117.701
17689,117.701
17690,117.701
17691,117.42
17692,117.42
17693,117.42
17694,117.42
17695,117.42
17696,117.42
17697,117.42
17698,117.42
17699,117.42
17700,117.42
17701,117.42
17702,117.42
17703,117.42
17704,117.42
17705,117.42
17706,117.42
17707,117.42
17708,117.42
17709,117.42
17710,117.42
17711,117.701
17712,117.701
17713,117.701
17714,117.701
17715,117.701
17716,117.701
17717,117.701
17718,117.701
17719,117.701
17720,117.701
17721,117.701
17722,117.701
17723,117.701
17724,117.701
17725,117.701
17726,117.701
17727,117.701
17728,117.701
17729,117.701
17730,117.701
17731,117.701
17732,119.186
17733,119.186
17734,119.186
17735,119.186
17736,119.186
17737,119.186
17738,119.186
17739,119.186
17740,119.186
17741,119.186
17742,119.186
17743,119.186
17744,119.186
17745,119.186
17746,119.186
17747,119.186
17748,119.186
17749,119.186
17750,119.186
17751,119.186
17752,118.85
17753,118.85
17754,118.85
17755,118.85
17756,118.85
17757,118.85
17758,118.85
17759,118.85
17760,118.85
17761,118.85
17762,118.85
17763,118.85
17764,118.85
17765,118.85
17766,118.85
17767,118.85
17768,118.85
17769,118.85
17770,118.85
17771,118.85
17772,118.85
17773,118.85
17774,118.85
17775,118.85
17776,118.85
17777,118.85
17778,118.85
17779,118.85
17780,118.85
17781,118.85
17782,118.85
17783,118.85
17784,118.85
17785,118.85
17786,118.85
17787,118.85
17788,118.85
17789,118.85
17790,118.85
17791,118.85
17792,119.186
17793,119.186
17794,119.186
17795,119.186
17796,119.186
17797,119.186
17798,119.186
17799,119.186
17800,119.186
17801,119.186
17802,119.186
17803,119.186
17804,119.186
17805,119.186
17806,119.186
17807,119.186
17808,119.186
17809,119.186
17810,119.186
17811,119.186
17812,119.186
17813,119.186
17814,119.186
17815,119.186
17816,119.186
17817,119.186
17818,119.186
17819,119.186
17820,119.186
17821,119.186
17822,119.186
17823,119.186
17824,119.186
17825,119.186
17826,119.186
17827,119.186
17828,119.186
17829,119.186
17830,119.186
17831,119.186
17832,119.186
17833,119.186
17834,119.186
17835,119.186
17836,119.186
17837,119.186
17838,119.186
17839,119.186
17840,119.186
17841,119.186
17842,119.186
17843,119.186
17844,119.186
17845,119.186
17846,119.186
17847,119.186
17848,119.186
17849,119.186
17850,119.186
17851,119.186
17852,119.186
17853,119.186
17854,119.186
17855,119.186
17856,119.186
17857,119.186
17858,119.186
17859,119.186
17860,119.186
17861,119.186
17862,119.186
17863,119.186
17864,119.186
17865,119.186
17866,119.186
17867,119.186
17868,119.186
17869,119.186
17870,119.186
17871,119.186
17872,119.186
17873,119.186
17874,119.186
17875,119.186
17876,119.186
17877,119.186
17878,119.186
17879,119.186
17880,119.186
17881,119.186
17882,119.186
17883,119.186
17884,119.186
17885,119.186
17886,119.186
17887,119.186
17888,119.186
17889,119.186
17890,119.186
17891,119.186
17892,118.85
17893,118.85
17894,118.85
17895,118.85
17896,118.85
17897,118.85
17898,118.85
17899,118.85
17900,118.85
17901,118.85
17902,118.85
17903,118.85
17904,118.85
17905,118.85
17906,118.85
17907,118.85
17908,118.85
17909,118.85
17910,118.85
17911,118.85
17912,118.85
17913,118.85
17914,118.85
17915,118.85
17916,118.85
17917,118.85
17918,118.85
17919,118.85
17920,118.85
17921,118.85
17922,118.85
17923,118.85
17924,118.85
17925,118.85
17926,118.85
17927,118.85
17928,118.85
17929,118.85
17930,118.85
17931,118.85
17932,118.85
17933,117.975
17934,117.975
17935,117.975
17936,117.975
17937,117.975
17938,117.975
17939,117.975
17940,117.975
17941,117.975
17942,117.975
17943,117.975
17944,117.975
17945,117.975
17946,117.975
17947,117.975
17948,117.975
17949,117.975
17950,117.975
17951,117.975
17952,117.975
17953,117.701
17954,117.701
17955,117.701
17956,117.701
17957,117.701
17958,117.701
17959,117.701
17960,117.701
17961,117.701
17962,117.701
17963,117.701
17964,117.701
17965,117.701
17966,117.701
17967,117.701
17968,117.701
17969,117.701
17970,117.701
17971,117.701
17972,117.701
17973,118.303
17974,118.303
17975,118.303
17976,118.303
17977,118.303
17978,118.303
17979,118.303
17980,118.303
17981,118.303
17982,118.303
17983,118.303
17984,118.303
17985,118.303
17986,118.303
17987,118.303
17988,118.303
17989,118.303
17990,118.303
17991,118.303
17992,118.303
17993,118.303
17994,118.303
17995,118.303
17996,118.303
17997,118.303
17998,118.303
17999,118.303
18000,118.303
18001,118.303
18002,118.303
18003,118.303
18004,118.303
18005,118.303
18006,118.303
18007,118.303
18008,118.303
18009,118.303
18010,118.303
18011,118.303
18012,118.303
18013,117.975
18014,117.975
18015,117.975
18016,117.975
18017,117.975
18018,117.975
18019,117.975
18020,117.975
18021,117.975
18022,117.975
18023,117.975
18024,117.975
18025,117.975
18026,117.975
18027,117.975
18028,117.975
18029,117.975
18030,117.975
18031,117.975
18032,117.975
18033,117.975
18034,118.577
18035,118.577
18036,118.577
18037,118.577
18038,118.577
18039,118.577
18040,118.577
18041,118.577
18042,118.577
18043,118.577
18044,118.577
18045,118.577
18046,118.577
18047,118.577
18048,118.577
18049,118.577
18050,118.577
18051,118.577
18052,118.577
18053,118.303
18054,118.303
18055,118.303
18056,118.303
18057,118.303
18058,118.303
18059,118.303
18060,118.303
18061,118.303
18062,118.303
18063,118.303
18064,118.303
18065,118.303
18066,118.303
18067,118.303
18068,118.303
18069,118.303
18070,118.303
18071,118.303
18072,118.303
18073,117.701
18074,117.701
18075,117.701
18076,117.701
18077,117.701
18078,117.701
18079,117.701
18080,117.701
18081,117.701
18082,117.701
18083,117.701
18084,117.701
18085,117.701
18086,117.701
18087,117.701
18088,117.701
18089,117.701
18090,117.701
18091,117.701
18092,117.701
18093,117.701
18094,117.701
18095,117.701
18096,117.701
18097,117.701
18098,117.701
18099,117.701
18100,117.701
18101,117.701
18102,117.701
18103,117.701
18104,117.701
18105,117.701
18106,117.701
18107,117.701
18108,117.701
18109,117.701
18110,117.701
18111,117.701
18112,117.701
18113,117.701
18114,117.701
18115,117.701
18116,117.701
18117,117.701
18118,117.701
18119,117.701
18120,117.701
18121,117.701
18122,117.701
18123,117.701
18124,117.701
18125,117.701
18126,117.701
18127,117.701
18128,117.701
18129,117.701
18130,117.701
18131,117.701
18132,117.701
18133,117.701
18134,117.701
18135,117.701
18136,117.701
18137,117.701
18138,117.701
18139,117.701
18140,117.701
18141,117.701
18142,117.701
18143,117.701
18144,117.701
18145,117.701
18146,117.701
18147,117.701
18148,117.701
18149,117.701
18150,117.701
18151,117.701
18152,117.701
18153,117.701
18154,119.186
18155,119.186
18156,119.186
18157,119.186
18158,119.186
18159,119.186
18160,119.186
18161,119.186
18162,119.186
18163,119.186
18164,119.186
18165,119.186
18166,119.186
18167,119.186
18168,119.186
18169,119.186
18170,119.186
18171,119.186
18172,119.186
18173,119.186
18174,119.186
18175,119.186
18176,119.186
18177,119.186
18178,119.186
18179,119.186
18180,119.186
18181,119.186
18182,119.186
18183,119.186
18184,119.186
18185,119.186
18186,119.186
18187,119.186
18188,119.186
18189,119.186
18190,119.186
18191,119.186
18192,119.186
18193,119.186
18194,119.788
18195,119.788
18196,119.788
18197,119.788
18198,119.788
18199,119.788
18200,119.788
18201,119.788
18202,119.788
18203,119.788
18204,119.788
18205,119.788
18206,119.788
18207,119.788
18208,119.788
18209,119.788
18210,119.788
18211,119.788
18212,119.788
18213,119.788
18214,119.788
18215,119.788
18216,119.788
18217,119.788
18218,119.788
18219,119.788
18220,119.788
18221,119.788
18222,119.788
18223,119.788
18224,119.788
18225,119.788
18226,119.788
18227,119.788
18228,119.788
18229,119.788
18230,119.788
18231,119.788
18232,119.788
18233,119.788
18234,119.788
18235,119.46
18236,119.46
18237,119.46
18238,119.46
18239,119.46
18240,119.46
18241,119.46
18242,119.46
18243,119.46
18244,119.46
18245,119.46
18246,119.46
18247,119.46
18248,119.46
18249,119.46
18250,119.46
18251,119.46
18252,119.46
18253,119.46
18254,118.728
18255,118.728
18256,118.728
18257,118.728
18258,118.728
18259,118.728
18260,118.728
18261,118.728
18262,118.728
18263,118.728
18264,118.728
18265,118.728
18266,118.728
18267,118.728
18268,118.728
18269,118.728
18270,118.728
18271,118.728
18272,118.728
18273,118.728
18274,118.728
18275,119.337
18276,119.337
18277,119.337
18278,119.337
18279,119.337
18280,119.337
18281,119.337
18282,119.337
18283,119.337
18284,119.337
18285,119.337
18286,119.337
18287,119.337
18288,119.337
18289,119.337
18290,119.337
18291,119.337
18292,119.337
18293,119.337
18294,119.337
18295,119.064
18296,119.064
18297,119.064
18298,119.064
18299,119.064
18300,119.064
18301,119.064
18302,119.064
18303,119.064
18304,119.064
18305,119.064
18306,119.064
18307,119.064
18308,119.064
18309,119.064
18310,119.064
18311,119.064
18312,119.064
18313,119.064
18314,119.064
18315,118.455
18316,118.455
18317,118.455
18318,118.455
18319,118.455
18320,118.455
18321,118.455
18322,118.455
18323,118.455
18324,118.455
18325,118.455
18326,118.455
18327,118.455
18328,118.455
18329,118.455
18330,118.455
18331,118.455
18332,118.455
18333,118.455
18334,118.455
18335,118.728
18336,118.728
18337,118.728
18338,118.728
18339,118.728
18340,118.728
18341,118.728
18342,118.728
18343,118.728
18344,118.728
18345,118.728
18346,118.728
18347,118.728
18348,118.728
18349,118.728
18350,118.728
18351,118.728
18352,118.728
18353,118.728
18354,118.728
18355,118.182
18356,118.182
18357,118.182
18358,118.182
18359,118.182
18360,118.182
18361,118.182
18362,118.182
18363,118.182
18364,118.182
18365,118.182
18366,118.182
18367,118.182
18368,118.182
18369,118.182
18370,118.182
18371,118.182
18372,118.182
18373,118.182
18374,118.182
18375,117.854
18376,117.854
18377,117.854
18378,117.854
18379,117.854
18380,117.854
18381,117.854
18382,117.854
18383,117.854
18384,117.854
18385,117.854
18386,117.854
18387,117.854
18388,117.854
18389,117.854
18390,117.854
18391,117.854
18392,117.854
18393,117.854
18394,117.854
18395,118.182
18396,118.182
18397,118.182
18398,118.182
18399,118.182
18400,118.182
18401,118.182
18402,118.182
18403,118.182
18404,118.182
18405,118.182
18406,118.182
18407,118.182
18408,118.182
18409,118.182
18410,118.182
18411,118.182
18412,118.182
18413,118.182
18414,118.182
18415,118.455
18416,118.455
18417,118.455
18418,118.455
18419,118.455
18420,118.455
18421,118.455
18422,118.455
18423,118.455
18424,118.455
18425,118.455
18426,118.455
18427,118.455
18428,118.455
18429,118.455
18430,118.455
18431,118.455
18432,118.455
18433,118.455
18434,118.455
18435,118.455
18436,118.182
18437,118.182
18438,118.182
18439,118.182
18440,118.182
18441,118.182
18442,118.182
18443,118.182
18444,118.182
18445,118.182
18446,118.182
18447,118.182
18448,118.182
18449,118.182
18450,118.182
18451,118.182
18452,118.182
18453,118.182
18454,118.182
18455,118.182
18456,117.854
18457,117.854
18458,117.854
18459,117.854
18460,117.854
18461,117.854
18462,117.854
18463,117.854
18464,117.854
18465,117.854
18466,117.854
18467,117.854
18468,117.854
18469,117.854
18470,117.854
18471,117.854
18472,117.854
18473,117.854
18474,117.854
18475,117.854
18476,118.455
18477,118.455
18478,118.455
18479,118.455
18480,118.455
18481,118.455
18482,118.455
18483,118.455
18484,118.455
18485,118.455
18486,118.455
18487,118.455
18488,118.455
18489,118.455
18490,118.455
18491,118.455
18492,118.455
18493,118.455
18494,118.455
18495,118.455
18496,117.854
18497,117.854
18498,117.854
18499,117.854
18500,117.854
18501,117.854
18502,117.854
18503,117.854
18504,117.854
18505,117.854
18506,117.854
18507,117.854
18508,117.854
18509,117.854
18510,117.854
18511,117.854
18512,117.854
18513,117.854
18514,117.854
18515,117.854
18516,117.854
18517,117.854
18518,117.854
18519,117.854
18520,117.854
18521,117.854
18522,117.854
18523,117.854
18524,117.854
18525,117.854
18526,117.854
18527,117.854
18528,117.854
18529,117.854
18530,117.854
18531,117.854
18532,117.854
18533,117.854
18534,117.854
18535,117.854
18536,117.581
18537,117.581
18538,117.581
18539,117.581
18540,117.581
18541,117.581
18542,117.581
18543,117.581
18544,117.581
18545,117.581
18546,117.581
18547,117.581
18548,117.581
18549,117.581
18550,117.581
18551,117.581
18552,117.581
18553,117.581
18554,117.581
18555,117.581
18556,117.854
18557,117.854
18558,117.854
18559,117.854
18560,117.854
18561,117.854
18562,117.854
18563,117.854
18564,117.854
18565,117.854
18566,117.854
18567,117.854
18568,117.854
18569,117.854
18570,117.854
18571,117.854
18572,117.854
18573,117.854
18574,117.854
18575,117.854
18576,118.455
18577,118.455
18578,118.455
18579,118.455
18580,118.455
18581,118.455
18582,118.455
18583,118.455
18584,118.455
18585,118.455
18586,118.455
18587,118.455
18588,118.455
18589,118.455
18590,118.455
18591,118.455
18592,118.455
18593,118.455
18594,118.455
18595,118.455
18596,119.064
18597,119.064
18598,119.064
18599,119.064
18600,119.064
18601,119.064
18602,119.064
18603,119.064
18604,119.064
18605,119.064
18606,119.064
18607,119.064
18608,119.064
18609,119.064
18610,119.064
18611,119.064
18612,119.064
18613,119.064
18614,119.064
18615,119.064
18616,119.665
18617,119.665
18618,119.665
18619,119.665
18620,119.665
18621,119.665
18622,119.665
18623,119.665
18624,119.665
18625,119.665
18626,119.665
18627,119.665
18628,119.665
18629,119.665
18630,119.665
18631,119.665
18632,119.665
18633,119.665
18634,119.665
18635,119.665
18636,119.665
18637,119.939
18638,119.939
18639,119.939
18640,119.939
18641,119.939
18642,119.939
18643,119.939
18644,119.939
18645,119.939
18646,119.939
18647,119.939
18648,119.939
18649,119.939
18650,119.939
18651,119.939
18652,119.939
18653,119.939
18654,119.939
18655,119.939
18656,119.939
18657,112.965
18658,112.965
18659,112.965
18660,112.965
18661,112.965
18662,112.965
18663,112.965
18664,112.965
18665,112.965
18666,112.965
18667,112.965
18668,112.965
18669,112.965
18670,112.965
18671,112.965
18672,112.965
18673,112.965
18674,112.965
18675,112.965
18676,112.965
18677,117.42
18678,117.42
18679,117.42
18680,117.42
18681,117.42
18682,117.42
18683,117.42
18684,117.42
18685,117.42
18686,117.42
18687,117.42
18688,117.42
18689,117.42
18690,117.42
18691,117.42
18692,117.42
18693,117.42
18694,117.42
18695,117.42
18696,117.42
18697,117.975
18698,117.975
18699,117.975
18700,117.975
18701,117.975
18702,117.975
18703,117.975
18704,117.975
18705,117.975
18706,117.975
18707,117.975
18708,117.975
18709,117.975
18710,117.975
18711,117.975
18712,117.975
18713,117.975
18714,117.975
18715,117.975
18716,117.975
18717,118.303
18718,118.303
18719,118.303
18720,118.303
18721,118.303
18722,118.303
18723,118.303
18724,118.303
18725,118.303
18726,118.303
18727,118.303
18728,118.303
18729,118.303
18730,118.303
18731,118.303
18732,118.303
18733,118.303
18734,118.303
18735,118.303
18736,118.303
18737,118.303
18738,118.303
18739,118.303
18740,118.303
18741,118.303
18742,118.303
18743,118.303
18744,118.303
18745,118.303
18746,118.303
18747,118.303
18748,118.303
18749,118.303
18750,118.303
18751,118.303
18752,118.303
18753,118.303
18754,118.303
18755,118.303
18756,118.303
18757,117.975
18758,117.975
18759,117.975
18760,117.975
18761,117.975
18762,117.975
18763,117.975
18764,117.975
18765,117.975
18766,117.975
18767,117.975
18768,117.975
18769,117.975
18770,117.975
18771,117.975
18772,117.975
18773,117.975
18774,117.975
18775,117.975
18776,117.975
18777,118.303
18778,118.303
18779,118.303
18780,118.303
18781,118.303
18782,118.303
18783,118.303
18784,118.303
18785,118.303
18786,118.303
18787,118.303
18788,118.303
18789,118.303
18790,118.303
18791,118.303
18792,118.303
18793,118.303
18794,118.303
18795,118.303
18796,118.303
18797,118.577
18798,118.577
18799,118.577
18800,118.577
18801,118.577
18802,118.577
18803,118.577
18804,118.577
18805,118.577
18806,118.577
18807,118.577
18808,118.577
18809,118.577
18810,118.577
18811,118.577
18812,118.577
18813,118.577
18814,118.577
18815,118.577
18816,118.577
18817,118.577
18818,117.701
18819,117.701
18820,117.701
18821,117.701
18822,117.701
18823,117.701
18824,117.701
18825,117.701
18826,117.701
18827,117.701
18828,117.701
18829,117.701
18830,117.701
18831,117.701
18832,117.701
18833,117.701
18834,117.701
18835,117.701
18836,117.701
18837,117.701
18838,117.701
18839,117.975
18840,117.975
18841,117.975
18842,117.975
18843,117.975
18844,117.975
18845,117.975
18846,117.975
18847,117.975
18848,117.975
18849,117.975
18850,117.975
18851,117.975
18852,117.975
18853,117.975
18854,117.975
18855,117.975
18856,117.975
18857,117.975
18858,117.975
18859,117.975
18860,117.975
18861,117.975
18862,117.975
18863,117.975
18864,117.975
18865,117.975
18866,117.975
18867,117.975
18868,117.975
18869,117.975
18870,117.975
18871,117.975
18872,117.975
18873,117.975
18874,117.975
18875,117.975
18876,117.975
18877,117.975
18878,117.975
18879,117.975
18880,117.975
18881,117.975
18882,117.975
18883,117.975
18884,117.975
18885,117.975
18886,117.975
18887,117.975
18888,117.975
18889,117.975
18890,117.975
18891,117.975
18892,117.975
18893,117.975
18894,117.975
18895,117.975
18896,117.975
18897,117.975
18898,117.701
18899,117.701
18900,117.701
18901,117.701
18902,117.701
18903,117.701
18904,117.701
18905,117.701
18906,117.701
18907,117.701
18908,117.701
18909,117.701
18910,117.701
18911,117.701
18912,117.701
18913,117.701
18914,117.701
18915,117.701
18916,117.701
18917,117.701
18918,117.701
18919,117.701
18920,117.701
18921,117.701
18922,117.701
18923,117.701
18924,117.701
18925,117.701
18926,117.701
18927,117.701
18928,117.701
18929,117.701
18930,117.701
18931,117.701
18932,117.701
18933,117.701
18934,117.701
18935,117.701
18936,117.701
18937,117.701
18938,117.701
18939,118.182
18940,118.182
18941,118.182
18942,118.182
18943,118.182
18944,118.182
18945,118.182
18946,118.182
18947,118.182
18948,118.182
18949,118.182
18950,118.182
18951,118.182
18952,118.182
18953,118.182
18954,118.182
18955,118.182
18956,118.182
18957,118.182
18958,119.337
18959,119.337
18960,119.337
18961,119.337
18962,119.337
18963,119.337
18964,119.337
18965,119.337
18966,119.337
18967,119.337
18968,119.337
18969,119.337
18970,119.337
18971,119.337
18972,119.337
18973,119.337
18974,119.337
18975,119.337
18976,119.337
18977,119.337
18978,119.665
18979,119.665
18980,119.665
18981,119.665
18982,119.665
18983,119.665
18984,119.665
18985,119.665
18986,119.665
18987,119.665
18988,119.665
18989,119.665
18990,119.665
18991,119.665
18992,119.665
18993,119.665
18994,119.665
18995,119.665
18996,119.665
18997,119.665
18998,119.665
18999,120.22
19000,120.22
19001,120.22
19002,120.22
19003,120.22
19004,120.22
19005,120.22
19006,120.22
19007,120.22
19008,120.22
19009,120.22
19010,120.22
19011,120.22
19012,120.22
19013,120.22
19014,120.22
19015,120.22
19016,120.22
19017,120.22
19018,120.22
19019,119.665
19020,119.665
19021,119.665
19022,119.665
19023,119.665
19024,119.665
19025,119.665
19026,119.665
19027,119.665
19028,119.665
19029,119.665
19030,119.665
19031,119.665
19032,119.665
19033,119.665
19034,119.665
19035,119.665
19036,119.665
19037,119.665
19038,119.665
19039,119.064
19040,119.064
19041,119.064
19042,119.064
19043,119.064
19044,119.064
19045,119.064
19046,119.064
19047,119.064
19048,119.064
19049,119.064
19050,119.064
19051,119.064
19052,119.064
19053,119.064
19054,119.064
19055,119.064
19056,119.064
19057,119.064
19058,119.064
19059,119.064
19060,119.064
19061,119.064
19062,119.064
19063,119.064
19064,119.064
19065,119.064
19066,119.064
19067,119.064
19068,119.064
19069,119.064
19070,119.064
19071,119.064
19072,119.064
19073,119.064
19074,119.064
19075,119.064
19076,119.064
19077,119.064
19078,119.064
19079,119.064
19080,119.064
19081,119.064
19082,119.064
19083,119.064
19084,119.064
19085,119.064
19086,119.064
19087,119.064
19088,119.064
19089,119.064
19090,119.064
19091,119.064
19092,119.064
19093,119.064
19094,119.064
19095,119.064
19096,119.064
19097,119.064
19098,119.064
19099,118.728
19100,118.728
19101,118.728
19102,118.728
19103,118.728
19104,118.728
19105,118.728
19106,118.728
19107,118.728
19108,118.728
19109,118.728
19110,118.728
19111,118.728
19112,118.728
19113,118.728
19114,118.728
19115,118.728
19116,118.728
19117,118.728
19118,118.728
19119,118.182
19120,118.182
19121,118.182
19122,118.182
19123,118.182
19124,118.182
19125,118.182
19126,118.182
19127,118.182
19128,118.182
19129,118.182
19130,118.182
19131,118.182
19132,118.182
19133,118.182
19134,118.182
19135,118.182
19136,118.182
19137,118.182
19138,118.182
19139,118.182
19140,118.182
19141,118.182
19142,118.182
19143,118.182
19144,118.182
19145,118.182
19146,118.182
19147,118.182
19148,118.182
19149,118.182
19150,118.182
19151,118.182
19152,118.182
19153,118.182
19154,118.182
19155,118.182
19156,118.182
19157,118.182
19158,118.182
19159,118.182
19160,118.182
19161,118.182
19162,118.182
19163,118.182
19164,118.182
19165,118.182
19166,118.182
19167,118.182
19168,118.182
19169,118.182
19170,118.182
19171,118.182
19172,118.182
19173,118.182
19174,118.182
19175,118.182
19176,118.182
19177,118.182
19178,118.182
19179,117.854
19180,117.854
19181,117.854
19182,117.854
19183,117.854
19184,117.854
19185,117.854
19186,117.854
19187,117.854
19188,117.854
19189,117.854
19190,117.854
19191,117.854
19192,117.854
19193,117.854
19194,117.854
19195,117.854
19196,117.854
19197,117.854
19198,117.854
19199,118.182
19200,118.182
19201,118.182
19202,118.182
19203,118.182
19204,118.182
19205,118.182
19206,118.182
19207,118.182
19208,118.182
19209,118.182
19210,118.182
19211,118.182
19212,118.182
19213,118.182
19214,118.182
19215,118.182
19216,118.182
19217,118.182
19218,118.182
19219,118.455
19220,118.455
19221,118.455
19222,118.455
19223,118.455
19224,118.455
19225,118.455
19226,118.455
19227,118.455
19228,118.455
19229,118.455
19230,118.455
19231,118.455
19232,118.455
19233,118.455
19234,118.455
19235,118.455
19236,118.455
19237,118.455
19238,118.455
19239,118.455
19240,117.975
19241,117.975
19242,117.975
19243,117.975
19244,117.975
19245,117.975
19246,117.975
19247,117.975
19248,117.975
19249,117.975
19250,117.975
19251,117.975
19252,117.975
19253,117.975
19254,117.975
19255,117.975
19256,117.975
19257,117.975
19258,117.975
19259,117.975
19260,117.581
19261,117.581
19262,117.581
19263,117.581
19264,117.581
19265,117.581
19266,117.581
19267,117.581
19268,117.581
19269,117.581
19270,117.581
19271,117.581
19272,117.581
19273,117.581
19274,117.581
19275,117.581
19276,117.581
19277,117.581
19278,117.581
19279,117.581
19280,118.182
19281,118.182
19282,118.182
19283,118.182
19284,118.182
19285,118.182
19286,118.182
19287,118.182
19288,118.182
19289,118.182
19290,118.182
19291,118.182
19292,118.182
19293,118.182
19294,118.182
19295,118.182
19296,118.182
19297,118.182
19298,118.182
19299,118.182
19300,118.182
19301,118.182
19302,118.182
19303,118.182
19304,118.182
19305,118.182
19306,118.182
19307,118.182
19308,118.182
19309,118.182
19310,118.182
19311,118.182
19312,118.182
19313,118.182
19314,118.182
19315,118.182
19316,118.182
19317,118.182
19318,118.182
19319,118.182
19320,118.455
19321,118.455
19322,118.455
19323,118.455
19324,118.455
19325,118.455
19326,118.455
19327,118.455
19328,118.455
19329,118.455
19330,118.455
19331,118.455
19332,118.455
19333,118.455
19334,118.455
19335,118.455
19336,118.455
19337,118.455
19338,118.455
19339,118.455
19340,117.854
19341,117.854
19342,117.854
19343,117.854
19344,117.854
19345,117.854
19346,117.854
19347,117.854
19348,117.854
19349,117.854
19350,117.854
19351,117.854
19352,117.854
19353,117.854
19354,117.854
19355,117.854
19356,117.854
19357,117.854
19358,117.854
19359,117.854
19360,118.577
19361,118.577
19362,118.577
19363,118.577
19364,118.577
19365,118.577
19366,118.577
19367,118.577
19368,118.577
19369,118.577
19370,118.577
19371,118.577
19372,118.577
19373,118.577
19374,118.577
19375,118.577
19376,118.577
19377,118.577
19378,118.577
19379,118.577
19380,119.064
19381,119.064
19382,119.064
19383,119.064
19384,119.064
19385,119.064
19386,119.064
19387,119.064
19388,119.064
19389,119.064
19390,119.064
19391,119.064
19392,119.064
19393,119.064
19394,119.064
19395,119.064
19396,119.064
19397,119.064
19398,119.064
19399,119.064
19400,120.343
19401,120.343
19402,120.343
19403,120.343
19404,120.343
19405,120.343
19406,120.343
19407,120.343
19408,120.343
19409,120.343
19410,120.343
19411,120.343
19412,120.343
19413,120.343
19414,120.343
19415,120.343
19416,120.343
19417,120.343
19418,120.343
19419,120.343
19420,119.939
19421,119.939
19422,119.939
19423,119.939
19424,119.939
19425,119.939
19426,119.939
19427,119.939
19428,119.939
19429,119.939
19430,119.939
19431,119.939
19432,119.939
19433,119.939
19434,119.939
19435,119.939
19436,119.939
19437,119.939
19438,119.939
19439,119.939
19440,119.939
19441,119.337
19442,119.337
19443,119.337
19444,119.337
19445,119.337
19446,119.337
19447,119.337
19448,119.337
19449,119.337
19450,119.337
19451,119.337
19452,119.337
19453,119.337
19454,119.337
19455,119.337
19456,119.337
19457,119.337
19458,119.337
19459,119.337
19460,119.337
19461,119.064
19462,119.064
19463,119.064
19464,119.064
19465,119.064
19466,119.064
19467,119.064
19468,119.064
19469,119.064
19470,119.064
19471,119.064
19472,119.064
19473,119.064
19474,119.064
19475,119.064
19476,119.064
19477,119.064
19478,119.064
19479,119.064
19480,119.064
19481,119.064
19482,119.064
19483,119.064
19484,119.064
19485,119.064
19486,119.064
19487,119.064
19488,119.064
19489,119.064
19490,119.064
19491,119.064
19492,119.064
19493,119.064
19494,119.064
19495,119.064
19496,119.064
19497,119.064
19498,119.064
19499,119.064
19500,119.064
19501,118.728
19502,118.728
19503,118.728
19504,118.728
19505,118.728
19506,118.728
19507,118.728
19508,118.728
19509,118.728
19510,118.728
19511,118.728
19512,118.728
19513,118.728
19514,118.728
19515,118.728
19516,118.728
19517,118.728
19518,118.728
19519,118.728
19520,118.728
19521,119.064
19522,119.064
19523,119.064
19524,119.064
19525,119.064
19526,119.064
19527,119.064
19528,119.064
19529,119.064
19530,119.064
19531,119.064
19532,119.064
19533,119.064
19534,119.064
19535,119.064
19536,119.064
19537,119.064
19538,119.064
19539,119.064
19540,119.064
19541,117.854
19542,117.854
19543,117.854
19544,117.854
19545,117.854
19546,117.854
19547,117.854
19548,117.854
19549,117.854
19550,117.854
19551,117.854
19552,117.854
19553,117.854
19554,117.854
19555,117.854
19556,117.854
19557,117.854
19558,117.854
19559,117.854
19560,117.854
19561,117.581
19562,117.581
19563,117.581
19564,117.581
19565,117.581
19566,117.581
19567,117.581
19568,117.581
19569,117.581
19570,117.581
19571,117.581
19572,117.581
19573,117.581
19574,117.581
19575,117.581
19576,117.581
19577,117.581
19578,117.581
19579,117.581
19580,117.581
19581,118.182
19582,118.182
19583,118.182
19584,118.182
19585,118.182
19586,118.182
19587,118.182
19588,118.182
19589,118.182
19590,118.182
19591,118.182
19592,118.182
19593,118.182
19594,118.182
19595,118.182
19596,118.182
19597,118.182
19598,118.182
19599,118.182
19600,118.182
19601,118.455
19602,118.455
19603,118.455
19604,118.455
19605,118.455
19606,118.455
19607,118.455
19608,118.455
19609,118.455
19610,118.455
19611,118.455
19612,118.455
19613,118.455
19614,118.455
19615,118.455
19616,118.455
19617,118.455
19618,118.455
19619,118.455
19620,118.455
19621,118.182
19622,118.182
19623,118.182
19624,118.182
19625,118.182
19626,118.182
19627,118.182
19628,118.182
19629,118.182
19630,118.182
19631,118.182
19632,118.182
19633,118.182
19634,118.182
19635,118.182
19636,118.182
19637,118.182
19638,118.182
19639,118.182
19640,118.182
19641,118.182
19642,117.854
19643,117.854
19644,117.854
19645,117.854
19646,117.854
19647,117.854
19648,117.854
19649,117.854
19650,117.854
19651,117.854
19652,117.854
19653,117.854
19654,117.854
19655,117.854
19656,117.854
19657,117.854
19658,117.854
19659,117.854
19660,117.854
19661,118.182
19662,118.182
19663,118.182
19664,118.182
19665,118.182
19666,118.182
19667,118.182
19668,118.182
19669,118.182
19670,118.182
19671,118.182
19672,118.182
19673,118.182
19674,118.182
19675,118.182
19676,118.182
19677,118.182
19678,118.182
19679,118.182
19680,118.182
19681,118.182
19682,117.3
19683,117.3
19684,117.3
19685,117.3
19686,117.3
19687,117.3
19688,117.3
19689,117.3
19690,117.3
19691,117.3
19692,117.3
19693,117.3
19694,117.3
19695,117.3
19696,117.3
19697,117.3
19698,117.3
19699,117.3
19700,117.3
19701,117.3
19702,117.3
19703,117.3
19704,117.3
19705,117.3
19706,117.3
19707,117.3
19708,117.3
19709,117.3
19710,117.3
19711,117.3
19712,117.3
19713,117.3
19714,117.3
19715,117.3
19716,117.3
19717,117.3
19718,117.3
19719,117.3
19720,117.3
19721,117.3
19722,114.942
19723,114.942
19724,114.942
19725,114.942
19726,114.942
19727,114.942
19728,114.942
19729,114.942
19730,114.942
19731,114.942
19732,114.942
19733,114.942
19734,114.942
19735,114.942
19736,114.942
19737,114.942
19738,114.942
19739,114.942
19740,114.942
19741,114.942
19742,119.064
19743,119.064
19744,119.064
19745,119.064
19746,119.064
19747,119.064
19748,119.064
19749,119.064
19750,119.064
19751,119.064
19752,119.064
19753,119.064
19754,119.064
19755,119.064
19756,119.064
19757,119.064
19758,119.064
19759,119.064
19760,119.064
19761,119.064
19762,120.22
19763,120.22
19764,120.22
19765,120.22
19766,120.22
19767,120.22
19768,120.22
19769,120.22
19770,120.22
19771,120.22
19772,120.22
19773,120.22
19774,120.22
19775,120.22
19776,120.22
19777,120.22
19778,120.22
19779,120.22
19780,120.22
19781,120.22
19782,120.22
19783,120.22
19784,120.22
19785,120.22
19786,120.22
19787,120.22
19788,120.22
19789,120.22
19790,120.22
19791,120.22
19792,120.22
19793,120.22
19794,120.22
19795,120.22
19796,120.22
19797,120.22
19798,120.22
19799,120.22
19800,120.22
19801,120.22
19802,119.337
19803,119.337
19804,119.337
19805,119.337
19806,119.337
19807,119.337
19808,119.337
19809,119.337
19810,119.337
19811,119.337
19812,119.337
19813,119.337
19814,119.337
19815,119.337
19816,119.337
19817,119.337
19818,119.337
19819,119.337
19820,119.337
19821,119.337
19822,119.064
19823,119.064
19824,119.064
19825,119.064
19826,119.064
19827,119.064
19828,119.064
19829,119.064
19830,119.064
19831,119.064
19832,119.064
19833,119.064
19834,119.064
19835,119.064
19836,119.064
19837,119.064
19838,119.064
19839,119.064
19840,119.064
19841,119.064
19842,119.064
19843,118.728
19844,118.728
19845,118.728
19846,118.728
19847,118.728
19848,118.728
19849,118.728
19850,118.728
19851,118.728
19852,118.728
19853,118.728
19854,118.728
19855,118.728
19856,118.728
19857,118.728
19858,118.728
19859,118.728
19860,118.728
19861,118.728
19862,118.728
19863,118.85
19864,118.85
19865,118.85
19866,118.85
19867,118.85
19868,118.85
19869,118.85
19870,118.85
19871,118.85
19872,118.85
19873,118.85
19874,118.85
19875,118.85
19876,118.85
19877,118.85
19878,118.85
19879,118.85
19880,118.85
19881,118.85
19882,118.85
19883,118.577
19884,118.577
19885,118.577
19886,118.577
19887,118.577
19888,118.577
19889,118.577
19890,118.577
19891,118.577
19892,118.577
19893,118.577
19894,118.577
19895,118.577
19896,118.577
19897,118.577
19898,118.577
19899,118.577
19900,118.577
19901,118.577
19902,118.577
19903,117.975
19904,117.975
19905,117.975
19906,117.975
19907,117.975
19908,117.975
19909,117.975
19910,117.975
19911,117.975
19912,117.975
19913,117.975
19914,117.975
19915,117.975
19916,117.975
19917,117.975
19918,117.975
19919,117.975
19920,117.975
19921,117.975
19922,117.975
19923,118.303
19924,118.303
19925,118.303
19926,118.303
19927,118.303
19928,118.303
19929,118.303
19930,118.303
19931,118.303
19932,118.303
19933,118.303
19934,118.303
19935,118.303
19936,118.303
19937,118.303
19938,118.303
19939,118.303
19940,118.303
19941,118.303
19942,118.303
19943,118.303
19944,118.303
19945,118.303
19946,118.303
19947,118.303
19948,118.303
19949,118.303
19950,118.303
19951,118.303
19952,118.303
19953,118.303
19954,118.303
19955,118.303
19956,118.303
19957,118.303
19958,118.303
19959,118.303
19960,118.303
19961,118.303
19962,118.303
19963,117.975
19964,117.975
19965,117.975
19966,117.975
19967,117.975
19968,117.975
19969,117.975
19970,117.975
19971,117.975
19972,117.975
19973,117.975
19974,117.975
19975,117.975
19976,117.975
19977,117.975
19978,117.975
19979,117.975
19980,117.975
19981,117.975
19982,117.975
19983,117.975
19984,117.975
19985,117.975
19986,117.975
19987,117.975
19988,117.975
19989,117.975
19990,117.975
19991,117.975
19992,117.975
19993,117.975
19994,117.975
19995,117.975
19996,117.975
19997,117.975
19998,117.975
19999,117.975
20000,117.975
20001,117.975
20002,117.975
20003,118.303
20004,118.303
20005,118.303
20006,118.303
20007,118.303
20008,118.303
20009,118.303
20010,118.303
20011,118.303
20012,118.303
20013,118.303
20014,118.303
20015,118.303
20016,118.303
20017,118.303
20018,118.303
20019,118.303
20020,118.303
20021,118.303
20022,118.303
20023,118.303
20024,117.701
20025,117.701
20026,117.701
20027,117.701
20028,117.701
20029,117.701
20030,117.701
20031,117.701
20032,117.701
20033,117.701
20034,117.701
20035,117.701
20036,117.701
20037,117.701
20038,117.701
20039,117.701
20040,117.701
20041,117.701
20042,117.701
20043,117.701
20044,117.701
20045,117.701
20046,117.701
20047,117.701
20048,117.701
20049,117.701
20050,117.701
20051,117.701
20052,117.701
20053,117.701
20054,117.701
20055,117.701
20056,117.701
20057,117.701
20058,117.701
20059,117.701
20060,117.701
20061,117.701
20062,117.701
20063,117.701
20064,118.303
20065,118.303
20066,118.303
20067,118.303
20068,118.303
20069,118.303
20070,118.303
20071,118.303
20072,118.303
20073,118.303
20074,118.303
20075,118.303
20076,118.303
20077,118.303
20078,118.303
20079,118.303
20080,118.303
20081,118.303
20082,118.303
20083,118.303
20084,118.85
20085,118.85
20086,118.85
20087,118.85
20088,118.85
20089,118.85
20090,118.85
20091,118.85
20092,118.85
20093,118.85
20094,118.85
20095,118.85
20096,118.85
20097,118.85
20098,118.85
20099,118.85
20100,118.85
20101,118.85
20102,118.85
20103,118.85
20104,118.303
20105,118.303
20106,118.303
20107,118.303
20108,118.303
20109,118.303
20110,118.303
20111,118.303
20112,118.303
20113,118.303
20114,118.303
20115,118.303
20116,118.303
20117,118.303
20118,118.303
20119,118.303
20120,118.303
20121,118.303
20122,118.303
20123,118.303
20124,117.975
20125,117.975
20126,117.975
20127,117.975
20128,117.975
20129,117.975
20130,117.975
20131,117.975
20132,117.975
20133,117.975
20134,117.975
20135,117.975
20136,117.975
20137,117.975
20138,117.975
20139,117.975
20140,117.975
20141,117.975
20142,117.975
20143,117.975
20144,118.577
20145,118.577
20146,118.577
20147,118.577
20148,118.577
20149,118.577
20150,118.577
20151,118.577
20152,118.577
20153,118.577
20154,118.577
20155,118.577
20156,118.577
20157,118.577
20158,118.577
20159,118.577
20160,118.577
20161,118.577
20162,118.577
20163,118.577
20164,119.337
20165,119.337
20166,119.337
20167,119.337
20168,119.337
20169,119.337
20170,119.337
20171,119.337
20172,119.337
20173,119.337
20174,119.337
20175,119.337
20176,119.337
20177,119.337
20178,119.337
20179,119.337
20180,119.337
20181,119.337
20182,119.337
20183,119.337
20184,119.337
20185,119.337
20186,119.337
20187,119.337
20188,119.337
20189,119.337
20190,119.337
20191,119.337
20192,119.337
20193,119.337
20194,119.337
20195,119.337
20196,119.337
20197,119.337
20198,119.337
20199,119.337
20200,119.337
20201,119.337
20202,119.337
20203,119.337
20204,119.939
20205,119.939
20206,119.939
20207,119.939
20208,119.939
20209,119.939
20210,119.939
20211,119.939
20212,119.939
20213,119.939
20214,119.939
20215,119.939
20216,119.939
20217,119.939
20218,119.939
20219,119.939
20220,119.939
20221,119.939
20222,119.939
20223,119.939
20224,119.46
20225,119.46
20226,119.46
20227,119.46
20228,119.46
20229,119.46
20230,119.46
20231,119.46
20232,119.46
20233,119.46
20234,119.46
20235,119.46
20236,119.46
20237,119.46
20238,119.46
20239,119.46
20240,119.46
20241,119.46
20242,119.46
20243,119.46
20244,119.46
20245,119.064
20246,119.064
20247,119.064
20248,119.064
20249,119.064
20250,119.064
20251,119.064
20252,119.064
20253,119.064
20254,119.064
20255,119.064
20256,119.064
20257,119.064
20258,119.064
20259,119.064
20260,119.064
20261,119.064
20262,119.064
20263,119.064
20264,119.064
20265,119.064
20266,119.064
20267,119.064
20268,119.064
20269,119.064
20270,119.064
20271,119.064
20272,119.064
20273,119.064
20274,119.064
20275,119.064
20276,119.064
20277,119.064
20278,119.064
20279,119.064
20280,119.064
20281,119.064
20282,119.064
20283,119.064
20284,119.064
20285,118.455
20286,118.455
20287,118.455
20288,118.455
20289,118.455
20290,118.455
20291,118.455
20292,118.455
20293,118.455
20294,118.455
20295,118.455
20296,118.455
20297,118.455
20298,118.455
20299,118.455
20300,118.455
20301,118.455
20302,118.455
20303,118.455
20304,118.455
20305,118.728
20306,118.728
20307,118.728
20308,118.728
20309,118.728
20310,118.728
20311,118.728
20312,118.728
20313,118.728
20314,118.728
20315,118.728
20316,118.728
20317,118.728
20318,118.728
20319,118.728
20320,118.728
20321,118.728
20322,118.728
20323,118.728
20324,118.728
20325,117.975
20326,117.975
20327,117.975
20328,117.975
20329,117.975
20330,117.975
20331,117.975
20332,117.975
20333,117.975
20334,117.975
20335,117.975
20336,117.975
20337,117.975
20338,117.975
20339,117.975
20340,117.975
20341,117.975
20342,117.975
20343,117.975
20344,117.975
20345,117.581
20346,117.581
20347,117.581
20348,117.581
20349,117.581
20350,117.581
20351,117.581
20352,117.581
20353,117.581
20354,117.581
20355,117.581
20356,117.581
20357,117.581
20358,117.581
20359,117.581
20360,117.581
20361,117.581
20362,117.581
20363,117.581
20364,117.581
20365,118.182
20366,118.182
20367,118.182
20368,118.182
20369,118.182
20370,118.182
20371,118.182
20372,118.182
20373,118.182
20374,118.182
20375,118.182
20376,118.182
20377,118.182
20378,118.182
20379,118.182
20380,118.182
20381,118.182
20382,118.182
20383,118.182
20384,118.182
20385,118.334
20386,118.334
20387,118.334
20388,118.334
20389,118.334
20390,118.334
20391,118.334
20392,118.334
20393,118.334
20394,118.334
20395,118.334
20396,118.334
20397,118.334
20398,118.334
20399,118.334
20400,118.334
20401,118.334
20402,118.334
20403,118.334
20404,118.334
20405,118.182
20406,118.182
20407,118.182
20408,118.182
20409,118.182
20410,118.182
20411,118.182
20412,118.182
20413,118.182
20414,118.182
20415,118.182
20416,118.182
20417,118.182
20418,118.182
20419,118.182
20420,118.182
20421,118.182
20422,118.182
20423,118.182
20424,118.182
20425,117.854
20426,117.854
20427,117.854
20428,117.854
20429,117.854
20430,117.854
20431,117.854
20432,117.854
20433,117.854
20434,117.854
20435,117.854
20436,117.854
20437,117.854
20438,117.854
20439,117.854
20440,117.854
20441,117.854
20442,117.854
20443,117.854
20444,117.854
20445,117.854
20446,117.854
20447,117.854
20448,117.854
20449,117.854
20450,117.854
20451,117.854
20452,117.854
20453,117.854
20454,117.854
20455,117.854
20456,117.854
20457,117.854
20458,117.854
20459,117.854
20460,117.854
20461,117.854
20462,117.854
20463,117.854
20464,117.854
20465,117.854
20466,117.3
20467,117.3
20468,117.3
20469,117.3
20470,117.3
20471,117.3
20472,117.3
20473,117.3
20474,117.3
20475,117.3
20476,117.3
20477,117.3
20478,117.3
20479,117.3
20480,117.3
20481,117.3
20482,117.3
20483,117.3
20484,117.3
20485,117.3
20486,117.854
20487,117.854
20488,117.854
20489,117.854
20490,117.854
20491,117.854
20492,117.854
20493,117.854
20494,117.854
20495,117.854
20496,117.854
20497,117.854
20498,117.854
20499,117.854
20500,117.854
20501,117.854
20502,117.854
20503,117.854
20504,117.854
20505,117.854
20506,119.337
20507,119.337
20508,119.337
20509,119.337
20510,119.337
20511,119.337
20512,119.337
20513,119.337
20514,119.337
20515,119.337
20516,119.337
20517,119.337
20518,119.337
20519,119.337
20520,119.337
20521,119.337
20522,119.337
20523,119.337
20524,119.337
20525,119.337
20526,118.728
20527,118.728
20528,118.728
20529,118.728
20530,118.728
20531,118.728
20532,118.728
20533,118.728
20534,118.728
20535,118.728
20536,118.728
20537,118.728
20538,118.728
20539,118.728
20540,118.728
20541,118.728
20542,118.728
20543,118.728
20544,118.728
20545,118.728
20546,118.85
20547,118.85
20548,118.85
20549,118.85
20550,118.85
20551,118.85
20552,118.85
20553,118.85
20554,118.85
20555,118.85
20556,118.85
20557,118.85
20558,118.85
20559,118.85
20560,118.85
20561,118.85
20562,118.85
20563,118.85
20564,118.85
20565,118.85
20566,118.85
20567,118.85
20568,118.85
20569,118.85
20570,118.85
20571,118.85
20572,118.85
20573,118.85
20574,118.85
20575,118.85
20576,118.85
20577,118.85
20578,118.85
20579,118.85
20580,118.85
20581,118.85
20582,118.85
20583,118.85
20584,118.85
20585,118.85
20586,119.064
20587,119.064
20588,119.064
20589,119.064
20590,119.064
20591,119.064
20592,119.064
20593,119.064
20594,119.064
20595,119.064
20596,119.064
20597,119.064
20598,119.064
20599,119.064
20600,119.064
20601,119.064
20602,119.064
20603,119.064
20604,119.064
20605,119.064
20606,119.064
20607,119.064
20608,119.064
20609,119.064
20610,119.064
20611,119.064
20612,119.064
20613,119.064
20614,119.064
20615,119.064
20616,119.064
20617,119.064
20618,119.064
20619,119.064
20620,119.064
20621,119.064
20622,119.064
20623,119.064
20624,119.064
20625,119.064
20626,119.064
20627,119.064
20628,119.064
20629,119.064
20630,119.064
20631,119.064
20632,119.064
20633,119.064
20634,119.064
20635,119.064
20636,119.064
20637,119.064
20638,119.064
20639,119.064
20640,119.064
20641,119.064
20642,119.064
20643,119.064
20644,119.064
20645,119.064
20646,119.064
20647,119.064
20648,119.064
20649,119.064
20650,119.064
20651,119.064
20652,119.064
20653,119.064
20654,119.064
20655,119.064
20656,119.064
20657,119.064
20658,119.064
20659,119.064
20660,119.064
20661,119.064
20662,119.064
20663,119.064
20664,119.064
20665,119.064
20666,119.064
20667,119.064
20668,119.064
20669,119.064
20670,119.064
20671,119.064
20672,119.064
20673,119.064
20674,119.064
20675,119.064
20676,119.064
20677,119.064
20678,119.064
20679,119.064
20680,119.064
20681,119.064
20682,119.064
20683,119.064
20684,119.064
20685,119.064
20686,119.064
20687,118.728
20688,118.728
20689,118.728
20690,118.728
20691,118.728
20692,118.728
20693,118.728
20694,118.728
20695,118.728
20696,118.728
20697,118.728
20698,118.728
20699,118.728
20700,118.728
20701,118.728
20702,118.728
20703,118.728
20704,118.728
20705,118.728
20706,118.728
20707,118.455
20708,118.455
20709,118.455
20710,118.455
20711,118.455
20712,118.455
20713,118.455
20714,118.455
20715,118.455
20716,118.455
20717,118.455
20718,118.455
20719,118.455
20720,118.455
20721,118.455
20722,118.455
20723,118.455
20724,118.455
20725,118.455
20726,118.455
20727,117.733
20728,117.733
20729,117.733
20730,117.733
20731,117.733
20732,117.733
20733,117.733
20734,117.733
20735,117.733
20736,117.733
20737,117.733
20738,117.733
20739,117.733
20740,117.733
20741,117.733
20742,117.733
20743,117.733
20744,117.733
20745,117.733
20746,117.733
20747,118.061
20748,118.061
20749,118.061
20750,118.061
20751,118.061
20752,118.061
20753,118.061
20754,118.061
20755,118.061
20756,118.061
20757,118.061
20758,118.061
20759,118.061
20760,118.061
20761,118.061
20762,118.061
20763,118.061
20764,118.061
20765,118.061
20766,118.061
20767,113.888
20768,113.888
20769,113.888
20770,113.888
20771,113.888
20772,113.888
20773,113.888
20774,113.888
20775,113.888
20776,113.888
20777,113.888
20778,113.888
20779,113.888
20780,113.888
20781,113.888
20782,113.888
20783,113.888
20784,113.888
20785,113.888
20786,113.888
20787,115.488
20788,115.488
20789,115.488
20790,115.488
20791,115.488
20792,115.488
20793,115.488
20794,115.488
20795,115.488
20796,115.488
20797,115.488
20798,115.488
20799,115.488
20800,115.488
20801,115.488
20802,115.488
20803,115.488
20804,115.488
20805,115.488
20806,115.488
20807,116.972
20808,116.972
20809,116.972
20810,116.972
20811,116.972
20812,116.972
20813,116.972
20814,116.972
20815,116.972
20816,116.972
20817,116.972
20818,116.972
20819,116.972
20820,116.972
20821,116.972
20822,116.972
20823,116.972
20824,116.972
20825,116.972
20826,116.972
20827,117.581
20828,117.581
20829,117.581
20830,117.581
20831,117.581
20832,117.581
20833,117.581
20834,117.581
20835,117.581
20836,117.581
20837,117.581
20838,117.581
20839,117.581
20840,117.581
20841,117.581
20842,117.581
20843,117.581
20844,117.581
20845,117.581
20846,117.581
20847,117.581
20848,117.3
20849,117.3
20850,117.3
20851,117.3
20852,117.3
20853,117.3
20854,117.3
20855,117.3
20856,117.3
20857,117.3
20858,117.3
20859,117.3
20860,117.3
20861,117.3
20862,117.3
20863,117.3
20864,117.3
20865,117.3
20866,117.3
20867,117.3
20868,118.728
20869,118.728
20870,118.728
20871,118.728
20872,118.728
20873,118.728
20874,118.728
20875,118.728
20876,118.728
20877,118.728
20878,118.728
20879,118.728
20880,118.728
20881,118.728
20882,118.728
20883,118.728
20884,118.728
20885,118.728
20886,118.728
20887,118.728
20888,119.337
20889,119.337
20890,119.337
20891,119.337
20892,119.337
20893,119.337
20894,119.337
20895,119.337
20896,119.337
20897,119.337
20898,119.337
20899,119.337
20900,119.337
20901,119.337
20902,119.337
20903,119.337
20904,119.337
20905,119.337
20906,119.337
20907,119.337
20908,119.337
20909,119.337
20910,119.337
20911,119.337
20912,119.337
20913,119.337
20914,119.337
20915,119.337
20916,119.337
20917,119.337
20918,119.337
20919,119.337
20920,119.337
20921,119.337
20922,119.337
20923,119.337
20924,119.337
20925,119.337
20926,119.337
20927,119.337
20928,119.788
20929,119.788
20930,119.788
20931,119.788
20932,119.788
20933,119.788
20934,119.788
20935,119.788
20936,119.788
20937,119.788
20938,119.788
20939,119.788
20940,119.788
20941,119.788
20942,119.788
20943,119.788
20944,119.788
20945,119.788
20946,119.788
20947,119.788
20948,119.46
20949,119.46
20950,119.46
20951,119.46
20952,119.46
20953,119.46
20954,119.46
20955,119.46
20956,119.46
20957,119.46
20958,119.46
20959,119.46
20960,119.46
20961,119.46
20962,119.46
20963,119.46
20964,119.46
20965,119.46
20966,119.46
20967,119.46
20968,119.186
20969,119.186
20970,119.186
20971,119.186
20972,119.186
20973,119.186
20974,119.186
20975,119.186
20976,119.186
20977,119.186
20978,119.186
20979,119.186
20980,119.186
20981,119.186
20982,119.186
20983,119.186
20984,119.186
20985,119.186
20986,119.186
20987,119.186
20988,119.337
20989,119.337
20990,119.337
20991,119.337
20992,119.337
20993,119.337
20994,119.337
20995,119.337
20996,119.337
20997,119.337
20998,119.337
20999,119.337
21000,119.337
21001,119.337
21002,119.337
21003,119.337
21004,119.337
21005,119.337
21006,119.337
21007,119.337
21008,119.46
21009,119.46
21010,119.46
21011,119.46
21012,119.46
21013,119.46
21014,119.46
21015,119.46
21016,119.46
21017,119.46
21018,119.46
21019,119.46
21020,119.46
21021,119.46
21022,119.46
21023,119.46
21024,119.46
21025,119.46
21026,119.46
21027,119.46
21028,118.577
21029,118.577
21030,118.577
21031,118.577
21032,118.577
21033,118.577
21034,118.577
21035,118.577
21036,118.577
21037,118.577
21038,118.577
21039,118.577
21040,118.577
21041,118.577
21042,118.577
21043,118.577
21044,118.577
21045,118.577
21046,118.577
21047,118.577
21048,118.577
21049,118.85
21050,118.85
21051,118.85
21052,118.85
21053,118.85
21054,118.85
21055,118.85
21056,118.85
21057,118.85
21058,118.85
21059,118.85
21060,118.85
21061,118.85
21062,118.85
21063,118.85
21064,118.85
21065,118.85
21066,118.85
21067,118.85
21068,118.85
21069,118.85
21070,118.85
21071,118.85
21072,118.85
21073,118.85
21074,118.85
21075,118.85
21076,118.85
21077,118.85
21078,118.85
21079,118.85
21080,118.85
21081,118.85
21082,118.85
21083,118.85
21084,118.85
21085,118.85
21086,118.85
21087,118.85
21088,118.85
21089,117.701
21090,117.701
21091,117.701
21092,117.701
21093,117.701
21094,117.701
21095,117.701
21096,117.701
21097,117.701
21098,117.701
21099,117.701
21100,117.701
21101,117.701
21102,117.701
21103,117.701
21104,117.701
21105,117.701
21106,117.701
21107,117.701
21108,117.701
21109,117.975
21110,117.975
21111,117.975
21112,117.975
21113,117.975
21114,117.975
21115,117.975
21116,117.975
21117,117.975
21118,117.975
21119,117.975
21120,117.975
21121,117.975
21122,117.975
21123,117.975
21124,117.975
21125,117.975
21126,117.975
21127,117.975
21128,117.975
21129,118.577
21130,118.577
21131,118.577
21132,118.577
21133,118.577
21134,118.577
21135,118.577
21136,118.577
21137,118.577
21138,118.577
21139,118.577
21140,118.577
21141,118.577
21142,118.577
21143,118.577
21144,118.577
21145,118.577
21146,118.577
21147,118.577
21148,118.577
21149,118.303
21150,118.303
21151,118.303
21152,118.303
21153,118.303
21154,118.303
21155,118.303
21156,118.303
21157,118.303
21158,118.303
21159,118.303
21160,118.303
21161,118.303
21162,118.303
21163,118.303
21164,118.303
21165,118.303
21166,118.303
21167,118.303
21168,118.303
21169,117.975
21170,117.975
21171,117.975
21172,117.975
21173,117.975
21174,117.975
21175,117.975
21176,117.975
21177,117.975
21178,117.975
21179,117.975
21180,117.975
21181,117.975
21182,117.975
21183,117.975
21184,117.975
21185,117.975
21186,117.975
21187,117.975
21188,117.975
21189,118.303
21190,118.303
21191,118.303
21192,118.303
21193,118.303
21194,118.303
21195,118.303
21196,118.303
21197,118.303
21198,118.303
21199,118.303
21200,118.303
21201,118.303
21202,118.303
21203,118.303
21204,118.303
21205,118.303
21206,118.303
21207,118.303
21208,118.303
21209,117.975
21210,117.975
21211,117.975
21212,117.975
21213,117.975
21214,117.975
21215,117.975
21216,117.975
21217,117.975
21218,117.975
21219,117.975
21220,117.975
21221,117.975
21222,117.975
21223,117.975
21224,117.975
21225,117.975
21226,117.975
21227,117.975
21228,117.975
21229,117.975
21230,117.975
21231,117.975
21232,117.975
21233,117.975
21234,117.975
21235,117.975
21236,117.975
21237,117.975
21238,117.975
21239,117.975
21240,117.975
21241,117.975
21242,117.975
21243,117.975
21244,117.975
21245,117.975
21246,117.975
21247,117.975
21248,117.975
21249,117.975
21250,117.975
21251,117.701
21252,117.701
21253,117.701
21254,117.701
21255,117.701
21256,117.701
21257,117.701
21258,117.701
21259,117.701
21260,117.701
21261,117.701
21262,117.701
21263,117.701
21264,117.701
21265,117.701
21266,117.701
21267,117.701
21268,117.701
21269,117.701
21270,117.701
21271,117.701
21272,117.701
21273,117.701
21274,117.701
21275,117.701
21276,117.701
21277,117.701
21278,117.701
21279,117.701
21280,117.701
21281,117.701
21282,117.701
21283,117.701
21284,117.701
21285,117.701
21286,117.701
21287,117.701
21288,117.701
21289,117.701
21290,118.577
21291,118.577
21292,118.577
21293,118.577
21294,118.577
21295,118.577
21296,118.577
21297,118.577
21298,118.577
21299,118.577
21300,118.577
21301,118.577
21302,118.577
21303,118.577
21304,118.577
21305,118.577
21306,118.577
21307,118.577
21308,118.577
21309,118.577
21310,119.186
21311,119.186
21312,119.186
21313,119.186
21314,119.186
21315,119.186
21316,119.186
21317,119.186
21318,119.186
21319,119.186
21320,119.186
21321,119.186
21322,119.186
21323,119.186
21324,119.186
21325,119.186
21326,119.186
21327,119.186
21328,119.186
21329,119.186
21330,120.062
21331,120.062
21332,120.062
21333,120.062
21334,120.062
21335,120.062
21336,120.062
21337,120.062
21338,120.062
21339,120.062
21340,120.062
21341,120.062
21342,120.062
21343,120.062
21344,120.062
21345,120.062
21346,120.062
21347,120.062
21348,120.062
21349,120.062
21350,120.062
21351,120.062
21352,120.062
21353,120.062
21354,120.062
21355,120.062
21356,120.062
21357,120.062
21358,120.062
21359,120.062
21360,120.062
21361,120.062
21362,120.062
21363,120.062
21364,120.062
21365,120.062
21366,120.062
21367,120.062
21368,120.062
21369,120.062
21370,119.788
21371,119.788
21372,119.788
21373,119.788
21374,119.788
21375,119.788
21376,119.788
21377,119.788
21378,119.788
21379,119.788
21380,119.788
21381,119.788
21382,119.788
21383,119.788
21384,119.788
21385,119.788
21386,119.788
21387,119.788
21388,119.788
21389,119.788
21390,119.186
21391,119.186
21392,119.186
21393,119.186
21394,119.186
21395,119.186
21396,119.186
21397,119.186
21398,119.186
21399,119.186
21400,119.186
21401,119.186
21402,119.186
21403,119.186
21404,119.186
21405,119.186
21406,119.186
21407,119.186
21408,119.186
21409,119.186
21410,119.064
21411,119.064
21412,119.064
21413,119.064
21414,119.064
21415,119.064
21416,119.064
21417,119.064
21418,119.064
21419,119.064
21420,119.064
21421,119.064
21422,119.064
21423,119.064
21424,119.064
21425,119.064
21426,119.064
21427,119.064
21428,119.064
21429,119.064
21430,119.064
21431,119.064
21432,119.064
21433,119.064
21434,119.064
21435,119.064
21436,119.064
21437,119.064
21438,119.064
21439,119.064
21440,119.064
21441,119.064
21442,119.064
21443,119.064
21444,119.064
21445,119.064
21446,119.064
21447,119.064
21448,119.064
21449,119.064
21450,119.064
21451,118.728
21452,118.728
21453,118.728
21454,118.728
21455,118.728
21456,118.728
21457,118.728
21458,118.728
21459,118.728
21460,118.728
21461,118.728
21462,118.728
21463,118.728
21464,118.728
21465,118.728
21466,118.728
21467,118.728
21468,118.728
21469,118.728
21470,118.728
21471,118.182
21472,118.182
21473,118.182
21474,118.182
21475,118.182
21476,118.182
21477,118.182
21478,118.182
21479,118.182
21480,118.182
21481,118.182
21482,118.182
21483,118.182
21484,118.182
21485,118.182
21486,118.182
21487,118.182
21488,118.182
21489,118.182
21490,118.182
21491,118.455
21492,118.455
21493,118.455
21494,118.455
21495,118.455
21496,118.455
21497,118.455
21498,118.455
21499,118.455
21500,118.455
21501,118.455
21502,118.455
21503,118.455
21504,118.455
21505,118.455
21506,118.455
21507,118.455
21508,118.455
21509,118.455
21510,118.455
21511,117.854
21512,117.854
21513,117.854
21514,117.854
21515,117.854
21516,117.854
21517,117.854
21518,117.854
21519,117.854
21520,117.854
21521,117.854
21522,117.854
21523,117.854
21524,117.854
21525,117.854
21526,117.854
21527,117.854
21528,117.854
21529,117.854
21530,117.854
21531,117.854
21532,117.854
21533,117.854
21534,117.854
21535,117.854
21536,117.854
21537,117.854
21538,117.854
21539,117.854
21540,117.854
21541,117.854
21542,117.854
21543,117.854
21544,117.854
21545,117.854
21546,117.854
21547,117.854
21548,117.854
21549,117.854
21550,117.854
21551,118.455
21552,118.455
21553,118.455
21554,118.455
21555,118.455
21556,118.455
21557,118.455
21558,118.455
21559,118.455
21560,118.455
21561,118.455
21562,118.455
21563,118.455
21564,118.455
21565,118.455
21566,118.455
21567,118.455
21568,118.455
21569,118.455
21570,118.455
21571,118.455
21572,118.455
21573,118.455
21574,118.455
21575,118.455
21576,118.455
21577,118.455
21578,118.455
21579,118.455
21580,118.455
21581,118.455
21582,118.455
21583,118.455
21584,118.455
21585,118.455
21586,118.455
21587,118.455
21588,118.455
21589,118.455
21590,118.455
21591,117.854
21592,117.854
21593,117.854
21594,117.854
21595,117.854
21596,117.854
21597,117.854
21598,117.854
21599,117.854
21600,117.854
21601,117.854
21602,117.854
21603,117.854
21604,117.854
21605,117.854
21606,117.854
21607,117.854
21608,117.854
21609,117.854
21610,117.854
21611,117.854
21612,117.854
21613,117.854
21614,117.854
21615,117.854
21616,117.854
21617,117.854
21618,117.854
21619,117.854
21620,117.854
21621,117.854
21622,117.854
21623,117.854
21624,117.854
21625,117.854
21626,117.854
21627,117.854
21628,117.854
21629,117.854
21630,117.854
21631,118.182
21632,118.182
21633,118.182
21634,118.182
21635,118.182
21636,118.182
21637,118.182
21638,118.182
21639,118.182
21640,118.182
21641,118.182
21642,118.182
21643,118.182
21644,118.182
21645,118.182
21646,118.182
21647,118.182
21648,118.182
21649,118.182
21650,118.182
21651,117.854
21652,117.854
21653,117.854
21654,117.854
21655,117.854
21656,117.854
21657,117.854
21658,117.854
21659,117.854
21660,117.854
21661,117.854
21662,117.854
21663,117.854
21664,117.854
21665,117.854
21666,117.854
21667,117.854
21668,117.854
21669,117.854
21670,117.854
21671,118.455
21672,118.455
21673,118.455
21674,118.455
21675,118.455
21676,118.455
21677,118.455
21678,118.455
21679,118.455
21680,118.455
21681,118.455
21682,118.455
21683,118.455
21684,118.455
21685,118.455
21686,118.455
21687,118.455
21688,118.455
21689,118.455
21690,118.455
21691,118.182
21692,118.182
21693,118.182
21694,118.182
21695,118.182
21696,118.182
21697,118.182
21698,118.182
21699,118.182
21700,118.182
21701,118.182
21702,118.182
21703,118.182
21704,118.182
21705,118.182
21706,118.182
21707,118.182
21708,118.182
21709,118.182
21710,118.182
21711,118.455
21712,118.455
21713,118.455
21714,118.455
21715,118.455
21716,118.455
21717,118.455
21718,118.455
21719,118.455
21720,118.455
21721,118.455
21722,118.455
21723,118.455
21724,118.455
21725,118.455
21726,118.455
21727,118.455
21728,118.455
21729,118.455
21730,118.455
21731,119.337
21732,119.337
21733,119.337
21734,119.337
21735,119.337
21736,119.337
21737,119.337
21738,119.337
21739,119.337
21740,119.337
21741,119.337
21742,119.337
21743,119.337
21744,119.337
21745,119.337
21746,119.337
21747,119.337
21748,119.337
21749,119.337
21750,119.337
21751,119.337
21752,120.548
21753,120.548
21754,120.548
21755,120.548
21756,120.548
21757,120.548
21758,120.548
21759,120.548
21760,120.548
21761,120.548
21762,120.548
21763,120.548
21764,120.548
21765,120.548
21766,120.548
21767,120.548
21768,120.548
21769,120.548
21770,120.548
21771,120.548
21772,120.22
21773,120.22
21774,120.22
21775,120.22
21776,120.22
21777,120.22
21778,120.22
21779,120.22
21780,120.22
21781,120.22
21782,120.22
21783,120.22
21784,120.22
21785,120.22
21786,120.22
21787,120.22
21788,120.22
21789,120.22
21790,120.22
21791,120.22
21792,119.665
21793,119.665
21794,119.665
21795,119.665
21796,119.665
21797,119.665
21798,119.665
21799,119.665
21800,119.665
21801,119.665
21802,119.665
21803,119.665
21804,119.665
21805,119.665
21806,119.665
21807,119.665
21808,119.665
21809,119.665
21810,119.665
21811,119.665
21812,119.337
21813,119.337
21814,119.337
21815,119.337
21816,119.337
21817,119.337
21818,119.337
21819,119.337
21820,119.337
21821,119.337
21822,119.337
21823,119.337
21824,119.337
21825,119.337
21826,119.337
21827,119.337
21828,119.337
21829,119.337
21830,119.337
21831,119.337
21832,112.576
21833,112.576
21834,112.576
21835,112.576
21836,112.576
21837,112.576
21838,112.576
21839,112.576
21840,112.576
21841,112.576
21842,112.576
21843,112.576
21844,112.576
21845,112.576
21846,112.576
21847,112.576
21848,112.576
21849,112.576
21850,112.576
21851,112.576
21852,116.37
21853,116.37
21854,116.37
21855,116.37
21856,116.37
21857,116.37
21858,116.37
21859,116.37
21860,116.37
21861,116.37
21862,116.37
21863,116.37
21864,116.37
21865,116.37
21866,116.37
21867,116.37
21868,116.37
21869,116.37
21870,116.37
21871,116.37
21872,117.854
21873,117.854
21874,117.854
21875,117.854
21876,117.854
21877,117.854
21878,117.854
21879,117.854
21880,117.854
21881,117.854
21882,117.854
21883,117.854
21884,117.854
21885,117.854
21886,117.854
21887,117.854
21888,117.854
21889,117.854
21890,117.854
21891,117.854
21892,118.182
21893,118.182
21894,118.182
21895,118.182
21896,118.182
21897,118.182
21898,118.182
21899,118.182
21900,118.182
21901,118.182
21902,118.182
21903,118.182
21904,118.182
21905,118.182
21906,118.182
21907,118.182
21908,118.182
21909,118.182
21910,118.182
21911,118.182
21912,118.182
21913,118.182
21914,118.182
21915,118.182
21916,118.182
21917,118.182
21918,118.182
21919,118.182
21920,118.182
21921,118.182
21922,118.182
21923,118.182
21924,118.182
21925,118.182
21926,118.182
21927,118.182
21928,118.182
21929,118.182
21930,118.182
21931,118.182
21932,117.854
21933,117.854
21934,117.854
21935,117.854
21936,117.854
21937,117.854
21938,117.854
21939,117.854
21940,117.854
21941,117.854
21942,117.854
21943,117.854
21944,117.854
21945,117.854
21946,117.854
21947,117.854
21948,117.854
21949,117.854
21950,117.854
21951,117.854
21952,117.854
21953,118.455
21954,118.455
21955,118.455
21956,118.455
21957,118.455
21958,118.455
21959,118.455
21960,118.455
21961,118.455
21962,118.455
21963,118.455
21964,118.455
21965,118.455
21966,118.455
21967,118.455
21968,118.455
21969,118.455
21970,118.455
21971,118.455
21972,118.455
21973,117.854
21974,117.854
21975,117.854
21976,117.854
21977,117.854
21978,117.854
21979,117.854
21980,117.854
21981,117.854
21982,117.854
21983,117.854
21984,117.854
21985,117.854
21986,117.854
21987,117.854
21988,117.854
21989,117.854
21990,117.854
21991,117.854
21992,117.854
21993,117.854
21994,117.854
21995,117.854
21996,117.854
21997,117.854
21998,117.854
21999,117.854
22000,117.854
22001,117.854
22002,117.854
22003,117.854
22004,117.854
22005,117.854
22006,117.854
22007,117.854
22008,117.854
22009,117.854
22010,117.854
22011,117.854
22012,117.854
22013,117.581
22014,117.581
22015,117.581
22016,117.581
22017,117.581
22018,117.581
22019,117.581
22020,117.581
22021,117.581
22022,117.581
22023,117.581
22024,117.581
22025,117.581
22026,117.581
22027,117.581
22028,117.581
22029,117.581
22030,117.581
22031,117.581
22032,117.581
22033,117.854
22034,117.854
22035,117.854
22036,117.854
22037,117.854
22038,117.854
22039,117.854
22040,117.854
22041,117.854
22042,117.854
22043,117.854
22044,117.854
22045,117.854
22046,117.854
22047,117.854
22048,117.854
22049,117.854
22050,117.854
22051,117.854
22052,117.854
22053,118.728
22054,118.728
22055,118.728
22056,118.728
22057,118.728
22058,118.728
22059,118.728
22060,118.728
22061,118.728
22062,118.728
22063,118.728
22064,118.728
22065,118.728
22066,118.728
22067,118.728
22068,118.728
22069,118.728
22070,118.728
22071,118.728
22072,118.728
22073,119.337
22074,119.337
22075,119.337
22076,119.337
22077,119.337
22078,119.337
22079,119.337
22080,119.337
22081,119.337
22082,119.337
22083,119.337
22084,119.337
22085,119.337
22086,119.337
22087,119.337
22088,119.337
22089,119.337
22090,119.337
22091,119.337
22092,119.337
22093,119.939
22094,119.939
22095,119.939
22096,119.939
22097,119.939
22098,119.939
22099,119.939
22100,119.939
22101,119.939
22102,119.939
22103,119.939
22104,119.939
22105,119.939
22106,119.939
22107,119.939
22108,119.939
22109,119.939
22110,119.939
22111,119.939
22112,119.939
22113,119.939
22114,119.939
22115,119.939
22116,119.939
22117,119.939
22118,119.939
22119,119.939
22120,119.939
22121,119.939
22122,119.939
22123,119.939
22124,119.939
22125,119.939
22126,119.939
22127,119.939
22128,119.939
22129,119.939
22130,119.939
22131,119.939
22132,119.939
22133,119.665
22134,119.665
22135,119.665
22136,119.665
22137,119.665
22138,119.665
22139,119.665
22140,119.665
22141,119.665
22142,119.665
22143,119.665
22144,119.665
22145,119.665
22146,119.665
22147,119.665
22148,119.665
22149,119.665
22150,119.665
22151,119.665
22152,119.665
22153,119.064
22154,119.064
22155,119.064
22156,119.064
22157,119.064
22158,119.064
22159,119.064
22160,119.064
22161,119.064
22162,119.064
22163,119.064
22164,119.064
22165,119.064
22166,119.064
22167,119.064
22168,119.064
22169,119.064
22170,119.064
22171,119.064
22172,119.064
22173,119.064
22174,119.337
22175,119.337
22176,119.337
22177,119.337
22178,119.337
22179,119.337
22180,119.337
22181,119.337
22182,119.337
22183,119.337
22184,119.337
22185,119.337
22186,119.337
22187,119.337
22188,119.337
22189,119.337
22190,119.337
22191,119.337
22192,119.337
22193,119.337
22194,119.337
22195,119.337
22196,119.337
22197,119.337
22198,119.337
22199,119.337
22200,119.337
22201,119.337
22202,119.337
22203,119.337
22204,119.337
22205,119.337
22206,119.337
22207,119.337
22208,119.337
22209,119.337
22210,119.337
22211,119.337
22212,119.337
22213,119.337
22214,118.728
22215,118.728
22216,118.728
22217,118.728
22218,118.728
22219,118.728
22220,118.728
22221,118.728
22222,118.728
22223,118.728
22224,118.728
22225,118.728
22226,118.728
22227,118.728
22228,118.728
22229,118.728
22230,118.728
22231,118.728
22232,118.728
22233,118.728
22234,118.182
22235,118.182
22236,118.182
22237,118.182
22238,118.182
22239,118.182
22240,118.182
22241,118.182
22242,118.182
22243,118.182
22244,118.182
22245,118.182
22246,118.182
22247,118.182
22248,118.182
22249,118.182
22250,118.182
22251,118.182
22252,118.182
22253,118.182
22254,118.182
22255,118.182
22256,118.182
22257,118.182
22258,118.182
22259,118.182
22260,118.182
22261,118.182
22262,118.182
22263,118.182
22264,118.182
22265,118.182
22266,118.182
22267,118.182
22268,118.182
22269,118.182
22270,118.182
22271,118.182
22272,118.182
22273,118.182
22274,118.182
22275,118.182
22276,118.182
22277,118.182
22278,118.182
22279,118.182
22280,118.182
22281,118.182
22282,118.182
22283,118.182
22284,118.182
22285,118.182
22286,118.182
22287,118.182
22288,118.182
22289,118.182
22290,118.182
22291,118.182
22292,118.182
22293,118.182
22294,117.854
22295,117.854
22296,117.854
22297,117.854
22298,117.854
22299,117.854
22300,117.854
22301,117.854
22302,117.854
22303,117.854
22304,117.854
22305,117.854
22306,117.854
22307,117.854
22308,117.854
22309,117.854
22310,117.854
22311,117.854
22312,117.854
22313,117.854
22314,118.182
22315,118.182
22316,118.182
22317,118.182
22318,118.182
22319,118.182
22320,118.182
22321,118.182
22322,118.182
22323,118.182
22324,118.182
22325,118.182
22326,118.182
22327,118.182
22328,118.182
22329,118.182
22330,118.182
22331,118.182
22332,118.182
22333,118.182
22334,118.182
22335,118.182
22336,118.182
22337,118.182
22338,118.182
22339,118.182
22340,118.182
22341,118.182
22342,118.182
22343,118.182
22344,118.182
22345,118.182
22346,118.182
22347,118.182
22348,118.182
22349,118.182
22350,118.182
22351,118.182
22352,118.182
22353,118.182
22354,117.854
22355,117.854
22356,117.854
22357,117.854
22358,117.854
22359,117.854
22360,117.854
22361,117.854
22362,117.854
22363,117.854
22364,117.854
22365,117.854
22366,117.854
22367,117.854
22368,117.854
22369,117.854
22370,117.854
22371,117.854
22372,117.854
22373,117.854
22374,117.581
22375,117.581
22376,117.581
22377,117.581
22378,117.581
22379,117.581
22380,117.581
22381,117.581
22382,117.581
22383,117.581
22384,117.581
22385,117.581
22386,117.581
22387,117.581
22388,117.581
22389,117.581
22390,117.581
22391,117.581
22392,117.581
22393,117.581
22394,117.581
22395,118.182
22396,118.182
22397,118.182
22398,118.182
22399,118.182
22400,118.182
22401,118.182
22402,118.182
22403,118.182
22404,118.182
22405,118.182
22406,118.182
22407,118.182
22408,118.182
22409,118.182
22410,118.182
22411,118.182
22412,118.182
22413,118.182
22414,118.182
22415,118.182
22416,118.182
22417,118.182
22418,118.182
22419,118.182
22420,118.182
22421,118.182
22422,118.182
22423,118.182
22424,118.182
22425,118.182
22426,118.182
22427,118.182
22428,118.182
22429,118.182
22430,118.182
22431,118.182
22432,118.182
22433,118.182
22434,118.182
22435,118.455
22436,118.455
22437,118.455
22438,118.455
22439,118.455
22440,118.455
22441,118.455
22442,118.455
22443,118.455
22444,118.455
22445,118.455
22446,118.455
22447,118.455
22448,118.455
22449,118.455
22450,118.455
22451,118.455
22452,118.455
22453,118.455
22454,118.455
22455,118.182
22456,118.182
22457,118.182
22458,118.182
22459,118.182
22460,118.182
22461,118.182
22462,118.182
22463,118.182
22464,118.182
22465,118.182
22466,118.182
22467,118.182
22468,118.182
22469,118.182
22470,118.182
22471,118.182
22472,118.182
22473,118.182
22474,118.182
22475,118.728
22476,118.728
22477,118.728
22478,118.728
22479,118.728
22480,118.728
22481,118.728
22482,118.728
22483,118.728
22484,118.728
22485,118.728
22486,118.728
22487,118.728
22488,118.728
22489,118.728
22490,118.728
22491,118.728
22492,118.728
22493,118.728
22494,118.728
22495,119.337
22496,119.337
22497,119.337
22498,119.337
22499,119.337
22500,119.337
22501,119.337
22502,119.337
22503,119.337
22504,119.337
22505,119.337
22506,119.337
22507,119.337
22508,119.337
22509,119.337
22510,119.337
22511,119.337
22512,119.337
22513,119.337
22514,119.337
22515,120.548
22516,120.548
22517,120.548
22518,120.548
22519,120.548
22520,120.548
22521,120.548
22522,120.548
22523,120.548
22524,120.548
22525,120.548
22526,120.548
22527,120.548
22528,120.548
22529,120.548
22530,120.548
22531,120.548
22532,120.548
22533,120.548
22534,120.548
22535,120.548
22536,120.548
22537,120.548
22538,120.548
22539,120.548
22540,120.548
22541,120.548
22542,120.548
22543,120.548
22544,120.548
22545,120.548
22546,120.548
22547,120.548
22548,120.548
22549,120.548
22550,120.548
22551,120.548
22552,120.548
22553,120.548
22554,120.548
22555,119.337
22556,119.337
22557,119.337
22558,119.337
22559,119.337
22560,119.337
22561,119.337
22562,119.337
22563,119.337
22564,119.337
22565,119.337
22566,119.337
22567,119.337
22568,119.337
22569,119.337
22570,119.337
22571,119.337
22572,119.337
22573,119.337
22574,119.337
22575,119.337
22576,119.337
22577,119.337
22578,119.337
22579,119.337
22580,119.337
22581,119.337
22582,119.337
22583,119.337
22584,119.337
22585,119.337
22586,119.337
22587,119.337
22588,119.337
22589,119.337
22590,119.337
22591,119.337
22592,119.337
22593,119.337
22594,119.337
22595,119.337
22596,119.337
22597,119.337
22598,119.337
22599,119.337
22600,119.337
22601,119.337
22602,119.337
22603,119.337
22604,119.337
22605,119.337
22606,119.337
22607,119.337
22608,119.337
22609,119.337
22610,119.337
22611,119.337
22612,119.337
22613,119.337
22614,119.337
22615,119.337
22616,118.942
22617,118.942
22618,118.942
22619,118.942
22620,118.942
22621,118.942
22622,118.942
22623,118.942
22624,118.942
22625,118.942
22626,118.942
22627,118.942
22628,118.942
22629,118.942
22630,118.942
22631,118.942
22632,118.942
22633,118.942
22634,118.942
22635,118.942
22636,118.607
22637,118.607
22638,118.607
22639,118.607
22640,118.607
22641,118.607
22642,118.607
22643,118.607
22644,118.607
22645,118.607
22646,118.607
22647,118.607
22648,118.607
22649,118.607
22650,118.607
22651,118.607
22652,118.607
22653,118.607
22654,118.607
22655,118.607
22656,118.061
22657,118.061
22658,118.061
22659,118.061
22660,118.061
22661,118.061
22662,118.061
22663,118.061
22664,118.061
22665,118.061
22666,118.061
22667,118.061
22668,118.061
22669,118.061
22670,118.061
22671,118.061
22672,118.061
22673,118.061
22674,118.061
22675,118.061
22676,118.061
22677,118.061
22678,118.061
22679,118.061
22680,118.061
22681,118.061
22682,118.061
22683,118.061
22684,118.061
22685,118.061
22686,118.061
22687,118.061
22688,118.061
22689,118.061
22690,118.061
22691,118.061
22692,118.061
22693,118.061
22694,118.061
22695,118.061
22696,118.061
22697,118.061
22698,118.061
22699,118.061
22700,118.061
22701,118.061
22702,118.061
22703,118.061
22704,118.061
22705,118.061
22706,118.061
22707,118.061
22708,118.061
22709,118.061
22710,118.061
22711,118.061
22712,118.061
22713,118.061
22714,118.061
22715,118.061
22716,118.182
22717,118.182
22718,118.182
22719,118.182
22720,118.182
22721,118.182
22722,118.182
22723,118.182
22724,118.182
22725,118.182
22726,118.182
22727,118.182
22728,118.182
22729,118.182
22730,118.182
22731,118.182
22732,118.182
22733,118.182
22734,118.182
22735,118.182
22736,118.455
22737,118.455
22738,118.455
22739,118.455
22740,118.455
22741,118.455
22742,118.455
22743,118.455
22744,118.455
22745,118.455
22746,118.455
22747,118.455
22748,118.455
22749,118.455
22750,118.455
22751,118.455
22752,118.455
22753,118.455
22754,118.455
22755,118.455
22756,118.455
22757,118.455
22758,118.455
22759,118.455
22760,118.455
22761,118.455
22762,118.455
22763,118.455
22764,118.455
22765,118.455
22766,118.455
22767,118.455
22768,118.455
22769,118.455
22770,118.455
22771,118.455
22772,118.455
22773,118.455
22774,118.455
22775,118.455
22776,117.854
22777,117.854
22778,117.854
22779,117.854
22780,117.854
22781,117.854
22782,117.854
22783,117.854
22784,117.854
22785,117.854
22786,117.854
22787,117.854
22788,117.854
22789,117.854
22790,117.854
22791,117.854
22792,117.854
22793,117.854
22794,117.854
22795,117.854
22796,117.581
22797,117.581
22798,117.581
22799,117.581
22800,117.581
22801,117.581
22802,117.581
22803,117.581
22804,117.581
22805,117.581
22806,117.581
22807,117.581
22808,117.581
22809,117.581
22810,117.581
22811,117.581
22812,117.581
22813,117.581
22814,117.581
22815,117.581
22816,117.581
22817,118.455
22818,118.455
22819,118.455
22820,118.455
22821,118.455
22822,118.455
22823,118.455
22824,118.455
22825,118.455
22826,118.455
22827,118.455
22828,118.455
22829,118.455
22830,118.455
22831,118.455
22832,118.455
22833,118.455
22834,118.455
22835,118.455
22836,118.455
22837,118.182
22838,118.182
22839,118.182
22840,118.182
22841,118.182
22842,118.182
22843,118.182
22844,118.182
22845,118.182
22846,118.182
22847,118.182
22848,118.182
22849,118.182
22850,118.182
22851,118.182
22852,118.182
22853,118.182
22854,118.182
22855,118.182
22856,118.182
22857,118.303
22858,118.303
22859,118.303
22860,118.303
22861,118.303
22862,118.303
22863,118.303
22864,118.303
22865,118.303
22866,118.303
22867,118.303
22868,118.303
22869,118.303
22870,118.303
22871,118.303
22872,118.303
22873,118.303
22874,118.303
22875,118.303
22876,118.303
22877,118.182
22878,118.182
22879,118.182
22880,118.182
22881,118.182
22882,118.182
22883,118.182
22884,118.182
22885,118.182
22886,118.182
22887,118.182
22888,118.182
22889,118.182
22890,118.182
22891,118.182
22892,118.182
22893,118.182
22894,118.182
22895,118.182
22896,118.182
22897,115.333
22898,115.333
22899,115.333
22900,115.333
22901,115.333
22902,115.333
22903,115.333
22904,115.333
22905,115.333
22906,115.333
22907,115.333
22908,115.333
22909,115.333
22910,115.333
22911,115.333
22912,115.333
22913,115.333
22914,115.333
22915,115.333
22916,115.333
22917,118.577
22918,118.577
22919,118.577
22920,118.577
22921,118.577
22922,118.577
22923,118.577
22924,118.577
22925,118.577
22926,118.577
22927,118.577
22928,118.577
22929,118.577
22930,118.577
22931,118.577
22932,118.577
22933,118.577
22934,118.577
22935,118.577
22936,118.577
22937,118.577
22938,119.186
22939,119.186
22940,119.186
22941,119.186
22942,119.186
22943,119.186
22944,119.186
22945,119.186
22946,119.186
22947,119.186
22948,119.186
22949,119.186
22950,119.186
22951,119.186
22952,119.186
22953,119.186
22954,119.186
22955,119.186
22956,119.186
22957,119.186
22958,119.186
22959,119.186
22960,119.186
22961,119.186
22962,119.186
22963,119.186
22964,119.186
22965,119.186
22966,119.186
22967,119.186
22968,119.186
22969,119.186
22970,119.186
22971,119.186
22972,119.186
22973,119.186
22974,119.186
22975,119.186
22976,119.186
22977,118.85
22978,118.85
22979,118.85
22980,118.85
22981,118.85
22982,118.85
22983,118.85
22984,118.85
22985,118.85
22986,118.85
22987,118.85
22988,118.85
22989,118.85
22990,118.85
22991,118.85
22992,118.85
22993,118.85
22994,118.85
22995,118.85
22996,118.85
22997,118.577
22998,118.577
22999,118.577
23000,118.577
23001,118.577
23002,118.577
23003,118.577
23004,118.577
23005,118.577
23006,118.577
23007,118.577
23008,118.577
23009,118.577
23010,118.577
23011,118.577
23012,118.577
23013,118.577
23014,118.577
23015,118.577
23016,118.577
23017,118.303
23018,118.303
23019,118.303
23020,118.303
23021,118.303
23022,118.303
23023,118.303
23024,118.303
23025,118.303
23026,118.303
23027,118.303
23028,118.303
23029,118.303
23030,118.303
23031,118.303
23032,118.303
23033,118.303
23034,118.303
23035,118.303
23036,118.303
23037,118.303
23038,117.975
23039,117.975
23040,117.975
23041,117.975
23042,117.975
23043,117.975
23044,117.975
23045,117.975
23046,117.975
23047,117.975
23048,117.975
23049,117.975
23050,117.975
23051,117.975
23052,117.975
23053,117.975
23054,117.975
23055,117.975
23056,117.975
23057,117.975
23058,117.701
23059,117.701
23060,117.701
23061,117.701
23062,117.701
23063,117.701
23064,117.701
23065,117.701
23066,117.701
23067,117.701
23068,117.701
23069,117.701
23070,117.701
23071,117.701
23072,117.701
23073,117.701
23074,117.701
23075,117.701
23076,117.701
23077,117.701
23078,118.728
23079,118.728
23080,118.728
23081,118.728
23082,118.728
23083,118.728
23084,118.728
23085,118.728
23086,118.728
23087,118.728
23088,118.728
23089,118.728
23090,118.728
23091,118.728
23092,118.728
23093,118.728
23094,118.728
23095,118.728
23096,118.728
23097,118.728
23098,118.577
23099,118.577
23100,118.577
23101,118.577
23102,118.577
23103,118.577
23104,118.577
23105,118.577
23106,118.577
23107,118.577
23108,118.577
23109,118.577
23110,118.577
23111,118.577
23112,118.577
23113,118.577
23114,118.577
23115,118.577
23116,118.577
23117,118.577
23118,117.701
23119,117.701
23120,117.701
23121,117.701
23122,117.701
23123,117.701
23124,117.701
23125,117.701
23126,117.701
23127,117.701
23128,117.701
23129,117.701
23130,117.701
23131,117.701
23132,117.701
23133,117.701
23134,117.701
23135,117.701
23136,117.701
23137,117.701
23138,117.701
23139,117.701
23140,117.701
23141,117.701
23142,117.701
23143,117.701
23144,117.701
23145,117.701
23146,117.701
23147,117.701
23148,117.701
23149,117.701
23150,117.701
23151,117.701
23152,117.701
23153,117.701
23154,117.701
23155,117.701
23156,117.701
23157,117.701
23158,117.701
23159,117.701
23160,117.701
23161,117.701
23162,117.701
23163,117.701
23164,117.701
23165,117.701
23166,117.701
23167,117.701
23168,117.701
23169,117.701
23170,117.701
23171,117.701
23172,117.701
23173,117.701
23174,117.701
23175,117.701
23176,117.701
23177,117.701
23178,117.42
23179,117.42
23180,117.42
23181,117.42
23182,117.42
23183,117.42
23184,117.42
23185,117.42
23186,117.42
23187,117.42
23188,117.42
23189,117.42
23190,117.42
23191,117.42
23192,117.42
23193,117.42
23194,117.42
23195,117.42
23196,117.42
23197,117.42
23198,118.85
23199,118.85
23200,118.85
23201,118.85
23202,118.85
23203,118.85
23204,118.85
23205,118.85
23206,118.85
23207,118.85
23208,118.85
23209,118.85
23210,118.85
23211,118.85
23212,118.85
23213,118.85
23214,118.85
23215,118.85
23216,118.85
23217,118.85
23218,119.46
23219,119.46
23220,119.46
23221,119.46
23222,119.46
23223,119.46
23224,119.46
23225,119.46
23226,119.46
23227,119.46
23228,119.46
23229,119.46
23230,119.46
23231,119.46
23232,119.46
23233,119.46
23234,119.46
23235,119.46
23236,119.46
23237,119.46
23238,119.788
23239,119.788
23240,119.788
23241,119.788
23242,119.788
23243,119.788
23244,119.788
23245,119.788
23246,119.788
23247,119.788
23248,119.788
23249,119.788
23250,119.788
23251,119.788
23252,119.788
23253,119.788
23254,119.788
23255,119.788
23256,119.788
23257,119.788
23258,119.788
23259,119.46
23260,119.46
23261,119.46
23262,119.46
23263,119.46
23264,119.46
23265,119.46
23266,119.46
23267,119.46
23268,119.46
23269,119.46
23270,119.46
23271,119.46
23272,119.46
23273,119.46
23274,119.46
23275,119.46
23276,119.46
23277,119.46
23278,119.46
23279,119.46
23280,119.46
23281,119.46
23282,119.46
23283,119.46
23284,119.46
23285,119.46
23286,119.46
23287,119.46
23288,119.46
23289,119.46
23290,119.46
23291,119.46
23292,119.46
23293,119.46
23294,119.46
23295,119.46
23296,119.46
23297,119.46
23298,119.46
23299,119.186
23300,119.186
23301,119.186
23302,119.186
23303,119.186
23304,119.186
23305,119.186
23306,119.186
23307,119.186
23308,119.186
23309,119.186
23310,119.186
23311,119.186
23312,119.186
23313,119.186
23314,119.186
23315,119.186
23316,119.186
23317,119.186
23318,119.186
23319,119.186
23320,119.186
23321,119.186
23322,119.186
23323,119.186
23324,119.186
23325,119.186
23326,119.186
23327,119.186
23328,119.186
23329,119.186
23330,119.186
23331,119.186
23332,119.186
23333,119.186
23334,119.186
23335,119.186
23336,119.186
23337,119.186
23338,119.186
23339,119.46
23340,119.46
23341,119.46
23342,119.46
23343,119.46
23344,119.46
23345,119.46
23346,119.46
23347,119.46
23348,119.46
23349,119.46
23350,119.46
23351,119.46
23352,119.46
23353,119.46
23354,119.46
23355,119.46
23356,119.46
23357,119.46
23358,119.46
23359,118.85
23360,118.85
23361,118.85
23362,118.85
23363,118.85
23364,118.85
23365,118.85
23366,118.85
23367,118.85
23368,118.85
23369,118.85
23370,118.85
23371,118.85
23372,118.85
23373,118.85
23374,118.85
23375,118.85
23376,118.85
23377,118.85
23378,118.85
23379,118.85
23380,118.85
23381,118.85
23382,118.85
23383,118.85
23384,118.85
23385,118.85
23386,118.85
23387,118.85
23388,118.85
23389,118.85
23390,118.85
23391,118.85
23392,118.85
23393,118.85
23394,118.85
23395,118.85
23396,118.85
23397,118.85
23398,118.85
23399,118.85
23400,118.85
23401,118.85
23402,118.85
23403,118.85
23404,118.85
23405,118.85
23406,118.85
23407,118.85
23408,118.85
23409,118.85
23410,118.85
23411,118.85
23412,118.85
23413,118.85
23414,118.85
23415,118.85
23416,118.85
23417,118.85
23418,118.85
23419,118.182
23420,118.182
23421,118.182
23422,118.182
23423,118.182
23424,118.182
23425,118.182
23426,118.182
23427,118.182
23428,118.182
23429,118.182
23430,118.182
23431,118.182
23432,118.182
23433,118.182
23434,118.182
23435,118.182
23436,118.182
23437,118.182
23438,118.182
23439,117.975
23440,117.975
23441,117.975
23442,117.975
23443,117.975
23444,117.975
23445,117.975
23446,117.975
23447,117.975
23448,117.975
23449,117.975
23450,117.975
23451,117.975
23452,117.975
23453,117.975
23454,117.975
23455,117.975
23456,117.975
23457,117.975
23458,117.975
23459,117.975
23460,118.303
23461,118.303
23462,118.303
23463,118.303
23464,118.303
23465,118.303
23466,118.303
23467,118.303
23468,118.303
23469,118.303
23470,118.303
23471,118.303
23472,118.303
23473,118.303
23474,118.303
23475,118.303
23476,118.303
23477,118.303
23478,118.303
23479,118.303
23480,118.303
23481,118.303
23482,118.303
23483,118.303
23484,118.303
23485,118.303
23486,118.303
23487,118.303
23488,118.303
23489,118.303
23490,118.303
23491,118.303
23492,118.303
23493,118.303
23494,118.303
23495,118.303
23496,118.303
23497,118.303
23498,118.303
23499,118.303
23500,117.975
23501,117.975
23502,117.975
23503,117.975
23504,117.975
23505,117.975
23506,117.975
23507,117.975
23508,117.975
23509,117.975
23510,117.975
23511,117.975
23512,117.975
23513,117.975
23514,117.975
23515,117.975
23516,117.975
23517,117.975
23518,117.975
23519,117.975
23520,118.577
23521,118.577
23522,118.577
23523,118.577
23524,118.577
23525,118.577
23526,118.577
23527,118.577
23528,118.577
23529,118.577
23530,118.577
23531,118.577
23532,118.577
23533,118.577
23534,118.577
23535,118.577
23536,118.577
23537,118.577
23538,118.577
23539,118.577
23540,117.975
23541,117.975
23542,117.975
23543,117.975
23544,117.975
23545,117.975
23546,117.975
23547,117.975
23548,117.975
23549,117.975
23550,117.975
23551,117.975
23552,117.975
23553,117.975
23554,117.975
23555,117.975
23556,117.975
23557,117.975
23558,117.975
23559,117.975
23560,117.701
23561,117.701
23562,117.701
23563,117.701
23564,117.701
23565,117.701
23566,117.701
23567,117.701
23568,117.701
23569,117.701
23570,117.701
23571,117.701
23572,117.701
23573,117.701
23574,117.701
23575,117.701
23576,117.701
23577,117.701
23578,117.701
23579,117.701
23580,117.701
23581,117.701
23582,117.701
23583,117.701
23584,117.701
23585,117.701
23586,117.701
23587,117.701
23588,117.701
23589,117.701
23590,117.701
23591,117.701
23592,117.701
23593,117.701
23594,117.701
23595,117.701
23596,117.701
23597,117.701
23598,117.701
23599,117.701
23600,117.581
23601,117.581
23602,117.581
23603,117.581
23604,117.581
23605,117.581
23606,117.581
23607,117.581
23608,117.581
23609,117.581
23610,117.581
23611,117.581
23612,117.581
23613,117.581
23614,117.581
23615,117.581
23616,117.581
23617,117.581
23618,117.581
23619,117.581
23620,117.854
23621,117.854
23622,117.854
23623,117.854
23624,117.854
23625,117.854
23626,117.854
23627,117.854
23628,117.854
23629,117.854
23630,117.854
23631,117.854
23632,117.854
23633,117.854
23634,117.854
23635,117.854
23636,117.854
23637,117.854
23638,117.854
23639,117.854
23640,119.064
23641,119.064
23642,119.064
23643,119.064
23644,119.064
23645,119.064
23646,119.064
23647,119.064
23648,119.064
23649,119.064
23650,119.064
23651,119.064
23652,119.064
23653,119.064
23654,119.064
23655,119.064
23656,119.064
23657,119.064
23658,119.064
23659,119.064
23660,119.064
23661,119.788
23662,119.788
23663,119.788
23664,119.788
23665,119.788
23666,119.788
23667,119.788
23668,119.788
23669,119.788
23670,119.788
23671,119.788
23672,119.788
23673,119.788
23674,119.788
23675,119.788
23676,119.788
23677,119.788
23678,119.788
23679,119.788
23680,119.788
23681,120.343
23682,120.343
23683,120.343
23684,120.343
23685,120.343
23686,120.343
23687,120.343
23688,120.343
23689,120.343
23690,120.343
23691,120.343
23692,120.343
23693,120.343
23694,120.343
23695,120.343
23696,120.343
23697,120.343
23698,120.343
23699,120.343
23700,120.343
23701,119.788
23702,119.788
23703,119.788
23704,119.788
23705,119.788
23706,119.788
23707,119.788
23708,119.788
23709,119.788
23710,119.788
23711,119.788
23712,119.788
23713,119.788
23714,119.788
23715,119.788
23716,119.788
23717,119.788
23718,119.788
23719,119.788
23720,119.788
23721,119.665
23722,119.665
23723,119.665
23724,119.665
23725,119.665
23726,119.665
23727,119.665
23728,119.665
23729,119.665
23730,119.665
23731,119.665
23732,119.665
23733,119.665
23734,119.665
23735,119.665
23736,119.665
23737,119.665
23738,119.665
23739,119.665
23740,119.665
23741,119.064
23742,119.064
23743,119.064
23744,119.064
23745,119.064
23746,119.064
23747,119.064
23748,119.064
23749,119.064
23750,119.064
23751,119.064
23752,119.064
23753,119.064
23754,119.064
23755,119.064
23756,119.064
23757,119.064
23758,119.064
23759,119.064
23760,119.064
23761,119.665
23762,119.665
23763,119.665
23764,119.665
23765,119.665
23766,119.665
23767,119.665
23768,119.665
23769,119.665
23770,119.665
23771,119.665
23772,119.665
23773,119.665
23774,119.665
23775,119.665
23776,119.665
23777,119.665
23778,119.665
23779,119.665
23780,119.665
23781,118.728
23782,118.728
23783,118.728
23784,118.728
23785,118.728
23786,118.728
23787,118.728
23788,118.728
23789,118.728
23790,118.728
23791,118.728
23792,118.728
23793,118.728
23794,118.728
23795,118.728
23796,118.728
23797,118.728
23798,118.728
23799,118.728
23800,118.728
23801,118.455
23802,118.455
23803,118.455
23804,118.455
23805,118.455
23806,118.455
23807,118.455
23808,118.455
23809,118.455
23810,118.455
23811,118.455
23812,118.455
23813,118.455
23814,118.455
23815,118.455
23816,118.455
23817,118.455
23818,118.455
23819,118.455
23820,118.455
23821,118.728
23822,118.728
23823,118.728
23824,118.728
23825,118.728
23826,118.728
23827,118.728
23828,118.728
23829,118.728
23830,118.728
23831,118.728
23832,118.728
23833,118.728
23834,118.728
23835,118.728
23836,118.728
23837,118.728
23838,118.728
23839,118.728
23840,118.728
23841,118.182
23842,118.182
23843,118.182
23844,118.182
23845,118.182
23846,118.182
23847,118.182
23848,118.182
23849,118.182
23850,118.182
23851,118.182
23852,118.182
23853,118.182
23854,118.182
23855,118.182
23856,118.182
23857,118.182
23858,118.182
23859,118.182
23860,118.182
23861,118.182
23862,117.854
23863,117.854
23864,117.854
23865,117.854
23866,117.854
23867,117.854
23868,117.854
23869,117.854
23870,117.854
23871,117.854
23872,117.854
23873,117.854
23874,117.854
23875,117.854
23876,117.854
23877,117.854
23878,117.854
23879,117.854
23880,117.854
23881,117.854
23882,118.182
23883,118.182
23884,118.182
23885,118.182
23886,118.182
23887,118.182
23888,118.182
23889,118.182
23890,118.182
23891,118.182
23892,118.182
23893,118.182
23894,118.182
23895,118.182
23896,118.182
23897,118.182
23898,118.182
23899,118.182
23900,118.182
23901,118.182
23902,118.728
23903,118.728
23904,118.728
23905,118.728
23906,118.728
23907,118.728
23908,118.728
23909,118.728
23910,118.728
23911,118.728
23912,118.728
23913,118.728
23914,118.728
23915,118.728
23916,118.728
23917,118.728
23918,118.728
23919,118.728
23920,118.728
23921,118.728
23922,118.303
23923,118.303
23924,118.303
23925,118.303
23926,118.303
23927,118.303
23928,118.303
23929,118.303
23930,118.303
23931,118.303
23932,118.303
23933,118.303
23934,118.303
23935,118.303
23936,118.303
23937,118.303
23938,118.303
23939,118.303
23940,118.303
23941,118.303
23942,117.854
23943,117.854
23944,117.854
23945,117.854
23946,117.854
23947,117.854
23948,117.854
23949,117.854
23950,117.854
23951,117.854
23952,117.854
23953,117.854
23954,117.854
23955,117.854
23956,117.854
23957,117.854
23958,117.854
23959,117.854
23960,117.854
23961,117.854
23962,115.488
23963,115.488
23964,115.488
23965,115.488
23966,115.488
23967,115.488
23968,115.488
23969,115.488
23970,115.488
23971,115.488
23972,115.488
23973,115.488
23974,115.488
23975,115.488
23976,115.488
23977,115.488
23978,115.488
23979,115.488
23980,115.488
23981,115.488
23982,118.455
23983,118.455
23984,118.455
23985,118.455
23986,118.455
23987,118.455
23988,118.455
23989,118.455
23990,118.455
23991,118.455
23992,118.455
23993,118.455
23994,118.455
23995,118.455
23996,118.455
23997,118.455
23998,118.455
23999,118.455
24000,118.455
24001,118.455
24002,119.064
24003,119.064
24004,119.064
24005,119.064
24006,119.064
24007,119.064
24008,119.064
24009,119.064
24010,119.064
24011,119.064
24012,119.064
24013,119.064
24014,119.064
24015,119.064
24016,119.064
24017,119.064
24018,119.064
24019,119.064
24020,119.064
24021,119.064
24022,119.064
24023,119.064
24024,119.064
24025,119.064
24026,119.064
24027,119.064
24028,119.064
24029,119.064
24030,119.064
24031,119.064
24032,119.064
24033,119.064
24034,119.064
24035,119.064
24036,119.064
24037,119.064
24038,119.064
24039,119.064
24040,119.064
24041,119.064
24042,119.064
24043,119.064
24044,119.064
24045,119.064
24046,119.064
24047,119.064
24048,119.064
24049,119.064
24050,119.064
24051,119.064
24052,119.064
24053,119.064
24054,119.064
24055,119.064
24056,119.064
24057,119.064
24058,119.064
24059,119.064
24060,119.064
24061,119.064
24062,119.064
24063,119.337
24064,119.337
24065,119.337
24066,119.337
24067,119.337
24068,119.337
24069,119.337
24070,119.337
24071,119.337
24072,119.337
24073,119.337
24074,119.337
24075,119.337
24076,119.337
24077,119.337
24078,119.337
24079,119.337
24080,119.337
24081,119.337
24082,119.337
24083,119.337
24084,119.337
24085,119.337
24086,119.337
24087,119.337
24088,119.337
24089,119.337
24090,119.337
24091,119.337
24092,119.337
24093,119.337
24094,119.337
24095,119.337
24096,119.337
24097,119.337
24098,119.337
24099,119.337
24100,119.337
24101,119.337
24102,119.337
24103,119.337
24104,119.337
24105,119.337
24106,119.337
24107,119.337
24108,119.337
24109,119.337
24110,119.337
24111,119.337
24112,119.337
24113,119.337
24114,119.337
24115,119.337
24116,119.337
24117,119.337
24118,119.337
24119,119.337
24120,119.337
24121,119.337
24122,119.337
24123,119.186
24124,119.186
24125,119.186
24126,119.186
24127,119.186
24128,119.186
24129,119.186
24130,119.186
24131,119.186
24132,119.186
24133,119.186
24134,119.186
24135,119.186
24136,119.186
24137,119.186
24138,119.186
24139,119.186
24140,119.186
24141,119.186
24142,119.186
24143,119.064
24144,119.064
24145,119.064
24146,119.064
24147,119.064
24148,119.064
24149,119.064
24150,119.064
24151,119.064
24152,119.064
24153,119.064
24154,119.064
24155,119.064
24156,119.064
24157,119.064
24158,119.064
24159,119.064
24160,119.064
24161,119.064
24162,119.064
24163,118.455
24164,118.455
24165,118.455
24166,118.455
24167,118.455
24168,118.455
24169,118.455
24170,118.455
24171,118.455
24172,118.455
24173,118.455
24174,118.455
24175,118.455
24176,118.455
24177,118.455
24178,118.455
24179,118.455
24180,118.455
24181,118.455
24182,118.455
24183,117.975
24184,117.975
24185,117.975
24186,117.975
24187,117.975
24188,117.975
24189,117.975
24190,117.975
24191,117.975
24192,117.975
24193,117.975
24194,117.975
24195,117.975
24196,117.975
24197,117.975
24198,117.975
24199,117.975
24200,117.975
24201,117.975
24202,117.975
24203,118.303
24204,118.303
24205,118.303
24206,118.303
24207,118.303
24208,118.303
24209,118.303
24210,118.303
24211,118.303
24212,118.303
24213,118.303
24214,118.303
24215,118.303
24216,118.303
24217,118.303
24218,118.303
24219,118.303
24220,118.303
24221,118.303
24222,118.303
24223,118.455
24224,118.455
24225,118.455
24226,118.455
24227,118.455
24228,118.455
24229,118.455
24230,118.455
24231,118.455
24232,118.455
24233,118.455
24234,118.455
24235,118.455
24236,118.455
24237,118.455
24238,118.455
24239,118.455
24240,118.455
24241,118.455
24242,118.455
24243,118.182
24244,118.182
24245,118.182
24246,118.182
24247,118.182
24248,118.182
24249,118.182
24250,118.182
24251,118.182
24252,118.182
24253,118.182
24254,118.182
24255,118.182
24256,118.182
24257,118.182
24258,118.182
24259,118.182
24260,118.182
24261,118.182
24262,118.182
24263,118.182
24264,118.182
24265,118.182
24266,118.182
24267,118.182
24268,118.182
24269,118.182
24270,118.182
24271,118.182
24272,118.182
24273,118.182
24274,118.182
24275,118.182
24276,118.182
24277,118.182
24278,118.182
24279,118.182
24280,118.182
24281,118.182
24282,118.182
24283,118.182
24284,118.455
24285,118.455
24286,118.455
24287,118.455
24288,118.455
24289,118.455
24290,118.455
24291,118.455
24292,118.455
24293,118.455
24294,118.455
24295,118.455
24296,118.455
24297,118.455
24298,118.455
24299,118.455
24300,118.455
24301,118.455
24302,118.455
24303,118.455
24304,117.854
24305,117.854
24306,117.854
24307,117.854
24308,117.854
24309,117.854
24310,117.854
24311,117.854
24312,117.854
24313,117.854
24314,117.854
24315,117.854
24316,117.854
24317,117.854
24318,117.854
24319,117.854
24320,117.854
24321,117.854
24322,117.854
24323,117.854
24324,117.854
24325,117.854
24326,117.854
24327,117.854
24328,117.854
24329,117.854
24330,117.854
24331,117.854
24332,117.854
24333,117.854
24334,117.854
24335,117.854
24336,117.854
24337,117.854
24338,117.854
24339,117.854
24340,117.854
24341,117.854
24342,117.854
24343,117.854
24344,117.581
24345,117.581
24346,117.581
24347,117.581
24348,117.581
24349,117.581
24350,117.581
24351,117.581
24352,117.581
24353,117.581
24354,117.581
24355,117.581
24356,117.581
24357,117.581
24358,117.581
24359,117.581
24360,117.581
24361,117.581
24362,117.581
24363,117.581
24364,117.854
24365,117.854
24366,117.854
24367,117.854
24368,117.854
24369,117.854
24370,117.854
24371,117.854
24372,117.854
24373,117.854
24374,117.854
24375,117.854
24376,117.854
24377,117.854
24378,117.854
24379,117.854
24380,117.854
24381,117.854
24382,117.854
24383,117.854
24384,119.064
24385,119.064
24386,119.064
24387,119.064
24388,119.064
24389,119.064
24390,119.064
24391,119.064
24392,119.064
24393,119.064
24394,119.064
24395,119.064
24396,119.064
24397,119.064
24398,119.064
24399,119.064
24400,119.064
24401,119.064
24402,119.064
24403,119.064
24404,119.337
24405,119.337
24406,119.337
24407,119.337
24408,119.337
24409,119.337
24410,119.337
24411,119.337
24412,119.337
24413,119.337
24414,119.337
24415,119.337
24416,119.337
24417,119.337
24418,119.337
24419,119.337
24420,119.337
24421,119.337
24422,119.337
24423,119.337
24424,119.337
24425,119.939
24426,119.939
24427,119.939
24428,119.939
24429,119.939
24430,119.939
24431,119.939
24432,119.939
24433,119.939
24434,119.939
24435,119.939
24436,119.939
24437,119.939
24438,119.939
24439,119.939
24440,119.939
24441,119.939
24442,119.939
24443,119.939
24444,119.939
24445,119.939
24446,119.939
24447,119.939
24448,119.939
24449,119.939
24450,119.939
24451,119.939
24452,119.939
24453,119.939
24454,119.939
24455,119.939
24456,119.939
24457,119.939
24458,119.939
24459,119.939
24460,119.939
24461,119.939
24462,119.939
24463,119.939
24464,119.939
24465,119.665
24466,119.665
24467,119.665
24468,119.665
24469,119.665
24470,119.665
24471,119.665
24472,119.665
24473,119.665
24474,119.665
24475,119.665
24476,119.665
24477,119.665
24478,119.665
24479,119.665
24480,119.665
24481,119.665
24482,119.665
24483,119.665
24484,119.665
24485,119.064
24486,119.064
24487,119.064
24488,119.064
24489,119.064
24490,119.064
24491,119.064
24492,119.064
24493,119.064
24494,119.064
24495,119.064
24496,119.064
24497,119.064
24498,119.064
24499,119.064
24500,119.064
24501,119.064
24502,119.064
24503,119.064
24504,119.064
24505,119.337
24506,119.337
24507,119.337
24508,119.337
24509,119.337
24510,119.337
24511,119.337
24512,119.337
24513,119.337
24514,119.337
24515,119.337
24516,119.337
24517,119.337
24518,119.337
24519,119.337
24520,119.337
24521,119.337
24522,119.337
24523,119.337
24524,119.337
24525,118.942
24526,118.942
24527,118.942
24528,118.942
24529,118.942
24530,118.942
24531,118.942
24532,118.942
24533,118.942
24534,118.942
24535,118.942
24536,118.942
24537,118.942
24538,118.942
24539,118.942
24540,118.942
24541,118.942
24542,118.942
24543,118.942
24544,118.942
24545,118.334
24546,118.334
24547,118.334
24548,118.334
24549,118.334
24550,118.334
24551,118.334
24552,118.334
24553,118.334
24554,118.334
24555,118.334
24556,118.334
24557,118.334
24558,118.334
24559,118.334
24560,118.334
24561,118.334
24562,118.334
24563,118.334
24564,118.334
24565,118.607
24566,118.607
24567,118.607
24568,118.607
24569,118.607
24570,118.607
24571,118.607
24572,118.607
24573,118.607
24574,118.607
24575,118.607
24576,118.607
24577,118.607
24578,118.607
24579,118.607
24580,118.607
24581,118.607
24582,118.607
24583,118.607
24584,118.607
24585,118.334
24586,118.334
24587,118.334
24588,118.334
24589,118.334
24590,118.334
24591,118.334
24592,118.334
24593,118.334
24594,118.334
24595,118.334
24596,118.334
24597,118.334
24598,118.334
24599,118.334
24600,118.334
24601,118.334
24602,118.334
24603,118.334
24604,118.334
24605,118.061
24606,118.061
24607,118.061
24608,118.061
24609,118.061
24610,118.061
24611,118.061
24612,118.061
24613,118.061
24614,118.061
24615,118.061
24616,118.061
24617,118.061
24618,118.061
24619,118.061
24620,118.061
24621,118.061
24622,118.061
24623,118.061
24624,118.061
24625,117.94
24626,117.94
24627,117.94
24628,117.94
24629,117.94
24630,117.94
24631,117.94
24632,117.94
24633,117.94
24634,117.94
24635,117.94
24636,117.94
24637,117.94
24638,117.94
24639,117.94
24640,117.94
24641,117.94
24642,117.94
24643,117.94
24644,117.94
24645,118.485
24646,118.485
24647,118.485
24648,118.485
24649,118.485
24650,118.485
24651,118.485
24652,118.485
24653,118.485
24654,118.485
24655,118.485
24656,118.485
24657,118.485
24658,118.485
24659,118.485
24660,118.485
24661,118.485
24662,118.485
24663,118.485
24664,118.485
24665,118.334
24666,118.334
24667,118.334
24668,118.334
24669,118.334
24670,118.334
24671,118.334
24672,118.334
24673,118.334
24674,118.334
24675,118.334
24676,118.334
24677,118.334
24678,118.334
24679,118.334
24680,118.334
24681,118.334
24682,118.334
24683,118.334
24684,118.334
24685,118.061
24686,118.061
24687,118.061
24688,118.061
24689,118.061
24690,118.061
24691,118.061
24692,118.061
24693,118.061
24694,118.061
24695,118.061
24696,118.061
24697,118.061
24698,118.061
24699,118.061
24700,118.061
24701,118.061
24702,118.061
24703,118.061
24704,118.061
24705,118.212
24706,118.212
24707,118.212
24708,118.212
24709,118.212
24710,118.212
24711,118.212
24712,118.212
24713,118.212
24714,118.212
24715,118.212
24716,118.212
24717,118.212
24718,118.212
24719,118.212
24720,118.212
24721,118.212
24722,118.212
24723,118.212
24724,118.212
24725,118.212
24726,117.612
24727,117.612
24728,117.612
24729,117.612
24730,117.612
24731,117.612
24732,117.612
24733,117.612
24734,117.612
24735,117.612
24736,117.612
24737,117.612
24738,117.612
24739,117.612
24740,117.612
24741,117.612
24742,117.612
24743,117.612
24744,117.612
24745,117.612
24746,117.94
24747,117.94
24748,117.94
24749,117.94
24750,117.94
24751,117.94
24752,117.94
24753,117.94
24754,117.94
24755,117.94
24756,117.94
24757,117.94
24758,117.94
24759,117.94
24760,117.94
24761,117.94
24762,117.94
24763,117.94
24764,117.94
24765,117.94
24766,118.212
24767,118.212
24768,118.212
24769,118.212
24770,118.212
24771,118.212
24772,118.212
24773,118.212
24774,118.212
24775,118.212
24776,118.212
24777,118.212
24778,118.212
24779,118.212
24780,118.212
24781,118.212
24782,118.212
24783,118.212
24784,118.212
24785,118.212
24786,117.733
24787,117.733
24788,117.733
24789,117.733
24790,117.733
24791,117.733
24792,117.733
24793,117.733
24794,117.733
24795,117.733
24796,117.733
24797,117.733
24798,117.733
24799,117.733
24800,117.733
24801,117.733
24802,117.733
24803,117.733
24804,117.733
24805,117.733
24806,118.607
24807,118.607
24808,118.607
24809,118.607
24810,118.607
24811,118.607
24812,118.607
24813,118.607
24814,118.607
24815,118.607
24816,118.607
24817,118.607
24818,118.607
24819,118.607
24820,118.607
24821,118.607
24822,118.607
24823,118.607
24824,118.607
24825,118.607
24826,119.665
24827,119.665
24828,119.665
24829,119.665
24830,119.665
24831,119.665
24832,119.665
24833,119.665
24834,119.665
24835,119.665
24836,119.665
24837,119.665
24838,119.665
24839,119.665
24840,119.665
24841,119.665
24842,119.665
24843,119.665
24844,119.665
24845,119.665
24846,120.548
24847,120.548
24848,120.548
24849,120.548
24850,120.548
24851,120.548
24852,120.548
24853,120.548
24854,120.548
24855,120.548
24856,120.548
24857,120.548
24858,120.548
24859,120.548
24860,120.548
24861,120.548
24862,120.548
24863,120.548
24864,120.548
24865,120.548
24866,120.548
24867,120.548
24868,120.548
24869,120.548
24870,120.548
24871,120.548
24872,120.548
24873,120.548
24874,120.548
24875,120.548
24876,120.548
24877,120.548
24878,120.548
24879,120.548
24880,120.548
24881,120.548
24882,120.548
24883,120.548
24884,120.548
24885,120.548
24886,119.939
24887,119.939
24888,119.939
24889,119.939
24890,119.939
24891,119.939
24892,119.939
24893,119.939
24894,119.939
24895,119.939
24896,119.939
24897,119.939
24898,119.939
24899,119.939
24900,119.939
24901,119.939
24902,119.939
24903,119.939
24904,119.939
24905,119.939
24906,119.939
24907,119.337
24908,119.337
24909,119.337
24910,119.337
24911,119.337
24912,119.337
24913,119.337
24914,119.337
24915,119.337
24916,119.337
24917,119.337
24918,119.337
24919,119.337
24920,119.337
24921,119.337
24922,119.337
24923,119.337
24924,119.337
24925,119.337
24926,119.337
24927,119.337
24928,119.337
24929,119.337
24930,119.337
24931,119.337
24932,119.337
24933,119.337
24934,119.337
24935,119.337
24936,119.337
24937,119.337
24938,119.337
24939,119.337
24940,119.337
24941,119.337
24942,119.337
24943,119.337
24944,119.337
24945,119.337
24946,119.337
24947,119.064
24948,119.064
24949,119.064
24950,119.064
24951,119.064
24952,119.064
24953,119.064
24954,119.064
24955,119.064
24956,119.064
24957,119.064
24958,119.064
24959,119.064
24960,119.064
24961,119.064
24962,119.064
24963,119.064
24964,119.064
24965,119.064
24966,119.064
24967,118.728
24968,118.728
24969,118.728
24970,118.728
24971,118.728
24972,118.728
24973,118.728
24974,118.728
24975,118.728
24976,118.728
24977,118.728
24978,118.728
24979,118.728
24980,118.728
24981,118.728
24982,118.728
24983,118.728
24984,118.728
24985,118.728
24986,118.728
24987,118.182
24988,118.182
24989,118.182
24990,118.182
24991,118.182
24992,118.182
24993,118.182
24994,118.182
24995,118.182
24996,118.182
24997,118.182
24998,118.182
24999,118.182
25000,118.182
25001,118.182
25002,118.182
25003,118.182
25004,118.182
25005,118.182
25006,118.182
25007,112.576
25008,112.576
25009,112.576
25010,112.576
25011,112.576
25012,112.576
25013,112.576
25014,112.576
25015,112.576
25016,112.576
25017,112.576
25018,112.576
25019,112.576
25020,112.576
25021,112.576
25022,112.576
25023,112.576
25024,112.576
25025,112.576
25026,112.576
25027,116.698
25028,116.698
25029,116.698
25030,116.698
25031,116.698
25032,116.698
25033,116.698
25034,116.698
25035,116.698
25036,116.698
25037,116.698
25038,116.698
25039,116.698
25040,116.698
25041,116.698
25042,116.698
25043,116.698
25044,116.698
25045,116.698
25046,116.698
25047,117.3
25048,117.3
25049,117.3
25050,117.3
25051,117.3
25052,117.3
25053,117.3
25054,117.3
25055,117.3
25056,117.3
25057,117.3
25058,117.3
25059,117.3
25060,117.3
25061,117.3
25062,117.3
25063,117.3
25064,117.3
25065,117.3
25066,117.3
25067,118.182
25068,118.182
25069,118.182
25070,118.182
25071,118.182
25072,118.182
25073,118.182
25074,118.182
25075,118.182
25076,118.182
25077,118.182
25078,118.182
25079,118.182
25080,118.182
25081,118.182
25082,118.182
25083,118.182
25084,118.182
25085,118.182
25086,118.182
25087,118.182
25088,118.182
25089,118.182
25090,118.182
25091,118.182
25092,118.182
25093,118.182
25094,118.182
25095,118.182
25096,118.182
25097,118.182
25098,118.182
25099,118.182
25100,118.182
25101,118.182
25102,118.182
25103,118.182
25104,118.182
25105,118.182
25106,118.182
25107,118.182
25108,118.182
25109,118.182
25110,118.182
25111,118.182
25112,118.182
25113,118.182
25114,118.182
25115,118.182
25116,118.182
25117,118.182
25118,118.182
25119,118.182
25120,118.182
25121,118.182
25122,118.182
25123,118.182
25124,118.182
25125,118.182
25126,118.182
25127,118.182
25128,118.455
25129,118.455
25130,118.455
25131,118.455
25132,118.455
25133,118.455
25134,118.455
25135,118.455
25136,118.455
25137,118.455
25138,118.455
25139,118.455
25140,118.455
25141,118.455
25142,118.455
25143,118.455
25144,118.455
25145,118.455
25146,118.455
25147,118.455
25148,117.733
25149,117.733
25150,117.733
25151,117.733
25152,117.733
25153,117.733
25154,117.733
25155,117.733
25156,117.733
25157,117.733
25158,117.733
25159,117.733
25160,117.733
25161,117.733
25162,117.733
25163,117.733
25164,117.733
25165,117.733
25166,117.733
25167,117.733
25168,118.728
25169,118.728
25170,118.728
25171,118.728
25172,118.728
25173,118.728
25174,118.728
25175,118.728
25176,118.728
25177,118.728
25178,118.728
25179,118.728
25180,118.728
25181,118.728
25182,118.728
25183,118.728
25184,118.728
25185,118.728
25186,118.728
25187,118.728
25188,119.665
25189,119.665
25190,119.665
25191,119.665
25192,119.665
25193,119.665
25194,119.665
25195,119.665
25196,119.665
25197,119.665
25198,119.665
25199,119.665
25200,119.665
25201,119.665
25202,119.665
25203,119.665
25204,119.665
25205,119.665
25206,119.665
25207,119.665
25208,120.22
25209,120.22
25210,120.22
25211,120.22
25212,120.22
25213,120.22
25214,120.22
25215,120.22
25216,120.22
25217,120.22
25218,120.22
25219,120.22
25220,120.22
25221,120.22
25222,120.22
25223,120.22
25224,120.22
25225,120.22
25226,120.22
25227,120.22
25228,120.343
25229,120.343
25230,120.343
25231,120.343
25232,120.343
25233,120.343
25234,120.343
25235,120.343
25236,120.343
25237,120.343
25238,120.343
25239,120.343
25240,120.343
25241,120.343
25242,120.343
25243,120.343
25244,120.343
25245,120.343
25246,120.343
25247,120.343
25248,119.337
25249,119.337
25250,119.337
25251,119.337
25252,119.337
25253,119.337
25254,119.337
25255,119.337
25256,119.337
25257,119.337
25258,119.337
25259,119.337
25260,119.337
25261,119.337
25262,119.337
25263,119.337
25264,119.337
25265,119.337
25266,119.337
25267,119.337
25268,119.337
25269,119.337
25270,119.337
25271,119.337
25272,119.337
25273,119.337
25274,119.337
25275,119.337
25276,119.337
25277,119.337
25278,119.337
25279,119.337
25280,119.337
25281,119.337
25282,119.337
25283,119.337
25284,119.337
25285,119.337
25286,119.337
25287,119.337
25288,119.186
25289,119.186
25290,119.186
25291,119.186
25292,119.186
25293,119.186
25294,119.186
25295,119.186
25296,119.186
25297,119.186
25298,119.186
25299,119.186
25300,119.186
25301,119.186
25302,119.186
25303,119.186
25304,119.186
25305,119.186
25306,119.186
25307,119.186
25308,119.186
25309,119.186
25310,119.186
25311,119.186
25312,119.186
25313,119.186
25314,119.186
25315,119.186
25316,119.186
25317,119.186
25318,119.186
25319,119.186
25320,119.186
25321,119.186
25322,119.186
25323,119.186
25324,119.186
25325,119.186
25326,119.186
25327,119.186
25328,118.85
25329,118.85
25330,118.85
25331,118.85
25332,118.85
25333,118.85
25334,118.85
25335,118.85
25336,118.85
25337,118.85
25338,118.85
25339,118.85
25340,118.85
25341,118.85
25342,118.85
25343,118.85
25344,118.85
25345,118.85
25346,118.85
25347,118.85
25348,118.85
25349,117.975
25350,117.975
25351,117.975
25352,117.975
25353,117.975
25354,117.975
25355,117.975
25356,117.975
25357,117.975
25358,117.975
25359,117.975
25360,117.975
25361,117.975
25362,117.975
25363,117.975
25364,117.975
25365,117.975
25366,117.975
25367,117.975
25368,118.303
25369,118.303
25370,118.303
25371,118.303
25372,118.303
25373,118.303
25374,118.303
25375,118.303
25376,118.303
25377,118.303
25378,118.303
25379,118.303
25380,118.303
25381,118.303
25382,118.303
25383,118.303
25384,118.303
25385,118.303
25386,118.303
25387,118.303
25388,118.303
25389,118.577
25390,118.577
25391,118.577
25392,118.577
25393,118.577
25394,118.577
25395,118.577
25396,118.577
25397,118.577
25398,118.577
25399,118.577
25400,118.577
25401,118.577
25402,118.577
25403,118.577
25404,118.577
25405,118.577
25406,118.577
25407,118.577
25408,118.577
25409,118.182
25410,118.182
25411,118.182
25412,118.182
25413,118.182
25414,118.182
25415,118.182
25416,118.182
25417,118.182
25418,118.182
25419,118.182
25420,118.182
25421,118.182
25422,118.182
25423,118.182
25424,118.182
25425,118.182
25426,118.182
25427,118.182
25428,118.182
25429,118.303
25430,118.303
25431,118.303
25432,118.303
25433,118.303
25434,118.303
25435,118.303
25436,118.303
25437,118.303
25438,118.303
25439,118.303
25440,118.303
25441,118.303
25442,118.303
25443,118.303
25444,118.303
25445,118.303
25446,118.303
25447,118.303
25448,118.303
25449,118.455
25450,118.455
25451,118.455
25452,118.455
25453,118.455
25454,118.455
25455,118.455
25456,118.455
25457,118.455
25458,118.455
25459,118.455
25460,118.455
25461,118.455
25462,118.455
25463,118.455
25464,118.455
25465,118.455
25466,118.455
25467,118.455
25468,118.455
25469,117.854
25470,117.854
25471,117.854
25472,117.854
25473,117.854
25474,117.854
25475,117.854
25476,117.854
25477,117.854
25478,117.854
25479,117.854
25480,117.854
25481,117.854
25482,117.854
25483,117.854
25484,117.854
25485,117.854
25486,117.854
25487,117.854
25488,117.854
25489,117.581
25490,117.581
25491,117.581
25492,117.581
25493,117.581
25494,117.581
25495,117.581
25496,117.581
25497,117.581
25498,117.581
25499,117.581
25500,117.581
25501,117.581
25502,117.581
25503,117.581
25504,117.581
25505,117.581
25506,117.581
25507,117.581
25508,117.581
25509,118.455
25510,118.455
25511,118.455
25512,118.455
25513,118.455
25514,118.455
25515,118.455
25516,118.455
25517,118.455
25518,118.455
25519,118.455
25520,118.455
25521,118.455
25522,118.455
25523,118.455
25524,118.455
25525,118.455
25526,118.455
25527,118.455
25528,118.455
25529,118.728
25530,118.728
25531,118.728
25532,118.728
25533,118.728
25534,118.728
25535,118.728
25536,118.728
25537,118.728
25538,118.728
25539,118.728
25540,118.728
25541,118.728
25542,118.728
25543,118.728
25544,118.728
25545,118.728
25546,118.728
25547,118.728
25548,118.728
25549,118.182
25550,118.182
25551,118.182
25552,118.182
25553,118.182
25554,118.182
25555,118.182
25556,118.182
25557,118.182
25558,118.182
25559,118.182
25560,118.182
25561,118.182
25562,118.182
25563,118.182
25564,118.182
25565,118.182
25566,118.182
25567,118.182
25568,118.182
25569,118.182
25570,118.182
25571,118.182
25572,118.182
25573,118.182
25574,118.182
25575,118.182
25576,118.182
25577,118.182
25578,118.182
25579,118.182
25580,118.182
25581,118.182
25582,118.182
25583,118.182
25584,118.182
25585,118.182
25586,118.182
25587,118.182
25588,118.182
25589,118.182
25590,118.607
25591,118.607
25592,118.607
25593,118.607
25594,118.607
25595,118.607
25596,118.607
25597,118.607
25598,118.607
25599,118.607
25600,118.607
25601,118.607
25602,118.607
25603,118.607
25604,118.607
25605,118.607
25606,118.607
25607,118.607
25608,118.607
25609,118.607
25610,119.215
25611,119.215
25612,119.215
25613,119.215
25614,119.215
25615,119.215
25616,119.215
25617,119.215
25618,119.215
25619,119.215
25620,119.215
25621,119.215
25622,119.215
25623,119.215
25624,119.215
25625,119.215
25626,119.215
25627,119.215
25628,119.215
25629,119.215
25630,119.543
25631,119.543
25632,119.543
25633,119.543
25634,119.543
25635,119.543
25636,119.543
25637,119.543
25638,119.543
25639,119.543
25640,119.543
25641,119.543
25642,119.543
25643,119.543
25644,119.543
25645,119.543
25646,119.543
25647,119.543
25648,119.543
25649,119.543
25650,120.22
25651,120.22
25652,120.22
25653,120.22
25654,120.22
25655,120.22
25656,120.22
25657,120.22
25658,120.22
25659,120.22
25660,120.22
25661,120.22
25662,120.22
25663,120.22
25664,120.22
25665,120.22
25666,120.22
25667,120.22
25668,120.22
25669,120.22
25670,119.665
25671,119.665
25672,119.665
25673,119.665
25674,119.665
25675,119.665
25676,119.665
25677,119.665
25678,119.665
25679,119.665
25680,119.665
25681,119.665
25682,119.665
25683,119.665
25684,119.665
25685,119.665
25686,119.665
25687,119.665
25688,119.665
25689,119.665
25690,119.337
25691,119.337
25692,119.337
25693,119.337
25694,119.337
25695,119.337
25696,119.337
25697,119.337
25698,119.337
25699,119.337
25700,119.337
25701,119.337
25702,119.337
25703,119.337
25704,119.337
25705,119.337
25706,119.337
25707,119.337
25708,119.337
25709,119.337
25710,119.337
25711,119.337
25712,119.337
25713,119.337
25714,119.337
25715,119.337
25716,119.337
25717,119.337
25718,119.337
25719,119.337
25720,119.337
25721,119.337
25722,119.337
25723,119.337
25724,119.337
25725,119.337
25726,119.337
25727,119.337
25728,119.337
25729,119.337
25730,118.455
25731,118.455
25732,118.455
25733,118.455
25734,118.455
25735,118.455
25736,118.455
25737,118.455
25738,118.455
25739,118.455
25740,118.455
25741,118.455
25742,118.455
25743,118.455
25744,118.455
25745,118.455
25746,118.455
25747,118.455
25748,118.455
25749,118.455
25750,118.455
25751,118.455
25752,118.455
25753,118.455
25754,118.455
25755,118.455
25756,118.455
25757,118.455
25758,118.455
25759,118.455
25760,118.455
25761,118.455
25762,118.455
25763,118.455
25764,118.455
25765,118.455
25766,118.455
25767,118.455
25768,118.455
25769,118.455
25770,118.455
25771,118.182
25772,118.182
25773,118.182
25774,118.182
25775,118.182
25776,118.182
25777,118.182
25778,118.182
25779,118.182
25780,118.182
25781,118.182
25782,118.182
25783,118.182
25784,118.182
25785,118.182
25786,118.182
25787,118.182
25788,118.182
25789,118.182
25790,118.182
25791,117.581
25792,117.581
25793,117.581
25794,117.581
25795,117.581
25796,117.581
25797,117.581
25798,117.581
25799,117.581
25800,117.581
25801,117.581
25802,117.581
25803,117.581
25804,117.581
25805,117.581
25806,117.581
25807,117.581
25808,117.581
25809,117.581
25810,117.581
25811,118.182
25812,118.182
25813,118.182
25814,118.182
25815,118.182
25816,118.182
25817,118.182
25818,118.182
25819,118.182
25820,118.182
25821,118.182
25822,118.182
25823,118.182
25824,118.182
25825,118.182
25826,118.182
25827,118.182
25828,118.182
25829,118.182
25830,118.182
25831,118.728
25832,118.728
25833,118.728
25834,118.728
25835,118.728
25836,118.728
25837,118.728
25838,118.728
25839,118.728
25840,118.728
25841,118.728
25842,118.728
25843,118.728
25844,118.728
25845,118.728
25846,118.728
25847,118.728
25848,118.728
25849,118.728
25850,118.728
25851,118.182
25852,118.182
25853,118.182
25854,118.182
25855,118.182
25856,118.182
25857,118.182
25858,118.182
25859,118.182
25860,118.182
25861,118.182
25862,118.182
25863,118.182
25864,118.182
25865,118.182
25866,118.182
25867,118.182
25868,118.182
25869,118.182
25870,118.182
25871,117.854
25872,117.854
25873,117.854
25874,117.854
25875,117.854
25876,117.854
25877,117.854
25878,117.854
25879,117.854
25880,117.854
25881,117.854
25882,117.854
25883,117.854
25884,117.854
25885,117.854
25886,117.854
25887,117.854
25888,117.854
25889,117.854
25890,117.854
25891,118.182
25892,118.182
25893,118.182
25894,118.182
25895,118.182
25896,118.182
25897,118.182
25898,118.182
25899,118.182
25900,118.182
25901,118.182
25902,118.182
25903,118.182
25904,118.182
25905,118.182
25906,118.182
25907,118.182
25908,118.182
25909,118.182
25910,118.182
25911,117.581
25912,117.581
25913,117.581
25914,117.581
25915,117.581
25916,117.581
25917,117.581
25918,117.581
25919,117.581
25920,117.581
25921,117.581
25922,117.581
25923,117.581
25924,117.581
25925,117.581
25926,117.581
25927,117.581
25928,117.581
25929,117.581
25930,117.581
25931,117.581
25932,117.854
25933,117.854
25934,117.854
25935,117.854
25936,117.854
25937,117.854
25938,117.854
25939,117.854
25940,117.854
25941,117.854
25942,117.854
25943,117.854
25944,117.854
25945,117.854
25946,117.854
25947,117.854
25948,117.854
25949,117.854
25950,117.854
25951,117.854
25952,119.337
25953,119.337
25954,119.337
25955,119.337
25956,119.337
25957,119.337
25958,119.337
25959,119.337
25960,119.337
25961,119.337
25962,119.337
25963,119.337
25964,119.337
25965,119.337
25966,119.337
25967,119.337
25968,119.337
25969,119.337
25970,119.337
25971,119.337
25972,118.607
25973,118.607
25974,118.607
25975,118.607
25976,118.607
25977,118.607
25978,118.607
25979,118.607
25980,118.607
25981,118.607
25982,118.607
25983,118.607
25984,118.607
25985,118.607
25986,118.607
25987,118.607
25988,118.607
25989,118.607
25990,118.607
25991,118.607
25992,119.064
25993,119.064
25994,119.064
25995,119.064
25996,119.064
25997,119.064
25998,119.064
25999,119.064
26000,119.064
26001,119.064
26002,119.064
26003,119.064
26004,119.064
26005,119.064
26006,119.064
26007,119.064
26008,119.064
26009,119.064
26010,119.064
26011,119.064
26012,119.064
26013,119.064
26014,119.064
26015,119.064
26016,119.064
26017,119.064
26018,119.064
26019,119.064
26020,119.064
26021,119.064
26022,119.064
26023,119.064
26024,119.064
26025,119.064
26026,119.064
26027,119.064
26028,119.064
26029,119.064
26030,119.064
26031,119.064
26032,119.337
26033,119.337
26034,119.337
26035,119.337
26036,119.337
26037,119.337
26038,119.337
26039,119.337
26040,119.337
26041,119.337
26042,119.337
26043,119.337
26044,119.337
26045,119.337
26046,119.337
26047,119.337
26048,119.337
26049,119.337
26050,119.337
26051,119.337
26052,119.337
26053,119.337
26054,119.337
26055,119.337
26056,119.337
26057,119.337
26058,119.337
26059,119.337
26060,119.337
26061,119.337
26062,119.337
26063,119.337
26064,119.337
26065,119.337
26066,119.337
26067,119.337
26068,119.337
26069,119.337
26070,119.337
26071,119.337
26072,112.576
26073,112.576
26074,112.576
26075,112.576
26076,112.576
26077,112.576
26078,112.576
26079,112.576
26080,112.576
26081,112.576
26082,112.576
26083,112.576
26084,112.576
26085,112.576
26086,112.576
26087,112.576
26088,112.576
26089,112.576
26090,112.576
26091,112.576
26092,117.3
26093,117.3
26094,117.3
26095,117.3
26096,117.3
26097,117.3
26098,117.3
26099,117.3
26100,117.3
26101,117.3
26102,117.3
26103,117.3
26104,117.3
26105,117.3
26106,117.3
26107,117.3
26108,117.3
26109,117.3
26110,117.3
26111,117.3
26112,117.854
26113,117.854
26114,117.854
26115,117.854
26116,117.854
26117,117.854
26118,117.854
26119,117.854
26120,117.854
26121,117.854
26122,117.854
26123,117.854
26124,117.854
26125,117.854
26126,117.854
26127,117.854
26128,117.854
26129,117.854
26130,117.854
26131,117.854
26132,118.182
26133,118.182
26134,118.182
26135,118.182
26136,118.182
26137,118.182
26138,118.182
26139,118.182
26140,118.182
26141,118.182
26142,118.182
26143,118.182
26144,118.182
26145,118.182
26146,118.182
26147,118.182
26148,118.182
26149,118.182
26150,118.182
26151,118.182
26152,118.182
26153,118.182
26154,118.182
26155,118.182
26156,118.182
26157,118.182
26158,118.182
26159,118.182
26160,118.182
26161,118.182
26162,118.182
26163,118.182
26164,118.182
26165,118.182
26166,118.182
26167,118.182
26168,118.182
26169,118.182
26170,118.182
26171,118.182
26172,118.182
26173,118.182
26174,118.182
26175,118.182
26176,118.182
26177,118.182
26178,118.182
26179,118.182
26180,118.182
26181,118.182
26182,118.182
26183,118.182
26184,118.182
26185,118.182
26186,118.182
26187,118.182
26188,118.182
26189,118.182
26190,118.182
26191,118.182
26192,118.182
26193,118.728
26194,118.728
26195,118.728
26196,118.728
26197,118.728
26198,118.728
26199,118.728
26200,118.728
26201,118.728
26202,118.728
26203,118.728
26204,118.728
26205,118.728
26206,118.728
26207,118.728
26208,118.728
26209,118.728
26210,118.728
26211,118.728
26212,118.728
26213,118.728
26214,118.728
26215,118.728
26216,118.728
26217,118.728
26218,118.728
26219,118.728
26220,118.728
26221,118.728
26222,118.728
26223,118.728
26224,118.728
26225,118.728
26226,118.728
26227,118.728
26228,118.728
26229,118.728
26230,118.728
26231,118.728
26232,118.728
26233,117.733
26234,117.733
26235,117.733
26236,117.733
26237,117.733
26238,117.733
26239,117.733
26240,117.733
26241,117.733
26242,117.733
26243,117.733
26244,117.733
26245,117.733
26246,117.733
26247,117.733
26248,117.733
26249,117.733
26250,117.733
26251,117.733
26252,117.733
26253,117.733
26254,117.733
26255,117.733
26256,117.733
26257,117.733
26258,117.733
26259,117.733
26260,117.733
26261,117.733
26262,117.733
26263,117.733
26264,117.733
26265,117.733
26266,117.733
26267,117.733
26268,117.733
26269,117.733
26270,117.733
26271,117.733
26272,117.733
26273,117.733
26274,117.733
26275,117.733
26276,117.733
26277,117.733
26278,117.733
26279,117.733
26280,117.733
26281,117.733
26282,117.733
26283,117.733
26284,117.733
26285,117.733
26286,117.733
26287,117.733
26288,117.733
26289,117.733
26290,117.733
26291,117.733
26292,117.733
26293,117.46
26294,117.46
26295,117.46
26296,117.46
26297,117.46
26298,117.46
26299,117.46
26300,117.46
26301,117.46
26302,117.46
26303,117.46
26304,117.46
26305,117.46
26306,117.46
26307,117.46
26308,117.46
26309,117.46
26310,117.46
26311,117.46
26312,117.46
26313,118.942
26314,118.942
26315,118.942
26316,118.942
26317,118.942
26318,118.942
26319,118.942
26320,118.942
26321,118.942
26322,118.942
26323,118.942
26324,118.942
26325,118.942
26326,118.942
26327,118.942
26328,118.942
26329,118.942
26330,118.942
26331,118.942
26332,118.942
26333,119.337
26334,119.337
26335,119.337
26336,119.337
26337,119.337
26338,119.337
26339,119.337
26340,119.337
26341,119.337
26342,119.337
26343,119.337
26344,119.337
26345,119.337
26346,119.337
26347,119.337
26348,119.337
26349,119.337
26350,119.337
26351,119.337
26352,119.337
26353,119.337
26354,119.064
26355,119.064
26356,119.064
26357,119.064
26358,119.064
26359,119.064
26360,119.064
26361,119.064
26362,119.064
26363,119.064
26364,119.064
26365,119.064
26366,119.064
26367,119.064
26368,119.064
26369,119.064
26370,119.064
26371,119.064
26372,119.064
26373,119.064
26374,119.337
26375,119.337
26376,119.337
26377,119.337
26378,119.337
26379,119.337
26380,119.337
26381,119.337
26382,119.337
26383,119.337
26384,119.337
26385,119.337
26386,119.337
26387,119.337
26388,119.337
26389,119.337
26390,119.337
26391,119.337
26392,119.337
26393,119.337
26394,119.215
26395,119.215
26396,119.215
26397,119.215
26398,119.215
26399,119.215
26400,119.215
26401,119.215
26402,119.215
26403,119.215
26404,119.215
26405,119.215
26406,119.215
26407,119.215
26408,119.215
26409,119.215
26410,119.215
26411,119.215
26412,119.215
26413,119.215
26414,118.942
26415,118.942
26416,118.942
26417,118.942
26418,118.942
26419,118.942
26420,118.942
26421,118.942
26422,118.942
26423,118.942
26424,118.942
26425,118.942
26426,118.942
26427,118.942
26428,118.942
26429,118.942
26430,118.942
26431,118.942
26432,118.942
26433,118.942
26434,119.215
26435,119.215
26436,119.215
26437,119.215
26438,119.215
26439,119.215
26440,119.215
26441,119.215
26442,119.215
26443,119.215
26444,119.215
26445,119.215
26446,119.215
26447,119.215
26448,119.215
26449,119.215
26450,119.215
26451,119.215
26452,119.215
26453,119.215
26454,119.215
26455,119.215
26456,119.215
26457,119.215
26458,119.215
26459,119.215
26460,119.215
26461,119.215
26462,119.215
26463,119.215
26464,119.215
26465,119.215
26466,119.215
26467,119.215
26468,119.215
26469,119.215
26470,119.215
26471,119.215
26472,119.215
26473,119.215
26474,119.215
26475,119.215
26476,119.215
26477,119.215
26478,119.215
26479,119.215
26480,119.215
26481,119.215
26482,119.215
26483,119.215
26484,119.215
26485,119.215
26486,119.215
26487,119.215
26488,119.215
26489,119.215
26490,119.215
26491,119.215
26492,119.215
26493,119.215
26494,118.942
26495,118.942
26496,118.942
26497,118.942
26498,118.942
26499,118.942
26500,118.942
26501,118.942
26502,118.942
26503,118.942
26504,118.942
26505,118.942
26506,118.942
26507,118.942
26508,118.942
26509,118.942
26510,118.942
26511,118.942
26512,118.942
26513,118.942
26514,118.334
26515,118.334
26516,118.334
26517,118.334
26518,118.334
26519,118.334
26520,118.334
26521,118.334
26522,118.334
26523,118.334
26524,118.334
26525,118.334
26526,118.334
26527,118.334
26528,118.334
26529,118.334
26530,118.334
26531,118.334
26532,118.334
26533,118.334
26534,117.733
26535,117.733
26536,117.733
26537,117.733
26538,117.733
26539,117.733
26540,117.733
26541,117.733
26542,117.733
26543,117.733
26544,117.733
26545,117.733
26546,117.733
26547,117.733
26548,117.733
26549,117.733
26550,117.733
26551,117.733
26552,117.733
26553,117.733
26554,118.061
26555,118.061
26556,118.061
26557,118.061
26558,118.061
26559,118.061
26560,118.061
26561,118.061
26562,118.061
26563,118.061
26564,118.061
26565,118.061
26566,118.061
26567,118.061
26568,118.061
26569,118.061
26570,118.061
26571,118.061
26572,118.061
26573,118.061
26574,118.061
26575,118.334
26576,118.334
26577,118.334
26578,118.334
26579,118.334
26580,118.334
26581,118.334
26582,118.334
26583,118.334
26584,118.334
26585,118.334
26586,118.334
26587,118.334
26588,118.334
26589,118.334
26590,118.334
26591,118.334
26592,118.334
26593,118.334
26594,118.334
26595,118.455
26596,118.455
26597,118.455
26598,118.455
26599,118.455
26600,118.455
26601,118.455
26602,118.455
26603,118.455
26604,118.455
26605,118.455
26606,118.455
26607,118.455
26608,118.455
26609,118.455
26610,118.455
26611,118.455
26612,118.455
26613,118.455
26614,118.455
26615,118.182
26616,118.182
26617,118.182
26618,118.182
26619,118.182
26620,118.182
26621,118.182
26622,118.182
26623,118.182
26624,118.182
26625,118.182
26626,118.182
26627,118.182
26628,118.182
26629,118.182
26630,118.182
26631,118.182
26632,118.182
26633,118.182
26634,118.182
26635,118.455
26636,118.455
26637,118.455
26638,118.455
26639,118.455
26640,118.455
26641,118.455
26642,118.455
26643,118.455
26644,118.455
26645,118.455
26646,118.455
26647,118.455
26648,118.455
26649,118.455
26650,118.455
26651,118.455
26652,118.455
26653,118.455
26654,118.455
26655,118.182
26656,118.182
26657,118.182
26658,118.182
26659,118.182
26660,118.182
26661,118.182
26662,118.182
26663,118.182
26664,118.182
26665,118.182
26666,118.182
26667,118.182
26668,118.182
26669,118.182
26670,118.182
26671,118.182
26672,118.182
26673,118.182
26674,118.182
26675,118.182
26676,118.182
26677,118.182
26678,118.182
26679,118.182
26680,118.182
26681,118.182
26682,118.182
26683,118.182
26684,118.182
26685,118.182
26686,118.182
26687,118.182
26688,118.182
26689,118.182
26690,118.182
26691,118.182
26692,118.182
26693,118.182
26694,118.182
26695,117.46
26696,117.46
26697,117.46
26698,117.46
26699,117.46
26700,117.46
26701,117.46
26702,117.46
26703,117.46
26704,117.46
26705,117.46
26706,117.46
26707,117.46
26708,117.46
26709,117.46
26710,117.46
26711,117.46
26712,117.46
26713,117.46
26714,117.46
26715,118.061
26716,118.061
26717,118.061
26718,118.061
26719,118.061
26720,118.061
26721,118.061
26722,118.061
26723,118.061
26724,118.061
26725,118.061
26726,118.061
26727,118.061
26728,118.061
26729,118.061
26730,118.061
26731,118.061
26732,118.061
26733,118.061
26734,118.061
26735,118.607
26736,118.607
26737,118.607
26738,118.607
26739,118.607
26740,118.607
26741,118.607
26742,118.607
26743,118.607
26744,118.607
26745,118.607
26746,118.607
26747,118.607
26748,118.607
26749,118.607
26750,118.607
26751,118.607
26752,118.607
26753,118.607
26754,118.607
26755,119.543
26756,119.543
26757,119.543
26758,119.543
26759,119.543
26760,119.543
26761,119.543
26762,119.543
26763,119.543
26764,119.543
26765,119.543
26766,119.543
26767,119.543
26768,119.543
26769,119.543
26770,119.543
26771,119.543
26772,119.543
26773,119.543
26774,119.543
26775,119.543
26776,120.097
26777,120.097
26778,120.097
26779,120.097
26780,120.097
26781,120.097
26782,120.097
26783,120.097
26784,120.097
26785,120.097
26786,120.097
26787,120.097
26788,120.097
26789,120.097
26790,120.097
26791,120.097
26792,120.097
26793,120.097
26794,120.097
26795,120.097
26796,120.22
26797,120.22
26798,120.22
26799,120.22
26800,120.22
26801,120.22
26802,120.22
26803,120.22
26804,120.22
26805,120.22
26806,120.22
26807,120.22
26808,120.22
26809,120.22
26810,120.22
26811,120.22
26812,120.22
26813,120.22
26814,120.22
26815,120.22
26816,119.665
26817,119.665
26818,119.665
26819,119.665
26820,119.665
26821,119.665
26822,119.665
26823,119.665
26824,119.665
26825,119.665
26826,119.665
26827,119.665
26828,119.665
26829,119.665
26830,119.665
26831,119.665
26832,119.665
26833,119.665
26834,119.665
26835,119.665
26836,119.064
26837,119.064
26838,119.064
26839,119.064
26840,119.064
26841,119.064
26842,119.064
26843,119.064
26844,119.064
26845,119.064
26846,119.064
26847,119.064
26848,119.064
26849,119.064
26850,119.064
26851,119.064
26852,119.064
26853,119.064
26854,119.064
26855,119.064
26856,119.665
26857,119.665
26858,119.665
26859,119.665
26860,119.665
26861,119.665
26862,119.665
26863,119.665
26864,119.665
26865,119.665
26866,119.665
26867,119.665
26868,119.665
26869,119.665
26870,119.665
26871,119.665
26872,119.665
26873,119.665
26874,119.665
26875,119.665
26876,119.064
26877,119.064
26878,119.064
26879,119.064
26880,119.064
26881,119.064
26882,119.064
26883,119.064
26884,119.064
26885,119.064
26886,119.064
26887,119.064
26888,119.064
26889,119.064
26890,119.064
26891,119.064
26892,119.064
26893,119.064
26894,119.064
26895,119.064
26896,118.455
26897,118.455
26898,118.455
26899,118.455
26900,118.455
26901,118.455
26902,118.455
26903,118.455
26904,118.455
26905,118.455
26906,118.455
26907,118.455
26908,118.455
26909,118.455
26910,118.455
26911,118.455
26912,118.455
26913,118.455
26914,118.455
26915,118.455
26916,118.334
26917,118.334
26918,118.334
26919,118.334
26920,118.334
26921,118.334
26922,118.334
26923,118.334
26924,118.334
26925,118.334
26926,118.334
26927,118.334
26928,118.334
26929,118.334
26930,118.334
26931,118.334
26932,118.334
26933,118.334
26934,118.334
26935,118.334
26936,118.455
26937,118.455
26938,118.455
26939,118.455
26940,118.455
26941,118.455
26942,118.455
26943,118.455
26944,118.455
26945,118.455
26946,118.455
26947,118.455
26948,118.455
26949,118.455
26950,118.455
26951,118.455
26952,118.455
26953,118.455
26954,118.455
26955,118.455
26956,118.334
26957,118.334
26958,118.334
26959,118.334
26960,118.334
26961,118.334
26962,118.334
26963,118.334
26964,118.334
26965,118.334
26966,118.334
26967,118.334
26968,118.334
26969,118.334
26970,118.334
26971,118.334
26972,118.334
26973,118.334
26974,118.334
26975,118.334
26976,118.061
26977,118.061
26978,118.061
26979,118.061
26980,118.061
26981,118.061
26982,118.061
26983,118.061
26984,118.061
26985,118.061
26986,118.061
26987,118.061
26988,118.061
26989,118.061
26990,118.061
26991,118.061
26992,118.061
26993,118.061
26994,118.061
26995,118.061
26996,118.061
26997,118.607
26998,118.607
26999,118.607
27000,118.607
27001,118.607
27002,118.607
27003,118.607
27004,118.607
27005,118.607
27006,118.607
27007,118.607
27008,118.607
27009,118.607
27010,118.607
27011,118.607
27012,118.607
27013,118.607
27014,118.607
27015,118.607
27016,118.607
27017,118.455
27018,118.455
27019,118.455
27020,118.455
27021,118.455
27022,118.455
27023,118.455
27024,118.455
27025,118.455
27026,118.455
27027,118.455
27028,118.455
27029,118.455
27030,118.455
27031,118.455
27032,118.455
27033,118.455
27034,118.455
27035,118.455
27036,118.455
27037,117.854
27038,117.854
27039,117.854
27040,117.854
27041,117.854
27042,117.854
27043,117.854
27044,117.854
27045,117.854
27046,117.854
27047,117.854
27048,117.854
27049,117.854
27050,117.854
27051,117.854
27052,117.854
27053,117.854
27054,117.854
27055,117.854
27056,117.854
27057,117.854
27058,117.854
27059,117.854
27060,117.854
27061,117.854
27062,117.854
27063,117.854
27064,117.854
27065,117.854
27066,117.854
27067,117.854
27068,117.854
27069,117.854
27070,117.854
27071,117.854
27072,117.854
27073,117.854
27074,117.854
27075,117.854
27076,117.854
27077,118.182
27078,118.182
27079,118.182
27080,118.182
27081,118.182
27082,118.182
27083,118.182
27084,118.182
27085,118.182
27086,118.182
27087,118.182
27088,118.182
27089,118.182
27090,118.182
27091,118.182
27092,118.182
27093,118.182
27094,118.182
27095,118.182
27096,118.182
27097,118.182
27098,118.182
27099,118.182
27100,118.182
27101,118.182
27102,118.182
27103,118.182
27104,118.182
27105,118.182
27106,118.182
27107,118.182
27108,118.182
27109,118.182
27110,118.182
27111,118.182
27112,118.182
27113,118.182
27114,118.182
27115,118.182
27116,118.182
27117,118.455
27118,118.455
27119,118.455
27120,118.455
27121,118.455
27122,118.455
27123,118.455
27124,118.455
27125,118.455
27126,118.455
27127,118.455
27128,118.455
27129,118.455
27130,118.455
27131,118.455
27132,118.455
27133,118.455
27134,118.455
27135,118.455
27136,118.455
27137,116.37
27138,116.37
27139,116.37
27140,116.37
27141,116.37
27142,116.37
27143,116.37
27144,116.37
27145,116.37
27146,116.37
27147,116.37
27148,116.37
27149,116.37
27150,116.37
27151,116.37
27152,116.37
27153,116.37
27154,116.37
27155,116.37
27156,116.37
27157,119.337
27158,119.337
27159,119.337
27160,119.337
27161,119.337
27162,119.337
27163,119.337
27164,119.337
27165,119.337
27166,119.337
27167,119.337
27168,119.337
27169,119.337
27170,119.337
27171,119.337
27172,119.337
27173,119.337
27174,119.337
27175,119.337
27176,119.337
27177,119.665
27178,119.665
27179,119.665
27180,119.665
27181,119.665
27182,119.665
27183,119.665
27184,119.665
27185,119.665
27186,119.665
27187,119.665
27188,119.665
27189,119.665
27190,119.665
27191,119.665
27192,119.665
27193,119.665
27194,119.665
27195,119.665
27196,119.665
27197,119.064
27198,119.064
27199,119.064
27200,119.064
27201,119.064
27202,119.064
27203,119.064
27204,119.064
27205,119.064
27206,119.064
27207,119.064
27208,119.064
27209,119.064
27210,119.064
27211,119.064
27212,119.064
27213,119.064
27214,119.064
27215,119.064
27216,119.064
27217,119.665
27218,119.665
27219,119.665
27220,119.665
27221,119.665
27222,119.665
27223,119.665
27224,119.665
27225,119.665
27226,119.665
27227,119.665
27228,119.665
27229,119.665
27230,119.665
27231,119.665
27232,119.665
27233,119.665
27234,119.665
27235,119.665
27236,119.665
27237,119.665
27238,119.064
27239,119.064
27240,119.064
27241,119.064
27242,119.064
27243,119.064
27244,119.064
27245,119.064
27246,119.064
27247,119.064
27248,119.064
27249,119.064
27250,119.064
27251,119.064
27252,119.064
27253,119.064
27254,119.064
27255,119.064
27256,119.064
27257,119.064
27258,118.455
27259,118.455
27260,118.455
27261,118.455
27262,118.455
27263,118.455
27264,118.455
27265,118.455
27266,118.455
27267,118.455
27268,118.455
27269,118.455
27270,118.455
27271,118.455
27272,118.455
27273,118.455
27274,118.455
27275,118.455
27276,118.455
27277,118.455
27278,118.455
27279,118.455
27280,118.455
27281,118.455
27282,118.455
27283,118.455
27284,118.455
27285,118.455
27286,118.455
27287,118.455
27288,118.455
27289,118.455
27290,118.455
27291,118.455
27292,118.455
27293,118.455
27294,118.455
27295,118.455
27296,118.455
27297,118.455
27298,118.182
27299,118.182
27300,118.182
27301,118.182
27302,118.182
27303,118.182
27304,118.182
27305,118.182
27306,118.182
27307,118.182
27308,118.182
27309,118.182
27310,118.182
27311,118.182
27312,118.182
27313,118.182
27314,118.182
27315,118.182
27316,118.182
27317,118.182
27318,118.182
27319,118.182
27320,118.182
27321,118.182
27322,118.182
27323,118.182
27324,118.182
27325,118.182
27326,118.182
27327,118.182
27328,118.182
27329,118.182
27330,118.182
27331,118.182
27332,118.182
27333,118.182
27334,118.182
27335,118.182
27336,118.182
27337,118.182
27338,118.182
27339,118.182
27340,118.182
27341,118.182
27342,118.182
27343,118.182
27344,118.182
27345,118.182
27346,118.182
27347,118.182
27348,118.182
27349,118.182
27350,118.182
27351,118.182
27352,118.182
27353,118.182
27354,118.182
27355,118.182
27356,118.182
27357,118.182
27358,118.728
27359,118.728
27360,118.728
27361,118.728
27362,118.728
27363,118.728
27364,118.728
27365,118.728
27366,118.728
27367,118.728
27368,118.728
27369,118.728
27370,118.728
27371,118.728
27372,118.728
27373,118.728
27374,118.728
27375,118.728
27376,118.728
27377,118.728
27378,118.728
27379,118.182
27380,118.182
27381,118.182
27382,118.182
27383,118.182
27384,118.182
27385,118.182
27386,118.182
27387,118.182
27388,118.182
27389,118.182
27390,118.182
27391,118.182
27392,118.182
27393,118.182
27394,118.182
27395,118.182
27396,118.182
27397,118.182
27398,117.581
27399,117.581
27400,117.581
27401,117.581
27402,117.581
27403,117.581
27404,117.581
27405,117.581
27406,117.581
27407,117.581
27408,117.581
27409,117.581
27410,117.581
27411,117.581
27412,117.581
27413,117.581
27414,117.581
27415,117.581
27416,117.581
27417,117.581
27418,118.182
27419,118.182
27420,118.182
27421,118.182
27422,118.182
27423,118.182
27424,118.182
27425,118.182
27426,118.182
27427,118.182
27428,118.182
27429,118.182
27430,118.182
27431,118.182
27432,118.182
27433,118.182
27434,118.182
27435,118.182
27436,118.182
27437,118.182
27438,118.455
27439,118.455
27440,118.455
27441,118.455
27442,118.455
27443,118.455
27444,118.455
27445,118.455
27446,118.455
27447,118.455
27448,118.455
27449,118.455
27450,118.455
27451,118.455
27452,118.455
27453,118.455
27454,118.455
27455,118.455
27456,118.455
27457,118.455
27458,118.455
27459,118.182
27460,118.182
27461,118.182
27462,118.182
27463,118.182
27464,118.182
27465,118.182
27466,118.182
27467,118.182
27468,118.182
27469,118.182
27470,118.182
27471,118.182
27472,118.182
27473,118.182
27474,118.182
27475,118.182
27476,118.182
27477,118.182
27478,118.182
27479,118.182
27480,118.182
27481,118.182
27482,118.182
27483,118.182
27484,118.182
27485,118.182
27486,118.182
27487,118.182
27488,118.182
27489,118.182
27490,118.182
27491,118.182
27492,118.182
27493,118.182
27494,118.182
27495,118.182
27496,118.182
27497,118.182
27498,118.182
27499,117.854
27500,117.854
27501,117.854
27502,117.854
27503,117.854
27504,117.854
27505,117.854
27506,117.854
27507,117.854
27508,117.854
27509,117.854
27510,117.854
27511,117.854
27512,117.854
27513,117.854
27514,117.854
27515,117.854
27516,117.854
27517,117.854
27518,117.854
27519,119.064
27520,119.064
27521,119.064
27522,119.064
27523,119.064
27524,119.064
27525,119.064
27526,119.064
27527,119.064
27528,119.064
27529,119.064
27530,119.064
27531,119.064
27532,119.064
27533,119.064
27534,119.064
27535,119.064
27536,119.064
27537,119.064
27538,119.064
27539,119.665
27540,119.665
27541,119.665
27542,119.665
27543,119.665
27544,119.665
27545,119.665
27546,119.665
27547,119.665
27548,119.665
27549,119.665
27550,119.665
27551,119.665
27552,119.665
27553,119.665
27554,119.665
27555,119.665
27556,119.665
27557,119.665
27558,119.665
27559,120.343
27560,120.343
27561,120.343
27562,120.343
27563,120.343
27564,120.343
27565,120.343
27566,120.343
27567,120.343
27568,120.343
27569,120.343
27570,120.343
27571,120.343
27572,120.343
27573,120.343
27574,120.343
27575,120.343
27576,120.343
27577,120.343
27578,120.343
27579,120.343
27580,120.343
27581,120.343
27582,120.343
27583,120.343
27584,120.343
27585,120.343
27586,120.343
27587,120.343
27588,120.343
27589,120.343
27590,120.343
27591,120.343
27592,120.343
27593,120.343
27594,120.343
27595,120.343
27596,120.343
27597,120.343
27598,120.343
27599,119.46
27600,119.46
27601,119.46
27602,119.46
27603,119.46
27604,119.46
27605,119.46
27606,119.46
27607,119.46
27608,119.46
27609,119.46
27610,119.46
27611,119.46
27612,119.46
27613,119.46
27614,119.46
27615,119.46
27616,119.46
27617,119.46
27618,119.46
27619,119.46
27620,119.46
27621,119.46
27622,119.46
27623,119.46
27624,119.46
27625,119.46
27626,119.46
27627,119.46
27628,119.46
27629,119.46
27630,119.46
27631,119.46
27632,119.46
27633,119.46
27634,119.46
27635,119.46
27636,119.46
27637,119.46
27638,119.46
27639,119.186
27640,119.186
27641,119.186
27642,119.186
27643,119.186
27644,119.186
27645,119.186
27646,119.186
27647,119.186
27648,119.186
27649,119.186
27650,119.186
27651,119.186
27652,119.186
27653,119.186
27654,119.186
27655,119.186
27656,119.186
27657,119.186
27658,119.186
27659,119.186
27660,119.186
27661,119.186
27662,119.186
27663,119.186
27664,119.186
27665,119.186
27666,119.186
27667,119.186
27668,119.186
27669,119.186
27670,119.186
27671,119.186
27672,119.186
27673,119.186
27674,119.186
27675,119.186
27676,119.186
27677,119.186
27678,119.186
27679,119.186
27680,118.455
27681,118.455
27682,118.455
27683,118.455
27684,118.455
27685,118.455
27686,118.455
27687,118.455
27688,118.455
27689,118.455
27690,118.455
27691,118.455
27692,118.455
27693,118.455
27694,118.455
27695,118.455
27696,118.455
27697,118.455
27698,118.455
27699,118.455
27700,117.581
27701,117.581
27702,117.581
27703,117.581
27704,117.581
27705,117.581
27706,117.581
27707,117.581
27708,117.581
27709,117.581
27710,117.581
27711,117.581
27712,117.581
27713,117.581
27714,117.581
27715,117.581
27716,117.581
27717,117.581
27718,117.581
27719,117.581
27720,117.854
27721,117.854
27722,117.854
27723,117.854
27724,117.854
27725,117.854
27726,117.854
27727,117.854
27728,117.854
27729,117.854
27730,117.854
27731,117.854
27732,117.854
27733,117.854
27734,117.854
27735,117.854
27736,117.854
27737,117.854
27738,117.854
27739,117.854
27740,118.303
27741,118.303
27742,118.303
27743,118.303
27744,118.303
27745,118.303
27746,118.303
27747,118.303
27748,118.303
27749,118.303
27750,118.303
27751,118.303
27752,118.303
27753,118.303
27754,118.303
27755,118.303
27756,118.303
27757,118.303
27758,118.303
27759,118.303
27760,118.303
27761,118.303
27762,118.303
27763,118.303
27764,118.303
27765,118.303
27766,118.303
27767,118.303
27768,118.303
27769,118.303
27770,118.303
27771,118.303
27772,118.303
27773,118.303
27774,118.303
27775,118.303
27776,118.303
27777,118.303
27778,118.303
27779,118.303
27780,117.975
27781,117.975
27782,117.975
27783,117.975
27784,117.975
27785,117.975
27786,117.975
27787,117.975
27788,117.975
27789,117.975
27790,117.975
27791,117.975
27792,117.975
27793,117.975
27794,117.975
27795,117.975
27796,117.975
27797,117.975
27798,117.975
27799,117.975
27800,118.303
27801,118.303
27802,118.303
27803,118.303
27804,118.303
27805,118.303
27806,118.303
27807,118.303
27808,118.303
27809,118.303
27810,118.303
27811,118.303
27812,118.303
27813,118.303
27814,118.303
27815,118.303
27816,118.303
27817,118.303
27818,118.303
27819,118.303
27820,117.701
27821,117.701
27822,117.701
27823,117.701
27824,117.701
27825,117.701
27826,117.701
27827,117.701
27828,117.701
27829,117.701
27830,117.701
27831,117.701
27832,117.701
27833,117.701
27834,117.701
27835,117.701
27836,117.701
27837,117.701
27838,117.701
27839,117.701
27840,117.42
27841,117.42
27842,117.42
27843,117.42
27844,117.42
27845,117.42
27846,117.42
27847,117.42
27848,117.42
27849,117.42
27850,117.42
27851,117.42
27852,117.42
27853,117.42
27854,117.42
27855,117.42
27856,117.42
27857,117.42
27858,117.42
27859,117.42
27860,117.975
27861,117.975
27862,117.975
27863,117.975
27864,117.975
27865,117.975
27866,117.975
27867,117.975
27868,117.975
27869,117.975
27870,117.975
27871,117.975
27872,117.975
27873,117.975
27874,117.975
27875,117.975
27876,117.975
27877,117.975
27878,117.975
27879,117.975
27880,117.975
27881,119.186
27882,119.186
27883,119.186
27884,119.186
27885,119.186
27886,119.186
27887,119.186
27888,119.186
27889,119.186
27890,119.186
27891,119.186
27892,119.186
27893,119.186
27894,119.186
27895,119.186
27896,119.186
27897,119.186
27898,119.186
27899,119.186
27900,119.186
27901,118.577
27902,118.577
27903,118.577
27904,118.577
27905,118.577
27906,118.577
27907,118.577
27908,118.577
27909,118.577
27910,118.577
27911,118.577
27912,118.577
27913,118.577
27914,118.577
27915,118.577
27916,118.577
27917,118.577
27918,118.577
27919,118.577
27920,118.577
27921,118.728
27922,118.728
27923,118.728
27924,118.728
27925,118.728
27926,118.728
27927,118.728
27928,118.728
27929,118.728
27930,118.728
27931,118.728
27932,118.728
27933,118.728
27934,118.728
27935,118.728
27936,118.728
27937,118.728
27938,118.728
27939,118.728
27940,118.728
27941,118.728
27942,118.728
27943,118.728
27944,118.728
27945,118.728
27946,118.728
27947,118.728
27948,118.728
27949,118.728
27950,118.728
27951,118.728
27952,118.728
27953,118.728
27954,118.728
27955,118.728
27956,118.728
27957,118.728
27958,118.728
27959,118.728
27960,118.728
27961,119.337
27962,119.337
27963,119.337
27964,119.337
27965,119.337
27966,119.337
27967,119.337
27968,119.337
27969,119.337
27970,119.337
27971,119.337
27972,119.337
27973,119.337
27974,119.337
27975,119.337
27976,119.337
27977,119.337
27978,119.337
27979,119.337
27980,119.337
27981,119.337
27982,119.337
27983,119.337
27984,119.337
27985,119.337
27986,119.337
27987,119.337
27988,119.337
27989,119.337
27990,119.337
27991,119.337
27992,119.337
27993,119.337
27994,119.337
27995,119.337
27996,119.337
27997,119.337
27998,119.337
27999,119.337
28000,119.337
28001,119.186
28002,119.186
28003,119.186
28004,119.186
28005,119.186
28006,119.186
28007,119.186
28008,119.186
28009,119.186
28010,119.186
28011,119.186
28012,119.186
28013,119.186
28014,119.186
28015,119.186
28016,119.186
28017,119.186
28018,119.186
28019,119.186
28020,119.186
28021,119.337
28022,119.337
28023,119.337
28024,119.337
28025,119.337
28026,119.337
28027,119.337
28028,119.337
28029,119.337
28030,119.337
28031,119.337
28032,119.337
28033,119.337
28034,119.337
28035,119.337
28036,119.337
28037,119.337
28038,119.337
28039,119.337
28040,119.337
28041,119.186
28042,119.186
28043,119.186
28044,119.186
28045,119.186
28046,119.186
28047,119.186
28048,119.186
28049,119.186
28050,119.186
28051,119.186
28052,119.186
28053,119.186
28054,119.186
28055,119.186
28056,119.186
28057,119.186
28058,119.186
28059,119.186
28060,119.186
28061,118.85
28062,118.85
28063,118.85
28064,118.85
28065,118.85
28066,118.85
28067,118.85
28068,118.85
28069,118.85
28070,118.85
28071,118.85
28072,118.85
28073,118.85
28074,118.85
28075,118.85
28076,118.85
28077,118.85
28078,118.85
28079,118.85
28080,118.85
28081,118.85
28082,118.577
28083,118.577
28084,118.577
28085,118.577
28086,118.577
28087,118.577
28088,118.577
28089,118.577
28090,118.577
28091,118.577
28092,118.577
28093,118.577
28094,118.577
28095,118.577
28096,118.577
28097,118.577
28098,118.577
28099,118.577
28100,118.577
28101,118.577
28102,118.303
28103,118.303
28104,118.303
28105,118.303
28106,118.303
28107,118.303
28108,118.303
28109,118.303
28110,118.303
28111,118.303
28112,118.303
28113,118.303
28114,118.303
28115,118.303
28116,118.303
28117,118.303
28118,118.303
28119,118.303
28120,118.303
28121,118.303
28122,118.577
28123,118.577
28124,118.577
28125,118.577
28126,118.577
28127,118.577
28128,118.577
28129,118.577
28130,118.577
28131,118.577
28132,118.577
28133,118.577
28134,118.577
28135,118.577
28136,118.577
28137,118.577
28138,118.577
28139,118.577
28140,118.577
28141,118.577
28142,118.303
28143,118.303
28144,118.303
28145,118.303
28146,118.303
28147,118.303
28148,118.303
28149,118.303
28150,118.303
28151,118.303
28152,118.303
28153,118.303
28154,118.303
28155,118.303
28156,118.303
28157,118.303
28158,118.303
28159,118.303
28160,118.303
28161,118.303
28162,118.303
28163,118.303
28164,118.303
28165,118.303
28166,118.303
28167,118.303
28168,118.303
28169,118.303
28170,118.303
28171,118.303
28172,118.303
28173,118.303
28174,118.303
28175,118.303
28176,118.303
28177,118.303
28178,118.303
28179,118.303
28180,118.303
28181,118.303
28182,118.303
28183,118.303
28184,118.303
28185,118.303
28186,118.303
28187,118.303
28188,118.303
28189,118.303
28190,118.303
28191,118.303
28192,118.303
28193,118.303
28194,118.303
28195,118.303
28196,118.303
28197,118.303
28198,118.303
28199,118.303
28200,118.303
28201,118.303
28202,115.333
28203,115.333
28204,115.333
28205,115.333
28206,115.333
28207,115.333
28208,115.333
28209,115.333
28210,115.333
28211,115.333
28212,115.333
28213,115.333
28214,115.333
28215,115.333
28216,115.333
28217,115.333
28218,115.333
28219,115.333
28220,115.333
28221,115.333
28222,117.091
28223,117.091
28224,117.091
28225,117.091
28226,117.091
28227,117.091
28228,117.091
28229,117.091
28230,117.091
28231,117.091
28232,117.091
28233,117.091
28234,117.091
28235,117.091
28236,117.091
28237,117.091
28238,117.091
28239,117.091
28240,117.091
28241,117.091
28242,118.85
28243,118.85
28244,118.85
28245,118.85
28246,118.85
28247,118.85
28248,118.85
28249,118.85
28250,118.85
28251,118.85
28252,118.85
28253,118.85
28254,118.85
28255,118.85
28256,118.85
28257,118.85
28258,118.85
28259,118.85
28260,118.85
28261,118.85
28262,119.46
28263,119.46
28264,119.46
28265,119.46
28266,119.46
28267,119.46
28268,119.46
28269,119.46
28270,119.46
28271,119.46
28272,119.46
28273,119.46
28274,119.46
28275,119.46
28276,119.46
28277,119.46
28278,119.46
28279,119.46
28280,119.46
28281,119.46
28282,119.46
28283,119.46
28284,119.46
28285,119.46
28286,119.46
28287,119.46
28288,119.46
28289,119.46
28290,119.46
28291,119.46
28292,119.46
28293,119.46
28294,119.46
28295,119.46
28296,119.46
28297,119.46
28298,119.46
28299,119.46
28300,119.46
28301,119.46
28302,120.062
28303,120.062
28304,120.062
28305,120.062
28306,120.062
28307,120.062
28308,120.062
28309,120.062
28310,120.062
28311,120.062
28312,120.062
28313,120.062
28314,120.062
28315,120.062
28316,120.062
28317,120.062
28318,120.062
28319,120.062
28320,120.062
28321,120.062
28322,119.788
28323,119.788
28324,119.788
28325,119.788
28326,119.788
28327,119.788
28328,119.788
28329,119.788
28330,119.788
28331,119.788
28332,119.788
28333,119.788
28334,119.788
28335,119.788
28336,119.788
28337,119.788
28338,119.788
28339,119.788
28340,119.788
28341,119.788
28342,119.788
28343,119.186
28344,119.186
28345,119.186
28346,119.186
28347,119.186
28348,119.186
28349,119.186
28350,119.186
28351,119.186
28352,119.186
28353,119.186
28354,119.186
28355,119.186
28356,119.186
28357,119.186
28358,119.186
28359,119.186
28360,119.186
28361,119.186
28362,119.186
28363,119.46
28364,119.46
28365,119.46
28366,119.46
28367,119.46
28368,119.46
28369,119.46
28370,119.46
28371,119.46
28372,119.46
28373,119.46
28374,119.46
28375,119.46
28376,119.46
28377,119.46
28378,119.46
28379,119.46
28380,119.46
28381,119.46
28382,119.46
28383,119.186
28384,119.186
28385,119.186
28386,119.186
28387,119.186
28388,119.186
28389,119.186
28390,119.186
28391,119.186
28392,119.186
28393,119.186
28394,119.186
28395,119.186
28396,119.186
28397,119.186
28398,119.186
28399,119.186
28400,119.186
28401,119.186
28402,119.186
28403,118.577
28404,118.577
28405,118.577
28406,118.577
28407,118.577
28408,118.577
28409,118.577
28410,118.577
28411,118.577
28412,118.577
28413,118.577
28414,118.577
28415,118.577
28416,118.577
28417,118.577
28418,118.577
28419,118.577
28420,118.577
28421,118.577
28422,118.577
28423,118.728
28424,118.728
28425,118.728
28426,118.728
28427,118.728
28428,118.728
28429,118.728
28430,118.728
28431,118.728
28432,118.728
28433,118.728
28434,118.728
28435,118.728
28436,118.728
28437,118.728
28438,118.728
28439,118.728
28440,118.728
28441,118.728
28442,118.728
28443,118.577
28444,118.577
28445,118.577
28446,118.577
28447,118.577
28448,118.577
28449,118.577
28450,118.577
28451,118.577
28452,118.577
28453,118.577
28454,118.577
28455,118.577
28456,118.577
28457,118.577
28458,118.577
28459,118.577
28460,118.577
28461,118.577
28462,118.577
28463,117.854
28464,117.854
28465,117.854
28466,117.854
28467,117.854
28468,117.854
28469,117.854
28470,117.854
28471,117.854
28472,117.854
28473,117.854
28474,117.854
28475,117.854
28476,117.854
28477,117.854
28478,117.854
28479,117.854
28480,117.854
28481,117.854
28482,117.854
28483,118.182
28484,118.182
28485,118.182
28486,118.182
28487,118.182
28488,118.182
28489,118.182
28490,118.182
28491,118.182
28492,118.182
28493,118.182
28494,118.182
28495,118.182
28496,118.182
28497,118.182
28498,118.182
28499,118.182
28500,118.182
28501,118.182
28502,118.182
28503,118.577
28504,118.577
28505,118.577
28506,118.577
28507,118.577
28508,118.577
28509,118.577
28510,118.577
28511,118.577
28512,118.577
28513,118.577
28514,118.577
28515,118.577
28516,118.577
28517,118.577
28518,118.577
28519,118.577
28520,118.577
28521,118.577
28522,118.577
28523,118.577
28524,118.85
28525,118.85
28526,118.85
28527,118.85
28528,118.85
28529,118.85
28530,118.85
28531,118.85
28532,118.85
28533,118.85
28534,118.85
28535,118.85
28536,118.85
28537,118.85
28538,118.85
28539,118.85
28540,118.85
28541,118.85
28542,118.85
28543,118.85
28544,117.854
28545,117.854
28546,117.854
28547,117.854
28548,117.854
28549,117.854
28550,117.854
28551,117.854
28552,117.854
28553,117.854
28554,117.854
28555,117.854
28556,117.854
28557,117.854
28558,117.854
28559,117.854
28560,117.854
28561,117.854
28562,117.854
28563,117.854
28564,117.581
28565,117.581
28566,117.581
28567,117.581
28568,117.581
28569,117.581
28570,117.581
28571,117.581
28572,117.581
28573,117.581
28574,117.581
28575,117.581
28576,117.581
28577,117.581
28578,117.581
28579,117.581
28580,117.581
28581,117.581
28582,117.581
28583,117.581
28584,118.303
28585,118.303
28586,118.303
28587,118.303
28588,118.303
28589,118.303
28590,118.303
28591,118.303
28592,118.303
28593,118.303
28594,118.303
28595,118.303
28596,118.303
28597,118.303
28598,118.303
28599,118.303
28600,118.303
28601,118.303
28602,118.303
28603,118.303
28604,118.303
28605,118.303
28606,118.303
28607,118.303
28608,118.303
28609,118.303
28610,118.303
28611,118.303
28612,118.303
28613,118.303
28614,118.303
28615,118.303
28616,118.303
28617,118.303
28618,118.303
28619,118.303
28620,118.303
28621,118.303
28622,118.303
28623,118.303
28624,118.303
28625,118.303
28626,118.303
28627,118.303
28628,118.303
28629,118.303
28630,118.303
28631,118.303
28632,118.303
28633,118.303
28634,118.303
28635,118.303
28636,118.303
28637,118.303
28638,118.303
28639,118.303
28640,118.303
28641,118.303
28642,118.303
28643,118.303
28644,118.303
28645,118.303
28646,118.303
28647,118.303
28648,118.303
28649,118.303
28650,118.303
28651,118.303
28652,118.303
28653,118.303
28654,118.303
28655,118.303
28656,118.303
28657,118.303
28658,118.303
28659,118.303
28660,118.303
28661,118.303
28662,118.303
28663,118.303
28664,117.975
28665,117.975
28666,117.975
28667,117.975
28668,117.975
28669,117.975
28670,117.975
28671,117.975
28672,117.975
28673,117.975
28674,117.975
28675,117.975
28676,117.975
28677,117.975
28678,117.975
28679,117.975
28680,117.975
28681,117.975
28682,117.975
28683,117.975
28684,118.85
28685,118.85
28686,118.85
28687,118.85
28688,118.85
28689,118.85
28690,118.85
28691,118.85
28692,118.85
28693,118.85
28694,118.85
28695,118.85
28696,118.85
28697,118.85
28698,118.85
28699,118.85
28700,118.85
28701,118.85
28702,118.85
28703,118.85
28704,119.788
28705,119.788
28706,119.788
28707,119.788
28708,119.788
28709,119.788
28710,119.788
28711,119.788
28712,119.788
28713,119.788
28714,119.788
28715,119.788
28716,119.788
28717,119.788
28718,119.788
28719,119.788
28720,119.788
28721,119.788
28722,119.788
28723,119.788
28724,120.548
28725,120.548
28726,120.548
28727,120.548
28728,120.548
28729,120.548
28730,120.548
28731,120.548
28732,120.548
28733,120.548
28734,120.548
28735,120.548
28736,120.548
28737,120.548
28738,120.548
28739,120.548
28740,120.548
28741,120.548
28742,120.548
28743,120.548
28744,120.548
28745,120.22
28746,120.22
28747,120.22
28748,120.22
28749,120.22
28750,120.22
28751,120.22
28752,120.22
28753,120.22
28754,120.22
28755,120.22
28756,120.22
28757,120.22
28758,120.22
28759,120.22
28760,120.22
28761,120.22
28762,120.22
28763,120.22
28764,120.22
28765,119.337
28766,119.337
28767,119.337
28768,119.337
28769,119.337
28770,119.337
28771,119.337
28772,119.337
28773,119.337
28774,119.337
28775,119.337
28776,119.337
28777,119.337
28778,119.337
28779,119.337
28780,119.337
28781,119.337
28782,119.337
28783,119.337
28784,119.337
28785,119.337
28786,119.337
28787,119.337
28788,119.337
28789,119.337
28790,119.337
28791,119.337
28792,119.337
28793,119.337
28794,119.337
28795,119.337
28796,119.337
28797,119.337
28798,119.337
28799,119.337
28800,119.337
28801,119.337
28802,119.337
28803,119.337
28804,119.337
28805,119.064
28806,119.064
28807,119.064
28808,119.064
28809,119.064
28810,119.064
28811,119.064
28812,119.064
28813,119.064
28814,119.064
28815,119.064
28816,119.064
28817,119.064
28818,119.064
28819,119.064
28820,119.064
28821,119.064
28822,119.064
28823,119.064
28824,119.064
28825,119.064
28826,119.064
28827,119.064
28828,119.064
28829,119.064
28830,119.064
28831,119.064
28832,119.064
28833,119.064
28834,119.064
28835,119.064
28836,119.064
28837,119.064
28838,119.064
28839,119.064
28840,119.064
28841,119.064
28842,119.064
28843,119.064
28844,119.064
28845,118.455
28846,118.455
28847,118.455
28848,118.455
28849,118.455
28850,118.455
28851,118.455
28852,118.455
28853,118.455
28854,118.455
28855,118.455
28856,118.455
28857,118.455
28858,118.455
28859,118.455
28860,118.455
28861,118.455
28862,118.455
28863,118.455
28864,118.455
28865,117.854
28866,117.854
28867,117.854
28868,117.854
28869,117.854
28870,117.854
28871,117.854
28872,117.854
28873,117.854
28874,117.854
28875,117.854
28876,117.854
28877,117.854
28878,117.854
28879,117.854
28880,117.854
28881,117.854
28882,117.854
28883,117.854
28884,117.854
28885,118.182
28886,118.182
28887,118.182
28888,118.182
28889,118.182
28890,118.182
28891,118.182
28892,118.182
28893,118.182
28894,118.182
28895,118.182
28896,118.182
28897,118.182
28898,118.182
28899,118.182
28900,118.182
28901,118.182
28902,118.182
28903,118.182
28904,118.182
28905,118.182
28906,118.182
28907,118.182
28908,118.182
28909,118.182
28910,118.182
28911,118.182
28912,118.182
28913,118.182
28914,118.182
28915,118.182
28916,118.182
28917,118.182
28918,118.182
28919,118.182
28920,118.182
28921,118.182
28922,118.182
28923,118.182
28924,118.182
28925,118.182
28926,118.182
28927,118.182
28928,118.182
28929,118.182
28930,118.182
28931,118.182
28932,118.182
28933,118.182
28934,118.182
28935,118.182
28936,118.182
28937,118.182
28938,118.182
28939,118.182
28940,118.182
28941,118.182
28942,118.182
28943,118.182
28944,118.182
28945,118.182
28946,118.182
28947,118.182
28948,118.182
28949,118.182
28950,118.182
28951,118.182
28952,118.182
28953,118.182
28954,118.182
28955,118.182
28956,118.182
28957,118.182
28958,118.182
28959,118.182
28960,118.182
28961,118.182
28962,118.182
28963,118.182
28964,118.182
28965,118.182
28966,118.182
28967,118.182
28968,118.182
28969,118.182
28970,118.182
28971,118.182
28972,118.182
28973,118.182
28974,118.182
28975,118.182
28976,118.182
28977,118.182
28978,118.182
28979,118.182
28980,118.182
28981,118.182
28982,118.182
28983,118.182
28984,118.182
28985,118.182
28986,117.581
28987,117.581
28988,117.581
28989,117.581
28990,117.581
28991,117.581
28992,117.581
28993,117.581
28994,117.581
28995,117.581
28996,117.581
28997,117.581
28998,117.581
28999,117.581
29000,117.581
29001,117.581
29002,117.581
29003,117.581
29004,117.581
29005,117.581
29006,117.854
29007,117.854
29008,117.854
29009,117.854
29010,117.854
29011,117.854
29012,117.854
29013,117.854
29014,117.854
29015,117.854
29016,117.854
29017,117.854
29018,117.854
29019,117.854
29020,117.854
29021,117.854
29022,117.854
29023,117.854
29024,117.854
29025,117.854
29026,118.728
29027,118.728
29028,118.728
29029,118.728
29030,118.728
29031,118.728
29032,118.728
29033,118.728
29034,118.728
29035,118.728
29036,118.728
29037,118.728
29038,118.728
29039,118.728
29040,118.728
29041,118.728
29042,118.728
29043,118.728
29044,118.728
29045,118.728
29046,118.728
29047,118.728
29048,118.728
29049,118.728
29050,118.728
29051,118.728
29052,118.728
29053,118.728
29054,118.728
29055,118.728
29056,118.728
29057,118.728
29058,118.728
29059,118.728
29060,118.728
29061,118.728
29062,118.728
29063,118.728
29064,118.728
29065,118.728
29066,118.182
29067,118.182
29068,118.182
29069,118.182
29070,118.182
29071,118.182
29072,118.182
29073,118.182
29074,118.182
29075,118.182
29076,118.182
29077,118.182
29078,118.182
29079,118.182
29080,118.182
29081,118.182
29082,118.182
29083,118.182
29084,118.182
29085,118.182
29086,118.455
29087,118.455
29088,118.455
29089,118.455
29090,118.455
29091,118.455
29092,118.455
29093,118.455
29094,118.455
29095,118.455
29096,118.455
29097,118.455
29098,118.455
29099,118.455
29100,118.455
29101,118.455
29102,118.455
29103,118.455
29104,118.455
29105,118.455
29106,118.455
29107,118.455
29108,118.455
29109,118.455
29110,118.455
29111,118.455
29112,118.455
29113,118.455
29114,118.455
29115,118.455
29116,118.455
29117,118.455
29118,118.455
29119,118.455
29120,118.455
29121,118.455
29122,118.455
29123,118.455
29124,118.455
29125,118.455
29126,119.939
29127,119.939
29128,119.939
29129,119.939
29130,119.939
29131,119.939
29132,119.939
29133,119.939
29134,119.939
29135,119.939
29136,119.939
29137,119.939
29138,119.939
29139,119.939
29140,119.939
29141,119.939
29142,119.939
29143,119.939
29144,119.939
29145,119.939
29146,119.939
29147,119.665
29148,119.665
29149,119.665
29150,119.665
29151,119.665
29152,119.665
29153,119.665
29154,119.665
29155,119.665
29156,119.665
29157,119.665
29158,119.665
29159,119.665
29160,119.665
29161,119.665
29162,119.665
29163,119.665
29164,119.665
29165,119.665
29166,119.665
29167,120.22
29168,120.22
29169,120.22
29170,120.22
29171,120.22
29172,120.22
29173,120.22
29174,120.22
29175,120.22
29176,120.22
29177,120.22
29178,120.22
29179,120.22
29180,120.22
29181,120.22
29182,120.22
29183,120.22
29184,120.22
29185,120.22
29186,120.22
29187,119.337
29188,119.337
29189,119.337
29190,119.337
29191,119.337
29192,119.337
29193,119.337
29194,119.337
29195,119.337
29196,119.337
29197,119.337
29198,119.337
29199,119.337
29200,119.337
29201,119.337
29202,119.337
29203,119.337
29204,119.337
29205,119.337
29206,119.337
29207,119.337
29208,119.337
29209,119.337
29210,119.337
29211,119.337
29212,119.337
29213,119.337
29214,119.337
29215,119.337
29216,119.337
29217,119.337
29218,119.337
29219,119.337
29220,119.337
29221,119.337
29222,119.337
29223,119.337
29224,119.337
29225,119.337
29226,119.337
29227,118.728
29228,118.728
29229,118.728
29230,118.728
29231,118.728
29232,118.728
29233,118.728
29234,118.728
29235,118.728
29236,118.728
29237,118.728
29238,118.728
29239,118.728
29240,118.728
29241,118.728
29242,118.728
29243,118.728
29244,118.728
29245,118.728
29246,118.728
29247,109.281
29248,109.281
29249,109.281
29250,109.281
29251,109.281
29252,109.281
29253,109.281
29254,109.281
29255,109.281
29256,109.281
29257,109.281
29258,109.281
29259,109.281
29260,109.281
29261,109.281
29262,109.281
29263,109.281
29264,109.281
29265,109.281
29266,109.281
29267,116.698
29268,116.698
29269,116.698
29270,116.698
29271,116.698
29272,116.698
29273,116.698
29274,116.698
29275,116.698
29276,116.698
29277,116.698
29278,116.698
29279,116.698
29280,116.698
29281,116.698
29282,116.698
29283,116.698
29284,116.698
29285,116.698
29286,116.698
29287,117.581
29288,117.581
29289,117.581
29290,117.581
29291,117.581
29292,117.581
29293,117.581
29294,117.581
29295,117.581
29296,117.581
29297,117.581
29298,117.581
29299,117.581
29300,117.581
29301,117.581
29302,117.581
29303,117.581
29304,117.581
29305,117.581
29306,117.581
29307,118.455
29308,118.455
29309,118.455
29310,118.455
29311,118.455
29312,118.455
29313,118.455
29314,118.455
29315,118.455
29316,118.455
29317,118.455
29318,118.455
29319,118.455
29320,118.455
29321,118.455
29322,118.455
29323,118.455
29324,118.455
29325,118.455
29326,118.455
29327,118.455
29328,118.455
29329,118.455
29330,118.455
29331,118.455
29332,118.455
29333,118.455
29334,118.455
29335,118.455
29336,118.455
29337,118.455
29338,118.455
29339,118.455
29340,118.455
29341,118.455
29342,118.455
29343,118.455
29344,118.455
29345,118.455
29346,118.455
29347,118.455
29348,117.854
29349,117.854
29350,117.854
29351,117.854
29352,117.854
29353,117.854
29354,117.854
29355,117.854
29356,117.854
29357,117.854
29358,117.854
29359,117.854
29360,117.854
29361,117.854
29362,117.854
29363,117.854
29364,117.854
29365,117.854
29366,117.854
29367,117.854
29368,117.854
29369,117.854
29370,117.854
29371,117.854
29372,117.854
29373,117.854
29374,117.854
29375,117.854
29376,117.854
29377,117.854
29378,117.854
29379,117.854
29380,117.854
29381,117.854
29382,117.854
29383,117.854
29384,117.854
29385,117.854
29386,117.854
29387,117.854
29388,117.854
29389,117.854
29390,117.854
29391,117.854
29392,117.854
29393,117.854
29394,117.854
29395,117.854
29396,117.854
29397,117.854
29398,117.854
29399,117.854
29400,117.854
29401,117.854
29402,117.854
29403,117.854
29404,117.854
29405,117.854
29406,117.854
29407,117.854
29408,118.182
29409,118.182
29410,118.182
29411,118.182
29412,118.182
29413,118.182
29414,118.182
29415,118.182
29416,118.182
29417,118.182
29418,118.182
29419,118.182
29420,118.182
29421,118.182
29422,118.182
29423,118.182
29424,118.182
29425,118.182
29426,118.182
29427,118.182
29428,119.337
29429,119.337
29430,119.337
29431,119.337
29432,119.337
29433,119.337
29434,119.337
29435,119.337
29436,119.337
29437,119.337
29438,119.337
29439,119.337
29440,119.337
29441,119.337
29442,119.337
29443,119.337
29444,119.337
29445,119.337
29446,119.337
29447,119.337
29448,119.939
29449,119.939
29450,119.939
29451,119.939
29452,119.939
29453,119.939
29454,119.939
29455,119.939
29456,119.939
29457,119.939
29458,119.939
29459,119.939
29460,119.939
29461,119.939
29462,119.939
29463,119.939
29464,119.939
29465,119.939
29466,119.939
29467,119.939
29468,120.548
29469,120.548
29470,120.548
29471,120.548
29472,120.548
29473,120.548
29474,120.548
29475,120.548
29476,120.548
29477,120.548
29478,120.548
29479,120.548
29480,120.548
29481,120.548
29482,120.548
29483,120.548
29484,120.548
29485,120.548
29486,120.548
29487,120.548
29488,120.22
29489,120.22
29490,120.22
29491,120.22
29492,120.22
29493,120.22
29494,120.22
29495,120.22
29496,120.22
29497,120.22
29498,120.22
29499,120.22
29500,120.22
29501,120.22
29502,120.22
29503,120.22
29504,120.22
29505,120.22
29506,120.22
29507,120.22
29508,119.939
29509,119.939
29510,119.939
29511,119.939
29512,119.939
29513,119.939
29514,119.939
29515,119.939
29516,119.939
29517,119.939
29518,119.939
29519,119.939
29520,119.939
29521,119.939
29522,119.939
29523,119.939
29524,119.939
29525,119.939
29526,119.939
29527,119.939
29528,119.064
29529,119.064
29530,119.064
29531,119.064
29532,119.064
29533,119.064
29534,119.064
29535,119.064
29536,119.064
29537,119.064
29538,119.064
29539,119.064
29540,119.064
29541,119.064
29542,119.064
29543,119.064
29544,119.064
29545,119.064
29546,119.064
29547,119.064
29548,119.337
29549,119.337
29550,119.337
29551,119.337
29552,119.337
29553,119.337
29554,119.337
29555,119.337
29556,119.337
29557,119.337
29558,119.337
29559,119.337
29560,119.337
29561,119.337
29562,119.337
29563,119.337
29564,119.337
29565,119.337
29566,119.337
29567,119.337
29568,119.337
29569,119.064
29570,119.064
29571,119.064
29572,119.064
29573,119.064
29574,119.064
29575,119.064
29576,119.064
29577,119.064
29578,119.064
29579,119.064
29580,119.064
29581,119.064
29582,119.064
29583,119.064
29584,119.064
29585,119.064
29586,119.064
29587,119.064
29588,119.064
29589,118.607
29590,118.607
29591,118.607
29592,118.607
29593,118.607
29594,118.607
29595,118.607
29596,118.607
29597,118.607
29598,118.607
29599,118.607
29600,118.607
29601,118.607
29602,118.607
29603,118.607
29604,118.607
29605,118.607
29606,118.607
29607,118.607
29608,118.607
29609,118.334
29610,118.334
29611,118.334
29612,118.334
29613,118.334
29614,118.334
29615,118.334
29616,118.334
29617,118.334
29618,118.334
29619,118.334
29620,118.334
29621,118.334
29622,118.334
29623,118.334
29624,118.334
29625,118.334
29626,118.334
29627,118.334
29628,118.334
29629,118.061
29630,118.061
29631,118.061
29632,118.061
29633,118.061
29634,118.061
29635,118.061
29636,118.061
29637,118.061
29638,118.061
29639,118.061
29640,118.061
29641,118.061
29642,118.061
29643,118.061
29644,118.061
29645,118.061
29646,118.061
29647,118.061
29648,118.061
29649,118.334
29650,118.334
29651,118.334
29652,118.334
29653,118.334
29654,118.334
29655,118.334
29656,118.334
29657,118.334
29658,118.334
29659,118.334
29660,118.334
29661,118.334
29662,118.334
29663,118.334
29664,118.334
29665,118.334
29666,118.334
29667,118.334
29668,118.334
29669,118.061
29670,118.061
29671,118.061
29672,118.061
29673,118.061
29674,118.061
29675,118.061
29676,118.061
29677,118.061
29678,118.061
29679,118.061
29680,118.061
29681,118.061
29682,118.061
29683,118.061
29684,118.061
29685,118.061
29686,118.061
29687,118.061
29688,118.061
29689,118.607
29690,118.607
29691,118.607
29692,118.607
29693,118.607
29694,118.607
29695,118.607
29696,118.607
29697,118.607
29698,118.607
29699,118.607
29700,118.607
29701,118.607
29702,118.607
29703,118.607
29704,118.607
29705,118.607
29706,118.607
29707,118.607
29708,118.607
29709,118.485
29710,118.485
29711,118.485
29712,118.485
29713,118.485
29714,118.485
29715,118.485
29716,118.485
29717,118.485
29718,118.485
29719,118.485
29720,118.485
29721,118.485
29722,118.485
29723,118.485
29724,118.485
29725,118.485
29726,118.485
29727,118.485
29728,118.485
29729,117.854
29730,117.854
29731,117.854
29732,117.854
29733,117.854
29734,117.854
29735,117.854
29736,117.854
29737,117.854
29738,117.854
29739,117.854
29740,117.854
29741,117.854
29742,117.854
29743,117.854
29744,117.854
29745,117.854
29746,117.854
29747,117.854
29748,117.854
29749,117.854
29750,117.854
29751,117.854
29752,117.854
29753,117.854
29754,117.854
29755,117.854
29756,117.854
29757,117.854
29758,117.854
29759,117.854
29760,117.854
29761,117.854
29762,117.854
29763,117.854
29764,117.854
29765,117.854
29766,117.854
29767,117.854
29768,117.854
29769,117.854
29770,118.455
29771,118.455
29772,118.455
29773,118.455
29774,118.455
29775,118.455
29776,118.455
29777,118.455
29778,118.455
29779,118.455
29780,118.455
29781,118.455
29782,118.455
29783,118.455
29784,118.455
29785,118.455
29786,118.455
29787,118.455
29788,118.455
29789,118.455
29790,118.455
29791,118.455
29792,118.455
29793,118.455
29794,118.455
29795,118.455
29796,118.455
29797,118.455
29798,118.455
29799,118.455
29800,118.455
29801,118.455
29802,118.455
29803,118.455
29804,118.455
29805,118.455
29806,118.455
29807,118.455
29808,118.455
29809,118.455
29810,118.455
29811,118.455
29812,118.455
29813,118.455
29814,118.455
29815,118.455
29816,118.455
29817,118.455
29818,118.455
29819,118.455
29820,118.455
29821,118.455
29822,118.455
29823,118.455
29824,118.455
29825,118.455
29826,118.455
29827,118.455
29828,118.455
29829,118.455
29830,118.182
29831,118.182
29832,118.182
29833,118.182
29834,118.182
29835,118.182
29836,118.182
29837,118.182
29838,118.182
29839,118.182
29840,118.182
29841,118.182
29842,118.182
29843,118.182
29844,118.182
29845,118.182
29846,118.182
29847,118.182
29848,118.182
29849,118.182
29850,118.728
29851,118.728
29852,118.728
29853,118.728
29854,118.728
29855,118.728
29856,118.728
29857,118.728
29858,118.728
29859,118.728
29860,118.728
29861,118.728
29862,118.728
29863,118.728
29864,118.728
29865,118.728
29866,118.728
29867,118.728
29868,118.728
29869,118.728
29870,119.665
29871,119.665
29872,119.665
29873,119.665
29874,119.665
29875,119.665
29876,119.665
29877,119.665
29878,119.665
29879,119.665
29880,119.665
29881,119.665
29882,119.665
29883,119.665
29884,119.665
29885,119.665
29886,119.665
29887,119.665
29888,119.665
29889,119.665
29890,120.548
29891,120.548
29892,120.548
29893,120.548
29894,120.548
29895,120.548
29896,120.548
29897,120.548
29898,120.548
29899,120.548
29900,120.548
29901,120.548
29902,120.548
29903,120.548
29904,120.548
29905,120.548
29906,120.548
29907,120.548
29908,120.548
29909,120.548
29910,120.22
29911,120.22
29912,120.22
29913,120.22
29914,120.22
29915,120.22
29916,120.22
29917,120.22
29918,120.22
29919,120.22
29920,120.22
29921,120.22
29922,120.22
29923,120.22
29924,120.22
29925,120.22
29926,120.22
29927,120.22
29928,120.22
29929,120.22
29930,119.337
29931,119.337
29932,119.337
29933,119.337
29934,119.337
29935,119.337
29936,119.337
29937,119.337
29938,119.337
29939,119.337
29940,119.337
29941,119.337
29942,119.337
29943,119.337
29944,119.337
29945,119.337
29946,119.337
29947,119.337
29948,119.337
29949,119.337
29950,119.337
29951,119.337
29952,119.337
29953,119.337
29954,119.337
29955,119.337
29956,119.337
29957,119.337
29958,119.337
29959,119.337
29960,119.337
29961,119.337
29962,119.337
29963,119.337
29964,119.337
29965,119.337
29966,119.337
29967,119.337
29968,119.337
29969,119.337
29970,119.337
29971,119.064
29972,119.064
29973,119.064
29974,119.064
29975,119.064
29976,119.064
29977,119.064
29978,119.064
29979,119.064
29980,119.064
29981,119.064
29982,119.064
29983,119.064
29984,119.064
29985,119.064
29986,119.064
29987,119.064
29988,119.064
29989,119.064
29990,119.064
29991,118.728
29992,118.728
29993,118.728
29994,118.728
29995,118.728
29996,118.728
29997,118.728
29998,118.728
29999,118.728
30000,118.728
30001,118.728
30002,118.728
30003,118.728
30004,118.728
30005,118.728
30006,118.728
30007,118.728
30008,118.728
30009,118.728
30010,118.728
30011,118.728
30012,118.728
30013,118.728
30014,118.728
30015,118.728
30016,118.728
30017,118.728
30018,118.728
30019,118.728
30020,118.728
30021,118.728
30022,118.728
30023,118.728
30024,118.728
30025,118.728
30026,118.728
30027,118.728
30028,118.728
30029,118.728
30030,118.728
30031,118.182
30032,118.182
30033,118.182
30034,118.182
30035,118.182
30036,118.182
30037,118.182
30038,118.182
30039,118.182
30040,118.182
30041,118.182
30042,118.182
30043,118.182
30044,118.182
30045,118.182
30046,118.182
30047,118.182
30048,118.182
30049,118.182
30050,118.182
30051,117.854
30052,117.854
30053,117.854
30054,117.854
30055,117.854
30056,117.854
30057,117.854
30058,117.854
30059,117.854
30060,117.854
30061,117.854
30062,117.854
30063,117.854
30064,117.854
30065,117.854
30066,117.854
30067,117.854
30068,117.854
30069,117.854
30070,117.854
30071,118.182
30072,118.182
30073,118.182
30074,118.182
30075,118.182
30076,118.182
30077,118.182
30078,118.182
30079,118.182
30080,118.182
30081,118.182
30082,118.182
30083,118.182
30084,118.182
30085,118.182
30086,118.182
30087,118.182
30088,118.182
30089,118.182
30090,118.182
30091,118.455
30092,118.455
30093,118.455
30094,118.455
30095,118.455
30096,118.455
30097,118.455
30098,118.455
30099,118.455
30100,118.455
30101,118.455
30102,118.455
30103,118.455
30104,118.455
30105,118.455
30106,118.455
30107,118.455
30108,118.455
30109,118.455
30110,118.455
30111,118.182
30112,118.182
30113,118.182
30114,118.182
30115,118.182
30116,118.182
30117,118.182
30118,118.182
30119,118.182
30120,118.182
30121,118.182
30122,118.182
30123,118.182
30124,118.182
30125,118.182
30126,118.182
30127,118.182
30128,118.182
30129,118.182
30130,118.182
30131,118.182
30132,118.182
30133,118.182
30134,118.182
30135,118.182
30136,118.182
30137,118.182
30138,118.182
30139,118.182
30140,118.182
30141,118.182
30142,118.182
30143,118.182
30144,118.182
30145,118.182
30146,118.182
30147,118.182
30148,118.182
30149,118.182
30150,118.182
30151,118.455
30152,118.455
30153,118.455
30154,118.455
30155,118.455
30156,118.455
30157,118.455
30158,118.455
30159,118.455
30160,118.455
30161,118.455
30162,118.455
30163,118.455
30164,118.455
30165,118.455
30166,118.455
30167,118.455
30168,118.455
30169,118.455
30170,118.455
30171,117.581
30172,117.581
30173,117.581
30174,117.581
30175,117.581
30176,117.581
30177,117.581
30178,117.581
30179,117.581
30180,117.581
30181,117.581
30182,117.581
30183,117.581
30184,117.581
30185,117.581
30186,117.581
30187,117.581
30188,117.581
30189,117.581
30190,117.581
30191,117.854
30192,117.854
30193,117.854
30194,117.854
30195,117.854
30196,117.854
30197,117.854
30198,117.854
30199,117.854
30200,117.854
30201,117.854
30202,117.854
30203,117.854
30204,117.854
30205,117.854
30206,117.854
30207,117.854
30208,117.854
30209,117.854
30210,117.854
30211,117.854
30212,119.337
30213,119.337
30214,119.337
30215,119.337
30216,119.337
30217,119.337
30218,119.337
30219,119.337
30220,119.337
30221,119.337
30222,119.337
30223,119.337
30224,119.337
30225,119.337
30226,119.337
30227,119.337
30228,119.337
30229,119.337
30230,119.337
30231,119.337
30232,118.85
30233,118.85
30234,118.85
30235,118.85
30236,118.85
30237,118.85
30238,118.85
30239,118.85
30240,118.85
30241,118.85
30242,118.85
30243,118.85
30244,118.85
30245,118.85
30246,118.85
30247,118.85
30248,118.85
30249,118.85
30250,118.85
30251,118.85
30252,118.85
30253,118.85
30254,118.85
30255,118.85
30256,118.85
30257,118.85
30258,118.85
30259,118.85
30260,118.85
30261,118.85
30262,118.85
30263,118.85
30264,118.85
30265,118.85
30266,118.85
30267,118.85
30268,118.85
30269,118.85
30270,118.85
30271,118.85
30272,118.85
30273,118.85
30274,118.85
30275,118.85
30276,118.85
30277,118.85
30278,118.85
30279,118.85
30280,118.85
30281,118.85
30282,118.85
30283,118.85
30284,118.85
30285,118.85
30286,118.85
30287,118.85
30288,118.85
30289,118.85
30290,118.85
30291,118.85
30292,119.064
30293,119.064
30294,119.064
30295,119.064
30296,119.064
30297,119.064
30298,119.064
30299,119.064
30300,119.064
30301,119.064
30302,119.064
30303,119.064
30304,119.064
30305,119.064
30306,119.064
30307,119.064
30308,119.064
30309,119.064
30310,119.064
30311,119.064
30312,113.731
30313,113.731
30314,113.731
30315,113.731
30316,113.731
30317,113.731
30318,113.731
30319,113.731
30320,113.731
30321,113.731
30322,113.731
30323,113.731
30324,113.731
30325,113.731
30326,113.731
30327,113.731
30328,113.731
30329,113.731
30330,113.731
30331,113.731
30332,118.182
30333,118.182
30334,118.182
30335,118.182
30336,118.182
30337,118.182
30338,118.182
30339,118.182
30340,118.182
30341,118.182
30342,118.182
30343,118.182
30344,118.182
30345,118.182
30346,118.182
30347,118.182
30348,118.182
30349,118.182
30350,118.182
30351,118.182
30352,118.455
30353,118.455
30354,118.455
30355,118.455
30356,118.455
30357,118.455
30358,118.455
30359,118.455
30360,118.455
30361,118.455
30362,118.455
30363,118.455
30364,118.455
30365,118.455
30366,118.455
30367,118.455
30368,118.455
30369,118.455
30370,118.455
30371,118.455
30372,118.728
30373,118.728
30374,118.728
30375,118.728
30376,118.728
30377,118.728
30378,118.728
30379,118.728
30380,118.728
30381,118.728
30382,118.728
30383,118.728
30384,118.728
30385,118.728
30386,118.728
30387,118.728
30388,118.728
30389,118.728
30390,118.728
30391,118.728
30392,118.182
30393,118.182
30394,118.182
30395,118.182
30396,118.182
30397,118.182
30398,118.182
30399,118.182
30400,118.182
30401,118.182
30402,118.182
30403,118.182
30404,118.182
30405,118.182
30406,118.182
30407,118.182
30408,118.182
30409,118.182
30410,118.182
30411,118.182
30412,117.854
30413,117.854
30414,117.854
30415,117.854
30416,117.854
30417,117.854
30418,117.854
30419,117.854
30420,117.854
30421,117.854
30422,117.854
30423,117.854
30424,117.854
30425,117.854
30426,117.854
30427,117.854
30428,117.854
30429,117.854
30430,117.854
30431,117.854
30432,118.728
30433,118.728
30434,118.728
30435,118.728
30436,118.728
30437,118.728
30438,118.728
30439,118.728
30440,118.728
30441,118.728
30442,118.728
30443,118.728
30444,118.728
30445,118.728
30446,118.728
30447,118.728
30448,118.728
30449,118.728
30450,118.728
30451,118.728
30452,118.728
30453,118.455
30454,118.455
30455,118.455
30456,118.455
30457,118.455
30458,118.455
30459,118.455
30460,118.455
30461,118.455
30462,118.455
30463,118.455
30464,118.455
30465,118.455
30466,118.455
30467,118.455
30468,118.455
30469,118.455
30470,118.455
30471,118.455
30472,118.455
30473,118.182
30474,118.182
30475,118.182
30476,118.182
30477,118.182
30478,118.182
30479,118.182
30480,118.182
30481,118.182
30482,118.182
30483,118.182
30484,118.182
30485,118.182
30486,118.182
30487,118.182
30488,118.182
30489,118.182
30490,118.182
30491,118.182
30492,118.182
30493,117.854
30494,117.854
30495,117.854
30496,117.854
30497,117.854
30498,117.854
30499,117.854
30500,117.854
30501,117.854
30502,117.854
30503,117.854
30504,117.854
30505,117.854
30506,117.854
30507,117.854
30508,117.854
30509,117.854
30510,117.854
30511,117.854
30512,117.854
30513,117.854
30514,117.854
30515,117.854
30516,117.854
30517,117.854
30518,117.854
30519,117.854
30520,117.854
30521,117.854
30522,117.854
30523,117.854
30524,117.854
30525,117.854
30526,117.854
30527,117.854
30528,117.854
30529,117.854
30530,117.854
30531,117.854
30532,117.854
30533,117.3
30534,117.3
30535,117.3
30536,117.3
30537,117.3
30538,117.3
30539,117.3
30540,117.3
30541,117.3
30542,117.3
30543,117.3
30544,117.3
30545,117.3
30546,117.3
30547,117.3
30548,117.3
30549,117.3
30550,117.3
30551,117.3
30552,117.3
30553,118.182
30554,118.182
30555,118.182
30556,118.182
30557,118.182
30558,118.182
30559,118.182
30560,118.182
30561,118.182
30562,118.182
30563,118.182
30564,118.182
30565,118.182
30566,118.182
30567,118.182
30568,118.182
30569,118.182
30570,118.182
30571,118.182
30572,118.182
30573,119.337
30574,119.337
30575,119.337
30576,119.337
30577,119.337
30578,119.337
30579,119.337
30580,119.337
30581,119.337
30582,119.337
30583,119.337
30584,119.337
30585,119.337
30586,119.337
30587,119.337
30588,119.337
30589,119.337
30590,119.337
30591,119.337
30592,119.337
30593,119.064
30594,119.064
30595,119.064
30596,119.064
30597,119.064
30598,119.064
30599,119.064
30600,119.064
30601,119.064
30602,119.064
30603,119.064
30604,119.064
30605,119.064
30606,119.064
30607,119.064
30608,119.064
30609,119.064
30610,119.064
30611,119.064
30612,119.064
30613,119.064
30614,119.064
30615,119.064
30616,119.064
30617,119.064
30618,119.064
30619,119.064
30620,119.064
30621,119.064
30622,119.064
30623,119.064
30624,119.064
30625,119.064
30626,119.064
30627,119.064
30628,119.064
30629,119.064
30630,119.064
30631,119.064
30632,119.064
30633,119.337
30634,119.337
30635,119.337
30636,119.337
30637,119.337
30638,119.337
30639,119.337
30640,119.337
30641,119.337
30642,119.337
30643,119.337
30644,119.337
30645,119.337
30646,119.337
30647,119.337
30648,119.337
30649,119.337
30650,119.337
30651,119.337
30652,119.337
30653,119.337
30654,119.337
30655,119.337
30656,119.337
30657,119.337
30658,119.337
30659,119.337
30660,119.337
30661,119.337
30662,119.337
30663,119.337
30664,119.337
30665,119.337
30666,119.337
30667,119.337
30668,119.337
30669,119.337
30670,119.337
30671,119.337
30672,119.337
30673,119.337
30674,119.665
30675,119.665
30676,119.665
30677,119.665
30678,119.665
30679,119.665
30680,119.665
30681,119.665
30682,119.665
30683,119.665
30684,119.665
30685,119.665
30686,119.665
30687,119.665
30688,119.665
30689,119.665
30690,119.665
30691,119.665
30692,119.665
30693,119.665
30694,119.337
30695,119.337
30696,119.337
30697,119.337
30698,119.337
30699,119.337
30700,119.337
30701,119.337
30702,119.337
30703,119.337
30704,119.337
30705,119.337
30706,119.337
30707,119.337
30708,119.337
30709,119.337
30710,119.337
30711,119.337
30712,119.337
30713,119.337
30714,119.665
30715,119.665
30716,119.665
30717,119.665
30718,119.665
30719,119.665
30720,119.665
30721,119.665
30722,119.665
30723,119.665
30724,119.665
30725,119.665
30726,119.665
30727,119.665
30728,119.665
30729,119.665
30730,119.665
30731,119.665
30732,119.665
30733,119.665
30734,119.064
30735,119.064
30736,119.064
30737,119.064
30738,119.064
30739,119.064
30740,119.064
30741,119.064
30742,119.064
30743,119.064
30744,119.064
30745,119.064
30746,119.064
30747,119.064
30748,119.064
30749,119.064
30750,119.064
30751,119.064
30752,119.064
30753,119.064
30754,119.064
30755,119.064
30756,119.064
30757,119.064
30758,119.064
30759,119.064
30760,119.064
30761,119.064
30762,119.064
30763,119.064
30764,119.064
30765,119.064
30766,119.064
30767,119.064
30768,119.064
30769,119.064
30770,119.064
30771,119.064
30772,119.064
30773,119.064
30774,118.182
30775,118.182
30776,118.182
30777,118.182
30778,118.182
30779,118.182
30780,118.182
30781,118.182
30782,118.182
30783,118.182
30784,118.182
30785,118.182
30786,118.182
30787,118.182
30788,118.182
30789,118.182
30790,118.182
30791,118.182
30792,118.182
30793,118.182
30794,118.182
30795,118.182
30796,118.182
30797,118.182
30798,118.182
30799,118.182
30800,118.182
30801,118.182
30802,118.182
30803,118.182
30804,118.182
30805,118.182
30806,118.182
30807,118.182
30808,118.182
30809,118.182
30810,118.182
30811,118.182
30812,118.182
30813,118.182
30814,118.455
30815,118.455
30816,118.455
30817,118.455
30818,118.455
30819,118.455
30820,118.455
30821,118.455
30822,118.455
30823,118.455
30824,118.455
30825,118.455
30826,118.455
30827,118.455
30828,118.455
30829,118.455
30830,118.455
30831,118.455
30832,118.455
30833,118.455
30834,118.182
30835,118.182
30836,118.182
30837,118.182
30838,118.182
30839,118.182
30840,118.182
30841,118.182
30842,118.182
30843,118.182
30844,118.182
30845,118.182
30846,118.182
30847,118.182
30848,118.182
30849,118.182
30850,118.182
30851,118.182
30852,118.182
30853,118.182
30854,118.182
30855,118.182
30856,118.182
30857,118.182
30858,118.182
30859,118.182
30860,118.182
30861,118.182
30862,118.182
30863,118.182
30864,118.182
30865,118.182
30866,118.182
30867,118.182
30868,118.182
30869,118.182
30870,118.182
30871,118.182
30872,118.182
30873,118.182
30874,118.182
30875,118.728
30876,118.728
30877,118.728
30878,118.728
30879,118.728
30880,118.728
30881,118.728
30882,118.728
30883,118.728
30884,118.728
30885,118.728
30886,118.728
30887,118.728
30888,118.728
30889,118.728
30890,118.728
30891,118.728
30892,118.728
30893,118.728
30894,118.728
30895,118.182
30896,118.182
30897,118.182
30898,118.182
30899,118.182
30900,118.182
30901,118.182
30902,118.182
30903,118.182
30904,118.182
30905,118.182
30906,118.182
30907,118.182
30908,118.182
30909,118.182
30910,118.182
30911,118.182
30912,118.182
30913,118.182
30914,118.182
30915,117.854
30916,117.854
30917,117.854
30918,117.854
30919,117.854
30920,117.854
30921,117.854
30922,117.854
30923,117.854
30924,117.854
30925,117.854
30926,117.854
30927,117.854
30928,117.854
30929,117.854
30930,117.854
30931,117.854
30932,117.854
30933,117.854
30934,117.854
30935,117.854
30936,117.854
30937,117.854
30938,117.854
30939,117.854
30940,117.854
30941,117.854
30942,117.854
30943,117.854
30944,117.854
30945,117.854
30946,117.854
30947,117.854
30948,117.854
30949,117.854
30950,117.854
30951,117.854
30952,117.854
30953,117.854
30954,117.854
30955,117.854
30956,117.854
30957,117.854
30958,117.854
30959,117.854
30960,117.854
30961,117.854
30962,117.854
30963,117.854
30964,117.854
30965,117.854
30966,117.854
30967,117.854
30968,117.854
30969,117.854
30970,117.854
30971,117.854
30972,117.854
30973,117.854
30974,117.854
30975,118.182
30976,118.182
30977,118.182
30978,118.182
30979,118.182
30980,118.182
30981,118.182
30982,118.182
30983,118.182
30984,118.182
30985,118.182
30986,118.182
30987,118.182
30988,118.182
30989,118.182
30990,118.182
30991,118.182
30992,118.182
30993,118.182
30994,118.182
30995,119.064
30996,119.064
30997,119.064
30998,119.064
30999,119.064
31000,119.064
31001,119.064
31002,119.064
31003,119.064
31004,119.064
31005,119.064
31006,119.064
31007,119.064
31008,119.064
31009,119.064
31010,119.064
31011,119.064
31012,119.064
31013,119.064
31014,119.064
31015,119.337
31016,119.337
31017,119.337
31018,119.337
31019,119.337
31020,119.337
31021,119.337
31022,119.337
31023,119.337
31024,119.337
31025,119.337
31026,119.337
31027,119.337
31028,119.337
31029,119.337
31030,119.337
31031,119.337
31032,119.337
31033,119.337
31034,119.337
31035,119.939
31036,119.939
31037,119.939
31038,119.939
31039,119.939
31040,119.939
31041,119.939
31042,119.939
31043,119.939
31044,119.939
31045,119.939
31046,119.939
31047,119.939
31048,119.939
31049,119.939
31050,119.939
31051,119.939
31052,119.939
31053,119.939
31054,119.939
31055,119.939
31056,120.22
31057,120.22
31058,120.22
31059,120.22
31060,120.22
31061,120.22
31062,120.22
31063,120.22
31064,120.22
31065,120.22
31066,120.22
31067,120.22
31068,120.22
31069,120.22
31070,120.22
31071,120.22
31072,120.22
31073,120.22
31074,120.22
31075,120.22
31076,119.665
31077,119.665
31078,119.665
31079,119.665
31080,119.665
31081,119.665
31082,119.665
31083,119.665
31084,119.665
31085,119.665
31086,119.665
31087,119.665
31088,119.665
31089,119.665
31090,119.665
31091,119.665
31092,119.665
31093,119.665
31094,119.665
31095,119.665
31096,119.064
31097,119.064
31098,119.064
31099,119.064
31100,119.064
31101,119.064
31102,119.064
31103,119.064
31104,119.064
31105,119.064
31106,119.064
31107,119.064
31108,119.064
31109,119.064
31110,119.064
31111,119.064
31112,119.064
31113,119.064
31114,119.064
31115,119.064
31116,119.337
31117,119.337
31118,119.337
31119,119.337
31120,119.337
31121,119.337
31122,119.337
31123,119.337
31124,119.337
31125,119.337
31126,119.337
31127,119.337
31128,119.337
31129,119.337
31130,119.337
31131,119.337
31132,119.337
31133,119.337
31134,119.337
31135,119.337
31136,119.337
31137,119.337
31138,119.337
31139,119.337
31140,119.337
31141,119.337
31142,119.337
31143,119.337
31144,119.337
31145,119.337
31146,119.337
31147,119.337
31148,119.337
31149,119.337
31150,119.337
31151,119.337
31152,119.337
31153,119.337
31154,119.337
31155,119.337
31156,118.728
31157,118.728
31158,118.728
31159,118.728
31160,118.728
31161,118.728
31162,118.728
31163,118.728
31164,118.728
31165,118.728
31166,118.728
31167,118.728
31168,118.728
31169,118.728
31170,118.728
31171,118.728
31172,118.728
31173,118.728
31174,118.728
31175,118.728
31176,118.728
31177,118.728
31178,118.728
31179,118.728
31180,118.728
31181,118.728
31182,118.728
31183,118.728
31184,118.728
31185,118.728
31186,118.728
31187,118.728
31188,118.728
31189,118.728
31190,118.728
31191,118.728
31192,118.728
31193,118.728
31194,118.728
31195,118.728
31196,118.455
31197,118.455
31198,118.455
31199,118.455
31200,118.455
31201,118.455
31202,118.455
31203,118.455
31204,118.455
31205,118.455
31206,118.455
31207,118.455
31208,118.455
31209,118.455
31210,118.455
31211,118.455
31212,118.455
31213,118.455
31214,118.455
31215,118.455
31216,118.182
31217,118.182
31218,118.182
31219,118.182
31220,118.182
31221,118.182
31222,118.182
31223,118.182
31224,118.182
31225,118.182
31226,118.182
31227,118.182
31228,118.182
31229,118.182
31230,118.182
31231,118.182
31232,118.182
31233,118.182
31234,118.182
31235,118.182
31236,118.182
31237,118.182
31238,118.182
31239,118.182
31240,118.182
31241,118.182
31242,118.182
31243,118.182
31244,118.182
31245,118.182
31246,118.182
31247,118.182
31248,118.182
31249,118.182
31250,118.182
31251,118.182
31252,118.182
31253,118.182
31254,118.182
31255,118.182
31256,118.182
31257,118.182
31258,118.182
31259,118.182
31260,118.182
31261,118.182
31262,118.182
31263,118.182
31264,118.182
31265,118.182
31266,118.182
31267,118.182
31268,118.182
31269,118.182
31270,118.182
31271,118.182
31272,118.182
31273,118.182
31274,118.182
31275,118.182
31276,118.182
31277,118.182
31278,118.728
31279,118.728
31280,118.728
31281,118.728
31282,118.728
31283,118.728
31284,118.728
31285,118.728
31286,118.728
31287,118.728
31288,118.728
31289,118.728
31290,118.728
31291,118.728
31292,118.728
31293,118.728
31294,118.728
31295,118.728
31296,118.728
31297,118.455
31298,118.455
31299,118.455
31300,118.455
31301,118.455
31302,118.455
31303,118.455
31304,118.455
31305,118.455
31306,118.455
31307,118.455
31308,118.455
31309,118.455
31310,118.455
31311,118.455
31312,118.455
31313,118.455
31314,118.455
31315,118.455
31316,118.455
31317,117.581
31318,117.581
31319,117.581
31320,117.581
31321,117.581
31322,117.581
31323,117.581
31324,117.581
31325,117.581
31326,117.581
31327,117.581
31328,117.581
31329,117.581
31330,117.581
31331,117.581
31332,117.581
31333,117.581
31334,117.581
31335,117.581
31336,117.581
31337,118.182
31338,118.182
31339,118.182
31340,118.182
31341,118.182
31342,118.182
31343,118.182
31344,118.182
31345,118.182
31346,118.182
31347,118.182
31348,118.182
31349,118.182
31350,118.182
31351,118.182
31352,118.182
31353,118.182
31354,118.182
31355,118.182
31356,118.182
31357,116.698
31358,116.698
31359,116.698
31360,116.698
31361,116.698
31362,116.698
31363,116.698
31364,116.698
31365,116.698
31366,116.698
31367,116.698
31368,116.698
31369,116.698
31370,116.698
31371,116.698
31372,116.698
31373,116.698
31374,116.698
31375,116.698
31376,116.698
31377,116.698
31378,115.488
31379,115.488
31380,115.488
31381,115.488
31382,115.488
31383,115.488
31384,115.488
31385,115.488
31386,115.488
31387,115.488
31388,115.488
31389,115.488
31390,115.488
31391,115.488
31392,115.488
31393,115.488
31394,115.488
31395,115.488
31396,115.488
31397,118.455
31398,118.455
31399,118.455
31400,118.455
31401,118.455
31402,118.455
31403,118.455
31404,118.455
31405,118.455
31406,118.455
31407,118.455
31408,118.455
31409,118.455
31410,118.455
31411,118.455
31412,118.455
31413,118.455
31414,118.455
31415,118.455
31416,118.455
31417,120.22
31418,120.22
31419,120.22
31420,120.22
31421,120.22
31422,120.22
31423,120.22
31424,120.22
31425,120.22
31426,120.22
31427,120.22
31428,120.22
31429,120.22
31430,120.22
31431,120.22
31432,120.22
31433,120.22
31434,120.22
31435,120.22
31436,120.22
31437,120.22
31438,120.22
31439,120.22
31440,120.22
31441,120.22
31442,120.22
31443,120.22
31444,120.22
31445,120.22
31446,120.22
31447,120.22
31448,120.22
31449,120.22
31450,120.22
31451,120.22
31452,120.22
31453,120.22
31454,120.22
31455,120.22
31456,120.22
31457,119.665
31458,119.665
31459,119.665
31460,119.665
31461,119.665
31462,119.665
31463,119.665
31464,119.665
31465,119.665
31466,119.665
31467,119.665
31468,119.665
31469,119.665
31470,119.665
31471,119.665
31472,119.665
31473,119.665
31474,119.665
31475,119.665
31476,119.665
31477,119.665
31478,119.665
31479,119.939
31480,119.939
31481,119.939
31482,119.939
31483,119.939
31484,119.939
31485,119.939
31486,119.939
31487,119.939
31488,119.939
31489,119.939
31490,119.939
31491,119.939
31492,119.939
31493,119.939
31494,119.939
31495,119.939
31496,119.939
31497,119.939
31498,119.337
31499,119.337
31500,119.337
31501,119.337
31502,119.337
31503,119.337
31504,119.337
31505,119.337
31506,119.337
31507,119.337
31508,119.337
31509,119.337
31510,119.337
31511,119.337
31512,119.337
31513,119.337
31514,119.337
31515,119.337
31516,119.337
31517,119.337
31518,118.728
31519,118.728
31520,118.728
31521,118.728
31522,118.728
31523,118.728
31524,118.728
31525,118.728
31526,118.728
31527,118.728
31528,118.728
31529,118.728
31530,118.728
31531,118.728
31532,118.728
31533,118.728
31534,118.728
31535,118.728
31536,118.728
31537,118.728
31538,119.064
31539,119.064
31540,119.064
31541,119.064
31542,119.064
31543,119.064
31544,119.064
31545,119.064
31546,119.064
31547,119.064
31548,119.064
31549,119.064
31550,119.064
31551,119.064
31552,119.064
31553,119.064
31554,119.064
31555,119.064
31556,119.064
31557,119.064
31558,118.182
31559,118.182
31560,118.182
31561,118.182
31562,118.182
31563,118.182
31564,118.182
31565,118.182
31566,118.182
31567,118.182
31568,118.182
31569,118.182
31570,118.182
31571,118.182
31572,118.182
31573,118.182
31574,118.182
31575,118.182
31576,118.182
31577,118.182
31578,118.182
31579,118.182
31580,118.182
31581,118.182
31582,118.182
31583,118.182
31584,118.182
31585,118.182
31586,118.182
31587,118.182
31588,118.182
31589,118.182
31590,118.182
31591,118.182
31592,118.182
31593,118.182
31594,118.182
31595,118.182
31596,118.182
31597,118.182
31598,118.182
31599,118.182
31600,118.182
31601,118.182
31602,118.182
31603,118.182
31604,118.182
31605,118.182
31606,118.182
31607,118.182
31608,118.182
31609,118.182
31610,118.182
31611,118.182
31612,118.182
31613,118.182
31614,118.182
31615,118.182
31616,118.182
31617,118.182
31618,118.728
31619,118.728
31620,118.728
31621,118.728
31622,118.728
31623,118.728
31624,118.728
31625,118.728
31626,118.728
31627,118.728
31628,118.728
31629,118.728
31630,118.728
31631,118.728
31632,118.728
31633,118.728
31634,118.728
31635,118.728
31636,118.728
31637,118.728
31638,118.334
31639,118.334
31640,118.334
31641,118.334
31642,118.334
31643,118.334
31644,118.334
31645,118.334
31646,118.334
31647,118.334
31648,118.334
31649,118.334
31650,118.334
31651,118.334
31652,118.334
31653,118.334
31654,118.334
31655,118.334
31656,118.334
31657,118.334
31658,118.182
31659,118.182
31660,118.182
31661,118.182
31662,118.182
31663,118.182
31664,118.182
31665,118.182
31666,118.182
31667,118.182
31668,118.182
31669,118.182
31670,118.182
31671,118.182
31672,118.182
31673,118.182
31674,118.182
31675,118.182
31676,118.182
31677,118.182
31678,118.182
31679,118.182
31680,118.334
31681,118.334
31682,118.334
31683,118.334
31684,118.334
31685,118.334
31686,118.334
31687,118.334
31688,118.334
31689,118.334
31690,118.334
31691,118.334
31692,118.334
31693,118.334
31694,118.334
31695,118.334
31696,118.334
31697,118.334
31698,118.334
31699,117.854
31700,117.854
31701,117.854
31702,117.854
31703,117.854
31704,117.854
31705,117.854
31706,117.854
31707,117.854
31708,117.854
31709,117.854
31710,117.854
31711,117.854
31712,117.854
31713,117.854
31714,117.854
31715,117.854
31716,117.854
31717,117.854
31718,117.854
31719,117.581
31720,117.581
31721,117.581
31722,117.581
31723,117.581
31724,117.581
31725,117.581
31726,117.581
31727,117.581
31728,117.581
31729,117.581
31730,117.581
31731,117.581
31732,117.581
31733,117.581
31734,117.581
31735,117.581
31736,117.581
31737,117.581
31738,117.581
31739,118.334
31740,118.334
31741,118.334
31742,118.334
31743,118.334
31744,118.334
31745,118.334
31746,118.334
31747,118.334
31748,118.334
31749,118.334
31750,118.334
31751,118.334
31752,118.334
31753,118.334
31754,118.334
31755,118.334
31756,118.334
31757,118.334
31758,118.334
31759,119.543
31760,119.543
31761,119.543
31762,119.543
31763,119.543
31764,119.543
31765,119.543
31766,119.543
31767,119.543
31768,119.543
31769,119.543
31770,119.543
31771,119.543
31772,119.543
31773,119.543
31774,119.543
31775,119.543
31776,119.543
31777,119.543
31778,119.543
31779,119.543
31780,118.728
31781,118.728
31782,118.728
31783,118.728
31784,118.728
31785,118.728
31786,118.728
31787,118.728
31788,118.728
31789,118.728
31790,118.728
31791,118.728
31792,118.728
31793,118.728
31794,118.728
31795,118.728
31796,118.728
31797,118.728
31798,118.728
31799,118.728
31800,119.064
31801,119.064
31802,119.064
31803,119.064
31804,119.064
31805,119.064
31806,119.064
31807,119.064
31808,119.064
31809,119.064
31810,119.064
31811,119.064
31812,119.064
31813,119.064
31814,119.064
31815,119.064
31816,119.064
31817,119.064
31818,119.064
31819,119.337
31820,119.337
31821,119.337
31822,119.337
31823,119.337
31824,119.337
31825,119.337
31826,119.337
31827,119.337
31828,119.337
31829,119.337
31830,119.337
31831,119.337
31832,119.337
31833,119.337
31834,119.337
31835,119.337
31836,119.337
31837,119.337
31838,119.337
31839,119.665
31840,119.665
31841,119.665
31842,119.665
31843,119.665
31844,119.665
31845,119.665
31846,119.665
31847,119.665
31848,119.665
31849,119.665
31850,119.665
31851,119.665
31852,119.665
31853,119.665
31854,119.665
31855,119.665
31856,119.665
31857,119.665
31858,119.665
31859,119.337
31860,119.337
31861,119.337
31862,119.337
31863,119.337
31864,119.337
31865,119.337
31866,119.337
31867,119.337
31868,119.337
31869,119.337
31870,119.337
31871,119.337
31872,119.337
31873,119.337
31874,119.337
31875,119.337
31876,119.337
31877,119.337
31878,119.337
31879,119.337
31880,119.337
31881,119.543
31882,119.543
31883,119.543
31884,119.543
31885,119.543
31886,119.543
31887,119.543
31888,119.543
31889,119.543
31890,119.543
31891,119.543
31892,119.543
31893,119.543
31894,119.543
31895,119.543
31896,119.543
31897,119.543
31898,119.543
31899,119.543
31900,119.215
31901,119.215
31902,119.215
31903,119.215
31904,119.215
31905,119.215
31906,119.215
31907,119.215
31908,119.215
31909,119.215
31910,119.215
31911,119.215
31912,119.215
31913,119.215
31914,119.215
31915,119.215
31916,119.215
31917,119.215
31918,119.215
31919,119.215
31920,118.942
31921,118.942
31922,118.942
31923,118.942
31924,118.942
31925,118.942
31926,118.942
31927,118.942
31928,118.942
31929,118.942
31930,118.942
31931,118.942
31932,118.942
31933,118.942
31934,118.942
31935,118.942
31936,118.942
31937,118.942
31938,118.942
31939,118.942
31940,118.942
31941,118.942
31942,118.942
31943,118.942
31944,118.942
31945,118.942
31946,118.942
31947,118.942
31948,118.942
31949,118.942
31950,118.942
31951,118.942
31952,118.942
31953,118.942
31954,118.942
31955,118.942
31956,118.942
31957,118.942
31958,118.942
31959,118.942
31960,118.334
31961,118.334
31962,118.334
31963,118.334
31964,118.334
31965,118.334
31966,118.334
31967,118.334
31968,118.334
31969,118.334
31970,118.334
31971,118.334
31972,118.334
31973,118.334
31974,118.334
31975,118.334
31976,118.334
31977,118.334
31978,118.334
31979,118.334
31980,118.334
31981,118.334
31982,118.334
31983,118.334
31984,118.334
31985,118.334
31986,118.334
31987,118.334
31988,118.334
31989,118.334
31990,118.334
31991,118.334
31992,118.334
31993,118.334
31994,118.334
31995,118.334
31996,118.334
31997,118.334
31998,118.334
31999,118.334
32000,118.334
32001,118.334
32002,118.334
32003,118.334
32004,118.334
32005,118.334
32006,118.334
32007,118.334
32008,118.334
32009,118.334
32010,118.334
32011,118.334
32012,118.334
32013,118.334
32014,118.334
32015,118.334
32016,118.334
32017,118.334
32018,118.334
32019,118.334
32020,118.061
32021,118.061
32022,118.061
32023,118.061
32024,118.061
32025,118.061
32026,118.061
32027,118.061
32028,118.061
32029,118.061
32030,118.061
32031,118.061
32032,118.061
32033,118.061
32034,118.061
32035,118.061
32036,118.061
32037,118.061
32038,118.061
32039,118.061
32040,118.607
32041,118.607
32042,118.607
32043,118.607
32044,118.607
32045,118.607
32046,118.607
32047,118.607
32048,118.607
32049,118.607
32050,118.607
32051,118.607
32052,118.607
32053,118.607
32054,118.607
32055,118.607
32056,118.607
32057,118.607
32058,118.607
32059,118.607
32060,118.942
32061,118.942
32062,118.942
32063,118.942
32064,118.942
32065,118.942
32066,118.942
32067,118.942
32068,118.942
32069,118.942
32070,118.942
32071,118.942
32072,118.942
32073,118.942
32074,118.942
32075,118.942
32076,118.942
32077,118.942
32078,118.942
32079,118.942
32080,118.942
32081,118.942
32082,118.334
32083,118.334
32084,118.334
32085,118.334
32086,118.334
32087,118.334
32088,118.334
32089,118.334
32090,118.334
32091,118.334
32092,118.334
32093,118.334
32094,118.334
32095,118.334
32096,118.334
32097,118.334
32098,118.334
32099,118.334
32100,117.612
32101,117.612
32102,117.612
32103,117.612
32104,117.612
32105,117.612
32106,117.612
32107,117.612
32108,117.612
32109,117.612
32110,117.612
32111,117.612
32112,117.612
32113,117.612
32114,117.612
32115,117.612
32116,117.612
32117,117.612
32118,117.612
32119,117.612
32120,117.612
32121,118.061
32122,118.061
32123,118.061
32124,118.061
32125,118.061
32126,118.061
32127,118.061
32128,118.061
32129,118.061
32130,118.061
32131,118.061
32132,118.061
32133,118.061
32134,118.061
32135,118.061
32136,118.061
32137,118.061
32138,118.061
32139,118.061
32140,118.061
32141,117.733
32142,117.733
32143,117.733
32144,117.733
32145,117.733
32146,117.733
32147,117.733
32148,117.733
32149,117.733
32150,117.733
32151,117.733
32152,117.733
32153,117.733
32154,117.733
32155,117.733
32156,117.733
32157,117.733
32158,117.733
32159,117.733
32160,117.733
32161,118.607
32162,118.607
32163,118.607
32164,118.607
32165,118.607
32166,118.607
32167,118.607
32168,118.607
32169,118.607
32170,118.607
32171,118.607
32172,118.607
32173,118.607
32174,118.607
32175,118.607
32176,118.607
32177,118.607
32178,118.607
32179,118.607
32180,118.607
32181,118.607
32182,119.093
32183,119.093
32184,119.093
32185,119.093
32186,119.093
32187,119.093
32188,119.093
32189,119.093
32190,119.093
32191,119.093
32192,119.093
32193,119.093
32194,119.093
32195,119.093
32196,119.093
32197,119.093
32198,119.093
32199,119.093
32200,119.093
32201,119.693
32202,119.693
32203,119.693
32204,119.693
32205,119.693
32206,119.693
32207,119.693
32208,119.693
32209,119.693
32210,119.693
32211,119.693
32212,119.693
32213,119.693
32214,119.693
32215,119.693
32216,119.693
32217,119.693
32218,119.693
32219,119.693
32220,119.693
32221,119.543
32222,119.543
32223,119.543
32224,119.543
32225,119.543
32226,119.543
32227,119.543
32228,119.543
32229,119.543
32230,119.543
32231,119.543
32232,119.543
32233,119.543
32234,119.543
32235,119.543
32236,119.543
32237,119.543
32238,119.543
32239,119.543
32240,119.543
32241,119.816
32242,119.816
32243,119.816
32244,119.816
32245,119.816
32246,119.816
32247,119.816
32248,119.816
32249,119.816
32250,119.816
32251,119.816
32252,119.816
32253,119.816
32254,119.816
32255,119.816
32256,119.816
32257,119.816
32258,119.816
32259,119.816
32260,119.816
32261,119.543
32262,119.543
32263,119.543
32264,119.543
32265,119.543
32266,119.543
32267,119.543
32268,119.543
32269,119.543
32270,119.543
32271,119.543
32272,119.543
32273,119.543
32274,119.543
32275,119.543
32276,119.543
32277,119.543
32278,119.543
32279,119.543
32280,119.543
32281,119.543
32282,119.337
32283,119.337
32284,119.337
32285,119.337
32286,119.337
32287,119.337
32288,119.337
32289,119.337
32290,119.337
32291,119.337
32292,119.337
32293,119.337
32294,119.337
32295,119.337
32296,119.337
32297,119.337
32298,119.337
32299,119.337
32300,119.337
32301,119.665
32302,119.665
32303,119.665
32304,119.665
32305,119.665
32306,119.665
32307,119.665
32308,119.665
32309,119.665
32310,119.665
32311,119.665
32312,119.665
32313,119.665
32314,119.665
32315,119.665
32316,119.665
32317,119.665
32318,119.665
32319,119.665
32320,119.665
32321,118.728
32322,118.728
32323,118.728
32324,118.728
32325,118.728
32326,118.728
32327,118.728
32328,118.728
32329,118.728
32330,118.728
32331,118.728
32332,118.728
32333,118.728
32334,118.728
32335,118.728
32336,118.728
32337,118.728
32338,118.728
32339,118.728
32340,118.728
32341,118.728
32342,118.728
32343,118.728
32344,118.728
32345,118.728
32346,118.728
32347,118.728
32348,118.728
32349,118.728
32350,118.728
32351,118.728
32352,118.728
32353,118.728
32354,118.728
32355,118.728
32356,118.728
32357,118.728
32358,118.728
32359,118.728
32360,118.728
32361,119.064
32362,119.064
32363,119.064
32364,119.064
32365,119.064
32366,119.064
32367,119.064
32368,119.064
32369,119.064
32370,119.064
32371,119.064
32372,119.064
32373,119.064
32374,119.064
32375,119.064
32376,119.064
32377,119.064
32378,119.064
32379,119.064
32380,119.064
32381,119.064
32382,119.064
32383,119.064
32384,119.064
32385,119.064
32386,119.064
32387,119.064
32388,119.064
32389,119.064
32390,119.064
32391,119.064
32392,119.064
32393,119.064
32394,119.064
32395,119.064
32396,119.064
32397,119.064
32398,119.064
32399,119.064
32400,119.064
32401,119.064
32402,118.182
32403,118.182
32404,118.182
32405,118.182
32406,118.182
32407,118.182
32408,118.182
32409,118.182
32410,118.182
32411,118.182
32412,118.182
32413,118.182
32414,118.182
32415,118.182
32416,118.182
32417,118.182
32418,118.182
32419,118.182
32420,118.182
32421,118.182
32422,116.698
32423,116.698
32424,116.698
32425,116.698
32426,116.698
32427,116.698
32428,116.698
32429,116.698
32430,116.698
32431,116.698
32432,116.698
32433,116.698
32434,116.698
32435,116.698
32436,116.698
32437,116.698
32438,116.698
32439,116.698
32440,116.698
32441,116.698
32442,116.37
32443,116.37
32444,116.37
32445,116.37
32446,116.37
32447,116.37
32448,116.37
32449,116.37
32450,116.37
32451,116.37
32452,116.37
32453,116.37
32454,116.37
32455,116.37
32456,116.37
32457,116.37
32458,116.37
32459,116.37
32460,116.37
32461,116.37
32462,118.182
32463,118.182
32464,118.182
32465,118.182
32466,118.182
32467,118.182
32468,118.182
32469,118.182
32470,118.182
32471,118.182
32472,118.182
32473,118.182
32474,118.182
32475,118.182
32476,118.182
32477,118.182
32478,118.182
32479,118.182
32480,118.182
32481,118.182
32482,118.182
32483,117.854
32484,117.854
32485,117.854
32486,117.854
32487,117.854
32488,117.854
32489,117.854
32490,117.854
32491,117.854
32492,117.854
32493,117.854
32494,117.854
32495,117.854
32496,117.854
32497,117.854
32498,117.854
32499,117.854
32500,117.854
32501,117.854
32502,118.182
32503,118.182
32504,118.182
32505,118.182
32506,118.182
32507,118.182
32508,118.182
32509,118.182
32510,118.182
32511,118.182
32512,118.182
32513,118.182
32514,118.182
32515,118.182
32516,118.182
32517,118.182
32518,118.182
32519,118.182
32520,118.182
32521,118.182
32522,117.854
32523,117.854
32524,117.854
32525,117.854
32526,117.854
32527,117.854
32528,117.854
32529,117.854
32530,117.854
32531,117.854
32532,117.854
32533,117.854
32534,117.854
32535,117.854
32536,117.854
32537,117.854
32538,117.854
32539,117.854
32540,117.854
32541,117.854
32542,118.182
32543,118.182
32544,118.182
32545,118.182
32546,118.182
32547,118.182
32548,118.182
32549,118.182
32550,118.182
32551,118.182
32552,118.182
32553,118.182
32554,118.182
32555,118.182
32556,118.182
32557,118.182
32558,118.182
32559,118.182
32560,118.182
32561,118.182
32562,119.337
32563,119.337
32564,119.337
32565,119.337
32566,119.337
32567,119.337
32568,119.337
32569,119.337
32570,119.337
32571,119.337
32572,119.337
32573,119.337
32574,119.337
32575,119.337
32576,119.337
32577,119.337
32578,119.337
32579,119.337
32580,119.337
32581,119.337
32582,119.337
32583,119.665
32584,119.665
32585,119.665
32586,119.665
32587,119.665
32588,119.665
32589,119.665
32590,119.665
32591,119.665
32592,119.665
32593,119.665
32594,119.665
32595,119.665
32596,119.665
32597,119.665
32598,119.665
32599,119.665
32600,119.665
32601,119.665
32602,120.22
32603,120.22
32604,120.22
32605,120.22
32606,120.22
32607,120.22
32608,120.22
32609,120.22
32610,120.22
32611,120.22
32612,120.22
32613,120.22
32614,120.22
32615,120.22
32616,120.22
32617,120.22
32618,120.22
32619,120.22
32620,120.22
32621,120.22
32622,119.939
32623,119.939
32624,119.939
32625,119.939
32626,119.939
32627,119.939
32628,119.939
32629,119.939
32630,119.939
32631,119.939
32632,119.939
32633,119.939
32634,119.939
32635,119.939
32636,119.939
32637,119.939
32638,119.939
32639,119.939
32640,119.939
32641,119.939
32642,119.337
32643,119.337
32644,119.337
32645,119.337
32646,119.337
32647,119.337
32648,119.337
32649,119.337
32650,119.337
32651,119.337
32652,119.337
32653,119.337
32654,119.337
32655,119.337
32656,119.337
32657,119.337
32658,119.337
32659,119.337
32660,119.337
32661,119.337
32662,119.337
32663,119.337
32664,119.337
32665,119.337
32666,119.337
32667,119.337
32668,119.337
32669,119.337
32670,119.337
32671,119.337
32672,119.337
32673,119.337
32674,119.337
32675,119.337
32676,119.337
32677,119.337
32678,119.337
32679,119.337
32680,119.337
32681,119.337
32682,119.337
32683,119.337
32684,119.665
32685,119.665
32686,119.665
32687,119.665
32688,119.665
32689,119.665
32690,119.665
32691,119.665
32692,119.665
32693,119.665
32694,119.665
32695,119.665
32696,119.665
32697,119.665
32698,119.665
32699,119.665
32700,119.665
32701,119.665
32702,119.665
32703,119.064
32704,119.064
32705,119.064
32706,119.064
32707,119.064
32708,119.064
32709,119.064
32710,119.064
32711,119.064
32712,119.064
32713,119.064
32714,119.064
32715,119.064
32716,119.064
32717,119.064
32718,119.064
32719,119.064
32720,119.064
32721,119.064
32722,119.064
32723,118.182
32724,118.182
32725,118.182
32726,118.182
32727,118.182
32728,118.182
32729,118.182
32730,118.182
32731,118.182
32732,118.182
32733,118.182
32734,118.182
32735,118.182
32736,118.182
32737,118.182
32738,118.182
32739,118.182
32740,118.182
32741,118.182
32742,118.182
32743,118.182
32744,118.182
32745,118.182
32746,118.182
32747,118.182
32748,118.182
32749,118.182
32750,118.182
32751,118.182
32752,118.182
32753,118.182
32754,118.182
32755,118.182
32756,118.182
32757,118.182
32758,118.182
32759,118.182
32760,118.182
32761,118.182
32762,118.182
32763,118.182
32764,118.182
32765,118.182
32766,118.182
32767,118.182
32768,118.182
32769,118.182
32770,118.182
32771,118.182
32772,118.182
32773,118.182
32774,118.182
32775,118.182
32776,118.182
32777,118.182
32778,118.182
32779,118.182
32780,118.182
32781,118.182
32782,118.182
32783,118.182
32784,118.182
32785,118.182
32786,118.182
32787,118.182
32788,118.182
32789,118.182
32790,118.182
32791,118.182
32792,118.182
32793,118.182
32794,118.182
32795,118.182
32796,118.182
32797,118.182
32798,118.182
32799,118.182
32800,118.182
32801,118.182
32802,118.182
32803,118.455
32804,118.455
32805,118.455
32806,118.455
32807,118.455
32808,118.455
32809,118.455
32810,118.455
32811,118.455
32812,118.455
32813,118.455
32814,118.455
32815,118.455
32816,118.455
32817,118.455
32818,118.455
32819,118.455
32820,118.455
32821,118.455
32822,118.455
32823,118.455
32824,118.455
32825,118.455
32826,118.455
32827,118.455
32828,118.455
32829,118.455
32830,118.455
32831,118.455
32832,118.455
32833,118.455
32834,118.455
32835,118.455
32836,118.455
32837,118.455
32838,118.455
32839,118.455
32840,118.455
32841,118.455
32842,118.455
32843,117.854
32844,117.854
32845,117.854
32846,117.854
32847,117.854
32848,117.854
32849,117.854
32850,117.854
32851,117.854
32852,117.854
32853,117.854
32854,117.854
32855,117.854
32856,117.854
32857,117.854
32858,117.854
32859,117.854
32860,117.854
32861,117.854
32862,117.854
32863,117.854
32864,117.581
32865,117.581
32866,117.581
32867,117.581
32868,117.581
32869,117.581
32870,117.581
32871,117.581
32872,117.581
32873,117.581
32874,117.581
32875,117.581
32876,117.581
32877,117.581
32878,117.581
32879,117.581
32880,117.581
32881,117.581
32882,117.581
32883,117.581
32884,117.581
32885,118.455
32886,118.455
32887,118.455
32888,118.455
32889,118.455
32890,118.455
32891,118.455
32892,118.455
32893,118.455
32894,118.455
32895,118.455
32896,118.455
32897,118.455
32898,118.455
32899,118.455
32900,118.455
32901,118.455
32902,118.455
32903,118.455
32904,118.455
32905,118.455
32906,118.455
32907,118.455
32908,118.455
32909,118.455
32910,118.455
32911,118.455
32912,118.455
32913,118.455
32914,118.455
32915,118.455
32916,118.455
32917,118.455
32918,118.455
32919,118.455
32920,118.455
32921,118.455
32922,118.455
32923,118.455
32924,118.728
32925,118.728
32926,118.728
32927,118.728
32928,118.728
32929,118.728
32930,118.728
32931,118.728
32932,118.728
32933,118.728
32934,118.728
32935,118.728
32936,118.728
32937,118.728
32938,118.728
32939,118.728
32940,118.728
32941,118.728
32942,118.728
32943,118.728
32944,118.182
32945,118.182
32946,118.182
32947,118.182
32948,118.182
32949,118.182
32950,118.182
32951,118.182
32952,118.182
32953,118.182
32954,118.182
32955,118.182
32956,118.182
32957,118.182
32958,118.182
32959,118.182
32960,118.182
32961,118.182
32962,118.182
32963,118.182
32964,118.728
32965,118.728
32966,118.728
32967,118.728
32968,118.728
32969,118.728
32970,118.728
32971,118.728
32972,118.728
32973,118.728
32974,118.728
32975,118.728
32976,118.728
32977,118.728
32978,118.728
32979,118.728
32980,118.728
32981,118.728
32982,118.728
32983,118.728
32984,118.728
32985,119.064
32986,119.064
32987,119.064
32988,119.064
32989,119.064
32990,119.064
32991,119.064
32992,119.064
32993,119.064
32994,119.064
32995,119.064
32996,119.064
32997,119.064
32998,119.064
32999,119.064
33000,119.064
33001,119.064
33002,119.064
33003,119.064
33004,120.548
33005,120.548
33006,120.548
33007,120.548
33008,120.548
33009,120.548
33010,120.548
33011,120.548
33012,120.548
33013,120.548
33014,120.548
33015,120.548
33016,120.548
33017,120.548
33018,120.548
33019,120.548
33020,120.548
33021,120.548
33022,120.548
33023,120.548
33024,120.22
33025,120.22
33026,120.22
33027,120.22
33028,120.22
33029,120.22
33030,120.22
33031,120.22
33032,120.22
33033,120.22
33034,120.22
33035,120.22
33036,120.22
33037,120.22
33038,120.22
33039,120.22
33040,120.22
33041,120.22
33042,120.22
33043,120.22
33044,119.665
33045,119.665
33046,119.665
33047,119.665
33048,119.665
33049,119.665
33050,119.665
33051,119.665
33052,119.665
33053,119.665
33054,119.665
33055,119.665
33056,119.665
33057,119.665
33058,119.665
33059,119.665
33060,119.665
33061,119.665
33062,119.665
33063,119.665
33064,119.337
33065,119.337
33066,119.337
33067,119.337
33068,119.337
33069,119.337
33070,119.337
33071,119.337
33072,119.337
33073,119.337
33074,119.337
33075,119.337
33076,119.337
33077,119.337
33078,119.337
33079,119.337
33080,119.337
33081,119.337
33082,119.337
33083,119.337
33084,119.337
33085,119.337
33086,119.337
33087,119.337
33088,119.337
33089,119.337
33090,119.337
33091,119.337
33092,119.337
33093,119.337
33094,119.337
33095,119.337
33096,119.337
33097,119.337
33098,119.337
33099,119.337
33100,119.337
33101,119.337
33102,119.337
33103,119.337
33104,119.337
33105,119.064
33106,119.064
33107,119.064
33108,119.064
33109,119.064
33110,119.064
33111,119.064
33112,119.064
33113,119.064
33114,119.064
33115,119.064
33116,119.064
33117,119.064
33118,119.064
33119,119.064
33120,119.064
33121,119.064
33122,119.064
33123,119.064
33124,119.064
33125,118.728
33126,118.728
33127,118.728
33128,118.728
33129,118.728
33130,118.728
33131,118.728
33132,118.728
33133,118.728
33134,118.728
33135,118.728
33136,118.728
33137,118.728
33138,118.728
33139,118.728
33140,118.728
33141,118.728
33142,118.728
33143,118.728
33144,118.728
33145,118.182
33146,118.182
33147,118.182
33148,118.182
33149,118.182
33150,118.182
33151,118.182
33152,118.182
33153,118.182
33154,118.182
33155,118.182
33156,118.182
33157,118.182
33158,118.182
33159,118.182
33160,118.182
33161,118.182
33162,118.182
33163,118.182
33164,118.182
33165,117.854
33166,117.854
33167,117.854
33168,117.854
33169,117.854
33170,117.854
33171,117.854
33172,117.854
33173,117.854
33174,117.854
33175,117.854
33176,117.854
33177,117.854
33178,117.854
33179,117.854
33180,117.854
33181,117.854
33182,117.854
33183,117.854
33184,117.854
33185,117.854
33186,118.182
33187,118.182
33188,118.182
33189,118.182
33190,118.182
33191,118.182
33192,118.182
33193,118.182
33194,118.182
33195,118.182
33196,118.182
33197,118.182
33198,118.182
33199,118.182
33200,118.182
33201,118.182
33202,118.182
33203,118.182
33204,118.182
33205,118.455
33206,118.455
33207,118.455
33208,118.455
33209,118.455
33210,118.455
33211,118.455
33212,118.455
33213,118.455
33214,118.455
33215,118.455
33216,118.455
33217,118.455
33218,118.455
33219,118.455
33220,118.455
33221,118.455
33222,118.455
33223,118.455
33224,118.455
33225,118.182
33226,118.182
33227,118.182
33228,118.182
33229,118.182
33230,118.182
33231,118.182
33232,118.182
33233,118.182
33234,118.182
33235,118.182
33236,118.182
33237,118.182
33238,118.182
33239,118.182
33240,118.182
33241,118.182
33242,118.182
33243,118.182
33244,118.182
33245,118.182
33246,118.182
33247,118.182
33248,118.182
33249,118.182
33250,118.182
33251,118.182
33252,118.182
33253,118.182
33254,118.182
33255,118.182
33256,118.182
33257,118.182
33258,118.182
33259,118.182
33260,118.182
33261,118.182
33262,118.182
33263,118.182
33264,118.182
33265,118.455
33266,118.455
33267,118.455
33268,118.455
33269,118.455
33270,118.455
33271,118.455
33272,118.455
33273,118.455
33274,118.455
33275,118.455
33276,118.455
33277,118.455
33278,118.455
33279,118.455
33280,118.455
33281,118.455
33282,118.455
33283,118.455
33284,118.455
33285,118.455
33286,117.854
33287,117.854
33288,117.854
33289,117.854
33290,117.854
33291,117.854
33292,117.854
33293,117.854
33294,117.854
33295,117.854
33296,117.854
33297,117.854
33298,117.854
33299,117.854
33300,117.854
33301,117.854
33302,117.854
33303,117.854
33304,117.854
33305,117.854
33306,118.182
33307,118.182
33308,118.182
33309,118.182
33310,118.182
33311,118.182
33312,118.182
33313,118.182
33314,118.182
33315,118.182
33316,118.182
33317,118.182
33318,118.182
33319,118.182
33320,118.182
33321,118.182
33322,118.182
33323,118.182
33324,118.182
33325,118.182
33326,119.337
33327,119.337
33328,119.337
33329,119.337
33330,119.337
33331,119.337
33332,119.337
33333,119.337
33334,119.337
33335,119.337
33336,119.337
33337,119.337
33338,119.337
33339,119.337
33340,119.337
33341,119.337
33342,119.337
33343,119.337
33344,119.337
33345,119.337
33346,118.728
33347,118.728
33348,118.728
33349,118.728
33350,118.728
33351,118.728
33352,118.728
33353,118.728
33354,118.728
33355,118.728
33356,118.728
33357,118.728
33358,118.728
33359,118.728
33360,118.728
33361,118.728
33362,118.728
33363,118.728
33364,118.728
33365,118.728
33366,119.064
33367,119.064
33368,119.064
33369,119.064
33370,119.064
33371,119.064
33372,119.064
33373,119.064
33374,119.064
33375,119.064
33376,119.064
33377,119.064
33378,119.064
33379,119.064
33380,119.064
33381,119.064
33382,119.064
33383,119.064
33384,119.064
33385,119.064
33386,119.064
33387,118.728
33388,118.728
33389,118.728
33390,118.728
33391,118.728
33392,118.728
33393,118.728
33394,118.728
33395,118.728
33396,118.728
33397,118.728
33398,118.728
33399,118.728
33400,118.728
33401,118.728
33402,118.728
33403,118.728
33404,118.728
33405,118.728
33406,119.665
33407,119.665
33408,119.665
33409,119.665
33410,119.665
33411,119.665
33412,119.665
33413,119.665
33414,119.665
33415,119.665
33416,119.665
33417,119.665
33418,119.665
33419,119.665
33420,119.665
33421,119.665
33422,119.665
33423,119.665
33424,119.665
33425,119.665
33426,119.665
33427,119.665
33428,119.665
33429,119.665
33430,119.665
33431,119.665
33432,119.665
33433,119.665
33434,119.665
33435,119.665
33436,119.665
33437,119.665
33438,119.665
33439,119.665
33440,119.665
33441,119.665
33442,119.665
33443,119.665
33444,119.665
33445,119.665
33446,120.22
33447,120.22
33448,120.22
33449,120.22
33450,120.22
33451,120.22
33452,120.22
33453,120.22
33454,120.22
33455,120.22
33456,120.22
33457,120.22
33458,120.22
33459,120.22
33460,120.22
33461,120.22
33462,120.22
33463,120.22
33464,120.22
33465,120.22
33466,87.457
33467,87.457
33468,87.457
33469,87.457
33470,87.457
33471,87.457
33472,87.457
33473,87.457
33474,87.457
33475,87.457
33476,87.457
33477,87.457
33478,87.457
33479,87.457
33480,87.457
33481,87.457
33482,87.457
33483,87.457
33484,87.457
33485,87.457
33486,87.457
33487,74.153
33488,74.153
33489,74.153
33490,74.153
33491,74.153
33492,74.153
33493,74.153
33494,74.153
33495,74.153
33496,74.153
33497,74.153
33498,74.153
33499,74.153
33500,74.153
33501,74.153
33502,74.153
33503,74.153
33504,74.153
33505,74.153
33506,71.186
33507,71.186
33508,71.186
33509,71.186
33510,71.186
33511,71.186
33512,71.186
33513,71.186
33514,71.186
33515,71.186
33516,71.186
33517,71.186
33518,71.186
33519,71.186
33520,71.186
33521,71.186
33522,71.186
33523,71.186
33524,71.186
33525,71.186
33526,70.303
33527,70.303
33528,70.303
33529,70.303
33530,70.303
33531,70.303
33532,70.303
33533,70.303
33534,70.303
33535,70.303
33536,70.303
33537,70.303
33538,70.303
33539,70.303
33540,70.303
33541,70.303
33542,70.303
33543,70.303
33544,70.303
33545,70.303
33546,70.303
33547,70.303
33548,70.303
33549,70.303
33550,70.303
33551,70.303
33552,70.303
33553,70.303
33554,70.303
33555,70.303
33556,70.303
33557,70.303
33558,70.303
33559,70.303
33560,70.303
33561,70.303
33562,70.303
33563,70.303
33564,70.303
33565,70.303
33566,70.303
33567,70.577
33568,70.577
33569,70.577
33570,70.577
33571,70.577
33572,70.577
33573,70.577
33574,70.577
33575,70.577
33576,70.577
33577,70.577
33578,70.577
33579,70.577
33580,70.577
33581,70.577
33582,70.577
33583,70.577
33584,70.577
33585,70.577
33586,70.577
33587,71.186
33588,71.186
33589,71.186
33590,71.186
33591,71.186
33592,71.186
33593,71.186
33594,71.186
33595,71.186
33596,71.186
33597,71.186
33598,71.186
33599,71.186
33600,71.186
33601,71.186
33602,71.186
33603,71.186
33604,71.186
33605,71.186
33606,71.186
33607,70.577
33608,70.577
33609,70.577
33610,70.577
33611,70.577
33612,70.577
33613,70.577
33614,70.577
33615,70.577
33616,70.577
33617,70.577
33618,70.577
33619,70.577
33620,70.577
33621,70.577
33622,70.577
33623,70.577
33624,70.577
33625,70.577
33626,70.577
33627,70.577
33628,70.577
33629,70.577
33630,70.577
33631,70.577
33632,70.577
33633,70.577
33634,70.577
33635,70.577
33636,70.577
33637,70.577
33638,70.577
33639,70.577
33640,70.577
33641,70.577
33642,70.577
33643,70.577
33644,70.577
33645,70.577
33646,70.577
33647,70.577
33648,70.577
33649,70.577
33650,70.577
33651,70.577
33652,70.577
33653,70.577
33654,70.577
33655,70.577
33656,70.577
33657,70.577
33658,70.577
33659,70.577
33660,70.577
33661,70.577
33662,70.577
33663,70.577
33664,70.577
33665,70.577
33666,70.577
33667,69.975
33668,69.975
33669,69.975
33670,69.975
33671,69.975
33672,69.975
33673,69.975
33674,69.975
33675,69.975
33676,69.975
33677,69.975
33678,69.975
33679,69.975
33680,69.975
33681,69.975
33682,69.975
33683,69.975
33684,69.975
33685,69.975
33686,69.975
33687,69.975
33688,70.303
33689,70.303
33690,70.303
33691,70.303
33692,70.303
33693,70.303
33694,70.303
33695,70.303
33696,70.303
33697,70.303
33698,70.303
33699,70.303
33700,70.303
33701,70.303
33702,70.303
33703,70.303
33704,70.303
33705,70.303
33706,70.303
33707,69.975
33708,69.975
33709,69.975
33710,69.975
33711,69.975
33712,69.975
33713,69.975
33714,69.975
33715,69.975
33716,69.975
33717,69.975
33718,69.975
33719,69.975
33720,69.975
33721,69.975
33722,69.975
33723,69.975
33724,69.975
33725,69.975
33726,69.975
33727,69.702
33728,69.702
33729,69.702
33730,69.702
33731,69.702
33732,69.702
33733,69.702
33734,69.702
33735,69.702
33736,69.702
33737,69.702
33738,69.702
33739,69.702
33740,69.702
33741,69.702
33742,69.702
33743,69.702
33744,69.702
33745,69.702
33746,69.702
33747,69.702
33748,69.702
33749,69.702
33750,69.702
33751,69.702
33752,69.702
33753,69.702
33754,69.702
33755,69.702
33756,69.702
33757,69.702
33758,69.702
33759,69.702
33760,69.702
33761,69.702
33762,69.702
33763,69.702
33764,69.702
33765,69.702
33766,69.702
33767,70.303
33768,70.303
33769,70.303
33770,70.303
33771,70.303
33772,70.303
33773,70.303
33774,70.303
33775,70.303
33776,70.303
33777,70.303
33778,70.303
33779,70.303
33780,70.303
33781,70.303
33782,70.303
33783,70.303
33784,70.303
33785,70.303
33786,70.303
33787,70.303
33788,70.84
33789,70.84
33790,70.84
33791,70.84
33792,70.84
33793,70.84
33794,70.84
33795,70.84
33796,70.84
33797,70.84
33798,70.84
33799,70.84
33800,70.84
33801,70.84
33802,70.84
33803,70.84
33804,70.84
33805,70.84
33806,70.84
33807,70.84
33808,70.231
33809,70.231
33810,70.231
33811,70.231
33812,70.231
33813,70.231
33814,70.231
33815,70.231
33816,70.231
33817,70.231
33818,70.231
33819,70.231
33820,70.231
33821,70.231
33822,70.231
33823,70.231
33824,70.231
33825,70.231
33826,70.231
33827,70.231
33828,70.231
33829,70.231
33830,70.231
33831,70.231
33832,70.231
33833,70.231
33834,70.231
33835,70.231
33836,70.231
33837,70.231
33838,70.231
33839,70.231
33840,70.231
33841,70.231
33842,70.231
33843,70.231
33844,70.231
33845,70.231
33846,70.231
33847,70.231
33848,70.231
33849,70.231
33850,70.231
33851,70.231
33852,70.231
33853,70.231
33854,70.231
33855,70.231
33856,70.231
33857,70.231
33858,70.231
33859,70.231
33860,70.231
33861,70.231
33862,70.231
33863,70.231
33864,70.231
33865,70.231
33866,70.231
33867,70.231
33868,69.904
33869,69.904
33870,69.904
33871,69.904
33872,69.904
33873,69.904
33874,69.904
33875,69.904
33876,69.904
33877,69.904
33878,69.904
33879,69.904
33880,69.904
33881,69.904
33882,69.904
33883,69.904
33884,69.904
33885,69.904
33886,69.904
33887,69.904
33888,69.904
33889,70.231
33890,70.231
33891,70.231
33892,70.231
33893,70.231
33894,70.231
33895,70.231
33896,70.231
33897,70.231
33898,70.231
33899,70.231
33900,70.231
33901,70.231
33902,70.231
33903,70.231
33904,70.231
33905,70.231
33906,70.231
33907,70.231
33908,69.904
33909,69.904
33910,69.904
33911,69.904
33912,69.904
33913,69.904
33914,69.904
33915,69.904
33916,69.904
33917,69.904
33918,69.904
33919,69.904
33920,69.904
33921,69.904
33922,69.904
33923,69.904
33924,69.904
33925,69.904
33926,69.904
33927,69.904
33928,69.904
33929,69.904
33930,69.904
33931,69.904
33932,69.904
33933,69.904
33934,69.904
33935,69.904
33936,69.904
33937,69.904
33938,69.904
33939,69.904
33940,69.904
33941,69.904
33942,69.904
33943,69.904
33944,69.904
33945,69.904
33946,69.904
33947,69.904
33948,74.35
33949,74.35
33950,74.35
33951,74.35
33952,74.35
33953,74.35
33954,74.35
33955,74.35
33956,74.35
33957,74.35
33958,74.35
33959,74.35
33960,74.35
33961,74.35
33962,74.35
33963,74.35
33964,74.35
33965,74.35
33966,74.35
33967,74.35
33968,73.195
33969,73.195
33970,73.195
33971,73.195
33972,73.195
33973,73.195
33974,73.195
33975,73.195
33976,73.195
33977,73.195
33978,73.195
33979,73.195
33980,73.195
33981,73.195
33982,73.195
33983,73.195
33984,73.195
33985,73.195
33986,73.195
33987,73.195
33988,73.195
33989,71.386
33990,71.386
33991,71.386
33992,71.386
33993,71.386
33994,71.386
33995,71.386
33996,71.386
33997,71.386
33998,71.386
33999,71.386
34000,71.386
34001,71.386
34002,71.386
34003,71.386
34004,71.386
34005,71.386
34006,71.386
34007,71.386
34008,71.386
34009,70.504
34010,70.504
34011,70.504
34012,70.504
34013,70.504
34014,70.504
34015,70.504
34016,70.504
34017,70.504
34018,70.504
34019,70.504
34020,70.504
34021,70.504
34022,70.504
34023,70.504
34024,70.504
34025,70.504
34026,70.504
34027,70.504
34028,70.504
34029,70.231
34030,70.231
34031,70.231
34032,70.231
34033,70.231
34034,70.231
34035,70.231
34036,70.231
34037,70.231
34038,70.231
34039,70.231
34040,70.231
34041,70.231
34042,70.231
34043,70.231
34044,70.231
34045,70.231
34046,70.231
34047,70.231
34048,70.231
34049,70.159
34050,70.159
34051,70.159
34052,70.159
34053,70.159
34054,70.159
34055,70.159
34056,70.159
34057,70.159
34058,70.159
34059,70.159
34060,70.159
34061,70.159
34062,70.159
34063,70.159
34064,70.159
34065,70.159
34066,70.159
34067,70.159
34068,70.159
34069,69.904
34070,69.904
34071,69.904
34072,69.904
34073,69.904
34074,69.904
34075,69.904
34076,69.904
34077,69.904
34078,69.904
34079,69.904
34080,69.904
34081,69.904
34082,69.904
34083,69.904
34084,69.904
34085,69.904
34086,69.904
34087,69.904
34088,69.904
34089,69.904
34090,73.12
34091,73.12
34092,73.12
34093,73.12
34094,73.12
34095,73.12
34096,73.12
34097,73.12
34098,73.12
34099,73.12
34100,73.12
34101,73.12
34102,73.12
34103,73.12
34104,73.12
34105,73.12
34106,73.12
34107,73.12
34108,73.12
34109,71.312
34110,71.312
34111,71.312
34112,71.312
34113,71.312
34114,71.312
34115,71.312
34116,71.312
34117,71.312
34118,71.312
34119,71.312
34120,71.312
34121,71.312
34122,71.312
34123,71.312
34124,71.312
34125,71.312
34126,71.312
34127,71.312
34128,71.312
34129,75.754
34130,75.754
34131,75.754
34132,75.754
34133,75.754
34134,75.754
34135,75.754
34136,75.754
34137,75.754
34138,75.754
34139,75.754
34140,75.754
34141,75.754
34142,75.754
34143,75.754
34144,75.754
34145,75.754
34146,75.754
34147,75.754
34148,75.754
34149,72.193
34150,72.193
34151,72.193
34152,72.193
34153,72.193
34154,72.193
34155,72.193
34156,72.193
34157,72.193
34158,72.193
34159,72.193
34160,72.193
34161,72.193
34162,72.193
34163,72.193
34164,72.193
34165,72.193
34166,72.193
34167,72.193
34168,72.193
34169,72.193
34170,72.52
34171,72.52
34172,72.52
34173,72.52
34174,72.52
34175,72.52
34176,72.52
34177,72.52
34178,72.52
34179,72.52
34180,72.52
34181,72.52
34182,72.52
34183,72.52
34184,72.52
34185,72.52
34186,72.52
34187,72.52
34188,72.52
34189,72.52
34190,70.767
34191,70.767
34192,70.767
34193,70.767
34194,70.767
34195,70.767
34196,70.767
34197,70.767
34198,70.767
34199,70.767
34200,70.767
34201,70.767
34202,70.767
34203,70.767
34204,70.767
34205,70.767
34206,70.767
34207,70.767
34208,70.767
34209,70.767
34210,69.832
34211,69.832
34212,69.832
34213,69.832
34214,69.832
34215,69.832
34216,69.832
34217,69.832
34218,69.832
34219,69.832
34220,69.832
34221,69.832
34222,69.832
34223,69.832
34224,69.832
34225,69.832
34226,69.832
34227,69.832
34228,69.832
34229,69.832
34230,69.559
34231,69.559
34232,69.559
34233,69.559
34234,69.559
34235,69.559
34236,69.559
34237,69.559
34238,69.559
34239,69.559
34240,69.559
34241,69.559
34242,69.559
34243,69.559
34244,69.559
34245,69.559
34246,69.559
34247,69.559
34248,69.559
34249,69.559
34250,69.286
34251,69.286
34252,69.286
34253,69.286
34254,69.286
34255,69.286
34256,69.286
34257,69.286
34258,69.286
34259,69.286
34260,69.286
34261,69.286
34262,69.286
34263,69.286
34264,69.286
34265,69.286
34266,69.286
34267,69.286
34268,69.286
34269,69.286
34270,69.358
34271,69.358
34272,69.358
34273,69.358
34274,69.358
34275,69.358
34276,69.358
34277,69.358
34278,69.358
34279,69.358
34280,69.358
34281,69.358
34282,69.358
34283,69.358
34284,69.358
34285,69.358
34286,69.358
34287,69.358
34288,69.358
34289,69.358
34290,69.358
34291,69.832
34292,69.832
34293,69.832
34294,69.832
34295,69.832
34296,69.832
34297,69.832
34298,69.832
34299,69.832
34300,69.832
34301,69.832
34302,69.832
34303,69.832
34304,69.832
34305,69.832
34306,69.832
34307,69.832
34308,69.832
34309,69.832
34310,69.631
34311,69.631
34312,69.631
34313,69.631
34314,69.631
34315,69.631
34316,69.631
34317,69.631
34318,69.631
34319,69.631
34320,69.631
34321,69.631
34322,69.631
34323,69.631
34324,69.631
34325,69.631
34326,69.631
34327,69.631
34328,69.631
34329,69.631
34330,69.631
