time_ms,power_w
3,46.477
3,46.477
3,46.477
3,46.477
4,46.477
5,46.477
6,46.477
7,46.477
8,46.477
9,46.477
10,46.477
11,46.477
12,46.477
13,46.477
14,46.477
15,46.477
16,46.477
17,46.477
18,46.477
19,46.477
20,46.477
21,46.477
22,46.477
23,46.477
24,46.477
25,46.477
26,46.477
27,46.477
28,46.477
29,46.477
30,46.477
31,46.477
32,46.477
33,46.477
34,46.477
35,46.477
36,46.477
37,46.477
38,46.477
39,46.477
40,46.477
41,46.477
42,46.477
43,46.477
44,46.477
45,46.477
46,46.477
47,46.477
48,46.477
49,46.477
50,46.477
51,46.477
52,46.477
53,46.477
54,46.477
55,46.477
56,46.477
57,46.477
58,46.477
59,46.477
60,46.477
61,46.477
62,46.477
63,46.477
64,46.477
65,46.477
66,46.477
67,46.477
68,46.477
69,46.477
70,46.477
71,46.477
72,46.477
73,46.477
74,46.477
75,46.477
76,46.477
77,46.477
78,46.477
79,46.477
80,46.477
81,46.477
82,46.477
83,46.477
84,46.477
85,46.477
86,46.477
87,46.477
88,46.477
89,46.477
90,46.477
91,46.477
92,46.477
93,46.477
94,46.477
95,46.477
96,46.477
97,46.477
98,46.477
99,46.477
100,46.477
101,46.477
102,46.477
103,46.477
104,46.477
105,46.477
106,46.477
107,46.477
108,46.477
109,46.477
110,46.477
111,46.477
112,46.477
113,46.477
114,46.477
115,46.477
116,46.477
117,46.477
118,46.477
119,46.477
120,46.477
121,46.477
122,46.477
123,46.477
124,46.477
125,46.477
126,46.477
127,46.477
128,46.477
129,46.477
130,46.477
131,46.477
132,46.477
133,46.477
134,46.477
135,46.477
136,46.477
137,46.477
138,46.477
139,46.477
140,46.477
141,46.477
142,46.477
143,46.477
144,46.477
145,46.477
146,46.477
147,46.477
148,46.477
149,46.477
150,46.477
151,46.477
152,46.477
153,46.477
154,46.477
155,46.477
156,46.477
157,46.477
158,46.477
159,46.477
160,46.477
161,46.477
162,46.477
163,46.477
164,46.477
165,46.477
166,46.477
167,46.477
168,46.477
169,46.477
170,46.477
171,46.477
172,46.477
173,46.477
174,46.477
175,46.477
176,46.477
177,46.477
178,46.477
179,46.477
180,46.477
181,46.477
182,46.477
183,46.477
184,46.477
185,46.477
186,46.477
187,46.477
188,46.477
189,46.477
190,46.477
191,46.477
192,46.477
193,46.477
194,46.477
195,46.477
196,46.477
197,46.477
198,46.477
199,46.477
200,46.477
201,46.477
202,46.477
203,46.477
204,46.477
205,46.477
206,46.477
207,46.477
208,46.477
209,46.477
210,46.477
211,46.477
212,46.477
213,46.477
214,46.477
215,46.477
216,46.477
217,46.477
218,46.477
219,46.477
220,46.477
221,46.477
222,46.477
223,46.477
224,46.151
225,46.151
226,46.151
227,46.151
228,46.151
229,46.151
230,46.151
231,46.151
232,46.151
233,46.151
234,46.151
235,46.151
236,46.151
237,46.151
238,46.151
239,46.151
240,46.151
241,46.151
242,46.151
243,46.151
244,46.151
245,46.151
246,46.151
247,46.151
248,46.151
249,46.151
250,46.151
251,46.151
252,46.151
253,46.151
254,46.151
255,46.151
256,46.151
257,46.151
258,46.151
259,46.151
260,46.151
261,46.151
262,46.151
263,46.151
264,46.151
265,46.151
266,46.151
267,46.151
268,46.151
269,46.151
270,46.151
271,46.151
272,46.151
273,46.151
274,46.151
275,46.151
276,46.151
277,46.151
278,46.151
279,46.151
280,46.151
281,46.151
282,46.151
283,46.151
284,46.151
285,46.151
286,46.151
287,46.151
288,46.151
289,46.151
290,46.151
291,46.151
292,46.151
293,46.151
294,46.151
295,46.151
296,46.151
297,46.151
298,46.151
299,46.151
300,46.151
301,46.151
302,46.151
303,46.151
304,46.151
305,46.151
306,46.151
307,46.151
308,46.151
309,46.151
310,46.151
311,46.151
312,46.151
313,46.151
314,46.151
315,46.151
316,46.151
317,46.151
318,46.151
319,46.151
320,46.151
321,46.151
322,46.151
323,46.151
324,46.151
325,46.151
326,46.151
327,46.151
328,46.151
329,46.151
330,46.151
331,46.151
332,46.151
333,46.151
334,46.151
335,46.151
336,46.151
337,46.151
338,46.151
339,46.151
340,46.151
341,46.151
342,46.151
343,46.151
344,46.151
345,46.151
346,46.151
347,46.151
348,46.151
349,46.151
350,46.151
351,46.151
352,46.151
353,46.151
354,46.151
355,46.151
356,46.151
357,46.151
358,46.151
359,46.151
360,46.151
361,46.151
362,46.151
363,46.151
364,46.151
365,46.151
366,46.151
367,46.151
368,46.151
369,46.151
370,46.151
371,46.151
372,46.151
373,46.151
374,46.151
375,46.151
376,46.151
377,46.151
378,46.151
379,46.151
380,46.151
381,46.151
382,46.151
383,46.151
384,46.151
385,46.151
386,46.151
387,46.151
388,46.151
389,46.151
390,46.151
391,46.151
392,46.151
393,46.151
394,46.151
395,46.151
396,46.151
397,46.151
398,46.151
399,46.151
400,46.151
401,46.151
402,46.151
403,46.151
404,46.151
405,46.151
406,46.151
407,46.151
408,46.151
409,46.151
410,46.151
411,46.151
412,46.151
413,46.151
414,46.151
415,46.151
416,46.151
417,46.151
418,46.151
419,46.151
420,46.151
421,46.151
422,46.151
423,46.151
424,46.198
425,46.198
426,46.198
427,46.198
428,46.198
429,46.198
430,46.198
431,46.198
432,46.198
433,46.198
434,46.198
435,46.198
436,46.198
437,46.198
438,46.198
439,46.198
440,46.198
441,46.198
442,46.198
443,46.198
444,46.198
445,46.198
446,46.198
447,46.198
448,46.198
449,46.198
450,46.198
451,46.198
452,46.198
453,46.198
454,46.198
455,46.198
456,46.198
457,46.198
458,46.198
459,46.198
460,46.198
461,46.198
462,46.198
463,46.198
464,46.198
465,46.198
466,46.198
467,46.198
468,46.198
469,46.198
470,46.198
471,46.198
472,46.198
473,46.198
474,46.198
475,46.198
476,46.198
477,46.198
478,46.198
479,46.198
480,46.198
481,46.198
482,46.198
483,46.198
484,46.198
485,46.198
486,46.198
487,46.198
488,46.198
489,46.198
490,46.198
491,46.198
492,46.198
493,46.198
494,46.198
495,46.198
496,46.198
497,46.198
498,46.198
499,46.198
500,46.198
501,46.198
502,46.198
503,46.198
504,46.198
505,46.198
506,46.198
507,46.198
508,46.198
509,46.198
510,46.198
511,46.198
512,46.198
513,46.198
514,46.198
515,46.198
516,46.198
517,46.198
518,46.198
519,46.198
520,46.198
521,46.198
522,46.198
523,46.198
524,46.198
525,46.198
526,46.198
527,46.198
528,46.198
529,46.198
530,46.198
531,46.198
532,46.198
533,46.198
534,46.198
535,46.198
536,46.198
537,46.198
538,46.198
539,46.198
540,46.198
541,46.198
542,46.198
543,46.198
544,46.198
545,46.198
546,46.198
547,46.198
548,46.198
549,46.198
550,46.198
551,46.198
552,46.198
553,46.198
554,46.198
555,46.198
556,46.198
557,46.198
558,46.198
559,46.198
560,46.198
561,46.198
562,46.198
563,46.198
564,46.198
565,46.198
566,46.198
567,46.198
568,46.198
569,46.198
570,46.198
571,46.198
572,46.198
573,46.198
574,46.198
575,46.198
576,46.198
577,46.198
578,46.198
579,46.198
580,46.198
581,46.198
582,46.198
583,46.198
584,46.198
585,46.198
586,46.198
587,46.198
588,46.198
589,46.198
590,46.198
591,46.198
592,46.198
593,46.198
594,46.198
595,46.198
596,46.198
597,46.198
598,46.198
599,46.198
600,46.198
601,46.198
602,46.198
603,46.198
604,46.198
605,46.198
606,46.198
607,46.198
608,46.198
609,46.198
610,46.198
611,46.198
612,46.198
613,46.198
614,46.198
615,46.198
616,46.198
617,46.198
618,46.198
619,46.198
620,46.198
621,46.198
622,46.198
623,46.198
624,46.198
625,46.198
626,46.198
627,46.198
628,46.198
629,46.198
630,46.198
631,46.198
632,46.198
633,46.198
634,46.198
635,46.198
636,46.198
637,46.198
638,46.198
639,46.198
640,46.198
641,46.198
642,46.198
643,46.198
644,46.198
645,46.198
646,46.198
647,46.198
648,46.198
649,46.198
650,46.198
651,46.198
652,46.198
653,46.198
654,46.198
655,46.198
656,46.198
657,46.198
658,46.198
659,46.198
660,46.198
661,46.198
662,46.198
663,46.198
664,46.198
665,46.198
666,46.198
667,46.198
668,46.198
669,46.198
670,46.198
671,46.198
672,46.198
673,46.198
674,46.198
675,46.198
676,46.198
677,46.198
678,46.198
679,46.198
680,46.198
681,46.198
682,46.198
683,46.198
684,46.198
685,46.198
686,46.198
687,46.198
688,46.198
689,46.198
690,46.198
691,46.198
692,46.198
693,46.198
694,46.198
695,46.198
696,46.198
697,46.198
698,46.198
699,46.198
700,46.198
701,46.198
702,46.198
703,46.198
704,46.198
705,46.198
706,46.198
707,46.198
708,46.198
709,46.198
710,46.198
711,46.198
712,46.198
713,46.198
714,46.198
715,46.198
716,46.198
717,46.198
718,46.198
719,46.198
720,46.198
721,46.198
722,46.198
723,46.198
724,45.926
725,45.926
726,45.926
727,45.926
728,45.926
729,45.926
730,45.926
731,45.926
732,45.926
733,45.926
734,45.926
735,45.926
736,45.926
737,45.926
738,45.926
739,45.926
740,45.926
741,45.926
742,45.926
743,45.926
744,45.926
745,45.926
746,45.926
747,45.926
748,45.926
749,45.926
750,45.926
751,45.926
752,45.926
753,45.926
754,45.926
755,45.926
756,45.926
757,45.926
758,45.926
759,45.926
760,45.926
761,45.926
762,45.926
763,45.926
764,45.926
765,45.926
766,45.926
767,45.926
768,45.926
769,45.926
770,45.926
771,45.926
772,45.926
773,45.926
774,45.926
775,45.926
776,45.926
777,45.926
778,45.926
779,45.926
780,45.926
781,45.926
782,45.926
783,45.926
784,45.926
785,45.926
786,45.926
787,45.926
788,45.926
789,45.926
790,45.926
791,45.926
792,45.926
793,45.926
794,45.926
795,45.926
796,45.926
797,45.926
798,45.926
799,45.926
800,45.926
801,45.926
802,45.926
803,45.926
804,45.926
805,45.926
806,45.926
807,45.926
808,45.926
809,45.926
810,45.926
811,45.926
812,45.926
813,45.926
814,45.926
815,45.926
816,45.926
817,45.926
818,45.926
819,45.926
820,45.926
821,45.926
822,45.926
823,45.926
824,46.198
825,46.198
826,46.198
827,46.198
828,46.198
829,46.198
830,46.198
831,46.198
832,46.198
833,46.198
834,46.198
835,46.198
836,46.198
837,46.198
838,46.198
839,46.198
840,46.198
841,46.198
842,46.198
843,46.198
844,46.198
845,46.198
846,46.198
847,46.198
848,46.198
849,46.198
850,46.198
851,46.198
852,46.198
853,46.198
854,46.198
855,46.198
856,46.198
857,46.198
858,46.198
859,46.198
860,46.198
861,46.198
862,46.198
863,46.198
864,46.198
865,46.198
866,46.198
867,46.198
868,46.198
869,46.198
870,46.198
871,46.198
872,46.198
873,46.198
874,46.198
875,46.198
876,46.198
877,46.198
878,46.198
879,46.198
880,46.198
881,46.198
882,46.198
883,46.198
884,46.198
885,46.198
886,46.198
887,46.198
888,46.198
889,46.198
890,46.198
891,46.198
892,46.198
893,46.198
894,46.198
895,46.198
896,46.198
897,46.198
898,46.198
899,46.198
900,46.198
901,46.198
902,46.198
903,46.198
904,46.198
905,46.198
906,46.198
907,46.198
908,46.198
909,46.198
910,46.198
911,46.198
912,46.198
913,46.198
914,46.198
915,46.198
916,46.198
917,46.198
918,46.198
919,46.198
920,46.198
921,46.198
922,46.198
923,46.198
924,46.198
925,46.198
926,46.198
927,46.198
928,46.198
929,46.198
930,46.198
931,46.198
932,46.198
933,46.198
934,46.198
935,46.198
936,46.198
937,46.198
938,46.198
939,46.198
940,46.198
941,46.198
942,46.198
943,46.198
944,46.198
945,46.198
946,46.198
947,46.198
948,46.198
949,46.198
950,46.198
951,46.198
952,46.198
953,46.198
954,46.198
955,46.198
956,46.198
957,46.198
958,46.198
959,46.198
960,46.198
961,46.198
962,46.198
963,46.198
964,46.198
965,46.198
966,46.198
967,46.198
968,46.198
969,46.198
970,46.198
971,46.198
972,46.198
973,46.198
974,46.198
975,46.198
976,46.198
977,46.198
978,46.198
979,46.198
980,46.198
981,46.198
982,46.198
983,46.198
984,46.198
985,46.198
986,46.198
987,46.198
988,46.198
989,46.198
990,46.198
991,46.198
992,46.198
993,46.198
994,46.198
995,46.198
996,46.198
997,46.198
998,46.198
999,46.198
1000,46.198
1001,46.198
1002,46.198
1003,46.198
1004,46.198
1005,46.198
1006,46.198
1007,46.198
1008,46.198
1009,46.198
1010,46.198
1011,46.198
1012,46.198
1013,46.198
1014,46.198
1015,46.198
1016,46.198
1017,46.198
1018,46.198
1019,46.198
1020,46.198
1021,46.198
1022,46.198
1023,46.198
1024,45.926
1025,45.926
1026,45.926
1027,45.926
1028,45.926
1029,45.926
1030,45.926
1031,45.926
1032,45.926
1033,45.926
1034,45.926
1035,45.926
1036,45.926
1037,45.926
1038,45.926
1039,45.926
1040,45.926
1041,45.926
1042,45.926
1043,45.926
1044,45.926
1045,45.926
1046,45.926
1047,45.926
1048,45.926
1049,45.926
1050,45.926
1051,45.926
1052,45.926
1053,45.926
1054,45.926
1055,45.926
1056,45.926
1057,45.926
1058,45.926
1059,45.926
1060,45.926
1061,45.926
1062,45.926
1063,45.926
1064,45.926
1065,45.926
1066,45.926
1067,45.926
1068,45.926
1069,45.926
1070,45.926
1071,45.926
1072,45.926
1073,45.926
1074,45.926
1075,45.926
1076,45.926
1077,45.926
1078,45.926
1079,45.926
1080,45.926
1081,45.926
1082,45.926
1083,45.926
1084,45.926
1085,45.926
1086,45.926
1087,45.926
1088,45.926
1089,45.926
1090,45.926
1091,45.926
1092,45.926
1093,45.926
1094,45.926
1095,45.926
1096,45.926
1097,45.926
1098,45.926
1099,45.926
1100,45.926
1101,45.926
1102,45.926
1103,45.926
1104,45.926
1105,45.926
1106,45.926
1107,45.926
1108,45.926
1109,45.926
1110,45.926
1111,45.926
1112,45.926
1113,45.926
1114,45.926
1115,45.926
1116,45.926
1117,45.926
1118,45.926
1119,45.926
1120,45.926
1121,45.926
1122,45.926
1123,45.926
1124,45.926
1125,45.926
1126,45.926
1127,45.926
1128,45.926
1129,45.926
1130,45.926
1131,45.926
1132,45.926
1133,45.926
1134,45.926
1135,45.926
1136,45.926
1137,45.926
1138,45.926
1139,45.926
1140,45.926
1141,45.926
1142,45.926
1143,45.926
1144,45.926
1145,45.926
1146,45.926
1147,45.926
1148,45.926
1149,45.926
1150,45.926
1151,45.926
1152,45.926
1153,45.926
1154,45.926
1155,45.926
1156,45.926
1157,45.926
1158,45.926
1159,45.926
1160,45.926
1161,45.926
1162,45.926
1163,45.926
1164,45.926
1165,45.926
1166,45.926
1167,45.926
1168,45.926
1169,45.926
1170,45.926
1171,45.926
1172,45.926
1173,45.926
1174,45.926
1175,45.926
1176,45.926
1177,45.926
1178,45.926
1179,45.926
1180,45.926
1181,45.926
1182,45.926
1183,45.926
1184,45.926
1185,45.926
1186,45.926
1187,45.926
1188,45.926
1189,45.926
1190,45.926
1191,45.926
1192,45.926
1193,45.926
1194,45.926
1195,45.926
1196,45.926
1197,45.926
1198,45.926
1199,45.926
1200,45.926
1201,45.926
1202,45.926
1203,45.926
1204,45.926
1205,45.926
1206,45.926
1207,45.926
1208,45.926
1209,45.926
1210,45.926
1211,45.926
1212,45.926
1213,45.926
1214,45.926
1215,45.926
1216,45.926
1217,45.926
1218,45.926
1219,45.926
1220,45.926
1221,45.926
1222,45.926
1223,45.926
1224,45.926
1225,45.926
1226,45.926
1227,45.926
1228,45.926
1229,45.926
1230,45.926
1231,45.926
1232,45.926
1233,45.926
1234,45.926
1235,45.926
1236,45.926
1237,45.926
1238,45.926
1239,45.926
1240,45.926
1241,45.926
1242,45.926
1243,45.926
1244,45.926
1245,45.926
1246,45.926
1247,45.926
1248,45.926
1249,45.926
1250,45.926
1251,45.926
1252,45.926
1253,45.926
1254,45.926
1255,45.926
1256,45.926
1257,45.926
1258,45.926
1259,45.926
1260,45.926
1261,45.926
1262,45.926
1263,45.926
1264,45.926
1265,45.926
1266,45.926
1267,45.926
1268,45.926
1269,45.926
1270,45.926
1271,45.926
1272,45.926
1273,45.926
1274,45.926
1275,45.926
1276,45.926
1277,45.926
1278,45.926
1279,45.926
1280,45.926
1281,45.926
1282,45.926
1283,45.926
1284,45.926
1285,45.926
1286,45.926
1287,45.926
1288,45.926
1289,45.926
1290,45.926
1291,45.926
1292,45.926
1293,45.926
1294,45.926
1295,45.926
1296,45.926
1297,45.926
1298,45.926
1299,45.926
1300,45.926
1301,45.926
1302,45.926
1303,45.926
1304,45.926
1305,45.926
1306,45.926
1307,45.926
1308,45.926
1309,45.926
1310,45.926
1311,45.926
1312,45.926
1313,45.926
1314,45.926
1315,45.926
1316,45.926
1317,45.926
1318,45.926
1319,45.926
1320,45.926
1321,45.926
1322,45.926
1323,45.926
1324,45.926
1325,45.926
1326,45.926
1327,45.926
1328,45.926
1329,45.926
1330,45.926
1331,45.926
1332,45.926
1333,45.926
1334,45.926
1335,45.926
1336,45.926
1337,45.926
1338,45.926
1339,45.926
1340,45.926
1341,45.926
1342,45.926
1343,45.926
1344,45.926
1345,45.926
1346,45.926
1347,45.926
1348,45.926
1349,45.926
1350,45.926
1351,45.926
1352,45.926
1353,45.926
1354,45.926
1355,45.926
1356,45.926
1357,45.926
1358,45.926
1359,45.926
1360,45.926
1361,45.926
1362,45.926
1363,45.926
1364,45.926
1365,45.926
1366,45.926
1367,45.926
1368,45.926
1369,45.926
1370,45.926
1371,45.926
1372,45.926
1373,45.926
1374,45.926
1375,45.926
1376,45.926
1377,45.926
1378,45.926
1379,45.926
1380,45.926
1381,45.926
1382,45.926
1383,45.926
1384,45.926
1385,45.926
1386,45.926
1387,45.926
1388,45.926
1389,45.926
1390,45.926
1391,45.926
1392,45.926
1393,45.926
1394,45.926
1395,45.926
1396,45.926
1397,45.926
1398,45.926
1399,45.926
1400,45.926
1401,45.926
1402,45.926
1403,45.926
1404,45.926
1405,45.926
1406,45.926
1407,45.926
1408,45.926
1409,45.926
1410,45.926
1411,45.926
1412,45.926
1413,45.926
1414,45.926
1415,45.926
1416,45.926
1417,45.926
1418,45.926
1419,45.926
1420,45.926
1421,45.926
1422,45.926
1423,45.926
1424,45.645
1425,45.645
1426,45.645
1427,45.645
1428,45.645
1429,45.645
1430,45.645
1431,45.645
1432,45.645
1433,45.645
1434,45.645
1435,45.645
1436,45.645
1437,45.645
1438,45.645
1439,45.645
1440,45.645
1441,45.645
1442,45.645
1443,45.645
1444,45.645
1445,45.645
1446,45.645
1447,45.645
1448,45.645
1449,45.645
1450,45.645
1451,45.645
1452,45.645
1453,45.645
1454,45.645
1455,45.645
1456,45.645
1457,45.645
1458,45.645
1459,45.645
1460,45.645
1461,45.645
1462,45.645
1463,45.645
1464,45.645
1465,45.645
1466,45.645
1467,45.645
1470,45.645
1470,45.645
1470,45.645
1471,45.645
1472,45.645
1473,45.645
1474,45.645
1475,45.645
1476,45.645
1477,45.645
1478,45.645
1479,45.645
1480,45.645
1481,45.645
1482,45.645
1483,45.645
1484,45.645
1485,45.645
1486,45.645
1487,45.645
1488,45.645
1489,45.645
1490,45.645
1491,45.645
1492,45.645
1493,45.645
1494,45.645
1495,45.645
1496,45.645
1497,45.645
1498,45.645
1499,45.645
1500,45.645
1501,45.645
1502,45.645
1503,45.645
1504,45.645
1505,45.645
1506,45.645
1507,45.645
1508,45.645
1509,45.645
1510,45.645
1511,45.645
1512,45.645
1513,45.645
1514,45.645
1515,45.645
1516,45.645
1517,45.645
1518,45.645
1519,45.645
1520,45.645
1521,45.645
1522,45.645
1523,45.645
1524,45.645
1525,45.645
1526,45.645
1527,45.645
1528,45.645
1529,45.645
1530,45.645
1531,45.645
1532,45.645
1533,45.645
1534,45.645
1535,45.645
1536,45.645
1537,45.645
1538,45.645
1539,45.645
1540,45.645
1541,45.645
1542,45.645
1543,45.645
1544,45.645
1545,45.645
1546,45.645
1547,45.645
1548,45.645
1549,45.645
1550,45.645
1551,45.645
1552,45.645
1553,45.645
1554,45.645
1555,45.645
1556,45.645
1557,45.645
1558,45.645
1559,45.645
1560,45.645
1561,45.645
1562,45.645
1563,45.645
1564,45.645
1565,45.645
1566,45.645
1567,45.645
1568,45.645
1569,45.645
1570,45.645
1571,45.645
1572,45.645
1573,45.645
1574,45.645
1575,45.645
1576,45.645
1577,45.645
1578,45.645
1579,45.645
1580,45.645
1581,45.645
1582,45.645
1583,45.645
1584,45.645
1585,45.645
1586,45.645
1587,45.645
1588,45.645
1589,45.645
1590,45.645
1591,45.645
1592,45.645
1593,45.645
1594,45.645
1595,45.645
1596,45.645
1597,45.645
1598,45.645
1599,45.645
1600,45.645
1601,45.645
1602,45.645
1603,45.645
1604,45.645
1605,45.645
1606,45.645
1607,45.645
1608,45.645
1609,45.645
1610,45.645
1611,45.645
1612,45.645
1613,45.645
1614,45.645
1615,45.645
1616,45.645
1617,45.645
1618,45.645
1619,45.645
1620,45.645
1621,45.645
1622,45.645
1623,45.645
1624,45.645
1625,45.645
1626,45.645
1627,45.645
1628,45.645
1629,45.645
1630,45.645
1631,45.645
1632,45.645
1633,45.645
1634,45.645
1635,45.645
1636,45.645
1637,45.645
1638,45.645
1639,45.645
1640,45.645
1641,45.645
1642,45.645
1643,45.645
1644,45.645
1645,45.645
1646,45.645
1647,45.645
1648,45.645
1649,45.645
1650,45.645
1651,45.645
1652,45.645
1653,45.645
1654,45.645
1655,45.645
1656,45.645
1657,45.645
1658,45.645
1659,45.645
1660,45.645
1661,45.645
1662,45.645
1663,45.645
1664,45.645
1665,45.645
1666,45.645
1667,45.645
1668,45.645
1669,45.645
1670,45.645
1671,45.645
1672,45.645
1673,45.645
1674,45.645
1675,45.645
1676,45.645
1677,45.645
1678,45.645
1679,45.645
1680,45.645
1681,45.645
1682,45.645
1683,45.645
1684,45.645
1685,45.645
1686,45.645
1687,45.645
1688,45.645
1689,45.645
1690,45.645
1691,45.645
1692,45.645
1693,45.645
1694,45.645
1695,45.645
1696,45.645
1697,45.645
1698,45.645
1699,45.645
1700,45.645
1701,45.645
1702,45.645
1703,45.645
1704,45.645
1705,45.645
1706,45.645
1707,45.645
1708,45.645
1709,45.645
1710,45.645
1711,45.645
1712,45.645
1713,45.645
1714,45.645
1715,45.645
1716,45.645
1717,45.645
1718,45.645
1719,45.645
1720,45.645
1721,45.645
1722,45.645
1723,45.645
1724,45.645
1725,45.645
1726,45.645
1727,45.645
1728,45.645
1729,45.645
1730,45.645
1731,45.645
1732,45.645
1733,45.645
1734,45.645
1735,45.645
1736,45.645
1737,45.645
1738,45.645
1739,45.645
1740,45.645
1741,45.645
1742,45.645
1743,45.645
1744,45.645
1745,45.645
1746,45.645
1747,45.645
1748,45.645
1749,45.645
1750,45.645
1751,45.645
1752,45.645
1753,45.645
1754,45.645
1755,45.645
1756,45.645
1757,45.645
1758,45.645
1759,45.645
1760,45.645
1761,45.645
1762,45.645
1763,45.645
1764,45.645
1765,45.645
1766,45.645
1767,45.645
1768,45.645
1769,45.645
1770,45.645
1771,45.645
1772,45.645
1773,45.645
1774,45.645
1775,45.645
1776,45.645
1777,45.645
1778,45.645
1779,45.645
1780,45.645
1781,45.645
1782,45.645
1783,45.645
1784,45.645
1785,45.645
1786,45.645
1787,45.645
1788,45.645
1789,45.645
1790,45.645
1791,45.645
1792,45.645
1793,45.645
1794,45.645
1795,45.645
1796,45.645
1797,45.645
1798,45.645
1799,45.645
1800,45.645
1801,45.645
1802,45.645
1803,45.645
1804,45.645
1805,45.645
1806,45.645
1807,45.645
1808,45.645
1809,45.645
1810,45.645
1811,45.645
1812,45.645
1813,45.645
1814,45.645
1815,45.645
1816,45.645
1817,45.645
1818,45.645
1819,45.645
1820,45.645
1821,45.645
1822,45.645
1823,45.645
1824,45.645
1825,45.645
1826,45.645
1827,45.645
1828,45.645
1829,45.645
1830,45.645
1831,45.645
1832,45.645
1833,45.645
1834,45.645
1835,45.645
1836,45.645
1837,45.645
1838,45.645
1839,45.645
1840,45.645
1841,45.645
1842,45.645
1843,45.645
1844,45.645
1845,45.645
1846,45.645
1847,45.645
1848,45.645
1849,45.645
1850,45.645
1851,45.645
1852,45.645
1853,45.645
1854,45.645
1855,45.645
1856,45.645
1857,45.645
1858,45.645
1859,45.645
1860,45.645
1861,45.645
1862,45.645
1863,45.645
1864,45.645
1865,45.645
1866,45.645
1867,45.645
1868,45.645
1869,45.645
1870,45.645
1871,45.645
1872,45.645
1873,45.645
1874,45.645
1875,45.645
1876,45.645
1877,45.645
1878,45.645
1879,45.645
1880,45.645
1881,45.645
1882,45.645
1883,45.645
1884,45.645
1885,45.645
1886,45.645
1887,45.645
1888,45.645
1889,45.645
1890,45.645
1891,45.645
1892,45.645
1893,45.645
1894,45.645
1895,45.645
1896,45.645
1897,45.645
1898,45.645
1899,45.645
1900,45.645
1901,45.645
1902,45.645
1903,45.645
1904,45.645
1905,45.645
1906,45.645
1907,45.645
1908,45.645
1909,45.645
1910,45.645
1911,45.645
1912,45.645
1913,45.645
1914,45.645
1915,45.645
1916,45.645
1917,45.645
1918,45.645
1919,45.645
1920,45.645
1921,45.645
1922,45.645
1923,45.645
1924,45.645
1925,45.645
1926,45.645
1927,45.645
1928,45.645
1929,45.645
1930,45.645
1931,45.645
1932,45.645
1933,45.645
1934,45.645
1935,45.645
1936,45.645
1937,45.645
1938,45.645
1939,45.645
1940,45.645
1941,45.645
1942,45.645
1943,45.645
1944,45.645
1945,45.645
1946,45.645
1947,45.645
1948,45.645
1949,45.645
1950,45.645
1951,45.645
1952,45.645
1953,45.645
1954,45.645
1955,45.645
1956,45.645
1957,45.645
1958,45.645
1959,45.645
1960,45.645
1961,45.645
1962,45.645
1963,45.645
1964,45.645
1965,45.645
1966,45.645
1967,45.645
1968,45.645
1969,45.645
1970,45.645
1971,45.645
1972,45.645
1973,45.645
1974,45.645
1975,45.645
1976,45.645
1977,45.645
1978,45.645
1979,45.645
1980,45.645
1981,45.645
1982,45.645
1983,45.645
1984,45.645
1985,45.645
1986,45.645
1987,45.645
1988,45.645
1989,45.645
1990,45.645
1991,45.645
1992,45.645
1993,45.645
1994,45.645
1995,45.645
1996,45.645
1997,45.645
1998,45.645
1999,45.645
2000,45.645
2001,45.645
2002,45.645
2003,45.645
2004,45.645
2005,45.645
2006,45.645
2007,45.645
2008,45.645
2009,45.645
2010,45.645
2011,45.645
2012,45.645
2013,45.645
2014,45.645
2015,45.645
2016,45.645
2017,45.645
2018,45.645
2019,45.645
2020,45.645
2021,45.645
2022,45.645
2023,45.645
2024,45.645
2025,45.645
2026,45.645
2027,45.645
2028,45.645
2029,45.645
2030,45.645
2031,45.645
2032,45.645
2033,45.645
2034,45.645
2035,45.645
2036,45.645
2037,45.645
2038,45.645
2039,45.645
2040,45.645
2041,45.645
2042,45.645
2043,45.645
2044,45.645
2045,45.645
2046,45.645
2047,45.645
2048,45.645
2049,45.645
2050,45.645
2051,45.645
2052,45.645
2053,45.645
2054,45.645
2055,45.645
2056,45.645
2057,45.645
2058,45.645
2059,45.645
2060,45.645
2061,45.645
2062,45.645
2063,45.645
2064,45.645
2065,45.645
2066,45.645
2067,45.645
2068,45.645
2069,45.645
2070,45.645
2071,45.645
2072,45.645
2073,45.645
2074,45.645
2075,45.645
2076,45.645
2077,45.645
2078,45.645
2079,45.645
2080,45.645
2081,45.645
2082,45.645
2083,45.645
2084,45.645
2085,45.645
2086,45.645
2087,45.645
2088,45.645
2089,45.645
2090,45.645
2091,45.645
2092,45.645
2093,45.645
2094,45.645
2095,45.645
2096,45.645
2097,45.645
2098,45.645
2099,45.645
2100,45.645
2101,45.645
2102,45.645
2103,45.645
2104,45.645
2105,45.645
2106,45.645
2107,45.645
2108,45.645
2109,45.645
2110,45.645
2111,45.645
2112,45.645
2113,45.645
2114,45.645
2115,45.645
2116,45.645
2117,45.645
2118,45.645
2119,45.645
2120,45.645
2121,45.645
2122,45.645
2123,45.645
2124,45.645
2125,45.645
2126,45.645
2127,45.645
2128,45.645
2129,45.645
2130,45.645
2131,45.645
2132,45.645
2133,45.645
2134,45.645
2135,45.645
2136,45.645
2137,45.645
2138,45.645
2139,45.645
2140,45.645
2141,45.645
2142,45.645
2143,45.645
2144,45.645
2145,45.645
2146,45.645
2147,45.645
2148,45.645
2149,45.645
2150,45.645
2151,45.645
2152,45.645
2153,45.645
2154,45.645
2155,45.645
2156,45.645
2157,45.645
2158,45.645
2159,45.645
2160,45.645
2161,45.645
2162,45.645
2163,45.645
2164,45.645
2165,45.645
2166,45.645
2167,45.645
2168,45.645
2169,45.645
2170,45.645
2171,45.645
2172,45.645
2173,45.645
2174,45.645
2175,45.645
2176,45.645
2177,45.645
2178,45.645
2179,45.645
2180,45.645
2181,45.645
2182,45.645
2183,45.645
2184,45.645
2185,45.645
2186,45.645
2187,45.645
2188,45.645
2189,45.645
2190,45.645
2191,45.645
2192,45.645
2193,45.645
2194,45.645
2195,45.645
2196,45.645
2197,45.645
2198,45.645
2199,45.645
2200,45.645
2201,45.645
2202,45.645
2203,45.645
2204,45.645
2205,45.645
2206,45.645
2207,45.645
2208,45.645
2209,45.645
2210,45.645
2211,45.645
2212,45.645
2213,45.645
2214,45.645
2215,45.645
2216,45.645
2217,45.645
2218,45.645
2219,45.645
2220,45.645
2221,45.645
2222,45.645
2223,45.645
2224,45.645
2225,45.645
2226,45.645
2227,45.645
2228,45.645
2229,45.645
2230,45.645
2231,45.645
2232,45.645
2233,45.645
2234,45.645
2235,45.645
2236,45.645
2237,45.645
2238,45.645
2239,45.645
2240,45.645
2241,45.645
2242,45.645
2243,45.645
2244,45.645
2245,45.645
2246,45.645
2247,45.645
2248,45.645
2249,45.645
2250,45.645
2251,45.645
2252,45.645
2253,45.645
2254,45.645
2255,45.645
2256,45.645
2257,45.645
2258,45.645
2259,45.645
2260,45.645
2261,45.645
2262,45.645
2263,45.645
2264,45.645
2265,45.645
2266,45.645
2267,45.645
2268,45.645
2269,45.645
2270,45.645
2271,45.645
2272,45.645
2273,45.645
2274,45.645
2275,45.645
2276,45.645
2277,45.645
2278,45.645
2279,45.645
2280,45.645
2281,45.645
2282,45.645
2283,45.645
2284,45.645
2285,45.645
2286,45.645
2287,45.645
2288,45.645
2289,45.645
2290,45.645
2291,45.645
2292,45.645
2293,45.645
2294,45.645
2295,45.645
2296,45.645
2297,45.645
2298,45.645
2299,45.645
2300,45.645
2301,45.645
2302,45.645
2303,45.645
2304,45.645
2305,45.645
2306,45.645
2307,45.645
2308,45.645
2309,45.645
2310,45.645
2311,45.645
2312,45.645
2313,45.645
2314,45.645
2315,45.645
2316,45.645
2317,45.645
2318,45.645
2319,45.645
2320,45.645
2321,45.645
2322,45.645
2323,45.645
2324,45.645
2325,45.645
2326,45.645
2327,45.645
2328,45.645
2329,45.645
2330,45.645
2331,45.645
2332,45.645
2333,45.645
2334,45.645
2335,45.645
2336,45.645
2337,45.645
2338,45.645
2339,45.645
2340,45.645
2341,45.645
2342,45.645
2343,45.645
2344,45.645
2345,45.645
2346,45.645
2347,45.645
2348,45.645
2349,45.645
2350,45.645
2351,45.645
2352,45.645
2353,45.645
2354,45.645
2355,45.645
2356,45.645
2357,45.645
2358,45.645
2359,45.645
2360,45.645
2361,45.645
2362,45.645
2363,45.645
2364,45.645
2365,45.645
2366,45.645
2367,45.645
2368,45.645
2369,45.645
2370,45.645
2371,45.645
2372,45.645
2373,45.645
2374,45.645
2375,45.645
2376,45.645
2377,45.645
2378,45.645
2379,45.645
2380,45.645
2381,45.645
2382,45.645
2383,45.645
2384,45.645
2385,45.645
2386,45.645
2387,45.645
2388,45.645
2389,45.645
2390,45.645
2391,45.645
2392,45.645
2393,45.645
2394,45.645
2395,45.645
2396,45.645
2397,45.645
2398,45.645
2399,45.645
2400,45.645
2401,45.645
2402,45.645
2403,45.645
2404,45.645
2405,45.645
2406,45.645
2407,45.645
2408,45.645
2409,45.645
2410,45.645
2411,45.645
2412,45.645
2413,45.645
2414,45.645
2415,45.645
2416,45.645
2417,45.645
2418,45.645
2419,45.645
2420,45.645
2421,45.645
2422,45.645
2423,45.645
2424,45.645
2425,45.645
2426,45.645
2427,45.645
2428,45.645
2429,45.645
2430,45.645
2431,45.645
2432,45.645
2433,45.645
2434,45.645
2435,45.645
2436,45.645
2437,45.645
2438,45.645
2439,45.645
2440,45.645
2441,45.645
2442,45.645
2443,45.645
2444,45.645
2445,45.645
2446,45.645
2447,45.645
2448,45.645
2449,45.645
2450,45.645
2451,45.645
2452,45.645
2453,45.645
2454,45.645
2455,45.645
2456,45.645
2457,45.645
2458,45.645
2459,45.645
2460,45.645
2461,45.645
2462,45.645
2463,45.645
2464,45.645
2465,45.645
2466,45.645
2467,45.645
2468,45.645
2469,45.645
2470,45.645
2471,45.645
2472,45.645
2473,45.645
2474,45.645
2475,45.645
2476,45.645
2477,45.645
2478,45.645
2479,45.645
2480,45.645
2481,45.645
2482,45.645
2483,45.645
2484,45.645
2485,45.645
2486,45.645
2487,45.645
2488,45.645
2489,45.645
2490,45.645
2491,45.645
2492,45.645
2493,45.645
2494,45.645
2495,45.645
2496,45.645
2497,45.645
2498,45.645
2499,45.645
2500,45.645
2501,45.645
2502,45.645
2503,45.645
2504,45.645
2505,45.645
2506,45.645
2507,45.645
2508,45.645
2509,45.645
2510,45.645
2511,45.645
2512,45.645
2513,45.645
2514,45.645
2515,45.645
2516,45.645
2517,45.645
2518,45.645
2519,45.645
2520,45.645
2521,45.645
2522,45.645
2523,45.645
2524,45.645
2525,45.318
2526,45.318
2527,45.318
2528,45.318
2529,45.318
2530,45.318
2531,45.318
2532,45.318
2533,45.318
2534,45.318
2535,45.318
2536,45.318
2537,45.318
2538,45.318
2539,45.318
2540,45.318
2541,45.318
2542,45.318
2543,45.318
2544,45.318
2545,45.318
2546,45.318
2547,45.318
2548,45.318
2549,45.318
2550,45.318
2551,45.318
2552,45.318
2553,45.318
2554,45.318
2555,45.318
2556,45.318
2557,45.318
2558,45.318
2559,45.318
2560,45.318
2561,45.318
2562,45.318
2563,45.318
2564,45.318
2565,45.318
2566,45.318
2567,45.318
2568,45.318
2569,45.318
2570,45.318
2571,45.318
2572,45.318
2573,45.318
2574,45.318
2575,45.318
2576,45.318
2577,45.318
2578,45.318
2579,45.318
2580,45.318
2581,45.318
2582,45.318
2583,45.318
2584,45.318
2585,45.318
2586,45.318
2587,45.318
2588,45.318
2589,45.318
2590,45.318
2591,45.318
2592,45.318
2593,45.318
2594,45.318
2595,45.318
2596,45.318
2597,45.318
2598,45.318
2599,45.318
2600,45.318
2601,45.318
2602,45.318
2603,45.318
2604,45.318
2605,45.318
2606,45.318
2607,45.318
2608,45.318
2609,45.318
2610,45.318
2611,45.318
2612,45.318
2613,45.318
2614,45.318
2615,45.318
2616,45.318
2617,45.318
2618,45.318
2619,45.318
2620,45.318
2621,45.318
2622,45.318
2623,45.318
2624,45.318
2625,45.318
2626,45.318
2627,45.318
2628,45.318
2629,45.318
2630,45.318
2631,45.318
2632,45.318
2633,45.318
2634,45.318
2635,45.318
2636,45.318
2637,45.318
2638,45.318
2639,45.318
2640,45.318
2641,45.318
2642,45.318
2643,45.318
2644,45.318
2645,45.318
2646,45.318
2647,45.318
2648,45.318
2649,45.318
2650,45.318
2651,45.318
2652,45.318
2653,45.318
2654,45.318
2655,45.318
2656,45.318
2657,45.318
2658,45.318
2659,45.318
2660,45.318
2661,45.318
2662,45.318
2663,45.318
2664,45.318
2665,45.318
2666,45.318
2667,45.318
2668,45.318
2669,45.318
2670,45.318
2671,45.318
2672,45.318
2673,45.318
2674,45.318
2675,45.318
2676,45.318
2677,45.318
2678,45.318
2679,45.318
2680,45.318
2681,45.318
2682,45.318
2683,45.318
2684,45.318
2685,45.318
2686,45.318
2687,45.318
2688,45.318
2689,45.318
2690,45.318
2691,45.318
2692,45.318
2693,45.318
2694,45.318
2695,45.318
2696,45.318
2697,45.318
2698,45.318
2699,45.318
2700,45.318
2701,45.318
2702,45.318
2703,45.318
2704,45.318
2705,45.318
2706,45.318
2707,45.318
2708,45.318
2709,45.318
2710,45.318
2711,45.318
2712,45.318
2713,45.318
2714,45.318
2715,45.318
2716,45.318
2717,45.318
2718,45.318
2719,45.318
2720,45.318
2721,45.318
2722,45.318
2723,45.318
2724,45.318
2725,45.318
2726,45.318
2727,45.318
2728,45.318
2729,45.318
2730,45.318
2731,45.318
2732,45.318
2733,45.318
2734,45.318
2735,45.318
2736,45.318
2737,45.318
2738,45.318
2739,45.318
2740,45.318
2741,45.318
2742,45.318
2743,45.318
2744,45.318
2745,45.318
2746,45.318
2747,45.318
2748,45.318
2749,45.318
2750,45.318
2751,45.318
2752,45.318
2753,45.318
2754,45.318
2755,45.318
2756,45.318
2757,45.318
2758,45.318
2759,45.318
2760,45.318
2761,45.318
2762,45.318
2763,45.318
2764,45.318
2765,45.318
2766,45.318
2767,45.318
2768,45.318
2769,45.318
2770,45.318
2771,45.318
2772,45.318
2773,45.318
2774,45.318
2775,45.318
2776,45.318
2777,45.318
2778,45.318
2779,45.318
2780,45.318
2781,45.318
2782,45.318
2783,45.318
2784,45.318
2785,45.318
2786,45.318
2787,45.318
2788,45.318
2789,45.318
2790,45.318
2791,45.318
2792,45.318
2793,45.318
2794,45.318
2795,45.318
2796,45.318
2797,45.318
2798,45.318
2799,45.318
2800,45.318
2801,45.318
2802,45.318
2803,45.318
2804,45.318
2805,45.318
2806,45.318
2807,45.318
2808,45.318
2809,45.318
2810,45.318
2811,45.318
2812,45.318
2813,45.318
2814,45.318
2815,45.318
2816,45.318
2817,45.318
2818,45.318
2819,45.318
2820,45.318
2821,45.318
2822,45.318
2823,45.318
2824,45.318
2825,45.318
2826,45.318
2827,45.318
2828,45.318
2829,45.318
2830,45.318
2831,45.318
2832,45.318
2833,45.318
2834,45.318
2835,45.318
2836,45.318
2837,45.318
2838,45.318
2839,45.318
2840,45.318
2841,45.318
2842,45.318
2843,45.318
2844,45.318
2845,45.318
2846,45.318
2847,45.318
2848,45.318
2849,45.318
2850,45.318
2851,45.318
2852,45.318
2853,45.318
2854,45.318
2855,45.318
2856,45.318
2857,45.318
2858,45.318
2859,45.318
2860,45.318
2861,45.318
2862,45.318
2863,45.318
2864,45.318
2865,45.318
2866,45.318
2867,45.318
2868,45.318
2869,45.318
2870,45.318
2871,45.318
2872,45.318
2873,45.318
2874,45.318
2875,45.318
2876,45.318
2877,45.318
2878,45.318
2879,45.318
2880,45.318
2881,45.318
2882,45.318
2883,45.318
2884,45.318
2885,45.318
2886,45.318
2887,45.318
2888,45.318
2889,45.318
2890,45.318
2891,45.318
2892,45.318
2893,45.318
2894,45.318
2895,45.318
2896,45.318
2897,45.318
2898,45.318
2899,45.318
2900,45.318
2901,45.318
2902,45.318
2903,45.318
2904,45.318
2905,45.318
2906,45.318
2907,45.318
2908,45.318
2909,45.318
2910,45.318
2911,45.318
2912,45.318
2913,45.318
2914,45.318
2915,45.318
2916,45.318
2917,45.318
2918,45.318
2919,45.318
2920,45.318
2921,45.318
2922,45.318
2923,45.318
2924,45.318
2925,45.318
2926,45.318
2927,45.318
2928,45.318
2929,45.318
2930,45.318
2931,45.318
2932,45.318
2933,45.318
2934,45.318
2935,45.318
2936,45.318
2937,45.318
2938,45.318
2939,45.318
2940,45.318
2941,45.318
2942,45.318
2943,45.318
2944,45.318
2945,45.318
2946,45.318
2947,45.318
2948,45.318
2949,45.318
2950,45.318
2951,45.318
2952,45.318
2953,45.318
2954,45.318
2955,45.318
2956,45.318
2957,45.318
2958,45.318
2959,45.318
2960,45.318
2961,45.318
2962,45.318
2963,45.318
2964,45.318
2965,45.318
2966,45.318
2967,45.318
2968,45.318
2969,45.318
2970,45.318
2971,45.318
2972,45.318
2973,45.318
2974,45.318
2975,45.318
2976,45.318
2977,45.318
2978,45.318
2979,45.318
2980,45.318
2981,45.318
2982,45.318
2983,45.318
2984,45.318
2985,45.318
2986,45.318
2987,45.318
2988,45.318
2989,45.318
2990,45.318
2991,45.318
2992,45.318
2993,45.318
2994,45.318
2995,45.318
2996,45.318
2997,45.318
2998,45.318
2999,45.318
3000,45.318
3001,45.318
3002,45.318
3003,45.318
3004,45.318
3005,45.318
3006,45.318
3007,45.318
3008,45.318
3009,45.318
3010,45.318
3011,45.318
3012,45.318
3013,45.318
3014,45.318
3015,45.318
3016,45.318
3017,45.318
3018,45.318
3019,45.318
3020,45.318
3021,45.318
3022,45.318
3023,45.318
3024,45.318
3025,45.318
3026,45.318
3027,45.318
3028,45.318
3029,45.318
3030,45.318
3031,45.318
3032,45.318
3033,45.318
3034,45.318
3035,45.318
3036,45.318
3037,45.318
3038,45.318
3039,45.318
3040,45.318
3041,45.318
3042,45.318
3043,45.318
3044,45.318
3045,45.318
3046,45.318
3047,45.318
3048,45.318
3049,45.318
3050,45.318
3051,45.318
3052,45.318
3053,45.318
3054,45.318
3055,45.318
3056,45.318
3057,45.318
3058,45.318
3059,45.318
3060,45.318
3061,45.318
3062,45.318
3063,45.318
3064,45.318
3065,45.318
3066,45.318
3067,45.318
3068,45.318
3069,45.318
3070,45.318
3071,45.318
3072,45.318
3073,45.318
3074,45.318
3075,45.318
3076,45.318
3077,45.318
3078,45.318
3079,45.318
3080,45.318
3081,45.318
3082,45.318
3083,45.318
3084,45.318
3085,45.318
3086,45.318
3087,45.318
3088,45.318
3089,45.318
3090,45.318
3091,45.318
3092,45.318
3093,45.318
3094,45.318
3095,45.318
3096,45.318
3097,45.318
3098,45.318
3099,45.318
3100,45.318
3101,45.318
3102,45.318
3103,45.318
3104,45.318
3105,45.318
3106,45.318
3107,45.318
3108,45.318
3109,45.318
3110,45.318
3111,45.318
3112,45.318
3113,45.318
3114,45.318
3115,45.318
3116,45.318
3117,45.318
3118,45.318
3119,45.318
3120,45.318
3121,45.318
3122,45.318
3123,45.318
3124,45.318
3125,45.318
3126,45.318
3127,45.318
3128,45.318
3129,45.318
3130,45.318
3131,45.318
3132,45.318
3133,45.318
3134,45.318
3135,45.318
3136,45.318
3137,45.318
3138,45.318
3139,45.318
3140,45.318
3141,45.318
3142,45.318
3143,45.318
3144,45.318
3145,45.318
3146,45.318
3147,45.318
3148,45.318
3149,45.318
3150,45.318
3151,45.318
3152,45.318
3153,45.318
3154,45.318
3155,45.318
3156,45.318
3157,45.318
3158,45.318
3159,45.318
3160,45.318
3161,45.318
3162,45.318
3163,45.318
3164,45.318
3165,45.318
3166,45.318
3167,45.318
3168,45.318
3169,45.318
3170,45.318
3171,45.318
3172,45.318
3173,45.318
3174,45.318
3175,45.318
3176,45.318
3177,45.318
3178,45.318
3179,45.318
3180,45.318
3181,45.318
3182,45.318
3183,45.318
3184,45.318
3185,45.318
3186,45.318
3187,45.318
3188,45.318
3189,45.318
3190,45.318
3191,45.318
3192,45.318
3193,45.318
3194,45.318
3195,45.318
3196,45.318
3197,45.318
3198,45.318
3199,45.318
3200,45.318
3201,45.318
3202,45.318
3203,45.318
3204,45.318
3205,45.318
3206,45.318
3207,45.318
3208,45.318
3209,45.318
3210,45.318
3211,45.318
3212,45.318
3213,45.318
3214,45.318
3215,45.318
3216,45.318
3217,45.318
3218,45.318
3219,45.318
3220,45.318
3221,45.318
3222,45.318
3223,45.318
3224,45.318
3225,45.318
3226,45.318
3227,45.318
3228,45.318
3229,45.318
3230,45.318
3231,45.318
3232,45.318
3233,45.318
3234,45.318
3235,45.318
3236,45.318
3237,45.318
3238,45.318
3239,45.318
3240,45.318
3241,45.318
3242,45.318
3243,45.318
3244,45.318
3245,45.318
3246,45.318
3247,45.318
3248,45.318
3249,45.318
3250,45.318
3251,45.318
3252,45.318
3253,45.318
3254,45.318
3255,45.318
3256,45.318
3257,45.318
3258,45.318
3259,45.318
3260,45.318
3261,45.318
3262,45.318
3263,45.318
3264,45.318
3265,45.318
3266,45.318
3267,45.318
3268,45.318
3269,45.318
3270,45.318
3271,45.318
3272,45.318
3273,45.318
3274,45.318
3275,45.318
3276,45.318
3277,45.318
3278,45.318
3279,45.318
3280,45.318
3281,45.318
3282,45.318
3283,45.318
3284,45.318
3285,45.318
3286,45.318
3287,45.318
3288,45.318
3289,45.318
3290,45.318
3291,45.318
3292,45.318
3293,45.318
3294,45.318
3295,45.318
3296,45.318
3297,45.318
3298,45.318
3299,45.318
3300,45.318
3301,45.318
3302,45.318
3303,45.318
3304,45.318
3305,45.318
3306,45.318
3307,45.318
3308,45.318
3309,45.318
3310,45.318
3311,45.318
3312,45.318
3313,45.318
3314,45.318
3315,45.318
3316,45.318
3317,45.318
3318,45.318
3319,45.318
3320,45.318
3321,45.318
3322,45.318
3323,45.318
3324,45.318
3325,45.318
3326,45.318
3327,45.318
3328,45.318
3329,45.318
3330,45.318
3331,45.318
3332,45.318
3333,45.318
3334,45.318
3335,45.318
3336,45.318
3337,45.318
3338,45.318
3339,45.318
3340,45.318
3341,45.318
3342,45.318
3343,45.318
3344,45.318
3345,45.318
3346,45.318
3347,45.318
3348,45.318
3349,45.318
3350,45.318
3351,45.318
3352,45.318
3353,45.318
3354,45.318
3355,45.318
3356,45.318
3357,45.318
3358,45.318
3359,45.318
3360,45.318
3361,45.318
3362,45.318
3363,45.318
3364,45.318
3365,45.318
3366,45.318
3367,45.318
3368,45.318
3369,45.318
3370,45.318
3371,45.318
3372,45.318
3373,45.318
3374,45.318
3375,45.318
3376,45.318
3377,45.318
3378,45.318
3379,45.318
3380,45.318
3381,45.318
3382,45.318
3383,45.318
3384,45.318
3385,45.318
3386,45.318
3387,45.318
3388,45.318
3389,45.318
3390,45.318
3391,45.318
3392,45.318
3393,45.318
3394,45.318
3395,45.318
3396,45.318
3397,45.318
3398,45.318
3399,45.318
3400,45.318
3401,45.318
3402,45.318
3403,45.318
3404,45.318
3405,45.318
3406,45.318
3407,45.318
3408,45.318
3409,45.318
3410,45.318
3411,45.318
3412,45.318
3413,45.318
3414,45.318
3415,45.318
3416,45.318
3417,45.318
3418,45.318
3419,45.318
3420,45.318
3421,45.318
3422,45.318
3423,45.318
3424,45.318
3425,45.318
3426,45.318
3427,45.318
3428,45.318
3429,45.318
3430,45.318
3431,45.318
3432,45.318
3433,45.318
3434,45.318
3435,45.318
3436,45.318
3437,45.318
3438,45.318
3439,45.318
3440,45.318
3441,45.318
3442,45.318
3443,45.318
3444,45.318
3445,45.318
3446,45.318
3447,45.318
3448,45.318
3449,45.318
3450,45.318
3451,45.318
3452,45.318
3453,45.318
3454,45.318
3455,45.318
3456,45.318
3457,45.318
3458,45.318
3459,45.318
3460,45.318
3461,45.318
3462,45.318
3463,45.318
3464,45.318
3465,45.318
3466,45.318
3467,45.318
3468,45.318
3469,45.318
3470,45.318
3471,45.318
3472,45.318
3473,45.318
3474,45.318
3475,45.318
3476,45.318
3477,45.318
3478,45.318
3479,45.318
3480,45.318
3481,45.318
3482,45.318
3483,45.318
3484,45.318
3485,45.318
3486,45.318
3487,45.318
3488,45.318
3489,45.318
3490,45.318
3491,45.318
3492,45.318
3493,45.318
3494,45.318
3495,45.318
3496,45.318
3497,45.318
3498,45.318
3499,45.318
3500,45.318
3501,45.318
3502,45.318
3503,45.318
3504,45.318
3505,45.318
3506,45.318
3507,45.318
3508,45.318
3509,45.318
3510,45.318
3511,45.318
3512,45.318
3513,45.318
3514,45.318
3515,45.318
3516,45.318
3517,45.318
3518,45.318
3519,45.318
3520,45.318
3521,45.318
3522,45.318
3523,45.318
3524,45.318
3525,45.318
3526,45.272
3527,45.272
3528,45.272
3529,45.272
3530,45.272
3531,45.272
3532,45.272
3533,45.272
3534,45.272
3535,45.272
3536,45.272
3537,45.272
3538,45.272
3539,45.272
3540,45.272
3541,45.272
3542,45.272
3543,45.272
3544,45.272
3545,45.272
3546,45.272
3547,45.272
3548,45.272
3549,45.272
3550,45.272
3551,45.272
3552,45.272
3553,45.272
3554,45.272
3555,45.272
3556,45.272
3557,45.272
3558,45.272
3559,45.272
3560,45.272
3561,45.272
3562,45.272
3563,45.272
3564,45.272
3565,45.272
3566,45.272
3567,45.272
3568,45.272
3569,45.272
3570,45.272
3571,45.272
3572,45.272
3573,45.272
3574,45.272
3575,45.272
3576,45.272
3577,45.272
3578,45.272
3579,45.272
3580,45.272
3581,45.272
3582,45.272
3583,45.272
3584,45.272
3585,45.272
3586,45.272
3587,45.272
3588,45.272
3589,45.272
3590,45.272
3591,45.272
3592,45.272
3593,45.272
3594,45.272
3595,45.272
3596,45.272
3597,45.272
3598,45.272
3599,45.272
3600,45.272
3601,45.272
3602,45.272
3603,45.272
3604,45.272
3605,45.272
3606,45.272
3607,45.272
3608,45.272
3609,45.272
3610,45.272
3611,45.272
3612,45.272
3613,45.272
3614,45.272
3615,45.272
3616,45.272
3617,45.272
3618,45.272
3619,45.272
3620,45.272
3621,45.272
3622,45.272
3623,45.272
3624,45.272
3625,45.272
3626,45.318
3627,45.318
3628,45.318
3629,45.318
3630,45.318
3631,45.318
3632,45.318
3633,45.318
3634,45.318
3635,45.318
3636,45.318
3637,45.318
3638,45.318
3639,45.318
3640,45.318
3641,45.318
3642,45.318
3643,45.318
3644,45.318
3645,45.318
3646,45.318
3647,45.318
3648,45.318
3649,45.318
3650,45.318
3651,45.318
3652,45.318
3653,45.318
3654,45.318
3655,45.318
3656,45.318
3657,45.318
3658,45.318
3659,45.318
3660,45.318
3661,45.318
3662,45.318
3663,45.318
3664,45.318
3665,45.318
3666,45.318
3667,45.318
3668,45.318
3669,45.318
3670,45.318
3671,45.318
3672,45.318
3673,45.318
3674,45.318
3675,45.318
3676,45.318
3677,45.318
3678,45.318
3679,45.318
3680,45.318
3681,45.318
3682,45.318
3683,45.318
3684,45.318
3685,45.318
3686,45.318
3687,45.318
3688,45.318
3689,45.318
3690,45.318
3691,45.318
3692,45.318
3693,45.318
3694,45.318
3695,45.318
3696,45.318
3697,45.318
3698,45.318
3699,45.318
3700,45.318
3701,45.318
3702,45.318
3703,45.318
3704,45.318
3705,45.318
3706,45.318
3707,45.318
3708,45.318
3709,45.318
3710,45.318
3711,45.318
3712,45.318
3713,45.318
3714,45.318
3715,45.318
3716,45.318
3717,45.318
3718,45.318
3719,45.318
3720,45.318
3721,45.318
3722,45.318
3723,45.318
3724,45.318
3725,45.318
3726,45.318
3727,45.272
3728,45.272
3729,45.272
3730,45.272
3731,45.272
3732,45.272
3733,45.272
3734,45.272
3735,45.272
3736,45.272
3737,45.272
3738,45.272
3739,45.272
3740,45.272
3741,45.272
3742,45.272
3743,45.272
3744,45.272
3745,45.272
3746,45.272
3747,45.272
3748,45.272
3749,45.272
3750,45.272
3751,45.272
3752,45.272
3753,45.272
3754,45.272
3755,45.272
3756,45.272
3757,45.272
3758,45.272
3759,45.272
3760,45.272
3761,45.272
3762,45.272
3763,45.272
3764,45.272
3765,45.272
3766,45.272
3767,45.272
3768,45.272
3769,45.272
3770,45.272
3771,45.272
3772,45.272
3773,45.272
3774,45.272
3775,45.272
3776,45.272
3777,45.272
3778,45.272
3779,45.272
3780,45.272
3781,45.272
3782,45.272
3783,45.272
3784,45.272
3785,45.272
3786,45.272
3787,45.272
3788,45.272
3789,45.272
3790,45.272
3791,45.272
3792,45.272
3793,45.272
3794,45.272
3795,45.272
3796,45.272
3797,45.272
3798,45.272
3799,45.272
3800,45.272
3801,45.272
3802,45.272
3803,45.272
3804,45.272
3805,45.272
3806,45.272
3807,45.272
3808,45.272
3809,45.272
3810,45.272
3811,45.272
3812,45.272
3813,45.272
3814,45.272
3815,45.272
3816,45.272
3817,45.272
3818,45.272
3819,45.272
3820,45.272
3821,45.272
3822,45.272
3823,45.272
3824,45.272
3825,45.272
3826,45.272
3827,45.272
3828,45.272
3829,45.272
3830,45.272
3831,45.272
3832,45.598
3833,45.598
3834,45.598
3835,45.598
3836,45.598
3837,45.598
3838,45.598
3839,45.598
3840,45.598
3841,45.598
3842,45.598
3843,45.598
3844,45.598
3845,45.598
3846,45.598
3847,45.598
3848,45.598
3849,45.598
3850,45.598
3851,45.598
3852,45.598
3853,45.598
3854,45.598
3855,45.598
3856,45.598
3857,45.598
3858,45.598
3859,45.598
3860,45.598
3861,45.598
3862,45.598
3863,45.598
3864,45.598
3865,45.598
3866,45.598
3867,45.598
3868,45.598
3869,45.598
3870,45.598
3871,45.598
3872,45.598
3873,45.598
3874,45.598
3875,45.598
3876,45.598
3877,45.598
3878,45.598
3879,45.598
3880,45.598
3881,45.598
3882,45.598
3883,45.598
3884,45.598
3885,45.598
3886,45.598
3887,45.598
3888,45.598
3889,45.598
3890,45.598
3891,45.598
3892,45.598
3893,45.598
3894,45.598
3895,45.598
3896,45.598
3897,45.598
3898,45.598
3899,45.598
3900,45.598
3901,45.598
3902,45.598
3903,45.598
3904,45.598
3905,45.598
3906,45.598
3907,45.598
3908,45.598
3909,45.598
3910,45.598
3911,45.598
3912,45.598
3913,45.598
3914,45.598
3915,45.598
3916,45.598
3917,45.598
3918,45.598
3919,45.598
3920,45.598
3921,45.598
3922,45.598
3923,45.598
3924,45.598
3925,45.598
3926,45.598
3927,45.598
3928,45.598
3929,45.598
3930,45.598
3931,45.598
3932,45.598
3933,52.06
3934,52.06
3935,52.06
3936,52.06
3937,52.06
3938,52.06
3939,52.06
3940,52.06
3941,52.06
3942,52.06
3943,52.06
3944,52.06
3945,52.06
3946,52.06
3947,52.06
3948,52.06
3949,52.06
3950,52.06
3951,52.06
3952,52.06
3953,52.06
3954,52.06
3955,52.06
3956,52.06
3957,52.06
3958,52.06
3959,52.06
3960,52.06
3961,52.06
3962,52.06
3963,52.06
3964,52.06
3965,52.06
3966,52.06
3967,52.06
3968,52.06
3969,52.06
3970,52.06
3971,52.06
3972,52.06
3973,52.06
3974,52.06
3975,52.06
3976,52.06
3977,52.06
3978,52.06
3979,52.06
3980,52.06
3981,52.06
3982,52.06
3983,52.06
3984,52.06
3985,52.06
3986,52.06
3987,52.06
3988,52.06
3989,52.06
3990,52.06
3991,52.06
3992,52.06
3993,52.06
3994,52.06
3995,52.06
3996,52.06
3997,52.06
3998,52.06
3999,52.06
4000,52.06
4001,52.06
4002,52.06
4003,52.06
4004,52.06
4005,52.06
4006,52.06
4007,52.06
4008,52.06
4009,52.06
4010,52.06
4011,52.06
4012,52.06
4013,52.06
4014,52.06
4015,52.06
4016,52.06
4017,52.06
4018,52.06
4019,52.06
4020,52.06
4021,52.06
4022,52.06
4023,52.06
4024,52.06
4025,52.06
4026,52.06
4027,52.06
4028,52.06
4029,52.06
4030,52.06
4031,52.06
4032,52.06
4033,50.855
4034,50.855
4035,50.855
4036,50.855
4037,50.855
4038,50.855
4039,50.855
4040,50.855
4041,50.855
4042,50.855
4043,50.855
4044,50.855
4045,50.855
4046,50.855
4047,50.855
4048,50.855
4049,50.855
4050,50.855
4051,50.855
4052,50.855
4053,50.855
4054,50.855
4055,50.855
4056,50.855
4057,50.855
4058,50.855
4059,50.855
4060,50.855
4061,50.855
4062,50.855
4063,50.855
4064,50.855
4065,50.855
4066,50.855
4067,50.855
4068,50.855
4069,50.855
4070,50.855
4071,50.855
4072,50.855
4073,50.855
4074,50.855
4075,50.855
4076,50.855
4077,50.855
4078,50.855
4079,50.855
4080,50.855
4081,50.855
4082,50.855
4083,50.855
4084,50.855
4085,50.855
4086,50.855
4087,50.855
4088,50.855
4089,50.855
4090,50.855
4091,50.855
4092,50.855
4093,50.855
4094,50.855
4095,50.855
4096,50.855
4097,50.855
4098,50.855
4099,50.855
4100,50.855
4101,50.855
4102,50.855
4103,50.855
4104,50.855
4105,50.855
4106,50.855
4107,50.855
4108,50.855
4109,50.855
4110,50.855
4111,50.855
4112,50.855
4113,50.855
4114,50.855
4115,50.855
4116,50.855
4117,50.855
4118,50.855
4119,50.855
4120,50.855
4121,50.855
4122,50.855
4123,50.855
4124,50.855
4125,50.855
4126,50.855
4127,50.855
4128,50.855
4129,50.855
4130,50.855
4131,50.855
4132,50.855
4133,50.855
4138,50.855
4138,50.855
4138,50.855
4138,50.855
4138,50.855
4139,50.855
4140,50.855
4141,50.855
4142,50.855
4143,50.855
4144,50.855
4145,50.855
4146,50.855
4147,50.855
4148,50.855
4149,50.855
4150,50.855
4151,50.855
4152,50.855
4153,50.855
4154,50.855
4155,50.855
4156,50.855
4157,50.855
4158,50.855
4159,50.855
4160,50.855
4161,50.855
4162,50.855
4163,50.855
4164,50.855
4165,50.855
4166,50.855
4167,50.855
4168,50.855
4169,50.855
4170,50.855
4171,50.855
4172,50.855
4173,50.855
4174,50.855
4175,50.855
4176,50.855
4177,50.855
4178,50.855
4179,50.855
4180,50.855
4181,50.855
4182,50.855
4183,50.855
4184,50.855
4185,50.855
4186,50.855
4187,50.855
4188,50.855
4189,50.855
4190,50.855
4191,50.855
4192,50.855
4193,50.855
4194,50.855
4195,50.855
4196,50.855
4197,50.855
4198,50.855
4199,50.855
4200,50.855
4201,50.855
4202,50.855
4203,50.855
4204,50.855
4205,50.855
4206,50.855
4207,50.855
4208,50.855
4209,50.855
4210,50.855
4211,50.855
4212,50.855
4213,50.855
4214,50.855
4215,50.855
4216,50.855
4217,50.855
4218,50.855
4219,50.855
4220,50.855
4221,50.855
4222,50.855
4223,50.855
4224,50.855
4225,50.855
4226,50.855
4227,50.855
4228,50.855
4229,50.855
4230,50.855
4231,50.855
4232,50.855
4233,51.462
4234,51.462
4235,51.462
4236,51.462
4237,51.462
4238,51.462
4239,51.462
4240,51.462
4241,51.462
4242,51.462
4243,51.462
4244,51.462
4245,51.462
4246,51.462
4247,51.462
4248,51.462
4249,51.462
4250,51.462
4251,51.462
4252,51.462
4253,51.462
4254,51.462
4255,51.462
4256,51.462
4257,51.462
4258,51.462
4259,51.462
4260,51.462
4261,51.462
4262,51.462
4263,51.462
4264,51.462
4265,51.462
4266,51.462
4267,51.462
4268,51.462
4269,51.462
4270,51.462
4271,51.462
4272,51.462
4273,51.462
4274,51.462
4275,51.462
4276,51.462
4277,51.462
4278,51.462
4279,51.462
4280,51.462
4281,51.462
4282,51.462
4283,51.462
4284,51.462
4285,51.462
4286,51.462
4287,51.462
4288,51.462
4289,51.462
4290,51.462
4291,51.462
4292,51.462
4293,51.462
4294,51.462
4295,51.462
4296,51.462
4297,51.462
4298,51.462
4299,51.462
4300,51.462
4301,51.462
4302,51.462
4303,51.462
4304,51.462
4305,51.462
4306,51.462
4307,51.462
4308,51.462
4309,51.462
4310,51.462
4311,51.462
4312,51.462
4313,51.462
4314,51.462
4315,51.462
4316,51.462
4317,51.462
4318,51.462
4319,51.462
4320,51.462
4321,51.462
4322,51.462
4323,51.462
4324,51.462
4325,51.462
4326,51.462
4327,51.462
4328,51.462
4329,51.462
4330,51.462
4331,51.462
4332,51.462
4333,51.462
4334,51.462
4335,51.462
4336,51.462
4337,51.462
4338,51.462
4339,51.462
4340,51.462
4341,51.462
4342,51.462
4343,51.462
4344,51.462
4345,51.462
4346,51.462
4347,51.462
4348,51.462
4349,51.462
4350,51.462
4351,51.462
4352,51.462
4353,51.462
4354,51.462
4355,51.462
4356,51.462
4357,51.462
4358,51.462
4359,51.462
4360,51.462
4361,51.462
4362,51.462
4363,51.462
4364,51.462
4365,51.462
4366,51.462
4367,51.462
4368,51.462
4369,51.462
4370,51.462
4371,51.462
4372,51.462
4373,51.462
4374,51.462
4375,51.462
4376,51.462
4377,51.462
4378,51.462
4379,51.462
4380,51.462
4381,51.462
4382,51.462
4383,51.462
4384,51.462
4385,51.462
4386,51.462
4387,51.462
4388,51.462
4389,51.462
4390,51.462
4391,51.462
4392,51.462
4393,51.462
4394,51.462
4395,51.462
4396,51.462
4397,51.462
4398,51.462
4399,51.462
4400,51.462
4401,51.462
4402,51.462
4403,51.462
4404,51.462
4405,51.462
4406,51.462
4407,51.462
4408,51.462
4409,51.462
4410,51.462
4411,51.462
4412,51.462
4413,51.462
4414,51.462
4415,51.462
4416,51.462
4417,51.462
4418,51.462
4419,51.462
4420,51.462
4421,51.462
4422,51.462
4423,51.462
4424,51.462
4425,51.462
4426,51.462
4427,51.462
4428,51.462
4429,51.462
4430,51.462
4431,51.462
4432,51.462
4433,50.855
4434,50.855
4435,50.855
4436,50.855
4437,50.855
4438,50.855
4439,50.855
4440,50.855
4441,50.855
4442,50.855
4443,50.855
4444,50.855
4445,50.855
4446,50.855
4447,50.855
4448,50.855
4449,50.855
4450,50.855
4451,50.855
4452,50.855
4453,50.855
4454,50.855
4455,50.855
4456,50.855
4457,50.855
4458,50.855
4459,50.855
4460,50.855
4461,50.855
4462,50.855
4463,50.855
4464,50.855
4465,50.855
4466,50.855
4467,50.855
4468,50.855
4469,50.855
4470,50.855
4471,50.855
4472,50.855
4473,50.855
4474,50.855
4475,50.855
4476,50.855
4477,50.855
4478,50.855
4479,50.855
4480,50.855
4481,50.855
4482,50.855
4483,50.855
4484,50.855
4485,50.855
4486,50.855
4487,50.855
4488,50.855
4489,50.855
4490,50.855
4491,50.855
4492,50.855
4493,50.855
4494,50.855
4495,50.855
4496,50.855
4497,50.855
4498,50.855
4499,50.855
4500,50.855
4501,50.855
4502,50.855
4503,50.855
4504,50.855
4505,50.855
4506,50.855
4507,50.855
4508,50.855
4509,50.855
4510,50.855
4511,50.855
4512,50.855
4513,50.855
4514,50.855
4515,50.855
4516,50.855
4517,50.855
4518,50.855
4519,50.855
4520,50.855
4521,50.855
4522,50.855
4523,50.855
4524,50.855
4525,50.855
4526,50.855
4527,50.855
4528,50.855
4529,50.855
4530,50.855
4531,50.855
4532,50.855
4533,60.878
4534,60.878
4535,60.878
4536,60.878
4537,60.878
4538,60.878
4539,60.878
4540,60.878
4541,60.878
4542,60.878
4543,60.878
4544,60.878
4545,60.878
4546,60.878
4547,60.878
4548,60.878
4549,60.878
4550,60.878
4551,60.878
4552,60.878
4553,60.878
4554,60.878
4555,60.878
4556,60.878
4557,60.878
4558,60.878
4559,60.878
4560,60.878
4561,60.878
4562,60.878
4563,60.878
4564,60.878
4565,60.878
4566,60.878
4567,60.878
4568,60.878
4569,60.878
4570,60.878
4571,60.878
4572,60.878
4573,60.878
4574,60.878
4575,60.878
4576,60.878
4577,60.878
4578,60.878
4579,60.878
4580,60.878
4581,60.878
4582,60.878
4583,60.878
4584,60.878
4585,60.878
4586,60.878
4587,60.878
4588,60.878
4589,60.878
4590,60.878
4591,60.878
4592,60.878
4593,60.878
4594,60.878
4595,60.878
4596,60.878
4597,60.878
4598,60.878
4599,60.878
4600,60.878
4601,60.878
4602,60.878
4603,60.878
4604,60.878
4605,60.878
4606,60.878
4607,60.878
4608,60.878
4609,60.878
4610,60.878
4611,60.878
4612,60.878
4613,60.878
4614,60.878
4615,60.878
4616,60.878
4617,60.878
4618,60.878
4619,60.878
4620,60.878
4621,60.878
4622,60.878
4623,60.878
4624,60.878
4625,60.878
4626,60.878
4627,60.878
4628,60.878
4629,60.878
4630,60.878
4631,60.878
4632,60.878
4633,76.205
4634,76.205
4635,76.205
4636,76.205
4637,76.205
4638,76.205
4639,76.205
4640,76.205
4641,76.205
4642,76.205
4643,76.205
4644,76.205
4645,76.205
4646,76.205
4647,76.205
4648,76.205
4649,76.205
4650,76.205
4651,76.205
4652,76.205
4653,76.205
4654,76.205
4655,76.205
4656,76.205
4657,76.205
4658,76.205
4659,76.205
4660,76.205
4661,76.205
4662,76.205
4663,76.205
4664,76.205
4665,76.205
4666,76.205
4667,76.205
4668,76.205
4669,76.205
4670,76.205
4671,76.205
4672,76.205
4673,76.205
4674,76.205
4675,76.205
4676,76.205
4677,76.205
4678,76.205
4679,76.205
4680,76.205
4681,76.205
4682,76.205
4683,76.205
4684,76.205
4685,76.205
4686,76.205
4687,76.205
4688,76.205
4689,76.205
4690,76.205
4691,76.205
4692,76.205
4693,76.205
4694,76.205
4695,76.205
4696,76.205
4697,76.205
4698,76.205
4699,76.205
4700,76.205
4701,76.205
4702,76.205
4703,76.205
4704,76.205
4705,76.205
4706,76.205
4707,76.205
4708,76.205
4709,76.205
4710,76.205
4711,76.205
4712,76.205
4713,76.205
4714,76.205
4715,76.205
4716,76.205
4717,76.205
4718,76.205
4719,76.205
4720,76.205
4721,76.205
4722,76.205
4723,76.205
4724,76.205
4725,76.205
4726,76.205
4727,76.205
4728,76.205
4729,76.205
4730,76.205
4731,76.205
4732,76.205
4733,76.477
4734,76.477
4735,76.477
4736,76.477
4737,76.477
4738,76.477
4739,76.477
4740,76.477
4741,76.477
4742,76.477
4743,76.477
4744,76.477
4745,76.477
4746,76.477
4747,76.477
4748,76.477
4749,76.477
4750,76.477
4751,76.477
4752,76.477
4753,76.477
4754,76.477
4755,76.477
4756,76.477
4757,76.477
4758,76.477
4759,76.477
4760,76.477
4761,76.477
4762,76.477
4763,76.477
4764,76.477
4765,76.477
4766,76.477
4767,76.477
4768,76.477
4769,76.477
4770,76.477
4771,76.477
4772,76.477
4773,76.477
4774,76.477
4775,76.477
4776,76.477
4777,76.477
4778,76.477
4779,76.477
4780,76.477
4781,76.477
4782,76.477
4783,76.477
4784,76.477
4785,76.477
4786,76.477
4787,76.477
4788,76.477
4789,76.477
4790,76.477
4791,76.477
4792,76.477
4793,76.477
4794,76.477
4795,76.477
4796,76.477
4797,76.477
4798,76.477
4799,76.477
4800,76.477
4801,76.477
4802,76.477
4803,76.477
4804,76.477
4805,76.477
4806,76.477
4807,76.477
4808,76.477
4809,76.477
4810,76.477
4811,76.477
4812,76.477
4813,76.477
4814,76.477
4815,76.477
4816,76.477
4817,76.477
4818,76.477
4819,76.477
4820,76.477
4821,76.477
4822,76.477
4823,76.477
4824,76.477
4825,76.477
4826,76.477
4827,76.477
4828,76.477
4829,76.477
4830,76.477
4831,76.477
4832,76.477
4833,76.477
4834,98.265
4835,98.265
4836,98.265
4837,98.265
4838,98.265
4839,98.265
4840,98.265
4841,98.265
4842,98.265
4843,98.265
4844,98.265
4845,98.265
4846,98.265
4847,98.265
4848,98.265
4849,98.265
4850,98.265
4851,98.265
4852,98.265
4853,98.265
4854,98.265
4855,98.265
4856,98.265
4857,98.265
4858,98.265
4859,98.265
4860,98.265
4861,98.265
4862,98.265
4863,98.265
4864,98.265
4865,98.265
4866,98.265
4867,98.265
4868,98.265
4869,98.265
4870,98.265
4871,98.265
4872,98.265
4873,98.265
4874,98.265
4875,98.265
4876,98.265
4877,98.265
4878,98.265
4879,98.265
4880,98.265
4881,98.265
4882,98.265
4883,98.265
4884,98.265
4885,98.265
4886,98.265
4887,98.265
4888,98.265
4889,98.265
4890,98.265
4891,98.265
4892,98.265
4893,98.265
4894,98.265
4895,98.265
4896,98.265
4897,98.265
4898,98.265
4899,98.265
4900,98.265
4901,98.265
4902,98.265
4903,98.265
4904,98.265
4905,98.265
4906,98.265
4907,98.265
4908,98.265
4909,98.265
4910,98.265
4911,98.265
4912,98.265
4913,98.265
4914,98.265
4915,98.265
4916,98.265
4917,98.265
4918,98.265
4919,98.265
4920,98.265
4921,98.265
4922,98.265
4923,98.265
4924,98.265
4925,98.265
4926,98.265
4927,98.265
4928,98.265
4929,98.265
4930,98.265
4931,98.265
4932,98.265
4933,98.265
4934,98.864
4935,98.864
4936,98.864
4937,98.864
4938,98.864
4939,98.864
4940,98.864
4941,98.864
4942,98.864
4943,98.864
4944,98.864
4945,98.864
4946,98.864
4947,98.864
4948,98.864
4949,98.864
4950,98.864
4951,98.864
4952,98.864
4953,98.864
4954,98.864
4955,98.864
4956,98.864
4957,98.864
4958,98.864
4959,98.864
4960,98.864
4961,98.864
4962,98.864
4963,98.864
4964,98.864
4965,98.864
4966,98.864
4967,98.864
4968,98.864
4969,98.864
4970,98.864
4971,98.864
4972,98.864
4973,98.864
4974,98.864
4975,98.864
4976,98.864
4977,98.864
4978,98.864
4979,98.864
4980,98.864
4981,98.864
4982,98.864
4983,98.864
4984,98.864
4985,98.864
4986,98.864
4987,98.864
4988,98.864
4989,98.864
4990,98.864
4991,98.864
4992,98.864
4993,98.864
4994,98.864
4995,98.864
4996,98.864
4997,98.864
4998,98.864
4999,98.864
5000,98.864
5001,98.864
5002,98.864
5003,98.864
5004,98.864
5005,98.864
5006,98.864
5007,98.864
5008,98.864
5009,98.864
5010,98.864
5011,98.864
5012,98.864
5013,98.864
5014,98.864
5015,98.864
5016,98.864
5017,98.864
5018,98.864
5019,98.864
5020,98.864
5021,98.864
5022,98.864
5023,98.864
5024,98.864
5025,98.864
5026,98.864
5027,98.864
5028,98.864
5029,98.864
5030,98.864
5031,98.864
5032,98.864
5033,98.864
5034,98.864
5035,99.416
5036,99.416
5037,99.416
5038,99.416
5039,99.416
5040,99.416
5041,99.416
5042,99.416
5043,99.416
5044,99.416
5045,99.416
5046,99.416
5047,99.416
5048,99.416
5049,99.416
5050,99.416
5051,99.416
5052,99.416
5053,99.416
5054,99.416
5055,99.416
5056,99.416
5057,99.416
5058,99.416
5059,99.416
5060,99.416
5061,99.416
5062,99.416
5063,99.416
5064,99.416
5065,99.416
5066,99.416
5067,99.416
5068,99.416
5069,99.416
5070,99.416
5071,99.416
5072,99.416
5073,99.416
5074,99.416
5075,99.416
5076,99.416
5077,99.416
5078,99.416
5079,99.416
5080,99.416
5081,99.416
5082,99.416
5083,99.416
5084,99.416
5085,99.416
5086,99.416
5087,99.416
5088,99.416
5089,99.416
5090,99.416
5091,99.416
5092,99.416
5093,99.416
5094,99.416
5095,99.416
5096,99.416
5097,99.416
5098,99.416
5099,99.416
5100,99.416
5101,99.416
5102,99.416
5103,99.416
5104,99.416
5105,99.416
5106,99.416
5107,99.416
5108,99.416
5109,99.416
5110,99.416
5111,99.416
5112,99.416
5113,99.416
5114,99.416
5115,99.416
5116,99.416
5117,99.416
5118,99.416
5119,99.416
5120,99.416
5121,99.416
5122,99.416
5123,99.416
5124,99.416
5125,99.416
5126,99.416
5127,99.416
5128,99.416
5129,99.416
5130,99.416
5131,99.416
5132,99.416
5133,99.743
5134,99.743
5135,99.743
5136,99.743
5137,99.743
5138,99.743
5139,99.743
5140,99.743
5141,99.743
5142,99.743
5143,99.743
5144,99.743
5145,99.743
5146,99.743
5147,99.743
5148,99.743
5149,99.743
5150,99.743
5151,99.743
5152,99.743
5153,99.743
5154,99.743
5155,99.743
5156,99.743
5157,99.743
5158,99.743
5159,99.743
5160,99.743
5161,99.743
5162,99.743
5163,99.743
5164,99.743
5165,99.743
5166,99.743
5167,99.743
5168,99.743
5169,99.743
5170,99.743
5171,99.743
5172,99.743
5173,99.743
5174,99.743
5175,99.743
5176,99.743
5177,99.743
5178,99.743
5179,99.743
5180,99.743
5181,99.743
5182,99.743
5183,99.743
5184,99.743
5185,99.743
5186,99.743
5187,99.743
5188,99.743
5189,99.743
5190,99.743
5191,99.743
5192,99.743
5193,99.743
5194,99.743
5195,99.743
5196,99.743
5197,99.743
5198,99.743
5199,99.743
5200,99.743
5201,99.743
5202,99.743
5203,99.743
5204,99.743
5205,99.743
5206,99.743
5207,99.743
5208,99.743
5209,99.743
5210,99.743
5211,99.743
5212,99.743
5213,99.743
5214,99.743
5215,99.743
5216,99.743
5217,99.743
5218,99.743
5219,99.743
5220,99.743
5221,99.743
5222,99.743
5223,99.743
5224,99.743
5225,99.743
5226,99.743
5227,99.743
5228,99.743
5229,99.743
5230,99.743
5231,99.743
5232,99.743
5233,100.118
5234,100.118
5235,100.118
5236,100.118
5237,100.118
5238,100.118
5239,100.118
5240,100.118
5241,100.118
5242,100.118
5243,100.118
5244,100.118
5245,100.118
5246,100.118
5247,100.118
5248,100.118
5249,100.118
5250,100.118
5251,100.118
5252,100.118
5253,100.118
5254,100.118
5255,100.118
5256,100.118
5257,100.118
5258,100.118
5259,100.118
5260,100.118
5261,100.118
5262,100.118
5263,100.118
5264,100.118
5265,100.118
5266,100.118
5267,100.118
5268,100.118
5269,100.118
5270,100.118
5271,100.118
5272,100.118
5273,100.118
5274,100.118
5275,100.118
5276,100.118
5277,100.118
5278,100.118
5279,100.118
5280,100.118
5281,100.118
5282,100.118
5283,100.118
5284,100.118
5285,100.118
5286,100.118
5287,100.118
5288,100.118
5289,100.118
5290,100.118
5291,100.118
5292,100.118
5293,100.118
5294,100.118
5295,100.118
5296,100.118
5297,100.118
5298,100.118
5299,100.118
5300,100.118
5301,100.118
5302,100.118
5303,100.118
5304,100.118
5305,100.118
5306,100.118
5307,100.118
5308,100.118
5309,100.118
5310,100.118
5311,100.118
5312,100.118
5313,100.118
5314,100.118
5315,100.118
5316,100.118
5317,100.118
5318,100.118
5319,100.118
5320,100.118
5321,100.118
5322,100.118
5323,100.118
5324,100.118
5325,100.118
5326,100.118
5327,100.118
5328,100.118
5329,100.118
5330,100.118
5331,100.118
5332,100.118
5333,100.997
5334,100.997
5335,100.997
5336,100.997
5337,100.997
5338,100.997
5339,100.997
5340,100.997
5341,100.997
5342,100.997
5343,100.997
5344,100.997
5345,100.997
5346,100.997
5347,100.997
5348,100.997
5349,100.997
5350,100.997
5351,100.997
5352,100.997
5353,100.997
5354,100.997
5355,100.997
5356,100.997
5357,100.997
5358,100.997
5359,100.997
5360,100.997
5361,100.997
5362,100.997
5363,100.997
5364,100.997
5365,100.997
5366,100.997
5367,100.997
5368,100.997
5369,100.997
5370,100.997
5371,100.997
5372,100.997
5373,100.997
5374,100.997
5375,100.997
5376,100.997
5377,100.997
5378,100.997
5379,100.997
5380,100.997
5381,100.997
5382,100.997
5383,100.997
5384,100.997
5385,100.997
5386,100.997
5387,100.997
5388,100.997
5389,100.997
5390,100.997
5391,100.997
5392,100.997
5393,100.997
5394,100.997
5395,100.997
5396,100.997
5397,100.997
5398,100.997
5399,100.997
5400,100.997
5401,100.997
5402,100.997
5403,100.997
5404,100.997
5405,100.997
5406,100.997
5407,100.997
5408,100.997
5409,100.997
5410,100.997
5411,100.997
5412,100.997
5413,100.997
5414,100.997
5415,100.997
5416,100.997
5417,100.997
5418,100.997
5419,100.997
5420,100.997
5421,100.997
5422,100.997
5423,100.997
5424,100.997
5425,100.997
5426,100.997
5427,100.997
5428,100.997
5429,100.997
5430,100.997
5431,100.997
5432,100.997
5433,100.39
5434,100.39
5435,100.39
5436,100.39
5437,100.39
5438,100.39
5439,100.39
5440,100.39
5441,100.39
5442,100.39
5443,100.39
5444,100.39
5445,100.39
5446,100.39
5447,100.39
5448,100.39
5449,100.39
5450,100.39
5451,100.39
5452,100.39
5453,100.39
5454,100.39
5455,100.39
5456,100.39
5457,100.39
5458,100.39
5459,100.39
5460,100.39
5461,100.39
5462,100.39
5463,100.39
5464,100.39
5465,100.39
5466,100.39
5467,100.39
5468,100.39
5469,100.39
5470,100.39
5471,100.39
5472,100.39
5473,100.39
5474,100.39
5475,100.39
5476,100.39
5477,100.39
5478,100.39
5479,100.39
5480,100.39
5481,100.39
5482,100.39
5483,100.39
5484,100.39
5485,100.39
5486,100.39
5487,100.39
5488,100.39
5489,100.39
5490,100.39
5491,100.39
5492,100.39
5493,100.39
5494,100.39
5495,100.39
5496,100.39
5497,100.39
5498,100.39
5499,100.39
5500,100.39
5501,100.39
5502,100.39
5503,100.39
5504,100.39
5505,100.39
5506,100.39
5507,100.39
5508,100.39
5509,100.39
5510,100.39
5511,100.39
5512,100.39
5513,100.39
5514,100.39
5515,100.39
5516,100.39
5517,100.39
5518,100.39
5519,100.39
5520,100.39
5521,100.39
5522,100.39
5523,100.39
5524,100.39
5525,100.39
5526,100.39
5527,100.39
5528,100.39
5529,100.39
5530,100.39
5531,100.39
5532,100.39
5533,98.966
5534,98.966
5535,98.966
5536,98.966
5537,98.966
5538,98.966
5539,98.966
5540,98.966
5541,98.966
5542,98.966
5543,98.966
5544,98.966
5545,98.966
5546,98.966
5547,98.966
5548,98.966
5549,98.966
5550,98.966
5551,98.966
5552,98.966
5553,98.966
5554,98.966
5555,98.966
5556,98.966
5557,98.966
5558,98.966
5559,98.966
5560,98.966
5561,98.966
5562,98.966
5563,98.966
5564,98.966
5565,98.966
5566,98.966
5567,98.966
5568,98.966
5569,98.966
5570,98.966
5571,98.966
5572,98.966
5573,98.966
5574,98.966
5575,98.966
5576,98.966
5577,98.966
5578,98.966
5579,98.966
5580,98.966
5581,98.966
5582,98.966
5583,98.966
5584,98.966
5585,98.966
5586,98.966
5587,98.966
5588,98.966
5589,98.966
5590,98.966
5591,98.966
5592,98.966
5593,98.966
5594,98.966
5595,98.966
5596,98.966
5597,98.966
5598,98.966
5599,98.966
5600,98.966
5601,98.966
5602,98.966
5603,98.966
5604,98.966
5605,98.966
5606,98.966
5607,98.966
5608,98.966
5609,98.966
5610,98.966
5611,98.966
5612,98.966
5613,98.966
5614,98.966
5615,98.966
5616,98.966
5617,98.966
5618,98.966
5619,98.966
5620,98.966
5621,98.966
5622,98.966
5623,98.966
5624,98.966
5625,98.966
5626,98.966
5627,98.966
5628,98.966
5629,98.966
5630,98.966
5631,98.966
5632,98.966
5633,99.246
5634,99.246
5635,99.246
5636,99.246
5637,99.246
5638,99.246
5639,99.246
5640,99.246
5641,99.246
5642,99.246
5643,99.246
5644,99.246
5645,99.246
5646,99.246
5647,99.246
5648,99.246
5649,99.246
5650,99.246
5651,99.246
5652,99.246
5653,99.246
5654,99.246
5655,99.246
5656,99.246
5657,99.246
5658,99.246
5659,99.246
5660,99.246
5661,99.246
5662,99.246
5663,99.246
5664,99.246
5665,99.246
5666,99.246
5667,99.246
5668,99.246
5669,99.246
5670,99.246
5671,99.246
5672,99.246
5673,99.246
5674,99.246
5675,99.246
5676,99.246
5677,99.246
5678,99.246
5679,99.246
5680,99.246
5681,99.246
5682,99.246
5683,99.246
5684,99.246
5685,99.246
5686,99.246
5687,99.246
5688,99.246
5689,99.246
5690,99.246
5691,99.246
5692,99.246
5693,99.246
5694,99.246
5695,99.246
5696,99.246
5697,99.246
5698,99.246
5699,99.246
5700,99.246
5701,99.246
5702,99.246
5703,99.246
5704,99.246
5705,99.246
5706,99.246
5707,99.246
5708,99.246
5709,99.246
5710,99.246
5711,99.246
5712,99.246
5713,99.246
5714,99.246
5715,99.246
5716,99.246
5717,99.246
5718,99.246
5719,99.246
5720,99.246
5721,99.246
5722,99.246
5723,99.246
5724,99.246
5725,99.246
5726,99.246
5727,99.246
5728,99.246
5729,99.246
5730,99.246
5731,99.246
5732,99.246
5733,99.518
5734,99.518
5735,99.518
5736,99.518
5737,99.518
5738,99.518
5739,99.518
5740,99.518
5741,99.518
5742,99.518
5743,99.518
5744,99.518
5745,99.518
5746,99.518
5747,99.518
5748,99.518
5749,99.518
5750,99.518
5751,99.518
5752,99.518
5753,99.518
5754,99.518
5755,99.518
5756,99.518
5757,99.518
5758,99.518
5759,99.518
5760,99.518
5761,99.518
5762,99.518
5763,99.518
5764,99.518
5765,99.518
5766,99.518
5767,99.518
5768,99.518
5769,99.518
5770,99.518
5771,99.518
5772,99.518
5773,99.518
5774,99.518
5775,99.518
5776,99.518
5777,99.518
5778,99.518
5779,99.518
5780,99.518
5781,99.518
5782,99.518
5783,99.518
5784,99.518
5785,99.518
5786,99.518
5787,99.518
5788,99.518
5789,99.518
5790,99.518
5791,99.518
5792,99.518
5793,99.518
5794,99.518
5795,99.518
5796,99.518
5797,99.518
5798,99.518
5799,99.518
5800,99.518
5801,99.518
5802,99.518
5803,99.518
5804,99.518
5805,99.518
5806,99.518
5807,99.518
5808,99.518
5809,99.518
5810,99.518
5811,99.518
5812,99.518
5813,99.518
5814,99.518
5815,99.518
5816,99.518
5817,99.518
5818,99.518
5819,99.518
5820,99.518
5821,99.518
5822,99.518
5823,99.518
5824,99.518
5825,99.518
5826,99.518
5827,99.518
5828,99.518
5829,99.518
5830,99.518
5831,99.518
5832,99.518
5833,99.845
5834,99.845
5835,99.845
5836,99.845
5837,99.845
5838,99.845
5839,99.845
5840,99.845
5841,99.845
5842,99.845
5843,99.845
5844,99.845
5845,99.845
5846,99.845
5847,99.845
5848,99.845
5849,99.845
5850,99.845
5851,99.845
5852,99.845
5853,99.845
5854,99.845
5855,99.845
5856,99.845
5857,99.845
5858,99.845
5859,99.845
5860,99.845
5861,99.845
5862,99.845
5863,99.845
5864,99.845
5865,99.845
5866,99.845
5867,99.845
5868,99.845
5869,99.845
5870,99.845
5871,99.845
5872,99.845
5873,99.845
5874,99.845
5875,99.845
5876,99.845
5877,99.845
5878,99.845
5879,99.845
5880,99.845
5881,99.845
5882,99.845
5883,99.845
5884,99.845
5885,99.845
5886,99.845
5887,99.845
5888,99.845
5889,99.845
5890,99.845
5891,99.845
5892,99.845
5893,99.845
5894,99.845
5895,99.845
5896,99.845
5897,99.845
5898,99.845
5899,99.845
5900,99.845
5901,99.845
5902,99.845
5903,99.845
5904,99.845
5905,99.845
5906,99.845
5907,99.845
5908,99.845
5909,99.845
5910,99.845
5911,99.845
5912,99.845
5913,99.845
5914,99.845
5915,99.845
5916,99.845
5917,99.845
5918,99.845
5919,99.845
5920,99.845
5921,99.845
5922,99.845
5923,99.845
5924,99.845
5925,99.845
5926,99.845
5927,99.845
5928,99.845
5929,99.845
5930,99.845
5931,99.845
5932,99.845
5933,98.864
5934,98.864
5935,98.864
5936,98.864
5937,98.864
5938,98.864
5939,98.864
5940,98.864
5941,98.864
5942,98.864
5943,98.864
5944,98.864
5945,98.864
5946,98.864
5947,98.864
5948,98.864
5949,98.864
5950,98.864
5951,98.864
5952,98.864
5953,98.864
5954,98.864
5955,98.864
5956,98.864
5957,98.864
5958,98.864
5959,98.864
5960,98.864
5961,98.864
5962,98.864
5963,98.864
5964,98.864
5965,98.864
5966,98.864
5967,98.864
5968,98.864
5969,98.864
5970,98.864
5971,98.864
5972,98.864
5973,98.864
5974,98.864
5975,98.864
5976,98.864
5977,98.864
5978,98.864
5979,98.864
5980,98.864
5981,98.864
5982,98.864
5983,98.864
5984,98.864
5985,98.864
5986,98.864
5987,98.864
5988,98.864
5989,98.864
5990,98.864
5991,98.864
5992,98.864
5993,98.864
5994,98.864
5995,98.864
5996,98.864
5997,98.864
5998,98.864
5999,98.864
6000,98.864
6001,98.864
6002,98.864
6003,98.864
6004,98.864
6005,98.864
6006,98.864
6007,98.864
6008,98.864
6009,98.864
6010,98.864
6011,98.864
6012,98.864
6013,98.864
6014,98.864
6015,98.864
6016,98.864
6017,98.864
6018,98.864
6019,98.864
6020,98.864
6021,98.864
6022,98.864
6023,98.864
6024,98.864
6025,98.864
6026,98.864
6027,98.864
6028,98.864
6029,98.864
6030,98.864
6031,98.864
6032,98.864
6033,100.015
6034,100.015
6035,100.015
6036,100.015
6037,100.015
6038,100.015
6039,100.015
6040,100.015
6041,100.015
6042,100.015
6043,100.015
6044,100.015
6045,100.015
6046,100.015
6047,100.015
6048,100.015
6049,100.015
6050,100.015
6051,100.015
6052,100.015
6053,100.015
6054,100.015
6055,100.015
6056,100.015
6057,100.015
6058,100.015
6059,100.015
6060,100.015
6061,100.015
6062,100.015
6063,100.015
6064,100.015
6065,100.015
6066,100.015
6067,100.015
6068,100.015
6069,100.015
6070,100.015
6071,100.015
6072,100.015
6073,100.015
6074,100.015
6075,100.015
6076,100.015
6077,100.015
6078,100.015
6079,100.015
6080,100.015
6081,100.015
6082,100.015
6083,100.015
6084,100.015
6085,100.015
6086,100.015
6087,100.015
6088,100.015
6089,100.015
6090,100.015
6091,100.015
6092,100.015
6093,100.015
6094,100.015
6095,100.015
6096,100.015
6097,100.015
6098,100.015
6099,100.015
6100,100.015
6101,100.015
6102,100.015
6103,100.015
6104,100.015
6105,100.015
6106,100.015
6107,100.015
6108,100.015
6109,100.015
6110,100.015
6111,100.015
6112,100.015
6113,100.015
6114,100.015
6115,100.015
6116,100.015
6117,100.015
6118,100.015
6119,100.015
6120,100.015
6121,100.015
6122,100.015
6123,100.015
6124,100.015
6125,100.015
6126,100.015
6127,100.015
6128,100.015
6129,100.015
6130,100.015
6131,100.015
6132,100.015
6133,100.015
6134,100.015
6135,100.015
6136,100.015
6137,100.015
6138,100.015
6139,100.015
6140,100.015
6141,100.015
6142,100.015
6143,100.015
6144,100.015
6145,100.015
6146,100.015
6147,100.015
6148,100.015
6149,100.015
6150,100.015
6151,100.015
6152,100.015
6153,100.015
6154,100.015
6155,100.015
6156,100.015
6157,100.015
6158,100.015
6159,100.015
6160,100.015
6161,100.015
6162,100.015
6163,100.015
6164,100.015
6165,100.015
6166,100.015
6167,100.015
6168,100.015
6169,100.015
6170,100.015
6171,100.015
6172,100.015
6173,100.015
6174,100.015
6175,100.015
6176,100.015
6177,100.015
6178,100.015
6179,100.015
6180,100.015
6181,100.015
6182,100.015
6183,100.015
6184,100.015
6185,100.015
6186,100.015
6187,100.015
6188,100.015
6189,100.015
6190,100.015
6191,100.015
6192,100.015
6193,100.015
6194,100.015
6195,100.015
6196,100.015
6197,100.015
6198,100.015
6199,100.015
6200,100.015
6201,100.015
6202,100.015
6203,100.015
6204,100.015
6205,100.015
6206,100.015
6207,100.015
6208,100.015
6209,100.015
6210,100.015
6211,100.015
6212,100.015
6213,100.015
6214,100.015
6215,100.015
6216,100.015
6217,100.015
6218,100.015
6219,100.015
6220,100.015
6221,100.015
6222,100.015
6223,100.015
6224,100.015
6225,100.015
6226,100.015
6227,100.015
6228,100.015
6229,100.015
6230,100.015
6231,100.015
6232,100.015
6233,101.22
6234,101.22
6235,101.22
6236,101.22
6237,101.22
6238,101.22
6239,101.22
6240,101.22
6241,101.22
6242,101.22
6243,101.22
6244,101.22
6245,101.22
6246,101.22
6247,101.22
6248,101.22
6249,101.22
6250,101.22
6251,101.22
6252,101.22
6253,101.22
6254,101.22
6255,101.22
6256,101.22
6257,101.22
6258,101.22
6259,101.22
6260,101.22
6261,101.22
6262,101.22
6263,101.22
6264,101.22
6265,101.22
6266,101.22
6267,101.22
6268,101.22
6269,101.22
6270,101.22
6271,101.22
6272,101.22
6273,101.22
6274,101.22
6275,101.22
6276,101.22
6277,101.22
6278,101.22
6279,101.22
6280,101.22
6281,101.22
6282,101.22
6283,101.22
6284,101.22
6285,101.22
6286,101.22
6287,101.22
6288,101.22
6289,101.22
6290,101.22
6291,101.22
6292,101.22
6293,101.22
6294,101.22
6295,101.22
6296,101.22
6297,101.22
6298,101.22
6299,101.22
6300,101.22
6301,101.22
6302,101.22
6303,101.22
6304,101.22
6305,101.22
6306,101.22
6307,101.22
6308,101.22
6309,101.22
6310,101.22
6311,101.22
6312,101.22
6313,101.22
6314,101.22
6315,101.22
6316,101.22
6317,101.22
6318,101.22
6319,101.22
6320,101.22
6321,101.22
6322,101.22
6323,101.22
6324,101.22
6325,101.22
6326,101.22
6327,101.22
6328,101.22
6329,101.22
6330,101.22
6331,101.22
6332,101.22
6333,100.015
6334,100.015
6335,100.015
6336,100.015
6337,100.015
6338,100.015
6339,100.015
6340,100.015
6341,100.015
6342,100.015
6343,100.015
6344,100.015
6345,100.015
6346,100.015
6347,100.015
6348,100.015
6349,100.015
6350,100.015
6351,100.015
6352,100.015
6353,100.015
6354,100.015
6355,100.015
6356,100.015
6357,100.015
6358,100.015
6359,100.015
6360,100.015
6361,100.015
6362,100.015
6363,100.015
6364,100.015
6365,100.015
6366,100.015
6367,100.015
6368,100.015
6369,100.015
6370,100.015
6371,100.015
6372,100.015
6373,100.015
6374,100.015
6375,100.015
6376,100.015
6377,100.015
6378,100.015
6379,100.015
6380,100.015
6381,100.015
6382,100.015
6383,100.015
6384,100.015
6385,100.015
6386,100.015
6387,100.015
6388,100.015
6389,100.015
6390,100.015
6391,100.015
6392,100.015
6393,100.015
6394,100.015
6395,100.015
6396,100.015
6397,100.015
6398,100.015
6399,100.015
6400,100.015
6401,100.015
6402,100.015
6403,100.015
6404,100.015
6405,100.015
6406,100.015
6407,100.015
6408,100.015
6409,100.015
6410,100.015
6411,100.015
6412,100.015
6413,100.015
6414,100.015
6415,100.015
6416,100.015
6417,100.015
6418,100.015
6419,100.015
6420,100.015
6421,100.015
6422,100.015
6423,100.015
6424,100.015
6425,100.015
6426,100.015
6427,100.015
6428,100.015
6429,100.015
6430,100.015
6431,100.015
6432,100.015
6433,99.144
6434,99.144
6435,99.144
6436,99.144
6437,99.144
6438,99.144
6439,99.144
6440,99.144
6441,99.144
6442,99.144
6443,99.144
6444,99.144
6445,99.144
6446,99.144
6447,99.144
6448,99.144
6449,99.144
6450,99.144
6451,99.144
6452,99.144
6453,99.144
6454,99.144
6455,99.144
6456,99.144
6457,99.144
6458,99.144
6459,99.144
6460,99.144
6461,99.144
6462,99.144
6463,99.144
6464,99.144
6465,99.144
6466,99.144
6467,99.144
6468,99.144
6469,99.144
6470,99.144
6471,99.144
6472,99.144
6473,99.144
6474,99.144
6475,99.144
6476,99.144
6477,99.144
6478,99.144
6479,99.144
6480,99.144
6481,99.144
6482,99.144
6483,99.144
6484,99.144
6485,99.144
6486,99.144
6487,99.144
6488,99.144
6489,99.144
6490,99.144
6491,99.144
6492,99.144
6493,99.144
6494,99.144
6495,99.144
6496,99.144
6497,99.144
6498,99.144
6499,99.144
6500,99.144
6501,99.144
6502,99.144
6503,99.144
6504,99.144
6505,99.144
6506,99.144
6507,99.144
6508,99.144
6509,99.144
6510,99.144
6511,99.144
6512,99.144
6513,99.144
6514,99.144
6515,99.144
6516,99.144
6517,99.144
6518,99.144
6519,99.144
6520,99.144
6521,99.144
6522,99.144
6523,99.144
6524,99.144
6525,99.144
6526,99.144
6527,99.144
6528,99.144
6529,99.144
6530,99.144
6531,99.144
6532,99.144
6533,98.864
6534,98.864
6535,98.864
6536,98.864
6537,98.864
6538,98.864
6539,98.864
6540,98.864
6541,98.864
6542,98.864
6543,98.864
6544,98.864
6545,98.864
6546,98.864
6547,98.864
6548,98.864
6549,98.864
6550,98.864
6551,98.864
6552,98.864
6553,98.864
6554,98.864
6555,98.864
6556,98.864
6557,98.864
6558,98.864
6559,98.864
6560,98.864
6561,98.864
6562,98.864
6563,98.864
6564,98.864
6565,98.864
6566,98.864
6567,98.864
6568,98.864
6569,98.864
6570,98.864
6571,98.864
6572,98.864
6573,98.864
6574,98.864
6575,98.864
6576,98.864
6577,98.864
6578,98.864
6579,98.864
6580,98.864
6581,98.864
6582,98.864
6583,98.864
6584,98.864
6585,98.864
6586,98.864
6587,98.864
6588,98.864
6589,98.864
6590,98.864
6591,98.864
6592,98.864
6593,98.864
6594,98.864
6595,98.864
6596,98.864
6597,98.864
6598,98.864
6599,98.864
6600,98.864
6601,98.864
6602,98.864
6603,98.864
6604,98.864
6605,98.864
6606,98.864
6607,98.864
6608,98.864
6609,98.864
6610,98.864
6611,98.864
6612,98.864
6613,98.864
6614,98.864
6615,98.864
6616,98.864
6617,98.864
6618,98.864
6619,98.864
6620,98.864
6621,98.864
6622,98.864
6623,98.864
6624,98.864
6625,98.864
6626,98.864
6627,98.864
6628,98.864
6629,98.864
6630,98.864
6631,98.864
6632,98.864
6633,99.246
6634,99.246
6635,99.246
6636,99.246
6637,99.246
6638,99.246
6639,99.246
6640,99.246
6641,99.246
6642,99.246
6643,99.246
6644,99.246
6645,99.246
6646,99.246
6647,99.246
6648,99.246
6649,99.246
6650,99.246
6651,99.246
6652,99.246
6653,99.246
6654,99.246
6655,99.246
6656,99.246
6657,99.246
6658,99.246
6659,99.246
6660,99.246
6661,99.246
6662,99.246
6663,99.246
6664,99.246
6665,99.246
6666,99.246
6667,99.246
6668,99.246
6669,99.246
6670,99.246
6671,99.246
6672,99.246
6673,99.246
6674,99.246
6675,99.246
6676,99.246
6677,99.246
6678,99.246
6679,99.246
6680,99.246
6681,99.246
6682,99.246
6683,99.246
6684,99.246
6685,99.246
6686,99.246
6687,99.246
6688,99.246
6689,99.246
6690,99.246
6691,99.246
6692,99.246
6693,99.246
6694,99.246
6695,99.246
6696,99.246
6697,99.246
6698,99.246
6699,99.246
6700,99.246
6701,99.246
6702,99.246
6703,99.246
6704,99.246
6705,99.246
6706,99.246
6707,99.246
6708,99.246
6709,99.246
6710,99.246
6711,99.246
6712,99.246
6713,99.246
6714,99.246
6715,99.246
6716,99.246
6717,99.246
6718,99.246
6719,99.246
6720,99.246
6721,99.246
6722,99.246
6723,99.246
6724,99.246
6725,99.246
6726,99.246
6727,99.246
6728,99.246
6729,99.246
6730,99.246
6731,99.246
6732,99.246
6733,99.518
6734,99.518
6735,99.518
6736,99.518
6737,99.518
6738,99.518
6739,99.518
6740,99.518
6741,99.518
6742,99.518
6743,99.518
6744,99.518
6745,99.518
6746,99.518
6747,99.518
6748,99.518
6749,99.518
6750,99.518
6751,99.518
6752,99.518
6753,99.518
6754,99.518
6755,99.518
6756,99.518
6757,99.518
6758,99.518
6759,99.518
6760,99.518
6761,99.518
6762,99.518
6763,99.518
6764,99.518
6765,99.518
6766,99.518
6767,99.518
6768,99.518
6769,99.518
6770,99.518
6771,99.518
6772,99.518
6773,99.518
6774,99.518
6775,99.518
6776,99.518
6777,99.518
6778,99.518
6779,99.518
6780,99.518
6781,99.518
6782,99.518
6783,99.518
6784,99.518
6785,99.518
6786,99.518
6787,99.518
6788,99.518
6789,99.518
6790,99.518
6791,99.518
6792,99.518
6793,99.518
6794,99.518
6795,99.518
6796,99.518
6797,99.518
6798,99.518
6799,99.518
6800,99.518
6801,99.518
6802,99.518
6803,99.518
6804,99.518
6805,99.518
6806,99.518
6807,99.518
6808,99.518
6809,99.518
6810,99.518
6811,99.518
6812,99.518
6813,99.518
6814,99.518
6815,99.518
6816,99.518
6817,99.518
6818,99.518
6819,99.518
6820,99.518
6821,99.518
6822,99.518
6823,99.518
6824,99.518
6825,99.518
6826,99.518
6827,99.518
6828,99.518
6829,99.518
6830,99.518
6831,99.518
6832,99.518
6833,99.144
6834,99.144
6835,99.144
6836,99.144
6837,99.144
6838,99.144
6839,99.144
6840,99.144
6841,99.144
6842,99.144
6843,99.144
6844,99.144
6845,99.144
6846,99.144
6847,99.144
6848,99.144
6849,99.144
6850,99.144
6851,99.144
6852,99.144
6853,99.144
6854,99.144
6855,99.144
6856,99.144
6857,99.144
6858,99.144
6859,99.144
6860,99.144
6861,99.144
6862,99.144
6863,99.144
6864,99.144
6865,99.144
6866,99.144
6867,99.144
6868,99.144
6869,99.144
6870,99.144
6871,99.144
6872,99.144
6873,99.144
6874,99.144
6875,99.144
6876,99.144
6877,99.144
6878,99.144
6879,99.144
6880,99.144
6881,99.144
6882,99.144
6883,99.144
6884,99.144
6885,99.144
6886,99.144
6887,99.144
6888,99.144
6889,99.144
6890,99.144
6891,99.144
6892,99.144
6893,99.144
6894,99.144
6895,99.144
6896,99.144
6897,99.144
6898,99.144
6899,99.144
6900,99.144
6901,99.144
6902,99.144
6903,99.144
6904,99.144
6905,99.144
6906,99.144
6907,99.144
6908,99.144
6909,99.144
6910,99.144
6911,99.144
6912,99.144
6913,99.144
6914,99.144
6915,99.144
6916,99.144
6917,99.144
6918,99.144
6919,99.144
6920,99.144
6921,99.144
6922,99.144
6923,99.144
6924,99.144
6925,99.144
6926,99.144
6927,99.144
6928,99.144
6929,99.144
6930,99.144
6931,99.144
6932,99.144
6933,99.743
6934,99.743
6935,99.743
6936,99.743
6937,99.743
6938,99.743
6939,99.743
6940,99.743
6941,99.743
6942,99.743
6943,99.743
6944,99.743
6945,99.743
6946,99.743
6947,99.743
6948,99.743
6949,99.743
6950,99.743
6951,99.743
6952,99.743
6953,99.743
6954,99.743
6955,99.743
6956,99.743
6957,99.743
6958,99.743
6959,99.743
6960,99.743
6961,99.743
6962,99.743
6963,99.743
6964,99.743
6965,99.743
6966,99.743
6967,99.743
6968,99.743
6969,99.743
6970,99.743
6971,99.743
6972,99.743
6973,99.743
6974,99.743
6975,99.743
6976,99.743
6977,99.743
6978,99.743
6979,99.743
6980,99.743
6981,99.743
6982,99.743
6983,99.743
6984,99.743
6985,99.743
6986,99.743
6987,99.743
6988,99.743
6989,99.743
6990,99.743
6991,99.743
6992,99.743
6993,99.743
6994,99.743
6995,99.743
6996,99.743
6997,99.743
6998,99.743
6999,99.743
7000,99.743
7001,99.743
7002,99.743
7003,99.743
7004,99.743
7005,99.743
7006,99.743
7007,99.743
7008,99.743
7009,99.743
7010,99.743
7011,99.743
7012,99.743
7013,99.743
7014,99.743
7015,99.743
7016,99.743
7017,99.743
7018,99.743
7019,99.743
7020,99.743
7021,99.743
7022,99.743
7023,99.743
7024,99.743
7025,99.743
7026,99.743
7027,99.743
7028,99.743
7029,99.743
7030,99.743
7031,99.743
7032,99.743
7033,100.894
7034,100.894
7035,100.894
7036,100.894
7037,100.894
7038,100.894
7039,100.894
7040,100.894
7041,100.894
7042,100.894
7043,100.894
7044,100.894
7045,100.894
7046,100.894
7047,100.894
7048,100.894
7049,100.894
7050,100.894
7051,100.894
7052,100.894
7053,100.894
7054,100.894
7055,100.894
7056,100.894
7057,100.894
7058,100.894
7059,100.894
7060,100.894
7061,100.894
7062,100.894
7063,100.894
7064,100.894
7065,100.894
7066,100.894
7067,100.894
7068,100.894
7069,100.894
7070,100.894
7071,100.894
7072,100.894
7073,100.894
7074,100.894
7075,100.894
7076,100.894
7077,100.894
7078,100.894
7079,100.894
7080,100.894
7081,100.894
7082,100.894
7083,100.894
7084,100.894
7085,100.894
7086,100.894
7087,100.894
7088,100.894
7089,100.894
7090,100.894
7091,100.894
7092,100.894
7093,100.894
7094,100.894
7095,100.894
7096,100.894
7097,100.894
7098,100.894
7099,100.894
7100,100.894
7101,100.894
7102,100.894
7103,100.894
7104,100.894
7105,100.894
7106,100.894
7107,100.894
7108,100.894
7109,100.894
7110,100.894
7111,100.894
7112,100.894
7113,100.894
7114,100.894
7115,100.894
7116,100.894
7117,100.894
7118,100.894
7119,100.894
7120,100.894
7121,100.894
7122,100.894
7123,100.894
7124,100.894
7125,100.894
7126,100.894
7127,100.894
7128,100.894
7129,100.894
7130,100.894
7131,100.894
7132,100.894
7133,101.492
7134,101.492
7135,101.492
7136,101.492
7137,101.492
7138,101.492
7139,101.492
7140,101.492
7141,101.492
7142,101.492
7143,101.492
7144,101.492
7145,101.492
7146,101.492
7147,101.492
7148,101.492
7149,101.492
7150,101.492
7151,101.492
7152,101.492
7153,101.492
7154,101.492
7155,101.492
7156,101.492
7157,101.492
7158,101.492
7159,101.492
7160,101.492
7161,101.492
7162,101.492
7163,101.492
7164,101.492
7165,101.492
7166,101.492
7167,101.492
7168,101.492
7169,101.492
7170,101.492
7171,101.492
7172,101.492
7173,101.492
7174,101.492
7175,101.492
7176,101.492
7177,101.492
7178,101.492
7179,101.492
7180,101.492
7181,101.492
7182,101.492
7183,101.492
7184,101.492
7185,101.492
7186,101.492
7187,101.492
7188,101.492
7189,101.492
7190,101.492
7191,101.492
7192,101.492
7193,101.492
7194,101.492
7195,101.492
7196,101.492
7197,101.492
7198,101.492
7199,101.492
7200,101.492
7201,101.492
7202,101.492
7203,101.492
7204,101.492
7205,101.492
7206,101.492
7207,101.492
7208,101.492
7209,101.492
7210,101.492
7211,101.492
7212,101.492
7213,101.492
7214,101.492
7215,101.492
7216,101.492
7217,101.492
7218,101.492
7219,101.492
7220,101.492
7221,101.492
7222,101.492
7223,101.492
7224,101.492
7225,101.492
7226,101.492
7227,101.492
7228,101.492
7229,101.492
7230,101.492
7231,101.492
7232,101.492
7233,101.492
7234,100.015
7235,100.015
7236,100.015
7237,100.015
7238,100.015
7239,100.015
7240,100.015
7241,100.015
7242,100.015
7243,100.015
7244,100.015
7245,100.015
7246,100.015
7247,100.015
7248,100.015
7249,100.015
7250,100.015
7251,100.015
7252,100.015
7253,100.015
7254,100.015
7255,100.015
7256,100.015
7257,100.015
7258,100.015
7259,100.015
7260,100.015
7261,100.015
7262,100.015
7263,100.015
7264,100.015
7265,100.015
7266,100.015
7267,100.015
7268,100.015
7269,100.015
7270,100.015
7271,100.015
7272,100.015
7273,100.015
7274,100.015
7275,100.015
7276,100.015
7277,100.015
7278,100.015
7279,100.015
7280,100.015
7281,100.015
7282,100.015
7283,100.015
7284,100.015
7285,100.015
7286,100.015
7287,100.015
7288,100.015
7289,100.015
7290,100.015
7291,100.015
7292,100.015
7293,100.015
7294,100.015
7295,100.015
7296,100.015
7297,100.015
7298,100.015
7299,100.015
7300,100.015
7301,100.015
7302,100.015
7303,100.015
7304,100.015
7305,100.015
7306,100.015
7307,100.015
7308,100.015
7309,100.015
7310,100.015
7311,100.015
7312,100.015
7313,100.015
7314,100.015
7315,100.015
7316,100.015
7317,100.015
7318,100.015
7319,100.015
7320,100.015
7321,100.015
7322,100.015
7323,100.015
7324,100.015
7325,100.015
7326,100.015
7327,100.015
7328,100.015
7329,100.015
7330,100.015
7331,100.015
7332,100.015
7333,100.015
7334,98.864
7335,98.864
7336,98.864
7337,98.864
7338,98.864
7339,98.864
7340,98.864
7341,98.864
7342,98.864
7343,98.864
7344,98.864
7345,98.864
7346,98.864
7347,98.864
7348,98.864
7349,98.864
7350,98.864
7351,98.864
7352,98.864
7353,98.864
7354,98.864
7355,98.864
7356,98.864
7357,98.864
7358,98.864
7359,98.864
7360,98.864
7361,98.864
7362,98.864
7363,98.864
7364,98.864
7365,98.864
7366,98.864
7367,98.864
7368,98.864
7369,98.864
7370,98.864
7371,98.864
7372,98.864
7373,98.864
7374,98.864
7375,98.864
7376,98.864
7377,98.864
7378,98.864
7379,98.864
7380,98.864
7381,98.864
7382,98.864
7383,98.864
7384,98.864
7385,98.864
7386,98.864
7387,98.864
7388,98.864
7389,98.864
7390,98.864
7391,98.864
7392,98.864
7393,98.864
7394,98.864
7395,98.864
7396,98.864
7397,98.864
7398,98.864
7399,98.864
7400,98.864
7401,98.864
7402,98.864
7403,98.864
7404,98.864
7405,98.864
7406,98.864
7407,98.864
7408,98.864
7409,98.864
7410,98.864
7411,98.864
7412,98.864
7413,98.864
7414,98.864
7415,98.864
7416,98.864
7417,98.864
7418,98.864
7419,98.864
7420,98.864
7421,98.864
7422,98.864
7423,98.864
7424,98.864
7425,98.864
7426,98.864
7427,98.864
7428,98.864
7429,98.864
7430,98.864
7431,98.864
7432,98.864
7433,98.864
7434,98.864
7435,98.864
7436,98.864
7437,98.864
7438,98.864
7439,98.864
7440,98.864
7441,98.864
7442,98.864
7443,98.864
7444,98.864
7445,98.864
7446,98.864
7447,98.864
7448,98.864
7449,98.864
7450,98.864
7451,98.864
7452,98.864
7453,98.864
7454,98.864
7455,98.864
7456,98.864
7457,98.864
7458,98.864
7459,98.864
7460,98.864
7461,98.864
7462,98.864
7463,98.864
7464,98.864
7465,98.864
7466,98.864
7467,98.864
7468,98.864
7469,98.864
7470,98.864
7471,98.864
7472,98.864
7473,98.864
7474,98.864
7475,98.864
7476,98.864
7477,98.864
7478,98.864
7479,98.864
7480,98.864
7481,98.864
7482,98.864
7483,98.864
7484,98.864
7485,98.864
7486,98.864
7487,98.864
7488,98.864
7489,98.864
7490,98.864
7491,98.864
7492,98.864
7493,98.864
7494,98.864
7495,98.864
7496,98.864
7497,98.864
7498,98.864
7499,98.864
7500,98.864
7501,98.864
7502,98.864
7503,98.864
7504,98.864
7505,98.864
7506,98.864
7507,98.864
7508,98.864
7509,98.864
7510,98.864
7511,98.864
7512,98.864
7513,98.864
7514,98.864
7515,98.864
7516,98.864
7517,98.864
7518,98.864
7519,98.864
7520,98.864
7521,98.864
7522,98.864
7523,98.864
7524,98.864
7525,98.864
7526,98.864
7527,98.864
7528,98.864
7529,98.864
7530,98.864
7531,98.864
7532,98.864
7533,98.864
7534,98.864
7535,99.416
7536,99.416
7537,99.416
7538,99.416
7539,99.416
7540,99.416
7541,99.416
7542,99.416
7543,99.416
7544,99.416
7545,99.416
7546,99.416
7547,99.416
7548,99.416
7549,99.416
7550,99.416
7551,99.416
7552,99.416
7553,99.416
7554,99.416
7555,99.416
7556,99.416
7557,99.416
7558,99.416
7559,99.416
7560,99.416
7561,99.416
7562,99.416
7563,99.416
7564,99.416
7565,99.416
7566,99.416
7567,99.416
7568,99.416
7569,99.416
7570,99.416
7571,99.416
7572,99.416
7573,99.416
7574,99.416
7575,99.416
7576,99.416
7577,99.416
7578,99.416
7579,99.416
7580,99.416
7581,99.416
7582,99.416
7583,99.416
7584,99.416
7585,99.416
7586,99.416
7587,99.416
7588,99.416
7589,99.416
7590,99.416
7591,99.416
7592,99.416
7593,99.416
7594,99.416
7595,99.416
7596,99.416
7597,99.416
7598,99.416
7599,99.416
7600,99.416
7601,99.416
7602,99.416
7603,99.416
7604,99.416
7605,99.416
7606,99.416
7607,99.416
7608,99.416
7609,99.416
7610,99.416
7611,99.416
7612,99.416
7613,99.416
7614,99.416
7615,99.416
7616,99.416
7617,99.416
7618,99.416
7619,99.416
7620,99.416
7621,99.416
7622,99.416
7623,99.416
7624,99.416
7625,99.416
7626,99.416
7627,99.416
7628,99.416
7629,99.416
7630,99.416
7631,99.416
7632,99.416
7633,99.416
7634,99.416
7635,99.416
7636,99.416
7637,99.416
7638,99.416
7639,99.416
7640,99.416
7641,99.416
7642,99.416
7643,99.416
7644,99.416
7645,99.416
7646,99.416
7647,99.416
7648,99.416
7649,99.416
7650,99.416
7651,99.416
7652,99.416
7653,99.416
7654,99.416
7655,99.416
7656,99.416
7657,99.416
7658,99.416
7659,99.416
7660,99.416
7661,99.416
7662,99.416
7663,99.416
7664,99.416
7665,99.416
7666,99.416
7667,99.416
7668,99.416
7669,99.416
7670,99.416
7671,99.416
7672,99.416
7673,99.416
7674,99.416
7675,99.416
7676,99.416
7677,99.416
7678,99.416
7679,99.416
7680,99.416
7681,99.416
7682,99.416
7683,99.416
7684,99.416
7685,99.416
7686,99.416
7687,99.416
7688,99.416
7689,99.416
7690,99.416
7691,99.416
7692,99.416
7693,99.416
7694,99.416
7695,99.416
7696,99.416
7697,99.416
7698,99.416
7699,99.416
7700,99.416
7701,99.416
7702,99.416
7703,99.416
7704,99.416
7705,99.416
7706,99.416
7707,99.416
7708,99.416
7709,99.416
7710,99.416
7711,99.416
7712,99.416
7713,99.416
7714,99.416
7715,99.416
7716,99.416
7717,99.416
7718,99.416
7719,99.416
7720,99.416
7721,99.416
7722,99.416
7723,99.416
7724,99.416
7725,99.416
7726,99.416
7727,99.416
7728,99.416
7729,99.416
7730,99.416
7731,99.416
7732,99.416
7733,100.015
7734,100.015
7735,100.015
7736,100.015
7737,100.015
7738,100.015
7739,100.015
7740,100.015
7741,100.015
7742,100.015
7743,100.015
7744,100.015
7745,100.015
7746,100.015
7747,100.015
7748,100.015
7749,100.015
7750,100.015
7751,100.015
7752,100.015
7753,100.015
7754,100.015
7755,100.015
7756,100.015
7757,100.015
7758,100.015
7759,100.015
7760,100.015
7761,100.015
7762,100.015
7763,100.015
7764,100.015
7765,100.015
7766,100.015
7767,100.015
7768,100.015
7769,100.015
7770,100.015
7771,100.015
7772,100.015
7773,100.015
7774,100.015
7775,100.015
7776,100.015
7777,100.015
7778,100.015
7779,100.015
7780,100.015
7781,100.015
7782,100.015
7783,100.015
7784,100.015
7785,100.015
7786,100.015
7787,100.015
7788,100.015
7789,100.015
7790,100.015
7791,100.015
7792,100.015
7793,100.015
7794,100.015
7795,100.015
7796,100.015
7797,100.015
7798,100.015
7799,100.015
7800,100.015
7801,100.015
7802,100.015
7803,100.015
7804,100.015
7805,100.015
7806,100.015
7807,100.015
7808,100.015
7809,100.015
7810,100.015
7811,100.015
7812,100.015
7813,100.015
7814,100.015
7815,100.015
7816,100.015
7817,100.015
7818,100.015
7819,100.015
7820,100.015
7821,100.015
7822,100.015
7823,100.015
7824,100.015
7825,100.015
7826,100.015
7827,100.015
7828,100.015
7829,100.015
7830,100.015
7831,100.015
7832,100.015
7833,99.743
7834,99.743
7835,99.743
7836,99.743
7837,99.743
7838,99.743
7839,99.743
7840,99.743
7841,99.743
7842,99.743
7843,99.743
7844,99.743
7845,99.743
7846,99.743
7847,99.743
7848,99.743
7849,99.743
7850,99.743
7851,99.743
7852,99.743
7853,99.743
7854,99.743
7855,99.743
7856,99.743
7857,99.743
7858,99.743
7859,99.743
7860,99.743
7861,99.743
7862,99.743
7863,99.743
7864,99.743
7865,99.743
7866,99.743
7867,99.743
7868,99.743
7869,99.743
7870,99.743
7871,99.743
7872,99.743
7873,99.743
7874,99.743
7875,99.743
7876,99.743
7877,99.743
7878,99.743
7879,99.743
7880,99.743
7881,99.743
7882,99.743
7883,99.743
7884,99.743
7885,99.743
7886,99.743
7887,99.743
7888,99.743
7889,99.743
7890,99.743
7891,99.743
7892,99.743
7893,99.743
7894,99.743
7895,99.743
7896,99.743
7897,99.743
7898,99.743
7899,99.743
7900,99.743
7901,99.743
7902,99.743
7903,99.743
7904,99.743
7905,99.743
7906,99.743
7907,99.743
7908,99.743
7909,99.743
7910,99.743
7911,99.743
7912,99.743
7913,99.743
7914,99.743
7915,99.743
7916,99.743
7917,99.743
7918,99.743
7919,99.743
7920,99.743
7921,99.743
7922,99.743
7923,99.743
7924,99.743
7925,99.743
7926,99.743
7927,99.743
7928,99.743
7929,99.743
7930,99.743
7931,99.743
7932,99.743
7933,99.743
7934,99.743
7935,99.743
7936,99.743
7937,99.743
7938,99.743
7939,99.743
7940,99.743
7941,99.743
7942,99.743
7943,99.743
7944,99.743
7945,99.743
7946,99.743
7947,99.743
7948,99.743
7949,99.743
7950,99.743
7951,99.743
7952,99.743
7953,99.743
7954,99.743
7955,99.743
7956,99.743
7957,99.743
7958,99.743
7959,99.743
7960,99.743
7961,99.743
7962,99.743
7963,99.743
7964,99.743
7965,99.743
7966,99.743
7967,99.743
7968,99.743
7969,99.743
7970,99.743
7971,99.743
7972,99.743
7973,99.743
7974,99.743
7975,99.743
7976,99.743
7977,99.743
7978,99.743
7979,99.743
7980,99.743
7981,99.743
7982,99.743
7983,99.743
7984,99.743
7985,99.743
7986,99.743
7987,99.743
7988,99.743
7989,99.743
7990,99.743
7991,99.743
7992,99.743
7993,99.743
7994,99.743
7995,99.743
7996,99.743
7997,99.743
7998,99.743
7999,99.743
8000,99.743
8001,99.743
8002,99.743
8003,99.743
8004,99.743
8005,99.743
8006,99.743
8007,99.743
8008,99.743
8009,99.743
8010,99.743
8011,99.743
8012,99.743
8013,99.743
8014,99.743
8015,99.743
8016,99.743
8017,99.743
8018,99.743
8019,99.743
8020,99.743
8021,99.743
8022,99.743
8023,99.743
8024,99.743
8025,99.743
8026,99.743
8027,99.743
8028,99.743
8029,99.743
8030,99.743
8031,99.743
8032,99.743
8033,100.287
8034,100.287
8035,100.287
8036,100.287
8037,100.287
8038,100.287
8039,100.287
8040,100.287
8041,100.287
8042,100.287
8043,100.287
8044,100.287
8045,100.287
8046,100.287
8047,100.287
8048,100.287
8049,100.287
8050,100.287
8051,100.287
8052,100.287
8053,100.287
8054,100.287
8055,100.287
8056,100.287
8057,100.287
8058,100.287
8059,100.287
8060,100.287
8061,100.287
8062,100.287
8063,100.287
8064,100.287
8065,100.287
8066,100.287
8067,100.287
8068,100.287
8069,100.287
8070,100.287
8071,100.287
8072,100.287
8073,100.287
8074,100.287
8075,100.287
8076,100.287
8077,100.287
8078,100.287
8079,100.287
8080,100.287
8081,100.287
8082,100.287
8083,100.287
8084,100.287
8085,100.287
8086,100.287
8087,100.287
8088,100.287
8089,100.287
8090,100.287
8091,100.287
8092,100.287
8093,100.287
8094,100.287
8095,100.287
8096,100.287
8097,100.287
8098,100.287
8099,100.287
8100,100.287
8101,100.287
8102,100.287
8103,100.287
8104,100.287
8105,100.287
8106,100.287
8107,100.287
8108,100.287
8109,100.287
8110,100.287
8111,100.287
8112,100.287
8113,100.287
8114,100.287
8115,100.287
8116,100.287
8117,100.287
8118,100.287
8119,100.287
8120,100.287
8121,100.287
8122,100.287
8123,100.287
8124,100.287
8125,100.287
8126,100.287
8127,100.287
8128,100.287
8129,100.287
8130,100.287
8131,100.287
8132,100.287
8133,100.894
8134,100.894
8135,100.894
8136,100.894
8137,100.894
8138,100.894
8139,100.894
8140,100.894
8141,100.894
8142,100.894
8143,100.894
8144,100.894
8145,100.894
8146,100.894
8147,100.894
8148,100.894
8149,100.894
8150,100.894
8151,100.894
8152,100.894
8153,100.894
8154,100.894
8155,100.894
8156,100.894
8157,100.894
8158,100.894
8159,100.894
8160,100.894
8161,100.894
8162,100.894
8163,100.894
8164,100.894
8165,100.894
8166,100.894
8167,100.894
8168,100.894
8169,100.894
8170,100.894
8171,100.894
8172,100.894
8173,100.894
8174,100.894
8175,100.894
8176,100.894
8177,100.894
8178,100.894
8179,100.894
8180,100.894
8181,100.894
8182,100.894
8183,100.894
8184,100.894
8185,100.894
8186,100.894
8187,100.894
8188,100.894
8189,100.894
8190,100.894
8191,100.894
8192,100.894
8193,100.894
8194,100.894
8195,100.894
8196,100.894
8197,100.894
8198,100.894
8199,100.894
8200,100.894
8201,100.894
8202,100.894
8203,100.894
8204,100.894
8205,100.894
8206,100.894
8207,100.894
8208,100.894
8209,100.894
8210,100.894
8211,100.894
8212,100.894
8213,100.894
8214,100.894
8215,100.894
8216,100.894
8217,100.894
8218,100.894
8219,100.894
8220,100.894
8221,100.894
8222,100.894
8223,100.894
8224,100.894
8225,100.894
8226,100.894
8227,100.894
8228,100.894
8229,100.894
8230,100.894
8231,100.894
8232,100.894
8233,99.416
8234,99.416
8235,99.416
8236,99.416
8237,99.416
8238,99.416
8239,99.416
8240,99.416
8241,99.416
8242,99.416
8243,99.416
8244,99.416
8245,99.416
8246,99.416
8247,99.416
8248,99.416
8249,99.416
8250,99.416
8251,99.416
8252,99.416
8253,99.416
8254,99.416
8255,99.416
8256,99.416
8257,99.416
8258,99.416
8259,99.416
8260,99.416
8261,99.416
8262,99.416
8263,99.416
8264,99.416
8265,99.416
8266,99.416
8267,99.416
8268,99.416
8269,99.416
8270,99.416
8271,99.416
8272,99.416
8273,99.416
8274,99.416
8275,99.416
8276,99.416
8277,99.416
8278,99.416
8279,99.416
8280,99.416
8281,99.416
8282,99.416
8283,99.416
8284,99.416
8285,99.416
8286,99.416
8287,99.416
8288,99.416
8289,99.416
8290,99.416
8291,99.416
8292,99.416
8293,99.416
8294,99.416
8295,99.416
8296,99.416
8297,99.416
8298,99.416
8299,99.416
8300,99.416
8301,99.416
8302,99.416
8303,99.416
8304,99.416
8305,99.416
8306,99.416
8307,99.416
8308,99.416
8309,99.416
8310,99.416
8311,99.416
8312,99.416
8313,99.416
8314,99.416
8315,99.416
8316,99.416
8317,99.416
8318,99.416
8319,99.416
8320,99.416
8321,99.416
8322,99.416
8323,99.416
8324,99.416
8325,99.416
8326,99.416
8327,99.416
8328,99.416
8329,99.416
8330,99.416
8331,99.416
8332,99.416
8333,99.144
8334,99.144
8335,99.144
8336,99.144
8337,99.144
8338,99.144
8339,99.144
8340,99.144
8341,99.144
8342,99.144
8343,99.144
8344,99.144
8345,99.144
8346,99.144
8347,99.144
8348,99.144
8349,99.144
8350,99.144
8351,99.144
8352,99.144
8353,99.144
8354,99.144
8355,99.144
8356,99.144
8357,99.144
8358,99.144
8359,99.144
8360,99.144
8361,99.144
8362,99.144
8363,99.144
8364,99.144
8365,99.144
8366,99.144
8367,99.144
8368,99.144
8369,99.144
8370,99.144
8371,99.144
8372,99.144
8373,99.144
8374,99.144
8375,99.144
8376,99.144
8377,99.144
8378,99.144
8379,99.144
8380,99.144
8381,99.144
8382,99.144
8383,99.144
8384,99.144
8385,99.144
8386,99.144
8387,99.144
8388,99.144
8389,99.144
8390,99.144
8391,99.144
8392,99.144
8393,99.144
8394,99.144
8395,99.144
8396,99.144
8397,99.144
8398,99.144
8399,99.144
8400,99.144
8401,99.144
8402,99.144
8403,99.144
8404,99.144
8405,99.144
8406,99.144
8407,99.144
8408,99.144
8409,99.144
8410,99.144
8411,99.144
8412,99.144
8413,99.144
8414,99.144
8415,99.144
8416,99.144
8417,99.144
8418,99.144
8419,99.144
8420,99.144
8421,99.144
8422,99.144
8423,99.144
8424,99.144
8425,99.144
8426,99.144
8427,99.144
8428,99.144
8429,99.144
8430,99.144
8431,99.144
8432,99.144
8433,99.416
8434,99.416
8435,99.416
8436,99.416
8437,99.416
8438,99.416
8439,99.416
8440,99.416
8441,99.416
8442,99.416
8443,99.416
8444,99.416
8445,99.416
8446,99.416
8447,99.416
8448,99.416
8449,99.416
8450,99.416
8451,99.416
8452,99.416
8453,99.416
8454,99.416
8455,99.416
8456,99.416
8457,99.416
8458,99.416
8459,99.416
8460,99.416
8461,99.416
8462,99.416
8463,99.416
8464,99.416
8465,99.416
8466,99.416
8467,99.416
8468,99.416
8469,99.416
8470,99.416
8471,99.416
8472,99.416
8473,99.416
8474,99.416
8475,99.416
8476,99.416
8477,99.416
8478,99.416
8479,99.416
8480,99.416
8481,99.416
8482,99.416
8483,99.416
8484,99.416
8485,99.416
8486,99.416
8487,99.416
8488,99.416
8489,99.416
8490,99.416
8491,99.416
8492,99.416
8493,99.416
8494,99.416
8495,99.416
8496,99.416
8497,99.416
8498,99.416
8499,99.416
8500,99.416
8501,99.416
8502,99.416
8503,99.416
8504,99.416
8505,99.416
8506,99.416
8507,99.416
8508,99.416
8509,99.416
8510,99.416
8511,99.416
8512,99.416
8513,99.416
8514,99.416
8515,99.416
8516,99.416
8517,99.416
8518,99.416
8519,99.416
8520,99.416
8521,99.416
8522,99.416
8523,99.416
8524,99.416
8525,99.416
8526,99.416
8527,99.416
8528,99.416
8529,99.416
8530,99.416
8531,99.416
8532,99.416
8533,99.144
8534,99.144
8535,99.144
8536,99.144
8537,99.144
8538,99.144
8539,99.144
8540,99.144
8541,99.144
8542,99.144
8543,99.144
8544,99.144
8545,99.144
8546,99.144
8547,99.144
8548,99.144
8549,99.144
8550,99.144
8551,99.144
8552,99.144
8553,99.144
8554,99.144
8555,99.144
8556,99.144
8557,99.144
8558,99.144
8559,99.144
8560,99.144
8561,99.144
8562,99.144
8563,99.144
8564,99.144
8565,99.144
8566,99.144
8567,99.144
8568,99.144
8569,99.144
8570,99.144
8571,99.144
8572,99.144
8573,99.144
8574,99.144
8575,99.144
8576,99.144
8577,99.144
8578,99.144
8579,99.144
8580,99.144
8581,99.144
8582,99.144
8583,99.144
8584,99.144
8585,99.144
8586,99.144
8587,99.144
8588,99.144
8589,99.144
8590,99.144
8591,99.144
8592,99.144
8593,99.144
8594,99.144
8595,99.144
8596,99.144
8597,99.144
8598,99.144
8599,99.144
8600,99.144
8601,99.144
8602,99.144
8603,99.144
8604,99.144
8605,99.144
8606,99.144
8607,99.144
8608,99.144
8609,99.144
8610,99.144
8611,99.144
8612,99.144
8613,99.144
8614,99.144
8615,99.144
8616,99.144
8617,99.144
8618,99.144
8619,99.144
8620,99.144
8621,99.144
8622,99.144
8623,99.144
8624,99.144
8625,99.144
8626,99.144
8627,99.144
8628,99.144
8629,99.144
8630,99.144
8631,99.144
8632,99.144
8633,99.518
8634,99.518
8635,99.518
8636,99.518
8637,99.518
8638,99.518
8639,99.518
8640,99.518
8641,99.518
8642,99.518
8643,99.518
8644,99.518
8645,99.518
8646,99.518
8647,99.518
8648,99.518
8649,99.518
8650,99.518
8651,99.518
8652,99.518
8653,99.518
8654,99.518
8655,99.518
8656,99.518
8657,99.518
8658,99.518
8659,99.518
8660,99.518
8661,99.518
8662,99.518
8663,99.518
8664,99.518
8665,99.518
8666,99.518
8667,99.518
8668,99.518
8669,99.518
8670,99.518
8671,99.518
8672,99.518
8673,99.518
8674,99.518
8675,99.518
8676,99.518
8677,99.518
8678,99.518
8679,99.518
8680,99.518
8681,99.518
8682,99.518
8683,99.518
8684,99.518
8685,99.518
8686,99.518
8687,99.518
8688,99.518
8689,99.518
8690,99.518
8691,99.518
8692,99.518
8693,99.518
8694,99.518
8695,99.518
8696,99.518
8697,99.518
8698,99.518
8699,99.518
8700,99.518
8701,99.518
8702,99.518
8703,99.518
8704,99.518
8705,99.518
8706,99.518
8707,99.518
8708,99.518
8709,99.518
8710,99.518
8711,99.518
8712,99.518
8713,99.518
8714,99.518
8715,99.518
8716,99.518
8717,99.518
8718,99.518
8719,99.518
8720,99.518
8721,99.518
8722,99.518
8723,99.518
8724,99.518
8725,99.518
8726,99.518
8727,99.518
8728,99.518
8729,99.518
8730,99.518
8731,99.518
8732,99.518
8733,100.118
8734,100.118
8735,100.118
8736,100.118
8737,100.118
8738,100.118
8739,100.118
8740,100.118
8741,100.118
8742,100.118
8743,100.118
8744,100.118
8745,100.118
8746,100.118
8747,100.118
8748,100.118
8749,100.118
8750,100.118
8751,100.118
8752,100.118
8753,100.118
8754,100.118
8755,100.118
8756,100.118
8757,100.118
8758,100.118
8759,100.118
8760,100.118
8761,100.118
8762,100.118
8763,100.118
8764,100.118
8765,100.118
8766,100.118
8767,100.118
8768,100.118
8769,100.118
8770,100.118
8771,100.118
8772,100.118
8773,100.118
8774,100.118
8775,100.118
8776,100.118
8777,100.118
8778,100.118
8779,100.118
8780,100.118
8781,100.118
8782,100.118
8783,100.118
8784,100.118
8785,100.118
8786,100.118
8787,100.118
8788,100.118
8789,100.118
8790,100.118
8791,100.118
8792,100.118
8793,100.118
8794,100.118
8795,100.118
8796,100.118
8797,100.118
8798,100.118
8799,100.118
8800,100.118
8801,100.118
8802,100.118
8803,100.118
8804,100.118
8805,100.118
8806,100.118
8807,100.118
8808,100.118
8809,100.118
8810,100.118
8811,100.118
8812,100.118
8813,100.118
8814,100.118
8815,100.118
8816,100.118
8817,100.118
8818,100.118
8819,100.118
8820,100.118
8821,100.118
8822,100.118
8823,100.118
8824,100.118
8825,100.118
8826,100.118
8827,100.118
8828,100.118
8829,100.118
8830,100.118
8831,100.118
8832,100.118
8833,100.118
8834,100.118
8835,100.118
8836,100.118
8837,100.118
8838,100.118
8839,100.118
8840,100.118
8841,100.118
8842,100.118
8843,100.118
8844,100.118
8845,100.118
8846,100.118
8847,100.118
8848,100.118
8849,100.118
8850,100.118
8851,100.118
8852,100.118
8853,100.118
8854,100.118
8855,100.118
8856,100.118
8857,100.118
8858,100.118
8859,100.118
8860,100.118
8861,100.118
8862,100.118
8863,100.118
8864,100.118
8865,100.118
8866,100.118
8867,100.118
8868,100.118
8869,100.118
8870,100.118
8871,100.118
8872,100.118
8873,100.118
8874,100.118
8875,100.118
8876,100.118
8877,100.118
8878,100.118
8879,100.118
8880,100.118
8881,100.118
8882,100.118
8883,100.118
8884,100.118
8885,100.118
8886,100.118
8887,100.118
8888,100.118
8889,100.118
8890,100.118
8891,100.118
8892,100.118
8893,100.118
8894,100.118
8895,100.118
8896,100.118
8897,100.118
8898,100.118
8899,100.118
8900,100.118
8901,100.118
8902,100.118
8903,100.118
8904,100.118
8905,100.118
8906,100.118
8907,100.118
8908,100.118
8909,100.118
8910,100.118
8911,100.118
8912,100.118
8913,100.118
8914,100.118
8915,100.118
8916,100.118
8917,100.118
8918,100.118
8919,100.118
8920,100.118
8921,100.118
8922,100.118
8923,100.118
8924,100.118
8925,100.118
8926,100.118
8927,100.118
8928,100.118
8929,100.118
8930,100.118
8931,100.118
8932,100.118
8933,101.597
8934,101.597
8935,101.597
8936,101.597
8937,101.597
8938,101.597
8939,101.597
8940,101.597
8941,101.597
8942,101.597
8943,101.597
8944,101.597
8945,101.597
8946,101.597
8947,101.597
8948,101.597
8949,101.597
8950,101.597
8951,101.597
8952,101.597
8953,101.597
8954,101.597
8955,101.597
8956,101.597
8957,101.597
8958,101.597
8959,101.597
8960,101.597
8961,101.597
8962,101.597
8963,101.597
8964,101.597
8965,101.597
8966,101.597
8967,101.597
8968,101.597
8969,101.597
8970,101.597
8971,101.597
8972,101.597
8973,101.597
8974,101.597
8975,101.597
8976,101.597
8977,101.597
8978,101.597
8979,101.597
8980,101.597
8981,101.597
8982,101.597
8983,101.597
8984,101.597
8985,101.597
8986,101.597
8987,101.597
8988,101.597
8989,101.597
8990,101.597
8991,101.597
8992,101.597
8993,101.597
8994,101.597
8995,101.597
8996,101.597
8997,101.597
8998,101.597
8999,101.597
9000,101.597
9001,101.597
9002,101.597
9003,101.597
9004,101.597
9005,101.597
9006,101.597
9007,101.597
9008,101.597
9009,101.597
9010,101.597
9011,101.597
9012,101.597
9013,101.597
9014,101.597
9015,101.597
9016,101.597
9017,101.597
9018,101.597
9019,101.597
9020,101.597
9021,101.597
9022,101.597
9023,101.597
9024,101.597
9025,101.597
9026,101.597
9027,101.597
9028,101.597
9029,101.597
9030,101.597
9031,101.597
9032,101.597
9033,100.118
9034,100.118
9035,100.118
9036,100.118
9037,100.118
9038,100.118
9039,100.118
9040,100.118
9041,100.118
9042,100.118
9043,100.118
9044,100.118
9045,100.118
9046,100.118
9047,100.118
9048,100.118
9049,100.118
9050,100.118
9051,100.118
9052,100.118
9053,100.118
9054,100.118
9055,100.118
9056,100.118
9057,100.118
9058,100.118
9059,100.118
9060,100.118
9061,100.118
9062,100.118
9063,100.118
9064,100.118
9065,100.118
9066,100.118
9067,100.118
9068,100.118
9069,100.118
9070,100.118
9071,100.118
9072,100.118
9073,100.118
9074,100.118
9075,100.118
9076,100.118
9077,100.118
9078,100.118
9079,100.118
9080,100.118
9081,100.118
9082,100.118
9083,100.118
9084,100.118
9085,100.118
9086,100.118
9087,100.118
9088,100.118
9089,100.118
9090,100.118
9091,100.118
9092,100.118
9093,100.118
9094,100.118
9095,100.118
9096,100.118
9097,100.118
9098,100.118
9099,100.118
9100,100.118
9101,100.118
9102,100.118
9103,100.118
9104,100.118
9105,100.118
9106,100.118
9107,100.118
9108,100.118
9109,100.118
9110,100.118
9111,100.118
9112,100.118
9113,100.118
9114,100.118
9115,100.118
9116,100.118
9117,100.118
9118,100.118
9119,100.118
9120,100.118
9121,100.118
9122,100.118
9123,100.118
9124,100.118
9125,100.118
9126,100.118
9127,100.118
9128,100.118
9129,100.118
9130,100.118
9131,100.118
9132,100.118
9133,98.966
9134,98.966
9135,98.966
9136,98.966
9137,98.966
9138,98.966
9139,98.966
9140,98.966
9141,98.966
9142,98.966
9143,98.966
9144,98.966
9145,98.966
9146,98.966
9147,98.966
9148,98.966
9149,98.966
9150,98.966
9151,98.966
9152,98.966
9153,98.966
9154,98.966
9155,98.966
9156,98.966
9157,98.966
9158,98.966
9159,98.966
9160,98.966
9161,98.966
9162,98.966
9163,98.966
9164,98.966
9165,98.966
9166,98.966
9167,98.966
9168,98.966
9169,98.966
9170,98.966
9171,98.966
9172,98.966
9173,98.966
9174,98.966
9175,98.966
9176,98.966
9177,98.966
9178,98.966
9179,98.966
9180,98.966
9181,98.966
9182,98.966
9183,98.966
9184,98.966
9185,98.966
9186,98.966
9187,98.966
9188,98.966
9189,98.966
9190,98.966
9191,98.966
9192,98.966
9193,98.966
9194,98.966
9195,98.966
9196,98.966
9197,98.966
9198,98.966
9199,98.966
9200,98.966
9201,98.966
9202,98.966
9203,98.966
9204,98.966
9205,98.966
9206,98.966
9207,98.966
9208,98.966
9209,98.966
9210,98.966
9211,98.966
9212,98.966
9213,98.966
9214,98.966
9215,98.966
9216,98.966
9217,98.966
9218,98.966
9219,98.966
9220,98.966
9221,98.966
9222,98.966
9223,98.966
9224,98.966
9225,98.966
9226,98.966
9227,98.966
9228,98.966
9229,98.966
9230,98.966
9231,98.966
9232,98.966
9233,98.966
9234,99.144
9235,99.144
9236,99.144
9237,99.144
9238,99.144
9239,99.144
9240,99.144
9241,99.144
9242,99.144
9243,99.144
9244,99.144
9245,99.144
9246,99.144
9247,99.144
9248,99.144
9249,99.144
9250,99.144
9251,99.144
9252,99.144
9253,99.144
9254,99.144
9255,99.144
9256,99.144
9257,99.144
9258,99.144
9259,99.144
9260,99.144
9261,99.144
9262,99.144
9263,99.144
9264,99.144
9265,99.144
9266,99.144
9267,99.144
9268,99.144
9269,99.144
9270,99.144
9271,99.144
9272,99.144
9273,99.144
9274,99.144
9275,99.144
9276,99.144
9277,99.144
9278,99.144
9279,99.144
9280,99.144
9281,99.144
9282,99.144
9283,99.144
9284,99.144
9285,99.144
9286,99.144
9287,99.144
9288,99.144
9289,99.144
9290,99.144
9291,99.144
9292,99.144
9293,99.144
9294,99.144
9295,99.144
9296,99.144
9297,99.144
9298,99.144
9299,99.144
9300,99.144
9301,99.144
9302,99.144
9303,99.144
9304,99.144
9305,99.144
9306,99.144
9307,99.144
9308,99.144
9309,99.144
9310,99.144
9311,99.144
9312,99.144
9313,99.144
9314,99.144
9315,99.144
9316,99.144
9317,99.144
9318,99.144
9319,99.144
9320,99.144
9321,99.144
9322,99.144
9323,99.144
9324,99.144
9325,99.144
9326,99.144
9327,99.144
9328,99.144
9329,99.144
9330,99.144
9331,99.144
9332,99.144
9333,99.144
9334,99.416
9335,99.416
9336,99.416
9337,99.416
9338,99.416
9339,99.416
9340,99.416
9341,99.416
9342,99.416
9343,99.416
9344,99.416
9345,99.416
9346,99.416
9347,99.416
9348,99.416
9349,99.416
9350,99.416
9351,99.416
9352,99.416
9353,99.416
9354,99.416
9355,99.416
9356,99.416
9357,99.416
9358,99.416
9359,99.416
9360,99.416
9361,99.416
9362,99.416
9363,99.416
9364,99.416
9365,99.416
9366,99.416
9367,99.416
9368,99.416
9369,99.416
9370,99.416
9371,99.416
9372,99.416
9373,99.416
9374,99.416
9375,99.416
9376,99.416
9377,99.416
9378,99.416
9379,99.416
9380,99.416
9381,99.416
9382,99.416
9383,99.416
9384,99.416
9385,99.416
9386,99.416
9387,99.416
9388,99.416
9389,99.416
9390,99.416
9391,99.416
9392,99.416
9393,99.416
9394,99.416
9395,99.416
9396,99.416
9397,99.416
9398,99.416
9399,99.416
9400,99.416
9401,99.416
9402,99.416
9403,99.416
9404,99.416
9405,99.416
9406,99.416
9407,99.416
9408,99.416
9409,99.416
9410,99.416
9411,99.416
9412,99.416
9413,99.416
9414,99.416
9415,99.416
9416,99.416
9417,99.416
9418,99.416
9419,99.416
9420,99.416
9421,99.416
9422,99.416
9423,99.416
9424,99.416
9425,99.416
9426,99.416
9427,99.416
9428,99.416
9429,99.416
9430,99.416
9431,99.416
9432,99.416
9433,99.416
9434,99.416
9435,99.845
9436,99.845
9437,99.845
9438,99.845
9439,99.845
9440,99.845
9441,99.845
9442,99.845
9443,99.845
9444,99.845
9445,99.845
9446,99.845
9447,99.845
9448,99.845
9449,99.845
9450,99.845
9451,99.845
9452,99.845
9453,99.845
9454,99.845
9455,99.845
9456,99.845
9457,99.845
9458,99.845
9459,99.845
9460,99.845
9461,99.845
9462,99.845
9463,99.845
9464,99.845
9465,99.845
9466,99.845
9467,99.845
9468,99.845
9469,99.845
9470,99.845
9471,99.845
9472,99.845
9473,99.845
9474,99.845
9475,99.845
9476,99.845
9477,99.845
9478,99.845
9479,99.845
9480,99.845
9481,99.845
9482,99.845
9483,99.845
9484,99.845
9485,99.845
9486,99.845
9487,99.845
9488,99.845
9489,99.845
9490,99.845
9491,99.845
9492,99.845
9493,99.845
9494,99.845
9495,99.845
9496,99.845
9497,99.845
9498,99.845
9499,99.845
9500,99.845
9501,99.845
9502,99.845
9503,99.845
9504,99.845
9505,99.845
9506,99.845
9507,99.845
9508,99.845
9509,99.845
9510,99.845
9511,99.845
9512,99.845
9513,99.845
9514,99.845
9515,99.845
9516,99.845
9517,99.845
9518,99.845
9519,99.845
9520,99.845
9521,99.845
9522,99.845
9523,99.845
9524,99.845
9525,99.845
9526,99.845
9527,99.845
9528,99.845
9529,99.845
9530,99.845
9531,99.845
9532,99.845
9533,99.845
9534,99.144
9535,99.144
9536,99.144
9537,99.144
9538,99.144
9539,99.144
9540,99.144
9541,99.144
9542,99.144
9543,99.144
9544,99.144
9545,99.144
9546,99.144
9547,99.144
9548,99.144
9549,99.144
9550,99.144
9551,99.144
9552,99.144
9553,99.144
9554,99.144
9555,99.144
9556,99.144
9557,99.144
9558,99.144
9559,99.144
9560,99.144
9561,99.144
9562,99.144
9563,99.144
9564,99.144
9565,99.144
9566,99.144
9567,99.144
9568,99.144
9569,99.144
9570,99.144
9571,99.144
9572,99.144
9573,99.144
9574,99.144
9575,99.144
9576,99.144
9577,99.144
9578,99.144
9579,99.144
9580,99.144
9581,99.144
9582,99.144
9583,99.144
9584,99.144
9585,99.144
9586,99.144
9587,99.144
9588,99.144
9589,99.144
9590,99.144
9591,99.144
9592,99.144
9593,99.144
9594,99.144
9595,99.144
9596,99.144
9597,99.144
9598,99.144
9599,99.144
9600,99.144
9601,99.144
9602,99.144
9603,99.144
9604,99.144
9605,99.144
9606,99.144
9607,99.144
9608,99.144
9609,99.144
9610,99.144
9611,99.144
9612,99.144
9613,99.144
9614,99.144
9615,99.144
9616,99.144
9617,99.144
9618,99.144
9619,99.144
9620,99.144
9621,99.144
9622,99.144
9623,99.144
9624,99.144
9625,99.144
9626,99.144
9627,99.144
9628,99.144
9629,99.144
9630,99.144
9631,99.144
9632,99.144
9633,99.144
9634,100.015
9635,100.015
9636,100.015
9637,100.015
9638,100.015
9639,100.015
9640,100.015
9641,100.015
9642,100.015
9643,100.015
9644,100.015
9645,100.015
9646,100.015
9647,100.015
9648,100.015
9649,100.015
9650,100.015
9651,100.015
9652,100.015
9653,100.015
9654,100.015
9655,100.015
9656,100.015
9657,100.015
9658,100.015
9659,100.015
9660,100.015
9661,100.015
9662,100.015
9663,100.015
9664,100.015
9665,100.015
9666,100.015
9667,100.015
9668,100.015
9669,100.015
9670,100.015
9671,100.015
9672,100.015
9673,100.015
9674,100.015
9675,100.015
9676,100.015
9677,100.015
9678,100.015
9679,100.015
9680,100.015
9681,100.015
9682,100.015
9683,100.015
9684,100.015
9685,100.015
9686,100.015
9687,100.015
9688,100.015
9689,100.015
9690,100.015
9691,100.015
9692,100.015
9693,100.015
9694,100.015
9695,100.015
9696,100.015
9697,100.015
9698,100.015
9699,100.015
9700,100.015
9701,100.015
9702,100.015
9703,100.015
9704,100.015
9705,100.015
9706,100.015
9707,100.015
9708,100.015
9709,100.015
9710,100.015
9711,100.015
9712,100.015
9713,100.015
9714,100.015
9715,100.015
9716,100.015
9717,100.015
9718,100.015
9719,100.015
9720,100.015
9721,100.015
9722,100.015
9723,100.015
9724,100.015
9725,100.015
9726,100.015
9727,100.015
9728,100.015
9729,100.015
9730,100.015
9731,100.015
9732,100.015
9733,100.015
9734,100.894
9735,100.894
9736,100.894
9737,100.894
9738,100.894
9739,100.894
9740,100.894
9741,100.894
9742,100.894
9743,100.894
9744,100.894
9745,100.894
9746,100.894
9747,100.894
9748,100.894
9749,100.894
9750,100.894
9751,100.894
9752,100.894
9753,100.894
9754,100.894
9755,100.894
9756,100.894
9757,100.894
9758,100.894
9759,100.894
9760,100.894
9761,100.894
9762,100.894
9763,100.894
9764,100.894
9765,100.894
9766,100.894
9767,100.894
9768,100.894
9769,100.894
9770,100.894
9771,100.894
9772,100.894
9773,100.894
9774,100.894
9775,100.894
9776,100.894
9777,100.894
9778,100.894
9779,100.894
9780,100.894
9781,100.894
9782,100.894
9783,100.894
9784,100.894
9785,100.894
9786,100.894
9787,100.894
9788,100.894
9789,100.894
9790,100.894
9791,100.894
9792,100.894
9793,100.894
9794,100.894
9795,100.894
9796,100.894
9797,100.894
9798,100.894
9799,100.894
9800,100.894
9801,100.894
9802,100.894
9803,100.894
9804,100.894
9805,100.894
9806,100.894
9807,100.894
9808,100.894
9809,100.894
9810,100.894
9811,100.894
9812,100.894
9813,100.894
9814,100.894
9815,100.894
9816,100.894
9817,100.894
9818,100.894
9819,100.894
9820,100.894
9821,100.894
9822,100.894
9823,100.894
9824,100.894
9825,100.894
9826,100.894
9827,100.894
9828,100.894
9829,100.894
9830,100.894
9831,100.894
9832,100.894
9833,100.894
9834,100.894
9835,100.894
9836,100.894
9837,100.894
9838,100.894
9839,100.894
9840,100.894
9841,100.894
9842,100.894
9843,100.894
9844,100.894
9845,100.894
9846,100.894
9847,100.894
9848,100.894
9849,100.894
9850,100.894
9851,100.894
9852,100.894
9853,100.894
9854,100.894
9855,100.894
9856,100.894
9857,100.894
9858,100.894
9859,100.894
9860,100.894
9861,100.894
9862,100.894
9863,100.894
9864,100.894
9865,100.894
9866,100.894
9867,100.894
9868,100.894
9869,100.894
9870,100.894
9871,100.894
9872,100.894
9873,100.894
9874,100.894
9875,100.894
9876,100.894
9877,100.894
9878,100.894
9879,100.894
9880,100.894
9881,100.894
9882,100.894
9883,100.894
9884,100.894
9885,100.894
9886,100.894
9887,100.894
9888,100.894
9889,100.894
9890,100.894
9891,100.894
9892,100.894
9893,100.894
9894,100.894
9895,100.894
9896,100.894
9897,100.894
9898,100.894
9899,100.894
9900,100.894
9901,100.894
9902,100.894
9903,100.894
9904,100.894
9905,100.894
9906,100.894
9907,100.894
9908,100.894
9909,100.894
9910,100.894
9911,100.894
9912,100.894
9913,100.894
9914,100.894
9915,100.894
9916,100.894
9917,100.894
9918,100.894
9919,100.894
9920,100.894
9921,100.894
9922,100.894
9923,100.894
9924,100.894
9925,100.894
9926,100.894
9927,100.894
9928,100.894
9929,100.894
9930,100.894
9931,100.894
9932,100.894
9933,100.894
9934,99.743
9935,99.743
9936,99.743
9937,99.743
9938,99.743
9939,99.743
9940,99.743
9941,99.743
9942,99.743
9943,99.743
9944,99.743
9945,99.743
9946,99.743
9947,99.743
9948,99.743
9949,99.743
9950,99.743
9951,99.743
9952,99.743
9953,99.743
9954,99.743
9955,99.743
9956,99.743
9957,99.743
9958,99.743
9959,99.743
9960,99.743
9961,99.743
9962,99.743
9963,99.743
9964,99.743
9965,99.743
9966,99.743
9967,99.743
9968,99.743
9969,99.743
9970,99.743
9971,99.743
9972,99.743
9973,99.743
9974,99.743
9975,99.743
9976,99.743
9977,99.743
9978,99.743
9979,99.743
9980,99.743
9981,99.743
9982,99.743
9983,99.743
9984,99.743
9985,99.743
9986,99.743
9987,99.743
9988,99.743
9989,99.743
9990,99.743
9991,99.743
9992,99.743
9993,99.743
9994,99.743
9995,99.743
9996,99.743
9997,99.743
9998,99.743
9999,99.743
10000,99.743
10001,99.743
10002,99.743
10003,99.743
10004,99.743
10005,99.743
10006,99.743
10007,99.743
10008,99.743
10009,99.743
10010,99.743
10011,99.743
10012,99.743
10013,99.743
10014,99.743
10015,99.743
10016,99.743
10017,99.743
10018,99.743
10019,99.743
10020,99.743
10021,99.743
10022,99.743
10023,99.743
10024,99.743
10025,99.743
10026,99.743
10027,99.743
10028,99.743
10029,99.743
10030,99.743
10031,99.743
10032,99.743
10033,99.743
10034,99.144
10035,99.144
10036,99.144
10037,99.144
10038,99.144
10039,99.144
10040,99.144
10041,99.144
10042,99.144
10043,99.144
10044,99.144
10045,99.144
10046,99.144
10047,99.144
10048,99.144
10049,99.144
10050,99.144
10051,99.144
10052,99.144
10053,99.144
10054,99.144
10055,99.144
10056,99.144
10057,99.144
10058,99.144
10059,99.144
10060,99.144
10061,99.144
10062,99.144
10063,99.144
10064,99.144
10065,99.144
10066,99.144
10067,99.144
10068,99.144
10069,99.144
10070,99.144
10071,99.144
10072,99.144
10073,99.144
10074,99.144
10075,99.144
10076,99.144
10077,99.144
10078,99.144
10079,99.144
10080,99.144
10081,99.144
10082,99.144
10083,99.144
10084,99.144
10085,99.144
10086,99.144
10087,99.144
10088,99.144
10089,99.144
10090,99.144
10091,99.144
10092,99.144
10093,99.144
10094,99.144
10095,99.144
10096,99.144
10097,99.144
10098,99.144
10099,99.144
10100,99.144
10101,99.144
10102,99.144
10103,99.144
10104,99.144
10105,99.144
10106,99.144
10107,99.144
10108,99.144
10109,99.144
10110,99.144
10111,99.144
10112,99.144
10113,99.144
10114,99.144
10115,99.144
10116,99.144
10117,99.144
10118,99.144
10119,99.144
10120,99.144
10121,99.144
10122,99.144
10123,99.144
10124,99.144
10125,99.144
10126,99.144
10127,99.144
10128,99.144
10129,99.144
10130,99.144
10131,99.144
10132,99.144
10133,99.144
10134,99.144
10135,99.144
10136,99.144
10137,99.144
10138,99.144
10139,99.144
10140,99.144
10141,99.144
10142,99.144
10143,99.144
10144,99.144
10145,99.144
10146,99.144
10147,99.144
10148,99.144
10149,99.144
10150,99.144
10151,99.144
10152,99.144
10153,99.144
10154,99.144
10155,99.144
10156,99.144
10157,99.144
10158,99.144
10159,99.144
10160,99.144
10161,99.144
10162,99.144
10163,99.144
10164,99.144
10165,99.144
10166,99.144
10167,99.144
10168,99.144
10169,99.144
10170,99.144
10171,99.144
10172,99.144
10173,99.144
10174,99.144
10175,99.144
10176,99.144
10177,99.144
10178,99.144
10179,99.144
10180,99.144
10181,99.144
10182,99.144
10183,99.144
10184,99.144
10185,99.144
10186,99.144
10187,99.144
10188,99.144
10189,99.144
10190,99.144
10191,99.144
10192,99.144
10193,99.144
10194,99.144
10195,99.144
10196,99.144
10197,99.144
10198,99.144
10199,99.144
10200,99.144
10201,99.144
10202,99.144
10203,99.144
10204,99.144
10205,99.144
10206,99.144
10207,99.144
10208,99.144
10209,99.144
10210,99.144
10211,99.144
10212,99.144
10213,99.144
10214,99.144
10215,99.144
10216,99.144
10217,99.144
10218,99.144
10219,99.144
10220,99.144
10221,99.144
10222,99.144
10223,99.144
10224,99.144
10225,99.144
10226,99.144
10227,99.144
10228,99.144
10229,99.144
10230,99.144
10231,99.144
10232,99.144
10233,99.144
10234,99.144
10235,99.144
10236,99.144
10237,99.144
10238,99.144
10239,99.144
10240,99.144
10241,99.144
10242,99.144
10243,99.144
10244,99.144
10245,99.144
10246,99.144
10247,99.144
10248,99.144
10249,99.144
10250,99.144
10251,99.144
10252,99.144
10253,99.144
10254,99.144
10255,99.144
10256,99.144
10257,99.144
10258,99.144
10259,99.144
10260,99.144
10261,99.144
10262,99.144
10263,99.144
10264,99.144
10265,99.144
10266,99.144
10267,99.144
10268,99.144
10269,99.144
10270,99.144
10271,99.144
10272,99.144
10273,99.144
10274,99.144
10275,99.144
10276,99.144
10277,99.144
10278,99.144
10279,99.144
10280,99.144
10281,99.144
10282,99.144
10283,99.144
10284,99.144
10285,99.144
10286,99.144
10287,99.144
10288,99.144
10289,99.144
10290,99.144
10291,99.144
10292,99.144
10293,99.144
10294,99.144
10295,99.144
10296,99.144
10297,99.144
10298,99.144
10299,99.144
10300,99.144
10301,99.144
10302,99.144
10303,99.144
10304,99.144
10305,99.144
10306,99.144
10307,99.144
10308,99.144
10309,99.144
10310,99.144
10311,99.144
10312,99.144
10313,99.144
10314,99.144
10315,99.144
10316,99.144
10317,99.144
10318,99.144
10319,99.144
10320,99.144
10321,99.144
10322,99.144
10323,99.144
10324,99.144
10325,99.144
10326,99.144
10327,99.144
10328,99.144
10329,99.144
10330,99.144
10331,99.144
10332,99.144
10333,99.144
10334,100.015
10335,100.015
10336,100.015
10337,100.015
10338,100.015
10339,100.015
10340,100.015
10341,100.015
10342,100.015
10343,100.015
10344,100.015
10345,100.015
10346,100.015
10347,100.015
10348,100.015
10349,100.015
10350,100.015
10351,100.015
10352,100.015
10353,100.015
10354,100.015
10355,100.015
10356,100.015
10357,100.015
10358,100.015
10359,100.015
10360,100.015
10361,100.015
10362,100.015
10363,100.015
10364,100.015
10365,100.015
10366,100.015
10367,100.015
10368,100.015
10369,100.015
10370,100.015
10371,100.015
10372,100.015
10373,100.015
10374,100.015
10375,100.015
10376,100.015
10377,100.015
10378,100.015
10379,100.015
10380,100.015
10381,100.015
10382,100.015
10383,100.015
10384,100.015
10385,100.015
10386,100.015
10387,100.015
10388,100.015
10389,100.015
10390,100.015
10391,100.015
10392,100.015
10393,100.015
10394,100.015
10395,100.015
10396,100.015
10397,100.015
10398,100.015
10399,100.015
10400,100.015
10401,100.015
10402,100.015
10403,100.015
10404,100.015
10405,100.015
10406,100.015
10407,100.015
10408,100.015
10409,100.015
10410,100.015
10411,100.015
10412,100.015
10413,100.015
10414,100.015
10415,100.015
10416,100.015
10417,100.015
10418,100.015
10419,100.015
10420,100.015
10421,100.015
10422,100.015
10423,100.015
10424,100.015
10425,100.015
10426,100.015
10427,100.015
10428,100.015
10429,100.015
10430,100.015
10431,100.015
10432,100.015
10433,100.015
10434,99.416
10435,99.416
10436,99.416
10437,99.416
10438,99.416
10439,99.416
10440,99.416
10441,99.416
10442,99.416
10443,99.416
10444,99.416
10445,99.416
10446,99.416
10447,99.416
10448,99.416
10449,99.416
10450,99.416
10451,99.416
10452,99.416
10453,99.416
10454,99.416
10455,99.416
10456,99.416
10457,99.416
10458,99.416
10459,99.416
10460,99.416
10461,99.416
10462,99.416
10463,99.416
10464,99.416
10465,99.416
10466,99.416
10467,99.416
10468,99.416
10469,99.416
10470,99.416
10471,99.416
10472,99.416
10473,99.416
10474,99.416
10475,99.416
10476,99.416
10477,99.416
10478,99.416
10479,99.416
10480,99.416
10481,99.416
10482,99.416
10483,99.416
10484,99.416
10485,99.416
10486,99.416
10487,99.416
10488,99.416
10489,99.416
10490,99.416
10491,99.416
10492,99.416
10493,99.416
10494,99.416
10495,99.416
10496,99.416
10497,99.416
10498,99.416
10499,99.416
10500,99.416
10501,99.416
10502,99.416
10503,99.416
10504,99.416
10505,99.416
10506,99.416
10507,99.416
10508,99.416
10509,99.416
10510,99.416
10511,99.416
10512,99.416
10513,99.416
10514,99.416
10515,99.416
10516,99.416
10517,99.416
10518,99.416
10519,99.416
10520,99.416
10521,99.416
10522,99.416
10523,99.416
10524,99.416
10525,99.416
10526,99.416
10527,99.416
10528,99.416
10529,99.416
10530,99.416
10531,99.416
10532,99.416
10533,99.416
10534,99.416
10535,99.416
10536,99.416
10537,99.416
10538,99.416
10539,99.416
10540,99.416
10541,99.416
10542,99.416
10543,99.416
10544,99.416
10545,99.416
10546,99.416
10547,99.416
10548,99.416
10549,99.416
10550,99.416
10551,99.416
10552,99.416
10553,99.416
10554,99.416
10555,99.416
10556,99.416
10557,99.416
10558,99.416
10559,99.416
10560,99.416
10561,99.416
10562,99.416
10563,99.416
10564,99.416
10565,99.416
10566,99.416
10567,99.416
10568,99.416
10569,99.416
10570,99.416
10571,99.416
10572,99.416
10573,99.416
10574,99.416
10575,99.416
10576,99.416
10577,99.416
10578,99.416
10579,99.416
10580,99.416
10581,99.416
10582,99.416
10583,99.416
10584,99.416
10585,99.416
10586,99.416
10587,99.416
10588,99.416
10589,99.416
10590,99.416
10591,99.416
10592,99.416
10593,99.416
10594,99.416
10595,99.416
10596,99.416
10597,99.416
10598,99.416
10599,99.416
10600,99.416
10601,99.416
10602,99.416
10603,99.416
10604,99.416
10605,99.416
10606,99.416
10607,99.416
10608,99.416
10609,99.416
10610,99.416
10611,99.416
10612,99.416
10613,99.416
10614,99.416
10615,99.416
10616,99.416
10617,99.416
10618,99.416
10619,99.416
10620,99.416
10621,99.416
10622,99.416
10623,99.416
10624,99.416
10625,99.416
10626,99.416
10627,99.416
10628,99.416
10629,99.416
10630,99.416
10631,99.416
10632,99.416
10633,99.416
10634,100.621
10635,100.621
10636,100.621
10637,100.621
10638,100.621
10639,100.621
10640,100.621
10641,100.621
10642,100.621
10643,100.621
10644,100.621
10645,100.621
10646,100.621
10647,100.621
10648,100.621
10649,100.621
10650,100.621
10651,100.621
10652,100.621
10653,100.621
10654,100.621
10655,100.621
10656,100.621
10657,100.621
10658,100.621
10659,100.621
10660,100.621
10661,100.621
10662,100.621
10663,100.621
10664,100.621
10665,100.621
10666,100.621
10667,100.621
10668,100.621
10669,100.621
10670,100.621
10671,100.621
10672,100.621
10673,100.621
10674,100.621
10675,100.621
10676,100.621
10677,100.621
10678,100.621
10679,100.621
10680,100.621
10681,100.621
10682,100.621
10683,100.621
10684,100.621
10685,100.621
10686,100.621
10687,100.621
10688,100.621
10689,100.621
10690,100.621
10691,100.621
10692,100.621
10693,100.621
10694,100.621
10695,100.621
10696,100.621
10697,100.621
10698,100.621
10699,100.621
10700,100.621
10701,100.621
10702,100.621
10703,100.621
10704,100.621
10705,100.621
10706,100.621
10707,100.621
10708,100.621
10709,100.621
10710,100.621
10711,100.621
10712,100.621
10713,100.621
10714,100.621
10715,100.621
10716,100.621
10717,100.621
10718,100.621
10719,100.621
10720,100.621
10721,100.621
10722,100.621
10723,100.621
10724,100.621
10725,100.621
10726,100.621
10727,100.621
10728,100.621
10729,100.621
10730,100.621
10731,100.621
10732,100.621
10733,100.621
10734,101.22
10735,101.22
10736,101.22
10737,101.22
10738,101.22
10739,101.22
10740,101.22
10741,101.22
10742,101.22
10743,101.22
10744,101.22
10745,101.22
10746,101.22
10747,101.22
10748,101.22
10749,101.22
10750,101.22
10751,101.22
10752,101.22
10753,101.22
10754,101.22
10755,101.22
10756,101.22
10757,101.22
10758,101.22
10759,101.22
10760,101.22
10761,101.22
10762,101.22
10763,101.22
10764,101.22
10765,101.22
10766,101.22
10767,101.22
10768,101.22
10769,101.22
10770,101.22
10771,101.22
10772,101.22
10773,101.22
10774,101.22
10775,101.22
10776,101.22
10777,101.22
10778,101.22
10779,101.22
10780,101.22
10781,101.22
10782,101.22
10783,101.22
10784,101.22
10785,101.22
10786,101.22
10787,101.22
10788,101.22
10789,101.22
10790,101.22
10791,101.22
10792,101.22
10793,101.22
10794,101.22
10795,101.22
10796,101.22
10797,101.22
10798,101.22
10799,101.22
10800,101.22
10801,101.22
10802,101.22
10803,101.22
10804,101.22
10805,101.22
10806,101.22
10807,101.22
10808,101.22
10809,101.22
10810,101.22
10811,101.22
10812,101.22
10813,101.22
10814,101.22
10815,101.22
10816,101.22
10817,101.22
10818,101.22
10819,101.22
10820,101.22
10821,101.22
10822,101.22
10823,101.22
10824,101.22
10825,101.22
10826,101.22
10827,101.22
10828,101.22
10829,101.22
10830,101.22
10831,101.22
10832,101.22
10833,101.22
10834,99.416
10835,99.416
10836,99.416
10837,99.416
10838,99.416
10839,99.416
10840,99.416
10841,99.416
10842,99.416
10843,99.416
10844,99.416
10845,99.416
10846,99.416
10847,99.416
10848,99.416
10849,99.416
10850,99.416
10851,99.416
10852,99.416
10853,99.416
10854,99.416
10855,99.416
10856,99.416
10857,99.416
10858,99.416
10859,99.416
10860,99.416
10861,99.416
10862,99.416
10863,99.416
10864,99.416
10865,99.416
10866,99.416
10867,99.416
10868,99.416
10869,99.416
10870,99.416
10871,99.416
10872,99.416
10873,99.416
10874,99.416
10875,99.416
10876,99.416
10877,99.416
10878,99.416
10879,99.416
10880,99.416
10881,99.416
10882,99.416
10883,99.416
10884,99.416
10885,99.416
10886,99.416
10887,99.416
10888,99.416
10889,99.416
10890,99.416
10891,99.416
10892,99.416
10893,99.416
10894,99.416
10895,99.416
10896,99.416
10897,99.416
10898,99.416
10899,99.416
10900,99.416
10901,99.416
10902,99.416
10903,99.416
10904,99.416
10905,99.416
10906,99.416
10907,99.416
10908,99.416
10909,99.416
10910,99.416
10911,99.416
10912,99.416
10913,99.416
10914,99.416
10915,99.416
10916,99.416
10917,99.416
10918,99.416
10919,99.416
10920,99.416
10921,99.416
10922,99.416
10923,99.416
10924,99.416
10925,99.416
10926,99.416
10927,99.416
10928,99.416
10929,99.416
10930,99.416
10931,99.416
10932,99.416
10933,99.416
10934,99.144
10935,99.144
10936,99.144
10937,99.144
10938,99.144
10939,99.144
10940,99.144
10941,99.144
10942,99.144
10943,99.144
10944,99.144
10945,99.144
10946,99.144
10947,99.144
10948,99.144
10949,99.144
10950,99.144
10951,99.144
10952,99.144
10953,99.144
10954,99.144
10955,99.144
10956,99.144
10957,99.144
10958,99.144
10959,99.144
10960,99.144
10961,99.144
10962,99.144
10963,99.144
10964,99.144
10965,99.144
10966,99.144
10967,99.144
10968,99.144
10969,99.144
10970,99.144
10971,99.144
10972,99.144
10973,99.144
10974,99.144
10975,99.144
10976,99.144
10977,99.144
10978,99.144
10979,99.144
10980,99.144
10981,99.144
10982,99.144
10983,99.144
10984,99.144
10985,99.144
10986,99.144
10987,99.144
10988,99.144
10989,99.144
10990,99.144
10991,99.144
10992,99.144
10993,99.144
10994,99.144
10995,99.144
10996,99.144
10997,99.144
10998,99.144
10999,99.144
11000,99.144
11001,99.144
11002,99.144
11003,99.144
11004,99.144
11005,99.144
11006,99.144
11007,99.144
11008,99.144
11009,99.144
11010,99.144
11011,99.144
11012,99.144
11013,99.144
11014,99.144
11015,99.144
11016,99.144
11017,99.144
11018,99.144
11019,99.144
11020,99.144
11021,99.144
11022,99.144
11023,99.144
11024,99.144
11025,99.144
11026,99.144
11027,99.144
11028,99.144
11029,99.144
11030,99.144
11031,99.144
11032,99.144
11033,99.144
11034,99.144
11035,99.144
11036,99.144
11037,99.144
11038,99.144
11039,99.144
11040,99.144
11041,99.144
11042,99.144
11043,99.144
11044,99.144
11045,99.144
11046,99.144
11047,99.144
11048,99.144
11049,99.144
11050,99.144
11051,99.144
11052,99.144
11053,99.144
11054,99.144
11055,99.144
11056,99.144
11057,99.144
11058,99.144
11059,99.144
11060,99.144
11061,99.144
11062,99.144
11063,99.144
11064,99.144
11065,99.144
11066,99.144
11067,99.144
11068,99.144
11069,99.144
11070,99.144
11071,99.144
11072,99.144
11073,99.144
11074,99.144
11075,99.144
11076,99.144
11077,99.144
11078,99.144
11079,99.144
11080,99.144
11081,99.144
11082,99.144
11083,99.144
11084,99.144
11085,99.144
11086,99.144
11087,99.144
11088,99.144
11089,99.144
11090,99.144
11091,99.144
11092,99.144
11093,99.144
11094,99.144
11095,99.144
11096,99.144
11097,99.144
11098,99.144
11099,99.144
11100,99.144
11101,99.144
11102,99.144
11103,99.144
11104,99.144
11105,99.144
11106,99.144
11108,99.144
11108,99.144
11109,99.144
11110,99.144
11111,99.144
11112,99.144
11113,99.144
11114,99.144
11115,99.144
11116,99.144
11117,99.144
11118,99.144
11119,99.144
11120,99.144
11121,99.144
11122,99.144
11123,99.144
11124,99.144
11125,99.144
11126,99.144
11127,99.144
11128,99.144
11129,99.144
11130,99.144
11131,99.144
11132,99.144
11133,99.144
11134,99.416
11135,99.416
11136,99.416
11137,99.416
11138,99.416
11139,99.416
11140,99.416
11141,99.416
11142,99.416
11143,99.416
11144,99.416
11145,99.416
11146,99.416
11147,99.416
11148,99.416
11149,99.416
11150,99.416
11151,99.416
11152,99.416
11153,99.416
11154,99.416
11155,99.416
11156,99.416
11157,99.416
11158,99.416
11159,99.416
11160,99.416
11161,99.416
11162,99.416
11163,99.416
11164,99.416
11165,99.416
11166,99.416
11167,99.416
11168,99.416
11169,99.416
11170,99.416
11171,99.416
11172,99.416
11173,99.416
11174,99.416
11175,99.416
11176,99.416
11177,99.416
11178,99.416
11179,99.416
11180,99.416
11181,99.416
11182,99.416
11183,99.416
11184,99.416
11185,99.416
11186,99.416
11187,99.416
11188,99.416
11189,99.416
11190,99.416
11191,99.416
11192,99.416
11193,99.416
11194,99.416
11195,99.416
11196,99.416
11197,99.416
11198,99.416
11199,99.416
11200,99.416
11201,99.416
11202,99.416
11203,99.416
11204,99.416
11205,99.416
11206,99.416
11207,99.416
11208,99.416
11209,99.416
11210,99.416
11211,99.416
11212,99.416
11213,99.416
11214,99.416
11215,99.416
11216,99.416
11217,99.416
11218,99.416
11219,99.416
11220,99.416
11221,99.416
11222,99.416
11223,99.416
11224,99.416
11225,99.416
11226,99.416
11227,99.416
11228,99.416
11229,99.416
11230,99.416
11231,99.416
11232,99.416
11233,99.416
11234,99.518
11235,99.518
11236,99.518
11237,99.518
11238,99.518
11239,99.518
11240,99.518
11241,99.518
11242,99.518
11243,99.518
11244,99.518
11245,99.518
11246,99.518
11247,99.518
11248,99.518
11249,99.518
11250,99.518
11251,99.518
11252,99.518
11253,99.518
11254,99.518
11255,99.518
11256,99.518
11257,99.518
11258,99.518
11259,99.518
11260,99.518
11261,99.518
11262,99.518
11263,99.518
11264,99.518
11265,99.518
11266,99.518
11267,99.518
11269,99.518
11269,99.518
11270,99.518
11271,99.518
11272,99.518
11273,99.518
11274,99.518
11275,99.518
11276,99.518
11277,99.518
11278,99.518
11279,99.518
11280,99.518
11281,99.518
11282,99.518
11283,99.518
11284,99.518
11285,99.518
11286,99.518
11287,99.518
11288,99.518
11289,99.518
11290,99.518
11291,99.518
11292,99.518
11293,99.518
11294,99.518
11295,99.518
11296,99.518
11297,99.518
11298,99.518
11299,99.518
11300,99.518
11301,99.518
11302,99.518
11303,99.518
11304,99.518
11305,99.518
11306,99.518
11307,99.518
11308,99.518
11309,99.518
11310,99.518
11311,99.518
11312,99.518
11313,99.518
11314,99.518
11315,99.518
11316,99.518
11317,99.518
11318,99.518
11319,99.518
11320,99.518
11321,99.518
11322,99.518
11323,99.518
11324,99.518
11325,99.518
11326,99.518
11327,99.518
11328,99.518
11329,99.518
11330,99.518
11331,99.518
11332,99.518
11335,100.118
11335,100.118
11335,100.118
11336,100.118
11337,100.118
11338,100.118
11339,100.118
11340,100.118
11341,100.118
11342,100.118
11343,100.118
11344,100.118
11345,100.118
11346,100.118
11347,100.118
11348,100.118
11349,100.118
11350,100.118
11351,100.118
11352,100.118
11353,100.118
11354,100.118
11355,100.118
11356,100.118
11357,100.118
11358,100.118
11359,100.118
11360,100.118
11361,100.118
11362,100.118
11363,100.118
11364,100.118
11365,100.118
11366,100.118
11367,100.118
11368,100.118
11369,100.118
11370,100.118
11371,100.118
11372,100.118
11373,100.118
11374,100.118
11375,100.118
11376,100.118
11377,100.118
11378,100.118
11379,100.118
11380,100.118
11381,100.118
11382,100.118
11383,100.118
11384,100.118
11385,100.118
11386,100.118
11387,100.118
11388,100.118
11389,100.118
11390,100.118
11391,100.118
11392,100.118
11393,100.118
11394,100.118
11395,100.118
11396,100.118
11397,100.118
11398,100.118
11399,100.118
11400,100.118
11401,100.118
11402,100.118
11403,100.118
11404,100.118
11405,100.118
11406,100.118
11407,100.118
11408,100.118
11409,100.118
11410,100.118
11411,100.118
11412,100.118
11413,100.118
11414,100.118
11415,100.118
11416,100.118
11417,100.118
11418,100.118
11419,100.118
11420,100.118
11421,100.118
11422,100.118
11423,100.118
11424,100.118
11425,100.118
11426,100.118
11427,100.118
11428,100.118
11429,100.118
11430,100.118
11431,100.118
11432,100.118
11433,100.118
11434,100.287
11435,100.287
11436,100.287
11437,100.287
11438,100.287
11439,100.287
11440,100.287
11441,100.287
11442,100.287
11443,100.287
11444,100.287
11445,100.287
11446,100.287
11447,100.287
11448,100.287
11449,100.287
11450,100.287
11451,100.287
11452,100.287
11453,100.287
11454,100.287
11455,100.287
11456,100.287
11457,100.287
11458,100.287
11459,100.287
11460,100.287
11461,100.287
11462,100.287
11463,100.287
11464,100.287
11465,100.287
11466,100.287
11467,100.287
11468,100.287
11469,100.287
11470,100.287
11471,100.287
11472,100.287
11473,100.287
11474,100.287
11475,100.287
11476,100.287
11477,100.287
11478,100.287
11479,100.287
11480,100.287
11481,100.287
11482,100.287
11483,100.287
11484,100.287
11485,100.287
11486,100.287
11487,100.287
11488,100.287
11489,100.287
11490,100.287
11491,100.287
11492,100.287
11493,100.287
11494,100.287
11495,100.287
11496,100.287
11497,100.287
11498,100.287
11499,100.287
11500,100.287
11501,100.287
11502,100.287
11503,100.287
11504,100.287
11505,100.287
11506,100.287
11507,100.287
11508,100.287
11509,100.287
11510,100.287
11511,100.287
11512,100.287
11513,100.287
11514,100.287
11515,100.287
11516,100.287
11517,100.287
11518,100.287
11519,100.287
11520,100.287
11521,100.287
11522,100.287
11523,100.287
11524,100.287
11525,100.287
11526,100.287
11527,100.287
11528,100.287
11529,100.287
11530,100.287
11531,100.287
11532,100.287
11533,100.287
11534,101.597
11535,101.597
11536,101.597
11537,101.597
11538,101.597
11539,101.597
11540,101.597
11541,101.597
11542,101.597
11543,101.597
11544,101.597
11545,101.597
11546,101.597
11547,101.597
11548,101.597
11549,101.597
11550,101.597
11551,101.597
11552,101.597
11553,101.597
11554,101.597
11555,101.597
11556,101.597
11557,101.597
11558,101.597
11559,101.597
11560,101.597
11561,101.597
11562,101.597
11563,101.597
11564,101.597
11565,101.597
11566,101.597
11567,101.597
11568,101.597
11569,101.597
11570,101.597
11571,101.597
11572,101.597
11573,101.597
11574,101.597
11575,101.597
11576,101.597
11577,101.597
11578,101.597
11579,101.597
11580,101.597
11581,101.597
11582,101.597
11583,101.597
11584,101.597
11585,101.597
11586,101.597
11587,101.597
11588,101.597
11589,101.597
11590,101.597
11591,101.597
11592,101.597
11593,101.597
11594,101.597
11595,101.597
11596,101.597
11597,101.597
11598,101.597
11599,101.597
11600,101.597
11601,101.597
11602,101.597
11603,101.597
11604,101.597
11605,101.597
11606,101.597
11607,101.597
11608,101.597
11609,101.597
11610,101.597
11611,101.597
11612,101.597
11613,101.597
11614,101.597
11615,101.597
11616,101.597
11617,101.597
11618,101.597
11619,101.597
11620,101.597
11621,101.597
11622,101.597
11623,101.597
11624,101.597
11625,101.597
11626,101.597
11627,101.597
11628,101.597
11629,101.597
11630,101.597
11631,101.597
11632,101.597
11633,101.597
11634,100.287
11635,100.287
11636,100.287
11637,100.287
11638,100.287
11639,100.287
11640,100.287
11641,100.287
11642,100.287
11643,100.287
11644,100.287
11645,100.287
11646,100.287
11647,100.287
11648,100.287
11649,100.287
11650,100.287
11651,100.287
11652,100.287
11653,100.287
11654,100.287
11655,100.287
11656,100.287
11657,100.287
11658,100.287
11659,100.287
11660,100.287
11661,100.287
11662,100.287
11663,100.287
11664,100.287
11665,100.287
11666,100.287
11667,100.287
11668,100.287
11669,100.287
11670,100.287
11671,100.287
11672,100.287
11673,100.287
11674,100.287
11675,100.287
11676,100.287
11677,100.287
11678,100.287
11679,100.287
11680,100.287
11681,100.287
11682,100.287
11683,100.287
11684,100.287
11685,100.287
11686,100.287
11687,100.287
11688,100.287
11689,100.287
11690,100.287
11691,100.287
11692,100.287
11693,100.287
11694,100.287
11695,100.287
11696,100.287
11697,100.287
11698,100.287
11699,100.287
11700,100.287
11701,100.287
11702,100.287
11703,100.287
11704,100.287
11705,100.287
11706,100.287
11707,100.287
11708,100.287
11709,100.287
11710,100.287
11711,100.287
11712,100.287
11713,100.287
11714,100.287
11715,100.287
11716,100.287
11717,100.287
11718,100.287
11719,100.287
11720,100.287
11721,100.287
11722,100.287
11723,100.287
11724,100.287
11725,100.287
11726,100.287
11727,100.287
11728,100.287
11729,100.287
11730,100.287
11731,100.287
11732,100.287
11733,100.287
11734,98.864
11735,98.864
11736,98.864
11737,98.864
11738,98.864
11739,98.864
11740,98.864
11741,98.864
11742,98.864
11743,98.864
11744,98.864
11745,98.864
11746,98.864
11747,98.864
11748,98.864
11749,98.864
11750,98.864
11751,98.864
11752,98.864
11753,98.864
11754,98.864
11755,98.864
11756,98.864
11757,98.864
11758,98.864
11759,98.864
11760,98.864
11761,98.864
11762,98.864
11763,98.864
11764,98.864
11765,98.864
11766,98.864
11767,98.864
11768,98.864
11769,98.864
11770,98.864
11771,98.864
11772,98.864
11773,98.864
11774,98.864
11775,98.864
11776,98.864
11777,98.864
11778,98.864
11779,98.864
11780,98.864
11781,98.864
11782,98.864
11783,98.864
11784,98.864
11785,98.864
11786,98.864
11787,98.864
11788,98.864
11789,98.864
11790,98.864
11791,98.864
11792,98.864
11793,98.864
11794,98.864
11795,98.864
11796,98.864
11797,98.864
11798,98.864
11799,98.864
11800,98.864
11801,98.864
11802,98.864
11803,98.864
11804,98.864
11805,98.864
11806,98.864
11807,98.864
11808,98.864
11809,98.864
11810,98.864
11811,98.864
11812,98.864
11813,98.864
11814,98.864
11815,98.864
11816,98.864
11817,98.864
11818,98.864
11819,98.864
11820,98.864
11821,98.864
11822,98.864
11823,98.864
11824,98.864
11825,98.864
11826,98.864
11827,98.864
11828,98.864
11829,98.864
11830,98.864
11831,98.864
11832,98.864
11833,98.864
11834,99.144
11835,99.144
11836,99.144
11837,99.144
11838,99.144
11839,99.144
11840,99.144
11841,99.144
11842,99.144
11843,99.144
11844,99.144
11845,99.144
11846,99.144
11847,99.144
11848,99.144
11849,99.144
11850,99.144
11851,99.144
11852,99.144
11853,99.144
11854,99.144
11855,99.144
11856,99.144
11857,99.144
11858,99.144
11859,99.144
11860,99.144
11861,99.144
11862,99.144
11863,99.144
11864,99.144
11865,99.144
11866,99.144
11867,99.144
11868,99.144
11869,99.144
11870,99.144
11871,99.144
11872,99.144
11873,99.144
11874,99.144
11875,99.144
11876,99.144
11877,99.144
11878,99.144
11879,99.144
11880,99.144
11881,99.144
11882,99.144
11883,99.144
11884,99.144
11885,99.144
11886,99.144
11887,99.144
11888,99.144
11889,99.144
11890,99.144
11891,99.144
11892,99.144
11893,99.144
11894,99.144
11895,99.144
11896,99.144
11897,99.144
11898,99.144
11899,99.144
11900,99.144
11901,99.144
11902,99.144
11903,99.144
11904,99.144
11905,99.144
11906,99.144
11907,99.144
11908,99.144
11909,99.144
11910,99.144
11911,99.144
11912,99.144
11913,99.144
11914,99.144
11915,99.144
11916,99.144
11917,99.144
11918,99.144
11919,99.144
11920,99.144
11921,99.144
11922,99.144
11923,99.144
11924,99.144
11925,99.144
11926,99.144
11927,99.144
11928,99.144
11929,99.144
11930,99.144
11931,99.144
11932,99.144
11933,99.144
11934,98.864
11935,98.864
11936,98.864
11937,98.864
11938,98.864
11939,98.864
11940,98.864
11941,98.864
11942,98.864
11943,98.864
11944,98.864
11945,98.864
11946,98.864
11947,98.864
11948,98.864
11949,98.864
11950,98.864
11951,98.864
11952,98.864
11953,98.864
11954,98.864
11955,98.864
11956,98.864
11957,98.864
11958,98.864
11959,98.864
11960,98.864
11961,98.864
11962,98.864
11963,98.864
11964,98.864
11965,98.864
11966,98.864
11967,98.864
11968,98.864
11969,98.864
11970,98.864
11971,98.864
11972,98.864
11973,98.864
11974,98.864
11975,98.864
11976,98.864
11977,98.864
11978,98.864
11979,98.864
11980,98.864
11981,98.864
11982,98.864
11983,98.864
11984,98.864
11985,98.864
11986,98.864
11987,98.864
11988,98.864
11989,98.864
11990,98.864
11991,98.864
11992,98.864
11993,98.864
11994,98.864
11995,98.864
11996,98.864
11997,98.864
11998,98.864
11999,98.864
12000,98.864
12001,98.864
12002,98.864
12003,98.864
12004,98.864
12005,98.864
12006,98.864
12007,98.864
12008,98.864
12009,98.864
12010,98.864
12011,98.864
12012,98.864
12013,98.864
12014,98.864
12015,98.864
12016,98.864
12017,98.864
12018,98.864
12019,98.864
12020,98.864
12021,98.864
12022,98.864
12023,98.864
12024,98.864
12025,98.864
12026,98.864
12027,98.864
12028,98.864
12029,98.864
12030,98.864
12031,98.864
12032,98.864
12033,98.864
12034,99.743
12035,99.743
12036,99.743
12037,99.743
12038,99.743
12039,99.743
12040,99.743
12041,99.743
12042,99.743
12043,99.743
12044,99.743
12045,99.743
12046,99.743
12047,99.743
12048,99.743
12049,99.743
12050,99.743
12051,99.743
12052,99.743
12053,99.743
12054,99.743
12055,99.743
12056,99.743
12057,99.743
12058,99.743
12059,99.743
12060,99.743
12061,99.743
12062,99.743
12063,99.743
12064,99.743
12065,99.743
12066,99.743
12067,99.743
12068,99.743
12069,99.743
12070,99.743
12071,99.743
12072,99.743
12073,99.743
12074,99.743
12075,99.743
12076,99.743
12077,99.743
12078,99.743
12079,99.743
12080,99.743
12081,99.743
12082,99.743
12083,99.743
12084,99.743
12085,99.743
12086,99.743
12087,99.743
12088,99.743
12089,99.743
12090,99.743
12091,99.743
12092,99.743
12093,99.743
12094,99.743
12095,99.743
12096,99.743
12097,99.743
12098,99.743
12099,99.743
12100,99.743
12101,99.743
12102,99.743
12103,99.743
12104,99.743
12105,99.743
12106,99.743
12107,99.743
12108,99.743
12109,99.743
12110,99.743
12111,99.743
12112,99.743
12113,99.743
12114,99.743
12115,99.743
12116,99.743
12117,99.743
12118,99.743
12119,99.743
12120,99.743
12121,99.743
12122,99.743
12123,99.743
12124,99.743
12125,99.743
12126,99.743
12127,99.743
12128,99.743
12129,99.743
12130,99.743
12131,99.743
12132,99.743
12133,99.743
12134,99.416
12135,99.416
12136,99.416
12137,99.416
12138,99.416
12139,99.416
12140,99.416
12141,99.416
12142,99.416
12143,99.416
12144,99.416
12145,99.416
12146,99.416
12147,99.416
12148,99.416
12149,99.416
12150,99.416
12151,99.416
12152,99.416
12153,99.416
12154,99.416
12155,99.416
12156,99.416
12157,99.416
12158,99.416
12159,99.416
12160,99.416
12161,99.416
12162,99.416
12163,99.416
12164,99.416
12165,99.416
12166,99.416
12167,99.416
12168,99.416
12169,99.416
12170,99.416
12171,99.416
12172,99.416
12173,99.416
12174,99.416
12175,99.416
12176,99.416
12177,99.416
12178,99.416
12179,99.416
12180,99.416
12181,99.416
12182,99.416
12183,99.416
12184,99.416
12185,99.416
12186,99.416
12187,99.416
12188,99.416
12189,99.416
12190,99.416
12191,99.416
12192,99.416
12193,99.416
12194,99.416
12195,99.416
12196,99.416
12197,99.416
12198,99.416
12199,99.416
12200,99.416
12201,99.416
12202,99.416
12203,99.416
12204,99.416
12205,99.416
12206,99.416
12207,99.416
12208,99.416
12209,99.416
12210,99.416
12211,99.416
12212,99.416
12213,99.416
12214,99.416
12215,99.416
12216,99.416
12217,99.416
12218,99.416
12219,99.416
12220,99.416
12221,99.416
12222,99.416
12223,99.416
12224,99.416
12225,99.416
12226,99.416
12227,99.416
12228,99.416
12229,99.416
12230,99.416
12231,99.416
12232,99.416
12233,99.416
12234,99.144
12235,99.144
12236,99.144
12237,99.144
12238,99.144
12239,99.144
12240,99.144
12241,99.144
12242,99.144
12243,99.144
12244,99.144
12245,99.144
12246,99.144
12247,99.144
12248,99.144
12249,99.144
12250,99.144
12251,99.144
12252,99.144
12253,99.144
12254,99.144
12255,99.144
12256,99.144
12257,99.144
12258,99.144
12259,99.144
12260,99.144
12261,99.144
12262,99.144
12263,99.144
12264,99.144
12265,99.144
12266,99.144
12267,99.144
12268,99.144
12269,99.144
12270,99.144
12271,99.144
12272,99.144
12273,99.144
12274,99.144
12275,99.144
12276,99.144
12277,99.144
12278,99.144
12279,99.144
12280,99.144
12281,99.144
12282,99.144
12283,99.144
12284,99.144
12285,99.144
12286,99.144
12287,99.144
12288,99.144
12289,99.144
12290,99.144
12291,99.144
12292,99.144
12293,99.144
12294,99.144
12295,99.144
12296,99.144
12297,99.144
12298,99.144
12299,99.144
12300,99.144
12301,99.144
12302,99.144
12303,99.144
12304,99.144
12305,99.144
12306,99.144
12307,99.144
12308,99.144
12309,99.144
12310,99.144
12311,99.144
12312,99.144
12313,99.144
12314,99.144
12315,99.144
12316,99.144
12317,99.144
12318,99.144
12319,99.144
12320,99.144
12321,99.144
12322,99.144
12323,99.144
12324,99.144
12325,99.144
12326,99.144
12327,99.144
12328,99.144
12329,99.144
12330,99.144
12331,99.144
12332,99.144
12333,99.144
12334,100.894
12335,100.894
12336,100.894
12337,100.894
12338,100.894
12339,100.894
12340,100.894
12341,100.894
12342,100.894
12343,100.894
12344,100.894
12345,100.894
12346,100.894
12347,100.894
12348,100.894
12349,100.894
12350,100.894
12351,100.894
12352,100.894
12353,100.894
12354,100.894
12355,100.894
12356,100.894
12357,100.894
12358,100.894
12359,100.894
12360,100.894
12361,100.894
12362,100.894
12363,100.894
12364,100.894
12365,100.894
12366,100.894
12367,100.894
12368,100.894
12369,100.894
12370,100.894
12371,100.894
12372,100.894
12373,100.894
12374,100.894
12375,100.894
12376,100.894
12377,100.894
12378,100.894
12379,100.894
12380,100.894
12381,100.894
12382,100.894
12383,100.894
12384,100.894
12385,100.894
12386,100.894
12387,100.894
12388,100.894
12389,100.894
12390,100.894
12391,100.894
12392,100.894
12393,100.894
12394,100.894
12395,100.894
12396,100.894
12397,100.894
12398,100.894
12399,100.894
12400,100.894
12401,100.894
12402,100.894
12403,100.894
12404,100.894
12405,100.894
12406,100.894
12407,100.894
12408,100.894
12409,100.894
12410,100.894
12411,100.894
12412,100.894
12413,100.894
12414,100.894
12415,100.894
12416,100.894
12417,100.894
12418,100.894
12419,100.894
12420,100.894
12421,100.894
12422,100.894
12423,100.894
12424,100.894
12425,100.894
12426,100.894
12427,100.894
12428,100.894
12429,100.894
12430,100.894
12431,100.894
12432,100.894
12433,100.894
12434,101.22
12435,101.22
12436,101.22
12437,101.22
12438,101.22
12439,101.22
12440,101.22
12441,101.22
12442,101.22
12443,101.22
12444,101.22
12445,101.22
12446,101.22
12447,101.22
12448,101.22
12449,101.22
12450,101.22
12451,101.22
12452,101.22
12453,101.22
12454,101.22
12455,101.22
12456,101.22
12457,101.22
12458,101.22
12459,101.22
12460,101.22
12461,101.22
12462,101.22
12463,101.22
12464,101.22
12465,101.22
12466,101.22
12467,101.22
12468,101.22
12469,101.22
12470,101.22
12471,101.22
12472,101.22
12473,101.22
12474,101.22
12475,101.22
12476,101.22
12477,101.22
12478,101.22
12479,101.22
12480,101.22
12481,101.22
12482,101.22
12483,101.22
12484,101.22
12485,101.22
12486,101.22
12487,101.22
12488,101.22
12489,101.22
12490,101.22
12491,101.22
12492,101.22
12493,101.22
12494,101.22
12495,101.22
12496,101.22
12497,101.22
12498,101.22
12499,101.22
12500,101.22
12501,101.22
12502,101.22
12503,101.22
12504,101.22
12505,101.22
12506,101.22
12507,101.22
12508,101.22
12509,101.22
12510,101.22
12511,101.22
12512,101.22
12513,101.22
12514,101.22
12515,101.22
12516,101.22
12517,101.22
12518,101.22
12519,101.22
12520,101.22
12521,101.22
12522,101.22
12523,101.22
12524,101.22
12525,101.22
12526,101.22
12527,101.22
12528,101.22
12529,101.22
12530,101.22
12531,101.22
12532,101.22
12533,101.22
12534,99.743
12535,99.743
12536,99.743
12537,99.743
12538,99.743
12539,99.743
12540,99.743
12541,99.743
12542,99.743
12543,99.743
12544,99.743
12545,99.743
12546,99.743
12547,99.743
12548,99.743
12549,99.743
12550,99.743
12551,99.743
12552,99.743
12553,99.743
12554,99.743
12555,99.743
12556,99.743
12557,99.743
12558,99.743
12559,99.743
12560,99.743
12561,99.743
12562,99.743
12563,99.743
12564,99.743
12565,99.743
12566,99.743
12567,99.743
12568,99.743
12569,99.743
12570,99.743
12571,99.743
12572,99.743
12573,99.743
12574,99.743
12575,99.743
12576,99.743
12577,99.743
12578,99.743
12579,99.743
12580,99.743
12581,99.743
12582,99.743
12583,99.743
12584,99.743
12585,99.743
12586,99.743
12587,99.743
12588,99.743
12589,99.743
12590,99.743
12591,99.743
12592,99.743
12593,99.743
12594,99.743
12595,99.743
12596,99.743
12597,99.743
12598,99.743
12599,99.743
12600,99.743
12601,99.743
12602,99.743
12603,99.743
12604,99.743
12605,99.743
12606,99.743
12607,99.743
12608,99.743
12609,99.743
12610,99.743
12611,99.743
12612,99.743
12613,99.743
12614,99.743
12615,99.743
12616,99.743
12617,99.743
12618,99.743
12619,99.743
12620,99.743
12621,99.743
12622,99.743
12623,99.743
12624,99.743
12625,99.743
12626,99.743
12627,99.743
12628,99.743
12629,99.743
12630,99.743
12631,99.743
12632,99.743
12633,99.743
12634,99.144
12635,99.144
12636,99.144
12637,99.144
12638,99.144
12639,99.144
12640,99.144
12641,99.144
12642,99.144
12643,99.144
12644,99.144
12645,99.144
12646,99.144
12647,99.144
12648,99.144
12649,99.144
12650,99.144
12651,99.144
12652,99.144
12653,99.144
12654,99.144
12655,99.144
12656,99.144
12657,99.144
12658,99.144
12659,99.144
12660,99.144
12661,99.144
12662,99.144
12663,99.144
12664,99.144
12665,99.144
12666,99.144
12667,99.144
12668,99.144
12669,99.144
12670,99.144
12671,99.144
12672,99.144
12673,99.144
12674,99.144
12675,99.144
12676,99.144
12677,99.144
12678,99.144
12679,99.144
12680,99.144
12681,99.144
12682,99.144
12683,99.144
12684,99.144
12685,99.144
12686,99.144
12687,99.144
12688,99.144
12689,99.144
12690,99.144
12691,99.144
12692,99.144
12693,99.144
12694,99.144
12695,99.144
12696,99.144
12697,99.144
12698,99.144
12699,99.144
12700,99.144
12701,99.144
12702,99.144
12703,99.144
12704,99.144
12705,99.144
12706,99.144
12707,99.144
12708,99.144
12709,99.144
12710,99.144
12711,99.144
12712,99.144
12713,99.144
12714,99.144
12715,99.144
12716,99.144
12717,99.144
12718,99.144
12719,99.144
12720,99.144
12721,99.144
12722,99.144
12723,99.144
12724,99.144
12725,99.144
12726,99.144
12727,99.144
12728,99.144
12729,99.144
12730,99.144
12731,99.144
12732,99.144
12733,99.144
12734,99.144
12735,99.144
12736,99.144
12737,99.144
12738,99.144
12739,99.144
12740,99.144
12741,99.144
12742,99.144
12743,99.144
12744,99.144
12745,99.144
12746,99.144
12747,99.144
12748,99.144
12749,99.144
12750,99.144
12751,99.144
12752,99.144
12753,99.144
12754,99.144
12755,99.144
12756,99.144
12757,99.144
12758,99.144
12759,99.144
12760,99.144
12761,99.144
12762,99.144
12763,99.144
12764,99.144
12765,99.144
12766,99.144
12767,99.144
12768,99.144
12769,99.144
12770,99.144
12771,99.144
12772,99.144
12773,99.144
12774,99.144
12775,99.144
12776,99.144
12777,99.144
12778,99.144
12779,99.144
12780,99.144
12781,99.144
12782,99.144
12783,99.144
12784,99.144
12785,99.144
12786,99.144
12787,99.144
12788,99.144
12789,99.144
12790,99.144
12791,99.144
12792,99.144
12793,99.144
12794,99.144
12795,99.144
12796,99.144
12797,99.144
12798,99.144
12799,99.144
12800,99.144
12801,99.144
12802,99.144
12803,99.144
12804,99.144
12805,99.144
12806,99.144
12807,99.144
12808,99.144
12809,99.144
12810,99.144
12811,99.144
12812,99.144
12813,99.144
12814,99.144
12815,99.144
12816,99.144
12817,99.144
12818,99.144
12819,99.144
12820,99.144
12821,99.144
12822,99.144
12823,99.144
12824,99.144
12825,99.144
12826,99.144
12827,99.144
12828,99.144
12829,99.144
12830,99.144
12831,99.144
12832,99.144
12833,99.144
12834,99.416
12835,99.416
12836,99.416
12837,99.416
12838,99.416
12839,99.416
12840,99.416
12841,99.416
12842,99.416
12843,99.416
12844,99.416
12845,99.416
12846,99.416
12847,99.416
12848,99.416
12849,99.416
12850,99.416
12851,99.416
12852,99.416
12853,99.416
12854,99.416
12855,99.416
12856,99.416
12857,99.416
12858,99.416
12859,99.416
12860,99.416
12861,99.416
12862,99.416
12863,99.416
12864,99.416
12865,99.416
12866,99.416
12867,99.416
12868,99.416
12869,99.416
12870,99.416
12871,99.416
12872,99.416
12873,99.416
12874,99.416
12875,99.416
12876,99.416
12877,99.416
12878,99.416
12879,99.416
12880,99.416
12881,99.416
12882,99.416
12883,99.416
12884,99.416
12885,99.416
12886,99.416
12887,99.416
12888,99.416
12889,99.416
12890,99.416
12891,99.416
12892,99.416
12893,99.416
12894,99.416
12895,99.416
12896,99.416
12897,99.416
12898,99.416
12899,99.416
12900,99.416
12901,99.416
12902,99.416
12903,99.416
12904,99.416
12905,99.416
12906,99.416
12907,99.416
12908,99.416
12909,99.416
12910,99.416
12911,99.416
12912,99.416
12913,99.416
12914,99.416
12915,99.416
12916,99.416
12917,99.416
12918,99.416
12919,99.416
12920,99.416
12921,99.416
12922,99.416
12923,99.416
12924,99.416
12925,99.416
12926,99.416
12927,99.416
12928,99.416
12929,99.416
12930,99.416
12931,99.416
12932,99.416
12933,99.416
12934,99.416
12935,99.416
12936,99.416
12937,99.416
12938,99.416
12939,99.416
12940,99.416
12941,99.416
12942,99.416
12943,99.416
12944,99.416
12945,99.416
12946,99.416
12947,99.416
12948,99.416
12949,99.416
12950,99.416
12951,99.416
12952,99.416
12953,99.416
12954,99.416
12955,99.416
12956,99.416
12957,99.416
12958,99.416
12959,99.416
12960,99.416
12961,99.416
12962,99.416
12963,99.416
12964,99.416
12965,99.416
12966,99.416
12967,99.416
12968,99.416
12969,99.416
12970,99.416
12971,99.416
12972,99.416
12973,99.416
12974,99.416
12975,99.416
12976,99.416
12977,99.416
12978,99.416
12979,99.416
12980,99.416
12981,99.416
12982,99.416
12983,99.416
12984,99.416
12985,99.416
12986,99.416
12987,99.416
12988,99.416
12989,99.416
12990,99.416
12991,99.416
12992,99.416
12993,99.416
12994,99.416
12995,99.416
12996,99.416
12997,99.416
12998,99.416
12999,99.416
13000,99.416
13001,99.416
13002,99.416
13003,99.416
13004,99.416
13005,99.416
13006,99.416
13007,99.416
13008,99.416
13009,99.416
13010,99.416
13011,99.416
13012,99.416
13013,99.416
13014,99.416
13015,99.416
13016,99.416
13017,99.416
13018,99.416
13019,99.416
13020,99.416
13021,99.416
13022,99.416
13023,99.416
13024,99.416
13025,99.416
13026,99.416
13027,99.416
13028,99.416
13029,99.416
13030,99.416
13031,99.416
13032,99.416
13033,99.416
13034,99.743
13035,99.743
13036,99.743
13037,99.743
13038,99.743
13039,99.743
13040,99.743
13041,99.743
13042,99.743
13043,99.743
13044,99.743
13045,99.743
13046,99.743
13047,99.743
13048,99.743
13049,99.743
13050,99.743
13051,99.743
13052,99.743
13053,99.743
13054,99.743
13055,99.743
13056,99.743
13057,99.743
13058,99.743
13059,99.743
13060,99.743
13061,99.743
13062,99.743
13063,99.743
13064,99.743
13065,99.743
13066,99.743
13067,99.743
13068,99.743
13069,99.743
13070,99.743
13071,99.743
13072,99.743
13073,99.743
13074,99.743
13075,99.743
13076,99.743
13077,99.743
13078,99.743
13079,99.743
13080,99.743
13081,99.743
13082,99.743
13083,99.743
13084,99.743
13085,99.743
13086,99.743
13087,99.743
13088,99.743
13089,99.743
13090,99.743
13091,99.743
13092,99.743
13093,99.743
13094,99.743
13095,99.743
13096,99.743
13097,99.743
13098,99.743
13099,99.743
13100,99.743
13101,99.743
13102,99.743
13103,99.743
13104,99.743
13105,99.743
13106,99.743
13107,99.743
13108,99.743
13109,99.743
13110,99.743
13111,99.743
13112,99.743
13113,99.743
13114,99.743
13115,99.743
13116,99.743
13117,99.743
13118,99.743
13119,99.743
13120,99.743
13121,99.743
13122,99.743
13123,99.743
13124,99.743
13125,99.743
13126,99.743
13127,99.743
13128,99.743
13129,99.743
13130,99.743
13131,99.743
13132,99.743
13133,99.743
13134,99.743
13135,99.743
13136,99.743
13137,99.743
13138,99.743
13139,99.743
13140,99.743
13141,99.743
13142,99.743
13143,99.743
13144,99.743
13145,99.743
13146,99.743
13147,99.743
13148,99.743
13149,99.743
13150,99.743
13151,99.743
13152,99.743
13153,99.743
13154,99.743
13155,99.743
13156,99.743
13157,99.743
13158,99.743
13159,99.743
13160,99.743
13161,99.743
13162,99.743
13163,99.743
13164,99.743
13165,99.743
13166,99.743
13167,99.743
13168,99.743
13169,99.743
13170,99.743
13171,99.743
13172,99.743
13173,99.743
13174,99.743
13175,99.743
13176,99.743
13177,99.743
13178,99.743
13179,99.743
13180,99.743
13181,99.743
13182,99.743
13183,99.743
13184,99.743
13185,99.743
13186,99.743
13187,99.743
13188,99.743
13189,99.743
13190,99.743
13191,99.743
13192,99.743
13193,99.743
13194,99.743
13195,99.743
13196,99.743
13197,99.743
13198,99.743
13199,99.743
13200,99.743
13201,99.743
13202,99.743
13203,99.743
13204,99.743
13205,99.743
13206,99.743
13207,99.743
13208,99.743
13209,99.743
13210,99.743
13211,99.743
13212,99.743
13213,99.743
13214,99.743
13215,99.743
13216,99.743
13217,99.743
13218,99.743
13219,99.743
13220,99.743
13221,99.743
13222,99.743
13223,99.743
13224,99.743
13225,99.743
13226,99.743
13227,99.743
13228,99.743
13229,99.743
13230,99.743
13231,99.743
13232,99.743
13233,99.743
13234,101.388
13235,101.388
13236,101.388
13237,101.388
13238,101.388
13239,101.388
13240,101.388
13241,101.388
13242,101.388
13243,101.388
13244,101.388
13245,101.388
13246,101.388
13247,101.388
13248,101.388
13249,101.388
13250,101.388
13251,101.388
13252,101.388
13253,101.388
13254,101.388
13255,101.388
13256,101.388
13257,101.388
13258,101.388
13259,101.388
13260,101.388
13261,101.388
13262,101.388
13263,101.388
13264,101.388
13265,101.388
13266,101.388
13267,101.388
13268,101.388
13269,101.388
13270,101.388
13271,101.388
13272,101.388
13273,101.388
13274,101.388
13275,101.388
13276,101.388
13277,101.388
13278,101.388
13279,101.388
13280,101.388
13281,101.388
13282,101.388
13283,101.388
13284,101.388
13285,101.388
13286,101.388
13287,101.388
13288,101.388
13289,101.388
13290,101.388
13291,101.388
13292,101.388
13293,101.388
13294,101.388
13295,101.388
13296,101.388
13297,101.388
13298,101.388
13299,101.388
13300,101.388
13301,101.388
13302,101.388
13303,101.388
13304,101.388
13305,101.388
13306,101.388
13307,101.388
13308,101.388
13309,101.388
13310,101.388
13311,101.388
13312,101.388
13313,101.388
13314,101.388
13315,101.388
13316,101.388
13317,101.388
13318,101.388
13319,101.388
13320,101.388
13321,101.388
13322,101.388
13323,101.388
13324,101.388
13325,101.388
13326,101.388
13327,101.388
13328,101.388
13329,101.388
13330,101.388
13331,101.388
13332,101.388
13333,101.388
13334,100.184
13335,100.184
13336,100.184
13337,100.184
13338,100.184
13339,100.184
13340,100.184
13341,100.184
13342,100.184
13343,100.184
13344,100.184
13345,100.184
13346,100.184
13347,100.184
13348,100.184
13349,100.184
13350,100.184
13351,100.184
13352,100.184
13353,100.184
13354,100.184
13355,100.184
13356,100.184
13357,100.184
13358,100.184
13359,100.184
13360,100.184
13361,100.184
13362,100.184
13363,100.184
13364,100.184
13365,100.184
13366,100.184
13367,100.184
13368,100.184
13369,100.184
13370,100.184
13371,100.184
13372,100.184
13373,100.184
13374,100.184
13375,100.184
13376,100.184
13377,100.184
13378,100.184
13379,100.184
13380,100.184
13381,100.184
13382,100.184
13383,100.184
13384,100.184
13385,100.184
13386,100.184
13387,100.184
13388,100.184
13389,100.184
13390,100.184
13391,100.184
13392,100.184
13393,100.184
13394,100.184
13395,100.184
13396,100.184
13397,100.184
13398,100.184
13399,100.184
13400,100.184
13401,100.184
13402,100.184
13403,100.184
13404,100.184
13405,100.184
13406,100.184
13407,100.184
13408,100.184
13409,100.184
13410,100.184
13411,100.184
13412,100.184
13413,100.184
13414,100.184
13415,100.184
13416,100.184
13417,100.184
13418,100.184
13419,100.184
13420,100.184
13421,100.184
13422,100.184
13423,100.184
13424,100.184
13425,100.184
13426,100.184
13427,100.184
13428,100.184
13429,100.184
13430,100.184
13431,100.184
13432,100.184
13433,100.184
13434,99.144
13435,99.144
13436,99.144
13437,99.144
13438,99.144
13439,99.144
13440,99.144
13441,99.144
13442,99.144
13443,99.144
13444,99.144
13445,99.144
13446,99.144
13447,99.144
13448,99.144
13449,99.144
13450,99.144
13451,99.144
13452,99.144
13453,99.144
13454,99.144
13455,99.144
13456,99.144
13457,99.144
13458,99.144
13459,99.144
13460,99.144
13461,99.144
13462,99.144
13463,99.144
13464,99.144
13465,99.144
13466,99.144
13467,99.144
13468,99.144
13469,99.144
13470,99.144
13471,99.144
13472,99.144
13473,99.144
13474,99.144
13475,99.144
13476,99.144
13477,99.144
13478,99.144
13479,99.144
13480,99.144
13481,99.144
13482,99.144
13483,99.144
13484,99.144
13485,99.144
13486,99.144
13487,99.144
13488,99.144
13489,99.144
13490,99.144
13491,99.144
13492,99.144
13493,99.144
13494,99.144
13495,99.144
13496,99.144
13497,99.144
13498,99.144
13499,99.144
13500,99.144
13501,99.144
13502,99.144
13503,99.144
13504,99.144
13505,99.144
13506,99.144
13507,99.144
13508,99.144
13509,99.144
13510,99.144
13511,99.144
13512,99.144
13513,99.144
13514,99.144
13515,99.144
13516,99.144
13517,99.144
13518,99.144
13519,99.144
13520,99.144
13521,99.144
13522,99.144
13523,99.144
13524,99.144
13525,99.144
13526,99.144
13527,99.144
13528,99.144
13529,99.144
13530,99.144
13531,99.144
13532,99.144
13533,99.144
13534,99.144
13535,99.144
13536,99.144
13537,99.144
13538,99.144
13539,99.144
13540,99.144
13541,99.144
13542,99.144
13543,99.144
13544,99.144
13545,99.144
13546,99.144
13547,99.144
13548,99.144
13549,99.144
13550,99.144
13551,99.144
13552,99.144
13553,99.144
13554,99.144
13555,99.144
13556,99.144
13557,99.144
13558,99.144
13559,99.144
13560,99.144
13561,99.144
13562,99.144
13563,99.144
13564,99.144
13565,99.144
13566,99.144
13567,99.144
13568,99.144
13569,99.144
13570,99.144
13571,99.144
13572,99.144
13573,99.144
13574,99.144
13575,99.144
13576,99.144
13577,99.144
13578,99.144
13579,99.144
13580,99.144
13581,99.144
13582,99.144
13583,99.144
13584,99.144
13585,99.144
13586,99.144
13587,99.144
13588,99.144
13589,99.144
13590,99.144
13591,99.144
13592,99.144
13593,99.144
13594,99.144
13595,99.144
13596,99.144
13597,99.144
13598,99.144
13599,99.144
13600,99.144
13601,99.144
13602,99.144
13603,99.144
13604,99.144
13605,99.144
13606,99.144
13607,99.144
13608,99.144
13609,99.144
13610,99.144
13611,99.144
13612,99.144
13613,99.144
13614,99.144
13615,99.144
13616,99.144
13617,99.144
13618,99.144
13619,99.144
13620,99.144
13621,99.144
13622,99.144
13623,99.144
13624,99.144
13625,99.144
13626,99.144
13627,99.144
13628,99.144
13629,99.144
13630,99.144
13631,99.144
13632,99.144
13633,99.144
13634,99.144
13635,99.144
13636,99.144
13637,99.144
13638,99.144
13639,99.144
13640,99.144
13641,99.144
13642,99.144
13643,99.144
13644,99.144
13645,99.144
13646,99.144
13647,99.144
13648,99.144
13649,99.144
13650,99.144
13651,99.144
13652,99.144
13653,99.144
13654,99.144
13655,99.144
13656,99.144
13657,99.144
13658,99.144
13659,99.144
13660,99.144
13661,99.144
13662,99.144
13663,99.144
13664,99.144
13665,99.144
13666,99.144
13667,99.144
13668,99.144
13669,99.144
13670,99.144
13671,99.144
13672,99.144
13673,99.144
13674,99.144
13675,99.144
13676,99.144
13677,99.144
13678,99.144
13679,99.144
13680,99.144
13681,99.144
13682,99.144
13683,99.144
13684,99.144
13685,99.144
13686,99.144
13687,99.144
13688,99.144
13689,99.144
13690,99.144
13691,99.144
13692,99.144
13693,99.144
13694,99.144
13695,99.144
13696,99.144
13697,99.144
13698,99.144
13699,99.144
13700,99.144
13701,99.144
13702,99.144
13703,99.144
13704,99.144
13705,99.144
13706,99.144
13707,99.144
13708,99.144
13709,99.144
13710,99.144
13711,99.144
13712,99.144
13713,99.144
13714,99.144
13715,99.144
13716,99.144
13717,99.144
13718,99.144
13719,99.144
13720,99.144
13721,99.144
13722,99.144
13723,99.144
13724,99.144
13725,99.144
13726,99.144
13727,99.144
13728,99.144
13729,99.144
13730,99.144
13731,99.144
13732,99.144
13733,99.144
13734,99.144
13735,99.144
13736,99.743
13737,99.743
13738,99.743
13739,99.743
13740,99.743
13741,99.743
13742,99.743
13743,99.743
13744,99.743
13745,99.743
13746,99.743
13747,99.743
13748,99.743
13749,99.743
13750,99.743
13751,99.743
13752,99.743
13753,99.743
13754,99.743
13755,99.743
13756,99.743
13757,99.743
13758,99.743
13759,99.743
13760,99.743
13761,99.743
13762,99.743
13763,99.743
13764,99.743
13765,99.743
13766,99.743
13767,99.743
13768,99.743
13769,99.743
13770,99.743
13771,99.743
13772,99.743
13773,99.743
13774,99.743
13775,99.743
13776,99.743
13777,99.743
13778,99.743
13779,99.743
13780,99.743
13781,99.743
13782,99.743
13783,99.743
13784,99.743
13785,99.743
13786,99.743
13787,99.743
13788,99.743
13789,99.743
13790,99.743
13791,99.743
13792,99.743
13793,99.743
13794,99.743
13795,99.743
13796,99.743
13797,99.743
13798,99.743
13799,99.743
13800,99.743
13801,99.743
13802,99.743
13803,99.743
13804,99.743
13805,99.743
13806,99.743
13807,99.743
13808,99.743
13809,99.743
13810,99.743
13811,99.743
13812,99.743
13813,99.743
13814,99.743
13815,99.743
13816,99.743
13817,99.743
13818,99.743
13819,99.743
13820,99.743
13821,99.743
13822,99.743
13823,99.743
13824,99.743
13825,99.743
13826,99.743
13827,99.743
13828,99.743
13829,99.743
13830,99.743
13831,99.743
13832,99.743
13833,99.743
13834,99.416
13835,99.416
13836,99.416
13837,99.416
13838,99.416
13839,99.416
13840,99.416
13841,99.416
13842,99.416
13843,99.416
13844,99.416
13845,99.416
13846,99.416
13847,99.416
13848,99.416
13849,99.416
13850,99.416
13851,99.416
13852,99.416
13853,99.416
13854,99.416
13855,99.416
13856,99.416
13857,99.416
13858,99.416
13859,99.416
13860,99.416
13861,99.416
13862,99.416
13863,99.416
13864,99.416
13865,99.416
13866,99.416
13867,99.416
13868,99.416
13869,99.416
13870,99.416
13871,99.416
13872,99.416
13873,99.416
13874,99.416
13875,99.416
13876,99.416
13877,99.416
13878,99.416
13879,99.416
13880,99.416
13881,99.416
13882,99.416
13883,99.416
13884,99.416
13885,99.416
13886,99.416
13887,99.416
13888,99.416
13889,99.416
13890,99.416
13891,99.416
13892,99.416
13893,99.416
13894,99.416
13895,99.416
13896,99.416
13897,99.416
13898,99.416
13899,99.416
13900,99.416
13901,99.416
13902,99.416
13903,99.416
13904,99.416
13905,99.416
13906,99.416
13907,99.416
13908,99.416
13909,99.416
13910,99.416
13911,99.416
13912,99.416
13913,99.416
13914,99.416
13915,99.416
13916,99.416
13917,99.416
13918,99.416
13919,99.416
13920,99.416
13921,99.416
13922,99.416
13923,99.416
13924,99.416
13925,99.416
13926,99.416
13927,99.416
13928,99.416
13929,99.416
13930,99.416
13931,99.416
13932,99.416
13933,99.416
13934,99.743
13935,99.743
13936,99.743
13937,99.743
13938,99.743
13939,99.743
13940,99.743
13941,99.743
13942,99.743
13943,99.743
13944,99.743
13945,99.743
13946,99.743
13947,99.743
13948,99.743
13949,99.743
13950,99.743
13951,99.743
13952,99.743
13953,99.743
13954,99.743
13955,99.743
13956,99.743
13957,99.743
13958,99.743
13959,99.743
13960,99.743
13961,99.743
13962,99.743
13963,99.743
13964,99.743
13965,99.743
13966,99.743
13967,99.743
13968,99.743
13969,99.743
13970,99.743
13971,99.743
13972,99.743
13973,99.743
13974,99.743
13975,99.743
13976,99.743
13977,99.743
13978,99.743
13979,99.743
13980,99.743
13981,99.743
13982,99.743
13983,99.743
13984,99.743
13985,99.743
13986,99.743
13987,99.743
13988,99.743
13989,99.743
13990,99.743
13991,99.743
13992,99.743
13993,99.743
13994,99.743
13995,99.743
13996,99.743
13997,99.743
13998,99.743
13999,99.743
14000,99.743
14001,99.743
14002,99.743
14003,99.743
14004,99.743
14005,99.743
14006,99.743
14007,99.743
14008,99.743
14009,99.743
14010,99.743
14011,99.743
14012,99.743
14013,99.743
14014,99.743
14015,99.743
14016,99.743
14017,99.743
14018,99.743
14019,99.743
14020,99.743
14021,99.743
14022,99.743
14023,99.743
14024,99.743
14025,99.743
14026,99.743
14027,99.743
14028,99.743
14029,99.743
14030,99.743
14031,99.743
14032,99.743
14033,99.743
14034,100.287
14035,100.287
14036,100.287
14037,100.287
14038,100.287
14039,100.287
14040,100.287
14041,100.287
14042,100.287
14043,100.287
14044,100.287
14045,100.287
14046,100.287
14047,100.287
14048,100.287
14049,100.287
14050,100.287
14051,100.287
14052,100.287
14053,100.287
14054,100.287
14055,100.287
14056,100.287
14057,100.287
14058,100.287
14059,100.287
14060,100.287
14061,100.287
14062,100.287
14063,100.287
14064,100.287
14065,100.287
14066,100.287
14067,100.287
14068,100.287
14069,100.287
14070,100.287
14071,100.287
14072,100.287
14073,100.287
14074,100.287
14075,100.287
14076,100.287
14077,100.287
14078,100.287
14079,100.287
14080,100.287
14081,100.287
14082,100.287
14083,100.287
14084,100.287
14085,100.287
14086,100.287
14087,100.287
14088,100.287
14089,100.287
14090,100.287
14091,100.287
14092,100.287
14093,100.287
14094,100.287
14095,100.287
14096,100.287
14097,100.287
14098,100.287
14099,100.287
14100,100.287
14101,100.287
14102,100.287
14103,100.287
14104,100.287
14105,100.287
14106,100.287
14107,100.287
14108,100.287
14109,100.287
14110,100.287
14111,100.287
14112,100.287
14113,100.287
14114,100.287
14115,100.287
14116,100.287
14117,100.287
14118,100.287
14119,100.287
14120,100.287
14121,100.287
14122,100.287
14123,100.287
14124,100.287
14125,100.287
14126,100.287
14127,100.287
14128,100.287
14129,100.287
14130,100.287
14131,100.287
14132,100.287
14133,100.287
14134,100.894
14135,100.894
14136,100.894
14137,100.894
14138,100.894
14139,100.894
14140,100.894
14141,100.894
14142,100.894
14143,100.894
14144,100.894
14145,100.894
14146,100.894
14147,100.894
14148,100.894
14149,100.894
14150,100.894
14151,100.894
14152,100.894
14153,100.894
14154,100.894
14155,100.894
14156,100.894
14157,100.894
14158,100.894
14159,100.894
14160,100.894
14161,100.894
14162,100.894
14163,100.894
14164,100.894
14165,100.894
14166,100.894
14167,100.894
14168,100.894
14169,100.894
14170,100.894
14171,100.894
14172,100.894
14173,100.894
14174,100.894
14175,100.894
14176,100.894
14177,100.894
14178,100.894
14179,100.894
14180,100.894
14181,100.894
14182,100.894
14183,100.894
14184,100.894
14185,100.894
14186,100.894
14187,100.894
14188,100.894
14189,100.894
14190,100.894
14191,100.894
14192,100.894
14193,100.894
14194,100.894
14195,100.894
14196,100.894
14197,100.894
14198,100.894
14199,100.894
14200,100.894
14201,100.894
14202,100.894
14203,100.894
14204,100.894
14205,100.894
14206,100.894
14207,100.894
14208,100.894
14209,100.894
14210,100.894
14211,100.894
14212,100.894
14213,100.894
14214,100.894
14215,100.894
14216,100.894
14217,100.894
14218,100.894
14219,100.894
14220,100.894
14221,100.894
14222,100.894
14223,100.894
14224,100.894
14225,100.894
14226,100.894
14227,100.894
14228,100.894
14229,100.894
14230,100.894
14231,100.894
14232,100.894
14233,100.894
14234,99.845
14235,99.845
14236,99.845
14237,99.845
14238,99.845
14239,99.845
14240,99.845
14241,99.845
14242,99.845
14243,99.845
14244,99.845
14245,99.845
14246,99.845
14247,99.845
14248,99.845
14249,99.845
14250,99.845
14251,99.845
14252,99.845
14253,99.845
14254,99.845
14255,99.845
14256,99.845
14257,99.845
14258,99.845
14259,99.845
14260,99.845
14261,99.845
14262,99.845
14263,99.845
14264,99.845
14265,99.845
14266,99.845
14267,99.845
14268,99.845
14269,99.845
14270,99.845
14271,99.845
14272,99.845
14273,99.845
14274,99.845
14275,99.845
14276,99.845
14277,99.845
14278,99.845
14279,99.845
14280,99.845
14281,99.845
14282,99.845
14283,99.845
14284,99.845
14285,99.845
14286,99.845
14287,99.845
14288,99.845
14289,99.845
14290,99.845
14291,99.845
14292,99.845
14293,99.845
14294,99.845
14295,99.845
14296,99.845
14297,99.845
14298,99.845
14299,99.845
14300,99.845
14301,99.845
14302,99.845
14303,99.845
14304,99.845
14305,99.845
14306,99.845
14307,99.845
14308,99.845
14309,99.845
14310,99.845
14311,99.845
14312,99.845
14313,99.845
14314,99.845
14315,99.845
14316,99.845
14317,99.845
14318,99.845
14319,99.845
14320,99.845
14321,99.845
14322,99.845
14323,99.845
14324,99.845
14325,99.845
14326,99.845
14327,99.845
14328,99.845
14329,99.845
14330,99.845
14331,99.845
14332,99.845
14333,99.845
14334,98.966
14335,98.966
14336,98.966
14337,98.966
14338,98.966
14339,98.966
14340,98.966
14341,98.966
14342,98.966
14343,98.966
14344,98.966
14345,98.966
14346,98.966
14347,98.966
14348,98.966
14349,98.966
14350,98.966
14351,98.966
14352,98.966
14353,98.966
14354,98.966
14355,98.966
14356,98.966
14357,98.966
14358,98.966
14359,98.966
14360,98.966
14361,98.966
14362,98.966
14363,98.966
14364,98.966
14365,98.966
14366,98.966
14367,98.966
14368,98.966
14369,98.966
14370,98.966
14371,98.966
14372,98.966
14373,98.966
14374,98.966
14375,98.966
14376,98.966
14377,98.966
14378,98.966
14379,98.966
14380,98.966
14381,98.966
14382,98.966
14383,98.966
14384,98.966
14385,98.966
14386,98.966
14387,98.966
14388,98.966
14389,98.966
14390,98.966
14391,98.966
14392,98.966
14393,98.966
14394,98.966
14395,98.966
14396,98.966
14397,98.966
14398,98.966
14399,98.966
14400,98.966
14401,98.966
14402,98.966
14403,98.966
14404,98.966
14405,98.966
14406,98.966
14407,98.966
14408,98.966
14409,98.966
14410,98.966
14411,98.966
14412,98.966
14413,98.966
14414,98.966
14415,98.966
14416,98.966
14417,98.966
14418,98.966
14419,98.966
14420,98.966
14421,98.966
14422,98.966
14423,98.966
14424,98.966
14425,98.966
14426,98.966
14427,98.966
14428,98.966
14429,98.966
14430,98.966
14431,98.966
14432,98.966
14433,98.966
14434,99.246
14435,99.246
14436,99.246
14437,99.246
14438,99.246
14439,99.246
14440,99.246
14441,99.246
14442,99.246
14443,99.246
14444,99.246
14445,99.246
14446,99.246
14447,99.246
14448,99.246
14449,99.246
14450,99.246
14451,99.246
14452,99.246
14453,99.246
14454,99.246
14455,99.246
14456,99.246
14457,99.246
14458,99.246
14459,99.246
14460,99.246
14461,99.246
14462,99.246
14463,99.246
14464,99.246
14465,99.246
14466,99.246
14467,99.246
14468,99.246
14469,99.246
14470,99.246
14471,99.246
14472,99.246
14473,99.246
14474,99.246
14475,99.246
14476,99.246
14477,99.246
14478,99.246
14479,99.246
14480,99.246
14481,99.246
14482,99.246
14483,99.246
14484,99.246
14485,99.246
14486,99.246
14487,99.246
14488,99.246
14489,99.246
14490,99.246
14491,99.246
14492,99.246
14493,99.246
14494,99.246
14495,99.246
14496,99.246
14497,99.246
14498,99.246
14499,99.246
14500,99.246
14501,99.246
14502,99.246
14503,99.246
14504,99.246
14505,99.246
14506,99.246
14507,99.246
14508,99.246
14509,99.246
14510,99.246
14511,99.246
14512,99.246
14513,99.246
14514,99.246
14515,99.246
14516,99.246
14517,99.246
14518,99.246
14519,99.246
14520,99.246
14521,99.246
14522,99.246
14523,99.246
14524,99.246
14525,99.246
14526,99.246
14527,99.246
14528,99.246
14529,99.246
14530,99.246
14531,99.246
14532,99.246
14533,99.246
14534,99.246
14535,99.246
14536,99.246
14537,99.246
14538,99.246
14539,99.246
14540,99.246
14541,99.246
14542,99.246
14543,99.246
14544,99.246
14545,99.246
14546,99.246
14547,99.246
14548,99.246
14549,99.246
14550,99.246
14551,99.246
14552,99.246
14553,99.246
14554,99.246
14555,99.246
14556,99.246
14557,99.246
14558,99.246
14559,99.246
14560,99.246
14561,99.246
14562,99.246
14563,99.246
14564,99.246
14565,99.246
14566,99.246
14567,99.246
14568,99.246
14569,99.246
14570,99.246
14571,99.246
14572,99.246
14573,99.246
14574,99.246
14575,99.246
14576,99.246
14577,99.246
14578,99.246
14579,99.246
14580,99.246
14581,99.246
14582,99.246
14583,99.246
14584,99.246
14585,99.246
14586,99.246
14587,99.246
14589,99.246
14589,99.246
14590,99.246
14591,99.246
14592,99.246
14593,99.246
14594,99.246
14595,99.246
14596,99.246
14597,99.246
14598,99.246
14599,99.246
14600,99.246
14601,99.246
14602,99.246
14603,99.246
14604,99.246
14605,99.246
14606,99.246
14607,99.246
14608,99.246
14609,99.246
14610,99.246
14611,99.246
14612,99.246
14613,99.246
14614,99.246
14615,99.246
14616,99.246
14617,99.246
14618,99.246
14619,99.246
14620,99.246
14621,99.246
14622,99.246
14623,99.246
14624,99.246
14625,99.246
14626,99.246
14627,99.246
14628,99.246
14629,99.246
14630,99.246
14631,99.246
14632,99.246
14633,99.246
14634,99.845
14635,99.845
14636,99.845
14637,99.845
14638,99.845
14639,99.845
14640,99.845
14641,99.845
14642,99.845
14643,99.845
14644,99.845
14645,99.845
14646,99.845
14647,99.845
14648,99.845
14649,99.845
14650,99.845
14651,99.845
14652,99.845
14653,99.845
14654,99.845
14655,99.845
14656,99.845
14657,99.845
14658,99.845
14659,99.845
14660,99.845
14661,99.845
14662,99.845
14663,99.845
14664,99.845
14665,99.845
14666,99.845
14667,99.845
14668,99.845
14669,99.845
14670,99.845
14671,99.845
14672,99.845
14673,99.845
14674,99.845
14675,99.845
14676,99.845
14677,99.845
14678,99.845
14679,99.845
14680,99.845
14681,99.845
14682,99.845
14683,99.845
14684,99.845
14685,99.845
14686,99.845
14687,99.845
14688,99.845
14689,99.845
14690,99.845
14691,99.845
14692,99.845
14693,99.845
14694,99.845
14695,99.845
14696,99.845
14697,99.845
14698,99.845
14699,99.845
14700,99.845
14701,99.845
14702,99.845
14703,99.845
14704,99.845
14705,99.845
14706,99.845
14707,99.845
14708,99.845
14709,99.845
14710,99.845
14711,99.845
14712,99.845
14713,99.845
14714,99.845
14715,99.845
14716,99.845
14717,99.845
14718,99.845
14719,99.845
14720,99.845
14721,99.845
14722,99.845
14723,99.845
14724,99.845
14725,99.845
14726,99.845
14727,99.845
14728,99.845
14729,99.845
14730,99.845
14731,99.845
14732,99.845
14733,99.845
14734,99.743
14735,99.743
14736,99.743
14737,99.743
14738,99.743
14739,99.743
14740,99.743
14741,99.743
14742,99.743
14743,99.743
14744,99.743
14745,99.743
14746,99.743
14747,99.743
14748,99.743
14749,99.743
14750,99.743
14751,99.743
14752,99.743
14753,99.743
14754,99.743
14755,99.743
14756,99.743
14757,99.743
14758,99.743
14759,99.743
14760,99.743
14761,99.743
14762,99.743
14763,99.743
14764,99.743
14765,99.743
14766,99.743
14767,99.743
14768,99.743
14769,99.743
14770,99.743
14771,99.743
14772,99.743
14773,99.743
14774,99.743
14775,99.743
14776,99.743
14777,99.743
14778,99.743
14779,99.743
14780,99.743
14781,99.743
14782,99.743
14783,99.743
14784,99.743
14785,99.743
14786,99.743
14787,99.743
14788,99.743
14789,99.743
14790,99.743
14791,99.743
14792,99.743
14793,99.743
14794,99.743
14795,99.743
14796,99.743
14797,99.743
14798,99.743
14799,99.743
14800,99.743
14801,99.743
14802,99.743
14803,99.743
14804,99.743
14805,99.743
14806,99.743
14807,99.743
14808,99.743
14809,99.743
14810,99.743
14811,99.743
14812,99.743
14813,99.743
14814,99.743
14815,99.743
14816,99.743
14817,99.743
14818,99.743
14819,99.743
14820,99.743
14821,99.743
14822,99.743
14823,99.743
14824,99.743
14825,99.743
14826,99.743
14827,99.743
14828,99.743
14829,99.743
14830,99.743
14831,99.743
14832,99.743
14833,99.743
14834,99.845
14835,99.845
14836,99.845
14837,99.845
14838,99.845
14839,99.845
14840,99.845
14841,99.845
14842,99.845
14843,99.845
14844,99.845
14845,99.845
14846,99.845
14847,99.845
14848,99.845
14849,99.845
14850,99.845
14851,99.845
14852,99.845
14853,99.845
14854,99.845
14855,99.845
14856,99.845
14857,99.845
14858,99.845
14859,99.845
14860,99.845
14861,99.845
14862,99.845
14863,99.845
14864,99.845
14865,99.845
14866,99.845
14867,99.845
14868,99.845
14869,99.845
14870,99.845
14871,99.845
14872,99.845
14873,99.845
14874,99.845
14875,99.845
14876,99.845
14877,99.845
14878,99.845
14879,99.845
14880,99.845
14881,99.845
14882,99.845
14883,99.845
14884,99.845
14885,99.845
14886,99.845
14887,99.845
14888,99.845
14889,99.845
14890,99.845
14891,99.845
14892,99.845
14893,99.845
14894,99.845
14895,99.845
14896,99.845
14897,99.845
14898,99.845
14899,99.845
14900,99.845
14901,99.845
14902,99.845
14903,99.845
14904,99.845
14905,99.845
14906,99.845
14907,99.845
14908,99.845
14909,99.845
14910,99.845
14911,99.845
14912,99.845
14913,99.845
14914,99.845
14915,99.845
14916,99.845
14917,99.845
14918,99.845
14919,99.845
14920,99.845
14921,99.845
14922,99.845
14923,99.845
14924,99.845
14925,99.845
14926,99.845
14927,99.845
14928,99.845
14929,99.845
14930,99.845
14931,99.845
14932,99.845
14933,99.845
14934,100.894
14935,100.894
14936,100.894
14937,100.894
14938,100.894
14939,100.894
14940,100.894
14941,100.894
14942,100.894
14943,100.894
14944,100.894
14945,100.894
14946,100.894
14947,100.894
14948,100.894
14949,100.894
14950,100.894
14951,100.894
14952,100.894
14953,100.894
14954,100.894
14955,100.894
14956,100.894
14957,100.894
14958,100.894
14959,100.894
14960,100.894
14961,100.894
14962,100.894
14963,100.894
14964,100.894
14965,100.894
14966,100.894
14967,100.894
14968,100.894
14969,100.894
14970,100.894
14971,100.894
14972,100.894
14973,100.894
14974,100.894
14975,100.894
14976,100.894
14977,100.894
14978,100.894
14979,100.894
14980,100.894
14981,100.894
14982,100.894
14983,100.894
14984,100.894
14985,100.894
14986,100.894
14987,100.894
14988,100.894
14989,100.894
14990,100.894
14991,100.894
14992,100.894
14993,100.894
14994,100.894
14995,100.894
14996,100.894
14997,100.894
14998,100.894
14999,100.894
15000,100.894
15001,100.894
15002,100.894
15003,100.894
15004,100.894
15005,100.894
15006,100.894
15007,100.894
15008,100.894
15009,100.894
15010,100.894
15011,100.894
15012,100.894
15013,100.894
15014,100.894
15015,100.894
15016,100.894
15017,100.894
15018,100.894
15019,100.894
15020,100.894
15021,100.894
15022,100.894
15023,100.894
15024,100.894
15025,100.894
15026,100.894
15027,100.894
15028,100.894
15029,100.894
15030,100.894
15031,100.894
15032,100.894
15033,100.894
15034,100.621
15035,100.621
15036,100.621
15037,100.621
15038,100.621
15039,100.621
15040,100.621
15041,100.621
15042,100.621
15043,100.621
15044,100.621
15045,100.621
15046,100.621
15047,100.621
15048,100.621
15049,100.621
15050,100.621
15051,100.621
15052,100.621
15053,100.621
15054,100.621
15055,100.621
15056,100.621
15057,100.621
15058,100.621
15059,100.621
15060,100.621
15061,100.621
15062,100.621
15063,100.621
15064,100.621
15065,100.621
15066,100.621
15067,100.621
15068,100.621
15069,100.621
15070,100.621
15071,100.621
15072,100.621
15073,100.621
15074,100.621
15075,100.621
15076,100.621
15077,100.621
15078,100.621
15079,100.621
15080,100.621
15081,100.621
15082,100.621
15083,100.621
15084,100.621
15085,100.621
15086,100.621
15087,100.621
15088,100.621
15089,100.621
15090,100.621
15091,100.621
15092,100.621
15093,100.621
15094,100.621
15095,100.621
15096,100.621
15097,100.621
15098,100.621
15099,100.621
15100,100.621
15101,100.621
15102,100.621
15103,100.621
15104,100.621
15105,100.621
15106,100.621
15107,100.621
15108,100.621
15109,100.621
15110,100.621
15111,100.621
15112,100.621
15113,100.621
15114,100.621
15115,100.621
15116,100.621
15117,100.621
15118,100.621
15119,100.621
15120,100.621
15121,100.621
15122,100.621
15123,100.621
15124,100.621
15125,100.621
15126,100.621
15127,100.621
15128,100.621
15129,100.621
15130,100.621
15131,100.621
15132,100.621
15133,100.621
15134,99.144
15135,99.144
15136,99.144
15137,99.144
15138,99.144
15139,99.144
15140,99.144
15141,99.144
15142,99.144
15143,99.144
15144,99.144
15145,99.144
15146,99.144
15147,99.144
15148,99.144
15149,99.144
15150,99.144
15151,99.144
15152,99.144
15153,99.144
15154,99.144
15155,99.144
15156,99.144
15157,99.144
15158,99.144
15159,99.144
15160,99.144
15161,99.144
15162,99.144
15163,99.144
15164,99.144
15165,99.144
15166,99.144
15167,99.144
15168,99.144
15169,99.144
15170,99.144
15171,99.144
15172,99.144
15173,99.144
15174,99.144
15175,99.144
15176,99.144
15177,99.144
15178,99.144
15179,99.144
15180,99.144
15181,99.144
15182,99.144
15183,99.144
15184,99.144
15185,99.144
15186,99.144
15187,99.144
15188,99.144
15189,99.144
15190,99.144
15191,99.144
15192,99.144
15193,99.144
15194,99.144
15195,99.144
15196,99.144
15197,99.144
15198,99.144
15199,99.144
15200,99.144
15201,99.144
15202,99.144
15203,99.144
15204,99.144
15205,99.144
15206,99.144
15207,99.144
15208,99.144
15209,99.144
15210,99.144
15211,99.144
15212,99.144
15213,99.144
15214,99.144
15215,99.144
15216,99.144
15217,99.144
15218,99.144
15219,99.144
15220,99.144
15221,99.144
15222,99.144
15223,99.144
15224,99.144
15225,99.144
15226,99.144
15227,99.144
15228,99.144
15229,99.144
15230,99.144
15231,99.144
15232,99.144
15233,99.144
15234,99.144
15235,99.144
15236,99.144
15237,99.144
15238,99.144
15239,99.144
15240,99.144
15241,99.144
15242,99.144
15243,99.144
15244,99.144
15245,99.144
15246,99.144
15247,99.144
15248,99.144
15249,99.144
15250,99.144
15251,99.144
15252,99.144
15253,99.144
15254,99.144
15255,99.144
15256,99.144
15257,99.144
15258,99.144
15259,99.144
15260,99.144
15261,99.144
15262,99.144
15263,99.144
15264,99.144
15265,99.144
15266,99.144
15267,99.144
15268,99.144
15269,99.144
15270,99.144
15271,99.144
15272,99.144
15273,99.144
15274,99.144
15275,99.144
15276,99.144
15277,99.144
15278,99.144
15279,99.144
15280,99.144
15281,99.144
15282,99.144
15283,99.144
15284,99.144
15285,99.144
15286,99.144
15287,99.144
15288,99.144
15289,99.144
15290,99.144
15291,99.144
15292,99.144
15293,99.144
15294,99.144
15295,99.144
15296,99.144
15297,99.144
15298,99.144
15299,99.144
15300,99.144
15301,99.144
15302,99.144
15303,99.144
15304,99.144
15305,99.144
15306,99.144
15307,99.144
15308,99.144
15309,99.144
15310,99.144
15311,99.144
15312,99.144
15313,99.144
15314,99.144
15315,99.144
15316,99.144
15317,99.144
15318,99.144
15319,99.144
15320,99.144
15321,99.144
15322,99.144
15323,99.144
15324,99.144
15325,99.144
15326,99.144
15327,99.144
15328,99.144
15329,99.144
15330,99.144
15331,99.144
15332,99.144
15333,99.144
15334,99.144
15335,99.144
15336,99.144
15337,99.144
15338,99.144
15339,99.144
15340,99.144
15341,99.144
15342,99.144
15343,99.144
15344,99.144
15345,99.144
15346,99.144
15347,99.144
15348,99.144
15349,99.144
15350,99.144
15351,99.144
15352,99.144
15353,99.144
15354,99.144
15355,99.144
15356,99.144
15357,99.144
15358,99.144
15359,99.144
15360,99.144
15361,99.144
15362,99.144
15363,99.144
15364,99.144
15365,99.144
15366,99.144
15367,99.144
15368,99.144
15369,99.144
15370,99.144
15371,99.144
15372,99.144
15373,99.144
15374,99.144
15375,99.144
15376,99.144
15377,99.144
15378,99.144
15379,99.144
15380,99.144
15381,99.144
15382,99.144
15383,99.144
15384,99.144
15385,99.144
15386,99.144
15387,99.144
15388,99.144
15389,99.144
15390,99.144
15391,99.144
15392,99.144
15393,99.144
15394,99.144
15395,99.144
15396,99.144
15397,99.144
15398,99.144
15399,99.144
15400,99.144
15401,99.144
15402,99.144
15403,99.144
15404,99.144
15405,99.144
15406,99.144
15407,99.144
15408,99.144
15409,99.144
15410,99.144
15411,99.144
15412,99.144
15413,99.144
15414,99.144
15415,99.144
15416,99.144
15417,99.144
15418,99.144
15419,99.144
15420,99.144
15421,99.144
15422,99.144
15423,99.144
15424,99.144
15425,99.144
15426,99.144
15427,99.144
15428,99.144
15429,99.144
15430,99.144
15431,99.144
15432,99.144
15433,99.144
15434,99.518
15435,99.518
15436,99.518
15437,99.518
15438,99.518
15439,99.518
15440,99.518
15441,99.518
15442,99.518
15443,99.518
15444,99.518
15445,99.518
15446,99.518
15447,99.518
15448,99.518
15449,99.518
15450,99.518
15451,99.518
15452,99.518
15453,99.518
15454,99.518
15455,99.518
15456,99.518
15457,99.518
15458,99.518
15459,99.518
15460,99.518
15461,99.518
15462,99.518
15463,99.518
15464,99.518
15465,99.518
15466,99.518
15467,99.518
15468,99.518
15469,99.518
15470,99.518
15471,99.518
15472,99.518
15473,99.518
15474,99.518
15475,99.518
15476,99.518
15477,99.518
15478,99.518
15479,99.518
15480,99.518
15481,99.518
15482,99.518
15483,99.518
15484,99.518
15485,99.518
15486,99.518
15487,99.518
15488,99.518
15489,99.518
15490,99.518
15491,99.518
15492,99.518
15493,99.518
15494,99.518
15495,99.518
15496,99.518
15497,99.518
15498,99.518
15499,99.518
15500,99.518
15501,99.518
15502,99.518
15503,99.518
15504,99.518
15505,99.518
15506,99.518
15507,99.518
15508,99.518
15509,99.518
15510,99.518
15511,99.518
15512,99.518
15513,99.518
15514,99.518
15515,99.518
15516,99.518
15517,99.518
15518,99.518
15519,99.518
15520,99.518
15521,99.518
15522,99.518
15523,99.518
15524,99.518
15525,99.518
15526,99.518
15527,99.518
15528,99.518
15529,99.518
15530,99.518
15531,99.518
15532,99.518
15533,99.518
15534,99.246
15535,99.246
15536,99.246
15537,99.246
15538,99.246
15539,99.246
15540,99.246
15541,99.246
15542,99.246
15543,99.246
15544,99.246
15545,99.246
15546,99.246
15547,99.246
15548,99.246
15549,99.246
15550,99.246
15551,99.246
15552,99.246
15553,99.246
15554,99.246
15555,99.246
15556,99.246
15557,99.246
15558,99.246
15559,99.246
15560,99.246
15561,99.246
15562,99.246
15563,99.246
15564,99.246
15565,99.246
15566,99.246
15567,99.246
15568,99.246
15569,99.246
15570,99.246
15571,99.246
15572,99.246
15573,99.246
15574,99.246
15575,99.246
15576,99.246
15577,99.246
15578,99.246
15579,99.246
15580,99.246
15581,99.246
15582,99.246
15583,99.246
15584,99.246
15585,99.246
15586,99.246
15587,99.246
15588,99.246
15589,99.246
15590,99.246
15591,99.246
15592,99.246
15593,99.246
15594,99.246
15595,99.246
15596,99.246
15597,99.246
15598,99.246
15599,99.246
15600,99.246
15601,99.246
15602,99.246
15603,99.246
15604,99.246
15605,99.246
15606,99.246
15607,99.246
15608,99.246
15609,99.246
15610,99.246
15611,99.246
15612,99.246
15613,99.246
15614,99.246
15615,99.246
15616,99.246
15617,99.246
15618,99.246
15619,99.246
15620,99.246
15621,99.246
15622,99.246
15623,99.246
15624,99.246
15625,99.246
15626,99.246
15627,99.246
15628,99.246
15629,99.246
15630,99.246
15631,99.246
15632,99.246
15633,99.246
15634,99.246
15635,99.743
15636,99.743
15637,99.743
15638,99.743
15639,99.743
15640,99.743
15641,99.743
15642,99.743
15643,99.743
15644,99.743
15645,99.743
15646,99.743
15647,99.743
15648,99.743
15649,99.743
15650,99.743
15651,99.743
15652,99.743
15653,99.743
15654,99.743
15655,99.743
15656,99.743
15657,99.743
15658,99.743
15659,99.743
15660,99.743
15661,99.743
15662,99.743
15663,99.743
15664,99.743
15665,99.743
15666,99.743
15667,99.743
15668,99.743
15669,99.743
15670,99.743
15671,99.743
15672,99.743
15673,99.743
15674,99.743
15675,99.743
15676,99.743
15677,99.743
15678,99.743
15679,99.743
15680,99.743
15681,99.743
15682,99.743
15683,99.743
15684,99.743
15685,99.743
15686,99.743
15687,99.743
15688,99.743
15689,99.743
15690,99.743
15691,99.743
15692,99.743
15693,99.743
15694,99.743
15695,99.743
15696,99.743
15697,99.743
15698,99.743
15699,99.743
15700,99.743
15701,99.743
15702,99.743
15703,99.743
15704,99.743
15705,99.743
15706,99.743
15707,99.743
15708,99.743
15709,99.743
15710,99.743
15711,99.743
15712,99.743
15713,99.743
15714,99.743
15715,99.743
15716,99.743
15717,99.743
15718,99.743
15719,99.743
15720,99.743
15721,99.743
15722,99.743
15723,99.743
15724,99.743
15725,99.743
15726,99.743
15727,99.743
15728,99.743
15729,99.743
15730,99.743
15731,99.743
15732,99.743
15733,99.743
15734,99.743
15735,100.015
15736,100.015
15737,100.015
15738,100.015
15739,100.015
15740,100.015
15741,100.015
15742,100.015
15743,100.015
15744,100.015
15745,100.015
15746,100.015
15747,100.015
15748,100.015
15749,100.015
15750,100.015
15751,100.015
15752,100.015
15753,100.015
15754,100.015
15755,100.015
15756,100.015
15757,100.015
15758,100.015
15759,100.015
15760,100.015
15761,100.015
15762,100.015
15763,100.015
15764,100.015
15765,100.015
15766,100.015
15767,100.015
15768,100.015
15769,100.015
15770,100.015
15771,100.015
15772,100.015
15773,100.015
15774,100.015
15775,100.015
15776,100.015
15777,100.015
15778,100.015
15779,100.015
15780,100.015
15781,100.015
15782,100.015
15783,100.015
15784,100.015
15785,100.015
15786,100.015
15787,100.015
15788,100.015
15789,100.015
15790,100.015
15791,100.015
15792,100.015
15793,100.015
15794,100.015
15795,100.015
15796,100.015
15797,100.015
15798,100.015
15799,100.015
15800,100.015
15801,100.015
15802,100.015
15803,100.015
15804,100.015
15805,100.015
15806,100.015
15807,100.015
15808,100.015
15809,100.015
15810,100.015
15811,100.015
15812,100.015
15813,100.015
15814,100.015
15815,100.015
15816,100.015
15817,100.015
15818,100.015
15819,100.015
15820,100.015
15821,100.015
15822,100.015
15823,100.015
15824,100.015
15825,100.015
15826,100.015
15827,100.015
15828,100.015
15829,100.015
15830,100.015
15831,100.015
15832,100.015
15833,100.015
15834,101.492
15835,101.492
15836,101.492
15837,101.492
15838,101.492
15839,101.492
15840,101.492
15841,101.492
15842,101.492
15843,101.492
15844,101.492
15845,101.492
15846,101.492
15847,101.492
15848,101.492
15849,101.492
15850,101.492
15851,101.492
15852,101.492
15853,101.492
15854,101.492
15855,101.492
15856,101.492
15857,101.492
15858,101.492
15859,101.492
15860,101.492
15861,101.492
15862,101.492
15863,101.492
15864,101.492
15865,101.492
15866,101.492
15867,101.492
15868,101.492
15869,101.492
15870,101.492
15871,101.492
15872,101.492
15873,101.492
15874,101.492
15875,101.492
15876,101.492
15877,101.492
15878,101.492
15879,101.492
15880,101.492
15881,101.492
15882,101.492
15883,101.492
15884,101.492
15885,101.492
15886,101.492
15887,101.492
15888,101.492
15889,101.492
15890,101.492
15891,101.492
15892,101.492
15893,101.492
15894,101.492
15895,101.492
15896,101.492
15897,101.492
15898,101.492
15899,101.492
15900,101.492
15901,101.492
15902,101.492
15903,101.492
15904,101.492
15905,101.492
15906,101.492
15907,101.492
15908,101.492
15909,101.492
15910,101.492
15911,101.492
15912,101.492
15913,101.492
15914,101.492
15915,101.492
15916,101.492
15917,101.492
15918,101.492
15919,101.492
15920,101.492
15921,101.492
15922,101.492
15923,101.492
15924,101.492
15925,101.492
15926,101.492
15927,101.492
15928,101.492
15929,101.492
15930,101.492
15931,101.492
15932,101.492
15933,101.492
15934,100.015
15935,100.015
15936,100.015
15937,100.015
15938,100.015
15939,100.015
15940,100.015
15941,100.015
15942,100.015
15943,100.015
15944,100.015
15945,100.015
15946,100.015
15947,100.015
15948,100.015
15949,100.015
15950,100.015
15951,100.015
15952,100.015
15953,100.015
15954,100.015
15955,100.015
15956,100.015
15957,100.015
15958,100.015
15959,100.015
15960,100.015
15961,100.015
15962,100.015
15963,100.015
15964,100.015
15965,100.015
15966,100.015
15967,100.015
15968,100.015
15969,100.015
15970,100.015
15971,100.015
15972,100.015
15973,100.015
15974,100.015
15975,100.015
15976,100.015
15977,100.015
15978,100.015
15979,100.015
15980,100.015
15981,100.015
15982,100.015
15983,100.015
15984,100.015
15985,100.015
15986,100.015
15987,100.015
15988,100.015
15989,100.015
15990,100.015
15991,100.015
15992,100.015
15993,100.015
15994,100.015
15995,100.015
15996,100.015
15997,100.015
15998,100.015
15999,100.015
16000,100.015
16001,100.015
16002,100.015
16003,100.015
16004,100.015
16005,100.015
16006,100.015
16007,100.015
16008,100.015
16009,100.015
16010,100.015
16011,100.015
16012,100.015
16013,100.015
16014,100.015
16015,100.015
16016,100.015
16017,100.015
16018,100.015
16019,100.015
16020,100.015
16021,100.015
16022,100.015
16023,100.015
16024,100.015
16025,100.015
16026,100.015
16027,100.015
16028,100.015
16029,100.015
16030,100.015
16031,100.015
16032,100.015
16033,100.015
16034,99.144
16035,99.144
16036,99.144
16037,99.144
16038,99.144
16039,99.144
16040,99.144
16041,99.144
16042,99.144
16043,99.144
16044,99.144
16045,99.144
16046,99.144
16047,99.144
16048,99.144
16049,99.144
16050,99.144
16051,99.144
16052,99.144
16053,99.144
16054,99.144
16055,99.144
16056,99.144
16057,99.144
16058,99.144
16059,99.144
16060,99.144
16061,99.144
16062,99.144
16063,99.144
16064,99.144
16065,99.144
16066,99.144
16067,99.144
16068,99.144
16069,99.144
16070,99.144
16071,99.144
16072,99.144
16073,99.144
16074,99.144
16075,99.144
16076,99.144
16077,99.144
16078,99.144
16079,99.144
16080,99.144
16081,99.144
16082,99.144
16083,99.144
16084,99.144
16085,99.144
16086,99.144
16087,99.144
16088,99.144
16089,99.144
16090,99.144
16091,99.144
16092,99.144
16093,99.144
16094,99.144
16095,99.144
16096,99.144
16097,99.144
16098,99.144
16099,99.144
16100,99.144
16101,99.144
16102,99.144
16103,99.144
16104,99.144
16105,99.144
16106,99.144
16107,99.144
16108,99.144
16109,99.144
16110,99.144
16111,99.144
16112,99.144
16113,99.144
16114,99.144
16115,99.144
16116,99.144
16117,99.144
16118,99.144
16119,99.144
16120,99.144
16121,99.144
16122,99.144
16123,99.144
16124,99.144
16125,99.144
16126,99.144
16127,99.144
16128,99.144
16129,99.144
16130,99.144
16131,99.144
16132,99.144
16133,99.144
16134,99.144
16135,99.144
16136,99.144
16137,99.144
16138,99.144
16139,99.144
16140,99.144
16141,99.144
16142,99.144
16143,99.144
16144,99.144
16145,99.144
16146,99.144
16147,99.144
16148,99.144
16149,99.144
16150,99.144
16151,99.144
16152,99.144
16153,99.144
16154,99.144
16155,99.144
16156,99.144
16157,99.144
16158,99.144
16159,99.144
16160,99.144
16161,99.144
16162,99.144
16163,99.144
16164,99.144
16165,99.144
16166,99.144
16167,99.144
16168,99.144
16169,99.144
16170,99.144
16171,99.144
16172,99.144
16173,99.144
16174,99.144
16175,99.144
16176,99.144
16177,99.144
16178,99.144
16179,99.144
16180,99.144
16181,99.144
16182,99.144
16183,99.144
16184,99.144
16185,99.144
16186,99.144
16187,99.144
16188,99.144
16189,99.144
16190,99.144
16191,99.144
16192,99.144
16193,99.144
16194,99.144
16195,99.144
16196,99.144
16197,99.144
16198,99.144
16199,99.144
16200,99.144
16201,99.144
16202,99.144
16203,99.144
16204,99.144
16205,99.144
16206,99.144
16207,99.144
16208,99.144
16209,99.144
16210,99.144
16211,99.144
16212,99.144
16213,99.144
16214,99.144
16215,99.144
16216,99.144
16217,99.144
16218,99.144
16219,99.144
16220,99.144
16221,99.144
16222,99.144
16223,99.144
16224,99.144
16225,99.144
16226,99.144
16227,99.144
16228,99.144
16229,99.144
16230,99.144
16231,99.144
16232,99.144
16233,99.144
16234,98.966
16235,98.966
16236,98.966
16237,98.966
16238,98.966
16239,98.966
16240,98.966
16241,98.966
16242,98.966
16243,98.966
16244,98.966
16245,98.966
16246,98.966
16247,98.966
16248,98.966
16249,98.966
16250,98.966
16251,98.966
16252,98.966
16253,98.966
16254,98.966
16255,98.966
16256,98.966
16257,98.966
16258,98.966
16259,98.966
16260,98.966
16261,98.966
16262,98.966
16263,98.966
16264,98.966
16265,98.966
16266,98.966
16267,98.966
16268,98.966
16269,98.966
16270,98.966
16271,98.966
16272,98.966
16273,98.966
16274,98.966
16275,98.966
16276,98.966
16277,98.966
16278,98.966
16279,98.966
16280,98.966
16281,98.966
16282,98.966
16283,98.966
16284,98.966
16285,98.966
16286,98.966
16287,98.966
16288,98.966
16289,98.966
16290,98.966
16291,98.966
16292,98.966
16293,98.966
16294,98.966
16295,98.966
16296,98.966
16297,98.966
16298,98.966
16299,98.966
16300,98.966
16301,98.966
16302,98.966
16303,98.966
16304,98.966
16305,98.966
16306,98.966
16307,98.966
16308,98.966
16309,98.966
16310,98.966
16311,98.966
16312,98.966
16313,98.966
16314,98.966
16315,98.966
16316,98.966
16317,98.966
16318,98.966
16319,98.966
16320,98.966
16321,98.966
16322,98.966
16323,98.966
16324,98.966
16325,98.966
16326,98.966
16327,98.966
16328,98.966
16329,98.966
16330,98.966
16331,98.966
16332,98.966
16333,98.966
16334,100.118
16335,100.118
16336,100.118
16337,100.118
16338,100.118
16339,100.118
16340,100.118
16341,100.118
16342,100.118
16343,100.118
16344,100.118
16345,100.118
16346,100.118
16347,100.118
16348,100.118
16349,100.118
16350,100.118
16351,100.118
16352,100.118
16353,100.118
16354,100.118
16355,100.118
16356,100.118
16357,100.118
16358,100.118
16359,100.118
16360,100.118
16361,100.118
16362,100.118
16363,100.118
16364,100.118
16365,100.118
16366,100.118
16367,100.118
16368,100.118
16369,100.118
16370,100.118
16371,100.118
16372,100.118
16373,100.118
16374,100.118
16375,100.118
16376,100.118
16377,100.118
16378,100.118
16379,100.118
16380,100.118
16381,100.118
16382,100.118
16383,100.118
16384,100.118
16385,100.118
16386,100.118
16387,100.118
16388,100.118
16389,100.118
16390,100.118
16391,100.118
16392,100.118
16393,100.118
16394,100.118
16395,100.118
16396,100.118
16397,100.118
16398,100.118
16399,100.118
16400,100.118
16401,100.118
16402,100.118
16403,100.118
16404,100.118
16405,100.118
16406,100.118
16407,100.118
16408,100.118
16409,100.118
16410,100.118
16411,100.118
16412,100.118
16413,100.118
16414,100.118
16415,100.118
16416,100.118
16417,100.118
16418,100.118
16419,100.118
16420,100.118
16421,100.118
16422,100.118
16423,100.118
16424,100.118
16425,100.118
16426,100.118
16427,100.118
16428,100.118
16429,100.118
16430,100.118
16431,100.118
16432,100.118
16433,100.118
16434,99.518
16435,99.518
16436,99.518
16437,99.518
16438,99.518
16439,99.518
16440,99.518
16441,99.518
16442,99.518
16443,99.518
16444,99.518
16445,99.518
16446,99.518
16447,99.518
16448,99.518
16449,99.518
16450,99.518
16451,99.518
16452,99.518
16453,99.518
16454,99.518
16455,99.518
16456,99.518
16457,99.518
16458,99.518
16459,99.518
16460,99.518
16461,99.518
16462,99.518
16463,99.518
16464,99.518
16465,99.518
16466,99.518
16467,99.518
16468,99.518
16469,99.518
16470,99.518
16471,99.518
16472,99.518
16473,99.518
16474,99.518
16475,99.518
16476,99.518
16477,99.518
16478,99.518
16479,99.518
16480,99.518
16481,99.518
16482,99.518
16483,99.518
16484,99.518
16485,99.518
16486,99.518
16487,99.518
16488,99.518
16489,99.518
16490,99.518
16491,99.518
16492,99.518
16493,99.518
16494,99.518
16495,99.518
16496,99.518
16497,99.518
16498,99.518
16499,99.518
16500,99.518
16501,99.518
16502,99.518
16503,99.518
16504,99.518
16505,99.518
16506,99.518
16507,99.518
16508,99.518
16509,99.518
16510,99.518
16511,99.518
16512,99.518
16513,99.518
16514,99.518
16515,99.518
16516,99.518
16517,99.518
16518,99.518
16519,99.518
16520,99.518
16521,99.518
16522,99.518
16523,99.518
16524,99.518
16525,99.518
16526,99.518
16527,99.518
16528,99.518
16529,99.518
16530,99.518
16531,99.518
16532,99.518
16533,99.518
16534,100.118
16535,100.118
16536,100.118
16537,100.118
16538,100.118
16539,100.118
16540,100.118
16541,100.118
16542,100.118
16543,100.118
16544,100.118
16545,100.118
16546,100.118
16547,100.118
16548,100.118
16549,100.118
16550,100.118
16551,100.118
16552,100.118
16553,100.118
16554,100.118
16555,100.118
16556,100.118
16557,100.118
16558,100.118
16559,100.118
16560,100.118
16561,100.118
16562,100.118
16563,100.118
16564,100.118
16565,100.118
16566,100.118
16567,100.118
16568,100.118
16569,100.118
16570,100.118
16571,100.118
16572,100.118
16573,100.118
16574,100.118
16575,100.118
16576,100.118
16577,100.118
16578,100.118
16579,100.118
16580,100.118
16581,100.118
16582,100.118
16583,100.118
16584,100.118
16585,100.118
16586,100.118
16587,100.118
16588,100.118
16589,100.118
16590,100.118
16591,100.118
16592,100.118
16593,100.118
16594,100.118
16595,100.118
16596,100.118
16597,100.118
16598,100.118
16599,100.118
16600,100.118
16601,100.118
16602,100.118
16603,100.118
16604,100.118
16605,100.118
16606,100.118
16607,100.118
16608,100.118
16609,100.118
16610,100.118
16611,100.118
16612,100.118
16613,100.118
16614,100.118
16615,100.118
16616,100.118
16617,100.118
16618,100.118
16619,100.118
16620,100.118
16621,100.118
16622,100.118
16623,100.118
16624,100.118
16625,100.118
16626,100.118
16627,100.118
16628,100.118
16629,100.118
16630,100.118
16631,100.118
16632,100.118
16633,100.118
16634,101.324
16635,101.324
16636,101.324
16637,101.324
16638,101.324
16639,101.324
16640,101.324
16641,101.324
16642,101.324
16643,101.324
16644,101.324
16645,101.324
16646,101.324
16647,101.324
16648,101.324
16649,101.324
16650,101.324
16651,101.324
16652,101.324
16653,101.324
16654,101.324
16655,101.324
16656,101.324
16657,101.324
16658,101.324
16659,101.324
16660,101.324
16661,101.324
16662,101.324
16663,101.324
16664,101.324
16665,101.324
16666,101.324
16667,101.324
16668,101.324
16669,101.324
16670,101.324
16671,101.324
16672,101.324
16673,101.324
16674,101.324
16675,101.324
16676,101.324
16677,101.324
16678,101.324
16679,101.324
16680,101.324
16681,101.324
16682,101.324
16683,101.324
16684,101.324
16685,101.324
16686,101.324
16687,101.324
16688,101.324
16689,101.324
16690,101.324
16691,101.324
16692,101.324
16693,101.324
16694,101.324
16695,101.324
16696,101.324
16697,101.324
16698,101.324
16699,101.324
16700,101.324
16701,101.324
16702,101.324
16703,101.324
16704,101.324
16705,101.324
16706,101.324
16707,101.324
16708,101.324
16709,101.324
16710,101.324
16711,101.324
16712,101.324
16713,101.324
16714,101.324
16715,101.324
16716,101.324
16717,101.324
16718,101.324
16719,101.324
16720,101.324
16721,101.324
16722,101.324
16723,101.324
16724,101.324
16725,101.324
16726,101.324
16727,101.324
16728,101.324
16729,101.324
16730,101.324
16731,101.324
16732,101.324
16733,101.324
16734,101.324
16735,101.324
16736,101.324
16737,101.324
16738,101.324
16739,101.324
16740,101.324
16741,101.324
16742,101.324
16743,101.324
16744,101.324
16745,101.324
16746,101.324
16747,101.324
16748,101.324
16749,101.324
16750,101.324
16751,101.324
16752,101.324
16753,101.324
16754,101.324
16755,101.324
16756,101.324
16757,101.324
16758,101.324
16759,101.324
16760,101.324
16761,101.324
16762,101.324
16763,101.324
16764,101.324
16765,101.324
16766,101.324
16767,101.324
16768,101.324
16769,101.324
16770,101.324
16771,101.324
16772,101.324
16773,101.324
16774,101.324
16775,101.324
16776,101.324
16777,101.324
16778,101.324
16779,101.324
16780,101.324
16781,101.324
16782,101.324
16783,101.324
16784,101.324
16785,101.324
16786,101.324
16787,101.324
16788,101.324
16789,101.324
16790,101.324
16791,101.324
16792,101.324
16793,101.324
16794,101.324
16795,101.324
16796,101.324
16797,101.324
16798,101.324
16799,101.324
16800,101.324
16801,101.324
16802,101.324
16803,101.324
16804,101.324
16805,101.324
16806,101.324
16807,101.324
16808,101.324
16809,101.324
16810,101.324
16811,101.324
16812,101.324
16813,101.324
16814,101.324
16815,101.324
16816,101.324
16817,101.324
16818,101.324
16819,101.324
16820,101.324
16821,101.324
16822,101.324
16823,101.324
16824,101.324
16825,101.324
16826,101.324
16827,101.324
16828,101.324
16829,101.324
16830,101.324
16831,101.324
16832,101.324
16833,101.324
16834,99.518
16835,99.518
16836,99.518
16837,99.518
16838,99.518
16839,99.518
16840,99.518
16841,99.518
16842,99.518
16843,99.518
16844,99.518
16845,99.518
16846,99.518
16847,99.518
16848,99.518
16849,99.518
16850,99.518
16851,99.518
16852,99.518
16853,99.518
16854,99.518
16855,99.518
16856,99.518
16857,99.518
16858,99.518
16859,99.518
16860,99.518
16861,99.518
16862,99.518
16863,99.518
16864,99.518
16865,99.518
16866,99.518
16867,99.518
16868,99.518
16869,99.518
16870,99.518
16871,99.518
16872,99.518
16873,99.518
16874,99.518
16875,99.518
16876,99.518
16877,99.518
16878,99.518
16879,99.518
16880,99.518
16881,99.518
16882,99.518
16883,99.518
16884,99.518
16885,99.518
16886,99.518
16887,99.518
16888,99.518
16889,99.518
16890,99.518
16891,99.518
16892,99.518
16893,99.518
16894,99.518
16895,99.518
16896,99.518
16897,99.518
16898,99.518
16899,99.518
16900,99.518
16901,99.518
16902,99.518
16903,99.518
16904,99.518
16905,99.518
16906,99.518
16907,99.518
16908,99.518
16909,99.518
16910,99.518
16911,99.518
16912,99.518
16913,99.518
16914,99.518
16915,99.518
16916,99.518
16917,99.518
16918,99.518
16919,99.518
16920,99.518
16921,99.518
16922,99.518
16923,99.518
16924,99.518
16925,99.518
16926,99.518
16927,99.518
16928,99.518
16929,99.518
16930,99.518
16931,99.518
16932,99.518
16933,99.518
16934,99.246
16935,99.246
16936,99.246
16937,99.246
16938,99.246
16939,99.246
16940,99.246
16941,99.246
16942,99.246
16943,99.246
16944,99.246
16945,99.246
16946,99.246
16947,99.246
16948,99.246
16949,99.246
16950,99.246
16951,99.246
16952,99.246
16953,99.246
16954,99.246
16955,99.246
16956,99.246
16957,99.246
16958,99.246
16959,99.246
16960,99.246
16961,99.246
16962,99.246
16963,99.246
16964,99.246
16965,99.246
16966,99.246
16967,99.246
16968,99.246
16969,99.246
16970,99.246
16971,99.246
16972,99.246
16973,99.246
16974,99.246
16975,99.246
16976,99.246
16977,99.246
16978,99.246
16979,99.246
16980,99.246
16981,99.246
16982,99.246
16983,99.246
16984,99.246
16985,99.246
16986,99.246
16987,99.246
16988,99.246
16989,99.246
16990,99.246
16991,99.246
16992,99.246
16993,99.246
16994,99.246
16995,99.246
16996,99.246
16997,99.246
16998,99.246
16999,99.246
17000,99.246
17001,99.246
17002,99.246
17003,99.246
17004,99.246
17005,99.246
17006,99.246
17007,99.246
17008,99.246
17009,99.246
17010,99.246
17011,99.246
17012,99.246
17013,99.246
17014,99.246
17015,99.246
17016,99.246
17017,99.246
17018,99.246
17019,99.246
17020,99.246
17021,99.246
17022,99.246
17023,99.246
17024,99.246
17025,99.246
17026,99.246
17027,99.246
17028,99.246
17029,99.246
17030,99.246
17031,99.246
17032,99.246
17033,99.246
17034,98.966
17035,98.966
17036,98.966
17037,98.966
17038,98.966
17039,98.966
17040,98.966
17041,98.966
17042,98.966
17043,98.966
17044,98.966
17045,98.966
17046,98.966
17047,98.966
17048,98.966
17049,98.966
17050,98.966
17051,98.966
17052,98.966
17053,98.966
17054,98.966
17055,98.966
17056,98.966
17057,98.966
17058,98.966
17059,98.966
17060,98.966
17061,98.966
17062,98.966
17063,98.966
17064,98.966
17065,98.966
17066,98.966
17067,98.966
17068,98.966
17069,98.966
17070,98.966
17071,98.966
17072,98.966
17073,98.966
17074,98.966
17075,98.966
17076,98.966
17077,98.966
17078,98.966
17079,98.966
17080,98.966
17081,98.966
17082,98.966
17083,98.966
17084,98.966
17085,98.966
17086,98.966
17087,98.966
17088,98.966
17089,98.966
17090,98.966
17091,98.966
17092,98.966
17093,98.966
17094,98.966
17095,98.966
17096,98.966
17097,98.966
17098,98.966
17099,98.966
17100,98.966
17101,98.966
17102,98.966
17103,98.966
17104,98.966
17105,98.966
17106,98.966
17107,98.966
17108,98.966
17109,98.966
17110,98.966
17111,98.966
17112,98.966
17113,98.966
17114,98.966
17115,98.966
17116,98.966
17117,98.966
17118,98.966
17119,98.966
17120,98.966
17121,98.966
17122,98.966
17123,98.966
17124,98.966
17125,98.966
17126,98.966
17127,98.966
17128,98.966
17129,98.966
17130,98.966
17131,98.966
17132,98.966
17133,98.966
17134,99.416
17135,99.416
17136,99.416
17137,99.416
17138,99.416
17139,99.416
17140,99.416
17141,99.416
17142,99.416
17143,99.416
17144,99.416
17145,99.416
17146,99.416
17147,99.416
17148,99.416
17149,99.416
17150,99.416
17151,99.416
17152,99.416
17153,99.416
17154,99.416
17155,99.416
17156,99.416
17157,99.416
17158,99.416
17159,99.416
17160,99.416
17161,99.416
17162,99.416
17163,99.416
17164,99.416
17165,99.416
17166,99.416
17167,99.416
17168,99.416
17169,99.416
17170,99.416
17171,99.416
17172,99.416
17173,99.416
17174,99.416
17175,99.416
17176,99.416
17177,99.416
17178,99.416
17179,99.416
17180,99.416
17181,99.416
17182,99.416
17183,99.416
17184,99.416
17185,99.416
17186,99.416
17187,99.416
17188,99.416
17189,99.416
17190,99.416
17191,99.416
17192,99.416
17193,99.416
17194,99.416
17195,99.416
17196,99.416
17197,99.416
17198,99.416
17199,99.416
17200,99.416
17201,99.416
17202,99.416
17203,99.416
17204,99.416
17205,99.416
17206,99.416
17207,99.416
17208,99.416
17209,99.416
17210,99.416
17211,99.416
17212,99.416
17213,99.416
17214,99.416
17215,99.416
17216,99.416
17217,99.416
17218,99.416
17219,99.416
17220,99.416
17221,99.416
17222,99.416
17223,99.416
17224,99.416
17225,99.416
17226,99.416
17227,99.416
17228,99.416
17229,99.416
17230,99.416
17231,99.416
17232,99.416
17233,99.416
17234,99.416
17235,99.416
17236,99.416
17237,99.416
17238,99.416
17239,99.416
17240,99.416
17241,99.416
17242,99.416
17243,99.416
17244,99.416
17245,99.416
17246,99.416
17247,99.416
17248,99.416
17249,99.416
17250,99.416
17251,99.416
17252,99.416
17253,99.416
17254,99.416
17255,99.416
17256,99.416
17257,99.416
17258,99.416
17259,99.416
17260,99.416
17261,99.416
17262,99.416
17263,99.416
17264,99.416
17265,99.416
17266,99.416
17267,99.416
17268,99.416
17269,99.416
17270,99.416
17271,99.416
17272,99.416
17273,99.416
17274,99.416
17275,99.416
17276,99.416
17277,99.416
17278,99.416
17279,99.416
17280,99.416
17281,99.416
17282,99.416
17283,99.416
17284,99.416
17285,99.416
17286,99.416
17287,99.416
17288,99.416
17289,99.416
17290,99.416
17291,99.416
17292,99.416
17293,99.416
17294,99.416
17295,99.416
17296,99.416
17297,99.416
17298,99.416
17299,99.416
17300,99.416
17301,99.416
17302,99.416
17303,99.416
17304,99.416
17305,99.416
17306,99.416
17307,99.416
17308,99.416
17309,99.416
17310,99.416
17311,99.416
17312,99.416
17313,99.416
17314,99.416
17315,99.416
17316,99.416
17317,99.416
17318,99.416
17319,99.416
17320,99.416
17321,99.416
17322,99.416
17323,99.416
17324,99.416
17325,99.416
17326,99.416
17327,99.416
17328,99.416
17329,99.416
17330,99.416
17331,99.416
17332,99.416
17333,99.416
17334,99.743
17335,99.743
17336,99.743
17337,99.743
17338,99.743
17339,99.743
17340,99.743
17341,99.743
17342,99.743
17343,99.743
17344,99.743
17345,99.743
17346,99.743
17347,99.743
17348,99.743
17349,99.743
17350,99.743
17351,99.743
17352,99.743
17353,99.743
17354,99.743
17355,99.743
17356,99.743
17357,99.743
17358,99.743
17359,99.743
17360,99.743
17361,99.743
17362,99.743
17363,99.743
17364,99.743
17365,99.743
17366,99.743
17367,99.743
17368,99.743
17369,99.743
17370,99.743
17371,99.743
17372,99.743
17373,99.743
17374,99.743
17375,99.743
17376,99.743
17377,99.743
17378,99.743
17379,99.743
17380,99.743
17381,99.743
17382,99.743
17383,99.743
17384,99.743
17385,99.743
17386,99.743
17387,99.743
17388,99.743
17389,99.743
17390,99.743
17391,99.743
17392,99.743
17393,99.743
17394,99.743
17395,99.743
17396,99.743
17397,99.743
17398,99.743
17399,99.743
17400,99.743
17401,99.743
17402,99.743
17403,99.743
17404,99.743
17405,99.743
17406,99.743
17407,99.743
17408,99.743
17409,99.743
17410,99.743
17411,99.743
17412,99.743
17413,99.743
17414,99.743
17415,99.743
17416,99.743
17417,99.743
17418,99.743
17419,99.743
17420,99.743
17421,99.743
17422,99.743
17423,99.743
17424,99.743
17425,99.743
17426,99.743
17427,99.743
17428,99.743
17429,99.743
17430,99.743
17431,99.743
17432,99.743
17433,99.743
17434,100.287
17435,100.287
17436,100.287
17437,100.287
17438,100.287
17439,100.287
17440,100.287
17441,100.287
17442,100.287
17443,100.287
17444,100.287
17445,100.287
17446,100.287
17447,100.287
17448,100.287
17449,100.287
17450,100.287
17451,100.287
17452,100.287
17453,100.287
17454,100.287
17455,100.287
17456,100.287
17457,100.287
17458,100.287
17459,100.287
17460,100.287
17461,100.287
17462,100.287
17463,100.287
17464,100.287
17465,100.287
17466,100.287
17467,100.287
17468,100.287
17469,100.287
17470,100.287
17471,100.287
17472,100.287
17473,100.287
17474,100.287
17475,100.287
17476,100.287
17477,100.287
17478,100.287
17479,100.287
17480,100.287
17481,100.287
17482,100.287
17483,100.287
17484,100.287
17485,100.287
17486,100.287
17487,100.287
17488,100.287
17489,100.287
17490,100.287
17491,100.287
17492,100.287
17493,100.287
17494,100.287
17495,100.287
17496,100.287
17497,100.287
17498,100.287
17499,100.287
17500,100.287
17501,100.287
17502,100.287
17503,100.287
17504,100.287
17505,100.287
17506,100.287
17507,100.287
17508,100.287
17509,100.287
17510,100.287
17511,100.287
17512,100.287
17513,100.287
17514,100.287
17515,100.287
17516,100.287
17517,100.287
17518,100.287
17519,100.287
17520,100.287
17521,100.287
17522,100.287
17523,100.287
17524,100.287
17525,100.287
17526,100.287
17527,100.287
17528,100.287
17529,100.287
17530,100.287
17531,100.287
17532,100.287
17533,100.287
17534,100.287
17535,101.492
17536,101.492
17537,101.492
17538,101.492
17539,101.492
17540,101.492
17541,101.492
17542,101.492
17543,101.492
17544,101.492
17545,101.492
17546,101.492
17547,101.492
17548,101.492
17549,101.492
17550,101.492
17551,101.492
17552,101.492
17553,101.492
17554,101.492
17555,101.492
17556,101.492
17557,101.492
17558,101.492
17559,101.492
17560,101.492
17561,101.492
17562,101.492
17563,101.492
17564,101.492
17565,101.492
17566,101.492
17567,101.492
17568,101.492
17569,101.492
17570,101.492
17571,101.492
17572,101.492
17573,101.492
17574,101.492
17575,101.492
17576,101.492
17577,101.492
17578,101.492
17579,101.492
17580,101.492
17581,101.492
17582,101.492
17583,101.492
17584,101.492
17585,101.492
17586,101.492
17587,101.492
17588,101.492
17589,101.492
17590,101.492
17591,101.492
17592,101.492
17593,101.492
17594,101.492
17595,101.492
17596,101.492
17597,101.492
17598,101.492
17599,101.492
17600,101.492
17601,101.492
17602,101.492
17603,101.492
17604,101.492
17605,101.492
17606,101.492
17607,101.492
17608,101.492
17609,101.492
17610,101.492
17611,101.492
17612,101.492
17613,101.492
17614,101.492
17615,101.492
17616,101.492
17617,101.492
17618,101.492
17619,101.492
17620,101.492
17621,101.492
17622,101.492
17623,101.492
17624,101.492
17625,101.492
17626,101.492
17627,101.492
17628,101.492
17629,101.492
17630,101.492
17631,101.492
17632,101.492
17633,101.492
17634,100.287
17635,100.287
17636,100.287
17637,100.287
17638,100.287
17639,100.287
17640,100.287
17641,100.287
17642,100.287
17643,100.287
17644,100.287
17645,100.287
17646,100.287
17647,100.287
17648,100.287
17649,100.287
17650,100.287
17651,100.287
17652,100.287
17653,100.287
17654,100.287
17655,100.287
17656,100.287
17657,100.287
17658,100.287
17659,100.287
17660,100.287
17661,100.287
17662,100.287
17663,100.287
17664,100.287
17665,100.287
17666,100.287
17667,100.287
17668,100.287
17669,100.287
17670,100.287
17671,100.287
17672,100.287
17673,100.287
17674,100.287
17675,100.287
17676,100.287
17677,100.287
17678,100.287
17679,100.287
17680,100.287
17681,100.287
17682,100.287
17683,100.287
17684,100.287
17685,100.287
17686,100.287
17687,100.287
17688,100.287
17689,100.287
17690,100.287
17691,100.287
17692,100.287
17693,100.287
17694,100.287
17695,100.287
17696,100.287
17697,100.287
17698,100.287
17699,100.287
17700,100.287
17701,100.287
17702,100.287
17703,100.287
17704,100.287
17705,100.287
17706,100.287
17707,100.287
17708,100.287
17709,100.287
17710,100.287
17711,100.287
17712,100.287
17713,100.287
17714,100.287
17715,100.287
17716,100.287
17717,100.287
17718,100.287
17719,100.287
17720,100.287
17721,100.287
17722,100.287
17723,100.287
17724,100.287
17725,100.287
17726,100.287
17727,100.287
17728,100.287
17729,100.287
17730,100.287
17731,100.287
17732,100.287
17733,100.287
17734,100.287
17735,98.864
17736,98.864
17737,98.864
17738,98.864
17739,98.864
17740,98.864
17741,98.864
17742,98.864
17743,98.864
17744,98.864
17745,98.864
17746,98.864
17747,98.864
17748,98.864
17749,98.864
17750,98.864
17751,98.864
17752,98.864
17753,98.864
17754,98.864
17755,98.864
17756,98.864
17757,98.864
17758,98.864
17759,98.864
17760,98.864
17761,98.864
17762,98.864
17763,98.864
17764,98.864
17765,98.864
17766,98.864
17767,98.864
17768,98.864
17769,98.864
17770,98.864
17771,98.864
17772,98.864
17773,98.864
17774,98.864
17775,98.864
17776,98.864
17777,98.864
17778,98.864
17779,98.864
17780,98.864
17781,98.864
17782,98.864
17783,98.864
17784,98.864
17785,98.864
17786,98.864
17787,98.864
17788,98.864
17789,98.864
17790,98.864
17791,98.864
17792,98.864
17793,98.864
17794,98.864
17795,98.864
17796,98.864
17797,98.864
17798,98.864
17799,98.864
17800,98.864
17801,98.864
17802,98.864
17803,98.864
17804,98.864
17805,98.864
17806,98.864
17807,98.864
17808,98.864
17809,98.864
17810,98.864
17811,98.864
17812,98.864
17813,98.864
17814,98.864
17815,98.864
17816,98.864
17817,98.864
17818,98.864
17819,98.864
17820,98.864
17821,98.864
17822,98.864
17823,98.864
17824,98.864
17825,98.864
17826,98.864
17827,98.864
17828,98.864
17829,98.864
17830,98.864
17831,98.864
17832,98.864
17833,98.864
17834,98.864
17835,99.144
17836,99.144
17837,99.144
17838,99.144
17839,99.144
17840,99.144
17841,99.144
17842,99.144
17843,99.144
17844,99.144
17845,99.144
17846,99.144
17847,99.144
17848,99.144
17849,99.144
17850,99.144
17851,99.144
17852,99.144
17853,99.144
17854,99.144
17855,99.144
17856,99.144
17857,99.144
17858,99.144
17859,99.144
17860,99.144
17861,99.144
17862,99.144
17863,99.144
17864,99.144
17865,99.144
17866,99.144
17867,99.144
17868,99.144
17869,99.144
17870,99.144
17871,99.144
17872,99.144
17873,99.144
17874,99.144
17875,99.144
17876,99.144
17877,99.144
17878,99.144
17879,99.144
17880,99.144
17881,99.144
17882,99.144
17883,99.144
17884,99.144
17885,99.144
17886,99.144
17887,99.144
17888,99.144
17889,99.144
17890,99.144
17891,99.144
17892,99.144
17893,99.144
17894,99.144
17895,99.144
17896,99.144
17897,99.144
17898,99.144
17899,99.144
17900,99.144
17901,99.144
17902,99.144
17903,99.144
17904,99.144
17905,99.144
17906,99.144
17907,99.144
17908,99.144
17909,99.144
17910,99.144
17911,99.144
17912,99.144
17913,99.144
17914,99.144
17915,99.144
17916,99.144
17917,99.144
17918,99.144
17919,99.144
17920,99.144
17921,99.144
17922,99.144
17923,99.144
17924,99.144
17925,99.144
17926,99.144
17927,99.144
17928,99.144
17929,99.144
17930,99.144
17931,99.144
17932,99.144
17933,99.144
17934,99.144
17935,99.144
17936,99.743
17937,99.743
17938,99.743
17939,99.743
17940,99.743
17941,99.743
17942,99.743
17943,99.743
17944,99.743
17945,99.743
17946,99.743
17947,99.743
17948,99.743
17949,99.743
17950,99.743
17951,99.743
17952,99.743
17953,99.743
17954,99.743
17955,99.743
17956,99.743
17957,99.743
17958,99.743
17959,99.743
17960,99.743
17961,99.743
17962,99.743
17963,99.743
17964,99.743
17965,99.743
17966,99.743
17967,99.743
17968,99.743
17969,99.743
17970,99.743
17971,99.743
17972,99.743
17973,99.743
17974,99.743
17975,99.743
17976,99.743
17977,99.743
17978,99.743
17979,99.743
17980,99.743
17981,99.743
17982,99.743
17983,99.743
17984,99.743
17985,99.743
17986,99.743
17987,99.743
17988,99.743
17989,99.743
17990,99.743
17991,99.743
17992,99.743
17993,99.743
17994,99.743
17995,99.743
17996,99.743
17997,99.743
17998,99.743
17999,99.743
18000,99.743
18001,99.743
18002,99.743
18003,99.743
18004,99.743
18005,99.743
18006,99.743
18007,99.743
18008,99.743
18009,99.743
18010,99.743
18011,99.743
18012,99.743
18013,99.743
18014,99.743
18015,99.743
18016,99.743
18017,99.743
18018,99.743
18019,99.743
18020,99.743
18021,99.743
18022,99.743
18023,99.743
18024,99.743
18025,99.743
18026,99.743
18027,99.743
18028,99.743
18029,99.743
18030,99.743
18031,99.743
18032,99.743
18033,99.743
18034,99.743
18035,99.743
18036,99.743
18037,99.743
18038,99.743
18039,99.743
18040,99.743
18041,99.743
18042,99.743
18043,99.743
18044,99.743
18045,99.743
18046,99.743
18047,99.743
18048,99.743
18049,99.743
18050,99.743
18051,99.743
18052,99.743
18053,99.743
18054,99.743
18055,99.743
18056,99.743
18057,99.743
18058,99.743
18059,99.743
18060,99.743
18061,99.743
18062,99.743
18063,99.743
18064,99.743
18065,99.743
18066,99.743
18067,99.743
18068,99.743
18069,99.743
18070,99.743
18071,99.743
18072,99.743
18073,99.743
18074,99.743
18075,99.743
18076,99.743
18077,99.743
18078,99.743
18079,99.743
18080,99.743
18081,99.743
18082,99.743
18083,99.743
18084,99.743
18085,99.743
18086,99.743
18087,99.743
18088,99.743
18089,99.743
18090,99.743
18091,99.743
18092,99.743
18093,99.743
18094,99.743
18095,99.743
18096,99.743
18097,99.743
18098,99.743
18099,99.743
18100,99.743
18101,99.743
18102,99.743
18103,99.743
18104,99.743
18105,99.743
18106,99.743
18107,99.743
18108,99.743
18109,99.743
18110,99.743
18111,99.743
18112,99.743
18113,99.743
18114,99.743
18115,99.743
18116,99.743
18117,99.743
18118,99.743
18119,99.743
18120,99.743
18121,99.743
18122,99.743
18123,99.743
18124,99.743
18125,99.743
18126,99.743
18127,99.743
18128,99.743
18129,99.743
18130,99.743
18131,99.743
18132,99.743
18133,99.743
18134,99.743
18135,99.314
18136,99.314
18137,99.314
18138,99.314
18139,99.314
18140,99.314
18141,99.314
18142,99.314
18143,99.314
18144,99.314
18145,99.314
18146,99.314
18147,99.314
18148,99.314
18149,99.314
18150,99.314
18151,99.314
18152,99.314
18153,99.314
18154,99.314
18155,99.314
18156,99.314
18157,99.314
18158,99.314
18159,99.314
18160,99.314
18161,99.314
18162,99.314
18163,99.314
18164,99.314
18165,99.314
18166,99.314
18167,99.314
18168,99.314
18169,99.314
18170,99.314
18171,99.314
18172,99.314
18173,99.314
18174,99.314
18175,99.314
18176,99.314
18177,99.314
18178,99.314
18179,99.314
18180,99.314
18181,99.314
18182,99.314
18183,99.314
18184,99.314
18185,99.314
18186,99.314
18187,99.314
18188,99.314
18189,99.314
18190,99.314
18191,99.314
18192,99.314
18193,99.314
18194,99.314
18195,99.314
18196,99.314
18197,99.314
18198,99.314
18199,99.314
18200,99.314
18201,99.314
18202,99.314
18203,99.314
18204,99.314
18205,99.314
18206,99.314
18207,99.314
18208,99.314
18209,99.314
18210,99.314
18211,99.314
18212,99.314
18213,99.314
18214,99.314
18215,99.314
18216,99.314
18217,99.314
18218,99.314
18219,99.314
18220,99.314
18221,99.314
18222,99.314
18223,99.314
18224,99.314
18225,99.314
18226,99.314
18227,99.314
18228,99.314
18229,99.314
18230,99.314
18231,99.314
18232,99.314
18233,99.314
18234,99.314
18235,100.287
18236,100.287
18237,100.287
18238,100.287
18239,100.287
18240,100.287
18241,100.287
18242,100.287
18243,100.287
18244,100.287
18245,100.287
18246,100.287
18247,100.287
18248,100.287
18249,100.287
18250,100.287
18251,100.287
18252,100.287
18253,100.287
18254,100.287
18255,100.287
18256,100.287
18257,100.287
18258,100.287
18259,100.287
18260,100.287
18261,100.287
18262,100.287
18263,100.287
18264,100.287
18265,100.287
18266,100.287
18267,100.287
18268,100.287
18269,100.287
18270,100.287
18271,100.287
18272,100.287
18273,100.287
18274,100.287
18275,100.287
18276,100.287
18277,100.287
18278,100.287
18279,100.287
18280,100.287
18281,100.287
18282,100.287
18283,100.287
18284,100.287
18285,100.287
18286,100.287
18287,100.287
18288,100.287
18289,100.287
18290,100.287
18291,100.287
18292,100.287
18293,100.287
18294,100.287
18295,100.287
18296,100.287
18297,100.287
18298,100.287
18299,100.287
18300,100.287
18301,100.287
18302,100.287
18303,100.287
18304,100.287
18305,100.287
18306,100.287
18307,100.287
18308,100.287
18309,100.287
18310,100.287
18311,100.287
18312,100.287
18313,100.287
18314,100.287
18315,100.287
18316,100.287
18317,100.287
18318,100.287
18319,100.287
18320,100.287
18321,100.287
18322,100.287
18323,100.287
18324,100.287
18325,100.287
18326,100.287
18327,100.287
18328,100.287
18329,100.287
18330,100.287
18331,100.287
18332,100.287
18333,100.287
18334,100.287
18335,100.894
18336,100.894
18337,100.894
18338,100.894
18339,100.894
18340,100.894
18341,100.894
18342,100.894
18343,100.894
18344,100.894
18345,100.894
18346,100.894
18347,100.894
18348,100.894
18349,100.894
18350,100.894
18351,100.894
18352,100.894
18353,100.894
18354,100.894
18355,100.894
18356,100.894
18357,100.894
18358,100.894
18359,100.894
18360,100.894
18361,100.894
18362,100.894
18363,100.894
18364,100.894
18365,100.894
18366,100.894
18367,100.894
18368,100.894
18369,100.894
18370,100.894
18371,100.894
18372,100.894
18373,100.894
18374,100.894
18375,100.894
18376,100.894
18377,100.894
18378,100.894
18379,100.894
18380,100.894
18381,100.894
18382,100.894
18383,100.894
18384,100.894
18385,100.894
18386,100.894
18387,100.894
18388,100.894
18389,100.894
18390,100.894
18391,100.894
18392,100.894
18393,100.894
18394,100.894
18395,100.894
18396,100.894
18397,100.894
18398,100.894
18399,100.894
18400,100.894
18401,100.894
18402,100.894
18403,100.894
18404,100.894
18405,100.894
18406,100.894
18407,100.894
18408,100.894
18409,100.894
18410,100.894
18411,100.894
18412,100.894
18413,100.894
18414,100.894
18415,100.894
18416,100.894
18417,100.894
18418,100.894
18419,100.894
18420,100.894
18421,100.894
18422,100.894
18423,100.894
18424,100.894
18425,100.894
18426,100.894
18427,100.894
18428,100.894
18429,100.894
18430,100.894
18431,100.894
18432,100.894
18433,100.894
18434,100.894
18435,100.997
18436,100.997
18437,100.997
18438,100.997
18439,100.997
18440,100.997
18441,100.997
18442,100.997
18443,100.997
18444,100.997
18445,100.997
18446,100.997
18447,100.997
18448,100.997
18449,100.997
18450,100.997
18451,100.997
18452,100.997
18453,100.997
18454,100.997
18455,100.997
18456,100.997
18457,100.997
18458,100.997
18459,100.997
18460,100.997
18461,100.997
18462,100.997
18463,100.997
18464,100.997
18465,100.997
18466,100.997
18467,100.997
18468,100.997
18469,100.997
18470,100.997
18471,100.997
18472,100.997
18473,100.997
18474,100.997
18475,100.997
18476,100.997
18477,100.997
18478,100.997
18479,100.997
18480,100.997
18481,100.997
18482,100.997
18483,100.997
18484,100.997
18485,100.997
18486,100.997
18487,100.997
18488,100.997
18489,100.997
18490,100.997
18491,100.997
18492,100.997
18493,100.997
18494,100.997
18495,100.997
18496,100.997
18497,100.997
18498,100.997
18499,100.997
18500,100.997
18501,100.997
18502,100.997
18503,100.997
18504,100.997
18505,100.997
18506,100.997
18507,100.997
18508,100.997
18509,100.997
18510,100.997
18511,100.997
18512,100.997
18513,100.997
18514,100.997
18515,100.997
18516,100.997
18517,100.997
18518,100.997
18519,100.997
18520,100.997
18521,100.997
18522,100.997
18523,100.997
18524,100.997
18525,100.997
18526,100.997
18527,100.997
18528,100.997
18529,100.997
18530,100.997
18531,100.997
18532,100.997
18533,100.997
18534,100.997
18535,99.416
18536,99.416
18537,99.416
18538,99.416
18539,99.416
18540,99.416
18541,99.416
18542,99.416
18543,99.416
18544,99.416
18545,99.416
18546,99.416
18547,99.416
18548,99.416
18549,99.416
18550,99.416
18551,99.416
18552,99.416
18553,99.416
18554,99.416
18555,99.416
18556,99.416
18557,99.416
18558,99.416
18559,99.416
18560,99.416
18561,99.416
18562,99.416
18563,99.416
18564,99.416
18565,99.416
18566,99.416
18567,99.416
18568,99.416
18569,99.416
18570,99.416
18571,99.416
18572,99.416
18573,99.416
18574,99.416
18575,99.416
18576,99.416
18577,99.416
18578,99.416
18579,99.416
18580,99.416
18581,99.416
18582,99.416
18583,99.416
18584,99.416
18585,99.416
18586,99.416
18587,99.416
18588,99.416
18589,99.416
18590,99.416
18591,99.416
18592,99.416
18593,99.416
18594,99.416
18595,99.416
18596,99.416
18597,99.416
18598,99.416
18599,99.416
18600,99.416
18601,99.416
18602,99.416
18603,99.416
18604,99.416
18605,99.416
18606,99.416
18607,99.416
18608,99.416
18609,99.416
18610,99.416
18611,99.416
18612,99.416
18613,99.416
18614,99.416
18615,99.416
18616,99.416
18617,99.416
18618,99.416
18619,99.416
18620,99.416
18621,99.416
18622,99.416
18623,99.416
18624,99.416
18625,99.416
18626,99.416
18627,99.416
18628,99.416
18629,99.416
18630,99.416
18631,99.416
18632,99.416
18633,99.416
18634,99.416
18635,98.966
18636,98.966
18637,98.966
18638,98.966
18639,98.966
18640,98.966
18641,98.966
18642,98.966
18643,98.966
18644,98.966
18645,98.966
18646,98.966
18647,98.966
18648,98.966
18649,98.966
18650,98.966
18651,98.966
18652,98.966
18653,98.966
18654,98.966
18655,98.966
18656,98.966
18657,98.966
18658,98.966
18659,98.966
18660,98.966
18661,98.966
18662,98.966
18663,98.966
18664,98.966
18665,98.966
18666,98.966
18667,98.966
18668,98.966
18669,98.966
18670,98.966
18671,98.966
18672,98.966
18673,98.966
18674,98.966
18675,98.966
18676,98.966
18677,98.966
18678,98.966
18679,98.966
18680,98.966
18681,98.966
18682,98.966
18683,98.966
18684,98.966
18685,98.966
18686,98.966
18687,98.966
18688,98.966
18689,98.966
18690,98.966
18691,98.966
18692,98.966
18693,98.966
18694,98.966
18695,98.966
18696,98.966
18697,98.966
18698,98.966
18699,98.966
18700,98.966
18701,98.966
18702,98.966
18703,98.966
18704,98.966
18705,98.966
18706,98.966
18707,98.966
18708,98.966
18709,98.966
18710,98.966
18711,98.966
18712,98.966
18713,98.966
18714,98.966
18715,98.966
18716,98.966
18717,98.966
18718,98.966
18719,98.966
18720,98.966
18721,98.966
18722,98.966
18723,98.966
18724,98.966
18725,98.966
18726,98.966
18727,98.966
18728,98.966
18729,98.966
18730,98.966
18731,98.966
18732,98.966
18733,98.966
18734,98.966
18735,99.144
18736,99.144
18737,99.144
18738,99.144
18739,99.144
18740,99.144
18741,99.144
18742,99.144
18743,99.144
18744,99.144
18745,99.144
18746,99.144
18747,99.144
18748,99.144
18749,99.144
18750,99.144
18751,99.144
18752,99.144
18753,99.144
18754,99.144
18755,99.144
18756,99.144
18757,99.144
18758,99.144
18759,99.144
18760,99.144
18761,99.144
18762,99.144
18763,99.144
18764,99.144
18765,99.144
18766,99.144
18767,99.144
18768,99.144
18769,99.144
18770,99.144
18771,99.144
18772,99.144
18773,99.144
18774,99.144
18775,99.144
18776,99.144
18777,99.144
18778,99.144
18779,99.144
18780,99.144
18781,99.144
18782,99.144
18783,99.144
18784,99.144
18785,99.144
18786,99.144
18787,99.144
18788,99.144
18789,99.144
18790,99.144
18791,99.144
18792,99.144
18793,99.144
18794,99.144
18795,99.144
18796,99.144
18797,99.144
18798,99.144
18799,99.144
18800,99.144
18801,99.144
18802,99.144
18803,99.144
18804,99.144
18805,99.144
18806,99.144
18807,99.144
18808,99.144
18809,99.144
18810,99.144
18811,99.144
18812,99.144
18813,99.144
18814,99.144
18815,99.144
18816,99.144
18817,99.144
18818,99.144
18819,99.144
18820,99.144
18821,99.144
18822,99.144
18823,99.144
18824,99.144
18825,99.144
18826,99.144
18827,99.144
18828,99.144
18829,99.144
18830,99.144
18831,99.144
18832,99.144
18833,99.144
18834,99.144
18835,99.416
18836,99.416
18837,99.416
18838,99.416
18839,99.416
18840,99.416
18841,99.416
18842,99.416
18843,99.416
18844,99.416
18845,99.416
18846,99.416
18847,99.416
18848,99.416
18849,99.416
18850,99.416
18851,99.416
18852,99.416
18853,99.416
18854,99.416
18855,99.416
18856,99.416
18857,99.416
18858,99.416
18859,99.416
18860,99.416
18861,99.416
18862,99.416
18863,99.416
18864,99.416
18865,99.416
18866,99.416
18867,99.416
18868,99.416
18869,99.416
18870,99.416
18871,99.416
18872,99.416
18873,99.416
18874,99.416
18875,99.416
18876,99.416
18877,99.416
18878,99.416
18879,99.416
18880,99.416
18881,99.416
18882,99.416
18883,99.416
18884,99.416
18885,99.416
18886,99.416
18887,99.416
18888,99.416
18889,99.416
18890,99.416
18891,99.416
18892,99.416
18893,99.416
18894,99.416
18895,99.416
18896,99.416
18897,99.416
18898,99.416
18899,99.416
18900,99.416
18901,99.416
18902,99.416
18903,99.416
18904,99.416
18905,99.416
18906,99.416
18907,99.416
18908,99.416
18909,99.416
18910,99.416
18911,99.416
18912,99.416
18913,99.416
18914,99.416
18915,99.416
18916,99.416
18917,99.416
18918,99.416
18919,99.416
18920,99.416
18921,99.416
18922,99.416
18923,99.416
18924,99.416
18925,99.416
18926,99.416
18927,99.416
18928,99.416
18929,99.416
18930,99.416
18931,99.416
18932,99.416
18933,99.416
18934,99.416
18935,99.743
18936,99.743
18937,99.743
18938,99.743
18939,99.743
18940,99.743
18941,99.743
18942,99.743
18943,99.743
18944,99.743
18945,99.743
18946,99.743
18947,99.743
18948,99.743
18949,99.743
18950,99.743
18951,99.743
18952,99.743
18953,99.743
18954,99.743
18955,99.743
18956,99.743
18957,99.743
18958,99.743
18959,99.743
18960,99.743
18961,99.743
18962,99.743
18963,99.743
18964,99.743
18965,99.743
18966,99.743
18967,99.743
18968,99.743
18969,99.743
18970,99.743
18971,99.743
18972,99.743
18973,99.743
18974,99.743
18975,99.743
18976,99.743
18977,99.743
18978,99.743
18979,99.743
18980,99.743
18981,99.743
18982,99.743
18983,99.743
18984,99.743
18985,99.743
18986,99.743
18987,99.743
18988,99.743
18989,99.743
18990,99.743
18991,99.743
18992,99.743
18993,99.743
18994,99.743
18995,99.743
18996,99.743
18997,99.743
18998,99.743
18999,99.743
19000,99.743
19001,99.743
19002,99.743
19003,99.743
19004,99.743
19005,99.743
19006,99.743
19007,99.743
19008,99.743
19009,99.743
19010,99.743
19011,99.743
19012,99.743
19013,99.743
19014,99.743
19015,99.743
19016,99.743
19017,99.743
19018,99.743
19019,99.743
19020,99.743
19021,99.743
19022,99.743
19023,99.743
19024,99.743
19025,99.743
19026,99.743
19027,99.743
19028,99.743
19029,99.743
19030,99.743
19031,99.743
19032,99.743
19033,99.743
19034,99.743
19035,100.015
19036,100.015
19037,100.015
19038,100.015
19039,100.015
19040,100.015
19041,100.015
19042,100.015
19043,100.015
19044,100.015
19045,100.015
19046,100.015
19047,100.015
19048,100.015
19049,100.015
19050,100.015
19051,100.015
19052,100.015
19053,100.015
19054,100.015
19055,100.015
19056,100.015
19057,100.015
19058,100.015
19059,100.015
19060,100.015
19061,100.015
19062,100.015
19063,100.015
19064,100.015
19065,100.015
19066,100.015
19067,100.015
19068,100.015
19071,100.015
19071,100.015
19071,100.015
19072,100.015
19073,100.015
19074,100.015
19075,100.015
19076,100.015
19077,100.015
19078,100.015
19079,100.015
19080,100.015
19081,100.015
19082,100.015
19083,100.015
19084,100.015
19085,100.015
19086,100.015
19087,100.015
19088,100.015
19089,100.015
19090,100.015
19091,100.015
19092,100.015
19093,100.015
19094,100.015
19095,100.015
19096,100.015
19097,100.015
19098,100.015
19099,100.015
19100,100.015
19101,100.015
19102,100.015
19103,100.015
19104,100.015
19105,100.015
19106,100.015
19107,100.015
19108,100.015
19109,100.015
19110,100.015
19111,100.015
19112,100.015
19113,100.015
19114,100.015
19115,100.015
19116,100.015
19117,100.015
19118,100.015
19119,100.015
19120,100.015
19121,100.015
19122,100.015
19123,100.015
19124,100.015
19125,100.015
19126,100.015
19127,100.015
19128,100.015
19129,100.015
19130,100.015
19131,100.015
19132,100.015
19133,100.015
19134,100.015
19135,99.743
19136,99.743
19137,99.743
19138,99.743
19139,99.743
19140,99.743
19141,99.743
19142,99.743
19143,99.743
19144,99.743
19145,99.743
19146,99.743
19147,99.743
19148,99.743
19149,99.743
19150,99.743
19151,99.743
19152,99.743
19153,99.743
19154,99.743
19155,99.743
19156,99.743
19157,99.743
19158,99.743
19159,99.743
19160,99.743
19161,99.743
19162,99.743
19163,99.743
19164,99.743
19165,99.743
19166,99.743
19167,99.743
19168,99.743
19169,99.743
19170,99.743
19171,99.743
19172,99.743
19173,99.743
19174,99.743
19175,99.743
19176,99.743
19177,99.743
19178,99.743
19179,99.743
19180,99.743
19181,99.743
19182,99.743
19183,99.743
19184,99.743
19185,99.743
19186,99.743
19187,99.743
19188,99.743
19189,99.743
19190,99.743
19191,99.743
19192,99.743
19193,99.743
19194,99.743
19195,99.743
19196,99.743
19197,99.743
19198,99.743
19199,99.743
19200,99.743
19201,99.743
19202,99.743
19203,99.743
19204,99.743
19205,99.743
19206,99.743
19207,99.743
19208,99.743
19209,99.743
19210,99.743
19211,99.743
19212,99.743
19213,99.743
19214,99.743
19215,99.743
19216,99.743
19217,99.743
19218,99.743
19219,99.743
19220,99.743
19221,99.743
19222,99.743
19223,99.743
19224,99.743
19225,99.743
19226,99.743
19227,99.743
19228,99.743
19229,99.743
19230,99.743
19231,99.743
19232,99.743
19233,99.743
19234,99.743
19235,100.894
19236,100.894
19237,100.894
19238,100.894
19239,100.894
19240,100.894
19241,100.894
19242,100.894
19243,100.894
19244,100.894
19245,100.894
19246,100.894
19247,100.894
19248,100.894
19249,100.894
19250,100.894
19251,100.894
19252,100.894
19253,100.894
19254,100.894
19255,100.894
19256,100.894
19257,100.894
19258,100.894
19259,100.894
19260,100.894
19261,100.894
19262,100.894
19263,100.894
19264,100.894
19265,100.894
19266,100.894
19267,100.894
19268,100.894
19269,100.894
19270,100.894
19271,100.894
19272,100.894
19273,100.894
19274,100.894
19275,100.894
19276,100.894
19277,100.894
19278,100.894
19279,100.894
19280,100.894
19281,100.894
19282,100.894
19283,100.894
19284,100.894
19285,100.894
19286,100.894
19287,100.894
19288,100.894
19289,100.894
19290,100.894
19291,100.894
19292,100.894
19293,100.894
19294,100.894
19295,100.894
19296,100.894
19297,100.894
19298,100.894
19299,100.894
19300,100.894
19301,100.894
19302,100.894
19303,100.894
19304,100.894
19305,100.894
19306,100.894
19307,100.894
19308,100.894
19309,100.894
19310,100.894
19311,100.894
19312,100.894
19313,100.894
19314,100.894
19315,100.894
19316,100.894
19317,100.894
19318,100.894
19319,100.894
19320,100.894
19321,100.894
19322,100.894
19323,100.894
19324,100.894
19325,100.894
19326,100.894
19327,100.894
19328,100.894
19329,100.894
19330,100.894
19331,100.894
19332,100.894
19333,100.894
19334,100.894
19335,100.894
19336,100.894
19337,100.894
19338,100.894
19339,100.894
19340,100.894
19341,100.894
19342,100.894
19343,100.894
19344,100.894
19345,100.894
19346,100.894
19347,100.894
19348,100.894
19349,100.894
19350,100.894
19351,100.894
19352,100.894
19353,100.894
19354,100.894
19355,100.894
19356,100.894
19357,100.894
19358,100.894
19359,100.894
19360,100.894
19361,100.894
19362,100.894
19363,100.894
19364,100.894
19365,100.894
19366,100.894
19367,100.894
19368,100.894
19369,100.894
19370,100.894
19371,100.894
19372,100.894
19373,100.894
19374,100.894
19375,100.894
19376,100.894
19377,100.894
19378,100.894
19379,100.894
19380,100.894
19381,100.894
19382,100.894
19383,100.894
19384,100.894
19385,100.894
19386,100.894
19387,100.894
19388,100.894
19389,100.894
19390,100.894
19391,100.894
19392,100.894
19393,100.894
19394,100.894
19395,100.894
19396,100.894
19397,100.894
19398,100.894
19399,100.894
19400,100.894
19401,100.894
19402,100.894
19403,100.894
19404,100.894
19405,100.894
19406,100.894
19407,100.894
19408,100.894
19409,100.894
19410,100.894
19411,100.894
19412,100.894
19413,100.894
19414,100.894
19415,100.894
19416,100.894
19417,100.894
19418,100.894
19419,100.894
19420,100.894
19421,100.894
19422,100.894
19423,100.894
19424,100.894
19425,100.894
19426,100.894
19427,100.894
19428,100.894
19429,100.894
19430,100.894
19431,100.894
19432,100.894
19433,100.894
19434,100.894
19435,99.743
19436,99.743
19437,99.743
19438,99.743
19439,99.743
19440,99.743
19441,99.743
19442,99.743
19443,99.743
19444,99.743
19445,99.743
19446,99.743
19447,99.743
19448,99.743
19449,99.743
19450,99.743
19451,99.743
19452,99.743
19453,99.743
19454,99.743
19455,99.743
19456,99.743
19457,99.743
19458,99.743
19459,99.743
19460,99.743
19461,99.743
19462,99.743
19463,99.743
19464,99.743
19465,99.743
19466,99.743
19467,99.743
19468,99.743
19469,99.743
19470,99.743
19471,99.743
19472,99.743
19473,99.743
19474,99.743
19475,99.743
19476,99.743
19477,99.743
19478,99.743
19479,99.743
19480,99.743
19481,99.743
19482,99.743
19483,99.743
19484,99.743
19485,99.743
19486,99.743
19487,99.743
19488,99.743
19489,99.743
19490,99.743
19491,99.743
19492,99.743
19493,99.743
19494,99.743
19495,99.743
19496,99.743
19497,99.743
19498,99.743
19499,99.743
19500,99.743
19501,99.743
19502,99.743
19503,99.743
19504,99.743
19505,99.743
19506,99.743
19507,99.743
19508,99.743
19509,99.743
19510,99.743
19511,99.743
19512,99.743
19513,99.743
19514,99.743
19515,99.743
19516,99.743
19517,99.743
19518,99.743
19519,99.743
19520,99.743
19521,99.743
19522,99.743
19523,99.743
19524,99.743
19525,99.743
19526,99.743
19527,99.743
19528,99.743
19529,99.743
19530,99.743
19531,99.743
19532,99.743
19533,99.743
19534,99.743
19535,99.144
19536,99.144
19537,99.144
19538,99.144
19539,99.144
19540,99.144
19541,99.144
19542,99.144
19543,99.144
19544,99.144
19545,99.144
19546,99.144
19547,99.144
19548,99.144
19549,99.144
19550,99.144
19551,99.144
19552,99.144
19553,99.144
19554,99.144
19555,99.144
19556,99.144
19557,99.144
19558,99.144
19559,99.144
19560,99.144
19561,99.144
19562,99.144
19563,99.144
19564,99.144
19565,99.144
19566,99.144
19567,99.144
19568,99.144
19569,99.144
19570,99.144
19571,99.144
19572,99.144
19573,99.144
19574,99.144
19575,99.144
19576,99.144
19577,99.144
19578,99.144
19579,99.144
19580,99.144
19581,99.144
19582,99.144
19583,99.144
19584,99.144
19585,99.144
19586,99.144
19587,99.144
19588,99.144
19589,99.144
19590,99.144
19591,99.144
19592,99.144
19593,99.144
19594,99.144
19595,99.144
19596,99.144
19597,99.144
19598,99.144
19599,99.144
19600,99.144
19601,99.144
19602,99.144
19603,99.144
19604,99.144
19605,99.144
19606,99.144
19607,99.144
19608,99.144
19609,99.144
19610,99.144
19611,99.144
19612,99.144
19613,99.144
19614,99.144
19615,99.144
19616,99.144
19617,99.144
19618,99.144
19619,99.144
19620,99.144
19621,99.144
19622,99.144
19623,99.144
19624,99.144
19625,99.144
19626,99.144
19627,99.144
19628,99.144
19629,99.144
19630,99.144
19631,99.144
19632,99.144
19633,99.144
19634,99.144
19635,99.144
19636,99.144
19637,99.144
19638,99.144
19639,99.144
19640,99.144
19641,99.144
19642,99.144
19643,99.144
19644,99.144
19645,99.144
19646,99.144
19647,99.144
19648,99.144
19649,99.144
19650,99.144
19651,99.144
19652,99.144
19653,99.144
19654,99.144
19655,99.144
19656,99.144
19657,99.144
19658,99.144
19659,99.144
19660,99.144
19661,99.144
19662,99.144
19663,99.144
19664,99.144
19665,99.144
19666,99.144
19667,99.144
19668,99.144
19669,99.144
19670,99.144
19671,99.144
19672,99.144
19673,99.144
19674,99.144
19675,99.144
19676,99.144
19677,99.144
19678,99.144
19679,99.144
19680,99.144
19681,99.144
19682,99.144
19683,99.144
19684,99.144
19685,99.144
19686,99.144
19687,99.144
19688,99.144
19689,99.144
19690,99.144
19691,99.144
19692,99.144
19693,99.144
19694,99.144
19695,99.144
19696,99.144
19697,99.144
19698,99.144
19699,99.144
19700,99.144
19701,99.144
19702,99.144
19703,99.144
19704,99.144
19705,99.144
19706,99.144
19707,99.144
19708,99.144
19709,99.144
19710,99.144
19711,99.144
19712,99.144
19713,99.144
19714,99.144
19715,99.144
19716,99.144
19717,99.144
19718,99.144
19719,99.144
19720,99.144
19721,99.144
19722,99.144
19723,99.144
19724,99.144
19725,99.144
19726,99.144
19727,99.144
19728,99.144
19729,99.144
19730,99.144
19731,99.144
19732,99.144
19733,99.144
19734,99.144
19735,99.416
19736,99.416
19737,99.416
19738,99.416
19739,99.416
19740,99.416
19741,99.416
19742,99.416
19743,99.416
19744,99.416
19745,99.416
19746,99.416
19747,99.416
19748,99.416
19749,99.416
19750,99.416
19751,99.416
19752,99.416
19753,99.416
19754,99.416
19755,99.416
19756,99.416
19757,99.416
19758,99.416
19759,99.416
19760,99.416
19761,99.416
19762,99.416
19763,99.416
19764,99.416
19765,99.416
19766,99.416
19767,99.416
19768,99.416
19769,99.416
19770,99.416
19771,99.416
19772,99.416
19773,99.416
19774,99.416
19775,99.416
19776,99.416
19777,99.416
19778,99.416
19779,99.416
19780,99.416
19781,99.416
19782,99.416
19783,99.416
19784,99.416
19785,99.416
19786,99.416
19787,99.416
19788,99.416
19789,99.416
19790,99.416
19791,99.416
19792,99.416
19793,99.416
19794,99.416
19795,99.416
19796,99.416
19797,99.416
19798,99.416
19799,99.416
19800,99.416
19801,99.416
19802,99.416
19803,99.416
19804,99.416
19805,99.416
19806,99.416
19807,99.416
19808,99.416
19809,99.416
19810,99.416
19811,99.416
19812,99.416
19813,99.416
19814,99.416
19815,99.416
19816,99.416
19817,99.416
19818,99.416
19819,99.416
19820,99.416
19821,99.416
19822,99.416
19823,99.416
19824,99.416
19825,99.416
19826,99.416
19827,99.416
19828,99.416
19829,99.416
19830,99.416
19831,99.416
19832,99.416
19833,99.416
19834,99.416
19835,99.743
19836,99.743
19837,99.743
19838,99.743
19839,99.743
19840,99.743
19841,99.743
19842,99.743
19843,99.743
19844,99.743
19845,99.743
19846,99.743
19847,99.743
19848,99.743
19849,99.743
19850,99.743
19851,99.743
19852,99.743
19853,99.743
19854,99.743
19855,99.743
19856,99.743
19857,99.743
19858,99.743
19859,99.743
19860,99.743
19861,99.743
19862,99.743
19863,99.743
19864,99.743
19865,99.743
19866,99.743
19867,99.743
19868,99.743
19869,99.743
19870,99.743
19871,99.743
19872,99.743
19873,99.743
19874,99.743
19875,99.743
19876,99.743
19877,99.743
19878,99.743
19879,99.743
19880,99.743
19881,99.743
19882,99.743
19883,99.743
19884,99.743
19885,99.743
19886,99.743
19887,99.743
19888,99.743
19889,99.743
19890,99.743
19891,99.743
19892,99.743
19893,99.743
19894,99.743
19895,99.743
19896,99.743
19897,99.743
19898,99.743
19899,99.743
19900,99.743
19901,99.743
19902,99.743
19903,99.743
19904,99.743
19905,99.743
19906,99.743
19907,99.743
19908,99.743
19909,99.743
19910,99.743
19911,99.743
19912,99.743
19913,99.743
19914,99.743
19915,99.743
19916,99.743
19917,99.743
19918,99.743
19919,99.743
19920,99.743
19921,99.743
19922,99.743
19923,99.743
19924,99.743
19925,99.743
19926,99.743
19927,99.743
19928,99.743
19929,99.743
19930,99.743
19931,99.743
19932,99.743
19933,99.743
19934,99.743
19935,99.743
19936,99.743
19937,99.743
19938,99.743
19939,99.743
19940,99.743
19941,99.743
19942,99.743
19943,99.743
19944,99.743
19945,99.743
19946,99.743
19947,99.743
19948,99.743
19949,99.743
19950,99.743
19951,99.743
19952,99.743
19953,99.743
19954,99.743
19955,99.743
19956,99.743
19957,99.743
19958,99.743
19959,99.743
19960,99.743
19961,99.743
19962,99.743
19963,99.743
19964,99.743
19965,99.743
19966,99.743
19967,99.743
19968,99.743
19969,99.743
19970,99.743
19971,99.743
19972,99.743
19973,99.743
19974,99.743
19975,99.743
19976,99.743
19977,99.743
19978,99.743
19979,99.743
19980,99.743
19981,99.743
19982,99.743
19983,99.743
19984,99.743
19985,99.743
19986,99.743
19987,99.743
19988,99.743
19989,99.743
19990,99.743
19991,99.743
19992,99.743
19993,99.743
19994,99.743
19995,99.743
19996,99.743
19997,99.743
19998,99.743
19999,99.743
20000,99.743
20001,99.743
20002,99.743
20003,99.743
20004,99.743
20005,99.743
20006,99.743
20007,99.743
20008,99.743
20009,99.743
20010,99.743
20011,99.743
20012,99.743
20013,99.743
20014,99.743
20015,99.743
20016,99.743
20017,99.743
20018,99.743
20019,99.743
20020,99.743
20021,99.743
20022,99.743
20023,99.743
20024,99.743
20025,99.743
20026,99.743
20027,99.743
20028,99.743
20029,99.743
20030,99.743
20031,99.743
20032,99.743
20033,99.743
20034,99.743
20035,99.416
20036,99.416
20037,99.416
20038,99.416
20039,99.416
20040,99.416
20041,99.416
20042,99.416
20043,99.416
20044,99.416
20045,99.416
20046,99.416
20047,99.416
20048,99.416
20049,99.416
20050,99.416
20051,99.416
20052,99.416
20053,99.416
20054,99.416
20055,99.416
20056,99.416
20057,99.416
20058,99.416
20059,99.416
20060,99.416
20061,99.416
20062,99.416
20063,99.416
20064,99.416
20065,99.416
20066,99.416
20067,99.416
20068,99.416
20069,99.416
20070,99.416
20071,99.416
20072,99.416
20073,99.416
20074,99.416
20075,99.416
20076,99.416
20077,99.416
20078,99.416
20079,99.416
20080,99.416
20081,99.416
20082,99.416
20083,99.416
20084,99.416
20085,99.416
20086,99.416
20087,99.416
20088,99.416
20089,99.416
20090,99.416
20091,99.416
20092,99.416
20093,99.416
20094,99.416
20095,99.416
20096,99.416
20097,99.416
20098,99.416
20099,99.416
20100,99.416
20101,99.416
20102,99.416
20103,99.416
20104,99.416
20105,99.416
20106,99.416
20107,99.416
20108,99.416
20109,99.416
20110,99.416
20111,99.416
20112,99.416
20113,99.416
20114,99.416
20115,99.416
20116,99.416
20117,99.416
20118,99.416
20119,99.416
20120,99.416
20121,99.416
20122,99.416
20123,99.416
20124,99.416
20125,99.416
20126,99.416
20127,99.416
20128,99.416
20129,99.416
20130,99.416
20131,99.416
20132,99.416
20133,99.416
20134,99.416
20135,101.597
20136,101.597
20137,101.597
20138,101.597
20139,101.597
20140,101.597
20141,101.597
20142,101.597
20143,101.597
20144,101.597
20145,101.597
20146,101.597
20147,101.597
20148,101.597
20149,101.597
20150,101.597
20151,101.597
20152,101.597
20153,101.597
20154,101.597
20155,101.597
20156,101.597
20157,101.597
20158,101.597
20159,101.597
20160,101.597
20161,101.597
20162,101.597
20163,101.597
20164,101.597
20165,101.597
20166,101.597
20167,101.597
20168,101.597
20169,101.597
20170,101.597
20171,101.597
20172,101.597
20173,101.597
20174,101.597
20175,101.597
20176,101.597
20177,101.597
20178,101.597
20179,101.597
20180,101.597
20181,101.597
20182,101.597
20183,101.597
20184,101.597
20185,101.597
20186,101.597
20187,101.597
20188,101.597
20189,101.597
20190,101.597
20191,101.597
20192,101.597
20193,101.597
20194,101.597
20195,101.597
20196,101.597
20197,101.597
20198,101.597
20199,101.597
20200,101.597
20201,101.597
20202,101.597
20203,101.597
20204,101.597
20205,101.597
20206,101.597
20207,101.597
20208,101.597
20209,101.597
20210,101.597
20211,101.597
20212,101.597
20213,101.597
20214,101.597
20215,101.597
20216,101.597
20217,101.597
20218,101.597
20219,101.597
20220,101.597
20221,101.597
20222,101.597
20223,101.597
20224,101.597
20225,101.597
20226,101.597
20227,101.597
20228,101.597
20229,101.597
20230,101.597
20231,101.597
20232,101.597
20233,101.597
20234,101.597
20235,100.39
20236,100.39
20237,100.39
20238,100.39
20239,100.39
20240,100.39
20241,100.39
20242,100.39
20243,100.39
20244,100.39
20245,100.39
20246,100.39
20247,100.39
20248,100.39
20249,100.39
20250,100.39
20251,100.39
20252,100.39
20253,100.39
20254,100.39
20255,100.39
20256,100.39
20257,100.39
20258,100.39
20259,100.39
20260,100.39
20261,100.39
20262,100.39
20263,100.39
20264,100.39
20265,100.39
20266,100.39
20267,100.39
20268,100.39
20269,100.39
20270,100.39
20271,100.39
20272,100.39
20273,100.39
20274,100.39
20275,100.39
20276,100.39
20277,100.39
20278,100.39
20279,100.39
20280,100.39
20281,100.39
20282,100.39
20283,100.39
20284,100.39
20285,100.39
20286,100.39
20287,100.39
20288,100.39
20289,100.39
20290,100.39
20291,100.39
20292,100.39
20293,100.39
20294,100.39
20295,100.39
20296,100.39
20297,100.39
20298,100.39
20299,100.39
20300,100.39
20301,100.39
20302,100.39
20303,100.39
20304,100.39
20305,100.39
20306,100.39
20307,100.39
20308,100.39
20309,100.39
20310,100.39
20311,100.39
20312,100.39
20313,100.39
20314,100.39
20315,100.39
20316,100.39
20317,100.39
20318,100.39
20319,100.39
20320,100.39
20321,100.39
20322,100.39
20323,100.39
20324,100.39
20325,100.39
20326,100.39
20327,100.39
20328,100.39
20329,100.39
20330,100.39
20331,100.39
20332,100.39
20333,100.39
20334,100.39
20335,99.416
20336,99.416
20337,99.416
20338,99.416
20339,99.416
20340,99.416
20341,99.416
20342,99.416
20343,99.416
20344,99.416
20345,99.416
20346,99.416
20347,99.416
20348,99.416
20349,99.416
20350,99.416
20351,99.416
20352,99.416
20353,99.416
20354,99.416
20355,99.416
20356,99.416
20357,99.416
20358,99.416
20359,99.416
20360,99.416
20361,99.416
20362,99.416
20363,99.416
20364,99.416
20365,99.416
20366,99.416
20367,99.416
20368,99.416
20369,99.416
20370,99.416
20371,99.416
20372,99.416
20373,99.416
20374,99.416
20375,99.416
20376,99.416
20377,99.416
20378,99.416
20379,99.416
20380,99.416
20381,99.416
20382,99.416
20383,99.416
20384,99.416
20385,99.416
20386,99.416
20387,99.416
20388,99.416
20389,99.416
20390,99.416
20391,99.416
20392,99.416
20393,99.416
20394,99.416
20395,99.416
20396,99.416
20397,99.416
20398,99.416
20399,99.416
20400,99.416
20401,99.416
20402,99.416
20403,99.416
20404,99.416
20405,99.416
20406,99.416
20407,99.416
20408,99.416
20409,99.416
20410,99.416
20411,99.416
20412,99.416
20413,99.416
20414,99.416
20415,99.416
20416,99.416
20417,99.416
20418,99.416
20419,99.416
20420,99.416
20421,99.416
20422,99.416
20423,99.416
20424,99.416
20425,99.416
20426,99.416
20427,99.416
20428,99.416
20429,99.416
20430,99.416
20431,99.416
20432,99.416
20433,99.416
20434,99.416
20435,99.144
20436,99.144
20437,99.144
20438,99.144
20439,99.144
20440,99.144
20441,99.144
20442,99.144
20443,99.144
20444,99.144
20445,99.144
20446,99.144
20447,99.144
20448,99.144
20449,99.144
20450,99.144
20451,99.144
20452,99.144
20453,99.144
20454,99.144
20455,99.144
20456,99.144
20457,99.144
20458,99.144
20459,99.144
20460,99.144
20461,99.144
20462,99.144
20463,99.144
20464,99.144
20465,99.144
20466,99.144
20467,99.144
20468,99.144
20469,99.144
20470,99.144
20471,99.144
20472,99.144
20473,99.144
20474,99.144
20475,99.144
20476,99.144
20477,99.144
20478,99.144
20479,99.144
20480,99.144
20481,99.144
20482,99.144
20483,99.144
20484,99.144
20485,99.144
20486,99.144
20487,99.144
20488,99.144
20489,99.144
20490,99.144
20491,99.144
20492,99.144
20493,99.144
20494,99.144
20495,99.144
20496,99.144
20497,99.144
20498,99.144
20499,99.144
20500,99.144
20501,99.144
20502,99.144
20503,99.144
20504,99.144
20505,99.144
20506,99.144
20507,99.144
20508,99.144
20509,99.144
20510,99.144
20511,99.144
20512,99.144
20513,99.144
20514,99.144
20515,99.144
20516,99.144
20517,99.144
20518,99.144
20519,99.144
20520,99.144
20521,99.144
20522,99.144
20523,99.144
20524,99.144
20525,99.144
20526,99.144
20527,99.144
20528,99.144
20529,99.144
20530,99.144
20531,99.144
20532,99.144
20533,99.144
20534,99.144
20535,99.246
20536,99.246
20537,99.246
20538,99.246
20539,99.246
20540,99.246
20541,99.246
20542,99.246
20543,99.246
20544,99.246
20545,99.246
20546,99.246
20547,99.246
20548,99.246
20549,99.246
20550,99.246
20551,99.246
20552,99.246
20553,99.246
20554,99.246
20555,99.246
20556,99.246
20557,99.246
20558,99.246
20559,99.246
20560,99.246
20561,99.246
20562,99.246
20563,99.246
20564,99.246
20565,99.246
20566,99.246
20567,99.246
20568,99.246
20569,99.246
20570,99.246
20571,99.246
20572,99.246
20573,99.246
20574,99.246
20575,99.246
20576,99.246
20577,99.246
20578,99.246
20579,99.246
20580,99.246
20581,99.246
20582,99.246
20583,99.246
20584,99.246
20585,99.246
20586,99.246
20587,99.246
20588,99.246
20589,99.246
20590,99.246
20591,99.246
20592,99.246
20593,99.246
20594,99.246
20595,99.246
20596,99.246
20597,99.246
20598,99.246
20599,99.246
20600,99.246
20601,99.246
20602,99.246
20603,99.246
20604,99.246
20605,99.246
20606,99.246
20607,99.246
20608,99.246
20609,99.246
20610,99.246
20611,99.246
20612,99.246
20613,99.246
20614,99.246
20615,99.246
20616,99.246
20617,99.246
20618,99.246
20619,99.246
20620,99.246
20621,99.246
20622,99.246
20623,99.246
20624,99.246
20625,99.246
20626,99.246
20627,99.246
20628,99.246
20629,99.246
20630,99.246
20631,99.246
20632,99.246
20633,99.246
20634,99.246
20635,99.743
20636,99.743
20637,99.743
20638,99.743
20639,99.743
20640,99.743
20641,99.743
20642,99.743
20643,99.743
20644,99.743
20645,99.743
20646,99.743
20647,99.743
20648,99.743
20649,99.743
20650,99.743
20651,99.743
20652,99.743
20653,99.743
20654,99.743
20655,99.743
20656,99.743
20657,99.743
20658,99.743
20659,99.743
20660,99.743
20661,99.743
20662,99.743
20663,99.743
20664,99.743
20665,99.743
20666,99.743
20667,99.743
20668,99.743
20669,99.743
20670,99.743
20671,99.743
20672,99.743
20673,99.743
20674,99.743
20675,99.743
20676,99.743
20677,99.743
20678,99.743
20679,99.743
20680,99.743
20681,99.743
20682,99.743
20683,99.743
20684,99.743
20685,99.743
20686,99.743
20687,99.743
20688,99.743
20689,99.743
20690,99.743
20691,99.743
20692,99.743
20693,99.743
20694,99.743
20695,99.743
20696,99.743
20697,99.743
20698,99.743
20699,99.743
20700,99.743
20701,99.743
20702,99.743
20703,99.743
20704,99.743
20705,99.743
20706,99.743
20707,99.743
20708,99.743
20709,99.743
20710,99.743
20711,99.743
20712,99.743
20713,99.743
20714,99.743
20715,99.743
20716,99.743
20717,99.743
20718,99.743
20719,99.743
20720,99.743
20721,99.743
20722,99.743
20723,99.743
20724,99.743
20725,99.743
20726,99.743
20727,99.743
20728,99.743
20729,99.743
20730,99.743
20731,99.743
20732,99.743
20733,99.743
20734,99.743
20735,99.246
20736,99.246
20737,99.246
20738,99.246
20739,99.246
20740,99.246
20741,99.246
20742,99.246
20743,99.246
20744,99.246
20745,99.246
20746,99.246
20747,99.246
20748,99.246
20749,99.246
20750,99.246
20751,99.246
20752,99.246
20753,99.246
20754,99.246
20755,99.246
20756,99.246
20757,99.246
20758,99.246
20759,99.246
20760,99.246
20761,99.246
20762,99.246
20763,99.246
20764,99.246
20765,99.246
20766,99.246
20767,99.246
20768,99.246
20769,99.246
20770,99.246
20771,99.246
20772,99.246
20773,99.246
20774,99.246
20775,99.246
20776,99.246
20777,99.246
20778,99.246
20779,99.246
20780,99.246
20781,99.246
20782,99.246
20783,99.246
20784,99.246
20785,99.246
20786,99.246
20787,99.246
20788,99.246
20789,99.246
20790,99.246
20791,99.246
20792,99.246
20793,99.246
20794,99.246
20795,99.246
20796,99.246
20797,99.246
20798,99.246
20799,99.246
20800,99.246
20801,99.246
20802,99.246
20803,99.246
20804,99.246
20805,99.246
20806,99.246
20807,99.246
20808,99.246
20809,99.246
20810,99.246
20811,99.246
20812,99.246
20813,99.246
20814,99.246
20815,99.246
20816,99.246
20817,99.246
20818,99.246
20819,99.246
20820,99.246
20821,99.246
20822,99.246
20823,99.246
20824,99.246
20825,99.246
20826,99.246
20827,99.246
20828,99.246
20829,99.246
20830,99.246
20831,99.246
20832,99.246
20833,99.246
20834,99.246
20835,99.743
20836,99.743
20837,99.743
20838,99.743
20839,99.743
20840,99.743
20841,99.743
20842,99.743
20843,99.743
20844,99.743
20845,99.743
20846,99.743
20847,99.743
20848,99.743
20849,99.743
20850,99.743
20851,99.743
20852,99.743
20853,99.743
20854,99.743
20855,99.743
20856,99.743
20857,99.743
20858,99.743
20859,99.743
20860,99.743
20861,99.743
20862,99.743
20863,99.743
20864,99.743
20865,99.743
20866,99.743
20867,99.743
20868,99.743
20869,99.743
20870,99.743
20871,99.743
20872,99.743
20873,99.743
20874,99.743
20875,99.743
20876,99.743
20877,99.743
20878,99.743
20879,99.743
20880,99.743
20881,99.743
20882,99.743
20883,99.743
20884,99.743
20885,99.743
20886,99.743
20887,99.743
20888,99.743
20889,99.743
20890,99.743
20891,99.743
20892,99.743
20893,99.743
20894,99.743
20895,99.743
20896,99.743
20897,99.743
20898,99.743
20899,99.743
20900,99.743
20901,99.743
20902,99.743
20903,99.743
20904,99.743
20905,99.743
20906,99.743
20907,99.743
20908,99.743
20909,99.743
20910,99.743
20911,99.743
20912,99.743
20913,99.743
20914,99.743
20915,99.743
20916,99.743
20917,99.743
20918,99.743
20919,99.743
20920,99.743
20921,99.743
20922,99.743
20923,99.743
20924,99.743
20925,99.743
20926,99.743
20927,99.743
20928,99.743
20929,99.743
20930,99.743
20931,99.743
20932,99.743
20933,99.743
20934,99.743
20935,100.894
20936,100.894
20937,100.894
20938,100.894
20939,100.894
20940,100.894
20941,100.894
20942,100.894
20943,100.894
20944,100.894
20945,100.894
20946,100.894
20947,100.894
20948,100.894
20949,100.894
20950,100.894
20951,100.894
20952,100.894
20953,100.894
20954,100.894
20955,100.894
20956,100.894
20957,100.894
20958,100.894
20959,100.894
20960,100.894
20961,100.894
20962,100.894
20963,100.894
20964,100.894
20965,100.894
20966,100.894
20967,100.894
20968,100.894
20969,100.894
20970,100.894
20971,100.894
20972,100.894
20973,100.894
20974,100.894
20975,100.894
20976,100.894
20977,100.894
20978,100.894
20979,100.894
20980,100.894
20981,100.894
20982,100.894
20983,100.894
20984,100.894
20985,100.894
20986,100.894
20987,100.894
20988,100.894
20989,100.894
20990,100.894
20991,100.894
20992,100.894
20993,100.894
20994,100.894
20995,100.894
20996,100.894
20997,100.894
20998,100.894
20999,100.894
21000,100.894
21001,100.894
21002,100.894
21003,100.894
21004,100.894
21005,100.894
21006,100.894
21007,100.894
21008,100.894
21009,100.894
21010,100.894
21011,100.894
21012,100.894
21013,100.894
21014,100.894
21015,100.894
21016,100.894
21017,100.894
21018,100.894
21019,100.894
21020,100.894
21021,100.894
21022,100.894
21023,100.894
21024,100.894
21025,100.894
21026,100.894
21027,100.894
21028,100.894
21029,100.894
21030,100.894
21031,100.894
21032,100.894
21033,100.894
21034,100.894
21035,101.22
21036,101.22
21037,101.22
21038,101.22
21039,101.22
21040,101.22
21041,101.22
21042,101.22
21043,101.22
21044,101.22
21045,101.22
21046,101.22
21047,101.22
21048,101.22
21049,101.22
21050,101.22
21051,101.22
21052,101.22
21053,101.22
21054,101.22
21055,101.22
21056,101.22
21057,101.22
21058,101.22
21059,101.22
21060,101.22
21061,101.22
21062,101.22
21063,101.22
21064,101.22
21065,101.22
21066,101.22
21067,101.22
21068,101.22
21069,101.22
21070,101.22
21071,101.22
21072,101.22
21073,101.22
21074,101.22
21075,101.22
21076,101.22
21077,101.22
21078,101.22
21079,101.22
21080,101.22
21081,101.22
21082,101.22
21083,101.22
21084,101.22
21085,101.22
21086,101.22
21087,101.22
21088,101.22
21089,101.22
21090,101.22
21091,101.22
21092,101.22
21093,101.22
21094,101.22
21095,101.22
21096,101.22
21097,101.22
21098,101.22
21099,101.22
21100,101.22
21101,101.22
21102,101.22
21103,101.22
21104,101.22
21105,101.22
21106,101.22
21107,101.22
21108,101.22
21109,101.22
21110,101.22
21111,101.22
21112,101.22
21113,101.22
21114,101.22
21115,101.22
21116,101.22
21117,101.22
21118,101.22
21119,101.22
21120,101.22
21121,101.22
21122,101.22
21123,101.22
21124,101.22
21125,101.22
21126,101.22
21127,101.22
21128,101.22
21129,101.22
21130,101.22
21131,101.22
21132,101.22
21133,101.22
21134,101.22
21135,100.015
21136,100.015
21137,100.015
21138,100.015
21139,100.015
21140,100.015
21141,100.015
21142,100.015
21143,100.015
21144,100.015
21145,100.015
21146,100.015
21147,100.015
21148,100.015
21149,100.015
21150,100.015
21151,100.015
21152,100.015
21153,100.015
21154,100.015
21155,100.015
21156,100.015
21157,100.015
21158,100.015
21159,100.015
21160,100.015
21161,100.015
21162,100.015
21163,100.015
21164,100.015
21165,100.015
21166,100.015
21167,100.015
21168,100.015
21169,100.015
21170,100.015
21171,100.015
21172,100.015
21173,100.015
21174,100.015
21175,100.015
21176,100.015
21177,100.015
21178,100.015
21179,100.015
21180,100.015
21181,100.015
21182,100.015
21183,100.015
21184,100.015
21185,100.015
21186,100.015
21187,100.015
21188,100.015
21189,100.015
21190,100.015
21191,100.015
21192,100.015
21193,100.015
21194,100.015
21195,100.015
21196,100.015
21197,100.015
21198,100.015
21199,100.015
21200,100.015
21201,100.015
21202,100.015
21203,100.015
21204,100.015
21205,100.015
21206,100.015
21207,100.015
21208,100.015
21209,100.015
21210,100.015
21211,100.015
21212,100.015
21213,100.015
21214,100.015
21215,100.015
21216,100.015
21217,100.015
21218,100.015
21219,100.015
21220,100.015
21221,100.015
21222,100.015
21223,100.015
21224,100.015
21225,100.015
21226,100.015
21227,100.015
21228,100.015
21229,100.015
21230,100.015
21231,100.015
21232,100.015
21233,100.015
21234,100.015
21235,99.144
21236,99.144
21237,99.144
21238,99.144
21239,99.144
21240,99.144
21241,99.144
21242,99.144
21243,99.144
21244,99.144
21245,99.144
21246,99.144
21247,99.144
21248,99.144
21249,99.144
21250,99.144
21251,99.144
21252,99.144
21253,99.144
21254,99.144
21255,99.144
21256,99.144
21257,99.144
21258,99.144
21259,99.144
21260,99.144
21261,99.144
21262,99.144
21263,99.144
21264,99.144
21265,99.144
21266,99.144
21267,99.144
21268,99.144
21269,99.144
21270,99.144
21271,99.144
21272,99.144
21273,99.144
21274,99.144
21275,99.144
21276,99.144
21277,99.144
21278,99.144
21279,99.144
21280,99.144
21281,99.144
21282,99.144
21283,99.144
21284,99.144
21285,99.144
21286,99.144
21287,99.144
21288,99.144
21289,99.144
21290,99.144
21291,99.144
21292,99.144
21293,99.144
21294,99.144
21295,99.144
21296,99.144
21297,99.144
21298,99.144
21299,99.144
21300,99.144
21301,99.144
21302,99.144
21303,99.144
21304,99.144
21305,99.144
21306,99.144
21307,99.144
21308,99.144
21309,99.144
21310,99.144
21311,99.144
21312,99.144
21313,99.144
21314,99.144
21315,99.144
21316,99.144
21317,99.144
21318,99.144
21319,99.144
21320,99.144
21321,99.144
21322,99.144
21323,99.144
21324,99.144
21325,99.144
21326,99.144
21327,99.144
21328,99.144
21329,99.144
21330,99.144
21331,99.144
21332,99.144
21333,99.144
21334,99.144
21335,99.144
21336,99.144
21337,99.144
21338,99.144
21339,99.144
21340,99.144
21341,99.144
21342,99.144
21343,99.144
21344,99.144
21345,99.144
21346,99.144
21347,99.144
21348,99.144
21349,99.144
21350,99.144
21351,99.144
21352,99.144
21353,99.144
21354,99.144
21355,99.144
21356,99.144
21357,99.144
21358,99.144
21359,99.144
21360,99.144
21361,99.144
21362,99.144
21363,99.144
21364,99.144
21365,99.144
21366,99.144
21367,99.144
21368,99.144
21369,99.144
21370,99.144
21371,99.144
21372,99.144
21373,99.144
21374,99.144
21375,99.144
21376,99.144
21377,99.144
21378,99.144
21379,99.144
21380,99.144
21381,99.144
21382,99.144
21383,99.144
21384,99.144
21385,99.144
21386,99.144
21387,99.144
21388,99.144
21389,99.144
21390,99.144
21391,99.144
21392,99.144
21393,99.144
21394,99.144
21395,99.144
21396,99.144
21397,99.144
21398,99.144
21399,99.144
21400,99.144
21401,99.144
21402,99.144
21403,99.144
21404,99.144
21405,99.144
21406,99.144
21407,99.144
21408,99.144
21409,99.144
21410,99.144
21411,99.144
21412,99.144
21413,99.144
21414,99.144
21415,99.144
21416,99.144
21417,99.144
21418,99.144
21419,99.144
21420,99.144
21421,99.144
21422,99.144
21423,99.144
21424,99.144
21425,99.144
21426,99.144
21427,99.144
21428,99.144
21429,99.144
21430,99.144
21431,99.144
21432,99.144
21433,99.144
21434,99.144
21435,99.416
21436,99.416
21437,99.416
21438,99.416
21439,99.416
21440,99.416
21441,99.416
21442,99.416
21443,99.416
21444,99.416
21445,99.416
21446,99.416
21447,99.416
21448,99.416
21449,99.416
21450,99.416
21451,99.416
21452,99.416
21453,99.416
21454,99.416
21455,99.416
21456,99.416
21457,99.416
21458,99.416
21459,99.416
21460,99.416
21461,99.416
21462,99.416
21463,99.416
21464,99.416
21465,99.416
21466,99.416
21467,99.416
21468,99.416
21469,99.416
21470,99.416
21471,99.416
21472,99.416
21473,99.416
21474,99.416
21475,99.416
21476,99.416
21477,99.416
21478,99.416
21479,99.416
21480,99.416
21481,99.416
21482,99.416
21483,99.416
21484,99.416
21485,99.416
21486,99.416
21487,99.416
21488,99.416
21489,99.416
21490,99.416
21491,99.416
21492,99.416
21493,99.416
21494,99.416
21495,99.416
21496,99.416
21497,99.416
21498,99.416
21499,99.416
21500,99.416
21501,99.416
21502,99.416
21503,99.416
21504,99.416
21505,99.416
21506,99.416
21507,99.416
21508,99.416
21509,99.416
21510,99.416
21511,99.416
21512,99.416
21513,99.416
21514,99.416
21515,99.416
21516,99.416
21517,99.416
21518,99.416
21519,99.416
21520,99.416
21521,99.416
21522,99.416
21523,99.416
21524,99.416
21525,99.416
21526,99.416
21527,99.416
21528,99.416
21529,99.416
21530,99.416
21531,99.416
21532,99.416
21533,99.416
21534,99.416
21535,100.015
21536,100.015
21537,100.015
21538,100.015
21539,100.015
21540,100.015
21541,100.015
21542,100.015
21543,100.015
21544,100.015
21545,100.015
21546,100.015
21547,100.015
21548,100.015
21549,100.015
21550,100.015
21551,100.015
21552,100.015
21553,100.015
21554,100.015
21555,100.015
21556,100.015
21557,100.015
21558,100.015
21559,100.015
21560,100.015
21561,100.015
21562,100.015
21563,100.015
21564,100.015
21565,100.015
21566,100.015
21567,100.015
21568,100.015
21569,100.015
21570,100.015
21571,100.015
21572,100.015
21573,100.015
21574,100.015
21575,100.015
21576,100.015
21577,100.015
21578,100.015
21579,100.015
21580,100.015
21581,100.015
21582,100.015
21583,100.015
21584,100.015
21585,100.015
21586,100.015
21587,100.015
21588,100.015
21589,100.015
21590,100.015
21591,100.015
21592,100.015
21593,100.015
21594,100.015
21595,100.015
21596,100.015
21597,100.015
21598,100.015
21599,100.015
21600,100.015
21601,100.015
21602,100.015
21603,100.015
21604,100.015
21605,100.015
21606,100.015
21607,100.015
21608,100.015
21609,100.015
21610,100.015
21611,100.015
21612,100.015
21613,100.015
21614,100.015
21615,100.015
21616,100.015
21617,100.015
21618,100.015
21619,100.015
21620,100.015
21621,100.015
21622,100.015
21623,100.015
21624,100.015
21625,100.015
21626,100.015
21627,100.015
21628,100.015
21629,100.015
21630,100.015
21631,100.015
21632,100.015
21633,100.015
21634,100.015
21635,99.743
21636,99.743
21637,99.743
21638,99.743
21639,99.743
21640,99.743
21641,99.743
21642,99.743
21643,99.743
21644,99.743
21645,99.743
21646,99.743
21647,99.743
21648,99.743
21649,99.743
21650,99.743
21651,99.743
21652,99.743
21653,99.743
21654,99.743
21655,99.743
21656,99.743
21657,99.743
21658,99.743
21659,99.743
21660,99.743
21661,99.743
21662,99.743
21663,99.743
21664,99.743
21665,99.743
21666,99.743
21667,99.743
21668,99.743
21669,99.743
21670,99.743
21671,99.743
21672,99.743
21673,99.743
21674,99.743
21675,99.743
21676,99.743
21677,99.743
21678,99.743
21679,99.743
21680,99.743
21681,99.743
21682,99.743
21683,99.743
21684,99.743
21685,99.743
21686,99.743
21687,99.743
21688,99.743
21689,99.743
21690,99.743
21691,99.743
21692,99.743
21693,99.743
21694,99.743
21695,99.743
21696,99.743
21697,99.743
21698,99.743
21699,99.743
21700,99.743
21701,99.743
21702,99.743
21703,99.743
21704,99.743
21705,99.743
21706,99.743
21707,99.743
21708,99.743
21709,99.743
21710,99.743
21711,99.743
21712,99.743
21713,99.743
21714,99.743
21715,99.743
21716,99.743
21717,99.743
21718,99.743
21719,99.743
21720,99.743
21721,99.743
21722,99.743
21723,99.743
21724,99.743
21725,99.743
21726,99.743
21727,99.743
21728,99.743
21729,99.743
21730,99.743
21731,99.743
21732,99.743
21733,99.743
21734,99.743
21735,100.287
21736,100.287
21737,100.287
21738,100.287
21739,100.287
21740,100.287
21741,100.287
21742,100.287
21743,100.287
21744,100.287
21745,100.287
21746,100.287
21747,100.287
21748,100.287
21749,100.287
21750,100.287
21751,100.287
21752,100.287
21753,100.287
21754,100.287
21755,100.287
21756,100.287
21757,100.287
21758,100.287
21759,100.287
21760,100.287
21761,100.287
21762,100.287
21763,100.287
21764,100.287
21765,100.287
21766,100.287
21767,100.287
21768,100.287
21769,100.287
21770,100.287
21771,100.287
21772,100.287
21773,100.287
21774,100.287
21775,100.287
21776,100.287
21777,100.287
21778,100.287
21779,100.287
21780,100.287
21781,100.287
21782,100.287
21783,100.287
21784,100.287
21785,100.287
21786,100.287
21787,100.287
21788,100.287
21789,100.287
21790,100.287
21791,100.287
21792,100.287
21793,100.287
21794,100.287
21795,100.287
21796,100.287
21797,100.287
21798,100.287
21799,100.287
21800,100.287
21801,100.287
21802,100.287
21803,100.287
21804,100.287
21805,100.287
21806,100.287
21807,100.287
21808,100.287
21809,100.287
21810,100.287
21811,100.287
21812,100.287
21813,100.287
21814,100.287
21815,100.287
21816,100.287
21817,100.287
21818,100.287
21819,100.287
21820,100.287
21821,100.287
21822,100.287
21823,100.287
21824,100.287
21825,100.287
21826,100.287
21827,100.287
21828,100.287
21829,100.287
21830,100.287
21831,100.287
21832,100.287
21833,100.287
21834,100.287
21835,100.287
21836,101.492
21837,101.492
21838,101.492
21839,101.492
21840,101.492
21841,101.492
21842,101.492
21843,101.492
21844,101.492
21845,101.492
21846,101.492
21847,101.492
21848,101.492
21849,101.492
21850,101.492
21851,101.492
21852,101.492
21853,101.492
21854,101.492
21855,101.492
21856,101.492
21857,101.492
21858,101.492
21859,101.492
21860,101.492
21861,101.492
21862,101.492
21863,101.492
21864,101.492
21865,101.492
21866,101.492
21867,101.492
21868,101.492
21869,101.492
21870,101.492
21871,101.492
21872,101.492
21873,101.492
21874,101.492
21875,101.492
21876,101.492
21877,101.492
21878,101.492
21879,101.492
21880,101.492
21881,101.492
21882,101.492
21883,101.492
21884,101.492
21885,101.492
21886,101.492
21887,101.492
21888,101.492
21889,101.492
21890,101.492
21891,101.492
21892,101.492
21893,101.492
21894,101.492
21895,101.492
21896,101.492
21897,101.492
21898,101.492
21899,101.492
21900,101.492
21901,101.492
21902,101.492
21903,101.492
21904,101.492
21905,101.492
21906,101.492
21907,101.492
21908,101.492
21909,101.492
21910,101.492
21911,101.492
21912,101.492
21913,101.492
21914,101.492
21915,101.492
21916,101.492
21917,101.492
21918,101.492
21919,101.492
21920,101.492
21921,101.492
21922,101.492
21923,101.492
21924,101.492
21925,101.492
21926,101.492
21927,101.492
21928,101.492
21929,101.492
21930,101.492
21931,101.492
21932,101.492
21933,101.492
21934,101.492
21935,100.894
21936,100.894
21937,100.894
21938,100.894
21939,100.894
21940,100.894
21941,100.894
21942,100.894
21943,100.894
21944,100.894
21945,100.894
21946,100.894
21947,100.894
21948,100.894
21949,100.894
21950,100.894
21951,100.894
21952,100.894
21953,100.894
21954,100.894
21955,100.894
21956,100.894
21957,100.894
21958,100.894
21959,100.894
21960,100.894
21961,100.894
21962,100.894
21963,100.894
21964,100.894
21965,100.894
21966,100.894
21967,100.894
21968,100.894
21969,100.894
21970,100.894
21971,100.894
21972,100.894
21973,100.894
21974,100.894
21975,100.894
21976,100.894
21977,100.894
21978,100.894
21979,100.894
21980,100.894
21981,100.894
21982,100.894
21983,100.894
21984,100.894
21985,100.894
21986,100.894
21987,100.894
21988,100.894
21989,100.894
21990,100.894
21991,100.894
21992,100.894
21993,100.894
21994,100.894
21995,100.894
21996,100.894
21997,100.894
21998,100.894
21999,100.894
22000,100.894
22001,100.894
22002,100.894
22003,100.894
22004,100.894
22005,100.894
22006,100.894
22007,100.894
22008,100.894
22009,100.894
22010,100.894
22011,100.894
22012,100.894
22013,100.894
22014,100.894
22015,100.894
22016,100.894
22017,100.894
22018,100.894
22019,100.894
22020,100.894
22021,100.894
22022,100.894
22023,100.894
22024,100.894
22025,100.894
22026,100.894
22027,100.894
22028,100.894
22029,100.894
22030,100.894
22031,100.894
22032,100.894
22033,100.894
22034,100.894
22035,99.144
22036,99.144
22037,99.144
22038,99.144
22039,99.144
22040,99.144
22041,99.144
22042,99.144
22043,99.144
22044,99.144
22045,99.144
22046,99.144
22047,99.144
22048,99.144
22049,99.144
22050,99.144
22051,99.144
22052,99.144
22053,99.144
22054,99.144
22055,99.144
22056,99.144
22057,99.144
22058,99.144
22059,99.144
22060,99.144
22061,99.144
22062,99.144
22063,99.144
22064,99.144
22065,99.144
22066,99.144
22067,99.144
22068,99.144
22069,99.144
22070,99.144
22071,99.144
22072,99.144
22073,99.144
22074,99.144
22075,99.144
22076,99.144
22077,99.144
22078,99.144
22079,99.144
22080,99.144
22081,99.144
22082,99.144
22083,99.144
22084,99.144
22085,99.144
22086,99.144
22087,99.144
22088,99.144
22089,99.144
22090,99.144
22091,99.144
22092,99.144
22093,99.144
22094,99.144
22095,99.144
22096,99.144
22097,99.144
22098,99.144
22099,99.144
22100,99.144
22101,99.144
22102,99.144
22103,99.144
22104,99.144
22105,99.144
22106,99.144
22107,99.144
22108,99.144
22109,99.144
22110,99.144
22111,99.144
22112,99.144
22113,99.144
22114,99.144
22115,99.144
22116,99.144
22117,99.144
22118,99.144
22119,99.144
22120,99.144
22121,99.144
22122,99.144
22123,99.144
22124,99.144
22125,99.144
22126,99.144
22127,99.144
22128,99.144
22129,99.144
22130,99.144
22131,99.144
22132,99.144
22133,99.144
22134,99.144
22135,99.144
22136,99.144
22137,99.144
22138,99.144
22139,99.144
22140,99.144
22141,99.144
22142,99.144
22143,99.144
22144,99.144
22145,99.144
22146,99.144
22147,99.144
22148,99.144
22149,99.144
22150,99.144
22151,99.144
22152,99.144
22153,99.144
22154,99.144
22155,99.144
22156,99.144
22157,99.144
22158,99.144
22159,99.144
22160,99.144
22161,99.144
22162,99.144
22163,99.144
22164,99.144
22165,99.144
22166,99.144
22167,99.144
22168,99.144
22169,99.144
22170,99.144
22171,99.144
22172,99.144
22173,99.144
22174,99.144
22175,99.144
22176,99.144
22177,99.144
22178,99.144
22179,99.144
22180,99.144
22181,99.144
22182,99.144
22183,99.144
22184,99.144
22185,99.144
22186,99.144
22187,99.144
22188,99.144
22189,99.144
22190,99.144
22191,99.144
22192,99.144
22193,99.144
22194,99.144
22195,99.144
22196,99.144
22197,99.144
22198,99.144
22199,99.144
22200,99.144
22201,99.144
22202,99.144
22203,99.144
22204,99.144
22205,99.144
22206,99.144
22207,99.144
22208,99.144
22209,99.144
22210,99.144
22211,99.144
22212,99.144
22213,99.144
22214,99.144
22215,99.144
22216,99.144
22217,99.144
22218,99.144
22219,99.144
22220,99.144
22221,99.144
22222,99.144
22223,99.144
22224,99.144
22225,99.144
22226,99.144
22227,99.144
22228,99.144
22229,99.144
22230,99.144
22231,99.144
22232,99.144
22233,99.144
22234,99.144
22235,99.144
22236,99.144
22237,99.144
22238,99.144
22239,99.144
22240,99.144
22241,99.144
22242,99.144
22243,99.144
22244,99.144
22245,99.144
22246,99.144
22247,99.144
22248,99.144
22249,99.144
22250,99.144
22251,99.144
22252,99.144
22253,99.144
22254,99.144
22255,99.144
22256,99.144
22257,99.144
22258,99.144
22259,99.144
22260,99.144
22261,99.144
22262,99.144
22263,99.144
22264,99.144
22265,99.144
22266,99.144
22267,99.144
22268,99.144
22269,99.144
22270,99.144
22271,99.144
22272,99.144
22273,99.144
22274,99.144
22275,99.144
22276,99.144
22277,99.144
22278,99.144
22279,99.144
22280,99.144
22281,99.144
22282,99.144
22283,99.144
22284,99.144
22285,99.144
22286,99.144
22287,99.144
22288,99.144
22289,99.144
22290,99.144
22291,99.144
22292,99.144
22293,99.144
22294,99.144
22295,99.144
22296,99.144
22297,99.144
22298,99.144
22299,99.144
22300,99.144
22301,99.144
22302,99.144
22303,99.144
22304,99.144
22305,99.144
22306,99.144
22307,99.144
22308,99.144
22309,99.144
22310,99.144
22311,99.144
22312,99.144
22313,99.144
22314,99.144
22315,99.144
22316,99.144
22317,99.144
22318,99.144
22319,99.144
22320,99.144
22321,99.144
22322,99.144
22323,99.144
22324,99.144
22325,99.144
22326,99.144
22327,99.144
22328,99.144
22329,99.144
22330,99.144
22331,99.144
22332,99.144
22333,99.144
22334,99.144
22335,99.144
22336,99.144
22337,100.015
22338,100.015
22339,100.015
22340,100.015
22341,100.015
22342,100.015
22343,100.015
22344,100.015
22345,100.015
22346,100.015
22347,100.015
22348,100.015
22349,100.015
22350,100.015
22351,100.015
22352,100.015
22353,100.015
22354,100.015
22355,100.015
22356,100.015
22357,100.015
22358,100.015
22359,100.015
22360,100.015
22361,100.015
22362,100.015
22363,100.015
22364,100.015
22365,100.015
22366,100.015
22367,100.015
22368,100.015
22369,100.015
22370,100.015
22371,100.015
22372,100.015
22373,100.015
22374,100.015
22375,100.015
22376,100.015
22377,100.015
22378,100.015
22379,100.015
22380,100.015
22381,100.015
22382,100.015
22383,100.015
22384,100.015
22385,100.015
22386,100.015
22387,100.015
22388,100.015
22389,100.015
22390,100.015
22391,100.015
22392,100.015
22393,100.015
22394,100.015
22395,100.015
22396,100.015
22397,100.015
22398,100.015
22399,100.015
22400,100.015
22401,100.015
22402,100.015
22403,100.015
22404,100.015
22405,100.015
22406,100.015
22407,100.015
22408,100.015
22409,100.015
22410,100.015
22411,100.015
22412,100.015
22413,100.015
22414,100.015
22415,100.015
22416,100.015
22417,100.015
22418,100.015
22419,100.015
22420,100.015
22421,100.015
22422,100.015
22423,100.015
22424,100.015
22425,100.015
22426,100.015
22427,100.015
22428,100.015
22429,100.015
22430,100.015
22431,100.015
22432,100.015
22433,100.015
22434,100.015
22435,100.015
22436,100.015
22437,98.864
22438,98.864
22439,98.864
22440,98.864
22441,98.864
22442,98.864
22443,98.864
22444,98.864
22445,98.864
22446,98.864
22447,98.864
22448,98.864
22449,98.864
22450,98.864
22451,98.864
22452,98.864
22453,98.864
22454,98.864
22455,98.864
22456,98.864
22457,98.864
22458,98.864
22459,98.864
22460,98.864
22461,98.864
22462,98.864
22463,98.864
22464,98.864
22465,98.864
22466,98.864
22467,98.864
22468,98.864
22469,98.864
22470,98.864
22471,98.864
22472,98.864
22473,98.864
22474,98.864
22475,98.864
22476,98.864
22477,98.864
22478,98.864
22479,98.864
22480,98.864
22481,98.864
22482,98.864
22483,98.864
22484,98.864
22485,98.864
22486,98.864
22487,98.864
22488,98.864
22489,98.864
22490,98.864
22491,98.864
22492,98.864
22493,98.864
22494,98.864
22495,98.864
22496,98.864
22497,98.864
22498,98.864
22499,98.864
22500,98.864
22501,98.864
22502,98.864
22503,98.864
22504,98.864
22505,98.864
22506,98.864
22507,98.864
22508,98.864
22509,98.864
22510,98.864
22511,98.864
22512,98.864
22513,98.864
22514,98.864
22515,98.864
22516,98.864
22517,98.864
22518,98.864
22519,98.864
22520,98.864
22521,98.864
22522,98.864
22523,98.864
22524,98.864
22525,98.864
22526,98.864
22527,98.864
22528,98.864
22529,98.864
22530,98.864
22531,98.864
22532,98.864
22533,98.864
22534,98.864
22535,100.015
22536,100.015
22537,100.015
22538,100.015
22539,100.015
22540,100.015
22541,100.015
22542,100.015
22543,100.015
22544,100.015
22545,100.015
22546,100.015
22547,100.015
22548,100.015
22549,100.015
22550,100.015
22551,100.015
22552,100.015
22553,100.015
22554,100.015
22555,100.015
22556,100.015
22557,100.015
22558,100.015
22559,100.015
22560,100.015
22561,100.015
22562,100.015
22563,100.015
22564,100.015
22565,100.015
22566,100.015
22567,100.015
22568,100.015
22569,100.015
22570,100.015
22571,100.015
22572,100.015
22573,100.015
22574,100.015
22575,100.015
22576,100.015
22577,100.015
22578,100.015
22579,100.015
22580,100.015
22581,100.015
22582,100.015
22583,100.015
22584,100.015
22585,100.015
22586,100.015
22587,100.015
22588,100.015
22589,100.015
22590,100.015
22591,100.015
22592,100.015
22593,100.015
22594,100.015
22595,100.015
22596,100.015
22597,100.015
22598,100.015
22599,100.015
22600,100.015
22601,100.015
22602,100.015
22603,100.015
22604,100.015
22605,100.015
22606,100.015
22607,100.015
22608,100.015
22609,100.015
22610,100.015
22611,100.015
22612,100.015
22613,100.015
22614,100.015
22615,100.015
22616,100.015
22617,100.015
22618,100.015
22619,100.015
22620,100.015
22621,100.015
22622,100.015
22623,100.015
22624,100.015
22625,100.015
22626,100.015
22627,100.015
22628,100.015
22629,100.015
22630,100.015
22631,100.015
22632,100.015
22633,100.015
22634,100.015
22635,100.894
22636,100.894
22637,100.894
22638,100.894
22639,100.894
22640,100.894
22641,100.894
22642,100.894
22643,100.894
22644,100.894
22645,100.894
22646,100.894
22647,100.894
22648,100.894
22649,100.894
22650,100.894
22651,100.894
22652,100.894
22653,100.894
22654,100.894
22655,100.894
22656,100.894
22657,100.894
22658,100.894
22659,100.894
22660,100.894
22661,100.894
22662,100.894
22663,100.894
22664,100.894
22665,100.894
22666,100.894
22667,100.894
22668,100.894
22669,100.894
22670,100.894
22671,100.894
22672,100.894
22673,100.894
22674,100.894
22675,100.894
22676,100.894
22677,100.894
22678,100.894
22679,100.894
22680,100.894
22681,100.894
22682,100.894
22683,100.894
22684,100.894
22685,100.894
22686,100.894
22687,100.894
22688,100.894
22689,100.894
22690,100.894
22691,100.894
22692,100.894
22693,100.894
22694,100.894
22695,100.894
22696,100.894
22697,100.894
22698,100.894
22699,100.894
22700,100.894
22701,100.894
22702,100.894
22703,100.894
22704,100.894
22705,100.894
22706,100.894
22707,100.894
22708,100.894
22709,100.894
22710,100.894
22711,100.894
22712,100.894
22713,100.894
22714,100.894
22715,100.894
22716,100.894
22717,100.894
22718,100.894
22719,100.894
22720,100.894
22721,100.894
22722,100.894
22723,100.894
22724,100.894
22725,100.894
22726,100.894
22727,100.894
22728,100.894
22729,100.894
22730,100.894
22731,100.894
22732,100.894
22733,100.894
22734,100.894
22735,101.22
22736,101.22
22737,101.22
22738,101.22
22739,101.22
22740,101.22
22741,101.22
22742,101.22
22743,101.22
22744,101.22
22745,101.22
22746,101.22
22747,101.22
22748,101.22
22749,101.22
22750,101.22
22751,101.22
22752,101.22
22753,101.22
22754,101.22
22755,101.22
22756,101.22
22757,101.22
22758,101.22
22759,101.22
22760,101.22
22761,101.22
22762,101.22
22763,101.22
22764,101.22
22765,101.22
22766,101.22
22767,101.22
22768,101.22
22769,101.22
22770,101.22
22771,101.22
22772,101.22
22773,101.22
22774,101.22
22775,101.22
22776,101.22
22777,101.22
22778,101.22
22779,101.22
22780,101.22
22781,101.22
22782,101.22
22783,101.22
22784,101.22
22785,101.22
22786,101.22
22787,101.22
22788,101.22
22789,101.22
22790,101.22
22791,101.22
22792,101.22
22793,101.22
22794,101.22
22795,101.22
22796,101.22
22797,101.22
22798,101.22
22799,101.22
22800,101.22
22801,101.22
22802,101.22
22803,101.22
22804,101.22
22805,101.22
22806,101.22
22807,101.22
22808,101.22
22809,101.22
22810,101.22
22811,101.22
22812,101.22
22813,101.22
22814,101.22
22815,101.22
22816,101.22
22817,101.22
22818,101.22
22819,101.22
22820,101.22
22821,101.22
22822,101.22
22823,101.22
22824,101.22
22825,101.22
22826,101.22
22827,101.22
22828,101.22
22829,101.22
22830,101.22
22831,101.22
22832,101.22
22833,101.22
22834,101.22
22835,100.015
22836,100.015
22837,100.015
22838,100.015
22839,100.015
22840,100.015
22841,100.015
22842,100.015
22843,100.015
22844,100.015
22845,100.015
22846,100.015
22847,100.015
22848,100.015
22849,100.015
22850,100.015
22851,100.015
22852,100.015
22853,100.015
22854,100.015
22855,100.015
22856,100.015
22857,100.015
22858,100.015
22859,100.015
22860,100.015
22861,100.015
22862,100.015
22863,100.015
22864,100.015
22865,100.015
22866,100.015
22867,100.015
22868,100.015
22869,100.015
22870,100.015
22871,100.015
22872,100.015
22873,100.015
22874,100.015
22875,100.015
22876,100.015
22877,100.015
22878,100.015
22879,100.015
22880,100.015
22881,100.015
22882,100.015
22883,100.015
22884,100.015
22885,100.015
22886,100.015
22887,100.015
22888,100.015
22889,100.015
22890,100.015
22891,100.015
22892,100.015
22893,100.015
22894,100.015
22895,100.015
22896,100.015
22897,100.015
22898,100.015
22899,100.015
22900,100.015
22901,100.015
22902,100.015
22903,100.015
22904,100.015
22905,100.015
22906,100.015
22907,100.015
22908,100.015
22909,100.015
22910,100.015
22911,100.015
22912,100.015
22913,100.015
22914,100.015
22915,100.015
22916,100.015
22917,100.015
22918,100.015
22919,100.015
22920,100.015
22921,100.015
22922,100.015
22923,100.015
22924,100.015
22925,100.015
22926,100.015
22927,100.015
22928,100.015
22929,100.015
22930,100.015
22931,100.015
22932,100.015
22933,100.015
22934,100.015
22935,98.864
22936,98.864
22937,98.864
22938,98.864
22939,98.864
22940,98.864
22941,98.864
22942,98.864
22943,98.864
22944,98.864
22945,98.864
22946,98.864
22947,98.864
22948,98.864
22949,98.864
22950,98.864
22951,98.864
22952,98.864
22953,98.864
22954,98.864
22955,98.864
22956,98.864
22957,98.864
22958,98.864
22959,98.864
22960,98.864
22961,98.864
22962,98.864
22963,98.864
22964,98.864
22965,98.864
22966,98.864
22967,98.864
22968,98.864
22969,98.864
22970,98.864
22971,98.864
22972,98.864
22973,98.864
22974,98.864
22975,98.864
22976,98.864
22977,98.864
22978,98.864
22979,98.864
22980,98.864
22981,98.864
22982,98.864
22983,98.864
22984,98.864
22985,98.864
22986,98.864
22987,98.864
22988,98.864
22989,98.864
22990,98.864
22991,98.864
22992,98.864
22993,98.864
22994,98.864
22995,98.864
22996,98.864
22997,98.864
22998,98.864
22999,98.864
23000,98.864
23001,98.864
23002,98.864
23003,98.864
23004,98.864
23005,98.864
23006,98.864
23007,98.864
23008,98.864
23009,98.864
23010,98.864
23011,98.864
23012,98.864
23013,98.864
23014,98.864
23015,98.864
23016,98.864
23017,98.864
23018,98.864
23019,98.864
23020,98.864
23021,98.864
23022,98.864
23023,98.864
23024,98.864
23025,98.864
23026,98.864
23027,98.864
23028,98.864
23029,98.864
23030,98.864
23031,98.864
23032,98.864
23033,98.864
23034,98.864
23035,99.144
23036,99.144
23037,99.144
23038,99.144
23039,99.144
23040,99.144
23041,99.144
23042,99.144
23043,99.144
23044,99.144
23045,99.144
23046,99.144
23047,99.144
23048,99.144
23049,99.144
23050,99.144
23051,99.144
23052,99.144
23053,99.144
23054,99.144
23055,99.144
23056,99.144
23057,99.144
23058,99.144
23059,99.144
23060,99.144
23061,99.144
23062,99.144
23063,99.144
23064,99.144
23065,99.144
23066,99.144
23067,99.144
23068,99.144
23069,99.144
23070,99.144
23071,99.144
23072,99.144
23073,99.144
23074,99.144
23075,99.144
23076,99.144
23077,99.144
23078,99.144
23079,99.144
23080,99.144
23081,99.144
23082,99.144
23083,99.144
23084,99.144
23085,99.144
23086,99.144
23087,99.144
23088,99.144
23089,99.144
23090,99.144
23091,99.144
23092,99.144
23093,99.144
23094,99.144
23095,99.144
23096,99.144
23097,99.144
23098,99.144
23099,99.144
23100,99.144
23101,99.144
23102,99.144
23103,99.144
23104,99.144
23105,99.144
23106,99.144
23107,99.144
23108,99.144
23109,99.144
23110,99.144
23111,99.144
23112,99.144
23113,99.144
23114,99.144
23115,99.144
23116,99.144
23117,99.144
23118,99.144
23119,99.144
23120,99.144
23121,99.144
23122,99.144
23123,99.144
23124,99.144
23125,99.144
23126,99.144
23127,99.144
23128,99.144
23129,99.144
23130,99.144
23131,99.144
23132,99.144
23133,99.144
23134,99.144
23135,99.416
23136,99.416
23137,99.416
23138,99.416
23139,99.416
23140,99.416
23141,99.416
23142,99.416
23143,99.416
23144,99.416
23145,99.416
23146,99.416
23147,99.416
23148,99.416
23149,99.416
23150,99.416
23151,99.416
23152,99.416
23153,99.416
23154,99.416
23155,99.416
23156,99.416
23157,99.416
23158,99.416
23159,99.416
23160,99.416
23161,99.416
23162,99.416
23163,99.416
23164,99.416
23165,99.416
23166,99.416
23167,99.416
23168,99.416
23169,99.416
23170,99.416
23171,99.416
23172,99.416
23173,99.416
23174,99.416
23175,99.416
23176,99.416
23177,99.416
23178,99.416
23179,99.416
23180,99.416
23181,99.416
23182,99.416
23183,99.416
23184,99.416
23185,99.416
23186,99.416
23187,99.416
23188,99.416
23189,99.416
23190,99.416
23191,99.416
23192,99.416
23193,99.416
23194,99.416
23195,99.416
23196,99.416
23197,99.416
23198,99.416
23199,99.416
23200,99.416
23201,99.416
23202,99.416
23203,99.416
23204,99.416
23205,99.416
23206,99.416
23207,99.416
23208,99.416
23209,99.416
23210,99.416
23211,99.416
23212,99.416
23213,99.416
23214,99.416
23215,99.416
23216,99.416
23217,99.416
23218,99.416
23219,99.416
23220,99.416
23221,99.416
23222,99.416
23223,99.416
23224,99.416
23225,99.416
23226,99.416
23227,99.416
23228,99.416
23229,99.416
23230,99.416
23231,99.416
23232,99.416
23233,99.416
23234,99.416
23235,100.015
23236,100.015
23237,100.015
23238,100.015
23239,100.015
23240,100.015
23241,100.015
23242,100.015
23243,100.015
23244,100.015
23245,100.015
23246,100.015
23247,100.015
23248,100.015
23249,100.015
23250,100.015
23251,100.015
23252,100.015
23253,100.015
23254,100.015
23255,100.015
23256,100.015
23257,100.015
23258,100.015
23259,100.015
23260,100.015
23261,100.015
23262,100.015
23263,100.015
23264,100.015
23265,100.015
23266,100.015
23267,100.015
23268,100.015
23269,100.015
23270,100.015
23271,100.015
23272,100.015
23273,100.015
23274,100.015
23275,100.015
23276,100.015
23277,100.015
23278,100.015
23279,100.015
23280,100.015
23281,100.015
23282,100.015
23283,100.015
23284,100.015
23285,100.015
23286,100.015
23287,100.015
23288,100.015
23289,100.015
23290,100.015
23291,100.015
23292,100.015
23293,100.015
23294,100.015
23295,100.015
23296,100.015
23297,100.015
23298,100.015
23299,100.015
23300,100.015
23301,100.015
23302,100.015
23303,100.015
23304,100.015
23305,100.015
23306,100.015
23307,100.015
23308,100.015
23309,100.015
23310,100.015
23311,100.015
23312,100.015
23313,100.015
23314,100.015
23315,100.015
23316,100.015
23317,100.015
23318,100.015
23319,100.015
23320,100.015
23321,100.015
23322,100.015
23323,100.015
23324,100.015
23325,100.015
23326,100.015
23327,100.015
23328,100.015
23329,100.015
23330,100.015
23331,100.015
23332,100.015
23333,100.015
23334,100.015
23335,99.416
23336,99.416
23337,99.416
23338,99.416
23339,99.416
23340,99.416
23341,99.416
23342,99.416
23343,99.416
23344,99.416
23345,99.416
23346,99.416
23347,99.416
23348,99.416
23349,99.416
23350,99.416
23351,99.416
23352,99.416
23353,99.416
23354,99.416
23355,99.416
23356,99.416
23357,99.416
23358,99.416
23359,99.416
23360,99.416
23361,99.416
23362,99.416
23363,99.416
23364,99.416
23365,99.416
23366,99.416
23367,99.416
23368,99.416
23369,99.416
23370,99.416
23371,99.416
23372,99.416
23373,99.416
23374,99.416
23375,99.416
23376,99.416
23377,99.416
23378,99.416
23379,99.416
23380,99.416
23381,99.416
23382,99.416
23383,99.416
23384,99.416
23385,99.416
23386,99.416
23387,99.416
23388,99.416
23389,99.416
23390,99.416
23391,99.416
23392,99.416
23393,99.416
23394,99.416
23395,99.416
23396,99.416
23397,99.416
23398,99.416
23399,99.416
23400,99.416
23401,99.416
23402,99.416
23403,99.416
23404,99.416
23405,99.416
23406,99.416
23407,99.416
23408,99.416
23409,99.416
23410,99.416
23411,99.416
23412,99.416
23413,99.416
23414,99.416
23415,99.416
23416,99.416
23417,99.416
23418,99.416
23419,99.416
23420,99.416
23421,99.416
23422,99.416
23423,99.416
23424,99.416
23425,99.416
23426,99.416
23427,99.416
23428,99.416
23429,99.416
23430,99.416
23431,99.416
23432,99.416
23433,99.416
23434,99.416
23435,100.287
23436,100.287
23437,100.287
23438,100.287
23439,100.287
23440,100.287
23441,100.287
23442,100.287
23443,100.287
23444,100.287
23445,100.287
23446,100.287
23447,100.287
23448,100.287
23449,100.287
23450,100.287
23451,100.287
23452,100.287
23453,100.287
23454,100.287
23455,100.287
23456,100.287
23457,100.287
23458,100.287
23459,100.287
23460,100.287
23461,100.287
23462,100.287
23463,100.287
23464,100.287
23465,100.287
23466,100.287
23467,100.287
23468,100.287
23469,100.287
23470,100.287
23471,100.287
23472,100.287
23473,100.287
23474,100.287
23475,100.287
23476,100.287
23477,100.287
23478,100.287
23479,100.287
23480,100.287
23481,100.287
23482,100.287
23483,100.287
23484,100.287
23485,100.287
23486,100.287
23487,100.287
23488,100.287
23489,100.287
23490,100.287
23491,100.287
23492,100.287
23493,100.287
23494,100.287
23495,100.287
23496,100.287
23497,100.287
23498,100.287
23499,100.287
23500,100.287
23501,100.287
23502,100.287
23503,100.287
23504,100.287
23505,100.287
23506,100.287
23507,100.287
23508,100.287
23509,100.287
23510,100.287
23511,100.287
23512,100.287
23513,100.287
23514,100.287
23515,100.287
23516,100.287
23517,100.287
23518,100.287
23519,100.287
23520,100.287
23521,100.287
23522,100.287
23523,100.287
23524,100.287
23525,100.287
23526,100.287
23527,100.287
23528,100.287
23529,100.287
23530,100.287
23531,100.287
23532,100.287
23533,100.287
23534,100.287
23535,101.492
23536,101.492
23537,101.492
23538,101.492
23539,101.492
23540,101.492
23541,101.492
23542,101.492
23543,101.492
23544,101.492
23545,101.492
23546,101.492
23547,101.492
23548,101.492
23549,101.492
23550,101.492
23551,101.492
23552,101.492
23553,101.492
23554,101.492
23555,101.492
23556,101.492
23557,101.492
23558,101.492
23559,101.492
23560,101.492
23561,101.492
23562,101.492
23563,101.492
23564,101.492
23565,101.492
23566,101.492
23567,101.492
23568,101.492
23569,101.492
23570,101.492
23571,101.492
23572,101.492
23573,101.492
23574,101.492
23575,101.492
23576,101.492
23577,101.492
23578,101.492
23579,101.492
23580,101.492
23581,101.492
23582,101.492
23583,101.492
23584,101.492
23585,101.492
23586,101.492
23587,101.492
23588,101.492
23589,101.492
23590,101.492
23591,101.492
23592,101.492
23593,101.492
23594,101.492
23595,101.492
23596,101.492
23597,101.492
23598,101.492
23599,101.492
23600,101.492
23601,101.492
23602,101.492
23603,101.492
23604,101.492
23605,101.492
23606,101.492
23607,101.492
23608,101.492
23609,101.492
23610,101.492
23611,101.492
23612,101.492
23613,101.492
23614,101.492
23615,101.492
23616,101.492
23617,101.492
23618,101.492
23619,101.492
23620,101.492
23621,101.492
23622,101.492
23623,101.492
23624,101.492
23625,101.492
23626,101.492
23627,101.492
23628,101.492
23629,101.492
23630,101.492
23631,101.492
23632,101.492
23633,101.492
23634,101.492
23635,101.22
23636,101.22
23637,101.22
23638,101.22
23639,101.22
23640,101.22
23641,101.22
23642,101.22
23643,101.22
23644,101.22
23645,101.22
23646,101.22
23647,101.22
23648,101.22
23649,101.22
23650,101.22
23651,101.22
23652,101.22
23653,101.22
23654,101.22
23655,101.22
23656,101.22
23657,101.22
23658,101.22
23659,101.22
23660,101.22
23661,101.22
23662,101.22
23663,101.22
23664,101.22
23665,101.22
23666,101.22
23667,101.22
23668,101.22
23669,101.22
23670,101.22
23671,101.22
23672,101.22
23673,101.22
23674,101.22
23675,101.22
23676,101.22
23677,101.22
23678,101.22
23679,101.22
23680,101.22
23681,101.22
23682,101.22
23683,101.22
23684,101.22
23685,101.22
23686,101.22
23687,101.22
23688,101.22
23689,101.22
23690,101.22
23691,101.22
23692,101.22
23693,101.22
23694,101.22
23695,101.22
23696,101.22
23697,101.22
23698,101.22
23699,101.22
23700,101.22
23701,101.22
23702,101.22
23703,101.22
23704,101.22
23705,101.22
23706,101.22
23707,101.22
23708,101.22
23709,101.22
23710,101.22
23711,101.22
23712,101.22
23713,101.22
23714,101.22
23715,101.22
23716,101.22
23717,101.22
23718,101.22
23719,101.22
23720,101.22
23721,101.22
23722,101.22
23723,101.22
23724,101.22
23725,101.22
23726,101.22
23727,101.22
23728,101.22
23729,101.22
23730,101.22
23731,101.22
23732,101.22
23733,101.22
23734,101.22
23735,99.416
23736,99.416
23737,99.416
23738,99.416
23739,99.416
23740,99.416
23741,99.416
23742,99.416
23743,99.416
23744,99.416
23745,99.416
23746,99.416
23747,99.416
23748,99.416
23749,99.416
23750,99.416
23751,99.416
23752,99.416
23753,99.416
23754,99.416
23755,99.416
23756,99.416
23757,99.416
23758,99.416
23759,99.416
23760,99.416
23761,99.416
23762,99.416
23763,99.416
23764,99.416
23765,99.416
23766,99.416
23767,99.416
23768,99.416
23769,99.416
23770,99.416
23771,99.416
23772,99.416
23773,99.416
23774,99.416
23775,99.416
23776,99.416
23777,99.416
23778,99.416
23779,99.416
23780,99.416
23781,99.416
23782,99.416
23783,99.416
23784,99.416
23785,99.416
23786,99.416
23787,99.416
23788,99.416
23789,99.416
23790,99.416
23791,99.416
23792,99.416
23793,99.416
23794,99.416
23795,99.416
23796,99.416
23797,99.416
23798,99.416
23799,99.416
23800,99.416
23801,99.416
23802,99.416
23803,99.416
23804,99.416
23805,99.416
23806,99.416
23807,99.416
23808,99.416
23809,99.416
23810,99.416
23811,99.416
23812,99.416
23813,99.416
23814,99.416
23815,99.416
23816,99.416
23817,99.416
23818,99.416
23819,99.416
23820,99.416
23821,99.416
23822,99.416
23823,99.416
23824,99.416
23825,99.416
23826,99.416
23827,99.416
23828,99.416
23829,99.416
23830,99.416
23831,99.416
23832,99.416
23833,99.416
23834,99.416
23835,99.416
23836,99.144
23837,99.144
23838,99.144
23839,99.144
23840,99.144
23841,99.144
23842,99.144
23843,99.144
23844,99.144
23845,99.144
23846,99.144
23847,99.144
23848,99.144
23849,99.144
23850,99.144
23851,99.144
23852,99.144
23853,99.144
23854,99.144
23855,99.144
23856,99.144
23857,99.144
23858,99.144
23859,99.144
23860,99.144
23861,99.144
23862,99.144
23863,99.144
23864,99.144
23865,99.144
23866,99.144
23867,99.144
23868,99.144
23869,99.144
23870,99.144
23871,99.144
23872,99.144
23873,99.144
23874,99.144
23875,99.144
23876,99.144
23877,99.144
23878,99.144
23879,99.144
23880,99.144
23881,99.144
23882,99.144
23883,99.144
23884,99.144
23885,99.144
23886,99.144
23887,99.144
23888,99.144
23889,99.144
23890,99.144
23891,99.144
23892,99.144
23893,99.144
23894,99.144
23895,99.144
23896,99.144
23897,99.144
23898,99.144
23899,99.144
23900,99.144
23901,99.144
23902,99.144
23903,99.144
23904,99.144
23905,99.144
23906,99.144
23907,99.144
23908,99.144
23909,99.144
23910,99.144
23911,99.144
23912,99.144
23913,99.144
23914,99.144
23915,99.144
23916,99.144
23917,99.144
23918,99.144
23919,99.144
23920,99.144
23921,99.144
23922,99.144
23923,99.144
23924,99.144
23925,99.144
23926,99.144
23927,99.144
23928,99.144
23929,99.144
23930,99.144
23931,99.144
23932,99.144
23933,99.144
23934,99.144
23935,99.144
23936,99.144
23937,99.144
23938,99.144
23939,99.144
23940,99.144
23941,99.144
23942,99.144
23943,99.144
23944,99.144
23945,99.144
23946,99.144
23947,99.144
23948,99.144
23949,99.144
23950,99.144
23951,99.144
23952,99.144
23953,99.144
23954,99.144
23955,99.144
23956,99.144
23957,99.144
23958,99.144
23959,99.144
23960,99.144
23961,99.144
23962,99.144
23963,99.144
23964,99.144
23965,99.144
23966,99.144
23967,99.144
23968,99.144
23969,99.144
23970,99.144
23971,99.144
23972,99.144
23973,99.144
23974,99.144
23975,99.144
23976,99.144
23977,99.144
23978,99.144
23979,99.144
23980,99.144
23981,99.144
23982,99.144
23983,99.144
23984,99.144
23985,99.144
23986,99.144
23987,99.144
23988,99.144
23989,99.144
23990,99.144
23991,99.144
23992,99.144
23993,99.144
23994,99.144
23995,99.144
23996,99.144
23997,99.144
23998,99.144
23999,99.144
24000,99.144
24001,99.144
24002,99.144
24003,99.144
24004,99.144
24005,99.144
24006,99.144
24007,99.144
24008,99.144
24009,99.144
24010,99.144
24011,99.144
24012,99.144
24013,99.144
24014,99.144
24015,99.144
24016,99.144
24017,99.144
24018,99.144
24019,99.144
24020,99.144
24021,99.144
24022,99.144
24023,99.144
24024,99.144
24025,99.144
24026,99.144
24027,99.144
24028,99.144
24029,99.144
24030,99.144
24031,99.144
24032,99.144
24033,99.144
24034,99.144
24035,99.246
24036,99.246
24037,99.246
24038,99.246
24039,99.246
24040,99.246
24041,99.246
24042,99.246
24043,99.246
24044,99.246
24045,99.246
24046,99.246
24047,99.246
24048,99.246
24049,99.246
24050,99.246
24051,99.246
24052,99.246
24053,99.246
24054,99.246
24055,99.246
24056,99.246
24057,99.246
24058,99.246
24059,99.246
24060,99.246
24061,99.246
24062,99.246
24063,99.246
24064,99.246
24065,99.246
24066,99.246
24067,99.246
24068,99.246
24069,99.246
24070,99.246
24071,99.246
24072,99.246
24073,99.246
24074,99.246
24075,99.246
24076,99.246
24077,99.246
24078,99.246
24079,99.246
24080,99.246
24081,99.246
24082,99.246
24083,99.246
24084,99.246
24085,99.246
24086,99.246
24087,99.246
24088,99.246
24089,99.246
24090,99.246
24091,99.246
24092,99.246
24093,99.246
24094,99.246
24095,99.246
24096,99.246
24097,99.246
24098,99.246
24099,99.246
24100,99.246
24101,99.246
24102,99.246
24103,99.246
24104,99.246
24105,99.246
24106,99.246
24107,99.246
24108,99.246
24109,99.246
24110,99.246
24111,99.246
24112,99.246
24113,99.246
24114,99.246
24115,99.246
24116,99.246
24117,99.246
24118,99.246
24119,99.246
24120,99.246
24121,99.246
24122,99.246
24123,99.246
24124,99.246
24125,99.246
24126,99.246
24127,99.246
24128,99.246
24129,99.246
24130,99.246
24131,99.246
24132,99.246
24133,99.246
24134,99.246
24135,99.845
24136,99.845
24137,99.845
24138,99.845
24139,99.845
24140,99.845
24141,99.845
24142,99.845
24143,99.845
24144,99.845
24145,99.845
24146,99.845
24147,99.845
24148,99.845
24149,99.845
24150,99.845
24151,99.845
24152,99.845
24153,99.845
24154,99.845
24155,99.845
24156,99.845
24157,99.845
24158,99.845
24159,99.845
24160,99.845
24161,99.845
24162,99.845
24163,99.845
24164,99.845
24165,99.845
24166,99.845
24167,99.845
24168,99.845
24169,99.845
24170,99.845
24171,99.845
24172,99.845
24173,99.845
24174,99.845
24175,99.845
24176,99.845
24177,99.845
24178,99.845
24179,99.845
24180,99.845
24181,99.845
24182,99.845
24183,99.845
24184,99.845
24185,99.845
24186,99.845
24187,99.845
24188,99.845
24189,99.845
24190,99.845
24191,99.845
24192,99.845
24193,99.845
24194,99.845
24195,99.845
24196,99.845
24197,99.845
24198,99.845
24199,99.845
24200,99.845
24201,99.845
24202,99.845
24203,99.845
24204,99.845
24205,99.845
24206,99.845
24207,99.845
24208,99.845
24209,99.845
24210,99.845
24211,99.845
24212,99.845
24213,99.845
24214,99.845
24215,99.845
24216,99.845
24217,99.845
24218,99.845
24219,99.845
24220,99.845
24221,99.845
24222,99.845
24223,99.845
24224,99.845
24225,99.845
24226,99.845
24227,99.845
24228,99.845
24229,99.845
24230,99.845
24231,99.845
24232,99.845
24233,99.845
24234,99.845
24235,99.845
24236,99.845
24237,99.845
24238,99.845
24239,99.845
24240,99.845
24241,99.845
24242,99.845
24243,99.845
24244,99.845
24245,99.845
24246,99.845
24247,99.845
24248,99.845
24249,99.845
24250,99.845
24251,99.845
24252,99.845
24253,99.845
24254,99.845
24255,99.845
24256,99.845
24257,99.845
24258,99.845
24259,99.845
24260,99.845
24261,99.845
24262,99.845
24263,99.845
24264,99.845
24265,99.845
24266,99.845
24267,99.845
24268,99.845
24269,99.845
24270,99.845
24271,99.845
24272,99.845
24273,99.845
24274,99.845
24275,99.845
24276,99.845
24277,99.845
24278,99.845
24279,99.845
24280,99.845
24281,99.845
24282,99.845
24283,99.845
24284,99.845
24285,99.845
24286,99.845
24287,99.845
24288,99.845
24289,99.845
24290,99.845
24291,99.845
24292,99.845
24293,99.845
24294,99.845
24295,99.845
24296,99.845
24297,99.845
24298,99.845
24299,99.845
24300,99.845
24301,99.845
24302,99.845
24303,99.845
24304,99.845
24305,99.845
24306,99.845
24307,99.845
24308,99.845
24309,99.845
24310,99.845
24311,99.845
24312,99.845
24313,99.845
24314,99.845
24315,99.845
24316,99.845
24317,99.845
24318,99.845
24319,99.845
24320,99.845
24321,99.845
24322,99.845
24323,99.845
24324,99.845
24325,99.845
24326,99.845
24327,99.845
24328,99.845
24329,99.845
24330,99.845
24331,99.845
24332,99.845
24333,99.845
24334,99.845
24335,99.518
24336,99.518
24337,99.518
24338,99.518
24339,99.518
24340,99.518
24341,99.518
24342,99.518
24343,99.518
24344,99.518
24345,99.518
24346,99.518
24347,99.518
24348,99.518
24349,99.518
24350,99.518
24351,99.518
24352,99.518
24353,99.518
24354,99.518
24355,99.518
24356,99.518
24357,99.518
24358,99.518
24359,99.518
24360,99.518
24361,99.518
24362,99.518
24363,99.518
24364,99.518
24365,99.518
24366,99.518
24367,99.518
24368,99.518
24369,99.518
24370,99.518
24371,99.518
24372,99.518
24373,99.518
24374,99.518
24375,99.518
24376,99.518
24377,99.518
24378,99.518
24379,99.518
24380,99.518
24381,99.518
24382,99.518
24383,99.518
24384,99.518
24385,99.518
24386,99.518
24387,99.518
24388,99.518
24389,99.518
24390,99.518
24391,99.518
24392,99.518
24393,99.518
24394,99.518
24395,99.518
24396,99.518
24397,99.518
24398,99.518
24399,99.518
24400,99.518
24401,99.518
24402,99.518
24403,99.518
24404,99.518
24405,99.518
24406,99.518
24407,99.518
24408,99.518
24409,99.518
24410,99.518
24411,99.518
24412,99.518
24413,99.518
24414,99.518
24415,99.518
24416,99.518
24417,99.518
24418,99.518
24419,99.518
24420,99.518
24421,99.518
24422,99.518
24423,99.518
24424,99.518
24425,99.518
24426,99.518
24427,99.518
24428,99.518
24429,99.518
24430,99.518
24431,99.518
24432,99.518
24433,99.518
24434,99.518
24435,101.492
24436,101.492
24437,101.492
24438,101.492
24439,101.492
24440,101.492
24441,101.492
24442,101.492
24443,101.492
24444,101.492
24445,101.492
24446,101.492
24447,101.492
24448,101.492
24449,101.492
24450,101.492
24451,101.492
24452,101.492
24453,101.492
24454,101.492
24455,101.492
24456,101.492
24457,101.492
24458,101.492
24459,101.492
24460,101.492
24461,101.492
24462,101.492
24463,101.492
24464,101.492
24465,101.492
24466,101.492
24467,101.492
24468,101.492
24469,101.492
24470,101.492
24471,101.492
24472,101.492
24473,101.492
24474,101.492
24475,101.492
24476,101.492
24477,101.492
24478,101.492
24479,101.492
24480,101.492
24481,101.492
24482,101.492
24483,101.492
24484,101.492
24485,101.492
24486,101.492
24487,101.492
24488,101.492
24489,101.492
24490,101.492
24491,101.492
24492,101.492
24493,101.492
24494,101.492
24495,101.492
24496,101.492
24497,101.492
24498,101.492
24499,101.492
24500,101.492
24501,101.492
24502,101.492
24503,101.492
24504,101.492
24505,101.492
24506,101.492
24507,101.492
24508,101.492
24509,101.492
24510,101.492
24511,101.492
24512,101.492
24513,101.492
24514,101.492
24515,101.492
24516,101.492
24517,101.492
24518,101.492
24519,101.492
24520,101.492
24521,101.492
24522,101.492
24523,101.492
24524,101.492
24525,101.492
24526,101.492
24527,101.492
24528,101.492
24529,101.492
24530,101.492
24531,101.492
24532,101.492
24533,101.492
24534,101.492
24535,100.894
24536,100.894
24537,100.894
24538,100.894
24539,100.894
24540,100.894
24541,100.894
24542,100.894
24543,100.894
24544,100.894
24545,100.894
24546,100.894
24547,100.894
24548,100.894
24549,100.894
24550,100.894
24551,100.894
24552,100.894
24553,100.894
24554,100.894
24555,100.894
24556,100.894
24557,100.894
24558,100.894
24559,100.894
24560,100.894
24561,100.894
24562,100.894
24563,100.894
24564,100.894
24565,100.894
24566,100.894
24567,100.894
24568,100.894
24569,100.894
24570,100.894
24571,100.894
24572,100.894
24573,100.894
24574,100.894
24575,100.894
24576,100.894
24577,100.894
24578,100.894
24579,100.894
24580,100.894
24581,100.894
24582,100.894
24583,100.894
24584,100.894
24585,100.894
24586,100.894
24587,100.894
24588,100.894
24589,100.894
24590,100.894
24591,100.894
24592,100.894
24593,100.894
24594,100.894
24595,100.894
24596,100.894
24597,100.894
24598,100.894
24599,100.894
24600,100.894
24601,100.894
24602,100.894
24603,100.894
24604,100.894
24605,100.894
24606,100.894
24607,100.894
24608,100.894
24609,100.894
24610,100.894
24611,100.894
24612,100.894
24613,100.894
24614,100.894
24615,100.894
24616,100.894
24617,100.894
24618,100.894
24619,100.894
24620,100.894
24621,100.894
24622,100.894
24623,100.894
24624,100.894
24625,100.894
24626,100.894
24627,100.894
24628,100.894
24629,100.894
24630,100.894
24631,100.894
24632,100.894
24633,100.894
24634,100.894
24635,99.416
24636,99.416
24637,99.416
24638,99.416
24639,99.416
24640,99.416
24641,99.416
24642,99.416
24643,99.416
24644,99.416
24645,99.416
24646,99.416
24647,99.416
24648,99.416
24649,99.416
24650,99.416
24651,99.416
24652,99.416
24653,99.416
24654,99.416
24655,99.416
24656,99.416
24657,99.416
24658,99.416
24659,99.416
24660,99.416
24661,99.416
24662,99.416
24663,99.416
24664,99.416
24665,99.416
24666,99.416
24667,99.416
24668,99.416
24669,99.416
24670,99.416
24671,99.416
24672,99.416
24673,99.416
24674,99.416
24675,99.416
24676,99.416
24677,99.416
24678,99.416
24679,99.416
24680,99.416
24681,99.416
24682,99.416
24683,99.416
24684,99.416
24685,99.416
24686,99.416
24687,99.416
24688,99.416
24689,99.416
24690,99.416
24691,99.416
24692,99.416
24693,99.416
24694,99.416
24695,99.416
24696,99.416
24697,99.416
24698,99.416
24699,99.416
24700,99.416
24701,99.416
24702,99.416
24703,99.416
24704,99.416
24705,99.416
24706,99.416
24707,99.416
24708,99.416
24709,99.416
24710,99.416
24711,99.416
24712,99.416
24713,99.416
24714,99.416
24715,99.416
24716,99.416
24717,99.416
24718,99.416
24719,99.416
24720,99.416
24721,99.416
24722,99.416
24723,99.416
24724,99.416
24725,99.416
24726,99.416
24727,99.416
24728,99.416
24729,99.416
24730,99.416
24731,99.416
24732,99.416
24733,99.416
24734,99.416
24735,99.144
24736,99.144
24737,99.144
24738,99.144
24739,99.144
24740,99.144
24741,99.144
24742,99.144
24743,99.144
24744,99.144
24745,99.144
24746,99.144
24747,99.144
24748,99.144
24749,99.144
24750,99.144
24751,99.144
24752,99.144
24753,99.144
24754,99.144
24755,99.144
24756,99.144
24757,99.144
24758,99.144
24759,99.144
24760,99.144
24761,99.144
24762,99.144
24763,99.144
24764,99.144
24765,99.144
24766,99.144
24767,99.144
24768,99.144
24769,99.144
24770,99.144
24771,99.144
24772,99.144
24773,99.144
24774,99.144
24775,99.144
24776,99.144
24777,99.144
24778,99.144
24779,99.144
24780,99.144
24781,99.144
24782,99.144
24783,99.144
24784,99.144
24785,99.144
24786,99.144
24787,99.144
24788,99.144
24789,99.144
24790,99.144
24791,99.144
24792,99.144
24793,99.144
24794,99.144
24795,99.144
24796,99.144
24797,99.144
24798,99.144
24799,99.144
24800,99.144
24801,99.144
24802,99.144
24803,99.144
24804,99.144
24805,99.144
24806,99.144
24807,99.144
24808,99.144
24809,99.144
24810,99.144
24811,99.144
24812,99.144
24813,99.144
24814,99.144
24815,99.144
24816,99.144
24817,99.144
24818,99.144
24819,99.144
24820,99.144
24821,99.144
24822,99.144
24823,99.144
24824,99.144
24825,99.144
24826,99.144
24827,99.144
24828,99.144
24829,99.144
24830,99.144
24831,99.144
24832,99.144
24833,99.144
24834,99.144
24835,99.144
24836,99.144
24837,99.144
24838,99.144
24839,99.144
24840,99.144
24841,99.144
24842,99.144
24843,99.144
24844,99.144
24845,99.144
24846,99.144
24847,99.144
24848,99.144
24849,99.144
24850,99.144
24851,99.144
24852,99.144
24853,99.144
24854,99.144
24855,99.144
24856,99.144
24857,99.144
24858,99.144
24859,99.144
24860,99.144
24861,99.144
24862,99.144
24863,99.144
24864,99.144
24865,99.144
24866,99.144
24867,99.144
24868,99.144
24869,99.144
24870,99.144
24871,99.144
24872,99.144
24873,99.144
24874,99.144
24875,99.144
24876,99.144
24877,99.144
24878,99.144
24879,99.144
24880,99.144
24881,99.144
24882,99.144
24883,99.144
24884,99.144
24885,99.144
24886,99.144
24887,99.144
24888,99.144
24889,99.144
24890,99.144
24891,99.144
24892,99.144
24893,99.144
24894,99.144
24895,99.144
24896,99.144
24897,99.144
24898,99.144
24899,99.144
24900,99.144
24901,99.144
24902,99.144
24903,99.144
24904,99.144
24905,99.144
24906,99.144
24907,99.144
24908,99.144
24909,99.144
24910,99.144
24911,99.144
24912,99.144
24913,99.144
24914,99.144
24915,99.144
24916,99.144
24917,99.144
24918,99.144
24919,99.144
24920,99.144
24921,99.144
24922,99.144
24923,99.144
24924,99.144
24925,99.144
24926,99.144
24927,99.144
24928,99.144
24929,99.144
24930,99.144
24931,99.144
24932,99.144
24933,99.144
24934,99.144
24935,100.015
24936,100.015
24937,100.015
24938,100.015
24939,100.015
24940,100.015
24941,100.015
24942,100.015
24943,100.015
24944,100.015
24945,100.015
24946,100.015
24947,100.015
24948,100.015
24949,100.015
24950,100.015
24951,100.015
24952,100.015
24953,100.015
24954,100.015
24955,100.015
24956,100.015
24957,100.015
24958,100.015
24959,100.015
24960,100.015
24961,100.015
24962,100.015
24963,100.015
24964,100.015
24965,100.015
24966,100.015
24967,100.015
24968,100.015
24969,100.015
24970,100.015
24971,100.015
24972,100.015
24973,100.015
24974,100.015
24975,100.015
24976,100.015
24977,100.015
24978,100.015
24979,100.015
24980,100.015
24981,100.015
24982,100.015
24983,100.015
24984,100.015
24985,100.015
24986,100.015
24987,100.015
24988,100.015
24989,100.015
24990,100.015
24991,100.015
24992,100.015
24993,100.015
24994,100.015
24995,100.015
24996,100.015
24997,100.015
24998,100.015
24999,100.015
25000,100.015
25001,100.015
25002,100.015
25003,100.015
25004,100.015
25005,100.015
25006,100.015
25007,100.015
25008,100.015
25009,100.015
25010,100.015
25011,100.015
25012,100.015
25013,100.015
25014,100.015
25015,100.015
25016,100.015
25017,100.015
25018,100.015
25019,100.015
25020,100.015
25021,100.015
25022,100.015
25023,100.015
25024,100.015
25025,100.015
25026,100.015
25027,100.015
25028,100.015
25029,100.015
25030,100.015
25031,100.015
25032,100.015
25033,100.015
25034,100.015
25035,99.144
25036,99.144
25037,99.144
25038,99.144
25039,99.144
25040,99.144
25041,99.144
25042,99.144
25043,99.144
25044,99.144
25045,99.144
25046,99.144
25047,99.144
25048,99.144
25049,99.144
25050,99.144
25051,99.144
25052,99.144
25053,99.144
25054,99.144
25055,99.144
25056,99.144
25057,99.144
25058,99.144
25059,99.144
25060,99.144
25061,99.144
25062,99.144
25063,99.144
25064,99.144
25065,99.144
25066,99.144
25067,99.144
25068,99.144
25069,99.144
25070,99.144
25071,99.144
25072,99.144
25073,99.144
25074,99.144
25075,99.144
25076,99.144
25077,99.144
25078,99.144
25079,99.144
25080,99.144
25081,99.144
25082,99.144
25083,99.144
25084,99.144
25085,99.144
25086,99.144
25087,99.144
25088,99.144
25089,99.144
25090,99.144
25091,99.144
25092,99.144
25093,99.144
25094,99.144
25095,99.144
25096,99.144
25097,99.144
25098,99.144
25099,99.144
25100,99.144
25101,99.144
25102,99.144
25103,99.144
25104,99.144
25105,99.144
25106,99.144
25107,99.144
25108,99.144
25109,99.144
25110,99.144
25111,99.144
25112,99.144
25113,99.144
25114,99.144
25115,99.144
25116,99.144
25117,99.144
25118,99.144
25119,99.144
25120,99.144
25121,99.144
25122,99.144
25123,99.144
25124,99.144
25125,99.144
25126,99.144
25127,99.144
25128,99.144
25129,99.144
25130,99.144
25131,99.144
25132,99.144
25133,99.144
25134,99.144
25135,99.144
25136,99.743
25137,99.743
25138,99.743
25139,99.743
25140,99.743
25141,99.743
25142,99.743
25143,99.743
25144,99.743
25145,99.743
25146,99.743
25147,99.743
25148,99.743
25149,99.743
25150,99.743
25151,99.743
25152,99.743
25153,99.743
25154,99.743
25155,99.743
25156,99.743
25157,99.743
25158,99.743
25159,99.743
25160,99.743
25161,99.743
25162,99.743
25163,99.743
25164,99.743
25165,99.743
25166,99.743
25167,99.743
25168,99.743
25169,99.743
25170,99.743
25171,99.743
25172,99.743
25173,99.743
25174,99.743
25175,99.743
25176,99.743
25177,99.743
25178,99.743
25179,99.743
25180,99.743
25181,99.743
25182,99.743
25183,99.743
25184,99.743
25185,99.743
25186,99.743
25187,99.743
25188,99.743
25189,99.743
25190,99.743
25191,99.743
25192,99.743
25193,99.743
25194,99.743
25195,99.743
25196,99.743
25197,99.743
25198,99.743
25199,99.743
25200,99.743
25201,99.743
25202,99.743
25203,99.743
25204,99.743
25205,99.743
25206,99.743
25207,99.743
25208,99.743
25209,99.743
25210,99.743
25211,99.743
25212,99.743
25213,99.743
25214,99.743
25215,99.743
25216,99.743
25217,99.743
25218,99.743
25219,99.743
25220,99.743
25221,99.743
25222,99.743
25223,99.743
25224,99.743
25225,99.743
25226,99.743
25227,99.743
25228,99.743
25229,99.743
25230,99.743
25231,99.743
25232,99.743
25233,99.743
25234,99.743
25235,101.22
25236,101.22
25237,101.22
25238,101.22
25239,101.22
25240,101.22
25241,101.22
25242,101.22
25243,101.22
25244,101.22
25245,101.22
25246,101.22
25247,101.22
25248,101.22
25249,101.22
25250,101.22
25251,101.22
25252,101.22
25253,101.22
25254,101.22
25255,101.22
25256,101.22
25257,101.22
25258,101.22
25259,101.22
25260,101.22
25261,101.22
25262,101.22
25263,101.22
25264,101.22
25265,101.22
25266,101.22
25267,101.22
25268,101.22
25269,101.22
25270,101.22
25271,101.22
25272,101.22
25273,101.22
25274,101.22
25275,101.22
25276,101.22
25277,101.22
25278,101.22
25279,101.22
25280,101.22
25281,101.22
25282,101.22
25283,101.22
25284,101.22
25285,101.22
25286,101.22
25287,101.22
25288,101.22
25289,101.22
25290,101.22
25291,101.22
25292,101.22
25293,101.22
25294,101.22
25295,101.22
25296,101.22
25297,101.22
25298,101.22
25299,101.22
25300,101.22
25301,101.22
25302,101.22
25303,101.22
25304,101.22
25305,101.22
25306,101.22
25307,101.22
25308,101.22
25309,101.22
25310,101.22
25311,101.22
25312,101.22
25313,101.22
25314,101.22
25315,101.22
25316,101.22
25317,101.22
25318,101.22
25319,101.22
25320,101.22
25321,101.22
25322,101.22
25323,101.22
25324,101.22
25325,101.22
25326,101.22
25327,101.22
25328,101.22
25329,101.22
25330,101.22
25331,101.22
25332,101.22
25333,101.22
25334,101.22
25335,101.324
25336,101.324
25337,101.324
25338,101.324
25339,101.324
25340,101.324
25341,101.324
25342,101.324
25343,101.324
25344,101.324
25345,101.324
25346,101.324
25347,101.324
25348,101.324
25349,101.324
25350,101.324
25351,101.324
25352,101.324
25353,101.324
25354,101.324
25355,101.324
25356,101.324
25357,101.324
25358,101.324
25359,101.324
25360,101.324
25361,101.324
25362,101.324
25363,101.324
25364,101.324
25365,101.324
25366,101.324
25367,101.324
25368,101.324
25369,101.324
25370,101.324
25371,101.324
25372,101.324
25373,101.324
25374,101.324
25375,101.324
25376,101.324
25377,101.324
25378,101.324
25379,101.324
25380,101.324
25381,101.324
25382,101.324
25383,101.324
25384,101.324
25385,101.324
25386,101.324
25387,101.324
25388,101.324
25389,101.324
25390,101.324
25391,101.324
25392,101.324
25393,101.324
25394,101.324
25395,101.324
25396,101.324
25397,101.324
25398,101.324
25399,101.324
25400,101.324
25401,101.324
25402,101.324
25403,101.324
25404,101.324
25405,101.324
25406,101.324
25407,101.324
25408,101.324
25409,101.324
25410,101.324
25411,101.324
25412,101.324
25413,101.324
25414,101.324
25415,101.324
25416,101.324
25417,101.324
25418,101.324
25419,101.324
25420,101.324
25421,101.324
25422,101.324
25423,101.324
25424,101.324
25425,101.324
25426,101.324
25427,101.324
25428,101.324
25429,101.324
25430,101.324
25431,101.324
25432,101.324
25433,101.324
25434,101.324
25435,101.324
25436,99.845
25437,99.845
25438,99.845
25439,99.845
25440,99.845
25441,99.845
25442,99.845
25443,99.845
25444,99.845
25445,99.845
25446,99.845
25447,99.845
25448,99.845
25449,99.845
25450,99.845
25451,99.845
25452,99.845
25453,99.845
25454,99.845
25455,99.845
25456,99.845
25457,99.845
25458,99.845
25459,99.845
25460,99.845
25461,99.845
25462,99.845
25463,99.845
25464,99.845
25465,99.845
25466,99.845
25467,99.845
25468,99.845
25469,99.845
25470,99.845
25471,99.845
25472,99.845
25473,99.845
25474,99.845
25475,99.845
25476,99.845
25477,99.845
25478,99.845
25479,99.845
25480,99.845
25481,99.845
25482,99.845
25483,99.845
25484,99.845
25485,99.845
25486,99.845
25487,99.845
25488,99.845
25489,99.845
25490,99.845
25491,99.845
25492,99.845
25493,99.845
25494,99.845
25495,99.845
25496,99.845
25497,99.845
25498,99.845
25499,99.845
25500,99.845
25501,99.845
25502,99.845
25503,99.845
25504,99.845
25505,99.845
25506,99.845
25507,99.845
25508,99.845
25509,99.845
25510,99.845
25511,99.845
25512,99.845
25513,99.845
25514,99.845
25515,99.845
25516,99.845
25517,99.845
25518,99.845
25519,99.845
25520,99.845
25521,99.845
25522,99.845
25523,99.845
25524,99.845
25525,99.845
25526,99.845
25527,99.845
25528,99.845
25529,99.845
25530,99.845
25531,99.845
25532,99.845
25533,99.845
25534,99.845
25535,99.845
25536,98.966
25537,98.966
25538,98.966
25539,98.966
25540,98.966
25541,98.966
25542,98.966
25543,98.966
25544,98.966
25545,98.966
25546,98.966
25547,98.966
25548,98.966
25549,98.966
25550,98.966
25551,98.966
25552,98.966
25553,98.966
25554,98.966
25555,98.966
25556,98.966
25557,98.966
25558,98.966
25559,98.966
25560,98.966
25561,98.966
25562,98.966
25563,98.966
25564,98.966
25565,98.966
25566,98.966
25567,98.966
25568,98.966
25569,98.966
25570,98.966
25571,98.966
25572,98.966
25573,98.966
25574,98.966
25575,98.966
25576,98.966
25577,98.966
25578,98.966
25579,98.966
25580,98.966
25581,98.966
25582,98.966
25583,98.966
25584,98.966
25585,98.966
25586,98.966
25587,98.966
25588,98.966
25589,98.966
25590,98.966
25591,98.966
25592,98.966
25593,98.966
25594,98.966
25595,98.966
25596,98.966
25597,98.966
25598,98.966
25599,98.966
25600,98.966
25601,98.966
25602,98.966
25603,98.966
25604,98.966
25605,98.966
25606,98.966
25607,98.966
25608,98.966
25609,98.966
25610,98.966
25611,98.966
25612,98.966
25613,98.966
25614,98.966
25615,98.966
25616,98.966
25617,98.966
25618,98.966
25619,98.966
25620,98.966
25621,98.966
25622,98.966
25623,98.966
25624,98.966
25625,98.966
25626,98.966
25627,98.966
25628,98.966
25629,98.966
25630,98.966
25631,98.966
25632,98.966
25633,98.966
25634,98.966
25635,98.966
25636,99.518
25637,99.518
25638,99.518
25639,99.518
25640,99.518
25641,99.518
25642,99.518
25643,99.518
25644,99.518
25645,99.518
25646,99.518
25647,99.518
25648,99.518
25649,99.518
25650,99.518
25651,99.518
25652,99.518
25653,99.518
25654,99.518
25655,99.518
25656,99.518
25657,99.518
25658,99.518
25659,99.518
25660,99.518
25661,99.518
25662,99.518
25663,99.518
25664,99.518
25665,99.518
25666,99.518
25667,99.518
25668,99.518
25669,99.518
25670,99.518
25671,99.518
25672,99.518
25673,99.518
25674,99.518
25675,99.518
25676,99.518
25677,99.518
25678,99.518
25679,99.518
25680,99.518
25681,99.518
25682,99.518
25683,99.518
25684,99.518
25685,99.518
25686,99.518
25687,99.518
25688,99.518
25689,99.518
25690,99.518
25691,99.518
25692,99.518
25693,99.518
25694,99.518
25695,99.518
25696,99.518
25697,99.518
25698,99.518
25699,99.518
25700,99.518
25701,99.518
25702,99.518
25703,99.518
25704,99.518
25705,99.518
25706,99.518
25707,99.518
25708,99.518
25709,99.518
25710,99.518
25711,99.518
25712,99.518
25713,99.518
25714,99.518
25715,99.518
25716,99.518
25717,99.518
25718,99.518
25719,99.518
25720,99.518
25721,99.518
25722,99.518
25723,99.518
25724,99.518
25725,99.518
25726,99.518
25727,99.518
25728,99.518
25729,99.518
25730,99.518
25731,99.518
25732,99.518
25733,99.518
25734,99.518
25735,99.518
25736,99.246
25737,99.246
25738,99.246
25739,99.246
25740,99.246
25741,99.246
25742,99.246
25743,99.246
25744,99.246
25745,99.246
25746,99.246
25747,99.246
25748,99.246
25749,99.246
25750,99.246
25751,99.246
25752,99.246
25753,99.246
25754,99.246
25755,99.246
25756,99.246
25757,99.246
25758,99.246
25759,99.246
25760,99.246
25761,99.246
25762,99.246
25763,99.246
25764,99.246
25765,99.246
25766,99.246
25767,99.246
25768,99.246
25769,99.246
25770,99.246
25771,99.246
25772,99.246
25773,99.246
25774,99.246
25775,99.246
25776,99.246
25777,99.246
25778,99.246
25779,99.246
25780,99.246
25781,99.246
25782,99.246
25783,99.246
25784,99.246
25785,99.246
25786,99.246
25787,99.246
25788,99.246
25789,99.246
25790,99.246
25791,99.246
25792,99.246
25793,99.246
25794,99.246
25795,99.246
25796,99.246
25797,99.246
25798,99.246
25799,99.246
25800,99.246
25801,99.246
25802,99.246
25803,99.246
25804,99.246
25805,99.246
25806,99.246
25807,99.246
25808,99.246
25809,99.246
25810,99.246
25811,99.246
25812,99.246
25813,99.246
25814,99.246
25815,99.246
25816,99.246
25817,99.246
25818,99.246
25819,99.246
25820,99.246
25821,99.246
25822,99.246
25823,99.246
25824,99.246
25825,99.246
25826,99.246
25827,99.246
25828,99.246
25829,99.246
25830,99.246
25831,99.246
25832,99.246
25833,99.246
25834,99.246
25835,99.246
25836,99.518
25837,99.518
25838,99.518
25839,99.518
25840,99.518
25841,99.518
25842,99.518
25843,99.518
25844,99.518
25845,99.518
25846,99.518
25847,99.518
25848,99.518
25849,99.518
25850,99.518
25851,99.518
25852,99.518
25853,99.518
25854,99.518
25855,99.518
25856,99.518
25857,99.518
25858,99.518
25859,99.518
25860,99.518
25861,99.518
25862,99.518
25863,99.518
25864,99.518
25865,99.518
25866,99.518
25867,99.518
25868,99.518
25869,99.518
25870,99.518
25871,99.518
25872,99.518
25873,99.518
25874,99.518
25875,99.518
25876,99.518
25877,99.518
25878,99.518
25879,99.518
25880,99.518
25881,99.518
25882,99.518
25883,99.518
25884,99.518
25885,99.518
25886,99.518
25887,99.518
25888,99.518
25889,99.518
25890,99.518
25891,99.518
25892,99.518
25893,99.518
25894,99.518
25895,99.518
25896,99.518
25897,99.518
25898,99.518
25899,99.518
25900,99.518
25901,99.518
25902,99.518
25903,99.518
25904,99.518
25905,99.518
25906,99.518
25907,99.518
25908,99.518
25909,99.518
25910,99.518
25911,99.518
25912,99.518
25913,99.518
25914,99.518
25915,99.518
25916,99.518
25917,99.518
25918,99.518
25919,99.518
25920,99.518
25921,99.518
25922,99.518
25923,99.518
25924,99.518
25925,99.518
25926,99.518
25927,99.518
25928,99.518
25929,99.518
25930,99.518
25931,99.518
25932,99.518
25933,99.518
25934,99.518
25935,100.118
25936,100.118
25937,100.118
25938,100.118
25939,100.118
25940,100.118
25941,100.118
25942,100.118
25943,100.118
25944,100.118
25945,100.118
25946,100.118
25947,100.118
25948,100.118
25949,100.118
25950,100.118
25951,100.118
25952,100.118
25953,100.118
25954,100.118
25955,100.118
25956,100.118
25957,100.118
25958,100.118
25959,100.118
25960,100.118
25961,100.118
25962,100.118
25963,100.118
25964,100.118
25965,100.118
25966,100.118
25967,100.118
25968,100.118
25969,100.118
25970,100.118
25971,100.118
25972,100.118
25973,100.118
25974,100.118
25975,100.118
25976,100.118
25977,100.118
25978,100.118
25979,100.118
25980,100.118
25981,100.118
25982,100.118
25983,100.118
25984,100.118
25985,100.118
25986,100.118
25987,100.118
25988,100.118
25989,100.118
25990,100.118
25991,100.118
25992,100.118
25993,100.118
25994,100.118
25995,100.118
25996,100.118
25997,100.118
25998,100.118
25999,100.118
26000,100.118
26001,100.118
26002,100.118
26003,100.118
26004,100.118
26005,100.118
26006,100.118
26007,100.118
26008,100.118
26009,100.118
26010,100.118
26011,100.118
26012,100.118
26013,100.118
26014,100.118
26015,100.118
26016,100.118
26017,100.118
26018,100.118
26019,100.118
26020,100.118
26021,100.118
26022,100.118
26023,100.118
26024,100.118
26025,100.118
26026,100.118
26027,100.118
26028,100.118
26029,100.118
26030,100.118
26031,100.118
26032,100.118
26033,100.118
26034,100.118
26035,100.118
26036,100.118
26037,100.118
26038,100.118
26039,100.118
26040,100.118
26041,100.118
26042,100.118
26043,100.118
26044,100.118
26045,100.118
26046,100.118
26047,100.118
26048,100.118
26049,100.118
26050,100.118
26051,100.118
26052,100.118
26053,100.118
26054,100.118
26055,100.118
26056,100.118
26057,100.118
26058,100.118
26059,100.118
26060,100.118
26061,100.118
26062,100.118
26063,100.118
26064,100.118
26065,100.118
26066,100.118
26067,100.118
26068,100.118
26069,100.118
26070,100.118
26071,100.118
26072,100.118
26073,100.118
26074,100.118
26075,100.118
26076,100.118
26077,100.118
26078,100.118
26079,100.118
26080,100.118
26081,100.118
26082,100.118
26083,100.118
26084,100.118
26085,100.118
26086,100.118
26087,100.118
26088,100.118
26089,100.118
26090,100.118
26091,100.118
26092,100.118
26093,100.118
26094,100.118
26095,100.118
26096,100.118
26097,100.118
26098,100.118
26099,100.118
26100,100.118
26101,100.118
26102,100.118
26103,100.118
26104,100.118
26105,100.118
26106,100.118
26107,100.118
26108,100.118
26109,100.118
26110,100.118
26111,100.118
26112,100.118
26113,100.118
26114,100.118
26115,100.118
26116,100.118
26117,100.118
26118,100.118
26119,100.118
26120,100.118
26121,100.118
26122,100.118
26123,100.118
26124,100.118
26125,100.118
26126,100.118
26127,100.118
26128,100.118
26129,100.118
26130,100.118
26131,100.118
26132,100.118
26133,100.118
26134,100.118
26135,100.118
26136,101.324
26137,101.324
26138,101.324
26139,101.324
26140,101.324
26141,101.324
26142,101.324
26143,101.324
26144,101.324
26145,101.324
26146,101.324
26147,101.324
26148,101.324
26149,101.324
26150,101.324
26151,101.324
26152,101.324
26153,101.324
26154,101.324
26155,101.324
26156,101.324
26157,101.324
26158,101.324
26159,101.324
26160,101.324
26161,101.324
26162,101.324
26163,101.324
26164,101.324
26165,101.324
26166,101.324
26167,101.324
26168,101.324
26169,101.324
26170,101.324
26171,101.324
26172,101.324
26173,101.324
26174,101.324
26175,101.324
26176,101.324
26177,101.324
26178,101.324
26179,101.324
26180,101.324
26181,101.324
26182,101.324
26183,101.324
26184,101.324
26185,101.324
26186,101.324
26187,101.324
26188,101.324
26189,101.324
26190,101.324
26191,101.324
26192,101.324
26193,101.324
26194,101.324
26195,101.324
26196,101.324
26197,101.324
26198,101.324
26199,101.324
26200,101.324
26201,101.324
26202,101.324
26203,101.324
26204,101.324
26205,101.324
26206,101.324
26207,101.324
26208,101.324
26209,101.324
26210,101.324
26211,101.324
26212,101.324
26213,101.324
26214,101.324
26215,101.324
26216,101.324
26217,101.324
26218,101.324
26219,101.324
26220,101.324
26221,101.324
26222,101.324
26223,101.324
26224,101.324
26225,101.324
26226,101.324
26227,101.324
26228,101.324
26229,101.324
26230,101.324
26231,101.324
26232,101.324
26233,101.324
26234,101.324
26235,101.324
26236,101.324
26237,100.118
26238,100.118
26239,100.118
26240,100.118
26241,100.118
26242,100.118
26243,100.118
26244,100.118
26245,100.118
26246,100.118
26247,100.118
26248,100.118
26249,100.118
26250,100.118
26251,100.118
26252,100.118
26253,100.118
26254,100.118
26255,100.118
26256,100.118
26257,100.118
26258,100.118
26259,100.118
26260,100.118
26261,100.118
26262,100.118
26263,100.118
26264,100.118
26265,100.118
26266,100.118
26267,100.118
26268,100.118
26269,100.118
26270,100.118
26271,100.118
26272,100.118
26273,100.118
26274,100.118
26275,100.118
26276,100.118
26277,100.118
26278,100.118
26279,100.118
26280,100.118
26281,100.118
26282,100.118
26283,100.118
26284,100.118
26285,100.118
26286,100.118
26287,100.118
26288,100.118
26289,100.118
26290,100.118
26291,100.118
26292,100.118
26293,100.118
26294,100.118
26295,100.118
26296,100.118
26297,100.118
26298,100.118
26299,100.118
26300,100.118
26301,100.118
26302,100.118
26303,100.118
26304,100.118
26305,100.118
26306,100.118
26307,100.118
26308,100.118
26309,100.118
26310,100.118
26311,100.118
26312,100.118
26313,100.118
26314,100.118
26315,100.118
26316,100.118
26317,100.118
26318,100.118
26319,100.118
26320,100.118
26321,100.118
26322,100.118
26323,100.118
26324,100.118
26325,100.118
26326,100.118
26327,100.118
26328,100.118
26329,100.118
26330,100.118
26331,100.118
26332,100.118
26333,100.118
26334,100.118
26335,100.118
26336,100.118
26337,98.966
26338,98.966
26339,98.966
26340,98.966
26341,98.966
26342,98.966
26343,98.966
26344,98.966
26345,98.966
26346,98.966
26347,98.966
26348,98.966
26349,98.966
26350,98.966
26351,98.966
26352,98.966
26353,98.966
26354,98.966
26355,98.966
26356,98.966
26357,98.966
26358,98.966
26359,98.966
26360,98.966
26361,98.966
26362,98.966
26363,98.966
26364,98.966
26365,98.966
26366,98.966
26367,98.966
26368,98.966
26369,98.966
26370,98.966
26371,98.966
26372,98.966
26373,98.966
26374,98.966
26375,98.966
26376,98.966
26377,98.966
26378,98.966
26379,98.966
26380,98.966
26381,98.966
26382,98.966
26383,98.966
26384,98.966
26385,98.966
26386,98.966
26387,98.966
26388,98.966
26389,98.966
26390,98.966
26391,98.966
26392,98.966
26393,98.966
26394,98.966
26395,98.966
26396,98.966
26397,98.966
26398,98.966
26399,98.966
26400,98.966
26401,98.966
26402,98.966
26403,98.966
26404,98.966
26405,98.966
26406,98.966
26407,98.966
26408,98.966
26409,98.966
26410,98.966
26411,98.966
26412,98.966
26413,98.966
26414,98.966
26415,98.966
26416,98.966
26417,98.966
26418,98.966
26419,98.966
26420,98.966
26421,98.966
26422,98.966
26423,98.966
26424,98.966
26425,98.966
26426,98.966
26427,98.966
26428,98.966
26429,98.966
26430,98.966
26431,98.966
26432,98.966
26433,98.966
26434,98.966
26435,98.966
26436,99.246
26437,99.246
26438,99.246
26439,99.246
26440,99.246
26441,99.246
26442,99.246
26443,99.246
26444,99.246
26445,99.246
26446,99.246
26447,99.246
26448,99.246
26449,99.246
26450,99.246
26451,99.246
26452,99.246
26453,99.246
26454,99.246
26455,99.246
26456,99.246
26457,99.246
26458,99.246
26459,99.246
26460,99.246
26461,99.246
26462,99.246
26463,99.246
26464,99.246
26465,99.246
26466,99.246
26467,99.246
26468,99.246
26469,99.246
26470,99.246
26471,99.246
26472,99.246
26473,99.246
26474,99.246
26475,99.246
26476,99.246
26477,99.246
26478,99.246
26479,99.246
26480,99.246
26481,99.246
26482,99.246
26483,99.246
26484,99.246
26485,99.246
26486,99.246
26487,99.246
26488,99.246
26489,99.246
26490,99.246
26491,99.246
26492,99.246
26493,99.246
26494,99.246
26495,99.246
26496,99.246
26497,99.246
26498,99.246
26499,99.246
26500,99.246
26501,99.246
26502,99.246
26503,99.246
26504,99.246
26505,99.246
26506,99.246
26507,99.246
26508,99.246
26509,99.246
26510,99.246
26511,99.246
26512,99.246
26513,99.246
26514,99.246
26515,99.246
26516,99.246
26517,99.246
26518,99.246
26519,99.246
26520,99.246
26521,99.246
26522,99.246
26523,99.246
26524,99.246
26525,99.246
26526,99.246
26527,99.246
26528,99.246
26529,99.246
26530,99.246
26531,99.246
26532,99.246
26533,99.246
26534,99.246
26535,99.246
26536,99.518
26537,99.518
26538,99.518
26539,99.518
26540,99.518
26541,99.518
26542,99.518
26543,99.518
26544,99.518
26545,99.518
26546,99.518
26547,99.518
26548,99.518
26549,99.518
26550,99.518
26551,99.518
26552,99.518
26553,99.518
26554,99.518
26555,99.518
26556,99.518
26557,99.518
26558,99.518
26559,99.518
26560,99.518
26561,99.518
26562,99.518
26563,99.518
26564,99.518
26565,99.518
26566,99.518
26567,99.518
26568,99.518
26569,99.518
26570,99.518
26571,99.518
26572,99.518
26573,99.518
26574,99.518
26575,99.518
26576,99.518
26577,99.518
26578,99.518
26579,99.518
26580,99.518
26581,99.518
26582,99.518
26583,99.518
26584,99.518
26585,99.518
26586,99.518
26587,99.518
26588,99.518
26589,99.518
26590,99.518
26591,99.518
26592,99.518
26593,99.518
26594,99.518
26595,99.518
26596,99.518
26597,99.518
26598,99.518
26599,99.518
26600,99.518
26601,99.518
26602,99.518
26603,99.518
26604,99.518
26605,99.518
26606,99.518
26607,99.518
26608,99.518
26609,99.518
26610,99.518
26611,99.518
26612,99.518
26613,99.518
26614,99.518
26615,99.518
26616,99.518
26617,99.518
26618,99.518
26619,99.518
26620,99.518
26621,99.518
26622,99.518
26623,99.518
26624,99.518
26625,99.518
26626,99.518
26627,99.518
26628,99.518
26629,99.518
26630,99.518
26631,99.518
26632,99.518
26633,99.518
26634,99.518
26635,99.518
26636,99.518
26637,99.518
26638,99.518
26639,99.518
26640,99.518
26641,99.518
26642,99.518
26643,99.518
26644,99.518
26645,99.518
26646,99.518
26647,99.518
26648,99.518
26649,99.518
26650,99.518
26651,99.518
26652,99.518
26653,99.518
26654,99.518
26655,99.518
26656,99.518
26657,99.518
26658,99.518
26659,99.518
26660,99.518
26661,99.518
26662,99.518
26663,99.518
26664,99.518
26665,99.518
26666,99.518
26667,99.518
26668,99.518
26669,99.518
26670,99.518
26671,99.518
26672,99.518
26673,99.518
26674,99.518
26675,99.518
26676,99.518
26677,99.518
26678,99.518
26679,99.518
26680,99.518
26681,99.518
26682,99.518
26683,99.518
26684,99.518
26685,99.518
26686,99.518
26687,99.518
26688,99.518
26689,99.518
26690,99.518
26691,99.518
26692,99.518
26693,99.518
26694,99.518
26695,99.518
26696,99.518
26697,99.518
26698,99.518
26699,99.518
26700,99.518
26701,99.518
26702,99.518
26703,99.518
26704,99.518
26705,99.518
26706,99.518
26707,99.518
26708,99.518
26709,99.518
26710,99.518
26711,99.518
26712,99.518
26713,99.518
26714,99.518
26715,99.518
26716,99.518
26717,99.518
26718,99.518
26719,99.518
26720,99.518
26721,99.518
26722,99.518
26723,99.518
26724,99.518
26725,99.518
26726,99.518
26727,99.518
26728,99.518
26729,99.518
26730,99.518
26731,99.518
26732,99.518
26733,99.518
26734,99.518
26735,99.518
26736,99.518
26737,99.518
26738,99.518
26739,99.518
26740,99.518
26741,99.518
26742,99.518
26743,99.518
26744,99.518
26745,99.518
26746,99.518
26747,99.518
26748,99.518
26749,99.518
26750,99.518
26751,99.518
26752,99.518
26753,99.518
26754,99.518
26755,99.518
26756,99.518
26757,99.518
26758,99.518
26759,99.518
26760,99.518
26761,99.518
26762,99.518
26763,99.518
26764,99.518
26765,99.518
26766,99.518
26767,99.518
26768,99.518
26769,99.518
26770,99.518
26771,99.518
26772,99.518
26773,99.518
26774,99.518
26775,99.518
26776,99.518
26777,99.518
26778,99.518
26779,99.518
26780,99.518
26781,99.518
26782,99.518
26783,99.518
26784,99.518
26785,99.518
26786,99.518
26787,99.518
26788,99.518
26789,99.518
26790,99.518
26791,99.518
26792,99.518
26793,99.518
26794,99.518
26795,99.518
26796,99.518
26797,99.518
26798,99.518
26799,99.518
26800,99.518
26801,99.518
26802,99.518
26803,99.518
26804,99.518
26805,99.518
26806,99.518
26807,99.518
26808,99.518
26809,99.518
26810,99.518
26811,99.518
26812,99.518
26813,99.518
26814,99.518
26815,99.518
26816,99.518
26817,99.518
26818,99.518
26819,99.518
26820,99.518
26821,99.518
26822,99.518
26823,99.518
26824,99.518
26825,99.518
26826,99.518
26827,99.518
26828,99.518
26829,99.518
26830,99.518
26831,99.518
26832,99.518
26833,99.518
26834,99.518
26835,99.518
26836,100.118
26837,100.118
26838,100.118
26839,100.118
26840,100.118
26841,100.118
26842,100.118
26843,100.118
26844,100.118
26845,100.118
26846,100.118
26847,100.118
26848,100.118
26849,100.118
26850,100.118
26851,100.118
26852,100.118
26853,100.118
26854,100.118
26855,100.118
26856,100.118
26857,100.118
26858,100.118
26859,100.118
26860,100.118
26861,100.118
26862,100.118
26863,100.118
26864,100.118
26865,100.118
26866,100.118
26867,100.118
26868,100.118
26869,100.118
26870,100.118
26871,100.118
26872,100.118
26873,100.118
26874,100.118
26875,100.118
26876,100.118
26877,100.118
26878,100.118
26879,100.118
26880,100.118
26881,100.118
26882,100.118
26883,100.118
26884,100.118
26885,100.118
26886,100.118
26887,100.118
26888,100.118
26889,100.118
26890,100.118
26891,100.118
26892,100.118
26893,100.118
26894,100.118
26895,100.118
26896,100.118
26897,100.118
26898,100.118
26899,100.118
26900,100.118
26901,100.118
26902,100.118
26903,100.118
26904,100.118
26905,100.118
26906,100.118
26907,100.118
26908,100.118
26909,100.118
26910,100.118
26911,100.118
26912,100.118
26913,100.118
26914,100.118
26915,100.118
26916,100.118
26917,100.118
26918,100.118
26919,100.118
26920,100.118
26921,100.118
26922,100.118
26923,100.118
26924,100.118
26925,100.118
26926,100.118
26927,100.118
26928,100.118
26929,100.118
26930,100.118
26931,100.118
26932,100.118
26933,100.118
26934,100.118
26935,100.118
26936,100.997
26937,100.997
26938,100.997
26939,100.997
26940,100.997
26941,100.997
26942,100.997
26943,100.997
26944,100.997
26945,100.997
26946,100.997
26947,100.997
26948,100.997
26949,100.997
26950,100.997
26951,100.997
26952,100.997
26953,100.997
26954,100.997
26955,100.997
26956,100.997
26957,100.997
26958,100.997
26959,100.997
26960,100.997
26961,100.997
26962,100.997
26963,100.997
26964,100.997
26965,100.997
26966,100.997
26967,100.997
26968,100.997
26969,100.997
26970,100.997
26971,100.997
26972,100.997
26973,100.997
26974,100.997
26975,100.997
26976,100.997
26977,100.997
26978,100.997
26979,100.997
26980,100.997
26981,100.997
26982,100.997
26983,100.997
26984,100.997
26985,100.997
26986,100.997
26987,100.997
26988,100.997
26989,100.997
26990,100.997
26991,100.997
26992,100.997
26993,100.997
26994,100.997
26995,100.997
26996,100.997
26997,100.997
26998,100.997
26999,100.997
27000,100.997
27001,100.997
27002,100.997
27003,100.997
27004,100.997
27005,100.997
27006,100.997
27007,100.997
27008,100.997
27009,100.997
27010,100.997
27011,100.997
27012,100.997
27013,100.997
27014,100.997
27015,100.997
27016,100.997
27017,100.997
27018,100.997
27019,100.997
27020,100.997
27021,100.997
27022,100.997
27023,100.997
27024,100.997
27025,100.997
27026,100.997
27027,100.997
27028,100.997
27029,100.997
27030,100.997
27031,100.997
27032,100.997
27033,100.997
27034,100.997
27035,100.997
27036,100.997
27037,100.997
27038,100.997
27039,100.997
27040,100.997
27041,100.997
27042,100.997
27043,100.997
27044,100.997
27045,100.997
27046,100.997
27047,100.997
27048,100.997
27049,100.997
27050,100.997
27051,100.997
27052,100.997
27053,100.997
27054,100.997
27055,100.997
27056,100.997
27057,100.997
27058,100.997
27059,100.997
27060,100.997
27061,100.997
27062,100.997
27063,100.997
27064,100.997
27065,100.997
27066,100.997
27067,100.997
27068,100.997
27069,100.997
27070,100.997
27071,100.997
27072,100.997
27073,100.997
27074,100.997
27075,100.997
27076,100.997
27077,100.997
27078,100.997
27079,100.997
27080,100.997
27081,100.997
27082,100.997
27083,100.997
27084,100.997
27085,100.997
27086,100.997
27087,100.997
27088,100.997
27089,100.997
27090,100.997
27091,100.997
27092,100.997
27093,100.997
27094,100.997
27095,100.997
27096,100.997
27097,100.997
27098,100.997
27099,100.997
27100,100.997
27101,100.997
27102,100.997
27103,100.997
27104,100.997
27105,100.997
27106,100.997
27107,100.997
27108,100.997
27109,100.997
27110,100.997
27111,100.997
27112,100.997
27113,100.997
27114,100.997
27115,100.997
27116,100.997
27117,100.997
27118,100.997
27119,100.997
27120,100.997
27121,100.997
27122,100.997
27123,100.997
27124,100.997
27125,100.997
27126,100.997
27127,100.997
27128,100.997
27129,100.997
27130,100.997
27131,100.997
27132,100.997
27133,100.997
27134,100.997
27135,100.997
27136,99.845
27137,99.845
27138,99.845
27139,99.845
27140,99.845
27141,99.845
27142,99.845
27143,99.845
27144,99.845
27145,99.845
27146,99.845
27147,99.845
27148,99.845
27149,99.845
27150,99.845
27151,99.845
27152,99.845
27153,99.845
27154,99.845
27155,99.845
27156,99.845
27157,99.845
27158,99.845
27159,99.845
27160,99.845
27161,99.845
27162,99.845
27163,99.845
27164,99.845
27165,99.845
27166,99.845
27167,99.845
27168,99.845
27169,99.845
27170,99.845
27171,99.845
27172,99.845
27173,99.845
27174,99.845
27175,99.845
27176,99.845
27177,99.845
27178,99.845
27179,99.845
27180,99.845
27181,99.845
27182,99.845
27183,99.845
27184,99.845
27185,99.845
27186,99.845
27187,99.845
27188,99.845
27189,99.845
27190,99.845
27191,99.845
27192,99.845
27193,99.845
27194,99.845
27195,99.845
27196,99.845
27197,99.845
27198,99.845
27199,99.845
27200,99.845
27201,99.845
27202,99.845
27203,99.845
27204,99.845
27205,99.845
27206,99.845
27207,99.845
27208,99.845
27209,99.845
27210,99.845
27211,99.845
27212,99.845
27213,99.845
27214,99.845
27215,99.845
27216,99.845
27217,99.845
27218,99.845
27219,99.845
27220,99.845
27221,99.845
27222,99.845
27223,99.845
27224,99.845
27225,99.845
27226,99.845
27227,99.845
27228,99.845
27229,99.845
27230,99.845
27231,99.845
27232,99.845
27233,99.845
27234,99.845
27235,99.845
27236,99.246
27237,99.246
27238,99.246
27239,99.246
27240,99.246
27241,99.246
27242,99.246
27243,99.246
27244,99.246
27245,99.246
27246,99.246
27247,99.246
27248,99.246
27249,99.246
27250,99.246
27251,99.246
27252,99.246
27253,99.246
27254,99.246
27255,99.246
27256,99.246
27257,99.246
27258,99.246
27259,99.246
27260,99.246
27261,99.246
27262,99.246
27263,99.246
27264,99.246
27265,99.246
27266,99.246
27267,99.246
27268,99.246
27269,99.246
27270,99.246
27271,99.246
27272,99.246
27273,99.246
27274,99.246
27275,99.246
27276,99.246
27277,99.246
27278,99.246
27279,99.246
27280,99.246
27281,99.246
27282,99.246
27283,99.246
27284,99.246
27285,99.246
27286,99.246
27287,99.246
27288,99.246
27289,99.246
27290,99.246
27291,99.246
27292,99.246
27293,99.246
27294,99.246
27295,99.246
27296,99.246
27297,99.246
27298,99.246
27299,99.246
27300,99.246
27301,99.246
27302,99.246
27303,99.246
27304,99.246
27305,99.246
27306,99.246
27307,99.246
27308,99.246
27309,99.246
27310,99.246
27311,99.246
27312,99.246
27313,99.246
27314,99.246
27315,99.246
27316,99.246
27317,99.246
27318,99.246
27319,99.246
27320,99.246
27321,99.246
27322,99.246
27323,99.246
27324,99.246
27325,99.246
27326,99.246
27327,99.246
27328,99.246
27329,99.246
27330,99.246
27331,99.246
27332,99.246
27333,99.246
27334,99.246
27335,99.246
27336,99.246
27337,99.246
27338,99.246
27339,99.246
27340,99.246
27341,99.246
27342,99.246
27343,99.246
27344,99.246
27345,99.246
27346,99.246
27347,99.246
27348,99.246
27349,99.246
27350,99.246
27351,99.246
27352,99.246
27353,99.246
27354,99.246
27355,99.246
27356,99.246
27357,99.246
27358,99.246
27359,99.246
27360,99.246
27361,99.246
27362,99.246
27363,99.246
27364,99.246
27365,99.246
27366,99.246
27367,99.246
27368,99.246
27369,99.246
27370,99.246
27371,99.246
27372,99.246
27373,99.246
27374,99.246
27375,99.246
27376,99.246
27377,99.246
27378,99.246
27379,99.246
27380,99.246
27381,99.246
27382,99.246
27383,99.246
27384,99.246
27385,99.246
27386,99.246
27387,99.246
27388,99.246
27389,99.246
27390,99.246
27391,99.246
27392,99.246
27393,99.246
27394,99.246
27395,99.246
27396,99.246
27397,99.246
27398,99.246
27399,99.246
27400,99.246
27401,99.246
27402,99.246
27403,99.246
27404,99.246
27405,99.246
27406,99.246
27407,99.246
27408,99.246
27409,99.246
27410,99.246
27411,99.246
27412,99.246
27413,99.246
27414,99.246
27415,99.246
27416,99.246
27417,99.246
27418,99.246
27419,99.246
27420,99.246
27421,99.246
27422,99.246
27423,99.246
27424,99.246
27425,99.246
27426,99.246
27427,99.246
27428,99.246
27429,99.246
27430,99.246
27431,99.246
27432,99.246
27433,99.246
27434,99.246
27435,99.246
27436,98.966
27437,98.966
27438,98.966
27439,98.966
27440,98.966
27441,98.966
27442,98.966
27443,98.966
27444,98.966
27445,98.966
27446,98.966
27447,98.966
27448,98.966
27449,98.966
27450,98.966
27451,98.966
27452,98.966
27453,98.966
27454,98.966
27455,98.966
27456,98.966
27457,98.966
27458,98.966
27459,98.966
27460,98.966
27461,98.966
27462,98.966
27463,98.966
27464,98.966
27465,98.966
27466,98.966
27467,98.966
27468,98.966
27469,98.966
27470,98.966
27471,98.966
27472,98.966
27473,98.966
27474,98.966
27475,98.966
27476,98.966
27477,98.966
27478,98.966
27479,98.966
27480,98.966
27481,98.966
27482,98.966
27483,98.966
27484,98.966
27485,98.966
27486,98.966
27487,98.966
27488,98.966
27489,98.966
27490,98.966
27491,98.966
27492,98.966
27493,98.966
27494,98.966
27495,98.966
27496,98.966
27497,98.966
27498,98.966
27499,98.966
27500,98.966
27501,98.966
27502,98.966
27503,98.966
27504,98.966
27505,98.966
27506,98.966
27507,98.966
27508,98.966
27509,98.966
27510,98.966
27511,98.966
27512,98.966
27513,98.966
27514,98.966
27515,98.966
27516,98.966
27517,98.966
27518,98.966
27519,98.966
27520,98.966
27521,98.966
27522,98.966
27523,98.966
27524,98.966
27525,98.966
27526,98.966
27527,98.966
27528,98.966
27529,98.966
27530,98.966
27531,98.966
27532,98.966
27533,98.966
27534,98.966
27535,98.966
27536,100.118
27537,100.118
27538,100.118
27539,100.118
27540,100.118
27541,100.118
27542,100.118
27543,100.118
27544,100.118
27545,100.118
27546,100.118
27547,100.118
27548,100.118
27549,100.118
27550,100.118
27551,100.118
27552,100.118
27553,100.118
27554,100.118
27555,100.118
27556,100.118
27557,100.118
27558,100.118
27559,100.118
27560,100.118
27561,100.118
27562,100.118
27563,100.118
27564,100.118
27565,100.118
27566,100.118
27567,100.118
27568,100.118
27569,100.118
27570,100.118
27571,100.118
27572,100.118
27573,100.118
27574,100.118
27575,100.118
27576,100.118
27577,100.118
27578,100.118
27579,100.118
27580,100.118
27581,100.118
27582,100.118
27583,100.118
27584,100.118
27585,100.118
27586,100.118
27587,100.118
27588,100.118
27589,100.118
27590,100.118
27591,100.118
27592,100.118
27593,100.118
27594,100.118
27595,100.118
27596,100.118
27597,100.118
27598,100.118
27599,100.118
27600,100.118
27601,100.118
27602,100.118
27603,100.118
27604,100.118
27605,100.118
27606,100.118
27607,100.118
27608,100.118
27609,100.118
27610,100.118
27611,100.118
27612,100.118
27613,100.118
27614,100.118
27615,100.118
27616,100.118
27617,100.118
27618,100.118
27619,100.118
27620,100.118
27621,100.118
27622,100.118
27623,100.118
27624,100.118
27625,100.118
27626,100.118
27627,100.118
27628,100.118
27629,100.118
27630,100.118
27631,100.118
27632,100.118
27633,100.118
27634,100.118
27635,100.118
27636,99.518
27637,99.518
27638,99.518
27639,99.518
27640,99.518
27641,99.518
27642,99.518
27643,99.518
27644,99.518
27645,99.518
27646,99.518
27647,99.518
27648,99.518
27649,99.518
27650,99.518
27651,99.518
27652,99.518
27653,99.518
27654,99.518
27655,99.518
27656,99.518
27657,99.518
27658,99.518
27659,99.518
27660,99.518
27661,99.518
27662,99.518
27663,99.518
27664,99.518
27665,99.518
27666,99.518
27667,99.518
27668,99.518
27669,99.518
27670,99.518
27671,99.518
27672,99.518
27673,99.518
27674,99.518
27675,99.518
27676,99.518
27677,99.518
27678,99.518
27679,99.518
27680,99.518
27681,99.518
27682,99.518
27683,99.518
27684,99.518
27685,99.518
27686,99.518
27687,99.518
27688,99.518
27689,99.518
27690,99.518
27691,99.518
27692,99.518
27693,99.518
27694,99.518
27695,99.518
27696,99.518
27697,99.518
27698,99.518
27699,99.518
27700,99.518
27701,99.518
27702,99.518
27703,99.518
27704,99.518
27705,99.518
27706,99.518
27707,99.518
27708,99.518
27709,99.518
27710,99.518
27711,99.518
27712,99.518
27713,99.518
27714,99.518
27715,99.518
27716,99.518
27717,99.518
27718,99.518
27719,99.518
27720,99.518
27721,99.518
27722,99.518
27723,99.518
27724,99.518
27725,99.518
27726,99.518
27727,99.518
27728,99.518
27729,99.518
27730,99.518
27731,99.518
27732,99.518
27733,99.518
27734,99.518
27735,99.518
27736,99.518
27737,99.518
27738,99.518
27739,99.518
27740,99.518
27741,99.518
27742,99.518
27743,99.518
27744,99.518
27745,99.518
27746,99.518
27747,99.518
27748,99.518
27749,99.518
27750,99.518
27751,99.518
27752,99.518
27753,99.518
27754,99.518
27755,99.518
27756,99.518
27757,99.518
27758,99.518
27759,99.518
27760,99.518
27761,99.518
27762,99.518
27763,99.518
27764,99.518
27765,99.518
27766,99.518
27767,99.518
27768,99.518
27769,99.518
27770,99.518
27771,99.518
27772,99.518
27773,99.518
27774,99.518
27775,99.518
27776,99.518
27777,99.518
27778,99.518
27779,99.518
27780,99.518
27781,99.518
27782,99.518
27783,99.518
27784,99.518
27785,99.518
27786,99.518
27787,99.518
27788,99.518
27789,99.518
27790,99.518
27791,99.518
27792,99.518
27793,99.518
27794,99.518
27795,99.518
27796,99.518
27797,99.518
27798,99.518
27799,99.518
27800,99.518
27801,99.518
27802,99.518
27803,99.518
27804,99.518
27805,99.518
27806,99.518
27807,99.518
27808,99.518
27809,99.518
27810,99.518
27811,99.518
27812,99.518
27813,99.518
27814,99.518
27815,99.518
27816,99.518
27817,99.518
27818,99.518
27819,99.518
27820,99.518
27821,99.518
27822,99.518
27823,99.518
27824,99.518
27825,99.518
27826,99.518
27827,99.518
27828,99.518
27829,99.518
27830,99.518
27831,99.518
27832,99.518
27833,99.518
27834,99.518
27835,99.518
27836,100.725
27837,100.725
27838,100.725
27839,100.725
27840,100.725
27841,100.725
27842,100.725
27843,100.725
27844,100.725
27845,100.725
27846,100.725
27847,100.725
27848,100.725
27849,100.725
27850,100.725
27851,100.725
27852,100.725
27853,100.725
27854,100.725
27855,100.725
27856,100.725
27857,100.725
27858,100.725
27859,100.725
27860,100.725
27861,100.725
27862,100.725
27863,100.725
27864,100.725
27865,100.725
27866,100.725
27867,100.725
27868,100.725
27869,100.725
27870,100.725
27871,100.725
27872,100.725
27873,100.725
27874,100.725
27875,100.725
27876,100.725
27877,100.725
27878,100.725
27879,100.725
27880,100.725
27881,100.725
27882,100.725
27883,100.725
27884,100.725
27885,100.725
27886,100.725
27887,100.725
27888,100.725
27889,100.725
27890,100.725
27891,100.725
27892,100.725
27893,100.725
27894,100.725
27895,100.725
27896,100.725
27897,100.725
27898,100.725
27899,100.725
27900,100.725
27901,100.725
27902,100.725
27903,100.725
27904,100.725
27905,100.725
27906,100.725
27907,100.725
27908,100.725
27909,100.725
27910,100.725
27911,100.725
27912,100.725
27913,100.725
27914,100.725
27915,100.725
27916,100.725
27917,100.725
27918,100.725
27919,100.725
27920,100.725
27921,100.725
27922,100.725
27923,100.725
27924,100.725
27925,100.725
27926,100.725
27927,100.725
27928,100.725
27929,100.725
27930,100.725
27931,100.725
27932,100.725
27933,100.725
27934,100.725
27935,100.725
27936,101.324
27937,101.324
27938,101.324
27939,101.324
27940,101.324
27941,101.324
27942,101.324
27943,101.324
27944,101.324
27945,101.324
27946,101.324
27947,101.324
27948,101.324
27949,101.324
27950,101.324
27951,101.324
27952,101.324
27953,101.324
27954,101.324
27955,101.324
27956,101.324
27957,101.324
27958,101.324
27959,101.324
27960,101.324
27961,101.324
27962,101.324
27963,101.324
27964,101.324
27965,101.324
27966,101.324
27967,101.324
27968,101.324
27969,101.324
27970,101.324
27971,101.324
27972,101.324
27973,101.324
27974,101.324
27975,101.324
27976,101.324
27977,101.324
27978,101.324
27979,101.324
27980,101.324
27981,101.324
27982,101.324
27983,101.324
27984,101.324
27985,101.324
27986,101.324
27987,101.324
27988,101.324
27989,101.324
27990,101.324
27991,101.324
27992,101.324
27993,101.324
27994,101.324
27995,101.324
27996,101.324
27997,101.324
27998,101.324
27999,101.324
28000,101.324
28001,101.324
28002,101.324
28003,101.324
28004,101.324
28005,101.324
28006,101.324
28007,101.324
28008,101.324
28009,101.324
28010,101.324
28011,101.324
28012,101.324
28013,101.324
28014,101.324
28015,101.324
28016,101.324
28017,101.324
28018,101.324
28019,101.324
28020,101.324
28021,101.324
28022,101.324
28023,101.324
28024,101.324
28025,101.324
28026,101.324
28027,101.324
28028,101.324
28029,101.324
28030,101.324
28031,101.324
28032,101.324
28033,101.324
28034,101.324
28035,101.324
28036,99.743
28037,99.743
28038,99.743
28039,99.743
28040,99.743
28041,99.743
28042,99.743
28043,99.743
28044,99.743
28045,99.743
28046,99.743
28047,99.743
28048,99.743
28049,99.743
28050,99.743
28051,99.743
28052,99.743
28053,99.743
28054,99.743
28055,99.743
28056,99.743
28057,99.743
28058,99.743
28059,99.743
28060,99.743
28061,99.743
28062,99.743
28063,99.743
28064,99.743
28065,99.743
28066,99.743
28067,99.743
28068,99.743
28069,99.743
28070,99.743
28071,99.743
28072,99.743
28073,99.743
28074,99.743
28075,99.743
28076,99.743
28077,99.743
28078,99.743
28079,99.743
28080,99.743
28081,99.743
28082,99.743
28083,99.743
28084,99.743
28085,99.743
28086,99.743
28087,99.743
28088,99.743
28089,99.743
28090,99.743
28091,99.743
28092,99.743
28093,99.743
28094,99.743
28095,99.743
28096,99.743
28097,99.743
28098,99.743
28099,99.743
28100,99.743
28101,99.743
28102,99.743
28103,99.743
28104,99.743
28105,99.743
28106,99.743
28107,99.743
28108,99.743
28109,99.743
28110,99.743
28111,99.743
28112,99.743
28113,99.743
28114,99.743
28115,99.743
28116,99.743
28117,99.743
28118,99.743
28119,99.743
28120,99.743
28121,99.743
28122,99.743
28123,99.743
28124,99.743
28125,99.743
28126,99.743
28127,99.743
28128,99.743
28129,99.743
28130,99.743
28131,99.743
28132,99.743
28133,99.743
28134,99.743
28135,99.743
28136,99.144
28137,99.144
28138,99.144
28139,99.144
28140,99.144
28141,99.144
28142,99.144
28143,99.144
28144,99.144
28145,99.144
28146,99.144
28147,99.144
28148,99.144
28149,99.144
28150,99.144
28151,99.144
28152,99.144
28153,99.144
28154,99.144
28155,99.144
28156,99.144
28157,99.144
28158,99.144
28159,99.144
28160,99.144
28161,99.144
28162,99.144
28163,99.144
28164,99.144
28165,99.144
28166,99.144
28167,99.144
28168,99.144
28169,99.144
28170,99.144
28171,99.144
28172,99.144
28173,99.144
28174,99.144
28175,99.144
28176,99.144
28177,99.144
28178,99.144
28179,99.144
28180,99.144
28181,99.144
28182,99.144
28183,99.144
28184,99.144
28185,99.144
28186,99.144
28187,99.144
28188,99.144
28189,99.144
28190,99.144
28191,99.144
28192,99.144
28193,99.144
28194,99.144
28195,99.144
28196,99.144
28197,99.144
28198,99.144
28199,99.144
28200,99.144
28201,99.144
28202,99.144
28203,99.144
28204,99.144
28205,99.144
28206,99.144
28207,99.144
28208,99.144
28209,99.144
28210,99.144
28211,99.144
28212,99.144
28213,99.144
28214,99.144
28215,99.144
28216,99.144
28217,99.144
28218,99.144
28219,99.144
28220,99.144
28221,99.144
28222,99.144
28223,99.144
28224,99.144
28225,99.144
28226,99.144
28227,99.144
28228,99.144
28229,99.144
28230,99.144
28231,99.144
28232,99.144
28233,99.144
28234,99.144
28235,99.144
28236,99.144
28237,99.144
28238,99.144
28239,99.144
28240,99.144
28241,99.144
28242,99.144
28243,99.144
28244,99.144
28245,99.144
28246,99.144
28247,99.144
28248,99.144
28249,99.144
28250,99.144
28251,99.144
28252,99.144
28253,99.144
28254,99.144
28255,99.144
28256,99.144
28257,99.144
28258,99.144
28259,99.144
28260,99.144
28261,99.144
28262,99.144
28263,99.144
28264,99.144
28265,99.144
28266,99.144
28267,99.144
28268,99.144
28269,99.144
28270,99.144
28271,99.144
28272,99.144
28273,99.144
28274,99.144
28275,99.144
28276,99.144
28277,99.144
28278,99.144
28279,99.144
28280,99.144
28281,99.144
28282,99.144
28283,99.144
28284,99.144
28285,99.144
28286,99.144
28287,99.144
28288,99.144
28289,99.144
28290,99.144
28291,99.144
28292,99.144
28293,99.144
28294,99.144
28295,99.144
28296,99.144
28297,99.144
28298,99.144
28299,99.144
28300,99.144
28301,99.144
28302,99.144
28303,99.144
28304,99.144
28305,99.144
28306,99.144
28307,99.144
28308,99.144
28309,99.144
28310,99.144
28311,99.144
28312,99.144
28313,99.144
28314,99.144
28315,99.144
28316,99.144
28317,99.144
28318,99.144
28319,99.144
28320,99.144
28321,99.144
28322,99.144
28323,99.144
28324,99.144
28325,99.144
28326,99.144
28327,99.144
28328,99.144
28329,99.144
28330,99.144
28331,99.144
28332,99.144
28333,99.144
28334,99.144
28335,99.144
28336,99.743
28337,99.743
28338,99.743
28339,99.743
28340,99.743
28341,99.743
28342,99.743
28343,99.743
28344,99.743
28345,99.743
28346,99.743
28347,99.743
28348,99.743
28349,99.743
28350,99.743
28351,99.743
28352,99.743
28353,99.743
28354,99.743
28355,99.743
28356,99.743
28357,99.743
28358,99.743
28359,99.743
28360,99.743
28361,99.743
28362,99.743
28363,99.743
28364,99.743
28365,99.743
28366,99.743
28367,99.743
28368,99.743
28369,99.743
28370,99.743
28371,99.743
28372,99.743
28373,99.743
28374,99.743
28375,99.743
28376,99.743
28377,99.743
28378,99.743
28379,99.743
28380,99.743
28381,99.743
28382,99.743
28383,99.743
28384,99.743
28385,99.743
28386,99.743
28387,99.743
28388,99.743
28389,99.743
28390,99.743
28391,99.743
28392,99.743
28393,99.743
28394,99.743
28395,99.743
28396,99.743
28397,99.743
28398,99.743
28399,99.743
28400,99.743
28401,99.743
28402,99.743
28403,99.743
28404,99.743
28405,99.743
28406,99.743
28407,99.743
28408,99.743
28409,99.743
28410,99.743
28411,99.743
28412,99.743
28413,99.743
28414,99.743
28415,99.743
28416,99.743
28417,99.743
28418,99.743
28419,99.743
28420,99.743
28421,99.743
28422,99.743
28423,99.743
28424,99.743
28425,99.743
28426,99.743
28427,99.743
28428,99.743
28429,99.743
28430,99.743
28431,99.743
28432,99.743
28433,99.743
28434,99.743
28435,99.743
28436,99.416
28437,99.416
28438,99.416
28439,99.416
28440,99.416
28441,99.416
28442,99.416
28443,99.416
28444,99.416
28445,99.416
28446,99.416
28447,99.416
28448,99.416
28449,99.416
28450,99.416
28451,99.416
28452,99.416
28453,99.416
28454,99.416
28455,99.416
28456,99.416
28457,99.416
28458,99.416
28459,99.416
28460,99.416
28461,99.416
28462,99.416
28463,99.416
28464,99.416
28465,99.416
28466,99.416
28467,99.416
28468,99.416
28469,99.416
28470,99.416
28471,99.416
28472,99.416
28473,99.416
28474,99.416
28475,99.416
28476,99.416
28477,99.416
28478,99.416
28479,99.416
28480,99.416
28481,99.416
28482,99.416
28483,99.416
28484,99.416
28485,99.416
28486,99.416
28487,99.416
28488,99.416
28489,99.416
28490,99.416
28491,99.416
28492,99.416
28493,99.416
28494,99.416
28495,99.416
28496,99.416
28497,99.416
28498,99.416
28499,99.416
28500,99.416
28501,99.416
28502,99.416
28503,99.416
28504,99.416
28505,99.416
28506,99.416
28507,99.416
28508,99.416
28509,99.416
28510,99.416
28511,99.416
28512,99.416
28513,99.416
28514,99.416
28515,99.416
28516,99.416
28517,99.416
28518,99.416
28519,99.416
28520,99.416
28521,99.416
28522,99.416
28523,99.416
28524,99.416
28525,99.416
28526,99.416
28527,99.416
28528,99.416
28529,99.416
28530,99.416
28531,99.416
28532,99.416
28533,99.416
28534,99.416
28535,99.416
28536,99.743
28537,99.743
28538,99.743
28539,99.743
28540,99.743
28541,99.743
28542,99.743
28543,99.743
28544,99.743
28545,99.743
28546,99.743
28547,99.743
28548,99.743
28549,99.743
28550,99.743
28551,99.743
28552,99.743
28553,99.743
28554,99.743
28555,99.743
28556,99.743
28557,99.743
28558,99.743
28559,99.743
28560,99.743
28561,99.743
28562,99.743
28563,99.743
28564,99.743
28565,99.743
28566,99.743
28567,99.743
28568,99.743
28569,99.743
28570,99.743
28571,99.743
28572,99.743
28573,99.743
28574,99.743
28575,99.743
28576,99.743
28577,99.743
28578,99.743
28579,99.743
28580,99.743
28581,99.743
28582,99.743
28583,99.743
28584,99.743
28585,99.743
28586,99.743
28587,99.743
28588,99.743
28589,99.743
28590,99.743
28591,99.743
28592,99.743
28593,99.743
28594,99.743
28595,99.743
28596,99.743
28597,99.743
28598,99.743
28599,99.743
28600,99.743
28601,99.743
28602,99.743
28603,99.743
28604,99.743
28605,99.743
28606,99.743
28607,99.743
28608,99.743
28609,99.743
28610,99.743
28611,99.743
28612,99.743
28613,99.743
28614,99.743
28615,99.743
28616,99.743
28617,99.743
28618,99.743
28619,99.743
28620,99.743
28621,99.743
28622,99.743
28623,99.743
28624,99.743
28625,99.743
28626,99.743
28627,99.743
28628,99.743
28629,99.743
28630,99.743
28631,99.743
28632,99.743
28633,99.743
28634,99.743
28635,99.743
28636,100.621
28637,100.621
28638,100.621
28639,100.621
28640,100.621
28641,100.621
28642,100.621
28643,100.621
28644,100.621
28645,100.621
28646,100.621
28647,100.621
28648,100.621
28649,100.621
28650,100.621
28651,100.621
28652,100.621
28653,100.621
28654,100.621
28655,100.621
28656,100.621
28657,100.621
28658,100.621
28659,100.621
28660,100.621
28661,100.621
28662,100.621
28663,100.621
28664,100.621
28665,100.621
28666,100.621
28667,100.621
28668,100.621
28669,100.621
28670,100.621
28671,100.621
28672,100.621
28673,100.621
28674,100.621
28675,100.621
28676,100.621
28677,100.621
28678,100.621
28679,100.621
28680,100.621
28681,100.621
28682,100.621
28683,100.621
28684,100.621
28685,100.621
28686,100.621
28687,100.621
28688,100.621
28689,100.621
28690,100.621
28691,100.621
28692,100.621
28693,100.621
28694,100.621
28695,100.621
28696,100.621
28697,100.621
28698,100.621
28699,100.621
28700,100.621
28701,100.621
28702,100.621
28703,100.621
28704,100.621
28705,100.621
28706,100.621
28707,100.621
28708,100.621
28709,100.621
28710,100.621
28711,100.621
28712,100.621
28713,100.621
28714,100.621
28715,100.621
28716,100.621
28717,100.621
28718,100.621
28719,100.621
28720,100.621
28721,100.621
28722,100.621
28723,100.621
28724,100.621
28725,100.621
28726,100.621
28727,100.621
28728,100.621
28729,100.621
28730,100.621
28731,100.621
28732,100.621
28733,100.621
28734,100.621
28735,100.621
28736,100.621
28737,100.621
28738,100.621
28739,100.621
28740,100.621
28741,100.621
28742,100.621
28743,100.621
28744,100.621
28745,100.621
28746,100.621
28747,100.621
28748,100.621
28749,100.621
28750,100.621
28751,100.621
28752,100.621
28753,100.621
28754,100.621
28755,100.621
28756,100.621
28757,100.621
28758,100.621
28759,100.621
28760,100.621
28761,100.621
28762,100.621
28763,100.621
28764,100.621
28765,100.621
28766,100.621
28767,100.621
28768,100.621
28769,100.621
28770,100.621
28771,100.621
28772,100.621
28773,100.621
28774,100.621
28775,100.621
28776,100.621
28777,100.621
28778,100.621
28779,100.621
28780,100.621
28781,100.621
28782,100.621
28783,100.621
28784,100.621
28785,100.621
28786,100.621
28787,100.621
28788,100.621
28789,100.621
28790,100.621
28791,100.621
28792,100.621
28793,100.621
28794,100.621
28795,100.621
28796,100.621
28797,100.621
28798,100.621
28799,100.621
28800,100.621
28801,100.621
28802,100.621
28803,100.621
28804,100.621
28805,100.621
28806,100.621
28807,100.621
28808,100.621
28809,100.621
28810,100.621
28811,100.621
28812,100.621
28813,100.621
28814,100.621
28815,100.621
28816,100.621
28817,100.621
28818,100.621
28819,100.621
28820,100.621
28821,100.621
28822,100.621
28823,100.621
28824,100.621
28825,100.621
28826,100.621
28827,100.621
28828,100.621
28829,100.621
28830,100.621
28831,100.621
28832,100.621
28833,100.621
28834,100.621
28835,100.621
28836,100.287
28837,100.287
28838,100.287
28839,100.287
28840,100.287
28841,100.287
28842,100.287
28843,100.287
28844,100.287
28845,100.287
28846,100.287
28847,100.287
28848,100.287
28849,100.287
28850,100.287
28851,100.287
28852,100.287
28853,100.287
28854,100.287
28855,100.287
28856,100.287
28857,100.287
28858,100.287
28859,100.287
28860,100.287
28861,100.287
28862,100.287
28863,100.287
28864,100.287
28865,100.287
28866,100.287
28867,100.287
28868,100.287
28869,100.287
28870,100.287
28871,100.287
28872,100.287
28873,100.287
28874,100.287
28875,100.287
28876,100.287
28877,100.287
28878,100.287
28879,100.287
28880,100.287
28881,100.287
28882,100.287
28883,100.287
28884,100.287
28885,100.287
28886,100.287
28887,100.287
28888,100.287
28889,100.287
28890,100.287
28891,100.287
28892,100.287
28893,100.287
28894,100.287
28895,100.287
28896,100.287
28897,100.287
28898,100.287
28899,100.287
28900,100.287
28901,100.287
28902,100.287
28903,100.287
28904,100.287
28905,100.287
28906,100.287
28907,100.287
28908,100.287
28909,100.287
28910,100.287
28911,100.287
28912,100.287
28913,100.287
28914,100.287
28915,100.287
28916,100.287
28917,100.287
28918,100.287
28919,100.287
28920,100.287
28921,100.287
28922,100.287
28923,100.287
28924,100.287
28925,100.287
28926,100.287
28927,100.287
28928,100.287
28929,100.287
28930,100.287
28931,100.287
28932,100.287
28933,100.287
28934,100.287
28935,100.287
28936,99.144
28937,99.144
28938,99.144
28939,99.144
28940,99.144
28941,99.144
28942,99.144
28943,99.144
28944,99.144
28945,99.144
28946,99.144
28947,99.144
28948,99.144
28949,99.144
28950,99.144
28951,99.144
28952,99.144
28953,99.144
28954,99.144
28955,99.144
28956,99.144
28957,99.144
28958,99.144
28959,99.144
28960,99.144
28961,99.144
28962,99.144
28963,99.144
28964,99.144
28965,99.144
28966,99.144
28967,99.144
28968,99.144
28969,99.144
28970,99.144
28971,99.144
28972,99.144
28973,99.144
28974,99.144
28975,99.144
28976,99.144
28977,99.144
28978,99.144
28979,99.144
28980,99.144
28981,99.144
28982,99.144
28983,99.144
28984,99.144
28985,99.144
28986,99.144
28987,99.144
28988,99.144
28989,99.144
28990,99.144
28991,99.144
28992,99.144
28993,99.144
28994,99.144
28995,99.144
28996,99.144
28997,99.144
28998,99.144
28999,99.144
29000,99.144
29001,99.144
29002,99.144
29003,99.144
29004,99.144
29005,99.144
29006,99.144
29007,99.144
29008,99.144
29009,99.144
29010,99.144
29011,99.144
29012,99.144
29013,99.144
29014,99.144
29015,99.144
29016,99.144
29017,99.144
29018,99.144
29019,99.144
29020,99.144
29021,99.144
29022,99.144
29023,99.144
29024,99.144
29025,99.144
29026,99.144
29027,99.144
29028,99.144
29029,99.144
29030,99.144
29031,99.144
29032,99.144
29033,99.144
29034,99.144
29035,99.144
29036,99.144
29037,99.144
29038,99.144
29039,99.144
29040,99.144
29041,99.144
29042,99.144
29043,99.144
29044,99.144
29045,99.144
29046,99.144
29047,99.144
29048,99.144
29049,99.144
29050,99.144
29051,99.144
29052,99.144
29053,99.144
29054,99.144
29055,99.144
29056,99.144
29057,99.144
29058,99.144
29059,99.144
29060,99.144
29061,99.144
29062,99.144
29063,99.144
29064,99.144
29065,99.144
29066,99.144
29067,99.144
29068,99.144
29069,99.144
29070,99.144
29071,99.144
29072,99.144
29073,99.144
29074,99.144
29075,99.144
29076,99.144
29077,99.144
29078,99.144
29079,99.144
29080,99.144
29081,99.144
29082,99.144
29083,99.144
29084,99.144
29085,99.144
29086,99.144
29087,99.144
29088,99.144
29089,99.144
29090,99.144
29091,99.144
29092,99.144
29093,99.144
29094,99.144
29095,99.144
29096,99.144
29097,99.144
29098,99.144
29099,99.144
29100,99.144
29101,99.144
29102,99.144
29103,99.144
29104,99.144
29105,99.144
29106,99.144
29107,99.144
29108,99.144
29109,99.144
29110,99.144
29111,99.144
29112,99.144
29113,99.144
29114,99.144
29115,99.144
29116,99.144
29117,99.144
29118,99.144
29119,99.144
29120,99.144
29121,99.144
29122,99.144
29123,99.144
29124,99.144
29125,99.144
29126,99.144
29127,99.144
29128,99.144
29129,99.144
29130,99.144
29131,99.144
29132,99.144
29133,99.144
29134,99.144
29135,99.144
29136,99.144
29137,99.144
29138,99.144
29139,99.144
29140,99.144
29141,99.144
29142,99.144
29143,99.144
29144,99.144
29145,99.144
29146,99.144
29147,99.144
29148,99.144
29149,99.144
29150,99.144
29151,99.144
29152,99.144
29153,99.144
29154,99.144
29155,99.144
29156,99.144
29157,99.144
29158,99.144
29159,99.144
29160,99.144
29161,99.144
29162,99.144
29163,99.144
29164,99.144
29165,99.144
29166,99.144
29167,99.144
29168,99.144
29169,99.144
29170,99.144
29171,99.144
29172,99.144
29173,99.144
29174,99.144
29175,99.144
29176,99.144
29177,99.144
29178,99.144
29179,99.144
29180,99.144
29181,99.144
29182,99.144
29183,99.144
29184,99.144
29185,99.144
29186,99.144
29187,99.144
29188,99.144
29189,99.144
29190,99.144
29191,99.144
29192,99.144
29193,99.144
29194,99.144
29195,99.144
29196,99.144
29197,99.144
29198,99.144
29199,99.144
29200,99.144
29201,99.144
29202,99.144
29203,99.144
29204,99.144
29205,99.144
29206,99.144
29207,99.144
29208,99.144
29209,99.144
29210,99.144
29211,99.144
29212,99.144
29213,99.144
29214,99.144
29215,99.144
29216,99.144
29217,99.144
29218,99.144
29219,99.144
29220,99.144
29221,99.144
29222,99.144
29223,99.144
29224,99.144
29225,99.144
29226,99.144
29227,99.144
29228,99.144
29229,99.144
29230,99.144
29231,99.144
29232,99.144
29233,99.144
29234,99.144
29235,99.144
29236,99.743
29237,99.743
29238,99.743
29239,99.743
29240,99.743
29241,99.743
29242,99.743
29243,99.743
29244,99.743
29245,99.743
29246,99.743
29247,99.743
29248,99.743
29249,99.743
29250,99.743
29251,99.743
29252,99.743
29253,99.743
29254,99.743
29255,99.743
29256,99.743
29257,99.743
29258,99.743
29259,99.743
29260,99.743
29261,99.743
29262,99.743
29263,99.743
29264,99.743
29265,99.743
29266,99.743
29267,99.743
29268,99.743
29269,99.743
29270,99.743
29271,99.743
29272,99.743
29273,99.743
29274,99.743
29275,99.743
29276,99.743
29277,99.743
29278,99.743
29279,99.743
29280,99.743
29281,99.743
29282,99.743
29283,99.743
29284,99.743
29285,99.743
29286,99.743
29287,99.743
29288,99.743
29289,99.743
29290,99.743
29291,99.743
29292,99.743
29293,99.743
29294,99.743
29295,99.743
29296,99.743
29297,99.743
29298,99.743
29299,99.743
29300,99.743
29301,99.743
29302,99.743
29303,99.743
29304,99.743
29305,99.743
29306,99.743
29307,99.743
29308,99.743
29309,99.743
29310,99.743
29311,99.743
29312,99.743
29313,99.743
29314,99.743
29315,99.743
29316,99.743
29317,99.743
29318,99.743
29319,99.743
29320,99.743
29321,99.743
29322,99.743
29323,99.743
29324,99.743
29325,99.743
29326,99.743
29327,99.743
29328,99.743
29329,99.743
29330,99.743
29331,99.743
29332,99.743
29333,99.743
29334,99.743
29335,99.743
29336,99.416
29337,99.416
29338,99.416
29339,99.416
29340,99.416
29341,99.416
29342,99.416
29343,99.416
29344,99.416
29345,99.416
29346,99.416
29347,99.416
29348,99.416
29349,99.416
29350,99.416
29351,99.416
29352,99.416
29353,99.416
29354,99.416
29355,99.416
29356,99.416
29357,99.416
29358,99.416
29359,99.416
29360,99.416
29361,99.416
29362,99.416
29363,99.416
29364,99.416
29365,99.416
29366,99.416
29367,99.416
29368,99.416
29369,99.416
29370,99.416
29371,99.416
29372,99.416
29373,99.416
29374,99.416
29375,99.416
29376,99.416
29377,99.416
29378,99.416
29379,99.416
29380,99.416
29381,99.416
29382,99.416
29383,99.416
29384,99.416
29385,99.416
29386,99.416
29387,99.416
29388,99.416
29389,99.416
29390,99.416
29391,99.416
29392,99.416
29393,99.416
29394,99.416
29395,99.416
29396,99.416
29397,99.416
29398,99.416
29399,99.416
29400,99.416
29401,99.416
29402,99.416
29403,99.416
29404,99.416
29405,99.416
29406,99.416
29407,99.416
29408,99.416
29409,99.416
29410,99.416
29411,99.416
29412,99.416
29413,99.416
29414,99.416
29415,99.416
29416,99.416
29417,99.416
29418,99.416
29419,99.416
29420,99.416
29421,99.416
29422,99.416
29423,99.416
29424,99.416
29425,99.416
29426,99.416
29427,99.416
29428,99.416
29429,99.416
29430,99.416
29431,99.416
29432,99.416
29433,99.416
29434,99.416
29435,99.416
29436,100.015
29437,100.015
29438,100.015
29439,100.015
29440,100.015
29441,100.015
29442,100.015
29443,100.015
29444,100.015
29445,100.015
29446,100.015
29447,100.015
29448,100.015
29449,100.015
29450,100.015
29451,100.015
29452,100.015
29453,100.015
29454,100.015
29455,100.015
29456,100.015
29457,100.015
29458,100.015
29459,100.015
29460,100.015
29461,100.015
29462,100.015
29463,100.015
29464,100.015
29465,100.015
29466,100.015
29467,100.015
29468,100.015
29469,100.015
29470,100.015
29471,100.015
29472,100.015
29473,100.015
29474,100.015
29475,100.015
29476,100.015
29477,100.015
29478,100.015
29479,100.015
29480,100.015
29481,100.015
29482,100.015
29483,100.015
29484,100.015
29485,100.015
29486,100.015
29487,100.015
29488,100.015
29489,100.015
29490,100.015
29491,100.015
29492,100.015
29493,100.015
29494,100.015
29495,100.015
29496,100.015
29497,100.015
29498,100.015
29499,100.015
29500,100.015
29501,100.015
29502,100.015
29503,100.015
29504,100.015
29505,100.015
29506,100.015
29507,100.015
29508,100.015
29509,100.015
29510,100.015
29511,100.015
29512,100.015
29513,100.015
29514,100.015
29515,100.015
29516,100.015
29517,100.015
29518,100.015
29519,100.015
29520,100.015
29521,100.015
29522,100.015
29523,100.015
29524,100.015
29525,100.015
29526,100.015
29527,100.015
29528,100.015
29529,100.015
29530,100.015
29531,100.015
29532,100.015
29533,100.015
29534,100.015
29535,100.015
29536,100.287
29537,100.287
29538,100.287
29539,100.287
29540,100.287
29541,100.287
29542,100.287
29543,100.287
29544,100.287
29545,100.287
29546,100.287
29547,100.287
29548,100.287
29549,100.287
29550,100.287
29551,100.287
29552,100.287
29553,100.287
29554,100.287
29555,100.287
29556,100.287
29557,100.287
29558,100.287
29559,100.287
29560,100.287
29561,100.287
29562,100.287
29563,100.287
29564,100.287
29565,100.287
29566,100.287
29567,100.287
29568,100.287
29569,100.287
29570,100.287
29571,100.287
29572,100.287
29573,100.287
29574,100.287
29575,100.287
29576,100.287
29577,100.287
29578,100.287
29579,100.287
29580,100.287
29581,100.287
29582,100.287
29583,100.287
29584,100.287
29585,100.287
29586,100.287
29587,100.287
29588,100.287
29589,100.287
29590,100.287
29591,100.287
29592,100.287
29593,100.287
29594,100.287
29595,100.287
29596,100.287
29597,100.287
29598,100.287
29599,100.287
29600,100.287
29601,100.287
29602,100.287
29603,100.287
29604,100.287
29605,100.287
29606,100.287
29607,100.287
29608,100.287
29609,100.287
29610,100.287
29611,100.287
29612,100.287
29613,100.287
29614,100.287
29615,100.287
29616,100.287
29617,100.287
29618,100.287
29619,100.287
29620,100.287
29621,100.287
29622,100.287
29623,100.287
29624,100.287
29625,100.287
29626,100.287
29627,100.287
29628,100.287
29629,100.287
29630,100.287
29631,100.287
29632,100.287
29633,100.287
29634,100.287
29635,100.287
29636,101.22
29637,101.22
29638,101.22
29639,101.22
29640,101.22
29641,101.22
29642,101.22
29643,101.22
29644,101.22
29645,101.22
29646,101.22
29647,101.22
29648,101.22
29649,101.22
29650,101.22
29651,101.22
29652,101.22
29653,101.22
29654,101.22
29655,101.22
29656,101.22
29657,101.22
29658,101.22
29659,101.22
29660,101.22
29661,101.22
29662,101.22
29663,101.22
29664,101.22
29665,101.22
29666,101.22
29667,101.22
29668,101.22
29669,101.22
29670,101.22
29671,101.22
29672,101.22
29673,101.22
29674,101.22
29675,101.22
29676,101.22
29677,101.22
29678,101.22
29679,101.22
29680,101.22
29681,101.22
29682,101.22
29683,101.22
29684,101.22
29685,101.22
29686,101.22
29687,101.22
29688,101.22
29689,101.22
29690,101.22
29691,101.22
29692,101.22
29693,101.22
29694,101.22
29695,101.22
29696,101.22
29697,101.22
29698,101.22
29699,101.22
29700,101.22
29701,101.22
29702,101.22
29703,101.22
29704,101.22
29705,101.22
29706,101.22
29707,101.22
29708,101.22
29709,101.22
29710,101.22
29711,101.22
29712,101.22
29713,101.22
29714,101.22
29715,101.22
29716,101.22
29717,101.22
29718,101.22
29719,101.22
29720,101.22
29721,101.22
29722,101.22
29723,101.22
29724,101.22
29725,101.22
29726,101.22
29727,101.22
29728,101.22
29729,101.22
29730,101.22
29731,101.22
29732,101.22
29733,101.22
29734,101.22
29735,101.22
29736,99.743
29737,99.743
29738,99.743
29739,99.743
29740,99.743
29741,99.743
29742,99.743
29743,99.743
29744,99.743
29745,99.743
29746,99.743
29747,99.743
29748,99.743
29749,99.743
29750,99.743
29751,99.743
29752,99.743
29753,99.743
29754,99.743
29755,99.743
29756,99.743
29757,99.743
29758,99.743
29759,99.743
29760,99.743
29761,99.743
29762,99.743
29763,99.743
29764,99.743
29765,99.743
29766,99.743
29767,99.743
29768,99.743
29769,99.743
29770,99.743
29771,99.743
29772,99.743
29773,99.743
29774,99.743
29775,99.743
29776,99.743
29777,99.743
29778,99.743
29779,99.743
29780,99.743
29781,99.743
29782,99.743
29783,99.743
29784,99.743
29785,99.743
29786,99.743
29787,99.743
29788,99.743
29789,99.743
29790,99.743
29791,99.743
29792,99.743
29793,99.743
29794,99.743
29795,99.743
29796,99.743
29797,99.743
29798,99.743
29799,99.743
29800,99.743
29801,99.743
29802,99.743
29803,99.743
29804,99.743
29805,99.743
29806,99.743
29807,99.743
29808,99.743
29809,99.743
29810,99.743
29811,99.743
29812,99.743
29813,99.743
29814,99.743
29815,99.743
29816,99.743
29817,99.743
29818,99.743
29819,99.743
29820,99.743
29821,99.743
29822,99.743
29823,99.743
29824,99.743
29825,99.743
29826,99.743
29827,99.743
29828,99.743
29829,99.743
29830,99.743
29831,99.743
29832,99.743
29833,99.743
29834,99.743
29835,99.743
29836,99.144
29837,99.144
29838,99.144
29839,99.144
29840,99.144
29841,99.144
29842,99.144
29843,99.144
29844,99.144
29845,99.144
29846,99.144
29847,99.144
29848,99.144
29849,99.144
29850,99.144
29851,99.144
29852,99.144
29853,99.144
29854,99.144
29855,99.144
29856,99.144
29857,99.144
29858,99.144
29859,99.144
29860,99.144
29861,99.144
29862,99.144
29863,99.144
29864,99.144
29865,99.144
29866,99.144
29867,99.144
29868,99.144
29869,99.144
29870,99.144
29871,99.144
29872,99.144
29873,99.144
29874,99.144
29875,99.144
29876,99.144
29877,99.144
29878,99.144
29879,99.144
29880,99.144
29881,99.144
29882,99.144
29883,99.144
29884,99.144
29885,99.144
29886,99.144
29887,99.144
29888,99.144
29889,99.144
29890,99.144
29891,99.144
29892,99.144
29893,99.144
29894,99.144
29895,99.144
29896,99.144
29897,99.144
29898,99.144
29899,99.144
29900,99.144
29901,99.144
29902,99.144
29903,99.144
29904,99.144
29905,99.144
29906,99.144
29907,99.144
29908,99.144
29909,99.144
29910,99.144
29911,99.144
29912,99.144
29913,99.144
29914,99.144
29915,99.144
29916,99.144
29917,99.144
29918,99.144
29919,99.144
29920,99.144
29921,99.144
29922,99.144
29923,99.144
29924,99.144
29925,99.144
29926,99.144
29927,99.144
29928,99.144
29929,99.144
29930,99.144
29931,99.144
29932,99.144
29933,99.144
29934,99.144
29935,99.144
29936,99.144
29937,99.144
29938,99.144
29939,99.144
29940,99.144
29941,99.144
29942,99.144
29943,99.144
29944,99.144
29945,99.144
29946,99.144
29947,99.144
29948,99.144
29949,99.144
29950,99.144
29951,99.144
29952,99.144
29953,99.144
29954,99.144
29955,99.144
29956,99.144
29957,99.144
29958,99.144
29959,99.144
29960,99.144
29961,99.144
29962,99.144
29963,99.144
29964,99.144
29965,99.144
29966,99.144
29967,99.144
29968,99.144
29969,99.144
29970,99.144
29971,99.144
29972,99.144
29973,99.144
29974,99.144
29975,99.144
29976,99.144
29977,99.144
29978,99.144
29979,99.144
29980,99.144
29981,99.144
29982,99.144
29983,99.144
29984,99.144
29985,99.144
29986,99.144
29987,99.144
29988,99.144
29989,99.144
29990,99.144
29991,99.144
29992,99.144
29993,99.144
29994,99.144
29995,99.144
29996,99.144
29997,99.144
29998,99.144
29999,99.144
30000,99.144
30001,99.144
30002,99.144
30003,99.144
30004,99.144
30005,99.144
30006,99.144
30007,99.144
30008,99.144
30009,99.144
30010,99.144
30011,99.144
30012,99.144
30013,99.144
30014,99.144
30015,99.144
30016,99.144
30017,99.144
30018,99.144
30019,99.144
30020,99.144
30021,99.144
30022,99.144
30023,99.144
30024,99.144
30025,99.144
30026,99.144
30027,99.144
30028,99.144
30029,99.144
30030,99.144
30031,99.144
30032,99.144
30033,99.144
30034,99.144
30035,99.144
30036,99.144
30037,99.144
30038,99.144
30039,99.144
30040,99.144
30041,99.144
30042,99.144
30043,99.144
30044,99.144
30045,99.144
30046,99.144
30047,99.144
30048,99.144
30049,99.144
30050,99.144
30051,99.144
30052,99.144
30053,99.144
30054,99.144
30055,99.144
30056,99.144
30057,99.144
30058,99.144
30059,99.144
30060,99.144
30061,99.144
30062,99.144
30063,99.144
30064,99.144
30065,99.144
30066,99.144
30067,99.144
30068,99.144
30069,99.144
30070,99.144
30071,99.144
30072,99.144
30073,99.144
30074,99.144
30075,99.144
30076,99.144
30077,99.144
30078,99.144
30079,99.144
30080,99.144
30081,99.144
30082,99.144
30083,99.144
30084,99.144
30085,99.144
30086,99.144
30087,99.144
30088,99.144
30089,99.144
30090,99.144
30091,99.144
30092,99.144
30093,99.144
30094,99.144
30095,99.144
30096,99.144
30097,99.144
30098,99.144
30099,99.144
30100,99.144
30101,99.144
30102,99.144
30103,99.144
30104,99.144
30105,99.144
30106,99.144
30107,99.144
30108,99.144
30109,99.144
30110,99.144
30111,99.144
30112,99.144
30113,99.144
30114,99.144
30115,99.144
30116,99.144
30117,99.144
30118,99.144
30119,99.144
30120,99.144
30121,99.144
30122,99.144
30123,99.144
30124,99.144
30125,99.144
30126,99.144
30127,99.144
30128,99.144
30129,99.144
30130,99.144
30131,99.144
30132,99.144
30133,99.144
30134,99.144
30135,99.144
30136,99.144
30137,100.015
30138,100.015
30139,100.015
30140,100.015
30141,100.015
30142,100.015
30143,100.015
30144,100.015
30145,100.015
30146,100.015
30147,100.015
30148,100.015
30149,100.015
30150,100.015
30151,100.015
30152,100.015
30153,100.015
30154,100.015
30155,100.015
30156,100.015
30157,100.015
30158,100.015
30159,100.015
30160,100.015
30161,100.015
30162,100.015
30163,100.015
30164,100.015
30165,100.015
30166,100.015
30167,100.015
30168,100.015
30169,100.015
30170,100.015
30171,100.015
30172,100.015
30173,100.015
30174,100.015
30175,100.015
30176,100.015
30177,100.015
30178,100.015
30179,100.015
30180,100.015
30181,100.015
30182,100.015
30183,100.015
30184,100.015
30185,100.015
30186,100.015
30187,100.015
30188,100.015
30189,100.015
30190,100.015
30191,100.015
30192,100.015
30193,100.015
30194,100.015
30195,100.015
30196,100.015
30197,100.015
30198,100.015
30199,100.015
30200,100.015
30201,100.015
30202,100.015
30203,100.015
30204,100.015
30205,100.015
30206,100.015
30207,100.015
30208,100.015
30209,100.015
30210,100.015
30211,100.015
30212,100.015
30213,100.015
30214,100.015
30215,100.015
30216,100.015
30217,100.015
30218,100.015
30219,100.015
30220,100.015
30221,100.015
30222,100.015
30223,100.015
30224,100.015
30225,100.015
30226,100.015
30227,100.015
30228,100.015
30229,100.015
30230,100.015
30231,100.015
30232,100.015
30233,100.015
30234,100.015
30235,100.015
30236,100.015
30237,99.743
30238,99.743
30239,99.743
30240,99.743
30241,99.743
30242,99.743
30243,99.743
30244,99.743
30245,99.743
30246,99.743
30247,99.743
30248,99.743
30249,99.743
30250,99.743
30251,99.743
30252,99.743
30253,99.743
30254,99.743
30255,99.743
30256,99.743
30257,99.743
30258,99.743
30259,99.743
30260,99.743
30261,99.743
30262,99.743
30263,99.743
30264,99.743
30265,99.743
30266,99.743
30267,99.743
30268,99.743
30269,99.743
30270,99.743
30271,99.743
30272,99.743
30273,99.743
30274,99.743
30275,99.743
30276,99.743
30277,99.743
30278,99.743
30279,99.743
30280,99.743
30281,99.743
30282,99.743
30283,99.743
30284,99.743
30285,99.743
30286,99.743
30287,99.743
30288,99.743
30289,99.743
30290,99.743
30291,99.743
30292,99.743
30293,99.743
30294,99.743
30295,99.743
30296,99.743
30297,99.743
30298,99.743
30299,99.743
30300,99.743
30301,99.743
30302,99.743
30303,99.743
30304,99.743
30305,99.743
30306,99.743
30307,99.743
30308,99.743
30309,99.743
30310,99.743
30311,99.743
30312,99.743
30313,99.743
30314,99.743
30315,99.743
30316,99.743
30317,99.743
30318,99.743
30319,99.743
30320,99.743
30321,99.743
30322,99.743
30323,99.743
30324,99.743
30325,99.743
30326,99.743
30327,99.743
30328,99.743
30329,99.743
30330,99.743
30331,99.743
30332,99.743
30333,99.743
30334,99.743
30335,99.743
30336,99.743
30337,99.743
30338,99.743
30339,99.743
30340,99.743
30341,99.743
30342,99.743
30343,99.743
30344,99.743
30345,99.743
30346,99.743
30347,99.743
30348,99.743
30349,99.743
30350,99.743
30351,99.743
30352,99.743
30353,99.743
30354,99.743
30355,99.743
30356,99.743
30357,99.743
30358,99.743
30359,99.743
30360,99.743
30361,99.743
30362,99.743
30363,99.743
30364,99.743
30365,99.743
30366,99.743
30367,99.743
30368,99.743
30369,99.743
30370,99.743
30371,99.743
30372,99.743
30373,99.743
30374,99.743
30375,99.743
30376,99.743
30377,99.743
30378,99.743
30379,99.743
30380,99.743
30381,99.743
30382,99.743
30383,99.743
30384,99.743
30385,99.743
30386,99.743
30387,99.743
30388,99.743
30389,99.743
30390,99.743
30391,99.743
30392,99.743
30393,99.743
30394,99.743
30395,99.743
30396,99.743
30397,99.743
30398,99.743
30399,99.743
30400,99.743
30401,99.743
30402,99.743
30403,99.743
30404,99.743
30405,99.743
30406,99.743
30407,99.743
30408,99.743
30409,99.743
30410,99.743
30411,99.743
30412,99.743
30413,99.743
30414,99.743
30415,99.743
30416,99.743
30417,99.743
30418,99.743
30419,99.743
30420,99.743
30421,99.743
30422,99.743
30423,99.743
30424,99.743
30425,99.743
30426,99.743
30427,99.743
30428,99.743
30429,99.743
30430,99.743
30431,99.743
30432,99.743
30433,99.743
30434,99.743
30435,99.743
30436,98.966
30437,98.966
30438,98.966
30439,98.966
30440,98.966
30441,98.966
30442,98.966
30443,98.966
30444,98.966
30445,98.966
30446,98.966
30447,98.966
30448,98.966
30449,98.966
30450,98.966
30451,98.966
30452,98.966
30453,98.966
30454,98.966
30455,98.966
30456,98.966
30457,98.966
30458,98.966
30459,98.966
30460,98.966
30461,98.966
30462,98.966
30463,98.966
30464,98.966
30465,98.966
30466,98.966
30467,98.966
30468,98.966
30469,98.966
30470,98.966
30471,98.966
30472,98.966
30473,98.966
30474,98.966
30475,98.966
30476,98.966
30477,98.966
30478,98.966
30479,98.966
30480,98.966
30481,98.966
30482,98.966
30483,98.966
30484,98.966
30485,98.966
30486,98.966
30487,98.966
30488,98.966
30489,98.966
30490,98.966
30491,98.966
30492,98.966
30493,98.966
30494,98.966
30495,98.966
30496,98.966
30497,98.966
30498,98.966
30499,98.966
30500,98.966
30501,98.966
30502,98.966
30503,98.966
30504,98.966
30505,98.966
30506,98.966
30507,98.966
30508,98.966
30509,98.966
30510,98.966
30511,98.966
30512,98.966
30513,98.966
30514,98.966
30515,98.966
30516,98.966
30517,98.966
30518,98.966
30519,98.966
30520,98.966
30521,98.966
30522,98.966
30523,98.966
30524,98.966
30525,98.966
30526,98.966
30527,98.966
30528,98.966
30529,98.966
30530,98.966
30531,98.966
30532,98.966
30533,98.966
30534,98.966
30535,98.966
30536,98.966
30537,101.492
30538,101.492
30539,101.492
30540,101.492
30541,101.492
30542,101.492
30543,101.492
30544,101.492
30545,101.492
30546,101.492
30547,101.492
30548,101.492
30549,101.492
30550,101.492
30551,101.492
30552,101.492
30553,101.492
30554,101.492
30555,101.492
30556,101.492
30557,101.492
30558,101.492
30559,101.492
30560,101.492
30561,101.492
30562,101.492
30563,101.492
30564,101.492
30565,101.492
30566,101.492
30567,101.492
30568,101.492
30569,101.492
30570,101.492
30571,101.492
30572,101.492
30573,101.492
30574,101.492
30575,101.492
30576,101.492
30577,101.492
30578,101.492
30579,101.492
30580,101.492
30581,101.492
30582,101.492
30583,101.492
30584,101.492
30585,101.492
30586,101.492
30587,101.492
30588,101.492
30589,101.492
30590,101.492
30591,101.492
30592,101.492
30593,101.492
30594,101.492
30595,101.492
30596,101.492
30597,101.492
30598,101.492
30599,101.492
30600,101.492
30601,101.492
30602,101.492
30603,101.492
30604,101.492
30605,101.492
30606,101.492
30607,101.492
30608,101.492
30609,101.492
30610,101.492
30611,101.492
30612,101.492
30613,101.492
30614,101.492
30615,101.492
30616,101.492
30617,101.492
30618,101.492
30619,101.492
30620,101.492
30621,101.492
30622,101.492
30623,101.492
30624,101.492
30625,101.492
30626,101.492
30627,101.492
30628,101.492
30629,101.492
30630,101.492
30631,101.492
30632,101.492
30633,101.492
30634,101.492
30635,101.492
30636,101.492
30637,100.894
30638,100.894
30639,100.894
30640,100.894
30641,100.894
30642,100.894
30643,100.894
30644,100.894
30645,100.894
30646,100.894
30647,100.894
30648,100.894
30649,100.894
30650,100.894
30651,100.894
30652,100.894
30653,100.894
30654,100.894
30655,100.894
30656,100.894
30657,100.894
30658,100.894
30659,100.894
30660,100.894
30661,100.894
30662,100.894
30663,100.894
30664,100.894
30665,100.894
30666,100.894
30667,100.894
30668,100.894
30669,100.894
30670,100.894
30671,100.894
30672,100.894
30673,100.894
30674,100.894
30675,100.894
30676,100.894
30677,100.894
30678,100.894
30679,100.894
30680,100.894
30681,100.894
30682,100.894
30683,100.894
30684,100.894
30685,100.894
30686,100.894
30687,100.894
30688,100.894
30689,100.894
30690,100.894
30691,100.894
30692,100.894
30693,100.894
30694,100.894
30695,100.894
30696,100.894
30697,100.894
30698,100.894
30699,100.894
30700,100.894
30701,100.894
30702,100.894
30703,100.894
30704,100.894
30705,100.894
30706,100.894
30707,100.894
30708,100.894
30709,100.894
30710,100.894
30711,100.894
30712,100.894
30713,100.894
30714,100.894
30715,100.894
30716,100.894
30717,100.894
30718,100.894
30719,100.894
30720,100.894
30721,100.894
30722,100.894
30723,100.894
30724,100.894
30725,100.894
30726,100.894
30727,100.894
30728,100.894
30729,100.894
30730,100.894
30731,100.894
30732,100.894
30733,100.894
30734,100.894
30735,100.894
30736,100.894
30737,100.894
30738,99.144
30739,99.144
30740,99.144
30741,99.144
30742,99.144
30743,99.144
30744,99.144
30745,99.144
30746,99.144
30747,99.144
30748,99.144
30749,99.144
30750,99.144
30751,99.144
30752,99.144
30753,99.144
30754,99.144
30755,99.144
30756,99.144
30757,99.144
30758,99.144
30759,99.144
30760,99.144
30761,99.144
30762,99.144
30763,99.144
30764,99.144
30765,99.144
30766,99.144
30767,99.144
30768,99.144
30769,99.144
30770,99.144
30771,99.144
30772,99.144
30773,99.144
30774,99.144
30775,99.144
30776,99.144
30777,99.144
30778,99.144
30779,99.144
30780,99.144
30781,99.144
30782,99.144
30783,99.144
30784,99.144
30785,99.144
30786,99.144
30787,99.144
30788,99.144
30789,99.144
30790,99.144
30791,99.144
30792,99.144
30793,99.144
30794,99.144
30795,99.144
30796,99.144
30797,99.144
30798,99.144
30799,99.144
30800,99.144
30801,99.144
30802,99.144
30803,99.144
30804,99.144
30805,99.144
30806,99.144
30807,99.144
30808,99.144
30809,99.144
30810,99.144
30811,99.144
30812,99.144
30813,99.144
30814,99.144
30815,99.144
30816,99.144
30817,99.144
30818,99.144
30819,99.144
30820,99.144
30821,99.144
30822,99.144
30823,99.144
30824,99.144
30825,99.144
30826,99.144
30827,99.144
30828,99.144
30829,99.144
30830,99.144
30831,99.144
30832,99.144
30833,99.144
30834,99.144
30835,99.144
30836,99.144
30837,99.144
30838,99.144
30839,99.144
30840,99.144
30841,99.144
30842,99.144
30843,99.144
30844,99.144
30845,99.144
30846,99.144
30847,99.144
30848,99.144
30849,99.144
30850,99.144
30851,99.144
30852,99.144
30853,99.144
30854,99.144
30855,99.144
30856,99.144
30857,99.144
30858,99.144
30859,99.144
30860,99.144
30861,99.144
30862,99.144
30863,99.144
30864,99.144
30865,99.144
30866,99.144
30867,99.144
30868,99.144
30869,99.144
30870,99.144
30871,99.144
30872,99.144
30873,99.144
30874,99.144
30875,99.144
30876,99.144
30877,99.144
30878,99.144
30879,99.144
30880,99.144
30881,99.144
30882,99.144
30883,99.144
30884,99.144
30885,99.144
30886,99.144
30887,99.144
30888,99.144
30889,99.144
30890,99.144
30891,99.144
30892,99.144
30893,99.144
30894,99.144
30895,99.144
30896,99.144
30897,99.144
30898,99.144
30899,99.144
30900,99.144
30901,99.144
30902,99.144
30903,99.144
30904,99.144
30905,99.144
30906,99.144
30907,99.144
30908,99.144
30909,99.144
30910,99.144
30911,99.144
30912,99.144
30913,99.144
30914,99.144
30915,99.144
30916,99.144
30917,99.144
30918,99.144
30919,99.144
30920,99.144
30921,99.144
30922,99.144
30923,99.144
30924,99.144
30925,99.144
30926,99.144
30927,99.144
30928,99.144
30929,99.144
30930,99.144
30931,99.144
30932,99.144
30933,99.144
30934,99.144
30935,99.144
30936,99.144
30937,99.144
30938,99.144
30939,99.144
30940,99.144
30941,99.144
30942,99.144
30943,99.144
30944,99.144
30945,99.144
30946,99.144
30947,99.144
30948,99.144
30949,99.144
30950,99.144
30951,99.144
30952,99.144
30953,99.144
30954,99.144
30955,99.144
30956,99.144
30957,99.144
30958,99.144
30959,99.144
30960,99.144
30961,99.144
30962,99.144
30963,99.144
30964,99.144
30965,99.144
30966,99.144
30967,99.144
30968,99.144
30969,99.144
30970,99.144
30971,99.144
30972,99.144
30973,99.144
30974,99.144
30975,99.144
30976,99.144
30977,99.144
30978,99.144
30979,99.144
30980,99.144
30981,99.144
30982,99.144
30983,99.144
30984,99.144
30985,99.144
30986,99.144
30987,99.144
30988,99.144
30989,99.144
30990,99.144
30991,99.144
30992,99.144
30993,99.144
30994,99.144
30995,99.144
30996,99.144
30997,99.144
30998,99.144
30999,99.144
31000,99.144
31001,99.144
31002,99.144
31003,99.144
31004,99.144
31005,99.144
31006,99.144
31007,99.144
31008,99.144
31009,99.144
31010,99.144
31011,99.144
31012,99.144
31013,99.144
31014,99.144
31015,99.144
31016,99.144
31017,99.144
31018,99.144
31019,99.144
31020,99.144
31021,99.144
31022,99.144
31023,99.144
31024,99.144
31025,99.144
31026,99.144
31027,99.144
31028,99.144
31029,99.144
31030,99.144
31031,99.144
31032,99.144
31033,99.144
31034,99.144
31035,99.144
31036,99.845
31037,99.845
31038,99.845
31039,99.845
31040,99.845
31041,99.845
31042,99.845
31043,99.845
31044,99.845
31045,99.845
31046,99.845
31047,99.845
31048,99.845
31049,99.845
31050,99.845
31051,99.845
31052,99.845
31053,99.845
31054,99.845
31055,99.845
31056,99.845
31057,99.845
31058,99.845
31059,99.845
31060,99.845
31061,99.845
31062,99.845
31063,99.845
31064,99.845
31065,99.845
31066,99.845
31067,99.845
31068,99.845
31069,99.845
31070,99.845
31071,99.845
31072,99.845
31073,99.845
31074,99.845
31075,99.845
31076,99.845
31077,99.845
31078,99.845
31079,99.845
31080,99.845
31081,99.845
31082,99.845
31083,99.845
31084,99.845
31085,99.845
31086,99.845
31087,99.845
31088,99.845
31089,99.845
31090,99.845
31091,99.845
31092,99.845
31093,99.845
31094,99.845
31095,99.845
31096,99.845
31097,99.845
31098,99.845
31099,99.845
31100,99.845
31101,99.845
31102,99.845
31103,99.845
31104,99.845
31105,99.845
31106,99.845
31107,99.845
31108,99.845
31109,99.845
31110,99.845
31111,99.845
31112,99.845
31113,99.845
31114,99.845
31115,99.845
31116,99.845
31117,99.845
31118,99.845
31119,99.845
31120,99.845
31121,99.845
31122,99.845
31123,99.845
31124,99.845
31125,99.845
31126,99.845
31127,99.845
31128,99.845
31129,99.845
31130,99.845
31131,99.845
31132,99.845
31133,99.845
31134,99.845
31135,99.845
31136,99.246
31137,99.246
31138,99.246
31139,99.246
31140,99.246
31141,99.246
31142,99.246
31143,99.246
31144,99.246
31145,99.246
31146,99.246
31147,99.246
31148,99.246
31149,99.246
31150,99.246
31151,99.246
31152,99.246
31153,99.246
31154,99.246
31155,99.246
31156,99.246
31157,99.246
31158,99.246
31159,99.246
31160,99.246
31161,99.246
31162,99.246
31163,99.246
31164,99.246
31165,99.246
31166,99.246
31167,99.246
31168,99.246
31169,99.246
31170,99.246
31171,99.246
31172,99.246
31173,99.246
31174,99.246
31175,99.246
31176,99.246
31177,99.246
31178,99.246
31179,99.246
31180,99.246
31181,99.246
31182,99.246
31183,99.246
31184,99.246
31185,99.246
31186,99.246
31187,99.246
31188,99.246
31189,99.246
31190,99.246
31191,99.246
31192,99.246
31193,99.246
31194,99.246
31195,99.246
31196,99.246
31197,99.246
31198,99.246
31199,99.246
31200,99.246
31201,99.246
31202,99.246
31203,99.246
31204,99.246
31205,99.246
31206,99.246
31207,99.246
31208,99.246
31209,99.246
31210,99.246
31211,99.246
31212,99.246
31213,99.246
31214,99.246
31215,99.246
31216,99.246
31217,99.246
31218,99.246
31219,99.246
31220,99.246
31221,99.246
31222,99.246
31223,99.246
31224,99.246
31225,99.246
31226,99.246
31227,99.246
31228,99.246
31229,99.246
31230,99.246
31231,99.246
31232,99.246
31233,99.246
31234,99.246
31235,99.246
31236,99.518
31237,99.518
31238,99.518
31239,99.518
31240,99.518
31241,99.518
31242,99.518
31243,99.518
31244,99.518
31245,99.518
31246,99.518
31247,99.518
31248,99.518
31249,99.518
31250,99.518
31251,99.518
31252,99.518
31253,99.518
31254,99.518
31255,99.518
31256,99.518
31257,99.518
31258,99.518
31259,99.518
31260,99.518
31261,99.518
31262,99.518
31263,99.518
31264,99.518
31265,99.518
31266,99.518
31267,99.518
31268,99.518
31269,99.518
31270,99.518
31271,99.518
31272,99.518
31273,99.518
31274,99.518
31275,99.518
31276,99.518
31277,99.518
31278,99.518
31279,99.518
31280,99.518
31281,99.518
31282,99.518
31283,99.518
31284,99.518
31285,99.518
31286,99.518
31287,99.518
31288,99.518
31289,99.518
31290,99.518
31291,99.518
31292,99.518
31293,99.518
31294,99.518
31295,99.518
31296,99.518
31297,99.518
31298,99.518
31299,99.518
31300,99.518
31301,99.518
31302,99.518
31303,99.518
31304,99.518
31305,99.518
31306,99.518
31307,99.518
31308,99.518
31309,99.518
31310,99.518
31311,99.518
31312,99.518
31313,99.518
31314,99.518
31315,99.518
31316,99.518
31317,99.518
31318,99.518
31319,99.518
31320,99.518
31321,99.518
31322,99.518
31323,99.518
31324,99.518
31325,99.518
31326,99.518
31327,99.518
31328,99.518
31329,99.518
31330,99.518
31331,99.518
31332,99.518
31333,99.518
31334,99.518
31335,99.518
31336,100.39
31337,100.39
31338,100.39
31339,100.39
31340,100.39
31341,100.39
31342,100.39
31343,100.39
31344,100.39
31345,100.39
31346,100.39
31347,100.39
31348,100.39
31349,100.39
31350,100.39
31351,100.39
31352,100.39
31353,100.39
31354,100.39
31355,100.39
31356,100.39
31357,100.39
31358,100.39
31359,100.39
31360,100.39
31361,100.39
31362,100.39
31363,100.39
31364,100.39
31365,100.39
31366,100.39
31367,100.39
31368,100.39
31369,100.39
31370,100.39
31371,100.39
31372,100.39
31373,100.39
31374,100.39
31375,100.39
31376,100.39
31377,100.39
31378,100.39
31379,100.39
31380,100.39
31381,100.39
31382,100.39
31383,100.39
31384,100.39
31385,100.39
31386,100.39
31387,100.39
31388,100.39
31389,100.39
31390,100.39
31391,100.39
31392,100.39
31393,100.39
31394,100.39
31395,100.39
31396,100.39
31397,100.39
31398,100.39
31399,100.39
31400,100.39
31401,100.39
31402,100.39
31403,100.39
31404,100.39
31405,100.39
31406,100.39
31407,100.39
31408,100.39
31409,100.39
31410,100.39
31411,100.39
31412,100.39
31413,100.39
31414,100.39
31415,100.39
31416,100.39
31417,100.39
31418,100.39
31419,100.39
31420,100.39
31421,100.39
31422,100.39
31423,100.39
31424,100.39
31425,100.39
31426,100.39
31427,100.39
31428,100.39
31429,100.39
31430,100.39
31431,100.39
31432,100.39
31433,100.39
31434,100.39
31435,100.39
31436,101.597
31437,101.597
31438,101.597
31439,101.597
31440,101.597
31441,101.597
31442,101.597
31443,101.597
31444,101.597
31445,101.597
31446,101.597
31447,101.597
31448,101.597
31449,101.597
31450,101.597
31451,101.597
31452,101.597
31453,101.597
31454,101.597
31455,101.597
31456,101.597
31457,101.597
31458,101.597
31459,101.597
31460,101.597
31461,101.597
31462,101.597
31463,101.597
31464,101.597
31465,101.597
31466,101.597
31467,101.597
31468,101.597
31469,101.597
31470,101.597
31471,101.597
31472,101.597
31473,101.597
31474,101.597
31475,101.597
31476,101.597
31477,101.597
31478,101.597
31479,101.597
31480,101.597
31481,101.597
31482,101.597
31483,101.597
31484,101.597
31485,101.597
31486,101.597
31487,101.597
31488,101.597
31489,101.597
31490,101.597
31491,101.597
31492,101.597
31493,101.597
31494,101.597
31495,101.597
31496,101.597
31497,101.597
31498,101.597
31499,101.597
31500,101.597
31501,101.597
31502,101.597
31503,101.597
31504,101.597
31505,101.597
31506,101.597
31507,101.597
31508,101.597
31509,101.597
31510,101.597
31511,101.597
31512,101.597
31513,101.597
31514,101.597
31515,101.597
31516,101.597
31517,101.597
31518,101.597
31519,101.597
31520,101.597
31521,101.597
31522,101.597
31523,101.597
31524,101.597
31525,101.597
31526,101.597
31527,101.597
31528,101.597
31529,101.597
31530,101.597
31531,101.597
31532,101.597
31533,101.597
31534,101.597
31535,101.597
31536,100.39
31537,100.39
31538,100.39
31539,100.39
31540,100.39
31541,100.39
31542,100.39
31543,100.39
31544,100.39
31545,100.39
31546,100.39
31547,100.39
31548,100.39
31549,100.39
31550,100.39
31551,100.39
31552,100.39
31553,100.39
31554,100.39
31555,100.39
31556,100.39
31557,100.39
31558,100.39
31559,100.39
31560,100.39
31561,100.39
31562,100.39
31563,100.39
31564,100.39
31565,100.39
31566,100.39
31567,100.39
31568,100.39
31569,100.39
31570,100.39
31571,100.39
31572,100.39
31573,100.39
31574,100.39
31575,100.39
31576,100.39
31577,100.39
31578,100.39
31579,100.39
31580,100.39
31581,100.39
31582,100.39
31583,100.39
31584,100.39
31585,100.39
31586,100.39
31587,100.39
31588,100.39
31589,100.39
31590,100.39
31591,100.39
31592,100.39
31593,100.39
31594,100.39
31595,100.39
31596,100.39
31597,100.39
31598,100.39
31599,100.39
31600,100.39
31601,100.39
31602,100.39
31603,100.39
31604,100.39
31605,100.39
31606,100.39
31607,100.39
31608,100.39
31609,100.39
31610,100.39
31611,100.39
31612,100.39
31613,100.39
31614,100.39
31615,100.39
31616,100.39
31617,100.39
31618,100.39
31619,100.39
31620,100.39
31621,100.39
31622,100.39
31623,100.39
31624,100.39
31625,100.39
31626,100.39
31627,100.39
31628,100.39
31629,100.39
31630,100.39
31631,100.39
31632,100.39
31633,100.39
31634,100.39
31635,100.39
31636,99.246
31637,99.246
31638,99.246
31639,99.246
31640,99.246
31641,99.246
31642,99.246
31643,99.246
31644,99.246
31645,99.246
31646,99.246
31647,99.246
31648,99.246
31649,99.246
31650,99.246
31651,99.246
31652,99.246
31653,99.246
31654,99.246
31655,99.246
31656,99.246
31657,99.246
31658,99.246
31659,99.246
31660,99.246
31661,99.246
31662,99.246
31663,99.246
31664,99.246
31665,99.246
31666,99.246
31667,99.246
31668,99.246
31669,99.246
31670,99.246
31671,99.246
31672,99.246
31673,99.246
31674,99.246
31675,99.246
31676,99.246
31677,99.246
31678,99.246
31679,99.246
31680,99.246
31681,99.246
31682,99.246
31683,99.246
31684,99.246
31685,99.246
31686,99.246
31687,99.246
31688,99.246
31689,99.246
31690,99.246
31691,99.246
31692,99.246
31693,99.246
31694,99.246
31695,99.246
31696,99.246
31697,99.246
31698,99.246
31699,99.246
31700,99.246
31701,99.246
31702,99.246
31703,99.246
31704,99.246
31705,99.246
31706,99.246
31707,99.246
31708,99.246
31709,99.246
31710,99.246
31711,99.246
31712,99.246
31713,99.246
31714,99.246
31715,99.246
31716,99.246
31717,99.246
31718,99.246
31719,99.246
31720,99.246
31721,99.246
31722,99.246
31723,99.246
31724,99.246
31725,99.246
31726,99.246
31727,99.246
31728,99.246
31729,99.246
31730,99.246
31731,99.246
31732,99.246
31733,99.246
31734,99.246
31735,99.246
31736,99.144
31737,99.144
31738,99.144
31739,99.144
31740,99.144
31741,99.144
31742,99.144
31743,99.144
31744,99.144
31745,99.144
31746,99.144
31747,99.144
31748,99.144
31749,99.144
31750,99.144
31751,99.144
31752,99.144
31753,99.144
31754,99.144
31755,99.144
31756,99.144
31757,99.144
31758,99.144
31759,99.144
31760,99.144
31761,99.144
31762,99.144
31763,99.144
31764,99.144
31765,99.144
31766,99.144
31767,99.144
31768,99.144
31769,99.144
31770,99.144
31771,99.144
31772,99.144
31773,99.144
31774,99.144
31775,99.144
31776,99.144
31777,99.144
31778,99.144
31779,99.144
31780,99.144
31781,99.144
31782,99.144
31783,99.144
31784,99.144
31785,99.144
31786,99.144
31787,99.144
31788,99.144
31789,99.144
31790,99.144
31791,99.144
31792,99.144
31793,99.144
31794,99.144
31795,99.144
31796,99.144
31797,99.144
31798,99.144
31799,99.144
31800,99.144
31801,99.144
31802,99.144
31803,99.144
31804,99.144
31805,99.144
31806,99.144
31807,99.144
31808,99.144
31809,99.144
31810,99.144
31811,99.144
31812,99.144
31813,99.144
31814,99.144
31815,99.144
31816,99.144
31817,99.144
31818,99.144
31819,99.144
31820,99.144
31821,99.144
31822,99.144
31823,99.144
31824,99.144
31825,99.144
31826,99.144
31827,99.144
31828,99.144
31829,99.144
31830,99.144
31831,99.144
31832,99.144
31833,99.144
31834,99.144
31835,99.144
31836,98.864
31837,98.864
31838,98.864
31839,98.864
31840,98.864
31841,98.864
31842,98.864
31843,98.864
31844,98.864
31845,98.864
31846,98.864
31847,98.864
31848,98.864
31849,98.864
31850,98.864
31851,98.864
31852,98.864
31853,98.864
31854,98.864
31855,98.864
31856,98.864
31857,98.864
31858,98.864
31859,98.864
31860,98.864
31861,98.864
31862,98.864
31863,98.864
31864,98.864
31865,98.864
31866,98.864
31867,98.864
31868,98.864
31869,98.864
31870,98.864
31871,98.864
31872,98.864
31873,98.864
31874,98.864
31875,98.864
31876,98.864
31877,98.864
31878,98.864
31879,98.864
31880,98.864
31881,98.864
31882,98.864
31883,98.864
31884,98.864
31885,98.864
31886,98.864
31887,98.864
31888,98.864
31889,98.864
31890,98.864
31891,98.864
31892,98.864
31893,98.864
31894,98.864
31895,98.864
31896,98.864
31897,98.864
31898,98.864
31899,98.864
31900,98.864
31901,98.864
31902,98.864
31903,98.864
31904,98.864
31905,98.864
31906,98.864
31907,98.864
31908,98.864
31909,98.864
31910,98.864
31911,98.864
31912,98.864
31913,98.864
31914,98.864
31915,98.864
31916,98.864
31917,98.864
31918,98.864
31919,98.864
31920,98.864
31921,98.864
31922,98.864
31923,98.864
31924,98.864
31925,98.864
31926,98.864
31927,98.864
31928,98.864
31929,98.864
31930,98.864
31931,98.864
31932,98.864
31933,98.864
31934,98.864
31935,98.864
31936,99.743
31937,99.743
31938,99.743
31939,99.743
31940,99.743
31941,99.743
31942,99.743
31943,99.743
31944,99.743
31945,99.743
31946,99.743
31947,99.743
31948,99.743
31949,99.743
31950,99.743
31951,99.743
31952,99.743
31953,99.743
31954,99.743
31955,99.743
31956,99.743
31957,99.743
31958,99.743
31959,99.743
31960,99.743
31961,99.743
31962,99.743
31963,99.743
31964,99.743
31965,99.743
31966,99.743
31967,99.743
31968,99.743
31969,99.743
31970,99.743
31971,99.743
31972,99.743
31973,99.743
31974,99.743
31975,99.743
31976,99.743
31977,99.743
31978,99.743
31979,99.743
31980,99.743
31981,99.743
31982,99.743
31983,99.743
31984,99.743
31985,99.743
31986,99.743
31987,99.743
31988,99.743
31989,99.743
31990,99.743
31991,99.743
31992,99.743
31993,99.743
31994,99.743
31995,99.743
31996,99.743
31997,99.743
31998,99.743
31999,99.743
32000,99.743
32001,99.743
32002,99.743
32003,99.743
32004,99.743
32005,99.743
32006,99.743
32007,99.743
32008,99.743
32009,99.743
32010,99.743
32011,99.743
32012,99.743
32013,99.743
32014,99.743
32015,99.743
32016,99.743
32017,99.743
32018,99.743
32019,99.743
32020,99.743
32021,99.743
32022,99.743
32023,99.743
32024,99.743
32025,99.743
32026,99.743
32027,99.743
32028,99.743
32029,99.743
32030,99.743
32031,99.743
32032,99.743
32033,99.743
32034,99.743
32035,99.743
32036,99.416
32037,99.416
32038,99.416
32039,99.416
32040,99.416
32041,99.416
32042,99.416
32043,99.416
32044,99.416
32045,99.416
32046,99.416
32047,99.416
32048,99.416
32049,99.416
32050,99.416
32051,99.416
32052,99.416
32053,99.416
32054,99.416
32055,99.416
32056,99.416
32057,99.416
32058,99.416
32059,99.416
32060,99.416
32061,99.416
32062,99.416
32063,99.416
32064,99.416
32065,99.416
32066,99.416
32067,99.416
32068,99.416
32069,99.416
32070,99.416
32071,99.416
32072,99.416
32073,99.416
32074,99.416
32075,99.416
32076,99.416
32077,99.416
32078,99.416
32079,99.416
32080,99.416
32081,99.416
32082,99.416
32083,99.416
32084,99.416
32085,99.416
32086,99.416
32087,99.416
32088,99.416
32089,99.416
32090,99.416
32091,99.416
32092,99.416
32093,99.416
32094,99.416
32095,99.416
32096,99.416
32097,99.416
32098,99.416
32099,99.416
32100,99.416
32101,99.416
32102,99.416
32103,99.416
32104,99.416
32105,99.416
32106,99.416
32107,99.416
32108,99.416
32109,99.416
32110,99.416
32111,99.416
32112,99.416
32113,99.416
32114,99.416
32115,99.416
32116,99.416
32117,99.416
32118,99.416
32119,99.416
32120,99.416
32121,99.416
32122,99.416
32123,99.416
32124,99.416
32125,99.416
32126,99.416
32127,99.416
32128,99.416
32129,99.416
32130,99.416
32131,99.416
32132,99.416
32133,99.416
32134,99.416
32135,99.416
32136,100.015
32137,100.015
32138,100.015
32139,100.015
32140,100.015
32141,100.015
32142,100.015
32143,100.015
32144,100.015
32145,100.015
32146,100.015
32147,100.015
32148,100.015
32149,100.015
32150,100.015
32151,100.015
32152,100.015
32153,100.015
32154,100.015
32155,100.015
32156,100.015
32157,100.015
32158,100.015
32159,100.015
32160,100.015
32161,100.015
32162,100.015
32163,100.015
32164,100.015
32165,100.015
32166,100.015
32167,100.015
32168,100.015
32169,100.015
32170,100.015
32171,100.015
32172,100.015
32173,100.015
32174,100.015
32175,100.015
32176,100.015
32177,100.015
32178,100.015
32179,100.015
32180,100.015
32181,100.015
32182,100.015
32183,100.015
32184,100.015
32185,100.015
32186,100.015
32187,100.015
32188,100.015
32189,100.015
32190,100.015
32191,100.015
32192,100.015
32193,100.015
32194,100.015
32195,100.015
32196,100.015
32197,100.015
32198,100.015
32199,100.015
32200,100.015
32201,100.015
32202,100.015
32203,100.015
32204,100.015
32205,100.015
32206,100.015
32207,100.015
32208,100.015
32209,100.015
32210,100.015
32211,100.015
32212,100.015
32213,100.015
32214,100.015
32215,100.015
32216,100.015
32217,100.015
32218,100.015
32219,100.015
32220,100.015
32221,100.015
32222,100.015
32223,100.015
32224,100.015
32225,100.015
32226,100.015
32227,100.015
32228,100.015
32229,100.015
32230,100.015
32231,100.015
32232,100.015
32233,100.015
32234,100.015
32235,100.015
32236,100.725
32237,100.725
32238,100.725
32239,100.725
32240,100.725
32241,100.725
32242,100.725
32243,100.725
32244,100.725
32245,100.725
32246,100.725
32247,100.725
32248,100.725
32249,100.725
32250,100.725
32251,100.725
32252,100.725
32253,100.725
32254,100.725
32255,100.725
32256,100.725
32257,100.725
32258,100.725
32259,100.725
32260,100.725
32261,100.725
32262,100.725
32263,100.725
32264,100.725
32265,100.725
32266,100.725
32267,100.725
32268,100.725
32269,100.725
32270,100.725
32271,100.725
32272,100.725
32273,100.725
32274,100.725
32275,100.725
32276,100.725
32277,100.725
32278,100.725
32279,100.725
32280,100.725
32281,100.725
32282,100.725
32283,100.725
32284,100.725
32285,100.725
32286,100.725
32287,100.725
32288,100.725
32289,100.725
32290,100.725
32291,100.725
32292,100.725
32293,100.725
32294,100.725
32295,100.725
32296,100.725
32297,100.725
32298,100.725
32299,100.725
32300,100.725
32301,100.725
32302,100.725
32303,100.725
32304,100.725
32305,100.725
32306,100.725
32307,100.725
32308,100.725
32309,100.725
32310,100.725
32311,100.725
32312,100.725
32313,100.725
32314,100.725
32315,100.725
32316,100.725
32317,100.725
32318,100.725
32319,100.725
32320,100.725
32321,100.725
32322,100.725
32323,100.725
32324,100.725
32325,100.725
32326,100.725
32327,100.725
32328,100.725
32329,100.725
32330,100.725
32331,100.725
32332,100.725
32333,100.725
32334,100.725
32335,100.725
32336,101.22
32337,101.22
32338,101.22
32339,101.22
32340,101.22
32341,101.22
32342,101.22
32343,101.22
32344,101.22
32345,101.22
32346,101.22
32347,101.22
32348,101.22
32349,101.22
32350,101.22
32351,101.22
32352,101.22
32353,101.22
32354,101.22
32355,101.22
32356,101.22
32357,101.22
32358,101.22
32359,101.22
32360,101.22
32361,101.22
32362,101.22
32363,101.22
32364,101.22
32365,101.22
32366,101.22
32367,101.22
32368,101.22
32369,101.22
32370,101.22
32371,101.22
32372,101.22
32373,101.22
32374,101.22
32375,101.22
32376,101.22
32377,101.22
32378,101.22
32379,101.22
32380,101.22
32381,101.22
32382,101.22
32383,101.22
32384,101.22
32385,101.22
32386,101.22
32387,101.22
32388,101.22
32389,101.22
32390,101.22
32391,101.22
32392,101.22
32393,101.22
32394,101.22
32395,101.22
32396,101.22
32397,101.22
32398,101.22
32399,101.22
32400,101.22
32401,101.22
32402,101.22
32403,101.22
32404,101.22
32405,101.22
32406,101.22
32407,101.22
32408,101.22
32409,101.22
32410,101.22
32411,101.22
32412,101.22
32413,101.22
32414,101.22
32415,101.22
32416,101.22
32417,101.22
32418,101.22
32419,101.22
32420,101.22
32421,101.22
32422,101.22
32423,101.22
32424,101.22
32425,101.22
32426,101.22
32427,101.22
32428,101.22
32429,101.22
32430,101.22
32431,101.22
32432,101.22
32433,101.22
32434,101.22
32435,101.22
32436,99.743
32437,99.743
32438,99.743
32439,99.743
32440,99.743
32441,99.743
32442,99.743
32443,99.743
32444,99.743
32445,99.743
32446,99.743
32447,99.743
32448,99.743
32449,99.743
32450,99.743
32451,99.743
32452,99.743
32453,99.743
32454,99.743
32455,99.743
32456,99.743
32457,99.743
32458,99.743
32459,99.743
32460,99.743
32461,99.743
32462,99.743
32463,99.743
32464,99.743
32465,99.743
32466,99.743
32467,99.743
32468,99.743
32469,99.743
32470,99.743
32471,99.743
32472,99.743
32473,99.743
32474,99.743
32475,99.743
32476,99.743
32477,99.743
32478,99.743
32479,99.743
32480,99.743
32481,99.743
32482,99.743
32483,99.743
32484,99.743
32485,99.743
32486,99.743
32487,99.743
32488,99.743
32489,99.743
32490,99.743
32491,99.743
32492,99.743
32493,99.743
32494,99.743
32495,99.743
32496,99.743
32497,99.743
32498,99.743
32499,99.743
32500,99.743
32501,99.743
32502,99.743
32503,99.743
32504,99.743
32505,99.743
32506,99.743
32507,99.743
32508,99.743
32509,99.743
32510,99.743
32511,99.743
32512,99.743
32513,99.743
32514,99.743
32515,99.743
32516,99.743
32517,99.743
32518,99.743
32519,99.743
32520,99.743
32521,99.743
32522,99.743
32523,99.743
32524,99.743
32525,99.743
32526,99.743
32527,99.743
32528,99.743
32529,99.743
32530,99.743
32531,99.743
32532,99.743
32533,99.743
32534,99.743
32535,99.743
32536,99.144
32537,99.144
32538,99.144
32539,99.144
32540,99.144
32541,99.144
32542,99.144
32543,99.144
32544,99.144
32545,99.144
32546,99.144
32547,99.144
32548,99.144
32549,99.144
32550,99.144
32551,99.144
32552,99.144
32553,99.144
32554,99.144
32555,99.144
32556,99.144
32557,99.144
32558,99.144
32559,99.144
32560,99.144
32561,99.144
32562,99.144
32563,99.144
32564,99.144
32565,99.144
32566,99.144
32567,99.144
32568,99.144
32569,99.144
32570,99.144
32571,99.144
32572,99.144
32573,99.144
32574,99.144
32575,99.144
32576,99.144
32577,99.144
32578,99.144
32579,99.144
32580,99.144
32581,99.144
32582,99.144
32583,99.144
32584,99.144
32585,99.144
32586,99.144
32587,99.144
32588,99.144
32589,99.144
32590,99.144
32591,99.144
32592,99.144
32593,99.144
32594,99.144
32595,99.144
32596,99.144
32597,99.144
32598,99.144
32599,99.144
32600,99.144
32601,99.144
32602,99.144
32603,99.144
32604,99.144
32605,99.144
32606,99.144
32607,99.144
32608,99.144
32609,99.144
32610,99.144
32611,99.144
32612,99.144
32613,99.144
32614,99.144
32615,99.144
32616,99.144
32617,99.144
32618,99.144
32619,99.144
32620,99.144
32621,99.144
32622,99.144
32623,99.144
32624,99.144
32625,99.144
32626,99.144
32627,99.144
32628,99.144
32629,99.144
32630,99.144
32631,99.144
32632,99.144
32633,99.144
32634,99.144
32635,99.144
32636,99.416
32637,99.416
32638,99.416
32639,99.416
32640,99.416
32641,99.416
32642,99.416
32643,99.416
32644,99.416
32645,99.416
32646,99.416
32647,99.416
32648,99.416
32649,99.416
32650,99.416
32651,99.416
32652,99.416
32653,99.416
32654,99.416
32655,99.416
32656,99.416
32657,99.416
32658,99.416
32659,99.416
32660,99.416
32661,99.416
32662,99.416
32663,99.416
32664,99.416
32665,99.416
32666,99.416
32667,99.416
32668,99.416
32669,99.416
32670,99.416
32671,99.416
32672,99.416
32673,99.416
32674,99.416
32675,99.416
32676,99.416
32677,99.416
32678,99.416
32679,99.416
32680,99.416
32681,99.416
32682,99.416
32683,99.416
32684,99.416
32685,99.416
32686,99.416
32687,99.416
32688,99.416
32689,99.416
32690,99.416
32691,99.416
32692,99.416
32693,99.416
32694,99.416
32695,99.416
32696,99.416
32697,99.416
32698,99.416
32699,99.416
32700,99.416
32701,99.416
32702,99.416
32703,99.416
32704,99.416
32705,99.416
32706,99.416
32707,99.416
32708,99.416
32709,99.416
32710,99.416
32711,99.416
32712,99.416
32713,99.416
32714,99.416
32715,99.416
32716,99.416
32717,99.416
32718,99.416
32719,99.416
32720,99.416
32721,99.416
32722,99.416
32723,99.416
32724,99.416
32725,99.416
32726,99.416
32727,99.416
32728,99.416
32729,99.416
32730,99.416
32731,99.416
32732,99.416
32733,99.416
32734,99.416
32735,99.416
32736,99.416
32737,99.416
32738,99.416
32739,99.416
32740,99.416
32741,99.416
32742,99.416
32743,99.416
32744,99.416
32745,99.416
32746,99.416
32747,99.416
32748,99.416
32749,99.416
32750,99.416
32751,99.416
32752,99.416
32753,99.416
32754,99.416
32755,99.416
32756,99.416
32757,99.416
32758,99.416
32759,99.416
32760,99.416
32761,99.416
32762,99.416
32763,99.416
32764,99.416
32765,99.416
32766,99.416
32767,99.416
32768,99.416
32769,99.416
32770,99.416
32771,99.416
32772,99.416
32773,99.416
32774,99.416
32775,99.416
32776,99.416
32777,99.416
32778,99.416
32779,99.416
32780,99.416
32781,99.416
32782,99.416
32783,99.416
32784,99.416
32785,99.416
32786,99.416
32787,99.416
32788,99.416
32789,99.416
32790,99.416
32791,99.416
32792,99.416
32793,99.416
32794,99.416
32795,99.416
32796,99.416
32797,99.416
32798,99.416
32799,99.416
32800,99.416
32801,99.416
32802,99.416
32803,99.416
32804,99.416
32805,99.416
32806,99.416
32807,99.416
32808,99.416
32809,99.416
32810,99.416
32811,99.416
32812,99.416
32813,99.416
32814,99.416
32815,99.416
32816,99.416
32817,99.416
32818,99.416
32819,99.416
32820,99.416
32821,99.416
32822,99.416
32823,99.416
32824,99.416
32825,99.416
32826,99.416
32827,99.416
32828,99.416
32829,99.416
32830,99.416
32831,99.416
32832,99.416
32833,99.416
32834,99.416
32835,99.416
32836,100.287
32837,100.287
32838,100.287
32839,100.287
32840,100.287
32841,100.287
32842,100.287
32843,100.287
32844,100.287
32845,100.287
32846,100.287
32847,100.287
32848,100.287
32849,100.287
32850,100.287
32851,100.287
32852,100.287
32853,100.287
32854,100.287
32855,100.287
32856,100.287
32857,100.287
32858,100.287
32859,100.287
32860,100.287
32861,100.287
32862,100.287
32863,100.287
32864,100.287
32865,100.287
32866,100.287
32867,100.287
32868,100.287
32869,100.287
32870,100.287
32871,100.287
32872,100.287
32873,100.287
32874,100.287
32875,100.287
32876,100.287
32877,100.287
32878,100.287
32879,100.287
32880,100.287
32881,100.287
32882,100.287
32883,100.287
32884,100.287
32885,100.287
32886,100.287
32887,100.287
32888,100.287
32889,100.287
32890,100.287
32891,100.287
32892,100.287
32893,100.287
32894,100.287
32895,100.287
32896,100.287
32897,100.287
32898,100.287
32899,100.287
32900,100.287
32901,100.287
32902,100.287
32903,100.287
32904,100.287
32905,100.287
32906,100.287
32907,100.287
32908,100.287
32909,100.287
32910,100.287
32911,100.287
32912,100.287
32913,100.287
32914,100.287
32915,100.287
32916,100.287
32917,100.287
32918,100.287
32919,100.287
32920,100.287
32921,100.287
32922,100.287
32923,100.287
32924,100.287
32925,100.287
32926,100.287
32927,100.287
32928,100.287
32929,100.287
32930,100.287
32931,100.287
32932,100.287
32933,100.287
32934,100.287
32935,100.287
32936,99.743
32937,99.743
32938,99.743
32939,99.743
32940,99.743
32941,99.743
32942,99.743
32943,99.743
32944,99.743
32945,99.743
32946,99.743
32947,99.743
32948,99.743
32949,99.743
32950,99.743
32951,99.743
32952,99.743
32953,99.743
32954,99.743
32955,99.743
32956,99.743
32957,99.743
32958,99.743
32959,99.743
32960,99.743
32961,99.743
32962,99.743
32963,99.743
32964,99.743
32965,99.743
32966,99.743
32967,99.743
32968,99.743
32969,99.743
32970,99.743
32971,99.743
32972,99.743
32973,99.743
32974,99.743
32975,99.743
32976,99.743
32977,99.743
32978,99.743
32979,99.743
32980,99.743
32981,99.743
32982,99.743
32983,99.743
32984,99.743
32985,99.743
32986,99.743
32987,99.743
32988,99.743
32989,99.743
32990,99.743
32991,99.743
32992,99.743
32993,99.743
32994,99.743
32995,99.743
32996,99.743
32997,99.743
32998,99.743
32999,99.743
33000,99.743
33001,99.743
33002,99.743
33003,99.743
33004,99.743
33005,99.743
33006,99.743
33007,99.743
33008,99.743
33009,99.743
33010,99.743
33011,99.743
33012,99.743
33013,99.743
33014,99.743
33015,99.743
33016,99.743
33017,99.743
33018,99.743
33019,99.743
33020,99.743
33021,99.743
33022,99.743
33023,99.743
33024,99.743
33025,99.743
33026,99.743
33027,99.743
33028,99.743
33029,99.743
33030,99.743
33031,99.743
33032,99.743
33033,99.743
33034,99.743
33035,99.743
33036,100.118
33037,100.118
33038,100.118
33039,100.118
33040,100.118
33041,100.118
33042,100.118
33043,100.118
33044,100.118
33045,100.118
33046,100.118
33047,100.118
33048,100.118
33049,100.118
33050,100.118
33051,100.118
33052,100.118
33053,100.118
33054,100.118
33055,100.118
33056,100.118
33057,100.118
33058,100.118
33059,100.118
33060,100.118
33061,100.118
33062,100.118
33063,100.118
33064,100.118
33065,100.118
33066,100.118
33067,100.118
33068,100.118
33069,100.118
33070,100.118
33071,100.118
33072,100.118
33073,100.118
33074,100.118
33075,100.118
33076,100.118
33077,100.118
33078,100.118
33079,100.118
33080,100.118
33081,100.118
33082,100.118
33083,100.118
33084,100.118
33085,100.118
33086,100.118
33087,100.118
33088,100.118
33089,100.118
33090,100.118
33091,100.118
33092,100.118
33093,100.118
33094,100.118
33095,100.118
33096,100.118
33097,100.118
33098,100.118
33099,100.118
33100,100.118
33101,100.118
33102,100.118
33103,100.118
33104,100.118
33105,100.118
33106,100.118
33107,100.118
33108,100.118
33109,100.118
33110,100.118
33111,100.118
33112,100.118
33113,100.118
33114,100.118
33115,100.118
33116,100.118
33117,100.118
33118,100.118
33119,100.118
33120,100.118
33121,100.118
33122,100.118
33123,100.118
33124,100.118
33125,100.118
33126,100.118
33127,100.118
33128,100.118
33129,100.118
33130,100.118
33131,100.118
33132,100.118
33133,100.118
33134,100.118
33135,100.118
33136,100.997
33137,100.997
33138,100.997
33139,100.997
33140,100.997
33141,100.997
33142,100.997
33143,100.997
33144,100.997
33145,100.997
33146,100.997
33147,100.997
33148,100.997
33149,100.997
33150,100.997
33151,100.997
33152,100.997
33153,100.997
33154,100.997
33155,100.997
33156,100.997
33157,100.997
33158,100.997
33159,100.997
33160,100.997
33161,100.997
33162,100.997
33163,100.997
33164,100.997
33165,100.997
33166,100.997
33167,100.997
33168,100.997
33169,100.997
33170,100.997
33171,100.997
33172,100.997
33173,100.997
33174,100.997
33175,100.997
33176,100.997
33177,100.997
33178,100.997
33179,100.997
33180,100.997
33181,100.997
33182,100.997
33183,100.997
33184,100.997
33185,100.997
33186,100.997
33187,100.997
33188,100.997
33189,100.997
33190,100.997
33191,100.997
33192,100.997
33193,100.997
33194,100.997
33195,100.997
33196,100.997
33197,100.997
33198,100.997
33199,100.997
33200,100.997
33201,100.997
33202,100.997
33203,100.997
33204,100.997
33205,100.997
33206,100.997
33207,100.997
33208,100.997
33209,100.997
33210,100.997
33211,100.997
33212,100.997
33213,100.997
33214,100.997
33215,100.997
33216,100.997
33217,100.997
33218,100.997
33219,100.997
33220,100.997
33221,100.997
33222,100.997
33223,100.997
33224,100.997
33225,100.997
33226,100.997
33227,100.997
33228,100.997
33229,100.997
33230,100.997
33231,100.997
33232,100.997
33233,100.997
33234,100.997
33235,100.997
33236,100.725
33237,100.725
33238,100.725
33239,100.725
33240,100.725
33241,100.725
33242,100.725
33243,100.725
33244,100.725
33245,100.725
33246,100.725
33247,100.725
33248,100.725
33249,100.725
33250,100.725
33251,100.725
33252,100.725
33253,100.725
33254,100.725
33255,100.725
33256,100.725
33257,100.725
33258,100.725
33259,100.725
33260,100.725
33261,100.725
33262,100.725
33263,100.725
33264,100.725
33265,100.725
33266,100.725
33267,100.725
33268,100.725
33269,100.725
33270,100.725
33271,100.725
33272,100.725
33273,100.725
33274,100.725
33275,100.725
33276,100.725
33277,100.725
33278,100.725
33279,100.725
33280,100.725
33281,100.725
33282,100.725
33283,100.725
33284,100.725
33285,100.725
33286,100.725
33287,100.725
33288,100.725
33289,100.725
33290,100.725
33291,100.725
33292,100.725
33293,100.725
33294,100.725
33295,100.725
33296,100.725
33297,100.725
33298,100.725
33299,100.725
33300,100.725
33301,100.725
33302,100.725
33303,100.725
33304,100.725
33305,100.725
33306,100.725
33307,100.725
33308,100.725
33309,100.725
33310,100.725
33311,100.725
33312,100.725
33313,100.725
33314,100.725
33315,100.725
33316,100.725
33317,100.725
33318,100.725
33319,100.725
33320,100.725
33321,100.725
33322,100.725
33323,100.725
33324,100.725
33325,100.725
33326,100.725
33327,100.725
33328,100.725
33329,100.725
33330,100.725
33331,100.725
33332,100.725
33333,100.725
33334,100.725
33335,100.725
33338,99.246
33339,99.246
33339,99.246
33339,99.246
33340,99.246
33341,99.246
33342,99.246
33343,99.246
33344,99.246
33345,99.246
33346,99.246
33347,99.246
33348,99.246
33349,99.246
33350,99.246
33351,99.246
33352,99.246
33353,99.246
33354,99.246
33355,99.246
33356,99.246
33357,99.246
33358,99.246
33359,99.246
33360,99.246
33361,99.246
33362,99.246
33363,99.246
33364,99.246
33365,99.246
33366,99.246
33367,99.246
33368,99.246
33369,99.246
33370,99.246
33371,99.246
33372,99.246
33373,99.246
33374,99.246
33375,99.246
33376,99.246
33377,99.246
33378,99.246
33379,99.246
33380,99.246
33381,99.246
33382,99.246
33383,99.246
33384,99.246
33385,99.246
33386,99.246
33387,99.246
33388,99.246
33389,99.246
33390,99.246
33391,99.246
33392,99.246
33393,99.246
33394,99.246
33395,99.246
33396,99.246
33397,99.246
33398,99.246
33399,99.246
33400,99.246
33401,99.246
33402,99.246
33403,99.246
33404,99.246
33405,99.246
33406,99.246
33407,99.246
33408,99.246
33409,99.246
33410,99.246
33411,99.246
33412,99.246
33413,99.246
33414,99.246
33415,99.246
33416,99.246
33417,99.246
33418,99.246
33419,99.246
33420,99.246
33421,99.246
33422,99.246
33423,99.246
33424,99.246
33425,99.246
33426,99.246
33427,99.246
33428,99.246
33429,99.246
33430,99.246
33431,99.246
33432,99.246
33433,99.246
33434,99.246
33435,99.246
33436,99.518
33437,99.518
33438,99.518
33439,99.518
33440,99.518
33441,99.518
33442,99.518
33443,99.518
33444,99.518
33445,99.518
33446,99.518
33447,99.518
33448,99.518
33449,99.518
33450,99.518
33451,99.518
33452,99.518
33453,99.518
33454,99.518
33455,99.518
33456,99.518
33457,99.518
33458,99.518
33459,99.518
33460,99.518
33461,99.518
33462,99.518
33463,99.518
33464,99.518
33465,99.518
33466,99.518
33467,99.518
33468,99.518
33469,99.518
33470,99.518
33471,99.518
33472,99.518
33473,99.518
33474,99.518
33475,99.518
33476,99.518
33477,99.518
33478,99.518
33479,99.518
33480,99.518
33481,99.518
33482,99.518
33483,99.518
33484,99.518
33485,99.518
33486,99.518
33487,99.518
33488,99.518
33489,99.518
33490,99.518
33491,99.518
33492,99.518
33493,99.518
33494,99.518
33495,99.518
33496,99.518
33497,99.518
33498,99.518
33499,99.518
33500,99.518
33501,99.518
33502,99.518
33503,99.518
33504,99.518
33505,99.518
33506,99.518
33507,99.518
33508,99.518
33509,99.518
33510,99.518
33511,99.518
33512,99.518
33513,99.518
33514,99.518
33515,99.518
33516,99.518
33517,99.518
33518,99.518
33519,99.518
33520,99.518
33521,99.518
33522,99.518
33523,99.518
33524,99.518
33525,99.518
33526,99.518
33527,99.518
33528,99.518
33529,99.518
33530,99.518
33531,99.518
33532,99.518
33533,99.518
33534,99.518
33535,99.518
33536,99.246
33537,99.246
33538,99.246
33539,99.246
33540,99.246
33541,99.246
33542,99.246
33543,99.246
33544,99.246
33545,99.246
33546,99.246
33547,99.246
33548,99.246
33549,99.246
33550,99.246
33551,99.246
33552,99.246
33553,99.246
33554,99.246
33555,99.246
33556,99.246
33557,99.246
33558,99.246
33559,99.246
33560,99.246
33561,99.246
33562,99.246
33563,99.246
33564,99.246
33565,99.246
33566,99.246
33567,99.246
33568,99.246
33569,99.246
33570,99.246
33571,99.246
33572,99.246
33573,99.246
33574,99.246
33575,99.246
33576,99.246
33577,99.246
33578,99.246
33579,99.246
33580,99.246
33581,99.246
33582,99.246
33583,99.246
33584,99.246
33585,99.246
33586,99.246
33587,99.246
33588,99.246
33589,99.246
33590,99.246
33591,99.246
33592,99.246
33593,99.246
33594,99.246
33595,99.246
33596,99.246
33597,99.246
33598,99.246
33599,99.246
33600,99.246
33601,99.246
33602,99.246
33603,99.246
33604,99.246
33605,99.246
33606,99.246
33607,99.246
33608,99.246
33609,99.246
33610,99.246
33611,99.246
33612,99.246
33613,99.246
33614,99.246
33615,99.246
33616,99.246
33617,99.246
33618,99.246
33619,99.246
33620,99.246
33621,99.246
33622,99.246
33623,99.246
33624,99.246
33625,99.246
33626,99.246
33627,99.246
33628,99.246
33629,99.246
33630,99.246
33631,99.246
33632,99.246
33633,99.246
33634,99.246
33635,99.246
33636,99.845
33637,99.845
33638,99.845
33639,99.845
33640,99.845
33641,99.845
33642,99.845
33643,99.845
33644,99.845
33645,99.845
33646,99.845
33647,99.845
33648,99.845
33649,99.845
33650,99.845
33651,99.845
33652,99.845
33653,99.845
33654,99.845
33655,99.845
33656,99.845
33657,99.845
33658,99.845
33659,99.845
33660,99.845
33661,99.845
33662,99.845
33663,99.845
33664,99.845
33665,99.845
33666,99.845
33667,99.845
33668,99.845
33669,99.845
33670,99.845
33671,99.845
33672,99.845
33673,99.845
33675,99.845
33675,99.845
33676,99.845
33677,99.845
33678,99.845
33679,99.845
33680,99.845
33681,99.845
33682,99.845
33683,99.845
33684,99.845
33685,99.845
33686,99.845
33687,99.845
33688,99.845
33689,99.845
33690,99.845
33691,99.845
33692,99.845
33693,99.845
33694,99.845
33695,99.845
33696,99.845
33697,99.845
33698,99.845
33699,99.845
33700,99.845
33701,99.845
33702,99.845
33703,99.845
33704,99.845
33705,99.845
33706,99.845
33707,99.845
33708,99.845
33709,99.845
33710,99.845
33711,99.845
33712,99.845
33713,99.845
33714,99.845
33715,99.845
33716,99.845
33717,99.845
33718,99.845
33719,99.845
33720,99.845
33721,99.845
33722,99.845
33723,99.845
33724,99.845
33725,99.845
33726,99.845
33727,99.845
33728,99.845
33729,99.845
33730,99.845
33731,99.845
33732,99.845
33733,99.845
33734,99.845
33735,99.845
33736,99.845
33737,99.845
33738,99.845
33739,99.845
33740,99.845
33741,99.845
33742,99.845
33743,99.845
33744,99.845
33745,99.845
33746,99.845
33747,99.845
33748,99.845
33749,99.845
33750,99.845
33751,99.845
33752,99.845
33753,99.845
33754,99.845
33755,99.845
33756,99.845
33757,99.845
33758,99.845
33759,99.845
33760,99.845
33761,99.845
33762,99.845
33763,99.845
33764,99.845
33765,99.845
33766,99.845
33767,99.845
33768,99.845
33769,99.845
33770,99.845
33771,99.845
33772,99.845
33773,99.845
33774,99.845
33775,99.845
33776,99.845
33777,99.845
33778,99.845
33779,99.845
33780,99.845
33781,99.845
33782,99.845
33783,99.845
33784,99.845
33785,99.845
33786,99.845
33787,99.845
33788,99.845
33789,99.845
33790,99.845
33791,99.845
33792,99.845
33793,99.845
33794,99.845
33795,99.845
33796,99.845
33797,99.845
33798,99.845
33799,99.845
33800,99.845
33801,99.845
33802,99.845
33803,99.845
33804,99.845
33805,99.845
33806,99.845
33807,99.845
33808,99.845
33809,99.845
33810,99.845
33811,99.845
33812,99.845
33813,99.845
33814,99.845
33815,99.845
33816,99.845
33817,99.845
33818,99.845
33819,99.845
33820,99.845
33821,99.845
33822,99.845
33823,99.845
33824,99.845
33825,99.845
33826,99.845
33827,99.845
33828,99.845
33829,99.845
33830,99.845
33831,99.845
33832,99.845
33833,99.845
33834,99.845
33835,99.845
33836,99.845
33837,100.015
33838,100.015
33839,100.015
33840,100.015
33841,100.015
33842,100.015
33843,100.015
33844,100.015
33845,100.015
33846,100.015
33847,100.015
33848,100.015
33849,100.015
33850,100.015
33851,100.015
33852,100.015
33853,100.015
33854,100.015
33855,100.015
33856,100.015
33857,100.015
33858,100.015
33859,100.015
33860,100.015
33861,100.015
33862,100.015
33863,100.015
33864,100.015
33865,100.015
33866,100.015
33867,100.015
33868,100.015
33869,100.015
33870,100.015
33871,100.015
33872,100.015
33873,100.015
33874,100.015
33875,100.015
33876,100.015
33877,100.015
33878,100.015
33879,100.015
33880,100.015
33881,100.015
33882,100.015
33883,100.015
33884,100.015
33885,100.015
33886,100.015
33887,100.015
33888,100.015
33889,100.015
33890,100.015
33891,100.015
33892,100.015
33893,100.015
33894,100.015
33895,100.015
33896,100.015
33897,100.015
33898,100.015
33899,100.015
33900,100.015
33901,100.015
33902,100.015
33903,100.015
33904,100.015
33905,100.015
33906,100.015
33907,100.015
33908,100.015
33909,100.015
33910,100.015
33911,100.015
33912,100.015
33913,100.015
33914,100.015
33915,100.015
33916,100.015
33917,100.015
33918,100.015
33919,100.015
33920,100.015
33921,100.015
33922,100.015
33923,100.015
33924,100.015
33925,100.015
33926,100.015
33927,100.015
33928,100.015
33929,100.015
33930,100.015
33931,100.015
33932,100.015
33933,100.015
33934,100.015
33935,100.015
33936,100.015
33937,100.621
33938,100.621
33939,100.621
33940,100.621
33941,100.621
33942,100.621
33943,100.621
33944,100.621
33945,100.621
33946,100.621
33947,100.621
33948,100.621
33949,100.621
33950,100.621
33951,100.621
33952,100.621
33953,100.621
33954,100.621
33955,100.621
33956,100.621
33957,100.621
33958,100.621
33959,100.621
33960,100.621
33961,100.621
33962,100.621
33963,100.621
33964,100.621
33965,100.621
33966,100.621
33967,100.621
33968,100.621
33969,100.621
33970,100.621
33971,100.621
33972,100.621
33973,100.621
33974,100.621
33975,100.621
33976,100.621
33977,100.621
33978,100.621
33979,100.621
33980,100.621
33981,100.621
33982,100.621
33983,100.621
33984,100.621
33985,100.621
33986,100.621
33987,100.621
33988,100.621
33989,100.621
33990,100.621
33991,100.621
33992,100.621
33993,100.621
33994,100.621
33995,100.621
33996,100.621
33997,100.621
33998,100.621
33999,100.621
34000,100.621
34001,100.621
34002,100.621
34003,100.621
34004,100.621
34005,100.621
34006,100.621
34007,100.621
34008,100.621
34009,100.621
34010,100.621
34011,100.621
34012,100.621
34013,100.621
34014,100.621
34015,100.621
34016,100.621
34017,100.621
34018,100.621
34019,100.621
34020,100.621
34021,100.621
34022,100.621
34023,100.621
34024,100.621
34025,100.621
34026,100.621
34027,100.621
34028,100.621
34029,100.621
34030,100.621
34031,100.621
34032,100.621
34033,100.621
34034,100.621
34035,100.621
34036,100.621
34037,101.22
34038,101.22
34039,101.22
34040,101.22
34041,101.22
34042,101.22
34043,101.22
34044,101.22
34045,101.22
34046,101.22
34047,101.22
34048,101.22
34049,101.22
34050,101.22
34051,101.22
34052,101.22
34053,101.22
34054,101.22
34055,101.22
34056,101.22
34057,101.22
34058,101.22
34059,101.22
34060,101.22
34061,101.22
34062,101.22
34063,101.22
34064,101.22
34065,101.22
34066,101.22
34067,101.22
34068,101.22
34069,101.22
34070,101.22
34071,101.22
34072,101.22
34073,101.22
34074,101.22
34075,101.22
34076,101.22
34077,101.22
34078,101.22
34079,101.22
34080,101.22
34081,101.22
34082,101.22
34083,101.22
34084,101.22
34085,101.22
34086,101.22
34087,101.22
34088,101.22
34089,101.22
34090,101.22
34091,101.22
34092,101.22
34093,101.22
34094,101.22
34095,101.22
34096,101.22
34097,101.22
34098,101.22
34099,101.22
34100,101.22
34101,101.22
34102,101.22
34103,101.22
34104,101.22
34105,101.22
34106,101.22
34107,101.22
34108,101.22
34109,101.22
34110,101.22
34111,101.22
34112,101.22
34113,101.22
34114,101.22
34115,101.22
34116,101.22
34117,101.22
34118,101.22
34119,101.22
34120,101.22
34121,101.22
34122,101.22
34123,101.22
34124,101.22
34125,101.22
34126,101.22
34127,101.22
34128,101.22
34129,101.22
34130,101.22
34131,101.22
34132,101.22
34133,101.22
34134,101.22
34135,101.22
34136,101.22
34137,100.015
34138,100.015
34139,100.015
34140,100.015
34141,100.015
34142,100.015
34143,100.015
34144,100.015
34145,100.015
34146,100.015
34147,100.015
34148,100.015
34149,100.015
34150,100.015
34151,100.015
34152,100.015
34153,100.015
34154,100.015
34155,100.015
34156,100.015
34157,100.015
34158,100.015
34159,100.015
34160,100.015
34161,100.015
34162,100.015
34163,100.015
34164,100.015
34165,100.015
34166,100.015
34167,100.015
34168,100.015
34169,100.015
34170,100.015
34171,100.015
34172,100.015
34173,100.015
34174,100.015
34175,100.015
34176,100.015
34177,100.015
34178,100.015
34179,100.015
34180,100.015
34181,100.015
34182,100.015
34183,100.015
34184,100.015
34185,100.015
34186,100.015
34187,100.015
34188,100.015
34189,100.015
34190,100.015
34191,100.015
34192,100.015
34193,100.015
34194,100.015
34195,100.015
34196,100.015
34197,100.015
34198,100.015
34199,100.015
34200,100.015
34201,100.015
34202,100.015
34203,100.015
34204,100.015
34205,100.015
34206,100.015
34207,100.015
34208,100.015
34209,100.015
34210,100.015
34211,100.015
34212,100.015
34213,100.015
34214,100.015
34215,100.015
34216,100.015
34217,100.015
34218,100.015
34219,100.015
34220,100.015
34221,100.015
34222,100.015
34223,100.015
34224,100.015
34225,100.015
34226,100.015
34227,100.015
34228,100.015
34229,100.015
34230,100.015
34231,100.015
34232,100.015
34233,100.015
34234,100.015
34235,100.015
34236,100.015
34237,98.864
34238,98.864
34239,98.864
34240,98.864
34241,98.864
34242,98.864
34243,98.864
34244,98.864
34245,98.864
34246,98.864
34247,98.864
34248,98.864
34249,98.864
34250,98.864
34251,98.864
34252,98.864
34253,98.864
34254,98.864
34255,98.864
34256,98.864
34257,98.864
34258,98.864
34259,98.864
34260,98.864
34261,98.864
34262,98.864
34263,98.864
34264,98.864
34265,98.864
34266,98.864
34267,98.864
34268,98.864
34269,98.864
34270,98.864
34271,98.864
34272,98.864
34273,98.864
34274,98.864
34275,98.864
34276,98.864
34277,98.864
34278,98.864
34279,98.864
34280,98.864
34281,98.864
34282,98.864
34283,98.864
34284,98.864
34285,98.864
34286,98.864
34287,98.864
34288,98.864
34289,98.864
34290,98.864
34291,98.864
34292,98.864
34293,98.864
34294,98.864
34295,98.864
34296,98.864
34297,98.864
34298,98.864
34299,98.864
34300,98.864
34301,98.864
34302,98.864
34303,98.864
34304,98.864
34305,98.864
34306,98.864
34307,98.864
34308,98.864
34309,98.864
34310,98.864
34311,98.864
34312,98.864
34313,98.864
34314,98.864
34315,98.864
34316,98.864
34317,98.864
34318,98.864
34319,98.864
34320,98.864
34321,98.864
34322,98.864
34323,98.864
34324,98.864
34325,98.864
34326,98.864
34327,98.864
34328,98.864
34329,98.864
34330,98.864
34331,98.864
34332,98.864
34333,98.864
34334,98.864
34335,98.864
34336,98.864
34337,99.416
34338,99.416
34339,99.416
34340,99.416
34341,99.416
34342,99.416
34343,99.416
34344,99.416
34345,99.416
34346,99.416
34347,99.416
34348,99.416
34349,99.416
34350,99.416
34351,99.416
34352,99.416
34353,99.416
34354,99.416
34355,99.416
34356,99.416
34357,99.416
34358,99.416
34359,99.416
34360,99.416
34361,99.416
34362,99.416
34363,99.416
34364,99.416
34365,99.416
34366,99.416
34367,99.416
34368,99.416
34369,99.416
34370,99.416
34371,99.416
34372,99.416
34373,99.416
34374,99.416
34375,99.416
34376,99.416
34377,99.416
34378,99.416
34379,99.416
34380,99.416
34381,99.416
34382,99.416
34383,99.416
34384,99.416
34385,99.416
34386,99.416
34387,99.416
34388,99.416
34389,99.416
34390,99.416
34391,99.416
34392,99.416
34393,99.416
34394,99.416
34395,99.416
34396,99.416
34397,99.416
34398,99.416
34399,99.416
34400,99.416
34401,99.416
34402,99.416
34403,99.416
34404,99.416
34405,99.416
34406,99.416
34407,99.416
34408,99.416
34409,99.416
34410,99.416
34411,99.416
34412,99.416
34413,99.416
34414,99.416
34415,99.416
34416,99.416
34417,99.416
34418,99.416
34419,99.416
34420,99.416
34421,99.416
34422,99.416
34423,99.416
34424,99.416
34425,99.416
34426,99.416
34427,99.416
34428,99.416
34429,99.416
34430,99.416
34431,99.416
34432,99.416
34433,99.416
34434,99.416
34435,99.416
34436,99.416
34437,99.416
34438,99.416
34439,99.416
34440,99.416
34441,99.416
34442,99.416
34443,99.416
34444,99.416
34445,99.416
34446,99.416
34447,99.416
34448,99.416
34449,99.416
34450,99.416
34451,99.416
34452,99.416
34453,99.416
34454,99.416
34455,99.416
34456,99.416
34457,99.416
34458,99.416
34459,99.416
34460,99.416
34461,99.416
34462,99.416
34463,99.416
34464,99.416
34465,99.416
34466,99.416
34467,99.416
34468,99.416
34469,99.416
34470,99.416
34471,99.416
34472,99.416
34473,99.416
34474,99.416
34475,99.416
34476,99.416
34477,99.416
34478,99.416
34479,99.416
34480,99.416
34481,99.416
34482,99.416
34483,99.416
34484,99.416
34485,99.416
34486,99.416
34487,99.416
34488,99.416
34489,99.416
34490,99.416
34491,99.416
34492,99.416
34493,99.416
34494,99.416
34495,99.416
34496,99.416
34497,99.416
34498,99.416
34499,99.416
34500,99.416
34501,99.416
34502,99.416
34503,99.416
34504,99.416
34505,99.416
34506,99.416
34507,99.416
34508,99.416
34509,99.416
34510,99.416
34511,99.416
34512,99.416
34513,99.416
34514,99.416
34515,99.416
34516,99.416
34517,99.416
34518,99.416
34519,99.416
34520,99.416
34521,99.416
34522,99.416
34523,99.416
34524,99.416
34525,99.416
34526,99.416
34527,99.416
34528,99.416
34529,99.416
34530,99.416
34531,99.416
34532,99.416
34533,99.416
34534,99.416
34535,99.416
34536,99.416
34537,100.015
34538,100.015
34539,100.015
34540,100.015
34541,100.015
34542,100.015
34543,100.015
34544,100.015
34545,100.015
34546,100.015
34547,100.015
34548,100.015
34549,100.015
34550,100.015
34551,100.015
34552,100.015
34553,100.015
34554,100.015
34555,100.015
34556,100.015
34557,100.015
34558,100.015
34559,100.015
34560,100.015
34561,100.015
34562,100.015
34563,100.015
34564,100.015
34565,100.015
34566,100.015
34567,100.015
34568,100.015
34569,100.015
34570,100.015
34571,100.015
34572,100.015
34573,100.015
34574,100.015
34575,100.015
34576,100.015
34577,100.015
34578,100.015
34579,100.015
34580,100.015
34581,100.015
34582,100.015
34583,100.015
34584,100.015
34585,100.015
34586,100.015
34587,100.015
34588,100.015
34589,100.015
34590,100.015
34591,100.015
34592,100.015
34593,100.015
34594,100.015
34595,100.015
34596,100.015
34597,100.015
34598,100.015
34599,100.015
34600,100.015
34601,100.015
34602,100.015
34603,100.015
34604,100.015
34605,100.015
34606,100.015
34607,100.015
34608,100.015
34609,100.015
34610,100.015
34611,100.015
34612,100.015
34613,100.015
34614,100.015
34615,100.015
34616,100.015
34617,100.015
34618,100.015
34619,100.015
34620,100.015
34621,100.015
34622,100.015
34623,100.015
34624,100.015
34625,100.015
34626,100.015
34627,100.015
34628,100.015
34629,100.015
34630,100.015
34631,100.015
34632,100.015
34633,100.015
34634,100.015
34635,100.015
34636,100.015
34637,99.416
34638,99.416
34639,99.416
34640,99.416
34641,99.416
34642,99.416
34643,99.416
34644,99.416
34645,99.416
34646,99.416
34647,99.416
34648,99.416
34649,99.416
34650,99.416
34651,99.416
34652,99.416
34653,99.416
34654,99.416
34655,99.416
34656,99.416
34657,99.416
34658,99.416
34659,99.416
34660,99.416
34661,99.416
34662,99.416
34663,99.416
34664,99.416
34665,99.416
34666,99.416
34667,99.416
34668,99.416
34669,99.416
34670,99.416
34671,99.416
34672,99.416
34673,99.416
34674,99.416
34675,99.416
34676,99.416
34677,99.416
34678,99.416
34679,99.416
34680,99.416
34681,99.416
34682,99.416
34683,99.416
34684,99.416
34685,99.416
34686,99.416
34687,99.416
34688,99.416
34689,99.416
34690,99.416
34691,99.416
34692,99.416
34693,99.416
34694,99.416
34695,99.416
34696,99.416
34697,99.416
34698,99.416
34699,99.416
34700,99.416
34701,99.416
34702,99.416
34703,99.416
34704,99.416
34705,99.416
34706,99.416
34707,99.416
34708,99.416
34709,99.416
34710,99.416
34711,99.416
34712,99.416
34713,99.416
34714,99.416
34715,99.416
34716,99.416
34717,99.416
34718,99.416
34719,99.416
34720,99.416
34721,99.416
34722,99.416
34723,99.416
34724,99.416
34725,99.416
34726,99.416
34727,99.416
34728,99.416
34729,99.416
34730,99.416
34731,99.416
34732,99.416
34733,99.416
34734,99.416
34735,99.416
34736,99.416
34737,100.287
34738,100.287
34739,100.287
34740,100.287
34741,100.287
34742,100.287
34743,100.287
34744,100.287
34745,100.287
34746,100.287
34747,100.287
34748,100.287
34749,100.287
34750,100.287
34751,100.287
34752,100.287
34753,100.287
34754,100.287
34755,100.287
34756,100.287
34757,100.287
34758,100.287
34759,100.287
34760,100.287
34761,100.287
34762,100.287
34763,100.287
34764,100.287
34765,100.287
34766,100.287
34767,100.287
34768,100.287
34769,100.287
34770,100.287
34771,100.287
34772,100.287
34773,100.287
34774,100.287
34775,100.287
34776,100.287
34777,100.287
34778,100.287
34779,100.287
34780,100.287
34781,100.287
34782,100.287
34783,100.287
34784,100.287
34785,100.287
34786,100.287
34787,100.287
34788,100.287
34789,100.287
34790,100.287
34791,100.287
34792,100.287
34793,100.287
34794,100.287
34795,100.287
34796,100.287
34797,100.287
34798,100.287
34799,100.287
34800,100.287
34801,100.287
34802,100.287
34803,100.287
34804,100.287
34805,100.287
34806,100.287
34807,100.287
34808,100.287
34809,100.287
34810,100.287
34811,100.287
34812,100.287
34813,100.287
34814,100.287
34815,100.287
34816,100.287
34817,100.287
34818,100.287
34819,100.287
34820,100.287
34821,100.287
34822,100.287
34823,100.287
34824,100.287
34825,100.287
34826,100.287
34827,100.287
34828,100.287
34829,100.287
34830,100.287
34831,100.287
34832,100.287
34833,100.287
34834,100.287
34835,100.287
34836,100.287
34837,101.22
34838,101.22
34839,101.22
34840,101.22
34841,101.22
34842,101.22
34843,101.22
34844,101.22
34845,101.22
34846,101.22
34847,101.22
34848,101.22
34849,101.22
34850,101.22
34851,101.22
34852,101.22
34853,101.22
34854,101.22
34855,101.22
34856,101.22
34857,101.22
34858,101.22
34859,101.22
34860,101.22
34861,101.22
34862,101.22
34863,101.22
34864,101.22
34865,101.22
34866,101.22
34867,101.22
34868,101.22
34869,101.22
34870,101.22
34871,101.22
34872,101.22
34873,101.22
34874,101.22
34875,101.22
34876,101.22
34877,101.22
34878,101.22
34879,101.22
34880,101.22
34881,101.22
34882,101.22
34883,101.22
34884,101.22
34885,101.22
34886,101.22
34887,101.22
34888,101.22
34889,101.22
34890,101.22
34891,101.22
34892,101.22
34893,101.22
34894,101.22
34895,101.22
34896,101.22
34897,101.22
34898,101.22
34899,101.22
34900,101.22
34901,101.22
34902,101.22
34903,101.22
34904,101.22
34905,101.22
34906,101.22
34907,101.22
34908,101.22
34909,101.22
34910,101.22
34911,101.22
34912,101.22
34913,101.22
34914,101.22
34915,101.22
34916,101.22
34917,101.22
34918,101.22
34919,101.22
34920,101.22
34921,101.22
34922,101.22
34923,101.22
34924,101.22
34925,101.22
34926,101.22
34927,101.22
34928,101.22
34929,101.22
34930,101.22
34931,101.22
34932,101.22
34933,101.22
34934,101.22
34935,101.22
34936,101.22
34937,101.22
34938,101.22
34939,101.22
34940,101.22
34941,101.22
34942,101.22
34943,101.22
34944,101.22
34945,101.22
34946,101.22
34947,101.22
34948,101.22
34949,101.22
34950,101.22
34951,101.22
34952,101.22
34953,101.22
34954,101.22
34955,101.22
34956,101.22
34957,101.22
34958,101.22
34959,101.22
34960,101.22
34961,101.22
34962,101.22
34963,101.22
34964,101.22
34965,101.22
34966,101.22
34967,101.22
34968,101.22
34969,101.22
34970,101.22
34971,101.22
34972,101.22
34973,101.22
34974,101.22
34975,101.22
34976,101.22
34977,101.22
34978,101.22
34979,101.22
34980,101.22
34981,101.22
34982,101.22
34983,101.22
34984,101.22
34985,101.22
34986,101.22
34987,101.22
34988,101.22
34989,101.22
34990,101.22
34991,101.22
34992,101.22
34993,101.22
34994,101.22
34995,101.22
34996,101.22
34997,101.22
34998,101.22
34999,101.22
35000,101.22
35001,101.22
35002,101.22
35003,101.22
35004,101.22
35005,101.22
35006,101.22
35007,101.22
35008,101.22
35009,101.22
35010,101.22
35011,101.22
35012,101.22
35013,101.22
35014,101.22
35015,101.22
35016,101.22
35017,101.22
35018,101.22
35019,101.22
35020,101.22
35021,101.22
35022,101.22
35023,101.22
35024,101.22
35025,101.22
35026,101.22
35027,101.22
35028,101.22
35029,101.22
35030,101.22
35031,101.22
35032,101.22
35033,101.22
35034,101.22
35035,101.22
35036,101.22
35037,99.144
35038,99.144
35039,99.144
35040,99.144
35041,99.144
35042,99.144
35043,99.144
35044,99.144
35045,99.144
35046,99.144
35047,99.144
35048,99.144
35049,99.144
35050,99.144
35051,99.144
35052,99.144
35053,99.144
35054,99.144
35055,99.144
35056,99.144
35057,99.144
35058,99.144
35059,99.144
35060,99.144
35061,99.144
35062,99.144
35063,99.144
35064,99.144
35065,99.144
35066,99.144
35067,99.144
35068,99.144
35069,99.144
35070,99.144
35071,99.144
35072,99.144
35073,99.144
35074,99.144
35075,99.144
35076,99.144
35077,99.144
35078,99.144
35079,99.144
35080,99.144
35081,99.144
35082,99.144
35083,99.144
35084,99.144
35085,99.144
35086,99.144
35087,99.144
35088,99.144
35089,99.144
35090,99.144
35091,99.144
35092,99.144
35093,99.144
35094,99.144
35095,99.144
35096,99.144
35097,99.144
35098,99.144
35099,99.144
35100,99.144
35101,99.144
35102,99.144
35103,99.144
35104,99.144
35105,99.144
35106,99.144
35107,99.144
35108,99.144
35109,99.144
35110,99.144
35111,99.144
35112,99.144
35113,99.144
35114,99.144
35115,99.144
35116,99.144
35117,99.144
35118,99.144
35119,99.144
35120,99.144
35121,99.144
35122,99.144
35123,99.144
35124,99.144
35125,99.144
35126,99.144
35127,99.144
35128,99.144
35129,99.144
35130,99.144
35131,99.144
35132,99.144
35133,99.144
35134,99.144
35135,99.144
35136,99.144
35137,99.144
35138,99.144
35139,99.144
35140,99.144
35141,99.144
35142,99.144
35143,99.144
35144,99.144
35145,99.144
35146,99.144
35147,99.144
35148,99.144
35149,99.144
35150,99.144
35151,99.144
35152,99.144
35153,99.144
35154,99.144
35155,99.144
35156,99.144
35157,99.144
35158,99.144
35159,99.144
35160,99.144
35161,99.144
35162,99.144
35163,99.144
35164,99.144
35165,99.144
35166,99.144
35167,99.144
35168,99.144
35169,99.144
35170,99.144
35171,99.144
35172,99.144
35173,99.144
35174,99.144
35175,99.144
35176,99.144
35177,99.144
35178,99.144
35179,99.144
35180,99.144
35181,99.144
35182,99.144
35183,99.144
35184,99.144
35185,99.144
35186,99.144
35187,99.144
35188,99.144
35189,99.144
35190,99.144
35191,99.144
35192,99.144
35193,99.144
35194,99.144
35195,99.144
35196,99.144
35197,99.144
35198,99.144
35199,99.144
35200,99.144
35201,99.144
35202,99.144
35203,99.144
35204,99.144
35205,99.144
35206,99.144
35207,99.144
35208,99.144
35209,99.144
35210,99.144
35211,99.144
35212,99.144
35213,99.144
35214,99.144
35215,99.144
35216,99.144
35217,99.144
35218,99.144
35219,99.144
35220,99.144
35221,99.144
35222,99.144
35223,99.144
35224,99.144
35225,99.144
35226,99.144
35227,99.144
35228,99.144
35229,99.144
35230,99.144
35231,99.144
35232,99.144
35233,99.144
35234,99.144
35235,99.144
35236,99.144
35237,99.144
35238,99.144
35239,99.144
35240,99.144
35241,99.144
35242,99.144
35243,99.144
35244,99.144
35245,99.144
35246,99.144
35247,99.144
35248,99.144
35249,99.144
35250,99.144
35251,99.144
35252,99.144
35253,99.144
35254,99.144
35255,99.144
35256,99.144
35257,99.144
35258,99.144
35259,99.144
35260,99.144
35261,99.144
35262,99.144
35263,99.144
35264,99.144
35265,99.144
35266,99.144
35267,99.144
35268,99.144
35269,99.144
35270,99.144
35271,99.144
35272,99.144
35273,99.144
35274,99.144
35275,99.144
35276,99.144
35277,99.144
35278,99.144
35279,99.144
35280,99.144
35281,99.144
35282,99.144
35283,99.144
35284,99.144
35285,99.144
35286,99.144
35287,99.144
35288,99.144
35289,99.144
35290,99.144
35291,99.144
35292,99.144
35293,99.144
35294,99.144
35295,99.144
35296,99.144
35297,99.144
35298,99.144
35299,99.144
35300,99.144
35301,99.144
35302,99.144
35303,99.144
35304,99.144
35305,99.144
35306,99.144
35307,99.144
35308,99.144
35309,99.144
35310,99.144
35311,99.144
35312,99.144
35313,99.144
35314,99.144
35315,99.144
35316,99.144
35317,99.144
35318,99.144
35319,99.144
35320,99.144
35321,99.144
35322,99.144
35323,99.144
35324,99.144
35325,99.144
35326,99.144
35327,99.144
35328,99.144
35329,99.144
35330,99.144
35331,99.144
35332,99.144
35333,99.144
35334,99.144
35335,99.144
35336,99.144
35337,99.144
35338,99.144
35339,99.144
35340,99.144
35341,99.144
35342,99.144
35343,99.144
35344,99.144
35345,99.144
35346,99.144
35347,99.144
35348,99.144
35349,99.144
35350,99.144
35351,99.144
35352,99.144
35353,99.144
35354,99.144
35355,99.144
35356,99.144
35357,99.144
35358,99.144
35359,99.144
35360,99.144
35361,99.144
35362,99.144
35363,99.144
35364,99.144
35365,99.144
35366,99.144
35367,99.144
35368,99.144
35369,99.144
35370,99.144
35371,99.144
35372,99.144
35373,99.144
35374,99.144
35375,99.144
35376,99.144
35377,99.144
35378,99.144
35379,99.144
35380,99.144
35381,99.144
35382,99.144
35383,99.144
35384,99.144
35385,99.144
35386,99.144
35387,99.144
35388,99.144
35389,99.144
35390,99.144
35391,99.144
35392,99.144
35393,99.144
35394,99.144
35395,99.144
35396,99.144
35397,99.144
35398,99.144
35399,99.144
35400,99.144
35401,99.144
35402,99.144
35403,99.144
35404,99.144
35405,99.144
35406,99.144
35407,99.144
35408,99.144
35409,99.144
35410,99.144
35411,99.144
35412,99.144
35413,99.144
35414,99.144
35415,99.144
35416,99.144
35417,99.144
35418,99.144
35419,99.144
35420,99.144
35421,99.144
35422,99.144
35423,99.144
35424,99.144
35425,99.144
35426,99.144
35427,99.144
35428,99.144
35429,99.144
35430,99.144
35431,99.144
35432,99.144
35433,99.144
35434,99.144
35435,99.144
35436,99.144
35437,99.743
35438,99.743
35439,99.743
35440,99.743
35441,99.743
35442,99.743
35443,99.743
35444,99.743
35445,99.743
35446,99.743
35447,99.743
35448,99.743
35449,99.743
35450,99.743
35451,99.743
35452,99.743
35453,99.743
35454,99.743
35455,99.743
35456,99.743
35457,99.743
35458,99.743
35459,99.743
35460,99.743
35461,99.743
35462,99.743
35463,99.743
35464,99.743
35465,99.743
35466,99.743
35467,99.743
35468,99.743
35469,99.743
35470,99.743
35471,99.743
35472,99.743
35473,99.743
35474,99.743
35475,99.743
35476,99.743
35477,99.743
35478,99.743
35479,99.743
35480,99.743
35481,99.743
35482,99.743
35483,99.743
35484,99.743
35485,99.743
35486,99.743
35487,99.743
35488,99.743
35489,99.743
35490,99.743
35491,99.743
35492,99.743
35493,99.743
35494,99.743
35495,99.743
35496,99.743
35497,99.743
35498,99.743
35499,99.743
35500,99.743
35501,99.743
35502,99.743
35503,99.743
35504,99.743
35505,99.743
35506,99.743
35507,99.743
35508,99.743
35509,99.743
35510,99.743
35511,99.743
35512,99.743
35513,99.743
35514,99.743
35515,99.743
35516,99.743
35517,99.743
35518,99.743
35519,99.743
35520,99.743
35521,99.743
35522,99.743
35523,99.743
35524,99.743
35525,99.743
35526,99.743
35527,99.743
35528,99.743
35529,99.743
35530,99.743
35531,99.743
35532,99.743
35533,99.743
35534,99.743
35535,99.743
35536,99.743
35537,100.287
35538,100.287
35539,100.287
35540,100.287
35541,100.287
35542,100.287
35543,100.287
35544,100.287
35545,100.287
35546,100.287
35547,100.287
35548,100.287
35549,100.287
35550,100.287
35551,100.287
35552,100.287
35553,100.287
35554,100.287
35555,100.287
35556,100.287
35557,100.287
35558,100.287
35559,100.287
35560,100.287
35561,100.287
35562,100.287
35563,100.287
35564,100.287
35565,100.287
35566,100.287
35567,100.287
35568,100.287
35569,100.287
35570,100.287
35571,100.287
35572,100.287
35573,100.287
35574,100.287
35575,100.287
35576,100.287
35577,100.287
35578,100.287
35579,100.287
35580,100.287
35581,100.287
35582,100.287
35583,100.287
35584,100.287
35585,100.287
35586,100.287
35587,100.287
35588,100.287
35589,100.287
35590,100.287
35591,100.287
35592,100.287
35593,100.287
35594,100.287
35595,100.287
35596,100.287
35597,100.287
35598,100.287
35599,100.287
35600,100.287
35601,100.287
35602,100.287
35603,100.287
35604,100.287
35605,100.287
35606,100.287
35607,100.287
35608,100.287
35609,100.287
35610,100.287
35611,100.287
35612,100.287
35613,100.287
35614,100.287
35615,100.287
35616,100.287
35617,100.287
35618,100.287
35619,100.287
35620,100.287
35621,100.287
35622,100.287
35623,100.287
35624,100.287
35625,100.287
35626,100.287
35627,100.287
35628,100.287
35629,100.287
35630,100.287
35631,100.287
35632,100.287
35633,100.287
35634,100.287
35635,100.287
35636,100.287
35637,100.287
35638,100.287
35639,100.287
35640,100.287
35641,100.287
35642,100.287
35643,100.287
35644,100.287
35645,100.287
35646,100.287
35647,100.287
35648,100.287
35649,100.287
35650,100.287
35651,100.287
35652,100.287
35653,100.287
35654,100.287
35655,100.287
35656,100.287
35657,100.287
35658,100.287
35659,100.287
35660,100.287
35661,100.287
35662,100.287
35663,100.287
35664,100.287
35665,100.287
35666,100.287
35667,100.287
35668,100.287
35669,100.287
35670,100.287
35671,100.287
35672,100.287
35673,100.287
35674,100.287
35675,100.287
35676,100.287
35677,100.287
35678,100.287
35679,100.287
35680,100.287
35681,100.287
35682,100.287
35683,100.287
35684,100.287
35685,100.287
35686,100.287
35687,100.287
35688,100.287
35689,100.287
35690,100.287
35691,100.287
35692,100.287
35693,100.287
35694,100.287
35695,100.287
35696,100.287
35697,100.287
35698,100.287
35699,100.287
35700,100.287
35701,100.287
35702,100.287
35703,100.287
35704,100.287
35705,100.287
35706,100.287
35707,100.287
35708,100.287
35709,100.287
35710,100.287
35711,100.287
35712,100.287
35713,100.287
35714,100.287
35715,100.287
35716,100.287
35717,100.287
35718,100.287
35719,100.287
35720,100.287
35721,100.287
35722,100.287
35723,100.287
35724,100.287
35725,100.287
35726,100.287
35727,100.287
35728,100.287
35729,100.287
35730,100.287
35731,100.287
35732,100.287
35733,100.287
35734,100.287
35735,100.287
35736,100.287
35737,101.22
35738,101.22
35739,101.22
35740,101.22
35741,101.22
35742,101.22
35743,101.22
35744,101.22
35745,101.22
35746,101.22
35747,101.22
35748,101.22
35749,101.22
35750,101.22
35751,101.22
35752,101.22
35753,101.22
35754,101.22
35755,101.22
35756,101.22
35757,101.22
35758,101.22
35759,101.22
35760,101.22
35761,101.22
35762,101.22
35763,101.22
35764,101.22
35765,101.22
35766,101.22
35767,101.22
35768,101.22
35769,101.22
35770,101.22
35771,101.22
35772,101.22
35773,101.22
35774,101.22
35775,101.22
35776,101.22
35777,101.22
35778,101.22
35779,101.22
35780,101.22
35781,101.22
35782,101.22
35783,101.22
35784,101.22
35785,101.22
35786,101.22
35787,101.22
35788,101.22
35789,101.22
35790,101.22
35791,101.22
35792,101.22
35793,101.22
35794,101.22
35795,101.22
35796,101.22
35797,101.22
35798,101.22
35799,101.22
35800,101.22
35801,101.22
35802,101.22
35803,101.22
35804,101.22
35805,101.22
35806,101.22
35807,101.22
35808,101.22
35809,101.22
35810,101.22
35811,101.22
35812,101.22
35813,101.22
35814,101.22
35815,101.22
35816,101.22
35817,101.22
35818,101.22
35819,101.22
35820,101.22
35821,101.22
35822,101.22
35823,101.22
35824,101.22
35825,101.22
35826,101.22
35827,101.22
35828,101.22
35829,101.22
35830,101.22
35831,101.22
35832,101.22
35833,101.22
35834,101.22
35835,101.22
35836,101.22
35837,100.287
35838,100.287
35839,100.287
35840,100.287
35841,100.287
35842,100.287
35843,100.287
35844,100.287
35845,100.287
35846,100.287
35847,100.287
35848,100.287
35849,100.287
35850,100.287
35851,100.287
35852,100.287
35853,100.287
35854,100.287
35855,100.287
35856,100.287
35857,100.287
35858,100.287
35859,100.287
35860,100.287
35861,100.287
35862,100.287
35863,100.287
35864,100.287
35865,100.287
35866,100.287
35867,100.287
35868,100.287
35869,100.287
35870,100.287
35871,100.287
35872,100.287
35873,100.287
35874,100.287
35875,100.287
35876,100.287
35877,100.287
35878,100.287
35879,100.287
35880,100.287
35881,100.287
35882,100.287
35883,100.287
35884,100.287
35885,100.287
35886,100.287
35887,100.287
35888,100.287
35889,100.287
35890,100.287
35891,100.287
35892,100.287
35893,100.287
35894,100.287
35895,100.287
35896,100.287
35897,100.287
35898,100.287
35899,100.287
35900,100.287
35901,100.287
35902,100.287
35903,100.287
35904,100.287
35905,100.287
35906,100.287
35907,100.287
35908,100.287
35909,100.287
35910,100.287
35911,100.287
35912,100.287
35913,100.287
35914,100.287
35915,100.287
35916,100.287
35917,100.287
35918,100.287
35919,100.287
35920,100.287
35921,100.287
35922,100.287
35923,100.287
35924,100.287
35925,100.287
35926,100.287
35927,100.287
35928,100.287
35929,100.287
35930,100.287
35931,100.287
35932,100.287
35933,100.287
35934,100.287
35935,100.287
35936,100.287
35937,98.966
35938,98.966
35939,98.966
35940,98.966
35941,98.966
35942,98.966
35943,98.966
35944,98.966
35945,98.966
35946,98.966
35947,98.966
35948,98.966
35949,98.966
35950,98.966
35951,98.966
35952,98.966
35953,98.966
35954,98.966
35955,98.966
35956,98.966
35957,98.966
35958,98.966
35959,98.966
35960,98.966
35961,98.966
35962,98.966
35963,98.966
35964,98.966
35965,98.966
35966,98.966
35967,98.966
35968,98.966
35969,98.966
35970,98.966
35971,98.966
35972,98.966
35973,98.966
35974,98.966
35975,98.966
35976,98.966
35977,98.966
35978,98.966
35979,98.966
35980,98.966
35981,98.966
35982,98.966
35983,98.966
35984,98.966
35985,98.966
35986,98.966
35987,98.966
35988,98.966
35989,98.966
35990,98.966
35991,98.966
35992,98.966
35993,98.966
35994,98.966
35995,98.966
35996,98.966
35997,98.966
35998,98.966
35999,98.966
36000,98.966
36001,98.966
36002,98.966
36003,98.966
36004,98.966
36005,98.966
36006,98.966
36007,98.966
36008,98.966
36009,98.966
36010,98.966
36011,98.966
36012,98.966
36013,98.966
36014,98.966
36015,98.966
36016,98.966
36017,98.966
36018,98.966
36019,98.966
36020,98.966
36021,98.966
36022,98.966
36023,98.966
36024,98.966
36025,98.966
36026,98.966
36027,98.966
36028,98.966
36029,98.966
36030,98.966
36031,98.966
36032,98.966
36033,98.966
36034,98.966
36035,98.966
36036,98.966
36037,99.518
36038,99.518
36039,99.518
36040,99.518
36041,99.518
36042,99.518
36043,99.518
36044,99.518
36045,99.518
36046,99.518
36047,99.518
36048,99.518
36049,99.518
36050,99.518
36051,99.518
36052,99.518
36053,99.518
36054,99.518
36055,99.518
36056,99.518
36057,99.518
36058,99.518
36059,99.518
36060,99.518
36061,99.518
36062,99.518
36063,99.518
36064,99.518
36065,99.518
36066,99.518
36067,99.518
36068,99.518
36069,99.518
36070,99.518
36071,99.518
36072,99.518
36073,99.518
36074,99.518
36075,99.518
36076,99.518
36077,99.518
36078,99.518
36079,99.518
36080,99.518
36081,99.518
36082,99.518
36083,99.518
36084,99.518
36085,99.518
36086,99.518
36087,99.518
36088,99.518
36089,99.518
36090,99.518
36091,99.518
36092,99.518
36093,99.518
36094,99.518
36095,99.518
36096,99.518
36097,99.518
36098,99.518
36099,99.518
36100,99.518
36101,99.518
36102,99.518
36103,99.518
36104,99.518
36105,99.518
36106,99.518
36107,99.518
36108,99.518
36109,99.518
36110,99.518
36111,99.518
36112,99.518
36113,99.518
36114,99.518
36115,99.518
36116,99.518
36117,99.518
36118,99.518
36119,99.518
36120,99.518
36121,99.518
36122,99.518
36123,99.518
36124,99.518
36125,99.518
36126,99.518
36127,99.518
36128,99.518
36129,99.518
36130,99.518
36131,99.518
36132,99.518
36133,99.518
36134,99.518
36135,99.518
36136,99.518
36137,99.518
36138,99.518
36139,99.518
36140,99.518
36141,99.518
36142,99.518
36143,99.518
36144,99.518
36145,99.518
36146,99.518
36147,99.518
36148,99.518
36149,99.518
36150,99.518
36151,99.518
36152,99.518
36153,99.518
36154,99.518
36155,99.518
36156,99.518
36157,99.518
36158,99.518
36159,99.518
36160,99.518
36161,99.518
36162,99.518
36163,99.518
36164,99.518
36165,99.518
36166,99.518
36167,99.518
36168,99.518
36169,99.518
36170,99.518
36171,99.518
36172,99.518
36173,99.518
36174,99.518
36175,99.518
36176,99.518
36177,99.518
36178,99.518
36179,99.518
36180,99.518
36181,99.518
36182,99.518
36183,99.518
36184,99.518
36185,99.518
36186,99.518
36187,99.518
36188,99.518
36189,99.518
36190,99.518
36191,99.518
36192,99.518
36193,99.518
36194,99.518
36195,99.518
36196,99.518
36197,99.518
36198,99.518
36199,99.518
36200,99.518
36201,99.518
36202,99.518
36203,99.518
36204,99.518
36205,99.518
36206,99.518
36207,99.518
36208,99.518
36209,99.518
36210,99.518
36211,99.518
36212,99.518
36213,99.518
36214,99.518
36215,99.518
36216,99.518
36217,99.518
36218,99.518
36219,99.518
36220,99.518
36221,99.518
36222,99.518
36223,99.518
36224,99.518
36225,99.518
36226,99.518
36227,99.518
36228,99.518
36229,99.518
36230,99.518
36231,99.518
36232,99.518
36233,99.518
36234,99.518
36235,99.518
36236,99.518
36237,99.743
36238,99.743
36239,99.743
36240,99.743
36241,99.743
36242,99.743
36243,99.743
36244,99.743
36245,99.743
36246,99.743
36247,99.743
36248,99.743
36249,99.743
36250,99.743
36251,99.743
36252,99.743
36253,99.743
36254,99.743
36255,99.743
36256,99.743
36257,99.743
36258,99.743
36259,99.743
36260,99.743
36261,99.743
36262,99.743
36263,99.743
36264,99.743
36265,99.743
36266,99.743
36267,99.743
36268,99.743
36269,99.743
36270,99.743
36271,99.743
36272,99.743
36273,99.743
36274,99.743
36275,99.743
36276,99.743
36277,99.743
36278,99.743
36279,99.743
36280,99.743
36281,99.743
36282,99.743
36283,99.743
36284,99.743
36285,99.743
36286,99.743
36287,99.743
36288,99.743
36289,99.743
36290,99.743
36291,99.743
36292,99.743
36293,99.743
36294,99.743
36295,99.743
36296,99.743
36297,99.743
36298,99.743
36299,99.743
36300,99.743
36301,99.743
36302,99.743
36303,99.743
36304,99.743
36305,99.743
36306,99.743
36307,99.743
36308,99.743
36309,99.743
36310,99.743
36311,99.743
36312,99.743
36313,99.743
36314,99.743
36315,99.743
36316,99.743
36317,99.743
36318,99.743
36319,99.743
36320,99.743
36321,99.743
36322,99.743
36323,99.743
36324,99.743
36325,99.743
36326,99.743
36327,99.743
36328,99.743
36329,99.743
36330,99.743
36331,99.743
36332,99.743
36333,99.743
36334,99.743
36335,99.743
36336,99.743
36337,99.518
36338,99.518
36339,99.518
36340,99.518
36341,99.518
36342,99.518
36343,99.518
36344,99.518
36345,99.518
36346,99.518
36347,99.518
36348,99.518
36349,99.518
36350,99.518
36351,99.518
36352,99.518
36353,99.518
36354,99.518
36355,99.518
36356,99.518
36357,99.518
36358,99.518
36359,99.518
36360,99.518
36361,99.518
36362,99.518
36363,99.518
36364,99.518
36365,99.518
36366,99.518
36367,99.518
36368,99.518
36369,99.518
36370,99.518
36371,99.518
36372,99.518
36373,99.518
36374,99.518
36375,99.518
36376,99.518
36377,99.518
36378,99.518
36379,99.518
36380,99.518
36381,99.518
36382,99.518
36383,99.518
36384,99.518
36385,99.518
36386,99.518
36387,99.518
36388,99.518
36389,99.518
36390,99.518
36391,99.518
36392,99.518
36393,99.518
36394,99.518
36395,99.518
36396,99.518
36397,99.518
36398,99.518
36399,99.518
36400,99.518
36401,99.518
36402,99.518
36403,99.518
36404,99.518
36405,99.518
36406,99.518
36407,99.518
36408,99.518
36409,99.518
36410,99.518
36411,99.518
36412,99.518
36413,99.518
36414,99.518
36415,99.518
36416,99.518
36417,99.518
36418,99.518
36419,99.518
36420,99.518
36421,99.518
36422,99.518
36423,99.518
36424,99.518
36425,99.518
36426,99.518
36427,99.518
36428,99.518
36429,99.518
36430,99.518
36431,99.518
36432,99.518
36433,99.518
36434,99.518
36435,99.518
36436,99.518
36437,100.287
36438,100.287
36439,100.287
36440,100.287
36441,100.287
36442,100.287
36443,100.287
36444,100.287
36445,100.287
36446,100.287
36447,100.287
36448,100.287
36449,100.287
36450,100.287
36451,100.287
36452,100.287
36453,100.287
36454,100.287
36455,100.287
36456,100.287
36457,100.287
36458,100.287
36459,100.287
36460,100.287
36461,100.287
36462,100.287
36463,100.287
36464,100.287
36465,100.287
36466,100.287
36467,100.287
36468,100.287
36469,100.287
36470,100.287
36471,100.287
36472,100.287
36473,100.287
36474,100.287
36475,100.287
36476,100.287
36477,100.287
36478,100.287
36479,100.287
36480,100.287
36481,100.287
36482,100.287
36483,100.287
36484,100.287
36485,100.287
36486,100.287
36487,100.287
36488,100.287
36489,100.287
36490,100.287
36491,100.287
36492,100.287
36493,100.287
36494,100.287
36495,100.287
36496,100.287
36497,100.287
36498,100.287
36499,100.287
36500,100.287
36501,100.287
36502,100.287
36503,100.287
36504,100.287
36505,100.287
36506,100.287
36507,100.287
36508,100.287
36509,100.287
36510,100.287
36511,100.287
36512,100.287
36513,100.287
36514,100.287
36515,100.287
36516,100.287
36517,100.287
36518,100.287
36519,100.287
36520,100.287
36521,100.287
36522,100.287
36523,100.287
36524,100.287
36525,100.287
36526,100.287
36527,100.287
36528,100.287
36529,100.287
36530,100.287
36531,100.287
36532,100.287
36533,100.287
36534,100.287
36535,100.287
36536,100.287
36537,101.22
36538,101.22
36539,101.22
36540,101.22
36541,101.22
36542,101.22
36543,101.22
36544,101.22
36545,101.22
36546,101.22
36547,101.22
36548,101.22
36549,101.22
36550,101.22
36551,101.22
36552,101.22
36553,101.22
36554,101.22
36555,101.22
36556,101.22
36557,101.22
36558,101.22
36559,101.22
36560,101.22
36561,101.22
36562,101.22
36563,101.22
36564,101.22
36565,101.22
36566,101.22
36567,101.22
36568,101.22
36569,101.22
36570,101.22
36571,101.22
36572,101.22
36573,101.22
36574,101.22
36575,101.22
36576,101.22
36577,101.22
36578,101.22
36579,101.22
36580,101.22
36581,101.22
36582,101.22
36583,101.22
36584,101.22
36585,101.22
36586,101.22
36587,101.22
36588,101.22
36589,101.22
36590,101.22
36591,101.22
36592,101.22
36593,101.22
36594,101.22
36595,101.22
36596,101.22
36597,101.22
36598,101.22
36599,101.22
36600,101.22
36601,101.22
36602,101.22
36603,101.22
36604,101.22
36605,101.22
36606,101.22
36607,101.22
36608,101.22
36609,101.22
36610,101.22
36611,101.22
36612,101.22
36613,101.22
36614,101.22
36615,101.22
36616,101.22
36617,101.22
36618,101.22
36619,101.22
36620,101.22
36621,101.22
36622,101.22
36623,101.22
36624,101.22
36625,101.22
36626,101.22
36627,101.22
36628,101.22
36629,101.22
36630,101.22
36631,101.22
36632,101.22
36633,101.22
36634,101.22
36635,101.22
36636,101.22
36637,101.22
36638,101.22
36639,101.22
36640,101.22
36641,101.22
36642,101.22
36643,101.22
36644,101.22
36645,101.22
36646,101.22
36647,101.22
36648,101.22
36649,101.22
36650,101.22
36651,101.22
36652,101.22
36653,101.22
36654,101.22
36655,101.22
36656,101.22
36657,101.22
36658,101.22
36659,101.22
36660,101.22
36661,101.22
36662,101.22
36663,101.22
36664,101.22
36665,101.22
36666,101.22
36667,101.22
36668,101.22
36669,101.22
36670,101.22
36671,101.22
36672,101.22
36673,101.22
36674,101.22
36675,101.22
36676,101.22
36677,101.22
36678,101.22
36679,101.22
36680,101.22
36681,101.22
36682,101.22
36683,101.22
36684,101.22
36685,101.22
36686,101.22
36687,101.22
36688,101.22
36689,101.22
36690,101.22
36691,101.22
36692,101.22
36693,101.22
36694,101.22
36695,101.22
36696,101.22
36697,101.22
36698,101.22
36699,101.22
36700,101.22
36701,101.22
36702,101.22
36703,101.22
36704,101.22
36705,101.22
36706,101.22
36707,101.22
36708,101.22
36709,101.22
36710,101.22
36711,101.22
36712,101.22
36713,101.22
36714,101.22
36715,101.22
36716,101.22
36717,101.22
36718,101.22
36719,101.22
36720,101.22
36721,101.22
36722,101.22
36723,101.22
36724,101.22
36725,101.22
36726,101.22
36727,101.22
36728,101.22
36729,101.22
36730,101.22
36731,101.22
36732,101.22
36733,101.22
36734,101.22
36735,101.22
36736,101.22
36737,99.743
36738,99.743
36739,99.743
36740,99.743
36741,99.743
36742,99.743
36743,99.743
36744,99.743
36745,99.743
36746,99.743
36747,99.743
36748,99.743
36749,99.743
36750,99.743
36751,99.743
36752,99.743
36753,99.743
36754,99.743
36755,99.743
36756,99.743
36757,99.743
36758,99.743
36759,99.743
36760,99.743
36761,99.743
36762,99.743
36763,99.743
36764,99.743
36765,99.743
36766,99.743
36767,99.743
36768,99.743
36769,99.743
36770,99.743
36771,99.743
36772,99.743
36773,99.743
36774,99.743
36775,99.743
36776,99.743
36777,99.743
36778,99.743
36779,99.743
36780,99.743
36781,99.743
36782,99.743
36783,99.743
36784,99.743
36785,99.743
36786,99.743
36787,99.743
36788,99.743
36789,99.743
36790,99.743
36791,99.743
36792,99.743
36793,99.743
36794,99.743
36795,99.743
36796,99.743
36797,99.743
36798,99.743
36799,99.743
36800,99.743
36801,99.743
36802,99.743
36803,99.743
36804,99.743
36805,99.743
36806,99.743
36807,99.743
36808,99.743
36809,99.743
36810,99.743
36811,99.743
36812,99.743
36813,99.743
36814,99.743
36815,99.743
36816,99.743
36817,99.743
36818,99.743
36819,99.743
36820,99.743
36821,99.743
36822,99.743
36823,99.743
36824,99.743
36825,99.743
36826,99.743
36827,99.743
36828,99.743
36829,99.743
36830,99.743
36831,99.743
36832,99.743
36833,99.743
36834,99.743
36835,99.743
36836,99.743
36837,99.144
36838,99.144
36839,99.144
36840,99.144
36841,99.144
36842,99.144
36843,99.144
36844,99.144
36845,99.144
36846,99.144
36847,99.144
36848,99.144
36849,99.144
36850,99.144
36851,99.144
36852,99.144
36853,99.144
36854,99.144
36855,99.144
36856,99.144
36857,99.144
36858,99.144
36859,99.144
36860,99.144
36861,99.144
36862,99.144
36863,99.144
36864,99.144
36865,99.144
36866,99.144
36867,99.144
36868,99.144
36869,99.144
36870,99.144
36871,99.144
36872,99.144
36873,99.144
36874,99.144
36875,99.144
36876,99.144
36877,99.144
36878,99.144
36879,99.144
36880,99.144
36881,99.144
36882,99.144
36883,99.144
36884,99.144
36885,99.144
36886,99.144
36887,99.144
36888,99.144
36889,99.144
36890,99.144
36891,99.144
36892,99.144
36893,99.144
36894,99.144
36895,99.144
36896,99.144
36897,99.144
36898,99.144
36899,99.144
36900,99.144
36901,99.144
36902,99.144
36903,99.144
36904,99.144
36905,99.144
36906,99.144
36907,99.144
36908,99.144
36909,99.144
36910,99.144
36911,99.144
36912,99.144
36913,99.144
36914,99.144
36915,99.144
36916,99.144
36917,99.144
36918,99.144
36919,99.144
36920,99.144
36921,99.144
36922,99.144
36923,99.144
36924,99.144
36925,99.144
36926,99.144
36927,99.144
36928,99.144
36929,99.144
36930,99.144
36931,99.144
36932,99.144
36933,99.144
36934,99.144
36935,99.144
36936,99.144
36937,99.416
36938,99.416
36939,99.416
36940,99.416
36941,99.416
36942,99.416
36943,99.416
36944,99.416
36945,99.416
36946,99.416
36947,99.416
36948,99.416
36949,99.416
36950,99.416
36951,99.416
36952,99.416
36953,99.416
36954,99.416
36955,99.416
36956,99.416
36957,99.416
36958,99.416
36959,99.416
36960,99.416
36961,99.416
36962,99.416
36963,99.416
36964,99.416
36965,99.416
36966,99.416
36967,99.416
36968,99.416
36969,99.416
36970,99.416
36971,99.416
36972,99.416
36973,99.416
36974,99.416
36975,99.416
36976,99.416
36977,99.416
36978,99.416
36979,99.416
36980,99.416
36981,99.416
36982,99.416
36983,99.416
36984,99.416
36985,99.416
36986,99.416
36987,99.416
36988,99.416
36989,99.416
36990,99.416
36991,99.416
36992,99.416
36993,99.416
36994,99.416
36995,99.416
36996,99.416
36997,99.416
36998,99.416
36999,99.416
37000,99.416
37001,99.416
37002,99.416
37003,99.416
37004,99.416
37005,99.416
37006,99.416
37007,99.416
37008,99.416
37009,99.416
37010,99.416
37011,99.416
37012,99.416
37013,99.416
37014,99.416
37015,99.416
37016,99.416
37017,99.416
37018,99.416
37019,99.416
37020,99.416
37021,99.416
37022,99.416
37023,99.416
37024,99.416
37025,99.416
37026,99.416
37027,99.416
37028,99.416
37029,99.416
37030,99.416
37031,99.416
37032,99.416
37033,99.416
37034,99.416
37035,99.416
37036,99.416
37037,99.144
37038,99.144
37039,99.144
37040,99.144
37041,99.144
37042,99.144
37043,99.144
37044,99.144
37045,99.144
37046,99.144
37047,99.144
37048,99.144
37049,99.144
37050,99.144
37051,99.144
37052,99.144
37053,99.144
37054,99.144
37055,99.144
37056,99.144
37057,99.144
37058,99.144
37059,99.144
37060,99.144
37061,99.144
37062,99.144
37063,99.144
37064,99.144
37065,99.144
37066,99.144
37067,99.144
37068,99.144
37069,99.144
37070,99.144
37071,99.144
37072,99.144
37073,99.144
37074,99.144
37075,99.144
37076,99.144
37077,99.144
37078,99.144
37079,99.144
37080,99.144
37081,99.144
37082,99.144
37083,99.144
37084,99.144
37085,99.144
37086,99.144
37087,99.144
37088,99.144
37089,99.144
37090,99.144
37091,99.144
37092,99.144
37093,99.144
37094,99.144
37095,99.144
37096,99.144
37097,99.144
37098,99.144
37099,99.144
37100,99.144
37101,99.144
37102,99.144
37103,99.144
37104,99.144
37105,99.144
37106,99.144
37107,99.144
37108,99.144
37109,99.144
37110,99.144
37111,99.144
37112,99.144
37113,99.144
37114,99.144
37115,99.144
37116,99.144
37117,99.144
37118,99.144
37119,99.144
37120,99.144
37121,99.144
37122,99.144
37123,99.144
37124,99.144
37125,99.144
37126,99.144
37127,99.144
37128,99.144
37129,99.144
37130,99.144
37131,99.144
37132,99.144
37133,99.144
37134,99.144
37135,99.144
37136,99.144
37137,100.287
37138,100.287
37139,100.287
37140,100.287
37141,100.287
37142,100.287
37143,100.287
37144,100.287
37145,100.287
37146,100.287
37147,100.287
37148,100.287
37149,100.287
37150,100.287
37151,100.287
37152,100.287
37153,100.287
37154,100.287
37155,100.287
37156,100.287
37157,100.287
37158,100.287
37159,100.287
37160,100.287
37161,100.287
37162,100.287
37163,100.287
37164,100.287
37165,100.287
37166,100.287
37167,100.287
37168,100.287
37169,100.287
37170,100.287
37171,100.287
37172,100.287
37173,100.287
37174,100.287
37175,100.287
37176,100.287
37177,100.287
37178,100.287
37179,100.287
37180,100.287
37181,100.287
37182,100.287
37183,100.287
37184,100.287
37185,100.287
37186,100.287
37187,100.287
37188,100.287
37189,100.287
37190,100.287
37191,100.287
37192,100.287
37193,100.287
37194,100.287
37195,100.287
37196,100.287
37197,100.287
37198,100.287
37199,100.287
37200,100.287
37201,100.287
37202,100.287
37203,100.287
37204,100.287
37205,100.287
37206,100.287
37207,100.287
37208,100.287
37209,100.287
37210,100.287
37211,100.287
37212,100.287
37213,100.287
37214,100.287
37215,100.287
37216,100.287
37217,100.287
37218,100.287
37219,100.287
37220,100.287
37221,100.287
37222,100.287
37223,100.287
37224,100.287
37225,100.287
37226,100.287
37227,100.287
37228,100.287
37229,100.287
37230,100.287
37231,100.287
37232,100.287
37233,100.287
37234,100.287
37235,100.287
37236,100.287
37237,99.743
37238,99.743
37239,99.743
37240,99.743
37241,99.743
37242,99.743
37243,99.743
37244,99.743
37245,99.743
37246,99.743
37247,99.743
37248,99.743
37249,99.743
37250,99.743
37251,99.743
37252,99.743
37253,99.743
37254,99.743
37255,99.743
37256,99.743
37257,99.743
37258,99.743
37259,99.743
37260,99.743
37261,99.743
37262,99.743
37263,99.743
37264,99.743
37265,99.743
37266,99.743
37267,99.743
37268,99.743
37269,99.743
37270,99.743
37271,99.743
37272,99.743
37273,99.743
37274,99.743
37275,99.743
37276,99.743
37277,99.743
37278,99.743
37279,99.743
37280,99.743
37281,99.743
37282,99.743
37283,99.743
37284,99.743
37285,99.743
37286,99.743
37287,99.743
37288,99.743
37289,99.743
37290,99.743
37291,99.743
37292,99.743
37293,99.743
37294,99.743
37295,99.743
37296,99.743
37297,99.743
37298,99.743
37299,99.743
37300,99.743
37301,99.743
37302,99.743
37303,99.743
37304,99.743
37305,99.743
37306,99.743
37307,99.743
37308,99.743
37309,99.743
37310,99.743
37311,99.743
37312,99.743
37313,99.743
37314,99.743
37315,99.743
37316,99.743
37317,99.743
37318,99.743
37319,99.743
37320,99.743
37321,99.743
37322,99.743
37323,99.743
37324,99.743
37325,99.743
37326,99.743
37327,99.743
37328,99.743
37329,99.743
37330,99.743
37331,99.743
37332,99.743
37333,99.743
37334,99.743
37335,99.743
37336,99.743
37337,100.015
37338,100.015
37339,100.015
37340,100.015
37341,100.015
37342,100.015
37343,100.015
37344,100.015
37345,100.015
37346,100.015
37347,100.015
37348,100.015
37349,100.015
37350,100.015
37351,100.015
37352,100.015
37353,100.015
37354,100.015
37355,100.015
37356,100.015
37357,100.015
37358,100.015
37359,100.015
37360,100.015
37361,100.015
37362,100.015
37363,100.015
37364,100.015
37365,100.015
37366,100.015
37367,100.015
37368,100.015
37369,100.015
37370,100.015
37371,100.015
37372,100.015
37373,100.015
37374,100.015
37375,100.015
37376,100.015
37377,100.015
37378,100.015
37379,100.015
37380,100.015
37381,100.015
37382,100.015
37383,100.015
37384,100.015
37385,100.015
37386,100.015
37387,100.015
37388,100.015
37389,100.015
37390,100.015
37391,100.015
37392,100.015
37393,100.015
37394,100.015
37395,100.015
37396,100.015
37397,100.015
37398,100.015
37399,100.015
37400,100.015
37401,100.015
37402,100.015
37403,100.015
37404,100.015
37405,100.015
37406,100.015
37407,100.015
37408,100.015
37409,100.015
37410,100.015
37411,100.015
37412,100.015
37413,100.015
37414,100.015
37415,100.015
37416,100.015
37417,100.015
37418,100.015
37419,100.015
37420,100.015
37421,100.015
37422,100.015
37423,100.015
37424,100.015
37425,100.015
37426,100.015
37427,100.015
37428,100.015
37429,100.015
37430,100.015
37431,100.015
37432,100.015
37433,100.015
37434,100.015
37435,100.015
37436,100.015
37437,101.22
37438,101.22
37439,101.22
37440,101.22
37441,101.22
37442,101.22
37443,101.22
37444,101.22
37445,101.22
37446,101.22
37447,101.22
37448,101.22
37449,101.22
37450,101.22
37451,101.22
37452,101.22
37453,101.22
37454,101.22
37455,101.22
37456,101.22
37457,101.22
37458,101.22
37459,101.22
37460,101.22
37461,101.22
37462,101.22
37463,101.22
37464,101.22
37465,101.22
37466,101.22
37467,101.22
37468,101.22
37469,101.22
37470,101.22
37471,101.22
37472,101.22
37473,101.22
37474,101.22
37475,101.22
37476,101.22
37477,101.22
37478,101.22
37479,101.22
37480,101.22
37481,101.22
37482,101.22
37483,101.22
37484,101.22
37485,101.22
37486,101.22
37487,101.22
37488,101.22
37489,101.22
37490,101.22
37491,101.22
37492,101.22
37493,101.22
37494,101.22
37495,101.22
37496,101.22
37497,101.22
37498,101.22
37499,101.22
37500,101.22
37501,101.22
37502,101.22
37503,101.22
37504,101.22
37505,101.22
37506,101.22
37507,101.22
37508,101.22
37509,101.22
37510,101.22
37511,101.22
37512,101.22
37513,101.22
37514,101.22
37515,101.22
37516,101.22
37517,101.22
37518,101.22
37519,101.22
37520,101.22
37521,101.22
37522,101.22
37523,101.22
37524,101.22
37525,101.22
37526,101.22
37527,101.22
37528,101.22
37529,101.22
37530,101.22
37531,101.22
37532,101.22
37533,101.22
37534,101.22
37535,101.22
37536,101.22
37537,100.621
37538,100.621
37539,100.621
37540,100.621
37541,100.621
37542,100.621
37543,100.621
37544,100.621
37545,100.621
37546,100.621
37547,100.621
37548,100.621
37549,100.621
37550,100.621
37551,100.621
37552,100.621
37553,100.621
37554,100.621
37555,100.621
37556,100.621
37557,100.621
37558,100.621
37559,100.621
37560,100.621
37561,100.621
37562,100.621
37563,100.621
37564,100.621
37565,100.621
37566,100.621
37567,100.621
37568,100.621
37569,100.621
37570,100.621
37571,100.621
37572,100.621
37573,100.621
37574,100.621
37575,100.621
37576,100.621
37577,100.621
37578,100.621
37579,100.621
37580,100.621
37581,100.621
37582,100.621
37583,100.621
37584,100.621
37585,100.621
37586,100.621
37587,100.621
37588,100.621
37589,100.621
37590,100.621
37591,100.621
37592,100.621
37593,100.621
37594,100.621
37595,100.621
37596,100.621
37597,100.621
37598,100.621
37599,100.621
37600,100.621
37601,100.621
37602,100.621
37603,100.621
37604,100.621
37605,100.621
37606,100.621
37607,100.621
37608,100.621
37609,100.621
37610,100.621
37611,100.621
37612,100.621
37613,100.621
37614,100.621
37615,100.621
37616,100.621
37617,100.621
37618,100.621
37619,100.621
37620,100.621
37621,100.621
37622,100.621
37623,100.621
37624,100.621
37625,100.621
37626,100.621
37627,100.621
37628,100.621
37629,100.621
37630,100.621
37631,100.621
37632,100.621
37633,100.621
37634,100.621
37635,100.621
37636,100.621
37637,99.416
37638,99.416
37639,99.416
37640,99.416
37641,99.416
37642,99.416
37643,99.416
37644,99.416
37645,99.416
37646,99.416
37647,99.416
37648,99.416
37649,99.416
37650,99.416
37651,99.416
37652,99.416
37653,99.416
37654,99.416
37655,99.416
37656,99.416
37657,99.416
37658,99.416
37659,99.416
37660,99.416
37661,99.416
37662,99.416
37663,99.416
37664,99.416
37665,99.416
37666,99.416
37667,99.416
37668,99.416
37669,99.416
37670,99.416
37671,99.416
37672,99.416
37673,99.416
37674,99.416
37675,99.416
37676,99.416
37677,99.416
37678,99.416
37679,99.416
37680,99.416
37681,99.416
37682,99.416
37683,99.416
37684,99.416
37685,99.416
37686,99.416
37687,99.416
37688,99.416
37689,99.416
37690,99.416
37691,99.416
37692,99.416
37693,99.416
37694,99.416
37695,99.416
37696,99.416
37697,99.416
37698,99.416
37699,99.416
37700,99.416
37701,99.416
37702,99.416
37703,99.416
37704,99.416
37705,99.416
37706,99.416
37707,99.416
37708,99.416
37709,99.416
37710,99.416
37711,99.416
37712,99.416
37713,99.416
37714,99.416
37715,99.416
37716,99.416
37717,99.416
37718,99.416
37719,99.416
37720,99.416
37721,99.416
37722,99.416
37723,99.416
37724,99.416
37725,99.416
37726,99.416
37727,99.416
37728,99.416
37729,99.416
37730,99.416
37731,99.416
37732,99.416
37733,99.416
37734,99.416
37735,99.416
37736,99.416
37737,99.416
37738,99.416
37739,99.416
37740,99.416
37741,99.416
37742,99.416
37743,99.416
37744,99.416
37745,99.416
37746,99.416
37747,99.416
37748,99.416
37749,99.416
37750,99.416
37751,99.416
37752,99.416
37753,99.416
37754,99.416
37755,99.416
37756,99.416
37757,99.416
37758,99.416
37759,99.416
37760,99.416
37761,99.416
37762,99.416
37763,99.416
37764,99.416
37765,99.416
37766,99.416
37767,99.416
37768,99.416
37769,99.416
37770,99.416
37771,99.416
37772,99.416
37773,99.416
37774,99.416
37775,99.416
37776,99.416
37777,99.416
37778,99.416
37779,99.416
37780,99.416
37781,99.416
37782,99.416
37783,99.416
37784,99.416
37785,99.416
37786,99.416
37787,99.416
37788,99.416
37789,99.416
37790,99.416
37791,99.416
37792,99.416
37793,99.416
37794,99.416
37795,99.416
37796,99.416
37797,99.416
37798,99.416
37799,99.416
37800,99.416
37801,99.416
37802,99.416
37803,99.416
37804,99.416
37805,99.416
37806,99.416
37807,99.416
37808,99.416
37809,99.416
37810,99.416
37811,99.416
37812,99.416
37813,99.416
37814,99.416
37815,99.416
37816,99.416
37817,99.416
37818,99.416
37819,99.416
37820,99.416
37821,99.416
37822,99.416
37823,99.416
37824,99.416
37825,99.416
37826,99.416
37827,99.416
37828,99.416
37829,99.416
37830,99.416
37831,99.416
37832,99.416
37833,99.416
37834,99.416
37835,99.416
37836,99.416
37837,99.416
37838,99.416
37839,99.416
37840,99.416
37841,99.416
37842,99.416
37843,99.416
37844,99.416
37845,99.416
37846,99.416
37847,99.416
37848,99.416
37849,99.416
37850,99.416
37851,99.416
37852,99.416
37853,99.416
37854,99.416
37855,99.416
37856,99.416
37857,99.416
37858,99.416
37859,99.416
37860,99.416
37861,99.416
37862,99.416
37863,99.416
37864,99.416
37865,99.416
37866,99.416
37867,99.416
37868,99.416
37869,99.416
37870,99.416
37871,99.416
37872,99.416
37873,99.416
37874,99.416
37875,99.416
37876,99.416
37877,99.416
37878,99.416
37879,99.416
37880,99.416
37881,99.416
37882,99.416
37883,99.416
37884,99.416
37885,99.416
37886,99.416
37887,99.416
37888,99.416
37889,99.416
37890,99.416
37891,99.416
37892,99.416
37893,99.416
37894,99.416
37895,99.416
37896,99.416
37897,99.416
37898,99.416
37899,99.416
37900,99.416
37901,99.416
37902,99.416
37903,99.416
37904,99.416
37905,99.416
37906,99.416
37907,99.416
37908,99.416
37909,99.416
37910,99.416
37911,99.416
37912,99.416
37913,99.416
37914,99.416
37915,99.416
37916,99.416
37917,99.416
37918,99.416
37919,99.416
37920,99.416
37921,99.416
37922,99.416
37923,99.416
37924,99.416
37925,99.416
37926,99.416
37927,99.416
37928,99.416
37929,99.416
37930,99.416
37931,99.416
37932,99.416
37933,99.416
37934,99.416
37935,99.416
37936,99.416
37937,99.743
37938,99.743
37939,99.743
37940,99.743
37941,99.743
37942,99.743
37943,99.743
37944,99.743
37945,99.743
37946,99.743
37947,99.743
37948,99.743
37949,99.743
37950,99.743
37951,99.743
37952,99.743
37953,99.743
37954,99.743
37955,99.743
37956,99.743
37957,99.743
37958,99.743
37959,99.743
37960,99.743
37961,99.743
37962,99.743
37963,99.743
37964,99.743
37965,99.743
37966,99.743
37967,99.743
37968,99.743
37969,99.743
37970,99.743
37971,99.743
37972,99.743
37973,99.743
37974,99.743
37975,99.743
37976,99.743
37977,99.743
37978,99.743
37979,99.743
37980,99.743
37981,99.743
37982,99.743
37983,99.743
37984,99.743
37985,99.743
37986,99.743
37987,99.743
37988,99.743
37989,99.743
37990,99.743
37991,99.743
37992,99.743
37993,99.743
37994,99.743
37995,99.743
37996,99.743
37997,99.743
37998,99.743
37999,99.743
38000,99.743
38001,99.743
38002,99.743
38003,99.743
38004,99.743
38005,99.743
38006,99.743
38007,99.743
38008,99.743
38009,99.743
38010,99.743
38011,99.743
38012,99.743
38013,99.743
38014,99.743
38015,99.743
38016,99.743
38017,99.743
38018,99.743
38019,99.743
38020,99.743
38021,99.743
38022,99.743
38023,99.743
38024,99.743
38025,99.743
38026,99.743
38027,99.743
38028,99.743
38029,99.743
38030,99.743
38031,99.743
38032,99.743
38033,99.743
38034,99.743
38035,99.743
38036,99.743
38037,99.144
38038,99.144
38039,99.144
38040,99.144
38041,99.144
38042,99.144
38043,99.144
38044,99.144
38045,99.144
38046,99.144
38047,99.144
38048,99.144
38049,99.144
38050,99.144
38051,99.144
38052,99.144
38053,99.144
38054,99.144
38055,99.144
38056,99.144
38057,99.144
38058,99.144
38059,99.144
38060,99.144
38061,99.144
38062,99.144
38063,99.144
38064,99.144
38065,99.144
38066,99.144
38067,99.144
38068,99.144
38069,99.144
38070,99.144
38071,99.144
38072,99.144
38073,99.144
38074,99.144
38075,99.144
38076,99.144
38077,99.144
38078,99.144
38079,99.144
38080,99.144
38081,99.144
38082,99.144
38083,99.144
38084,99.144
38085,99.144
38086,99.144
38087,99.144
38088,99.144
38089,99.144
38090,99.144
38091,99.144
38092,99.144
38093,99.144
38094,99.144
38095,99.144
38096,99.144
38097,99.144
38098,99.144
38099,99.144
38100,99.144
38101,99.144
38102,99.144
38103,99.144
38104,99.144
38105,99.144
38106,99.144
38107,99.144
38108,99.144
38109,99.144
38110,99.144
38111,99.144
38112,99.144
38113,99.144
38114,99.144
38115,99.144
38116,99.144
38117,99.144
38118,99.144
38119,99.144
38120,99.144
38121,99.144
38122,99.144
38123,99.144
38124,99.144
38125,99.144
38126,99.144
38127,99.144
38128,99.144
38129,99.144
38130,99.144
38131,99.144
38132,99.144
38133,99.144
38134,99.144
38135,99.144
38136,99.144
38137,100.015
38138,100.015
38139,100.015
38140,100.015
38141,100.015
38142,100.015
38143,100.015
38144,100.015
38145,100.015
38146,100.015
38147,100.015
38148,100.015
38149,100.015
38150,100.015
38151,100.015
38152,100.015
38153,100.015
38154,100.015
38155,100.015
38156,100.015
38157,100.015
38158,100.015
38159,100.015
38160,100.015
38161,100.015
38162,100.015
38163,100.015
38164,100.015
38165,100.015
38166,100.015
38167,100.015
38168,100.015
38169,100.015
38170,100.015
38171,100.015
38172,100.015
38173,100.015
38174,100.015
38175,100.015
38176,100.015
38177,100.015
38178,100.015
38179,100.015
38180,100.015
38181,100.015
38182,100.015
38183,100.015
38184,100.015
38185,100.015
38186,100.015
38187,100.015
38188,100.015
38189,100.015
38190,100.015
38191,100.015
38192,100.015
38193,100.015
38194,100.015
38195,100.015
38196,100.015
38197,100.015
38198,100.015
38199,100.015
38200,100.015
38201,100.015
38202,100.015
38203,100.015
38204,100.015
38205,100.015
38206,100.015
38207,100.015
38208,100.015
38209,100.015
38210,100.015
38211,100.015
38212,100.015
38213,100.015
38214,100.015
38215,100.015
38216,100.015
38217,100.015
38218,100.015
38219,100.015
38220,100.015
38221,100.015
38222,100.015
38223,100.015
38224,100.015
38225,100.015
38226,100.015
38227,100.015
38228,100.015
38229,100.015
38230,100.015
38231,100.015
38232,100.015
38233,100.015
38234,100.015
38235,100.015
38236,100.015
38237,100.894
38238,100.894
38239,100.894
38240,100.894
38241,100.894
38242,100.894
38243,100.894
38244,100.894
38245,100.894
38246,100.894
38247,100.894
38248,100.894
38249,100.894
38250,100.894
38251,100.894
38252,100.894
38253,100.894
38254,100.894
38255,100.894
38256,100.894
38257,100.894
38258,100.894
38259,100.894
38260,100.894
38261,100.894
38262,100.894
38263,100.894
38264,100.894
38265,100.894
38266,100.894
38267,100.894
38268,100.894
38269,100.894
38270,100.894
38271,100.894
38272,100.894
38273,100.894
38274,100.894
38275,100.894
38276,100.894
38277,100.894
38278,100.894
38279,100.894
38280,100.894
38281,100.894
38282,100.894
38283,100.894
38284,100.894
38285,100.894
38286,100.894
38287,100.894
38288,100.894
38289,100.894
38290,100.894
38291,100.894
38292,100.894
38293,100.894
38294,100.894
38295,100.894
38296,100.894
38297,100.894
38298,100.894
38299,100.894
38300,100.894
38301,100.894
38302,100.894
38303,100.894
38304,100.894
38305,100.894
38306,100.894
38307,100.894
38308,100.894
38309,100.894
38310,100.894
38311,100.894
38312,100.894
38313,100.894
38314,100.894
38315,100.894
38316,100.894
38317,100.894
38318,100.894
38319,100.894
38320,100.894
38321,100.894
38322,100.894
38323,100.894
38324,100.894
38325,100.894
38326,100.894
38327,100.894
38328,100.894
38329,100.894
38330,100.894
38331,100.894
38332,100.894
38333,100.894
38334,100.894
38335,100.894
38336,100.894
38337,101.22
38338,101.22
38339,101.22
38340,101.22
38341,101.22
38342,101.22
38343,101.22
38344,101.22
38345,101.22
38346,101.22
38347,101.22
38348,101.22
38349,101.22
38350,101.22
38351,101.22
38352,101.22
38353,101.22
38354,101.22
38355,101.22
38356,101.22
38357,101.22
38358,101.22
38359,101.22
38360,101.22
38361,101.22
38362,101.22
38363,101.22
38364,101.22
38365,101.22
38366,101.22
38367,101.22
38368,101.22
38369,101.22
38370,101.22
38371,101.22
38372,101.22
38373,101.22
38374,101.22
38375,101.22
38376,101.22
38377,101.22
38378,101.22
38379,101.22
38380,101.22
38381,101.22
38382,101.22
38383,101.22
38384,101.22
38385,101.22
38386,101.22
38387,101.22
38388,101.22
38389,101.22
38390,101.22
38391,101.22
38392,101.22
38393,101.22
38394,101.22
38395,101.22
38396,101.22
38397,101.22
38398,101.22
38399,101.22
38400,101.22
38401,101.22
38402,101.22
38403,101.22
38404,101.22
38405,101.22
38406,101.22
38407,101.22
38408,101.22
38409,101.22
38410,101.22
38411,101.22
38412,101.22
38413,101.22
38414,101.22
38415,101.22
38416,101.22
38417,101.22
38418,101.22
38419,101.22
38420,101.22
38421,101.22
38422,101.22
38423,101.22
38424,101.22
38425,101.22
38426,101.22
38427,101.22
38428,101.22
38429,101.22
38430,101.22
38431,101.22
38432,101.22
38433,101.22
38434,101.22
38435,101.22
38436,101.22
38437,101.22
38438,100.015
38439,100.015
38440,100.015
38441,100.015
38442,100.015
38443,100.015
38444,100.015
38445,100.015
38446,100.015
38447,100.015
38448,100.015
38449,100.015
38450,100.015
38451,100.015
38452,100.015
38453,100.015
38454,100.015
38455,100.015
38456,100.015
38457,100.015
38458,100.015
38459,100.015
38460,100.015
38461,100.015
38462,100.015
38463,100.015
38464,100.015
38465,100.015
38466,100.015
38467,100.015
38468,100.015
38469,100.015
38470,100.015
38471,100.015
38472,100.015
38473,100.015
38474,100.015
38475,100.015
38476,100.015
38477,100.015
38478,100.015
38479,100.015
38480,100.015
38481,100.015
38482,100.015
38483,100.015
38484,100.015
38485,100.015
38486,100.015
38487,100.015
38488,100.015
38489,100.015
38490,100.015
38491,100.015
38492,100.015
38493,100.015
38494,100.015
38495,100.015
38496,100.015
38497,100.015
38498,100.015
38499,100.015
38500,100.015
38501,100.015
38502,100.015
38503,100.015
38504,100.015
38505,100.015
38506,100.015
38507,100.015
38508,100.015
38509,100.015
38510,100.015
38511,100.015
38512,100.015
38513,100.015
38514,100.015
38515,100.015
38516,100.015
38517,100.015
38518,100.015
38519,100.015
38520,100.015
38521,100.015
38522,100.015
38523,100.015
38524,100.015
38525,100.015
38526,100.015
38527,100.015
38528,100.015
38529,100.015
38530,100.015
38531,100.015
38532,100.015
38533,100.015
38534,100.015
38535,100.015
38536,100.015
38537,99.144
38538,99.144
38539,99.144
38540,99.144
38541,99.144
38542,99.144
38543,99.144
38544,99.144
38545,99.144
38546,99.144
38547,99.144
38548,99.144
38549,99.144
38550,99.144
38551,99.144
38552,99.144
38553,99.144
38554,99.144
38555,99.144
38556,99.144
38557,99.144
38558,99.144
38559,99.144
38560,99.144
38561,99.144
38562,99.144
38563,99.144
38564,99.144
38565,99.144
38566,99.144
38567,99.144
38568,99.144
38569,99.144
38570,99.144
38571,99.144
38572,99.144
38573,99.144
38574,99.144
38575,99.144
38576,99.144
38577,99.144
38578,99.144
38579,99.144
38580,99.144
38581,99.144
38582,99.144
38583,99.144
38584,99.144
38585,99.144
38586,99.144
38587,99.144
38588,99.144
38589,99.144
38590,99.144
38591,99.144
38592,99.144
38593,99.144
38594,99.144
38595,99.144
38596,99.144
38597,99.144
38598,99.144
38599,99.144
38600,99.144
38601,99.144
38602,99.144
38603,99.144
38604,99.144
38605,99.144
38606,99.144
38607,99.144
38608,99.144
38609,99.144
38610,99.144
38611,99.144
38612,99.144
38613,99.144
38614,99.144
38615,99.144
38616,99.144
38617,99.144
38618,99.144
38619,99.144
38620,99.144
38621,99.144
38622,99.144
38623,99.144
38624,99.144
38625,99.144
38626,99.144
38627,99.144
38628,99.144
38629,99.144
38630,99.144
38631,99.144
38632,99.144
38633,99.144
38634,99.144
38635,99.144
38636,99.144
38637,99.144
38638,99.144
38639,99.144
38640,99.144
38641,99.144
38642,99.144
38643,99.144
38644,99.144
38645,99.144
38646,99.144
38647,99.144
38648,99.144
38649,99.144
38650,99.144
38651,99.144
38652,99.144
38653,99.144
38654,99.144
38655,99.144
38656,99.144
38657,99.144
38658,99.144
38659,99.144
38660,99.144
38661,99.144
38662,99.144
38663,99.144
38664,99.144
38665,99.144
38666,99.144
38667,99.144
38668,99.144
38669,99.144
38670,99.144
38671,99.144
38672,99.144
38673,99.144
38674,99.144
38675,99.144
38676,99.144
38677,99.144
38678,99.144
38679,99.144
38680,99.144
38681,99.144
38682,99.144
38683,99.144
38684,99.144
38685,99.144
38686,99.144
38687,99.144
38688,99.144
38689,99.144
38690,99.144
38691,99.144
38692,99.144
38693,99.144
38694,99.144
38695,99.144
38696,99.144
38697,99.144
38698,99.144
38699,99.144
38700,99.144
38701,99.144
38702,99.144
38703,99.144
38704,99.144
38705,99.144
38706,99.144
38707,99.144
38708,99.144
38709,99.144
38710,99.144
38711,99.144
38712,99.144
38713,99.144
38714,99.144
38715,99.144
38716,99.144
38717,99.144
38718,99.144
38719,99.144
38720,99.144
38721,99.144
38722,99.144
38723,99.144
38724,99.144
38725,99.144
38726,99.144
38727,99.144
38728,99.144
38729,99.144
38730,99.144
38731,99.144
38732,99.144
38733,99.144
38734,99.144
38735,99.144
38736,99.144
38737,99.144
38738,99.144
38739,99.144
38740,99.144
38741,99.144
38742,99.144
38743,99.144
38744,99.144
38745,99.144
38746,99.144
38747,99.144
38748,99.144
38749,99.144
38750,99.144
38751,99.144
38752,99.144
38753,99.144
38754,99.144
38755,99.144
38756,99.144
38757,99.144
38758,99.144
38759,99.144
38760,99.144
38761,99.144
38762,99.144
38763,99.144
38764,99.144
38765,99.144
38766,99.144
38767,99.144
38768,99.144
38769,99.144
38770,99.144
38771,99.144
38772,99.144
38773,99.144
38774,99.144
38775,99.144
38776,99.144
38777,99.144
38778,99.144
38779,99.144
38780,99.144
38781,99.144
38782,99.144
38783,99.144
38784,99.144
38785,99.144
38786,99.144
38787,99.144
38788,99.144
38789,99.144
38790,99.144
38791,99.144
38792,99.144
38793,99.144
38794,99.144
38795,99.144
38796,99.144
38797,99.144
38798,99.144
38799,99.144
38800,99.144
38801,99.144
38802,99.144
38803,99.144
38804,99.144
38805,99.144
38806,99.144
38807,99.144
38808,99.144
38809,99.144
38810,99.144
38811,99.144
38812,99.144
38813,99.144
38814,99.144
38815,99.144
38816,99.144
38817,99.144
38818,99.144
38819,99.144
38820,99.144
38821,99.144
38822,99.144
38823,99.144
38824,99.144
38825,99.144
38826,99.144
38827,99.144
38828,99.144
38829,99.144
38830,99.144
38831,99.144
38832,99.144
38833,99.144
38834,99.144
38835,99.144
38836,99.144
38837,99.416
38838,99.416
38839,99.416
38840,99.416
38841,99.416
38842,99.416
38843,99.416
38844,99.416
38845,99.416
38846,99.416
38847,99.416
38848,99.416
38849,99.416
38850,99.416
38851,99.416
38852,99.416
38853,99.416
38854,99.416
38855,99.416
38856,99.416
38857,99.416
38858,99.416
38859,99.416
38860,99.416
38861,99.416
38862,99.416
38863,99.416
38864,99.416
38865,99.416
38866,99.416
38867,99.416
38868,99.416
38869,99.416
38870,99.416
38871,99.416
38872,99.416
38873,99.416
38874,99.416
38875,99.416
38876,99.416
38877,99.416
38878,99.416
38879,99.416
38880,99.416
38881,99.416
38882,99.416
38883,99.416
38884,99.416
38885,99.416
38886,99.416
38887,99.416
38888,99.416
38889,99.416
38890,99.416
38891,99.416
38892,99.416
38893,99.416
38894,99.416
38895,99.416
38896,99.416
38897,99.416
38898,99.416
38899,99.416
38900,99.416
38901,99.416
38902,99.416
38903,99.416
38904,99.416
38905,99.416
38906,99.416
38907,99.416
38908,99.416
38909,99.416
38910,99.416
38911,99.416
38912,99.416
38913,99.416
38914,99.416
38915,99.416
38916,99.416
38917,99.416
38918,99.416
38919,99.416
38920,99.416
38921,99.416
38922,99.416
38923,99.416
38924,99.416
38925,99.416
38926,99.416
38927,99.416
38928,99.416
38929,99.416
38930,99.416
38931,99.416
38932,99.416
38933,99.416
38934,99.416
38935,99.416
38936,99.416
38937,99.416
38938,99.144
38939,99.144
38940,99.144
38941,99.144
38942,99.144
38943,99.144
38944,99.144
38945,99.144
38946,99.144
38947,99.144
38948,99.144
38949,99.144
38950,99.144
38951,99.144
38952,99.144
38953,99.144
38954,99.144
38955,99.144
38956,99.144
38957,99.144
38958,99.144
38959,99.144
38960,99.144
38961,99.144
38962,99.144
38963,99.144
38964,99.144
38965,99.144
38966,99.144
38967,99.144
38968,99.144
38969,99.144
38970,99.144
38971,99.144
38972,99.144
38973,99.144
38974,99.144
38975,99.144
38976,99.144
38977,99.144
38978,99.144
38979,99.144
38980,99.144
38981,99.144
38982,99.144
38983,99.144
38984,99.144
38985,99.144
38986,99.144
38987,99.144
38988,99.144
38989,99.144
38990,99.144
38991,99.144
38992,99.144
38993,99.144
38994,99.144
38995,99.144
38996,99.144
38997,99.144
38998,99.144
38999,99.144
39000,99.144
39001,99.144
39002,99.144
39003,99.144
39004,99.144
39005,99.144
39006,99.144
39007,99.144
39008,99.144
39009,99.144
39010,99.144
39011,99.144
39012,99.144
39013,99.144
39014,99.144
39015,99.144
39016,99.144
39017,99.144
39018,99.144
39019,99.144
39020,99.144
39021,99.144
39022,99.144
39023,99.144
39024,99.144
39025,99.144
39026,99.144
39027,99.144
39028,99.144
39029,99.144
39030,99.144
39031,99.144
39032,99.144
39033,99.144
39034,99.144
39035,99.144
39036,99.144
39037,99.743
39038,99.743
39039,99.743
39040,99.743
39041,99.743
39042,99.743
39043,99.743
39044,99.743
39045,99.743
39046,99.743
39047,99.743
39048,99.743
39049,99.743
39050,99.743
39051,99.743
39052,99.743
39053,99.743
39054,99.743
39055,99.743
39056,99.743
39057,99.743
39058,99.743
39059,99.743
39060,99.743
39061,99.743
39062,99.743
39063,99.743
39064,99.743
39065,99.743
39066,99.743
39067,99.743
39068,99.743
39069,99.743
39070,99.743
39071,99.743
39072,99.743
39073,99.743
39074,99.743
39075,99.743
39076,99.743
39077,99.743
39078,99.743
39079,99.743
39080,99.743
39081,99.743
39082,99.743
39083,99.743
39084,99.743
39085,99.743
39086,99.743
39087,99.743
39088,99.743
39089,99.743
39090,99.743
39091,99.743
39092,99.743
39093,99.743
39094,99.743
39095,99.743
39096,99.743
39097,99.743
39098,99.743
39099,99.743
39100,99.743
39101,99.743
39102,99.743
39103,99.743
39104,99.743
39105,99.743
39106,99.743
39107,99.743
39108,99.743
39109,99.743
39110,99.743
39111,99.743
39112,99.743
39113,99.743
39114,99.743
39115,99.743
39116,99.743
39117,99.743
39118,99.743
39119,99.743
39120,99.743
39121,99.743
39122,99.743
39123,99.743
39124,99.743
39125,99.743
39126,99.743
39127,99.743
39128,99.743
39129,99.743
39130,99.743
39131,99.743
39132,99.743
39133,99.743
39134,99.743
39135,99.743
39136,99.743
39137,99.416
39138,99.416
39139,99.416
39140,99.416
39141,99.416
39142,99.416
39143,99.416
39144,99.416
39145,99.416
39146,99.416
39147,99.416
39148,99.416
39149,99.416
39150,99.416
39151,99.416
39152,99.416
39153,99.416
39154,99.416
39155,99.416
39156,99.416
39157,99.416
39158,99.416
39159,99.416
39160,99.416
39161,99.416
39162,99.416
39163,99.416
39164,99.416
39165,99.416
39166,99.416
39167,99.416
39168,99.416
39169,99.416
39170,99.416
39171,99.416
39172,99.416
39173,99.416
39174,99.416
39175,99.416
39176,99.416
39177,99.416
39178,99.416
39179,99.416
39180,99.416
39181,99.416
39182,99.416
39183,99.416
39184,99.416
39185,99.416
39186,99.416
39187,99.416
39188,99.416
39189,99.416
39190,99.416
39191,99.416
39192,99.416
39193,99.416
39194,99.416
39195,99.416
39196,99.416
39197,99.416
39198,99.416
39199,99.416
39200,99.416
39201,99.416
39202,99.416
39203,99.416
39204,99.416
39205,99.416
39206,99.416
39207,99.416
39208,99.416
39209,99.416
39210,99.416
39211,99.416
39212,99.416
39213,99.416
39214,99.416
39215,99.416
39216,99.416
39217,99.416
39218,99.416
39219,99.416
39220,99.416
39221,99.416
39222,99.416
39223,99.416
39224,99.416
39225,99.416
39226,99.416
39227,99.416
39228,99.416
39229,99.416
39230,99.416
39231,99.416
39232,99.416
39233,99.416
39234,99.416
39235,99.416
39236,99.416
39237,101.22
39238,101.22
39239,101.22
39240,101.22
39241,101.22
39242,101.22
39243,101.22
39244,101.22
39245,101.22
39246,101.22
39247,101.22
39248,101.22
39249,101.22
39250,101.22
39251,101.22
39252,101.22
39253,101.22
39254,101.22
39255,101.22
39256,101.22
39257,101.22
39258,101.22
39259,101.22
39260,101.22
39261,101.22
39262,101.22
39263,101.22
39264,101.22
39265,101.22
39266,101.22
39267,101.22
39268,101.22
39269,101.22
39270,101.22
39271,101.22
39272,101.22
39273,101.22
39274,101.22
39275,101.22
39276,101.22
39277,101.22
39278,101.22
39279,101.22
39280,101.22
39281,101.22
39282,101.22
39283,101.22
39284,101.22
39285,101.22
39286,101.22
39287,101.22
39288,101.22
39289,101.22
39290,101.22
39291,101.22
39292,101.22
39293,101.22
39294,101.22
39295,101.22
39296,101.22
39297,101.22
39298,101.22
39299,101.22
39300,101.22
39301,101.22
39302,101.22
39303,101.22
39304,101.22
39305,101.22
39306,101.22
39307,101.22
39308,101.22
39309,101.22
39310,101.22
39311,101.22
39312,101.22
39313,101.22
39314,101.22
39315,101.22
39316,101.22
39317,101.22
39318,101.22
39319,101.22
39320,101.22
39321,101.22
39322,101.22
39323,101.22
39324,101.22
39325,101.22
39326,101.22
39327,101.22
39328,101.22
39329,101.22
39330,101.22
39331,101.22
39332,101.22
39333,101.22
39334,101.22
39335,101.22
39336,101.22
39337,100.287
39338,100.287
39339,100.287
39340,100.287
39341,100.287
39342,100.287
39343,100.287
39344,100.287
39345,100.287
39346,100.287
39347,100.287
39348,100.287
39349,100.287
39350,100.287
39351,100.287
39352,100.287
39353,100.287
39354,100.287
39355,100.287
39356,100.287
39357,100.287
39358,100.287
39359,100.287
39360,100.287
39361,100.287
39362,100.287
39363,100.287
39364,100.287
39365,100.287
39366,100.287
39367,100.287
39368,100.287
39369,100.287
39370,100.287
39371,100.287
39372,100.287
39373,100.287
39374,100.287
39375,100.287
39376,100.287
39377,100.287
39378,100.287
39379,100.287
39380,100.287
39381,100.287
39382,100.287
39383,100.287
39384,100.287
39385,100.287
39386,100.287
39387,100.287
39388,100.287
39389,100.287
39390,100.287
39391,100.287
39392,100.287
39393,100.287
39394,100.287
39395,100.287
39396,100.287
39397,100.287
39398,100.287
39399,100.287
39400,100.287
39401,100.287
39402,100.287
39403,100.287
39404,100.287
39405,100.287
39406,100.287
39407,100.287
39408,100.287
39409,100.287
39410,100.287
39411,100.287
39412,100.287
39413,100.287
39414,100.287
39415,100.287
39416,100.287
39417,100.287
39418,100.287
39419,100.287
39420,100.287
39421,100.287
39422,100.287
39423,100.287
39424,100.287
39425,100.287
39426,100.287
39427,100.287
39428,100.287
39429,100.287
39430,100.287
39431,100.287
39432,100.287
39433,100.287
39434,100.287
39435,100.287
39436,100.287
39437,99.144
39438,99.144
39439,99.144
39440,99.144
39441,99.144
39442,99.144
39443,99.144
39444,99.144
39445,99.144
39446,99.144
39447,99.144
39448,99.144
39449,99.144
39450,99.144
39451,99.144
39452,99.144
39453,99.144
39454,99.144
39455,99.144
39456,99.144
39457,99.144
39458,99.144
39459,99.144
39460,99.144
39461,99.144
39462,99.144
39463,99.144
39464,99.144
39465,99.144
39466,99.144
39467,99.144
39468,99.144
39469,99.144
39470,99.144
39471,99.144
39472,99.144
39473,99.144
39474,99.144
39475,99.144
39476,99.144
39477,99.144
39478,99.144
39479,99.144
39480,99.144
39481,99.144
39482,99.144
39483,99.144
39484,99.144
39485,99.144
39486,99.144
39487,99.144
39488,99.144
39489,99.144
39490,99.144
39491,99.144
39492,99.144
39493,99.144
39494,99.144
39495,99.144
39496,99.144
39497,99.144
39498,99.144
39499,99.144
39500,99.144
39501,99.144
39502,99.144
39503,99.144
39504,99.144
39505,99.144
39506,99.144
39507,99.144
39508,99.144
39509,99.144
39510,99.144
39511,99.144
39512,99.144
39513,99.144
39514,99.144
39515,99.144
39516,99.144
39517,99.144
39518,99.144
39519,99.144
39520,99.144
39521,99.144
39522,99.144
39523,99.144
39524,99.144
39525,99.144
39526,99.144
39527,99.144
39528,99.144
39529,99.144
39530,99.144
39531,99.144
39532,99.144
39533,99.144
39534,99.144
39535,99.144
39536,99.144
39537,99.144
39538,99.144
39539,99.144
39540,99.144
39541,99.144
39542,99.144
39543,99.144
39544,99.144
39545,99.144
39546,99.144
39547,99.144
39548,99.144
39549,99.144
39550,99.144
39551,99.144
39552,99.144
39553,99.144
39554,99.144
39555,99.144
39556,99.144
39557,99.144
39558,99.144
39559,99.144
39560,99.144
39561,99.144
39562,99.144
39563,99.144
39564,99.144
39565,99.144
39566,99.144
39567,99.144
39568,99.144
39569,99.144
39570,99.144
39571,99.144
39572,99.144
39573,99.144
39574,99.144
39575,99.144
39576,99.144
39577,99.144
39578,99.144
39579,99.144
39580,99.144
39581,99.144
39582,99.144
39583,99.144
39584,99.144
39585,99.144
39586,99.144
39587,99.144
39588,99.144
39589,99.144
39590,99.144
39591,99.144
39592,99.144
39593,99.144
39594,99.144
39595,99.144
39596,99.144
39597,99.144
39598,99.144
39599,99.144
39600,99.144
39601,99.144
39602,99.144
39603,99.144
39604,99.144
39605,99.144
39606,99.144
39607,99.144
39608,99.144
39609,99.144
39610,99.144
39611,99.144
39612,99.144
39613,99.144
39614,99.144
39615,99.144
39616,99.144
39617,99.144
39618,99.144
39619,99.144
39620,99.144
39621,99.144
39622,99.144
39623,99.144
39624,99.144
39625,99.144
39626,99.144
39627,99.144
39628,99.144
39629,99.144
39630,99.144
39631,99.144
39632,99.144
39633,99.144
39634,99.144
39635,99.144
39636,99.144
39637,99.144
39638,99.416
39639,99.416
39640,99.416
39641,99.416
39642,99.416
39643,99.416
39644,99.416
39645,99.416
39646,99.416
39647,99.416
39648,99.416
39649,99.416
39650,99.416
39651,99.416
39652,99.416
39653,99.416
39654,99.416
39655,99.416
39656,99.416
39657,99.416
39658,99.416
39659,99.416
39660,99.416
39661,99.416
39662,99.416
39663,99.416
39664,99.416
39665,99.416
39666,99.416
39667,99.416
39668,99.416
39669,99.416
39670,99.416
39671,99.416
39672,99.416
39673,99.416
39674,99.416
39675,99.416
39676,99.416
39677,99.416
39678,99.416
39679,99.416
39680,99.416
39681,99.416
39682,99.416
39683,99.416
39684,99.416
39685,99.416
39686,99.416
39687,99.416
39688,99.416
39689,99.416
39690,99.416
39691,99.416
39692,99.416
39693,99.416
39694,99.416
39695,99.416
39696,99.416
39697,99.416
39698,99.416
39699,99.416
39700,99.416
39701,99.416
39702,99.416
39703,99.416
39704,99.416
39705,99.416
39706,99.416
39707,99.416
39708,99.416
39709,99.416
39710,99.416
39711,99.416
39712,99.416
39713,99.416
39714,99.416
39715,99.416
39716,99.416
39717,99.416
39718,99.416
39719,99.416
39720,99.416
39721,99.416
39722,99.416
39723,99.416
39724,99.416
39725,99.416
39726,99.416
39727,99.416
39728,99.416
39729,99.416
39730,99.416
39731,99.416
39732,99.416
39733,99.416
39734,99.416
39735,99.416
39736,99.416
39737,99.416
39738,99.416
39739,99.845
39740,99.845
39741,99.845
39742,99.845
39743,99.845
39744,99.845
39745,99.845
39746,99.845
39747,99.845
39748,99.845
39749,99.845
39750,99.845
39751,99.845
39752,99.845
39753,99.845
39754,99.845
39755,99.845
39756,99.845
39757,99.845
39758,99.845
39759,99.845
39760,99.845
39761,99.845
39762,99.845
39763,99.845
39764,99.845
39765,99.845
39766,99.845
39767,99.845
39768,99.845
39769,99.845
39770,99.845
39771,99.845
39772,99.845
39773,99.845
39774,99.845
39775,99.845
39776,99.845
39777,99.845
39778,99.845
39779,99.845
39780,99.845
39781,99.845
39782,99.845
39783,99.845
39784,99.845
39785,99.845
39786,99.845
39787,99.845
39788,99.845
39789,99.845
39790,99.845
39791,99.845
39792,99.845
39793,99.845
39794,99.845
39795,99.845
39796,99.845
39797,99.845
39798,99.845
39799,99.845
39800,99.845
39801,99.845
39802,99.845
39803,99.845
39804,99.845
39805,99.845
39806,99.845
39807,99.845
39808,99.845
39809,99.845
39810,99.845
39811,99.845
39812,99.845
39813,99.845
39814,99.845
39815,99.845
39816,99.845
39817,99.845
39818,99.845
39819,99.845
39820,99.845
39821,99.845
39822,99.845
39823,99.845
39824,99.845
39825,99.845
39826,99.845
39827,99.845
39828,99.845
39829,99.845
39830,99.845
39831,99.845
39832,99.845
39833,99.845
39834,99.845
39835,99.845
39836,99.845
39837,99.845
39838,99.845
39839,99.743
39840,99.743
39841,99.743
39842,99.743
39843,99.743
39844,99.743
39845,99.743
39846,99.743
39847,99.743
39848,99.743
39849,99.743
39850,99.743
39851,99.743
39852,99.743
39853,99.743
39854,99.743
39855,99.743
39856,99.743
39857,99.743
39858,99.743
39859,99.743
39860,99.743
39861,99.743
39862,99.743
39863,99.743
39864,99.743
39865,99.743
39866,99.743
39867,99.743
39868,99.743
39869,99.743
39870,99.743
39871,99.743
39872,99.743
39873,99.743
39874,99.743
39875,99.743
39876,99.743
39877,99.743
39878,99.743
39879,99.743
39880,99.743
39881,99.743
39882,99.743
39883,99.743
39884,99.743
39885,99.743
39886,99.743
39887,99.743
39888,99.743
39889,99.743
39890,99.743
39891,99.743
39892,99.743
39893,99.743
39894,99.743
39895,99.743
39896,99.743
39897,99.743
39898,99.743
39899,99.743
39900,99.743
39901,99.743
39902,99.743
39903,99.743
39904,99.743
39905,99.743
39906,99.743
39907,99.743
39908,99.743
39909,99.743
39910,99.743
39911,99.743
39912,99.743
39913,99.743
39914,99.743
39915,99.743
39916,99.743
39917,99.743
39918,99.743
39919,99.743
39920,99.743
39921,99.743
39922,99.743
39923,99.743
39924,99.743
39925,99.743
39926,99.743
39927,99.743
39928,99.743
39929,99.743
39930,99.743
39931,99.743
39932,99.743
39933,99.743
39934,99.743
39935,99.743
39936,99.743
39937,100.015
39938,100.015
39939,100.015
39940,100.015
39941,100.015
39942,100.015
39943,100.015
39944,100.015
39945,100.015
39946,100.015
39947,100.015
39948,100.015
39949,100.015
39950,100.015
39951,100.015
39952,100.015
39953,100.015
39954,100.015
39955,100.015
39956,100.015
39957,100.015
39958,100.015
39959,100.015
39960,100.015
39961,100.015
39962,100.015
39963,100.015
39964,100.015
39965,100.015
39966,100.015
39967,100.015
39968,100.015
39969,100.015
39970,100.015
39971,100.015
39972,100.015
39973,100.015
39974,100.015
39975,100.015
39976,100.015
39977,100.015
39978,100.015
39979,100.015
39980,100.015
39981,100.015
39982,100.015
39983,100.015
39984,100.015
39985,100.015
39986,100.015
39987,100.015
39988,100.015
39989,100.015
39990,100.015
39991,100.015
39992,100.015
39993,100.015
39994,100.015
39995,100.015
39996,100.015
39997,100.015
39998,100.015
39999,100.015
40000,100.015
40001,100.015
40002,100.015
40003,100.015
40004,100.015
40005,100.015
40006,100.015
40007,100.015
40008,100.015
40009,100.015
40010,100.015
40011,100.015
40012,100.015
40013,100.015
40014,100.015
40015,100.015
40016,100.015
40017,100.015
40018,100.015
40019,100.015
40020,100.015
40021,100.015
40022,100.015
40023,100.015
40024,100.015
40025,100.015
40026,100.015
40027,100.015
40028,100.015
40029,100.015
40030,100.015
40031,100.015
40032,100.015
40033,100.015
40034,100.015
40035,100.015
40036,100.015
40037,100.997
40038,100.997
40039,100.997
40040,100.997
40041,100.997
40042,100.997
40043,100.997
40044,100.997
40045,100.997
40046,100.997
40047,100.997
40048,100.997
40049,100.997
40050,100.997
40051,100.997
40052,100.997
40053,100.997
40054,100.997
40055,100.997
40056,100.997
40057,100.997
40058,100.997
40059,100.997
40060,100.997
40061,100.997
40062,100.997
40063,100.997
40064,100.997
40065,100.997
40066,100.997
40067,100.997
40068,100.997
40069,100.997
40070,100.997
40071,100.997
40072,100.997
40073,100.997
40074,100.997
40075,100.997
40076,100.997
40077,100.997
40078,100.997
40079,100.997
40080,100.997
40081,100.997
40082,100.997
40083,100.997
40084,100.997
40085,100.997
40086,100.997
40087,100.997
40088,100.997
40089,100.997
40090,100.997
40091,100.997
40092,100.997
40093,100.997
40094,100.997
40095,100.997
40096,100.997
40097,100.997
40098,100.997
40099,100.997
40100,100.997
40101,100.997
40102,100.997
40103,100.997
40104,100.997
40105,100.997
40106,100.997
40107,100.997
40108,100.997
40109,100.997
40110,100.997
40111,100.997
40112,100.997
40113,100.997
40114,100.997
40115,100.997
40116,100.997
40117,100.997
40118,100.997
40119,100.997
40120,100.997
40121,100.997
40122,100.997
40123,100.997
40124,100.997
40125,100.997
40126,100.997
40127,100.997
40128,100.997
40129,100.997
40130,100.997
40131,100.997
40132,100.997
40133,100.997
40134,100.997
40135,100.997
40136,100.997
40137,101.492
40138,101.492
40139,101.492
40140,101.492
40141,101.492
40142,101.492
40143,101.492
40144,101.492
40145,101.492
40146,101.492
40147,101.492
40148,101.492
40149,101.492
40150,101.492
40151,101.492
40152,101.492
40153,101.492
40154,101.492
40155,101.492
40156,101.492
40157,101.492
40158,101.492
40159,101.492
40160,101.492
40161,101.492
40162,101.492
40163,101.492
40164,101.492
40165,101.492
40166,101.492
40167,101.492
40168,101.492
40169,101.492
40170,101.492
40171,101.492
40172,101.492
40173,101.492
40174,101.492
40175,101.492
40176,101.492
40177,101.492
40178,101.492
40179,101.492
40180,101.492
40181,101.492
40182,101.492
40183,101.492
40184,101.492
40185,101.492
40186,101.492
40187,101.492
40188,101.492
40189,101.492
40190,101.492
40191,101.492
40192,101.492
40193,101.492
40194,101.492
40195,101.492
40196,101.492
40197,101.492
40198,101.492
40199,101.492
40200,101.492
40201,101.492
40202,101.492
40203,101.492
40204,101.492
40205,101.492
40206,101.492
40207,101.492
40208,101.492
40209,101.492
40210,101.492
40211,101.492
40212,101.492
40213,101.492
40214,101.492
40215,101.492
40216,101.492
40217,101.492
40218,101.492
40219,101.492
40220,101.492
40221,101.492
40222,101.492
40223,101.492
40224,101.492
40225,101.492
40226,101.492
40227,101.492
40228,101.492
40229,101.492
40230,101.492
40231,101.492
40232,101.492
40233,101.492
40234,101.492
40235,101.492
40236,101.492
40237,99.743
40238,99.743
40239,99.743
40240,99.743
40241,99.743
40242,99.743
40243,99.743
40244,99.743
40245,99.743
40246,99.743
40247,99.743
40248,99.743
40249,99.743
40250,99.743
40251,99.743
40252,99.743
40253,99.743
40254,99.743
40255,99.743
40256,99.743
40257,99.743
40258,99.743
40259,99.743
40260,99.743
40261,99.743
40262,99.743
40263,99.743
40264,99.743
40265,99.743
40266,99.743
40267,99.743
40268,99.743
40269,99.743
40270,99.743
40271,99.743
40272,99.743
40273,99.743
40274,99.743
40275,99.743
40276,99.743
40277,99.743
40278,99.743
40279,99.743
40280,99.743
40281,99.743
40282,99.743
40283,99.743
40284,99.743
40285,99.743
40286,99.743
40287,99.743
40288,99.743
40289,99.743
40290,99.743
40291,99.743
40292,99.743
40293,99.743
40294,99.743
40295,99.743
40296,99.743
40297,99.743
40298,99.743
40299,99.743
40300,99.743
40301,99.743
40302,99.743
40303,99.743
40304,99.743
40305,99.743
40306,99.743
40307,99.743
40308,99.743
40309,99.743
40310,99.743
40311,99.743
40312,99.743
40313,99.743
40314,99.743
40315,99.743
40316,99.743
40317,99.743
40318,99.743
40319,99.743
40320,99.743
40321,99.743
40322,99.743
40323,99.743
40324,99.743
40325,99.743
40326,99.743
40327,99.743
40328,99.743
40329,99.743
40330,99.743
40331,99.743
40332,99.743
40333,99.743
40334,99.743
40335,99.743
40336,99.743
40337,99.144
40338,99.144
40339,99.144
40340,99.144
40341,99.144
40342,99.144
40343,99.144
40344,99.144
40345,99.144
40346,99.144
40347,99.144
40348,99.144
40349,99.144
40350,99.144
40351,99.144
40352,99.144
40353,99.144
40354,99.144
40355,99.144
40356,99.144
40357,99.144
40358,99.144
40359,99.144
40360,99.144
40361,99.144
40362,99.144
40363,99.144
40364,99.144
40365,99.144
40366,99.144
40367,99.144
40368,99.144
40369,99.144
40370,99.144
40371,99.144
40372,99.144
40373,99.144
40374,99.144
40375,99.144
40376,99.144
40377,99.144
40378,99.144
40379,99.144
40380,99.144
40381,99.144
40382,99.144
40383,99.144
40384,99.144
40385,99.144
40386,99.144
40387,99.144
40388,99.144
40389,99.144
40390,99.144
40391,99.144
40392,99.144
40393,99.144
40394,99.144
40395,99.144
40396,99.144
40397,99.144
40398,99.144
40399,99.144
40400,99.144
40401,99.144
40402,99.144
40403,99.144
40404,99.144
40405,99.144
40406,99.144
40407,99.144
40408,99.144
40409,99.144
40410,99.144
40411,99.144
40412,99.144
40413,99.144
40414,99.144
40415,99.144
40416,99.144
40417,99.144
40418,99.144
40419,99.144
40420,99.144
40421,99.144
40422,99.144
40423,99.144
40424,99.144
40425,99.144
40426,99.144
40427,99.144
40428,99.144
40429,99.144
40430,99.144
40431,99.144
40432,99.144
40433,99.144
40434,99.144
40435,99.144
40436,99.144
40437,99.144
40438,99.144
40439,99.144
40440,99.144
40441,99.144
40442,99.144
40443,99.144
40444,99.144
40445,99.144
40446,99.144
40447,99.144
40448,99.144
40449,99.144
40450,99.144
40451,99.144
40452,99.144
40453,99.144
40454,99.144
40455,99.144
40456,99.144
40457,99.144
40458,99.144
40459,99.144
40460,99.144
40461,99.144
40462,99.144
40463,99.144
40464,99.144
40465,99.144
40466,99.144
40467,99.144
40468,99.144
40469,99.144
40470,99.144
40471,99.144
40472,99.144
40473,99.144
40474,99.144
40475,99.144
40476,99.144
40477,99.144
40478,99.144
40479,99.144
40480,99.144
40481,99.144
40482,99.144
40483,99.144
40484,99.144
40485,99.144
40486,99.144
40487,99.144
40488,99.144
40489,99.144
40490,99.144
40491,99.144
40492,99.144
40493,99.144
40494,99.144
40495,99.144
40496,99.144
40497,99.144
40498,99.144
40499,99.144
40500,99.144
40501,99.144
40502,99.144
40503,99.144
40504,99.144
40505,99.144
40506,99.144
40507,99.144
40508,99.144
40509,99.144
40510,99.144
40511,99.144
40512,99.144
40513,99.144
40514,99.144
40515,99.144
40516,99.144
40517,99.144
40518,99.144
40519,99.144
40520,99.144
40521,99.144
40522,99.144
40523,99.144
40524,99.144
40525,99.144
40526,99.144
40527,99.144
40528,99.144
40529,99.144
40530,99.144
40531,99.144
40532,99.144
40533,99.144
40534,99.144
40535,99.144
40536,99.144
40537,99.144
40538,99.144
40539,99.144
40540,99.144
40541,99.144
40542,99.144
40543,99.144
40544,99.144
40545,99.144
40546,99.144
40547,99.144
40548,99.144
40549,99.144
40550,99.144
40551,99.144
40552,99.144
40553,99.144
40554,99.144
40555,99.144
40556,99.144
40557,99.144
40558,99.144
40559,99.144
40560,99.144
40561,99.144
40562,99.144
40563,99.144
40564,99.144
40565,99.144
40566,99.144
40567,99.144
40568,99.144
40569,99.144
40570,99.144
40571,99.144
40572,99.144
40573,99.144
40574,99.144
40575,99.144
40576,99.144
40577,99.144
40578,99.144
40579,99.144
40580,99.144
40581,99.144
40582,99.144
40583,99.144
40584,99.144
40585,99.144
40586,99.144
40587,99.144
40588,99.144
40589,99.144
40590,99.144
40591,99.144
40592,99.144
40593,99.144
40594,99.144
40595,99.144
40596,99.144
40597,99.144
40598,99.144
40599,99.144
40600,99.144
40601,99.144
40602,99.144
40603,99.144
40604,99.144
40605,99.144
40606,99.144
40607,99.144
40608,99.144
40609,99.144
40610,99.144
40611,99.144
40612,99.144
40613,99.144
40614,99.144
40615,99.144
40616,99.144
40617,99.144
40618,99.144
40619,99.144
40620,99.144
40621,99.144
40622,99.144
40623,99.144
40624,99.144
40625,99.144
40626,99.144
40627,99.144
40628,99.144
40629,99.144
40630,99.144
40631,99.144
40632,99.144
40633,99.144
40634,99.144
40635,99.144
40636,99.144
40637,100.015
40638,100.015
40639,100.015
40640,100.015
40641,100.015
40642,100.015
40643,100.015
40644,100.015
40645,100.015
40646,100.015
40647,100.015
40648,100.015
40649,100.015
40650,100.015
40651,100.015
40652,100.015
40653,100.015
40654,100.015
40655,100.015
40656,100.015
40657,100.015
40658,100.015
40659,100.015
40660,100.015
40661,100.015
40662,100.015
40663,100.015
40664,100.015
40665,100.015
40666,100.015
40667,100.015
40668,100.015
40669,100.015
40670,100.015
40671,100.015
40672,100.015
40673,100.015
40674,100.015
40675,100.015
40676,100.015
40677,100.015
40678,100.015
40679,100.015
40680,100.015
40681,100.015
40682,100.015
40683,100.015
40684,100.015
40685,100.015
40686,100.015
40687,100.015
40688,100.015
40689,100.015
40690,100.015
40691,100.015
40692,100.015
40693,100.015
40694,100.015
40695,100.015
40696,100.015
40697,100.015
40698,100.015
40699,100.015
40700,100.015
40701,100.015
40702,100.015
40703,100.015
40704,100.015
40705,100.015
40706,100.015
40707,100.015
40708,100.015
40709,100.015
40710,100.015
40711,100.015
40712,100.015
40713,100.015
40714,100.015
40715,100.015
40716,100.015
40717,100.015
40718,100.015
40719,100.015
40720,100.015
40721,100.015
40722,100.015
40723,100.015
40724,100.015
40725,100.015
40726,100.015
40727,100.015
40728,100.015
40729,100.015
40730,100.015
40731,100.015
40732,100.015
40733,100.015
40734,100.015
40735,100.015
40736,100.015
40737,99.416
40738,99.416
40739,99.416
40740,99.416
40741,99.416
40742,99.416
40743,99.416
40744,99.416
40745,99.416
40746,99.416
40747,99.416
40748,99.416
40749,99.416
40750,99.416
40751,99.416
40752,99.416
40753,99.416
40754,99.416
40755,99.416
40756,99.416
40757,99.416
40758,99.416
40759,99.416
40760,99.416
40761,99.416
40762,99.416
40763,99.416
40764,99.416
40765,99.416
40766,99.416
40767,99.416
40768,99.416
40769,99.416
40770,99.416
40771,99.416
40772,99.416
40773,99.416
40774,99.416
40775,99.416
40776,99.416
40777,99.416
40778,99.416
40779,99.416
40780,99.416
40781,99.416
40782,99.416
40783,99.416
40784,99.416
40785,99.416
40786,99.416
40787,99.416
40788,99.416
40789,99.416
40790,99.416
40791,99.416
40792,99.416
40793,99.416
40794,99.416
40795,99.416
40796,99.416
40797,99.416
40798,99.416
40799,99.416
40800,99.416
40801,99.416
40802,99.416
40803,99.416
40804,99.416
40805,99.416
40806,99.416
40807,99.416
40808,99.416
40809,99.416
40810,99.416
40811,99.416
40812,99.416
40813,99.416
40814,99.416
40815,99.416
40816,99.416
40817,99.416
40818,99.416
40819,99.416
40820,99.416
40821,99.416
40822,99.416
40823,99.416
40824,99.416
40825,99.416
40826,99.416
40827,99.416
40828,99.416
40829,99.416
40830,99.416
40831,99.416
40832,99.416
40833,99.416
40834,99.416
40835,99.416
40836,99.416
40837,99.845
40838,99.845
40839,99.845
40840,99.845
40841,99.845
40842,99.845
40843,99.845
40844,99.845
40845,99.845
40846,99.845
40847,99.845
40848,99.845
40849,99.845
40850,99.845
40851,99.845
40852,99.845
40853,99.845
40854,99.845
40855,99.845
40856,99.845
40857,99.845
40858,99.845
40859,99.845
40860,99.845
40861,99.845
40862,99.845
40863,99.845
40864,99.845
40865,99.845
40866,99.845
40867,99.845
40868,99.845
40869,99.845
40870,99.845
40871,99.845
40872,99.845
40873,99.845
40874,99.845
40875,99.845
40876,99.845
40877,99.845
40878,99.845
40879,99.845
40880,99.845
40881,99.845
40882,99.845
40883,99.845
40884,99.845
40885,99.845
40886,99.845
40887,99.845
40888,99.845
40889,99.845
40890,99.845
40891,99.845
40892,99.845
40893,99.845
40894,99.845
40895,99.845
40896,99.845
40897,99.845
40898,99.845
40899,99.845
40900,99.845
40901,99.845
40902,99.845
40903,99.845
40904,99.845
40905,99.845
40906,99.845
40907,99.845
40908,99.845
40909,99.845
40910,99.845
40911,99.845
40912,99.845
40913,99.845
40914,99.845
40915,99.845
40916,99.845
40917,99.845
40918,99.845
40919,99.845
40920,99.845
40921,99.845
40922,99.845
40923,99.845
40924,99.845
40925,99.845
40926,99.845
40927,99.845
40928,99.845
40929,99.845
40930,99.845
40931,99.845
40932,99.845
40933,99.845
40934,99.845
40935,99.845
40936,99.845
40937,100.39
40938,100.39
40939,100.39
40940,100.39
40941,100.39
40942,100.39
40943,100.39
40944,100.39
40945,100.39
40946,100.39
40947,100.39
40948,100.39
40949,100.39
40950,100.39
40951,100.39
40952,100.39
40953,100.39
40954,100.39
40955,100.39
40956,100.39
40957,100.39
40958,100.39
40959,100.39
40960,100.39
40961,100.39
40962,100.39
40963,100.39
40964,100.39
40965,100.39
40966,100.39
40967,100.39
40968,100.39
40969,100.39
40970,100.39
40971,100.39
40972,100.39
40973,100.39
40974,100.39
40975,100.39
40976,100.39
40977,100.39
40978,100.39
40979,100.39
40980,100.39
40981,100.39
40982,100.39
40983,100.39
40984,100.39
40985,100.39
40986,100.39
40987,100.39
40988,100.39
40989,100.39
40990,100.39
40991,100.39
40992,100.39
40993,100.39
40994,100.39
40995,100.39
40996,100.39
40997,100.39
40998,100.39
40999,100.39
41000,100.39
41001,100.39
41002,100.39
41003,100.39
41004,100.39
41005,100.39
41006,100.39
41007,100.39
41008,100.39
41009,100.39
41010,100.39
41011,100.39
41012,100.39
41013,100.39
41014,100.39
41015,100.39
41016,100.39
41017,100.39
41018,100.39
41019,100.39
41020,100.39
41021,100.39
41022,100.39
41023,100.39
41024,100.39
41025,100.39
41026,100.39
41027,100.39
41028,100.39
41029,100.39
41030,100.39
41031,100.39
41032,100.39
41033,100.39
41034,100.39
41035,100.39
41036,100.39
41037,100.997
41038,100.997
41039,100.997
41040,100.997
41041,100.997
41042,100.997
41043,100.997
41044,100.997
41045,100.997
41046,100.997
41047,100.997
41048,100.997
41049,100.997
41050,100.997
41051,100.997
41052,100.997
41053,100.997
41054,100.997
41055,100.997
41056,100.997
41057,100.997
41058,100.997
41059,100.997
41060,100.997
41061,100.997
41062,100.997
41063,100.997
41064,100.997
41065,100.997
41066,100.997
41067,100.997
41068,100.997
41069,100.997
41070,100.997
41071,100.997
41072,100.997
41073,100.997
41074,100.997
41075,100.997
41076,100.997
41077,100.997
41078,100.997
41079,100.997
41080,100.997
41081,100.997
41082,100.997
41083,100.997
41084,100.997
41085,100.997
41086,100.997
41087,100.997
41088,100.997
41089,100.997
41090,100.997
41091,100.997
41092,100.997
41093,100.997
41094,100.997
41095,100.997
41096,100.997
41097,100.997
41098,100.997
41099,100.997
41100,100.997
41101,100.997
41102,100.997
41103,100.997
41104,100.997
41105,100.997
41106,100.997
41107,100.997
41108,100.997
41109,100.997
41110,100.997
41111,100.997
41112,100.997
41113,100.997
41114,100.997
41115,100.997
41116,100.997
41117,100.997
41118,100.997
41119,100.997
41120,100.997
41121,100.997
41122,100.997
41123,100.997
41124,100.997
41125,100.997
41126,100.997
41127,100.997
41128,100.997
41129,100.997
41130,100.997
41131,100.997
41132,100.997
41133,100.997
41134,100.997
41135,100.997
41136,100.997
41137,99.518
41138,99.518
41139,99.518
41140,99.518
41141,99.518
41142,99.518
41143,99.518
41144,99.518
41145,99.518
41146,99.518
41147,99.518
41148,99.518
41149,99.518
41150,99.518
41151,99.518
41152,99.518
41153,99.518
41154,99.518
41155,99.518
41156,99.518
41157,99.518
41158,99.518
41159,99.518
41160,99.518
41161,99.518
41162,99.518
41163,99.518
41164,99.518
41165,99.518
41166,99.518
41167,99.518
41168,99.518
41169,99.518
41170,99.518
41171,99.518
41172,99.518
41173,99.518
41174,99.518
41175,99.518
41176,99.518
41177,99.518
41178,99.518
41179,99.518
41180,99.518
41181,99.518
41182,99.518
41183,99.518
41184,99.518
41185,99.518
41186,99.518
41187,99.518
41188,99.518
41189,99.518
41190,99.518
41191,99.518
41192,99.518
41193,99.518
41194,99.518
41195,99.518
41196,99.518
41197,99.518
41198,99.518
41199,99.518
41200,99.518
41201,99.518
41202,99.518
41203,99.518
41204,99.518
41205,99.518
41206,99.518
41207,99.518
41208,99.518
41209,99.518
41210,99.518
41211,99.518
41212,99.518
41213,99.518
41214,99.518
41215,99.518
41216,99.518
41217,99.518
41218,99.518
41219,99.518
41220,99.518
41221,99.518
41222,99.518
41223,99.518
41224,99.518
41225,99.518
41226,99.518
41227,99.518
41228,99.518
41229,99.518
41230,99.518
41231,99.518
41232,99.518
41233,99.518
41234,99.518
41235,99.518
41236,99.518
41237,99.246
41238,99.246
41239,99.246
41240,99.246
41241,99.246
41242,99.246
41243,99.246
41244,99.246
41245,99.246
41246,99.246
41247,99.246
41248,99.246
41249,99.246
41250,99.246
41251,99.246
41252,99.246
41253,99.246
41254,99.246
41255,99.246
41256,99.246
41257,99.246
41258,99.246
41259,99.246
41260,99.246
41261,99.246
41262,99.246
41263,99.246
41264,99.246
41265,99.246
41266,99.246
41267,99.246
41268,99.246
41269,99.246
41270,99.246
41271,99.246
41272,99.246
41273,99.246
41274,99.246
41275,99.246
41276,99.246
41277,99.246
41278,99.246
41279,99.246
41280,99.246
41281,99.246
41282,99.246
41283,99.246
41284,99.246
41285,99.246
41286,99.246
41287,99.246
41288,99.246
41289,99.246
41290,99.246
41291,99.246
41292,99.246
41293,99.246
41294,99.246
41295,99.246
41296,99.246
41297,99.246
41298,99.246
41299,99.246
41300,99.246
41301,99.246
41302,99.246
41303,99.246
41304,99.246
41305,99.246
41306,99.246
41307,99.246
41308,99.246
41309,99.246
41310,99.246
41311,99.246
41312,99.246
41313,99.246
41314,99.246
41315,99.246
41316,99.246
41317,99.246
41318,99.246
41319,99.246
41320,99.246
41321,99.246
41322,99.246
41323,99.246
41324,99.246
41325,99.246
41326,99.246
41327,99.246
41328,99.246
41329,99.246
41330,99.246
41331,99.246
41332,99.246
41333,99.246
41334,99.246
41335,99.246
41336,99.246
41337,99.246
41338,99.246
41339,99.246
41340,99.246
41341,99.246
41342,99.246
41343,99.246
41344,99.246
41345,99.246
41346,99.246
41347,99.246
41348,99.246
41349,99.246
41350,99.246
41351,99.246
41352,99.246
41353,99.246
41354,99.246
41355,99.246
41356,99.246
41357,99.246
41358,99.246
41359,99.246
41360,99.246
41361,99.246
41362,99.246
41363,99.246
41364,99.246
41365,99.246
41366,99.246
41367,99.246
41368,99.246
41369,99.246
41370,99.246
41371,99.246
41372,99.246
41373,99.246
41374,99.246
41375,99.246
41376,99.246
41377,99.246
41378,99.246
41379,99.246
41380,99.246
41381,99.246
41382,99.246
41383,99.246
41384,99.246
41385,99.246
41386,99.246
41387,99.246
41388,99.246
41389,99.246
41390,99.246
41391,99.246
41392,99.246
41393,99.246
41394,99.246
41395,99.246
41396,99.246
41397,99.246
41398,99.246
41399,99.246
41400,99.246
41401,99.246
41402,99.246
41403,99.246
41404,99.246
41405,99.246
41406,99.246
41407,99.246
41408,99.246
41409,99.246
41410,99.246
41411,99.246
41412,99.246
41413,99.246
41414,99.246
41415,99.246
41416,99.246
41417,99.246
41418,99.246
41419,99.246
41420,99.246
41421,99.246
41422,99.246
41423,99.246
41424,99.246
41425,99.246
41426,99.246
41427,99.246
41428,99.246
41429,99.246
41430,99.246
41431,99.246
41432,99.246
41433,99.246
41434,99.246
41435,99.246
41436,99.246
41437,99.518
41438,99.518
41439,99.518
41440,99.518
41441,99.518
41442,99.518
41443,99.518
41444,99.518
41445,99.518
41446,99.518
41447,99.518
41448,99.518
41449,99.518
41450,99.518
41451,99.518
41452,99.518
41453,99.518
41454,99.518
41455,99.518
41456,99.518
41457,99.518
41458,99.518
41459,99.518
41460,99.518
41461,99.518
41462,99.518
41463,99.518
41464,99.518
41465,99.518
41466,99.518
41467,99.518
41468,99.518
41469,99.518
41470,99.518
41471,99.518
41472,99.518
41473,99.518
41474,99.518
41475,99.518
41476,99.518
41477,99.518
41478,99.518
41479,99.518
41480,99.518
41481,99.518
41482,99.518
41483,99.518
41484,99.518
41485,99.518
41486,99.518
41487,99.518
41488,99.518
41489,99.518
41490,99.518
41491,99.518
41492,99.518
41493,99.518
41494,99.518
41495,99.518
41496,99.518
41497,99.518
41498,99.518
41499,99.518
41500,99.518
41501,99.518
41502,99.518
41503,99.518
41504,99.518
41505,99.518
41506,99.518
41507,99.518
41508,99.518
41509,99.518
41510,99.518
41511,99.518
41512,99.518
41513,99.518
41514,99.518
41515,99.518
41516,99.518
41517,99.518
41518,99.518
41519,99.518
41520,99.518
41521,99.518
41522,99.518
41523,99.518
41524,99.518
41525,99.518
41526,99.518
41527,99.518
41528,99.518
41529,99.518
41530,99.518
41531,99.518
41532,99.518
41533,99.518
41534,99.518
41535,99.518
41536,99.518
41537,99.246
41538,99.246
41539,99.246
41540,99.246
41541,99.246
41542,99.246
41543,99.246
41544,99.246
41545,99.246
41546,99.246
41547,99.246
41548,99.246
41549,99.246
41550,99.246
41551,99.246
41552,99.246
41553,99.246
41554,99.246
41555,99.246
41556,99.246
41557,99.246
41558,99.246
41559,99.246
41560,99.246
41561,99.246
41562,99.246
41563,99.246
41564,99.246
41565,99.246
41566,99.246
41567,99.246
41568,99.246
41569,99.246
41570,99.246
41571,99.246
41572,99.246
41573,99.246
41574,99.246
41575,99.246
41576,99.246
41577,99.246
41578,99.246
41579,99.246
41580,99.246
41581,99.246
41582,99.246
41583,99.246
41584,99.246
41585,99.246
41586,99.246
41587,99.246
41588,99.246
41589,99.246
41590,99.246
41591,99.246
41592,99.246
41593,99.246
41594,99.246
41595,99.246
41596,99.246
41597,99.246
41598,99.246
41599,99.246
41600,99.246
41601,99.246
41602,99.246
41603,99.246
41604,99.246
41605,99.246
41606,99.246
41607,99.246
41608,99.246
41609,99.246
41610,99.246
41611,99.246
41612,99.246
41613,99.246
41614,99.246
41615,99.246
41616,99.246
41617,99.246
41618,99.246
41619,99.246
41620,99.246
41621,99.246
41622,99.246
41623,99.246
41624,99.246
41625,99.246
41626,99.246
41627,99.246
41628,99.246
41629,99.246
41630,99.246
41631,99.246
41632,99.246
41633,99.246
41634,99.246
41635,99.246
41636,99.246
41637,99.246
41638,99.845
41639,99.845
41640,99.845
41641,99.845
41642,99.845
41643,99.845
41644,99.845
41645,99.845
41646,99.845
41647,99.845
41648,99.845
41649,99.845
41650,99.845
41651,99.845
41652,99.845
41653,99.845
41654,99.845
41655,99.845
41656,99.845
41657,99.845
41658,99.845
41659,99.845
41660,99.845
41661,99.845
41662,99.845
41663,99.845
41664,99.845
41665,99.845
41666,99.845
41667,99.845
41668,99.845
41669,99.845
41670,99.845
41671,99.845
41672,99.845
41673,99.845
41674,99.845
41675,99.845
41676,99.845
41677,99.845
41678,99.845
41679,99.845
41680,99.845
41681,99.845
41682,99.845
41683,99.845
41684,99.845
41685,99.845
41686,99.845
41687,99.845
41688,99.845
41689,99.845
41690,99.845
41691,99.845
41692,99.845
41693,99.845
41694,99.845
41695,99.845
41696,99.845
41697,99.845
41698,99.845
41699,99.845
41700,99.845
41701,99.845
41702,99.845
41703,99.845
41704,99.845
41705,99.845
41706,99.845
41707,99.845
41708,99.845
41709,99.845
41710,99.845
41711,99.845
41712,99.845
41713,99.845
41714,99.845
41715,99.845
41716,99.845
41717,99.845
41718,99.845
41719,99.845
41720,99.845
41721,99.845
41722,99.845
41723,99.845
41724,99.845
41725,99.845
41726,99.845
41727,99.845
41728,99.845
41729,99.845
41730,99.845
41732,99.845
41732,99.845
41733,99.845
41734,99.845
41735,99.845
41736,99.845
41737,99.845
41738,100.118
41739,100.118
41740,100.118
41741,100.118
41742,100.118
41743,100.118
41744,100.118
41745,100.118
41746,100.118
41747,100.118
41748,100.118
41749,100.118
41750,100.118
41751,100.118
41752,100.118
41753,100.118
41754,100.118
41755,100.118
41756,100.118
41757,100.118
41758,100.118
41759,100.118
41760,100.118
41761,100.118
41762,100.118
41763,100.118
41764,100.118
41765,100.118
41766,100.118
41767,100.118
41768,100.118
41769,100.118
41770,100.118
41771,100.118
41772,100.118
41773,100.118
41774,100.118
41775,100.118
41776,100.118
41777,100.118
41778,100.118
41779,100.118
41780,100.118
41781,100.118
41782,100.118
41783,100.118
41784,100.118
41785,100.118
41786,100.118
41787,100.118
41788,100.118
41789,100.118
41790,100.118
41791,100.118
41792,100.118
41793,100.118
41794,100.118
41795,100.118
41796,100.118
41797,100.118
41798,100.118
41799,100.118
41800,100.118
41801,100.118
41802,100.118
41803,100.118
41804,100.118
41805,100.118
41806,100.118
41807,100.118
41808,100.118
41809,100.118
41810,100.118
41811,100.118
41812,100.118
41813,100.118
41814,100.118
41815,100.118
41816,100.118
41817,100.118
41818,100.118
41819,100.118
41820,100.118
41821,100.118
41822,100.118
41823,100.118
41824,100.118
41825,100.118
41826,100.118
41827,100.118
41828,100.118
41829,100.118
41830,100.118
41831,100.118
41832,100.118
41833,100.118
41834,100.118
41835,100.118
41836,100.118
41837,100.118
41838,101.869
41839,101.869
41840,101.869
41841,101.869
41842,101.869
41843,101.869
41844,101.869
41845,101.869
41846,101.869
41847,101.869
41848,101.869
41849,101.869
41850,101.869
41851,101.869
41852,101.869
41853,101.869
41854,101.869
41855,101.869
41856,101.869
41857,101.869
41858,101.869
41859,101.869
41860,101.869
41861,101.869
41862,101.869
41863,101.869
41864,101.869
41865,101.869
41866,101.869
41867,101.869
41868,101.869
41869,101.869
41870,101.869
41871,101.869
41872,101.869
41873,101.869
41874,101.869
41875,101.869
41876,101.869
41877,101.869
41878,101.869
41879,101.869
41880,101.869
41881,101.869
41882,101.869
41883,101.869
41884,101.869
41885,101.869
41886,101.869
41887,101.869
41888,101.869
41889,101.869
41890,101.869
41891,101.869
41892,101.869
41893,101.869
41894,101.869
41895,101.869
41896,101.869
41897,101.869
41898,101.869
41899,101.869
41900,101.869
41901,101.869
41902,101.869
41903,101.869
41904,101.869
41905,101.869
41906,101.869
41907,101.869
41908,101.869
41909,101.869
41910,101.869
41911,101.869
41912,101.869
41913,101.869
41914,101.869
41915,101.869
41916,101.869
41917,101.869
41918,101.869
41919,101.869
41920,101.869
41921,101.869
41922,101.869
41923,101.869
41924,101.869
41925,101.869
41926,101.869
41927,101.869
41928,101.869
41929,101.869
41930,101.869
41931,101.869
41932,101.869
41933,101.869
41934,101.869
41935,101.869
41936,101.869
41937,101.869
41938,100.39
41939,100.39
41940,100.39
41941,100.39
41942,100.39
41943,100.39
41944,100.39
41945,100.39
41946,100.39
41947,100.39
41948,100.39
41949,100.39
41950,100.39
41951,100.39
41952,100.39
41953,100.39
41954,100.39
41955,100.39
41956,100.39
41957,100.39
41958,100.39
41959,100.39
41960,100.39
41961,100.39
41962,100.39
41963,100.39
41964,100.39
41965,100.39
41966,100.39
41967,100.39
41968,100.39
41969,100.39
41970,100.39
41971,100.39
41972,100.39
41973,100.39
41974,100.39
41975,100.39
41976,100.39
41977,100.39
41978,100.39
41979,100.39
41980,100.39
41981,100.39
41982,100.39
41983,100.39
41984,100.39
41985,100.39
41986,100.39
41987,100.39
41988,100.39
41989,100.39
41990,100.39
41991,100.39
41992,100.39
41993,100.39
41994,100.39
41995,100.39
41996,100.39
41997,100.39
41998,100.39
41999,100.39
42000,100.39
42001,100.39
42002,100.39
42003,100.39
42004,100.39
42005,100.39
42006,100.39
42007,100.39
42008,100.39
42009,100.39
42010,100.39
42011,100.39
42012,100.39
42013,100.39
42014,100.39
42015,100.39
42016,100.39
42017,100.39
42018,100.39
42019,100.39
42020,100.39
42021,100.39
42022,100.39
42023,100.39
42024,100.39
42025,100.39
42026,100.39
42027,100.39
42028,100.39
42029,100.39
42030,100.39
42031,100.39
42032,100.39
42033,100.39
42034,100.39
42035,100.39
42036,100.39
42037,100.39
42038,99.246
42039,99.246
42040,99.246
42041,99.246
42042,99.246
42043,99.246
42044,99.246
42045,99.246
42046,99.246
42047,99.246
42048,99.246
42049,99.246
42050,99.246
42051,99.246
42052,99.246
42053,99.246
42054,99.246
42055,99.246
42056,99.246
42057,99.246
42058,99.246
42059,99.246
42060,99.246
42061,99.246
42062,99.246
42063,99.246
42064,99.246
42065,99.246
42066,99.246
42067,99.246
42068,99.246
42069,99.246
42070,99.246
42071,99.246
42072,99.246
42073,99.246
42074,99.246
42075,99.246
42076,99.246
42077,99.246
42078,99.246
42079,99.246
42080,99.246
42081,99.246
42082,99.246
42083,99.246
42084,99.246
42085,99.246
42086,99.246
42087,99.246
42088,99.246
42089,99.246
42090,99.246
42091,99.246
42092,99.246
42093,99.246
42094,99.246
42095,99.246
42096,99.246
42097,99.246
42098,99.246
42099,99.246
42100,99.246
42101,99.246
42102,99.246
42103,99.246
42104,99.246
42105,99.246
42106,99.246
42107,99.246
42108,99.246
42109,99.246
42110,99.246
42111,99.246
42112,99.246
42113,99.246
42114,99.246
42115,99.246
42116,99.246
42117,99.246
42118,99.246
42119,99.246
42120,99.246
42121,99.246
42122,99.246
42123,99.246
42124,99.246
42125,99.246
42126,99.246
42127,99.246
42128,99.246
42129,99.246
42130,99.246
42131,99.246
42132,99.246
42133,99.246
42134,99.246
42135,99.246
42136,99.246
42137,99.246
42138,99.144
42139,99.144
42140,99.144
42141,99.144
42142,99.144
42143,99.144
42144,99.144
42145,99.144
42146,99.144
42147,99.144
42148,99.144
42149,99.144
42150,99.144
42151,99.144
42152,99.144
42153,99.144
42154,99.144
42155,99.144
42156,99.144
42157,99.144
42158,99.144
42159,99.144
42160,99.144
42161,99.144
42162,99.144
42163,99.144
42164,99.144
42165,99.144
42166,99.144
42167,99.144
42168,99.144
42169,99.144
42170,99.144
42171,99.144
42172,99.144
42173,99.144
42174,99.144
42175,99.144
42176,99.144
42177,99.144
42178,99.144
42179,99.144
42180,99.144
42181,99.144
42182,99.144
42183,99.144
42184,99.144
42185,99.144
42186,99.144
42187,99.144
42188,99.144
42189,99.144
42190,99.144
42191,99.144
42192,99.144
42193,99.144
42194,99.144
42195,99.144
42196,99.144
42197,99.144
42198,99.144
42199,99.144
42200,99.144
42201,99.144
42202,99.144
42203,99.144
42204,99.144
42205,99.144
42206,99.144
42207,99.144
42208,99.144
42209,99.144
42210,99.144
42211,99.144
42212,99.144
42213,99.144
42214,99.144
42215,99.144
42216,99.144
42217,99.144
42218,99.144
42219,99.144
42220,99.144
42221,99.144
42222,99.144
42223,99.144
42224,99.144
42225,99.144
42226,99.144
42227,99.144
42228,99.144
42229,99.144
42230,99.144
42231,99.144
42232,99.144
42233,99.144
42234,99.144
42235,99.144
42236,99.144
42237,99.144
42238,99.518
42239,99.518
42240,99.518
42241,99.518
42242,99.518
42243,99.518
42244,99.518
42245,99.518
42246,99.518
42247,99.518
42248,99.518
42249,99.518
42250,99.518
42251,99.518
42252,99.518
42253,99.518
42254,99.518
42255,99.518
42256,99.518
42257,99.518
42258,99.518
42259,99.518
42260,99.518
42261,99.518
42262,99.518
42263,99.518
42264,99.518
42265,99.518
42266,99.518
42267,99.518
42268,99.518
42269,99.518
42270,99.518
42271,99.518
42272,99.518
42273,99.518
42274,99.518
42275,99.518
42276,99.518
42277,99.518
42278,99.518
42279,99.518
42280,99.518
42281,99.518
42282,99.518
42283,99.518
42284,99.518
42285,99.518
42286,99.518
42287,99.518
42288,99.518
42289,99.518
42290,99.518
42291,99.518
42292,99.518
42293,99.518
42294,99.518
42295,99.518
42296,99.518
42297,99.518
42298,99.518
42299,99.518
42300,99.518
42301,99.518
42302,99.518
42303,99.518
42304,99.518
42305,99.518
42306,99.518
42307,99.518
42308,99.518
42309,99.518
42310,99.518
42311,99.518
42312,99.518
42313,99.518
42314,99.518
42315,99.518
42316,99.518
42317,99.518
42318,99.518
42319,99.518
42320,99.518
42321,99.518
42322,99.518
42323,99.518
42324,99.518
42325,99.518
42326,99.518
42327,99.518
42328,99.518
42329,99.518
42330,99.518
42331,99.518
42332,99.518
42333,99.518
42334,99.518
42335,99.518
42336,99.518
42337,99.518
42338,99.743
42339,99.743
42340,99.743
42341,99.743
42342,99.743
42343,99.743
42344,99.743
42345,99.743
42346,99.743
42347,99.743
42348,99.743
42349,99.743
42350,99.743
42351,99.743
42352,99.743
42353,99.743
42354,99.743
42355,99.743
42356,99.743
42357,99.743
42358,99.743
42359,99.743
42360,99.743
42361,99.743
42362,99.743
42363,99.743
42364,99.743
42365,99.743
42366,99.743
42367,99.743
42368,99.743
42369,99.743
42370,99.743
42371,99.743
42372,99.743
42373,99.743
42374,99.743
42375,99.743
42376,99.743
42377,99.743
42378,99.743
42379,99.743
42380,99.743
42381,99.743
42382,99.743
42383,99.743
42384,99.743
42385,99.743
42386,99.743
42387,99.743
42388,99.743
42389,99.743
42390,99.743
42391,99.743
42392,99.743
42393,99.743
42394,99.743
42395,99.743
42396,99.743
42397,99.743
42398,99.743
42399,99.743
42400,99.743
42401,99.743
42402,99.743
42403,99.743
42404,99.743
42405,99.743
42406,99.743
42407,99.743
42408,99.743
42409,99.743
42410,99.743
42411,99.743
42412,99.743
42413,99.743
42414,99.743
42415,99.743
42416,99.743
42417,99.743
42418,99.743
42419,99.743
42420,99.743
42421,99.743
42422,99.743
42423,99.743
42424,99.743
42425,99.743
42426,99.743
42427,99.743
42428,99.743
42429,99.743
42430,99.743
42431,99.743
42432,99.743
42433,99.743
42434,99.743
42435,99.743
42436,99.743
42437,99.743
42438,99.416
42439,99.416
42440,99.416
42441,99.416
42442,99.416
42443,99.416
42444,99.416
42445,99.416
42446,99.416
42447,99.416
42448,99.416
42449,99.416
42450,99.416
42451,99.416
42452,99.416
42453,99.416
42454,99.416
42455,99.416
42456,99.416
42457,99.416
42458,99.416
42459,99.416
42460,99.416
42461,99.416
42462,99.416
42463,99.416
42464,99.416
42465,99.416
42466,99.416
42467,99.416
42468,99.416
42469,99.416
42470,99.416
42471,99.416
42472,99.416
42473,99.416
42474,99.416
42475,99.416
42476,99.416
42477,99.416
42478,99.416
42479,99.416
42480,99.416
42481,99.416
42482,99.416
42483,99.416
42484,99.416
42485,99.416
42486,99.416
42487,99.416
42488,99.416
42489,99.416
42490,99.416
42491,99.416
42492,99.416
42493,99.416
42494,99.416
42495,99.416
42496,99.416
42497,99.416
42498,99.416
42499,99.416
42500,99.416
42501,99.416
42502,99.416
42503,99.416
42504,99.416
42505,99.416
42506,99.416
42507,99.416
42508,99.416
42509,99.416
42510,99.416
42511,99.416
42512,99.416
42513,99.416
42514,99.416
42515,99.416
42516,99.416
42517,99.416
42518,99.416
42519,99.416
42520,99.416
42521,99.416
42522,99.416
42523,99.416
42524,99.416
42525,99.416
42526,99.416
42527,99.416
42528,99.416
42529,99.416
42530,99.416
42531,99.416
42532,99.416
42533,99.416
42534,99.416
42535,99.416
42536,99.416
42537,99.416
42538,99.743
42539,99.743
42540,99.743
42541,99.743
42542,99.743
42543,99.743
42544,99.743
42545,99.743
42546,99.743
42547,99.743
42548,99.743
42549,99.743
42550,99.743
42551,99.743
42552,99.743
42553,99.743
42554,99.743
42555,99.743
42556,99.743
42557,99.743
42558,99.743
42559,99.743
42560,99.743
42561,99.743
42562,99.743
42563,99.743
42564,99.743
42565,99.743
42566,99.743
42567,99.743
42568,99.743
42569,99.743
42570,99.743
42571,99.743
42572,99.743
42573,99.743
42574,99.743
42575,99.743
42576,99.743
42577,99.743
42578,99.743
42579,99.743
42580,99.743
42581,99.743
42582,99.743
42583,99.743
42584,99.743
42585,99.743
42586,99.743
42587,99.743
42588,99.743
42589,99.743
42590,99.743
42591,99.743
42592,99.743
42593,99.743
42594,99.743
42595,99.743
42596,99.743
42597,99.743
42598,99.743
42599,99.743
42600,99.743
42601,99.743
42602,99.743
42603,99.743
42604,99.743
42605,99.743
42606,99.743
42607,99.743
42608,99.743
42609,99.743
42610,99.743
42611,99.743
42612,99.743
42613,99.743
42614,99.743
42615,99.743
42616,99.743
42617,99.743
42618,99.743
42619,99.743
42620,99.743
42621,99.743
42622,99.743
42623,99.743
42624,99.743
42625,99.743
42626,99.743
42627,99.743
42628,99.743
42629,99.743
42630,99.743
42631,99.743
42632,99.743
42633,99.743
42634,99.743
42635,99.743
42636,99.743
42637,99.743
42638,100.287
42639,100.287
42640,100.287
42641,100.287
42642,100.287
42643,100.287
42644,100.287
42645,100.287
42646,100.287
42647,100.287
42648,100.287
42649,100.287
42650,100.287
42651,100.287
42652,100.287
42653,100.287
42654,100.287
42655,100.287
42656,100.287
42657,100.287
42658,100.287
42659,100.287
42660,100.287
42661,100.287
42662,100.287
42663,100.287
42664,100.287
42665,100.287
42666,100.287
42667,100.287
42668,100.287
42669,100.287
42670,100.287
42671,100.287
42672,100.287
42673,100.287
42674,100.287
42675,100.287
42676,100.287
42677,100.287
42678,100.287
42679,100.287
42680,100.287
42681,100.287
42682,100.287
42683,100.287
42684,100.287
42685,100.287
42686,100.287
42687,100.287
42688,100.287
42689,100.287
42690,100.287
42691,100.287
42692,100.287
42693,100.287
42694,100.287
42695,100.287
42696,100.287
42697,100.287
42698,100.287
42699,100.287
42700,100.287
42701,100.287
42702,100.287
42703,100.287
42704,100.287
42705,100.287
42706,100.287
42707,100.287
42708,100.287
42709,100.287
42710,100.287
42711,100.287
42712,100.287
42713,100.287
42714,100.287
42715,100.287
42716,100.287
42717,100.287
42718,100.287
42719,100.287
42720,100.287
42721,100.287
42722,100.287
42723,100.287
42724,100.287
42725,100.287
42726,100.287
42727,100.287
42728,100.287
42729,100.287
42730,100.287
42731,100.287
42732,100.287
42733,100.287
42734,100.287
42735,100.287
42736,100.287
42737,100.287
42738,101.492
42739,101.492
42740,101.492
42741,101.492
42742,101.492
42743,101.492
42744,101.492
42745,101.492
42746,101.492
42747,101.492
42748,101.492
42749,101.492
42750,101.492
42751,101.492
42752,101.492
42753,101.492
42754,101.492
42755,101.492
42756,101.492
42757,101.492
42758,101.492
42759,101.492
42760,101.492
42761,101.492
42762,101.492
42763,101.492
42764,101.492
42765,101.492
42766,101.492
42767,101.492
42768,101.492
42769,101.492
42770,101.492
42771,101.492
42772,101.492
42773,101.492
42774,101.492
42775,101.492
42776,101.492
42777,101.492
42778,101.492
42779,101.492
42780,101.492
42781,101.492
42782,101.492
42783,101.492
42784,101.492
42785,101.492
42786,101.492
42787,101.492
42788,101.492
42789,101.492
42790,101.492
42791,101.492
42792,101.492
42793,101.492
42794,101.492
42795,101.492
42796,101.492
42797,101.492
42798,101.492
42799,101.492
42800,101.492
42801,101.492
42802,101.492
42803,101.492
42804,101.492
42805,101.492
42806,101.492
42807,101.492
42808,101.492
42809,101.492
42810,101.492
42811,101.492
42812,101.492
42813,101.492
42814,101.492
42815,101.492
42816,101.492
42817,101.492
42818,101.492
42819,101.492
42820,101.492
42821,101.492
42822,101.492
42823,101.492
42824,101.492
42825,101.492
42826,101.492
42827,101.492
42828,101.492
42829,101.492
42830,101.492
42831,101.492
42832,101.492
42833,101.492
42834,101.492
42835,101.492
42836,101.492
42837,101.492
42838,100.015
42839,100.015
42840,100.015
42841,100.015
42842,100.015
42843,100.015
42844,100.015
42845,100.015
42846,100.015
42847,100.015
42848,100.015
42849,100.015
42850,100.015
42851,100.015
42852,100.015
42853,100.015
42854,100.015
42855,100.015
42856,100.015
42857,100.015
42858,100.015
42859,100.015
42860,100.015
42861,100.015
42862,100.015
42863,100.015
42864,100.015
42865,100.015
42866,100.015
42867,100.015
42868,100.015
42869,100.015
42870,100.015
42871,100.015
42872,100.015
42873,100.015
42874,100.015
42875,100.015
42876,100.015
42877,100.015
42878,100.015
42879,100.015
42880,100.015
42881,100.015
42882,100.015
42883,100.015
42884,100.015
42885,100.015
42886,100.015
42887,100.015
42888,100.015
42889,100.015
42890,100.015
42891,100.015
42892,100.015
42893,100.015
42894,100.015
42895,100.015
42896,100.015
42897,100.015
42898,100.015
42899,100.015
42900,100.015
42901,100.015
42902,100.015
42903,100.015
42904,100.015
42905,100.015
42906,100.015
42907,100.015
42908,100.015
42909,100.015
42910,100.015
42911,100.015
42912,100.015
42913,100.015
42914,100.015
42915,100.015
42916,100.015
42917,100.015
42918,100.015
42919,100.015
42920,100.015
42921,100.015
42922,100.015
42923,100.015
42924,100.015
42925,100.015
42926,100.015
42927,100.015
42928,100.015
42929,100.015
42930,100.015
42931,100.015
42932,100.015
42933,100.015
42934,100.015
42935,100.015
42936,100.015
42937,100.015
42938,99.246
42939,99.246
42940,99.246
42941,99.246
42942,99.246
42943,99.246
42944,99.246
42945,99.246
42946,99.246
42947,99.246
42948,99.246
42949,99.246
42950,99.246
42951,99.246
42952,99.246
42953,99.246
42954,99.246
42955,99.246
42956,99.246
42957,99.246
42958,99.246
42959,99.246
42960,99.246
42961,99.246
42962,99.246
42963,99.246
42964,99.246
42965,99.246
42966,99.246
42967,99.246
42968,99.246
42969,99.246
42970,99.246
42971,99.246
42972,99.246
42973,99.246
42974,99.246
42975,99.246
42976,99.246
42977,99.246
42978,99.246
42979,99.246
42980,99.246
42981,99.246
42982,99.246
42983,99.246
42984,99.246
42985,99.246
42986,99.246
42987,99.246
42988,99.246
42989,99.246
42990,99.246
42991,99.246
42992,99.246
42993,99.246
42994,99.246
42995,99.246
42996,99.246
42997,99.246
42998,99.246
42999,99.246
43000,99.246
43001,99.246
43002,99.246
43003,99.246
43004,99.246
43005,99.246
43006,99.246
43007,99.246
43008,99.246
43009,99.246
43010,99.246
43011,99.246
43012,99.246
43013,99.246
43014,99.246
43015,99.246
43016,99.246
43017,99.246
43018,99.246
43019,99.246
43020,99.246
43021,99.246
43022,99.246
43023,99.246
43024,99.246
43025,99.246
43026,99.246
43027,99.246
43028,99.246
43029,99.246
43030,99.246
43031,99.246
43032,99.246
43033,99.246
43034,99.246
43035,99.246
43036,99.246
43037,99.246
43038,99.246
43039,99.246
43040,99.246
43041,99.246
43042,99.246
43043,99.246
43044,99.246
43045,99.246
43046,99.246
43047,99.246
43048,99.246
43049,99.246
43050,99.246
43051,99.246
43052,99.246
43053,99.246
43054,99.246
43055,99.246
43056,99.246
43057,99.246
43058,99.246
43059,99.246
43060,99.246
43061,99.246
43062,99.246
43063,99.246
43064,99.246
43065,99.246
43066,99.246
43067,99.246
43068,99.246
43069,99.246
43070,99.246
43071,99.246
43072,99.246
43073,99.246
43074,99.246
43075,99.246
43076,99.246
43077,99.246
43078,99.246
43079,99.246
43080,99.246
43081,99.246
43082,99.246
43083,99.246
43084,99.246
43085,99.246
43086,99.246
43087,99.246
43088,99.246
43089,99.246
43090,99.246
43091,99.246
43092,99.246
43093,99.246
43094,99.246
43095,99.246
43096,99.246
43097,99.246
43098,99.246
43099,99.246
43100,99.246
43101,99.246
43102,99.246
43103,99.246
43104,99.246
43105,99.246
43106,99.246
43107,99.246
43108,99.246
43109,99.246
43110,99.246
43111,99.246
43112,99.246
43113,99.246
43114,99.246
43115,99.246
43116,99.246
43117,99.246
43118,99.246
43119,99.246
43120,99.246
43121,99.246
43122,99.246
43123,99.246
43124,99.246
43125,99.246
43126,99.246
43127,99.246
43128,99.246
43129,99.246
43130,99.246
43131,99.246
43132,99.246
43133,99.246
43134,99.246
43135,99.246
43136,99.246
43137,99.246
43138,99.246
43139,99.246
43140,99.246
43141,99.246
43142,99.246
43143,99.246
43144,99.246
43145,99.246
43146,99.246
43147,99.246
43148,99.246
43149,99.246
43150,99.246
43151,99.246
43152,99.246
43153,99.246
43154,99.246
43155,99.246
43156,99.246
43157,99.246
43158,99.246
43159,99.246
43160,99.246
43161,99.246
43162,99.246
43163,99.246
43164,99.246
43165,99.246
43166,99.246
43167,99.246
43168,99.246
43169,99.246
43170,99.246
43171,99.246
43172,99.246
43173,99.246
43174,99.246
43175,99.246
43176,99.246
43177,99.246
43178,99.246
43179,99.246
43180,99.246
43181,99.246
43182,99.246
43183,99.246
43184,99.246
43185,99.246
43186,99.246
43187,99.246
43188,99.246
43189,99.246
43190,99.246
43191,99.246
43192,99.246
43193,99.246
43194,99.246
43195,99.246
43196,99.246
43197,99.246
43198,99.246
43199,99.246
43200,99.246
43201,99.246
43202,99.246
43203,99.246
43204,99.246
43205,99.246
43206,99.246
43207,99.246
43208,99.246
43209,99.246
43210,99.246
43211,99.246
43212,99.246
43213,99.246
43214,99.246
43215,99.246
43216,99.246
43217,99.246
43218,99.246
43219,99.246
43220,99.246
43221,99.246
43222,99.246
43223,99.246
43224,99.246
43225,99.246
43226,99.246
43227,99.246
43228,99.246
43229,99.246
43230,99.246
43231,99.246
43232,99.246
43233,99.246
43234,99.246
43235,99.246
43236,99.246
43237,99.246
43238,99.845
43239,99.845
43240,99.845
43241,99.845
43242,99.845
43243,99.845
43244,99.845
43245,99.845
43246,99.845
43247,99.845
43248,99.845
43249,99.845
43250,99.845
43251,99.845
43252,99.845
43253,99.845
43254,99.845
43255,99.845
43256,99.845
43257,99.845
43258,99.845
43259,99.845
43260,99.845
43261,99.845
43262,99.845
43263,99.845
43264,99.845
43265,99.845
43266,99.845
43267,99.845
43268,99.845
43269,99.845
43270,99.845
43271,99.845
43272,99.845
43273,99.845
43274,99.845
43275,99.845
43276,99.845
43277,99.845
43278,99.845
43279,99.845
43280,99.845
43281,99.845
43282,99.845
43283,99.845
43284,99.845
43285,99.845
43286,99.845
43287,99.845
43288,99.845
43289,99.845
43290,99.845
43291,99.845
43292,99.845
43293,99.845
43294,99.845
43296,99.845
43296,99.845
43297,99.845
43298,99.845
43299,99.845
43300,99.845
43301,99.845
43302,99.845
43303,99.845
43304,99.845
43305,99.845
43306,99.845
43307,99.845
43308,99.845
43310,99.845
43310,99.845
43311,99.845
43312,99.845
43313,99.845
43314,99.845
43315,99.845
43316,99.845
43317,99.845
43318,99.845
43319,99.845
43320,99.845
43321,99.845
43322,99.845
43323,99.845
43324,99.845
43325,99.845
43326,99.845
43327,99.845
43328,99.845
43329,99.845
43330,99.845
43331,99.845
43332,99.845
43333,99.845
43334,99.845
43335,99.845
43336,99.845
43337,99.845
43338,99.845
43339,99.845
43340,99.845
43341,99.845
43342,99.845
43343,99.845
43344,99.845
43345,99.845
43346,99.845
43347,99.845
43348,99.845
43349,99.845
43350,99.845
43351,99.845
43352,99.845
43353,99.845
43354,99.845
43355,99.845
43356,99.845
43357,99.845
43358,99.845
43359,99.845
43360,99.845
43361,99.845
43362,99.845
43363,99.845
43364,99.845
43365,99.845
43366,99.845
43367,99.845
43368,99.845
43369,99.845
43370,99.845
43371,99.845
43372,99.845
43373,99.845
43374,99.845
43375,99.845
43376,99.845
43377,99.845
43378,99.845
43379,99.845
43380,99.845
43381,99.845
43382,99.845
43383,99.845
43384,99.845
43385,99.845
43386,99.845
43387,99.845
43388,99.845
43389,99.845
43390,99.845
43391,99.845
43392,99.845
43393,99.845
43394,99.845
43395,99.845
43396,99.845
43397,99.845
43398,99.845
43399,99.845
43400,99.845
43401,99.845
43402,99.845
43403,99.845
43404,99.845
43405,99.845
43406,99.845
43407,99.845
43408,99.845
43409,99.845
43410,99.845
43411,99.845
43412,99.845
43413,99.845
43414,99.845
43415,99.845
43416,99.845
43417,99.845
43418,99.845
43419,99.845
43420,99.845
43421,99.845
43422,99.845
43423,99.845
43424,99.845
43425,99.845
43426,99.845
43427,99.845
43428,99.845
43429,99.845
43430,99.845
43431,99.845
43432,99.845
43433,99.845
43434,99.845
43435,99.845
43436,99.845
43437,99.845
43438,100.39
43439,100.39
43440,100.39
43441,100.39
43442,100.39
43443,100.39
43444,100.39
43445,100.39
43446,100.39
43447,100.39
43448,100.39
43449,100.39
43450,100.39
43451,100.39
43452,100.39
43453,100.39
43454,100.39
43455,100.39
43456,100.39
43457,100.39
43458,100.39
43459,100.39
43460,100.39
43461,100.39
43462,100.39
43463,100.39
43464,100.39
43465,100.39
43466,100.39
43467,100.39
43468,100.39
43469,100.39
43470,100.39
43471,100.39
43472,100.39
43473,100.39
43474,100.39
43475,100.39
43476,100.39
43477,100.39
43478,100.39
43479,100.39
43480,100.39
43481,100.39
43482,100.39
43483,100.39
43484,100.39
43485,100.39
43486,100.39
43487,100.39
43488,100.39
43489,100.39
43490,100.39
43491,100.39
43492,100.39
43493,100.39
43494,100.39
43495,100.39
43496,100.39
43497,100.39
43498,100.39
43499,100.39
43500,100.39
43501,100.39
43502,100.39
43503,100.39
43504,100.39
43505,100.39
43506,100.39
43507,100.39
43508,100.39
43509,100.39
43510,100.39
43511,100.39
43512,100.39
43513,100.39
43514,100.39
43515,100.39
43516,100.39
43517,100.39
43518,100.39
43519,100.39
43520,100.39
43521,100.39
43522,100.39
43523,100.39
43524,100.39
43525,100.39
43526,100.39
43527,100.39
43528,100.39
43529,100.39
43530,100.39
43531,100.39
43532,100.39
43533,100.39
43534,100.39
43535,100.39
43536,100.39
43537,100.39
43538,101.597
43539,101.597
43540,101.597
43541,101.597
43542,101.597
43543,101.597
43544,101.597
43545,101.597
43546,101.597
43547,101.597
43548,101.597
43549,101.597
43550,101.597
43551,101.597
43552,101.597
43553,101.597
43554,101.597
43555,101.597
43556,101.597
43557,101.597
43558,101.597
43559,101.597
43560,101.597
43561,101.597
43562,101.597
43563,101.597
43564,101.597
43565,101.597
43566,101.597
43567,101.597
43568,101.597
43569,101.597
43570,101.597
43571,101.597
43572,101.597
43573,101.597
43574,101.597
43575,101.597
43576,101.597
43577,101.597
43578,101.597
43579,101.597
43580,101.597
43581,101.597
43582,101.597
43583,101.597
43584,101.597
43585,101.597
43586,101.597
43587,101.597
43588,101.597
43589,101.597
43590,101.597
43591,101.597
43592,101.597
43593,101.597
43594,101.597
43595,101.597
43596,101.597
43597,101.597
43598,101.597
43599,101.597
43600,101.597
43601,101.597
43602,101.597
43603,101.597
43604,101.597
43605,101.597
43606,101.597
43607,101.597
43608,101.597
43609,101.597
43610,101.597
43611,101.597
43612,101.597
43613,101.597
43614,101.597
43615,101.597
43616,101.597
43617,101.597
43618,101.597
43619,101.597
43620,101.597
43621,101.597
43622,101.597
43623,101.597
43624,101.597
43625,101.597
43626,101.597
43627,101.597
43628,101.597
43629,101.597
43630,101.597
43631,101.597
43632,101.597
43633,101.597
43634,101.597
43635,101.597
43636,101.597
43637,101.597
43638,100.725
43639,100.725
43640,100.725
43641,100.725
43642,100.725
43643,100.725
43644,100.725
43645,100.725
43646,100.725
43647,100.725
43648,100.725
43649,100.725
43650,100.725
43651,100.725
43652,100.725
43653,100.725
43654,100.725
43655,100.725
43656,100.725
43657,100.725
43658,100.725
43659,100.725
43660,100.725
43661,100.725
43662,100.725
43663,100.725
43664,100.725
43665,100.725
43666,100.725
43667,100.725
43668,100.725
43669,100.725
43670,100.725
43671,100.725
43672,100.725
43673,100.725
43674,100.725
43675,100.725
43676,100.725
43677,100.725
43678,100.725
43679,100.725
43680,100.725
43681,100.725
43682,100.725
43683,100.725
43684,100.725
43685,100.725
43686,100.725
43687,100.725
43688,100.725
43689,100.725
43690,100.725
43691,100.725
43692,100.725
43693,100.725
43694,100.725
43695,100.725
43696,100.725
43697,100.725
43698,100.725
43699,100.725
43700,100.725
43701,100.725
43702,100.725
43703,100.725
43704,100.725
43705,100.725
43706,100.725
43707,100.725
43708,100.725
43709,100.725
43710,100.725
43711,100.725
43712,100.725
43713,100.725
43714,100.725
43715,100.725
43716,100.725
43717,100.725
43718,100.725
43719,100.725
43720,100.725
43721,100.725
43722,100.725
43723,100.725
43724,100.725
43725,100.725
43726,100.725
43727,100.725
43728,100.725
43729,100.725
43730,100.725
43731,100.725
43732,100.725
43733,100.725
43734,100.725
43735,100.725
43736,100.725
43737,100.725
43738,99.246
43739,99.246
43740,99.246
43741,99.246
43742,99.246
43743,99.246
43744,99.246
43745,99.246
43746,99.246
43747,99.246
43748,99.246
43749,99.246
43750,99.246
43751,99.246
43752,99.246
43753,99.246
43754,99.246
43755,99.246
43756,99.246
43757,99.246
43758,99.246
43759,99.246
43760,99.246
43761,99.246
43762,99.246
43763,99.246
43764,99.246
43765,99.246
43766,99.246
43767,99.246
43768,99.246
43769,99.246
43770,99.246
43771,99.246
43772,99.246
43773,99.246
43774,99.246
43775,99.246
43776,99.246
43777,99.246
43778,99.246
43779,99.246
43780,99.246
43781,99.246
43782,99.246
43783,99.246
43784,99.246
43785,99.246
43786,99.246
43787,99.246
43788,99.246
43789,99.246
43790,99.246
43791,99.246
43792,99.246
43793,99.246
43794,99.246
43795,99.246
43796,99.246
43797,99.246
43798,99.246
43799,99.246
43800,99.246
43801,99.246
43802,99.246
43803,99.246
43804,99.246
43805,99.246
43806,99.246
43807,99.246
43808,99.246
43809,99.246
43810,99.246
43811,99.246
43812,99.246
43813,99.246
43814,99.246
43815,99.246
43816,99.246
43817,99.246
43818,99.246
43819,99.246
43820,99.246
43821,99.246
43822,99.246
43823,99.246
43824,99.246
43825,99.246
43826,99.246
43827,99.246
43828,99.246
43829,99.246
43830,99.246
43831,99.246
43832,99.246
43833,99.246
43834,99.246
43835,99.246
43836,99.246
43837,99.246
43838,99.246
43839,99.246
43840,99.246
43841,99.246
43842,99.246
43843,99.246
43844,99.246
43845,99.246
43846,99.246
43847,99.246
43848,99.246
43849,99.246
43850,99.246
43851,99.246
43852,99.246
43853,99.246
43854,99.246
43855,99.246
43856,99.246
43857,99.246
43858,99.246
43859,99.246
43860,99.246
43861,99.246
43862,99.246
43863,99.246
43864,99.246
43865,99.246
43866,99.246
43867,99.246
43868,99.246
43869,99.246
43870,99.246
43871,99.246
43872,99.246
43873,99.246
43874,99.246
43875,99.246
43876,99.246
43877,99.246
43878,99.246
43879,99.246
43880,99.246
43881,99.246
43882,99.246
43883,99.246
43884,99.246
43885,99.246
43886,99.246
43887,99.246
43888,99.246
43889,99.246
43890,99.246
43891,99.246
43892,99.246
43893,99.246
43894,99.246
43895,99.246
43896,99.246
43897,99.246
43898,99.246
43899,99.246
43900,99.246
43901,99.246
43902,99.246
43903,99.246
43904,99.246
43905,99.246
43906,99.246
43907,99.246
43908,99.246
43909,99.246
43910,99.246
43911,99.246
43912,99.246
43913,99.246
43914,99.246
43915,99.246
43916,99.246
43917,99.246
43918,99.246
43919,99.246
43920,99.246
43921,99.246
43922,99.246
43923,99.246
43924,99.246
43925,99.246
43926,99.246
43927,99.246
43928,99.246
43929,99.246
43930,99.246
43931,99.246
43932,99.246
43933,99.246
43934,99.246
43935,99.246
43936,99.246
43937,99.246
43938,99.518
43939,99.518
43940,99.518
43941,99.518
43942,99.518
43943,99.518
43944,99.518
43945,99.518
43946,99.518
43947,99.518
43948,99.518
43949,99.518
43950,99.518
43951,99.518
43952,99.518
43953,99.518
43954,99.518
43955,99.518
43956,99.518
43957,99.518
43958,99.518
43959,99.518
43960,99.518
43961,99.518
43962,99.518
43963,99.518
43964,99.518
43965,99.518
43966,99.518
43967,99.518
43968,99.518
43969,99.518
43970,99.518
43971,99.518
43972,99.518
43973,99.518
43974,99.518
43975,99.518
43976,99.518
43977,99.518
43978,99.518
43979,99.518
43980,99.518
43981,99.518
43982,99.518
43983,99.518
43984,99.518
43985,99.518
43986,99.518
43987,99.518
43988,99.518
43989,99.518
43990,99.518
43991,99.518
43992,99.518
43993,99.518
43994,99.518
43995,99.518
43996,99.518
43997,99.518
43998,99.518
43999,99.518
44000,99.518
44001,99.518
44002,99.518
44003,99.518
44004,99.518
44005,99.518
44006,99.518
44007,99.518
44008,99.518
44009,99.518
44010,99.518
44011,99.518
44012,99.518
44013,99.518
44014,99.518
44015,99.518
44016,99.518
44017,99.518
44018,99.518
44019,99.518
44020,99.518
44021,99.518
44022,99.518
44023,99.518
44024,99.518
44025,99.518
44026,99.518
44027,99.518
44028,99.518
44029,99.518
44030,99.518
44031,99.518
44032,99.518
44033,99.518
44034,99.518
44035,99.518
44036,99.518
44037,99.518
44038,99.845
44039,99.845
44040,99.845
44041,99.845
44042,99.845
44043,99.845
44044,99.845
44045,99.845
44046,99.845
44047,99.845
44048,99.845
44049,99.845
44050,99.845
44051,99.845
44052,99.845
44053,99.845
44054,99.845
44055,99.845
44056,99.845
44057,99.845
44058,99.845
44059,99.845
44060,99.845
44061,99.845
44062,99.845
44063,99.845
44064,99.845
44065,99.845
44066,99.845
44067,99.845
44068,99.845
44069,99.845
44070,99.845
44071,99.845
44072,99.845
44073,99.845
44074,99.845
44075,99.845
44076,99.845
44077,99.845
44078,99.845
44079,99.845
44080,99.845
44081,99.845
44082,99.845
44083,99.845
44084,99.845
44085,99.845
44086,99.845
44087,99.845
44088,99.845
44089,99.845
44090,99.845
44091,99.845
44092,99.845
44093,99.845
44094,99.845
44095,99.845
44096,99.845
44097,99.845
44098,99.845
44099,99.845
44100,99.845
44101,99.845
44102,99.845
44103,99.845
44104,99.845
44105,99.845
44106,99.845
44107,99.845
44108,99.845
44109,99.845
44110,99.845
44111,99.845
44112,99.845
44113,99.845
44114,99.845
44115,99.845
44116,99.845
44117,99.845
44118,99.845
44119,99.845
44120,99.845
44121,99.845
44122,99.845
44123,99.845
44124,99.845
44125,99.845
44126,99.845
44127,99.845
44128,99.845
44129,99.845
44130,99.845
44131,99.845
44132,99.845
44133,99.845
44134,99.845
44135,99.845
44136,99.845
44137,99.845
44138,99.845
44139,99.144
44140,99.144
44141,99.144
44142,99.144
44143,99.144
44144,99.144
44145,99.144
44146,99.144
44147,99.144
44148,99.144
44149,99.144
44150,99.144
44151,99.144
44152,99.144
44153,99.144
44154,99.144
44155,99.144
44156,99.144
44157,99.144
44158,99.144
44159,99.144
44160,99.144
44161,99.144
44162,99.144
44163,99.144
44164,99.144
44165,99.144
44166,99.144
44167,99.144
44168,99.144
44169,99.144
44170,99.144
44171,99.144
44172,99.144
44173,99.144
44174,99.144
44175,99.144
44176,99.144
44177,99.144
44178,99.144
44179,99.144
44180,99.144
44181,99.144
44182,99.144
44183,99.144
44184,99.144
44185,99.144
44186,99.144
44187,99.144
44188,99.144
44189,99.144
44190,99.144
44191,99.144
44192,99.144
44193,99.144
44194,99.144
44195,99.144
44196,99.144
44197,99.144
44198,99.144
44199,99.144
44200,99.144
44201,99.144
44202,99.144
44203,99.144
44204,99.144
44205,99.144
44206,99.144
44207,99.144
44208,99.144
44209,99.144
44210,99.144
44211,99.144
44212,99.144
44213,99.144
44214,99.144
44215,99.144
44216,99.144
44217,99.144
44218,99.144
44219,99.144
44220,99.144
44221,99.144
44222,99.144
44223,99.144
44224,99.144
44225,99.144
44226,99.144
44227,99.144
44228,99.144
44229,99.144
44230,99.144
44231,99.144
44232,99.144
44233,99.144
44234,99.144
44235,99.144
44236,99.144
44237,99.144
44238,99.144
44239,100.287
44240,100.287
44241,100.287
44242,100.287
44243,100.287
44244,100.287
44245,100.287
44246,100.287
44247,100.287
44248,100.287
44249,100.287
44250,100.287
44251,100.287
44252,100.287
44253,100.287
44254,100.287
44255,100.287
44256,100.287
44257,100.287
44258,100.287
44259,100.287
44260,100.287
44261,100.287
44262,100.287
44263,100.287
44264,100.287
44265,100.287
44266,100.287
44267,100.287
44268,100.287
44269,100.287
44270,100.287
44271,100.287
44272,100.287
44273,100.287
44274,100.287
44275,100.287
44276,100.287
44277,100.287
44278,100.287
44279,100.287
44280,100.287
44281,100.287
44282,100.287
44283,100.287
44284,100.287
44285,100.287
44286,100.287
44287,100.287
44288,100.287
44289,100.287
44290,100.287
44291,100.287
44292,100.287
44293,100.287
44294,100.287
44295,100.287
44296,100.287
44297,100.287
44298,100.287
44299,100.287
44300,100.287
44301,100.287
44302,100.287
44303,100.287
44304,100.287
44305,100.287
44306,100.287
44307,100.287
44308,100.287
44309,100.287
44310,100.287
44311,100.287
44312,100.287
44313,100.287
44314,100.287
44315,100.287
44316,100.287
44317,100.287
44318,100.287
44319,100.287
44320,100.287
44321,100.287
44322,100.287
44323,100.287
44324,100.287
44325,100.287
44326,100.287
44327,100.287
44328,100.287
44329,100.287
44330,100.287
44331,100.287
44332,100.287
44333,100.287
44334,100.287
44335,100.287
44336,100.287
44337,100.287
44338,100.894
44339,100.894
44340,100.894
44341,100.894
44342,100.894
44343,100.894
44344,100.894
44345,100.894
44346,100.894
44347,100.894
44348,100.894
44349,100.894
44350,100.894
44351,100.894
44352,100.894
44353,100.894
44354,100.894
44355,100.894
44356,100.894
44357,100.894
44358,100.894
44359,100.894
44360,100.894
44361,100.894
44362,100.894
44363,100.894
44364,100.894
44365,100.894
44366,100.894
44367,100.894
44368,100.894
44369,100.894
44370,100.894
44371,100.894
44372,100.894
44373,100.894
44374,100.894
44375,100.894
44376,100.894
44377,100.894
44378,100.894
44379,100.894
44380,100.894
44381,100.894
44382,100.894
44383,100.894
44384,100.894
44385,100.894
44386,100.894
44387,100.894
44388,100.894
44389,100.894
44390,100.894
44391,100.894
44392,100.894
44393,100.894
44394,100.894
44395,100.894
44396,100.894
44397,100.894
44398,100.894
44399,100.894
44400,100.894
44401,100.894
44402,100.894
44403,100.894
44404,100.894
44405,100.894
44406,100.894
44407,100.894
44408,100.894
44409,100.894
44410,100.894
44411,100.894
44412,100.894
44413,100.894
44414,100.894
44415,100.894
44416,100.894
44417,100.894
44418,100.894
44419,100.894
44420,100.894
44421,100.894
44422,100.894
44423,100.894
44424,100.894
44425,100.894
44426,100.894
44427,100.894
44428,100.894
44429,100.894
44430,100.894
44431,100.894
44432,100.894
44433,100.894
44434,100.894
44435,100.894
44436,100.894
44437,100.894
44438,101.22
44440,101.22
44440,101.22
44441,101.22
44442,101.22
44443,101.22
44444,101.22
44445,101.22
44446,101.22
44447,101.22
44448,101.22
44449,101.22
44450,101.22
44451,101.22
44452,101.22
44453,101.22
44454,101.22
44455,101.22
44456,101.22
44457,101.22
44458,101.22
44459,101.22
44460,101.22
44461,101.22
44462,101.22
44463,101.22
44464,101.22
44465,101.22
44466,101.22
44467,101.22
44468,101.22
44469,101.22
44470,101.22
44471,101.22
44472,101.22
44473,101.22
44474,101.22
44475,101.22
44476,101.22
44477,101.22
44478,101.22
44479,101.22
44480,101.22
44481,101.22
44482,101.22
44483,101.22
44484,101.22
44485,101.22
44486,101.22
44487,101.22
44488,101.22
44489,101.22
44490,101.22
44491,101.22
44492,101.22
44493,101.22
44494,101.22
44495,101.22
44496,101.22
44497,101.22
44498,101.22
44499,101.22
44500,101.22
44501,101.22
44502,101.22
44503,101.22
44504,101.22
44505,101.22
44506,101.22
44507,101.22
44508,101.22
44509,101.22
44510,101.22
44511,101.22
44512,101.22
44513,101.22
44514,101.22
44515,101.22
44516,101.22
44517,101.22
44518,101.22
44519,101.22
44520,101.22
44521,101.22
44522,101.22
44523,101.22
44524,101.22
44525,101.22
44526,101.22
44527,101.22
44528,101.22
44529,101.22
44530,101.22
44531,101.22
44532,101.22
44533,101.22
44534,101.22
44535,101.22
44536,101.22
44537,101.22
44538,100.015
44539,100.015
44540,100.015
44541,100.015
44542,100.015
44543,100.015
44544,100.015
44545,100.015
44546,100.015
44547,100.015
44548,100.015
44549,100.015
44550,100.015
44551,100.015
44552,100.015
44553,100.015
44554,100.015
44555,100.015
44556,100.015
44557,100.015
44558,100.015
44559,100.015
44560,100.015
44561,100.015
44562,100.015
44563,100.015
44564,100.015
44565,100.015
44566,100.015
44567,100.015
44568,100.015
44569,100.015
44570,100.015
44571,100.015
44572,100.015
44573,100.015
44574,100.015
44575,100.015
44576,100.015
44577,100.015
44578,100.015
44579,100.015
44580,100.015
44581,100.015
44582,100.015
44583,100.015
44584,100.015
44585,100.015
44586,100.015
44587,100.015
44588,100.015
44589,100.015
44590,100.015
44591,100.015
44592,100.015
44593,100.015
44594,100.015
44595,100.015
44596,100.015
44597,100.015
44598,100.015
44599,100.015
44600,100.015
44601,100.015
44602,100.015
44603,100.015
44604,100.015
44605,100.015
44606,100.015
44607,100.015
44608,100.015
44609,100.015
44610,100.015
44611,100.015
44612,100.015
44613,100.015
44614,100.015
44615,100.015
44616,100.015
44617,100.015
44618,100.015
44619,100.015
44620,100.015
44621,100.015
44622,100.015
44623,100.015
44624,100.015
44625,100.015
44626,100.015
44627,100.015
44628,100.015
44629,100.015
44630,100.015
44631,100.015
44632,100.015
44633,100.015
44634,100.015
44635,100.015
44636,100.015
44637,100.015
44638,99.246
44639,99.246
44640,99.246
44641,99.246
44642,99.246
44643,99.246
44644,99.246
44645,99.246
44646,99.246
44647,99.246
44648,99.246
44649,99.246
44650,99.246
44651,99.246
44652,99.246
44653,99.246
44654,99.246
44655,99.246
44656,99.246
44657,99.246
44658,99.246
44659,99.246
44660,99.246
44661,99.246
44662,99.246
44663,99.246
44664,99.246
44665,99.246
44666,99.246
44667,99.246
44668,99.246
44669,99.246
44670,99.246
44671,99.246
44672,99.246
44673,99.246
44674,99.246
44675,99.246
44676,99.246
44677,99.246
44678,99.246
44679,99.246
44680,99.246
44681,99.246
44682,99.246
44683,99.246
44684,99.246
44685,99.246
44686,99.246
44687,99.246
44688,99.246
44689,99.246
44690,99.246
44691,99.246
44692,99.246
44693,99.246
44694,99.246
44695,99.246
44696,99.246
44697,99.246
44698,99.246
44699,99.246
44700,99.246
44701,99.246
44702,99.246
44703,99.246
44704,99.246
44705,99.246
44706,99.246
44707,99.246
44708,99.246
44709,99.246
44710,99.246
44711,99.246
44712,99.246
44713,99.246
44714,99.246
44715,99.246
44716,99.246
44717,99.246
44718,99.246
44719,99.246
44720,99.246
44721,99.246
44722,99.246
44723,99.246
44724,99.246
44725,99.246
44726,99.246
44727,99.246
44728,99.246
44729,99.246
44730,99.246
44731,99.246
44732,99.246
44733,99.246
44734,99.246
44735,99.246
44736,99.246
44737,99.246
44738,99.246
44739,99.246
44740,99.246
44741,99.246
44742,99.246
44743,99.246
44744,99.246
44745,99.246
44746,99.246
44747,99.246
44748,99.246
44749,99.246
44750,99.246
44751,99.246
44752,99.246
44753,99.246
44754,99.246
44755,99.246
44756,99.246
44757,99.246
44758,99.246
44759,99.246
44760,99.246
44761,99.246
44762,99.246
44763,99.246
44764,99.246
44765,99.246
44766,99.246
44767,99.246
44768,99.246
44769,99.246
44770,99.246
44771,99.246
44772,99.246
44773,99.246
44774,99.246
44775,99.246
44776,99.246
44777,99.246
44778,99.246
44779,99.246
44780,99.246
44781,99.246
44782,99.246
44783,99.246
44784,99.246
44785,99.246
44786,99.246
44787,99.246
44788,99.246
44789,99.246
44790,99.246
44791,99.246
44792,99.246
44793,99.246
44794,99.246
44795,99.246
44796,99.246
44797,99.246
44798,99.246
44799,99.246
44800,99.246
44801,99.246
44802,99.246
44803,99.246
44804,99.246
44805,99.246
44806,99.246
44807,99.246
44808,99.246
44809,99.246
44810,99.246
44811,99.246
44812,99.246
44813,99.246
44814,99.246
44815,99.246
44816,99.246
44817,99.246
44818,99.246
44819,99.246
44820,99.246
44821,99.246
44822,99.246
44823,99.246
44824,99.246
44825,99.246
44826,99.246
44827,99.246
44828,99.246
44829,99.246
44830,99.246
44831,99.246
44832,99.246
44833,99.246
44834,99.246
44835,99.246
44836,99.246
44837,99.246
44838,99.246
44839,99.246
44840,99.246
44841,99.246
44842,99.246
44843,99.246
44844,99.246
44845,99.246
44846,99.246
44847,99.246
44848,99.246
44849,99.246
44850,99.246
44851,99.246
44852,99.246
44853,99.246
44854,99.246
44855,99.246
44856,99.246
44857,99.246
44858,99.246
44859,99.246
44860,99.246
44861,99.246
44862,99.246
44863,99.246
44864,99.246
44865,99.246
44866,99.246
44867,99.246
44868,99.246
44869,99.246
44870,99.246
44871,99.246
44872,99.246
44873,99.246
44874,99.246
44875,99.246
44876,99.246
44877,99.246
44878,99.246
44879,99.246
44880,99.246
44881,99.246
44882,99.246
44883,99.246
44884,99.246
44885,99.246
44886,99.246
44887,99.246
44888,99.246
44889,99.246
44890,99.246
44891,99.246
44892,99.246
44893,99.246
44894,99.246
44895,99.246
44896,99.246
44897,99.246
44898,99.246
44899,99.246
44900,99.246
44901,99.246
44902,99.246
44903,99.246
44904,99.246
44905,99.246
44906,99.246
44907,99.246
44908,99.246
44909,99.246
44910,99.246
44911,99.246
44912,99.246
44913,99.246
44914,99.246
44915,99.246
44916,99.246
44917,99.246
44918,99.246
44919,99.246
44920,99.246
44921,99.246
44922,99.246
44923,99.246
44924,99.246
44925,99.246
44926,99.246
44927,99.246
44928,99.246
44929,99.246
44930,99.246
44931,99.246
44932,99.246
44933,99.246
44934,99.246
44935,99.246
44936,99.246
44937,99.246
44938,65.977
44939,65.977
44940,65.977
44941,65.977
44942,65.977
44943,65.977
44944,65.977
44945,65.977
44946,65.977
44947,65.977
44948,65.977
44949,65.977
44950,65.977
44951,65.977
44952,65.977
44953,65.977
44954,65.977
44955,65.977
44956,65.977
44957,65.977
44958,65.977
44959,65.977
44960,65.977
44961,65.977
44962,65.977
44963,65.977
44964,65.977
44965,65.977
44966,65.977
44967,65.977
44968,65.977
44969,65.977
44970,65.977
44971,65.977
44972,65.977
44973,65.977
44974,65.977
44975,65.977
44976,65.977
44977,65.977
44978,65.977
44979,65.977
44980,65.977
44981,65.977
44982,65.977
44983,65.977
44984,65.977
44985,65.977
44986,65.977
44987,65.977
44988,65.977
44989,65.977
44990,65.977
44991,65.977
44992,65.977
44993,65.977
44994,65.977
44995,65.977
44996,65.977
44997,65.977
44998,65.977
44999,65.977
45000,65.977
45001,65.977
45002,65.977
45003,65.977
45004,65.977
45005,65.977
45006,65.977
45007,65.977
45008,65.977
45009,65.977
45010,65.977
45011,65.977
45012,65.977
45013,65.977
45014,65.977
45015,65.977
45016,65.977
45017,65.977
45018,65.977
45019,65.977
45020,65.977
45021,65.977
45022,65.977
45023,65.977
45024,65.977
45025,65.977
45026,65.977
45027,65.977
45028,65.977
45029,65.977
45030,65.977
45031,65.977
45032,65.977
45033,65.977
45034,65.977
45035,65.977
45036,65.977
45037,65.977
45038,98.966
45039,98.966
45040,98.966
45041,98.966
45042,98.966
45043,98.966
45044,98.966
45045,98.966
45046,98.966
45047,98.966
45048,98.966
45049,98.966
45050,98.966
45051,98.966
45052,98.966
45053,98.966
45054,98.966
45055,98.966
45056,98.966
45057,98.966
45058,98.966
45059,98.966
45060,98.966
45061,98.966
45062,98.966
45063,98.966
45064,98.966
45065,98.966
45066,98.966
45067,98.966
45068,98.966
45069,98.966
45070,98.966
45071,98.966
45072,98.966
45073,98.966
45074,98.966
45075,98.966
45076,98.966
45077,98.966
45078,98.966
45079,98.966
45080,98.966
45081,98.966
45082,98.966
45083,98.966
45084,98.966
45085,98.966
45086,98.966
45087,98.966
45088,98.966
45089,98.966
45090,98.966
45091,98.966
45092,98.966
45093,98.966
45094,98.966
45095,98.966
45096,98.966
45097,98.966
45098,98.966
45099,98.966
45100,98.966
45101,98.966
45102,98.966
45103,98.966
45104,98.966
45105,98.966
45106,98.966
45107,98.966
45108,98.966
45109,98.966
45110,98.966
45111,98.966
45112,98.966
45113,98.966
45114,98.966
45115,98.966
45116,98.966
45117,98.966
45118,98.966
45119,98.966
45120,98.966
45121,98.966
45122,98.966
45123,98.966
45124,98.966
45125,98.966
45126,98.966
45127,98.966
45128,98.966
45129,98.966
45130,98.966
45131,98.966
45132,98.966
45133,98.966
45134,98.966
45135,98.966
45136,98.966
45137,98.966
45138,99.518
45139,99.518
45140,99.518
45141,99.518
45142,99.518
45143,99.518
45144,99.518
45145,99.518
45146,99.518
45147,99.518
45148,99.518
45149,99.518
45150,99.518
45151,99.518
45152,99.518
45153,99.518
45154,99.518
45155,99.518
45156,99.518
45157,99.518
45158,99.518
45159,99.518
45160,99.518
45161,99.518
45162,99.518
45163,99.518
45164,99.518
45165,99.518
45166,99.518
45167,99.518
45168,99.518
45169,99.518
45170,99.518
45171,99.518
45172,99.518
45173,99.518
45174,99.518
45175,99.518
45176,99.518
45177,99.518
45178,99.518
45179,99.518
45180,99.518
45181,99.518
45182,99.518
45183,99.518
45184,99.518
45185,99.518
45186,99.518
45187,99.518
45188,99.518
45189,99.518
45190,99.518
45191,99.518
45192,99.518
45193,99.518
45194,99.518
45195,99.518
45196,99.518
45197,99.518
45198,99.518
45199,99.518
45200,99.518
45201,99.518
45202,99.518
45203,99.518
45204,99.518
45205,99.518
45206,99.518
45207,99.518
45208,99.518
45209,99.518
45210,99.518
45211,99.518
45212,99.518
45213,99.518
45214,99.518
45215,99.518
45216,99.518
45217,99.518
45218,99.518
45219,99.518
45220,99.518
45221,99.518
45222,99.518
45223,99.518
45224,99.518
45225,99.518
45226,99.518
45227,99.518
45228,99.518
45229,99.518
45230,99.518
45231,99.518
45232,99.518
45233,99.518
45234,99.518
45235,99.518
45236,99.518
45237,99.518
45238,99.845
45239,99.845
45240,99.845
45241,99.845
45242,99.845
45243,99.845
45244,99.845
45245,99.845
45246,99.845
45247,99.845
45248,99.845
45249,99.845
45250,99.845
45251,99.845
45252,99.845
45253,99.845
45254,99.845
45255,99.845
45256,99.845
45257,99.845
45258,99.845
45259,99.845
45260,99.845
45261,99.845
45262,99.845
45263,99.845
45264,99.845
45265,99.845
45266,99.845
45267,99.845
45268,99.845
45269,99.845
45270,99.845
45271,99.845
45272,99.845
45273,99.845
45274,99.845
45275,99.845
45276,99.845
45277,99.845
45278,99.845
45279,99.845
45280,99.845
45281,99.845
45282,99.845
45283,99.845
45284,99.845
45285,99.845
45286,99.845
45287,99.845
45288,99.845
45289,99.845
45290,99.845
45291,99.845
45292,99.845
45293,99.845
45294,99.845
45295,99.845
45296,99.845
45297,99.845
45298,99.845
45299,99.845
45300,99.845
45301,99.845
45302,99.845
45303,99.845
45304,99.845
45305,99.845
45306,99.845
45307,99.845
45308,99.845
45309,99.845
45310,99.845
45311,99.845
45312,99.845
45313,99.845
45314,99.845
45315,99.845
45316,99.845
45317,99.845
45318,99.845
45319,99.845
45320,99.845
45321,99.845
45322,99.845
45323,99.845
45324,99.845
45325,99.845
45326,99.845
45327,99.845
45328,99.845
45329,99.845
45330,99.845
45331,99.845
45332,99.845
45333,99.845
45334,99.845
45335,99.845
45336,99.845
45337,99.845
45338,100.118
45339,100.118
45340,100.118
45341,100.118
45342,100.118
45343,100.118
45344,100.118
45345,100.118
45346,100.118
45347,100.118
45348,100.118
45349,100.118
45350,100.118
45351,100.118
45352,100.118
45353,100.118
45354,100.118
45355,100.118
45356,100.118
45357,100.118
45358,100.118
45359,100.118
45360,100.118
45361,100.118
45362,100.118
45363,100.118
45364,100.118
45365,100.118
45366,100.118
45367,100.118
45368,100.118
45369,100.118
45370,100.118
45371,100.118
45372,100.118
45373,100.118
45374,100.118
45375,100.118
45376,100.118
45377,100.118
45378,100.118
45379,100.118
45380,100.118
45381,100.118
45382,100.118
45383,100.118
45384,100.118
45385,100.118
45386,100.118
45387,100.118
45388,100.118
45389,100.118
45390,100.118
45391,100.118
45392,100.118
45393,100.118
45394,100.118
45395,100.118
45396,100.118
45397,100.118
45398,100.118
45399,100.118
45400,100.118
45401,100.118
45402,100.118
45403,100.118
45404,100.118
45405,100.118
45406,100.118
45407,100.118
45408,100.118
45409,100.118
45410,100.118
45411,100.118
45412,100.118
45413,100.118
45414,100.118
45415,100.118
45416,100.118
45417,100.118
45418,100.118
45419,100.118
45420,100.118
45421,100.118
45422,100.118
45423,100.118
45424,100.118
45425,100.118
45426,100.118
45427,100.118
45428,100.118
45429,100.118
45430,100.118
45431,100.118
45432,100.118
45433,100.118
45434,100.118
45435,100.118
45436,100.118
45437,100.118
45438,100.118
45439,100.118
45440,100.118
45441,100.118
45442,100.118
45443,100.118
45444,100.118
45445,100.118
45446,100.118
45447,100.118
45448,100.118
45449,100.118
45450,100.118
45451,100.118
45452,100.118
45453,100.118
45454,100.118
45455,100.118
45456,100.118
45457,100.118
45458,100.118
45459,100.118
45460,100.118
45461,100.118
45462,100.118
45463,100.118
45464,100.118
45465,100.118
45466,100.118
45467,100.118
45468,100.118
45469,100.118
45470,100.118
45471,100.118
45472,100.118
45473,100.118
45474,100.118
45475,100.118
45476,100.118
45477,100.118
45478,100.118
45479,100.118
45480,100.118
45481,100.118
45482,100.118
45483,100.118
45484,100.118
45485,100.118
45486,100.118
45487,100.118
45488,100.118
45489,100.118
45490,100.118
45491,100.118
45492,100.118
45493,100.118
45494,100.118
45495,100.118
45496,100.118
45497,100.118
45498,100.118
45499,100.118
45500,100.118
45501,100.118
45502,100.118
45503,100.118
45504,100.118
45505,100.118
45506,100.118
45507,100.118
45508,100.118
45509,100.118
45510,100.118
45511,100.118
45512,100.118
45513,100.118
45514,100.118
45515,100.118
45516,100.118
45517,100.118
45518,100.118
45519,100.118
45520,100.118
45521,100.118
45522,100.118
45523,100.118
45524,100.118
45525,100.118
45526,100.118
45527,100.118
45528,100.118
45529,100.118
45530,100.118
45531,100.118
45532,100.118
45533,100.118
45534,100.118
45535,100.118
45536,100.118
45537,100.118
45538,100.894
45539,100.894
45540,100.894
45541,100.894
45542,100.894
45543,100.894
45544,100.894
45545,100.894
45546,100.894
45547,100.894
45548,100.894
45549,100.894
45550,100.894
45551,100.894
45552,100.894
45553,100.894
45554,100.894
45555,100.894
45556,100.894
45557,100.894
45558,100.894
45559,100.894
45560,100.894
45561,100.894
45562,100.894
45563,100.894
45564,100.894
45565,100.894
45566,100.894
45567,100.894
45568,100.894
45569,100.894
45570,100.894
45571,100.894
45572,100.894
45573,100.894
45574,100.894
45575,100.894
45576,100.894
45577,100.894
45578,100.894
45579,100.894
45580,100.894
45581,100.894
45582,100.894
45583,100.894
45584,100.894
45585,100.894
45586,100.894
45587,100.894
45588,100.894
45589,100.894
45590,100.894
45591,100.894
45592,100.894
45593,100.894
45594,100.894
45595,100.894
45596,100.894
45597,100.894
45598,100.894
45599,100.894
45600,100.894
45601,100.894
45602,100.894
45603,100.894
45604,100.894
45605,100.894
45606,100.894
45607,100.894
45608,100.894
45609,100.894
45610,100.894
45611,100.894
45612,100.894
45613,100.894
45614,100.894
45615,100.894
45616,100.894
45617,100.894
45618,100.894
45619,100.894
45620,100.894
45621,100.894
45622,100.894
45623,100.894
45624,100.894
45625,100.894
45626,100.894
45627,100.894
45628,100.894
45629,100.894
45630,100.894
45631,100.894
45632,100.894
45633,100.894
45634,100.894
45635,100.894
45636,100.894
45637,100.894
45638,100.894
45639,100.894
45640,100.894
45641,100.894
45642,100.894
45643,100.894
45644,100.894
45645,100.894
45646,100.894
45647,100.894
45648,100.894
45649,100.894
45650,100.894
45651,100.894
45652,100.894
45653,100.894
45654,100.894
45655,100.894
45656,100.894
45657,100.894
45658,100.894
45659,100.894
45660,100.894
45661,100.894
45662,100.894
45663,100.894
45664,100.894
45665,100.894
45666,100.894
45667,100.894
45668,100.894
45669,100.894
45670,100.894
45671,100.894
45672,100.894
45673,100.894
45674,100.894
45675,100.894
45676,100.894
45677,100.894
45678,100.894
45679,100.894
45680,100.894
45681,100.894
45682,100.894
45683,100.894
45684,100.894
45685,100.894
45686,100.894
45687,100.894
45688,100.894
45689,100.894
45690,100.894
45691,100.894
45692,100.894
45693,100.894
45694,100.894
45695,100.894
45696,100.894
45697,100.894
45698,100.894
45699,100.894
45700,100.894
45701,100.894
45702,100.894
45703,100.894
45704,100.894
45705,100.894
45706,100.894
45707,100.894
45708,100.894
45709,100.894
45710,100.894
45711,100.894
45712,100.894
45713,100.894
45714,100.894
45715,100.894
45716,100.894
45717,100.894
45718,100.894
45719,100.894
45720,100.894
45721,100.894
45722,100.894
45723,100.894
45724,100.894
45725,100.894
45726,100.894
45727,100.894
45728,100.894
45729,100.894
45730,100.894
45731,100.894
45732,100.894
45733,100.894
45734,100.894
45735,100.894
45736,100.894
45737,100.894
45738,99.743
45739,99.743
45740,99.743
45741,99.743
45742,99.743
45743,99.743
45744,99.743
45745,99.743
45746,99.743
45747,99.743
45748,99.743
45749,99.743
45750,99.743
45751,99.743
45752,99.743
45753,99.743
45754,99.743
45755,99.743
45756,99.743
45757,99.743
45758,99.743
45759,99.743
45760,99.743
45761,99.743
45762,99.743
45763,99.743
45764,99.743
45765,99.743
45766,99.743
45767,99.743
45768,99.743
45769,99.743
45770,99.743
45771,99.743
45772,99.743
45773,99.743
45774,99.743
45775,99.743
45776,99.743
45777,99.743
45778,99.743
45779,99.743
45780,99.743
45781,99.743
45782,99.743
45783,99.743
45784,99.743
45785,99.743
45786,99.743
45787,99.743
45788,99.743
45789,99.743
45790,99.743
45791,99.743
45792,99.743
45793,99.743
45794,99.743
45795,99.743
45796,99.743
45797,99.743
45798,99.743
45799,99.743
45800,99.743
45801,99.743
45802,99.743
45803,99.743
45804,99.743
45805,99.743
45806,99.743
45807,99.743
45808,99.743
45809,99.743
45810,99.743
45811,99.743
45812,99.743
45813,99.743
45814,99.743
45815,99.743
45816,99.743
45817,99.743
45818,99.743
45819,99.743
45820,99.743
45821,99.743
45822,99.743
45823,99.743
45824,99.743
45825,99.743
45826,99.743
45827,99.743
45828,99.743
45829,99.743
45830,99.743
45831,99.743
45832,99.743
45833,99.743
45834,99.743
45835,99.743
45836,99.743
45837,99.743
45838,99.246
45839,99.246
45840,99.246
45841,99.246
45842,99.246
45843,99.246
45844,99.246
45845,99.246
45846,99.246
45847,99.246
45848,99.246
45849,99.246
45850,99.246
45851,99.246
45852,99.246
45853,99.246
45854,99.246
45855,99.246
45856,99.246
45857,99.246
45858,99.246
45859,99.246
45860,99.246
45861,99.246
45862,99.246
45863,99.246
45864,99.246
45865,99.246
45866,99.246
45867,99.246
45868,99.246
45869,99.246
45870,99.246
45871,99.246
45872,99.246
45873,99.246
45874,99.246
45875,99.246
45876,99.246
45877,99.246
45878,99.246
45879,99.246
45880,99.246
45881,99.246
45882,99.246
45883,99.246
45884,99.246
45885,99.246
45886,99.246
45887,99.246
45888,99.246
45889,99.246
45890,99.246
45891,99.246
45892,99.246
45893,99.246
45894,99.246
45895,99.246
45896,99.246
45897,99.246
45898,99.246
45899,99.246
45900,99.246
45901,99.246
45902,99.246
45903,99.246
45904,99.246
45905,99.246
45906,99.246
45907,99.246
45908,99.246
45909,99.246
45910,99.246
45911,99.246
45912,99.246
45913,99.246
45914,99.246
45915,99.246
45916,99.246
45917,99.246
45918,99.246
45919,99.246
45920,99.246
45921,99.246
45922,99.246
45923,99.246
45924,99.246
45925,99.246
45926,99.246
45927,99.246
45928,99.246
45929,99.246
45930,99.246
45931,99.246
45932,99.246
45933,99.246
45934,99.246
45935,99.246
45936,99.246
45937,99.246
45938,99.246
45939,99.246
45940,99.246
45941,99.246
45942,99.246
45943,99.246
45944,99.246
45945,99.246
45946,99.246
45947,99.246
45948,99.246
45949,99.246
45950,99.246
45951,99.246
45952,99.246
45953,99.246
45954,99.246
45955,99.246
45956,99.246
45957,99.246
45958,99.246
45959,99.246
45960,99.246
45961,99.246
45962,99.246
45963,99.246
45964,99.246
45965,99.246
45966,99.246
45967,99.246
45968,99.246
45969,99.246
45970,99.246
45971,99.246
45972,99.246
45973,99.246
45974,99.246
45975,99.246
45976,99.246
45977,99.246
45978,99.246
45979,99.246
45980,99.246
45981,99.246
45982,99.246
45983,99.246
45984,99.246
45985,99.246
45986,99.246
45987,99.246
45988,99.246
45989,99.246
45990,99.246
45991,99.246
45992,99.246
45993,99.246
45994,99.246
45995,99.246
45996,99.246
45997,99.246
45998,99.246
45999,99.246
46000,99.246
46001,99.246
46002,99.246
46003,99.246
46004,99.246
46005,99.246
46006,99.246
46007,99.246
46008,99.246
46009,99.246
46010,99.246
46011,99.246
46012,99.246
46013,99.246
46014,99.246
46015,99.246
46016,99.246
46017,99.246
46018,99.246
46019,99.246
46020,99.246
46021,99.246
46022,99.246
46023,99.246
46024,99.246
46025,99.246
46026,99.246
46027,99.246
46028,99.246
46029,99.246
46030,99.246
46031,99.246
46032,99.246
46033,99.246
46034,99.246
46035,99.246
46036,99.246
46037,99.246
46038,99.246
46039,99.246
46040,99.246
46041,99.246
46042,99.246
46043,99.246
46044,99.246
46045,99.246
46046,99.246
46047,99.246
46048,99.246
46049,99.246
46050,99.246
46051,99.246
46052,99.246
46053,99.246
46054,99.246
46055,99.246
46056,99.246
46057,99.246
46058,99.246
46059,99.246
46060,99.246
46061,99.246
46062,99.246
46063,99.246
46064,99.246
46065,99.246
46066,99.246
46067,99.246
46068,99.246
46069,99.246
46070,99.246
46071,99.246
46072,99.246
46073,99.246
46074,99.246
46075,99.246
46076,99.246
46077,99.246
46078,99.246
46079,99.246
46080,99.246
46081,99.246
46082,99.246
46083,99.246
46084,99.246
46085,99.246
46086,99.246
46087,99.246
46088,99.246
46089,99.246
46090,99.246
46091,99.246
46092,99.246
46093,99.246
46094,99.246
46095,99.246
46096,99.246
46097,99.246
46098,99.246
46099,99.246
46100,99.246
46101,99.246
46102,99.246
46103,99.246
46104,99.246
46105,99.246
46106,99.246
46107,99.246
46108,99.246
46109,99.246
46110,99.246
46111,99.246
46112,99.246
46113,99.246
46114,99.246
46115,99.246
46116,99.246
46117,99.246
46118,99.246
46119,99.246
46120,99.246
46121,99.246
46122,99.246
46123,99.246
46124,99.246
46125,99.246
46126,99.246
46127,99.246
46128,99.246
46129,99.246
46130,99.246
46131,99.246
46132,99.246
46133,99.246
46134,99.246
46135,99.246
46136,99.246
46137,99.246
46138,99.246
46139,99.845
46140,99.845
46141,99.845
46142,99.845
46143,99.845
46144,99.845
46145,99.845
46146,99.845
46147,99.845
46148,99.845
46149,99.845
46150,99.845
46151,99.845
46152,99.845
46153,99.845
46154,99.845
46155,99.845
46156,99.845
46157,99.845
46158,99.845
46159,99.845
46160,99.845
46161,99.845
46162,99.845
46163,99.845
46164,99.845
46165,99.845
46166,99.845
46167,99.845
46168,99.845
46169,99.845
46170,99.845
46171,99.845
46172,99.845
46173,99.845
46174,99.845
46175,99.845
46176,99.845
46177,99.845
46178,99.845
46179,99.845
46180,99.845
46181,99.845
46182,99.845
46183,99.845
46184,99.845
46185,99.845
46186,99.845
46187,99.845
46188,99.845
46189,99.845
46190,99.845
46191,99.845
46192,99.845
46193,99.845
46194,99.845
46195,99.845
46196,99.845
46197,99.845
46198,99.845
46199,99.845
46200,99.845
46201,99.845
46202,99.845
46203,99.845
46204,99.845
46205,99.845
46206,99.845
46207,99.845
46208,99.845
46209,99.845
46210,99.845
46211,99.845
46212,99.845
46213,99.845
46214,99.845
46215,99.845
46216,99.845
46217,99.845
46218,99.845
46219,99.845
46220,99.845
46221,99.845
46222,99.845
46223,99.845
46224,99.845
46225,99.845
46226,99.845
46227,99.845
46228,99.845
46229,99.845
46230,99.845
46231,99.845
46232,99.845
46233,99.845
46234,99.845
46235,99.845
46236,99.845
46237,99.845
46238,99.845
46239,99.845
46240,99.845
46241,99.845
46242,99.845
46243,99.845
46244,99.845
46245,99.845
46246,99.845
46247,99.845
46248,99.845
46249,99.845
46250,99.845
46251,99.845
46252,99.845
46253,99.845
46254,99.845
46255,99.845
46256,99.845
46257,99.845
46258,99.845
46259,99.845
46260,99.845
46261,99.845
46262,99.845
46263,99.845
46264,99.845
46265,99.845
46266,99.845
46267,99.845
46268,99.845
46269,99.845
46270,99.845
46271,99.845
46272,99.845
46273,99.845
46274,99.845
46275,99.845
46276,99.845
46277,99.845
46278,99.845
46279,99.845
46280,99.845
46281,99.845
46282,99.845
46283,99.845
46284,99.845
46285,99.845
46286,99.845
46287,99.845
46288,99.845
46289,99.845
46290,99.845
46291,99.845
46292,99.845
46293,99.845
46294,99.845
46295,99.845
46296,99.845
46297,99.845
46298,99.845
46299,99.845
46300,99.845
46301,99.845
46302,99.845
46303,99.845
46304,99.845
46305,99.845
46306,99.845
46307,99.845
46308,99.845
46309,99.845
46310,99.845
46311,99.845
46312,99.845
46313,99.845
46314,99.845
46315,99.845
46316,99.845
46317,99.845
46318,99.845
46319,99.845
46320,99.845
46321,99.845
46322,99.845
46323,99.845
46324,99.845
46325,99.845
46326,99.845
46327,99.845
46328,99.845
46329,99.845
46330,99.845
46331,99.845
46332,99.845
46333,99.845
46334,99.845
46335,99.845
46336,99.845
46337,99.845
46338,99.144
46339,99.144
46340,99.144
46341,99.144
46342,99.144
46343,99.144
46344,99.144
46345,99.144
46346,99.144
46347,99.144
46348,99.144
46349,99.144
46350,99.144
46351,99.144
46352,99.144
46353,99.144
46354,99.144
46355,99.144
46356,99.144
46357,99.144
46358,99.144
46359,99.144
46360,99.144
46361,99.144
46362,99.144
46363,99.144
46364,99.144
46365,99.144
46366,99.144
46367,99.144
46368,99.144
46369,99.144
46370,99.144
46371,99.144
46372,99.144
46373,99.144
46374,99.144
46375,99.144
46376,99.144
46377,99.144
46378,99.144
46379,99.144
46380,99.144
46381,99.144
46382,99.144
46383,99.144
46384,99.144
46385,99.144
46386,99.144
46387,99.144
46388,99.144
46389,99.144
46390,99.144
46391,99.144
46392,99.144
46393,99.144
46394,99.144
46395,99.144
46396,99.144
46397,99.144
46398,99.144
46399,99.144
46400,99.144
46401,99.144
46402,99.144
46403,99.144
46404,99.144
46405,99.144
46406,99.144
46407,99.144
46408,99.144
46409,99.144
46410,99.144
46411,99.144
46412,99.144
46413,99.144
46414,99.144
46415,99.144
46416,99.144
46417,99.144
46418,99.144
46419,99.144
46420,99.144
46421,99.144
46422,99.144
46423,99.144
46424,99.144
46425,99.144
46426,99.144
46427,99.144
46428,99.144
46429,99.144
46430,99.144
46431,99.144
46432,99.144
46433,99.144
46434,99.144
46435,99.144
46436,99.144
46437,99.144
46438,100.894
46439,100.894
46440,100.894
46441,100.894
46442,100.894
46443,100.894
46444,100.894
46445,100.894
46446,100.894
46447,100.894
46448,100.894
46449,100.894
46450,100.894
46451,100.894
46452,100.894
46453,100.894
46454,100.894
46455,100.894
46456,100.894
46457,100.894
46458,100.894
46459,100.894
46460,100.894
46461,100.894
46462,100.894
46463,100.894
46464,100.894
46465,100.894
46466,100.894
46467,100.894
46468,100.894
46469,100.894
46470,100.894
46471,100.894
46472,100.894
46473,100.894
46474,100.894
46475,100.894
46476,100.894
46477,100.894
46478,100.894
46479,100.894
46480,100.894
46481,100.894
46482,100.894
46483,100.894
46484,100.894
46485,100.894
46486,100.894
46487,100.894
46488,100.894
46489,100.894
46490,100.894
46491,100.894
46492,100.894
46493,100.894
46494,100.894
46495,100.894
46496,100.894
46497,100.894
46498,100.894
46499,100.894
46500,100.894
46501,100.894
46502,100.894
46503,100.894
46504,100.894
46505,100.894
46506,100.894
46507,100.894
46508,100.894
46509,100.894
46510,100.894
46511,100.894
46512,100.894
46513,100.894
46514,100.894
46515,100.894
46516,100.894
46517,100.894
46518,100.894
46519,100.894
46520,100.894
46521,100.894
46522,100.894
46523,100.894
46524,100.894
46525,100.894
46526,100.894
46527,100.894
46528,100.894
46529,100.894
46530,100.894
46531,100.894
46532,100.894
46533,100.894
46534,100.894
46535,100.894
46536,100.894
46537,100.894
46538,100.621
46539,100.621
46540,100.621
46541,100.621
46542,100.621
46543,100.621
46544,100.621
46545,100.621
46546,100.621
46547,100.621
46548,100.621
46549,100.621
46550,100.621
46551,100.621
46552,100.621
46553,100.621
46554,100.621
46555,100.621
46556,100.621
46557,100.621
46558,100.621
46559,100.621
46560,100.621
46561,100.621
46562,100.621
46563,100.621
46564,100.621
46565,100.621
46566,100.621
46567,100.621
46568,100.621
46569,100.621
46570,100.621
46571,100.621
46572,100.621
46573,100.621
46574,100.621
46575,100.621
46576,100.621
46577,100.621
46578,100.621
46579,100.621
46580,100.621
46581,100.621
46582,100.621
46583,100.621
46584,100.621
46585,100.621
46586,100.621
46587,100.621
46588,100.621
46589,100.621
46590,100.621
46591,100.621
46592,100.621
46593,100.621
46594,100.621
46595,100.621
46596,100.621
46597,100.621
46598,100.621
46599,100.621
46600,100.621
46601,100.621
46602,100.621
46603,100.621
46604,100.621
46605,100.621
46606,100.621
46607,100.621
46608,100.621
46609,100.621
46610,100.621
46611,100.621
46612,100.621
46613,100.621
46614,100.621
46615,100.621
46616,100.621
46617,100.621
46618,100.621
46619,100.621
46620,100.621
46621,100.621
46622,100.621
46623,100.621
46624,100.621
46625,100.621
46626,100.621
46627,100.621
46628,100.621
46629,100.621
46630,100.621
46631,100.621
46632,100.621
46633,100.621
46634,100.621
46635,100.621
46636,100.621
46637,100.621
46638,99.144
46639,99.144
46640,99.144
46641,99.144
46642,99.144
46643,99.144
46644,99.144
46645,99.144
46646,99.144
46647,99.144
46648,99.144
46649,99.144
46650,99.144
46651,99.144
46652,99.144
46653,99.144
46654,99.144
46655,99.144
46656,99.144
46657,99.144
46658,99.144
46659,99.144
46660,99.144
46661,99.144
46662,99.144
46663,99.144
46664,99.144
46665,99.144
46666,99.144
46667,99.144
46668,99.144
46669,99.144
46670,99.144
46671,99.144
46672,99.144
46673,99.144
46674,99.144
46675,99.144
46676,99.144
46677,99.144
46678,99.144
46679,99.144
46680,99.144
46681,99.144
46682,99.144
46683,99.144
46684,99.144
46685,99.144
46686,99.144
46687,99.144
46688,99.144
46689,99.144
46690,99.144
46691,99.144
46692,99.144
46693,99.144
46694,99.144
46695,99.144
46696,99.144
46697,99.144
46698,99.144
46699,99.144
46700,99.144
46701,99.144
46702,99.144
46703,99.144
46704,99.144
46705,99.144
46706,99.144
46707,99.144
46708,99.144
46709,99.144
46710,99.144
46711,99.144
46712,99.144
46713,99.144
46714,99.144
46715,99.144
46716,99.144
46717,99.144
46718,99.144
46719,99.144
46720,99.144
46721,99.144
46722,99.144
46723,99.144
46724,99.144
46725,99.144
46726,99.144
46727,99.144
46728,99.144
46729,99.144
46730,99.144
46731,99.144
46732,99.144
46733,99.144
46734,99.144
46735,99.144
46736,99.144
46737,99.144
46738,99.144
46739,99.144
46740,99.144
46741,99.144
46742,99.144
46743,99.144
46744,99.144
46745,99.144
46746,99.144
46747,99.144
46748,99.144
46749,99.144
46750,99.144
46751,99.144
46752,99.144
46753,99.144
46754,99.144
46755,99.144
46756,99.144
46757,99.144
46758,99.144
46759,99.144
46760,99.144
46761,99.144
46762,99.144
46763,99.144
46764,99.144
46765,99.144
46766,99.144
46767,99.144
46768,99.144
46769,99.144
46770,99.144
46771,99.144
46772,99.144
46773,99.144
46774,99.144
46775,99.144
46776,99.144
46777,99.144
46778,99.144
46779,99.144
46780,99.144
46781,99.144
46782,99.144
46783,99.144
46784,99.144
46785,99.144
46786,99.144
46787,99.144
46788,99.144
46789,99.144
46790,99.144
46791,99.144
46792,99.144
46793,99.144
46794,99.144
46795,99.144
46796,99.144
46797,99.144
46798,99.144
46799,99.144
46800,99.144
46801,99.144
46802,99.144
46803,99.144
46804,99.144
46805,99.144
46806,99.144
46807,99.144
46808,99.144
46809,99.144
46810,99.144
46811,99.144
46812,99.144
46813,99.144
46814,99.144
46815,99.144
46816,99.144
46817,99.144
46818,99.144
46819,99.144
46820,99.144
46821,99.144
46822,99.144
46823,99.144
46824,99.144
46825,99.144
46826,99.144
46827,99.144
46828,99.144
46829,99.144
46830,99.144
46831,99.144
46832,99.144
46833,99.144
46834,99.144
46835,99.144
46836,99.144
46837,99.144
46838,99.144
46839,99.144
46840,99.144
46841,99.144
46842,99.144
46843,99.144
46844,99.144
46845,99.144
46846,99.144
46847,99.144
46848,99.144
46849,99.144
46850,99.144
46851,99.144
46852,99.144
46853,99.144
46854,99.144
46855,99.144
46856,99.144
46857,99.144
46858,99.144
46859,99.144
46860,99.144
46861,99.144
46862,99.144
46863,99.144
46864,99.144
46865,99.144
46866,99.144
46867,99.144
46868,99.144
46869,99.144
46870,99.144
46871,99.144
46872,99.144
46873,99.144
46874,99.144
46875,99.144
46876,99.144
46877,99.144
46878,99.144
46879,99.144
46880,99.144
46881,99.144
46882,99.144
46883,99.144
46884,99.144
46885,99.144
46886,99.144
46887,99.144
46888,99.144
46889,99.144
46890,99.144
46891,99.144
46892,99.144
46893,99.144
46894,99.144
46895,99.144
46896,99.144
46897,99.144
46898,99.144
46899,99.144
46900,99.144
46901,99.144
46902,99.144
46903,99.144
46904,99.144
46905,99.144
46906,99.144
46907,99.144
46908,99.144
46909,99.144
46910,99.144
46911,99.144
46912,99.144
46913,99.144
46914,99.144
46915,99.144
46916,99.144
46917,99.144
46918,99.144
46919,99.144
46920,99.144
46921,99.144
46922,99.144
46923,99.144
46924,99.144
46925,99.144
46926,99.144
46927,99.144
46928,99.144
46929,99.144
46930,99.144
46931,99.144
46932,99.144
46933,99.144
46934,99.144
46935,99.144
46936,99.144
46937,99.144
46938,99.743
46939,99.743
46940,99.743
46941,99.743
46942,99.743
46943,99.743
46944,99.743
46945,99.743
46946,99.743
46947,99.743
46948,99.743
46949,99.743
46950,99.743
46951,99.743
46952,99.743
46953,99.743
46954,99.743
46955,99.743
46956,99.743
46957,99.743
46958,99.743
46959,99.743
46960,99.743
46961,99.743
46962,99.743
46963,99.743
46964,99.743
46965,99.743
46966,99.743
46967,99.743
46968,99.743
46969,99.743
46970,99.743
46971,99.743
46972,99.743
46973,99.743
46974,99.743
46975,99.743
46976,99.743
46977,99.743
46978,99.743
46979,99.743
46980,99.743
46981,99.743
46982,99.743
46983,99.743
46984,99.743
46985,99.743
46986,99.743
46987,99.743
46988,99.743
46989,99.743
46990,99.743
46991,99.743
46992,99.743
46993,99.743
46994,99.743
46995,99.743
46996,99.743
46997,99.743
46998,99.743
46999,99.743
47000,99.743
47001,99.743
47002,99.743
47003,99.743
47004,99.743
47005,99.743
47006,99.743
47007,99.743
47008,99.743
47009,99.743
47010,99.743
47011,99.743
47012,99.743
47013,99.743
47014,99.743
47015,99.743
47016,99.743
47017,99.743
47018,99.743
47019,99.743
47020,99.743
47021,99.743
47022,99.743
47023,99.743
47024,99.743
47025,99.743
47026,99.743
47027,99.743
47028,99.743
47029,99.743
47030,99.743
47031,99.743
47032,99.743
47033,99.743
47034,99.743
47035,99.743
47036,99.743
47037,99.743
47038,99.144
47039,99.144
47040,99.144
47041,99.144
47042,99.144
47043,99.144
47044,99.144
47045,99.144
47046,99.144
47047,99.144
47048,99.144
47049,99.144
47050,99.144
47051,99.144
47052,99.144
47053,99.144
47054,99.144
47055,99.144
47056,99.144
47057,99.144
47058,99.144
47059,99.144
47060,99.144
47061,99.144
47062,99.144
47063,99.144
47064,99.144
47065,99.144
47066,99.144
47067,99.144
47068,99.144
47069,99.144
47070,99.144
47071,99.144
47072,99.144
47073,99.144
47074,99.144
47075,99.144
47076,99.144
47077,99.144
47078,99.144
47079,99.144
47080,99.144
47081,99.144
47082,99.144
47083,99.144
47084,99.144
47085,99.144
47086,99.144
47087,99.144
47088,99.144
47089,99.144
47090,99.144
47091,99.144
47092,99.144
47093,99.144
47094,99.144
47095,99.144
47096,99.144
47097,99.144
47098,99.144
47099,99.144
47100,99.144
47101,99.144
47102,99.144
47103,99.144
47104,99.144
47105,99.144
47106,99.144
47107,99.144
47108,99.144
47109,99.144
47110,99.144
47111,99.144
47112,99.144
47113,99.144
47114,99.144
47115,99.144
47116,99.144
47117,99.144
47118,99.144
47119,99.144
47120,99.144
47121,99.144
47122,99.144
47123,99.144
47124,99.144
47125,99.144
47126,99.144
47127,99.144
47128,99.144
47129,99.144
47130,99.144
47131,99.144
47132,99.144
47133,99.144
47134,99.144
47135,99.144
47136,99.144
47137,99.144
47138,100.015
47139,100.015
47140,100.015
47141,100.015
47142,100.015
47143,100.015
47144,100.015
47145,100.015
47146,100.015
47147,100.015
47148,100.015
47149,100.015
47150,100.015
47151,100.015
47152,100.015
47153,100.015
47154,100.015
47155,100.015
47156,100.015
47157,100.015
47158,100.015
47159,100.015
47160,100.015
47161,100.015
47162,100.015
47163,100.015
47164,100.015
47165,100.015
47166,100.015
47167,100.015
47168,100.015
47169,100.015
47170,100.015
47171,100.015
47172,100.015
47173,100.015
47174,100.015
47175,100.015
47176,100.015
47177,100.015
47178,100.015
47179,100.015
47180,100.015
47181,100.015
47182,100.015
47183,100.015
47184,100.015
47185,100.015
47186,100.015
47187,100.015
47188,100.015
47189,100.015
47190,100.015
47191,100.015
47192,100.015
47193,100.015
47194,100.015
47195,100.015
47196,100.015
47197,100.015
47198,100.015
47199,100.015
47200,100.015
47201,100.015
47202,100.015
47203,100.015
47204,100.015
47205,100.015
47206,100.015
47207,100.015
47208,100.015
47209,100.015
47210,100.015
47211,100.015
47212,100.015
47213,100.015
47214,100.015
47215,100.015
47216,100.015
47217,100.015
47218,100.015
47219,100.015
47220,100.015
47221,100.015
47222,100.015
47223,100.015
47224,100.015
47225,100.015
47226,100.015
47227,100.015
47228,100.015
47229,100.015
47230,100.015
47231,100.015
47232,100.015
47233,100.015
47234,100.015
47235,100.015
47236,100.015
47237,100.015
47238,100.621
47239,100.621
47240,100.621
47241,100.621
47242,100.621
47243,100.621
47244,100.621
47245,100.621
47246,100.621
47247,100.621
47248,100.621
47249,100.621
47250,100.621
47251,100.621
47252,100.621
47253,100.621
47254,100.621
47255,100.621
47256,100.621
47257,100.621
47258,100.621
47259,100.621
47260,100.621
47261,100.621
47262,100.621
47263,100.621
47264,100.621
47265,100.621
47266,100.621
47267,100.621
47268,100.621
47269,100.621
47270,100.621
47271,100.621
47272,100.621
47273,100.621
47274,100.621
47275,100.621
47276,100.621
47277,100.621
47278,100.621
47279,100.621
47280,100.621
47281,100.621
47282,100.621
47283,100.621
47284,100.621
47285,100.621
47286,100.621
47287,100.621
47288,100.621
47289,100.621
47290,100.621
47291,100.621
47292,100.621
47293,100.621
47294,100.621
47295,100.621
47296,100.621
47297,100.621
47298,100.621
47299,100.621
47300,100.621
47301,100.621
47302,100.621
47303,100.621
47304,100.621
47305,100.621
47306,100.621
47307,100.621
47308,100.621
47309,100.621
47310,100.621
47311,100.621
47312,100.621
47313,100.621
47314,100.621
47315,100.621
47316,100.621
47317,100.621
47318,100.621
47319,100.621
47320,100.621
47321,100.621
47322,100.621
47323,100.621
47324,100.621
47325,100.621
47326,100.621
47327,100.621
47328,100.621
47329,100.621
47330,100.621
47331,100.621
47332,100.621
47333,100.621
47334,100.621
47335,100.621
47336,100.621
47337,100.621
47338,101.492
47339,101.492
47340,101.492
47341,101.492
47342,101.492
47343,101.492
47344,101.492
47345,101.492
47346,101.492
47347,101.492
47348,101.492
47349,101.492
47350,101.492
47351,101.492
47352,101.492
47353,101.492
47354,101.492
47355,101.492
47356,101.492
47357,101.492
47358,101.492
47359,101.492
47360,101.492
47361,101.492
47362,101.492
47363,101.492
47364,101.492
47365,101.492
47366,101.492
47367,101.492
47368,101.492
47369,101.492
47370,101.492
47371,101.492
47372,101.492
47373,101.492
47374,101.492
47375,101.492
47376,101.492
47377,101.492
47378,101.492
47379,101.492
47380,101.492
47381,101.492
47382,101.492
47383,101.492
47384,101.492
47385,101.492
47386,101.492
47387,101.492
47388,101.492
47389,101.492
47390,101.492
47391,101.492
47392,101.492
47393,101.492
47394,101.492
47395,101.492
47396,101.492
47397,101.492
47398,101.492
47399,101.492
47400,101.492
47401,101.492
47402,101.492
47403,101.492
47404,101.492
47405,101.492
47406,101.492
47407,101.492
47408,101.492
47409,101.492
47410,101.492
47411,101.492
47412,101.492
47413,101.492
47414,101.492
47415,101.492
47416,101.492
47417,101.492
47418,101.492
47419,101.492
47420,101.492
47421,101.492
47422,101.492
47423,101.492
47424,101.492
47425,101.492
47426,101.492
47427,101.492
47428,101.492
47429,101.492
47430,101.492
47431,101.492
47432,101.492
47433,101.492
47434,101.492
47435,101.492
47436,101.492
47437,101.492
47438,100.015
47439,100.015
47440,100.015
47441,100.015
47442,100.015
47443,100.015
47444,100.015
47445,100.015
47446,100.015
47447,100.015
47448,100.015
47449,100.015
47450,100.015
47451,100.015
47452,100.015
47453,100.015
47454,100.015
47455,100.015
47456,100.015
47457,100.015
47458,100.015
47459,100.015
47460,100.015
47461,100.015
47462,100.015
47463,100.015
47464,100.015
47465,100.015
47466,100.015
47467,100.015
47468,100.015
47469,100.015
47470,100.015
47471,100.015
47472,100.015
47473,100.015
47474,100.015
47475,100.015
47476,100.015
47477,100.015
47478,100.015
47479,100.015
47480,100.015
47481,100.015
47482,100.015
47483,100.015
47484,100.015
47485,100.015
47486,100.015
47487,100.015
47488,100.015
47489,100.015
47490,100.015
47491,100.015
47492,100.015
47493,100.015
47494,100.015
47495,100.015
47496,100.015
47497,100.015
47498,100.015
47499,100.015
47500,100.015
47501,100.015
47502,100.015
47503,100.015
47504,100.015
47505,100.015
47506,100.015
47507,100.015
47508,100.015
47509,100.015
47510,100.015
47511,100.015
47512,100.015
47513,100.015
47514,100.015
47515,100.015
47516,100.015
47517,100.015
47518,100.015
47519,100.015
47520,100.015
47521,100.015
47522,100.015
47523,100.015
47524,100.015
47525,100.015
47526,100.015
47527,100.015
47528,100.015
47529,100.015
47530,100.015
47531,100.015
47532,100.015
47533,100.015
47534,100.015
47535,100.015
47536,100.015
47537,100.015
47538,98.864
47539,98.864
47540,98.864
47541,98.864
47542,98.864
47543,98.864
47544,98.864
47545,98.864
47546,98.864
47547,98.864
47548,98.864
47549,98.864
47550,98.864
47551,98.864
47552,98.864
47553,98.864
47554,98.864
47555,98.864
47556,98.864
47557,98.864
47558,98.864
47559,98.864
47560,98.864
47561,98.864
47562,98.864
47563,98.864
47564,98.864
47565,98.864
47566,98.864
47567,98.864
47568,98.864
47569,98.864
47570,98.864
47571,98.864
47572,98.864
47573,98.864
47574,98.864
47575,98.864
47576,98.864
47577,98.864
47578,98.864
47579,98.864
47580,98.864
47581,98.864
47582,98.864
47583,98.864
47584,98.864
47585,98.864
47586,98.864
47587,98.864
47588,98.864
47589,98.864
47590,98.864
47591,98.864
47592,98.864
47593,98.864
47594,98.864
47595,98.864
47596,98.864
47597,98.864
47598,98.864
47599,98.864
47600,98.864
47601,98.864
47602,98.864
47603,98.864
47604,98.864
47605,98.864
47606,98.864
47607,98.864
47608,98.864
47609,98.864
47610,98.864
47611,98.864
47612,98.864
47613,98.864
47614,98.864
47615,98.864
47616,98.864
47617,98.864
47618,98.864
47619,98.864
47620,98.864
47621,98.864
47622,98.864
47623,98.864
47624,98.864
47625,98.864
47626,98.864
47627,98.864
47628,98.864
47629,98.864
47630,98.864
47631,98.864
47632,98.864
47633,98.864
47634,98.864
47635,98.864
47636,98.864
47637,98.864
47638,98.864
47639,98.864
47640,98.864
47641,98.864
47642,98.864
47643,98.864
47644,98.864
47645,98.864
47646,98.864
47647,98.864
47648,98.864
47649,98.864
47650,98.864
47651,98.864
47652,98.864
47653,98.864
47654,98.864
47655,98.864
47656,98.864
47657,98.864
47658,98.864
47659,98.864
47660,98.864
47661,98.864
47662,98.864
47663,98.864
47664,98.864
47665,98.864
47666,98.864
47667,98.864
47668,98.864
47669,98.864
47670,98.864
47671,98.864
47672,98.864
47673,98.864
47674,98.864
47675,98.864
47676,98.864
47677,98.864
47678,98.864
47679,98.864
47680,98.864
47681,98.864
47682,98.864
47683,98.864
47684,98.864
47685,98.864
47686,98.864
47687,98.864
47688,98.864
47689,98.864
47690,98.864
47691,98.864
47692,98.864
47693,98.864
47694,98.864
47695,98.864
47696,98.864
47697,98.864
47698,98.864
47699,98.864
47700,98.864
47701,98.864
47702,98.864
47703,98.864
47704,98.864
47705,98.864
47706,98.864
47707,98.864
47708,98.864
47709,98.864
47710,98.864
47711,98.864
47712,98.864
47713,98.864
47714,98.864
47715,98.864
47716,98.864
47717,98.864
47718,98.864
47719,98.864
47720,98.864
47721,98.864
47722,98.864
47723,98.864
47724,98.864
47725,98.864
47726,98.864
47727,98.864
47728,98.864
47729,98.864
47730,98.864
47731,98.864
47732,98.864
47733,98.864
47734,98.864
47735,98.864
47736,98.864
47737,98.864
47738,98.966
47739,98.966
47740,98.966
47741,98.966
47742,98.966
47743,98.966
47744,98.966
47745,98.966
47746,98.966
47747,98.966
47748,98.966
47749,98.966
47750,98.966
47751,98.966
47752,98.966
47753,98.966
47754,98.966
47755,98.966
47756,98.966
47757,98.966
47758,98.966
47759,98.966
47760,98.966
47761,98.966
47762,98.966
47763,98.966
47764,98.966
47765,98.966
47766,98.966
47767,98.966
47768,98.966
47769,98.966
47770,98.966
47771,98.966
47772,98.966
47773,98.966
47774,98.966
47775,98.966
47776,98.966
47777,98.966
47778,98.966
47779,98.966
47780,98.966
47781,98.966
47782,98.966
47783,98.966
47784,98.966
47785,98.966
47786,98.966
47787,98.966
47788,98.966
47789,98.966
47790,98.966
47791,98.966
47792,98.966
47793,98.966
47794,98.966
47795,98.966
47796,98.966
47797,98.966
47798,98.966
47799,98.966
47800,98.966
47801,98.966
47802,98.966
47803,98.966
47804,98.966
47805,98.966
47806,98.966
47807,98.966
47808,98.966
47809,98.966
47810,98.966
47811,98.966
47812,98.966
47813,98.966
47814,98.966
47815,98.966
47816,98.966
47817,98.966
47818,98.966
47819,98.966
47820,98.966
47821,98.966
47822,98.966
47823,98.966
47824,98.966
47825,98.966
47826,98.966
47827,98.966
47828,98.966
47829,98.966
47830,98.966
47831,98.966
47832,98.966
47833,98.966
47834,98.966
47835,98.966
47836,98.966
47837,98.966
47838,100.118
47839,100.118
47840,100.118
47841,100.118
47842,100.118
47843,100.118
47844,100.118
47845,100.118
47846,100.118
47847,100.118
47848,100.118
47849,100.118
47850,100.118
47851,100.118
47852,100.118
47853,100.118
47854,100.118
47855,100.118
47856,100.118
47857,100.118
47858,100.118
47859,100.118
47860,100.118
47861,100.118
47862,100.118
47863,100.118
47864,100.118
47865,100.118
47866,100.118
47867,100.118
47868,100.118
47869,100.118
47870,100.118
47871,100.118
47872,100.118
47873,100.118
47874,100.118
47875,100.118
47876,100.118
47877,100.118
47878,100.118
47879,100.118
47880,100.118
47881,100.118
47882,100.118
47883,100.118
47884,100.118
47885,100.118
47886,100.118
47887,100.118
47888,100.118
47889,100.118
47890,100.118
47891,100.118
47892,100.118
47893,100.118
47894,100.118
47895,100.118
47896,100.118
47897,100.118
47898,100.118
47899,100.118
47900,100.118
47901,100.118
47902,100.118
47903,100.118
47904,100.118
47905,100.118
47906,100.118
47907,100.118
47908,100.118
47909,100.118
47910,100.118
47911,100.118
47912,100.118
47913,100.118
47914,100.118
47915,100.118
47916,100.118
47917,100.118
47918,100.118
47919,100.118
47920,100.118
47921,100.118
47922,100.118
47923,100.118
47924,100.118
47925,100.118
47926,100.118
47927,100.118
47928,100.118
47929,100.118
47930,100.118
47931,100.118
47932,100.118
47933,100.118
47934,100.118
47935,100.118
47936,100.118
47937,100.118
47938,99.518
47939,99.518
47940,99.518
47941,99.518
47942,99.518
47943,99.518
47944,99.518
47945,99.518
47946,99.518
47947,99.518
47948,99.518
47949,99.518
47950,99.518
47951,99.518
47952,99.518
47953,99.518
47954,99.518
47955,99.518
47956,99.518
47957,99.518
47958,99.518
47959,99.518
47960,99.518
47961,99.518
47962,99.518
47963,99.518
47964,99.518
47965,99.518
47966,99.518
47967,99.518
47968,99.518
47969,99.518
47970,99.518
47971,99.518
47972,99.518
47973,99.518
47974,99.518
47975,99.518
47976,99.518
47977,99.518
47978,99.518
47979,99.518
47980,99.518
47981,99.518
47982,99.518
47983,99.518
47984,99.518
47985,99.518
47986,99.518
47987,99.518
47988,99.518
47989,99.518
47990,99.518
47991,99.518
47992,99.518
47993,99.518
47994,99.518
47995,99.518
47996,99.518
47997,99.518
47998,99.518
47999,99.518
48000,99.518
48001,99.518
48002,99.518
48003,99.518
48004,99.518
48005,99.518
48006,99.518
48007,99.518
48008,99.518
48009,99.518
48010,99.518
48011,99.518
48012,99.518
48013,99.518
48014,99.518
48015,99.518
48016,99.518
48017,99.518
48018,99.518
48019,99.518
48020,99.518
48021,99.518
48022,99.518
48023,99.518
48024,99.518
48025,99.518
48026,99.518
48027,99.518
48028,99.518
48029,99.518
48030,99.518
48031,99.518
48032,99.518
48033,99.518
48034,99.518
48035,99.518
48036,99.518
48037,99.518
48038,100.118
48039,100.118
48040,100.118
48041,100.118
48042,100.118
48043,100.118
48044,100.118
48045,100.118
48046,100.118
48047,100.118
48048,100.118
48049,100.118
48050,100.118
48051,100.118
48052,100.118
48053,100.118
48054,100.118
48055,100.118
48056,100.118
48057,100.118
48058,100.118
48059,100.118
48060,100.118
48061,100.118
48062,100.118
48063,100.118
48064,100.118
48065,100.118
48066,100.118
48067,100.118
48068,100.118
48069,100.118
48070,100.118
48071,100.118
48072,100.118
48073,100.118
48074,100.118
48075,100.118
48076,100.118
48077,100.118
48078,100.118
48079,100.118
48080,100.118
48081,100.118
48082,100.118
48083,100.118
48084,100.118
48085,100.118
48086,100.118
48087,100.118
48088,100.118
48089,100.118
48090,100.118
48091,100.118
48092,100.118
48093,100.118
48094,100.118
48095,100.118
48096,100.118
48097,100.118
48098,100.118
48099,100.118
48100,100.118
48101,100.118
48102,100.118
48103,100.118
48104,100.118
48105,100.118
48106,100.118
48107,100.118
48108,100.118
48109,100.118
48110,100.118
48111,100.118
48112,100.118
48113,100.118
48114,100.118
48115,100.118
48116,100.118
48117,100.118
48118,100.118
48119,100.118
48120,100.118
48121,100.118
48122,100.118
48123,100.118
48124,100.118
48125,100.118
48126,100.118
48127,100.118
48128,100.118
48129,100.118
48130,100.118
48131,100.118
48132,100.118
48133,100.118
48134,100.118
48135,100.118
48136,100.118
48137,100.118
48138,100.118
48139,101.324
48140,101.324
48141,101.324
48142,101.324
48143,101.324
48144,101.324
48145,101.324
48146,101.324
48147,101.324
48148,101.324
48149,101.324
48150,101.324
48151,101.324
48152,101.324
48153,101.324
48154,101.324
48155,101.324
48156,101.324
48157,101.324
48158,101.324
48159,101.324
48160,101.324
48161,101.324
48162,101.324
48163,101.324
48164,101.324
48165,101.324
48166,101.324
48167,101.324
48168,101.324
48169,101.324
48170,101.324
48171,101.324
48172,101.324
48173,101.324
48174,101.324
48175,101.324
48176,101.324
48177,101.324
48178,101.324
48179,101.324
48180,101.324
48181,101.324
48182,101.324
48183,101.324
48184,101.324
48185,101.324
48186,101.324
48187,101.324
48188,101.324
48189,101.324
48190,101.324
48191,101.324
48192,101.324
48193,101.324
48194,101.324
48195,101.324
48196,101.324
48197,101.324
48198,101.324
48199,101.324
48200,101.324
48201,101.324
48202,101.324
48203,101.324
48204,101.324
48205,101.324
48206,101.324
48207,101.324
48208,101.324
48209,101.324
48210,101.324
48211,101.324
48212,101.324
48213,101.324
48214,101.324
48215,101.324
48216,101.324
48217,101.324
48218,101.324
48219,101.324
48220,101.324
48221,101.324
48222,101.324
48223,101.324
48224,101.324
48225,101.324
48226,101.324
48227,101.324
48228,101.324
48229,101.324
48230,101.324
48231,101.324
48232,101.324
48233,101.324
48234,101.324
48235,101.324
48236,101.324
48237,101.324
48238,100.997
48239,100.997
48240,100.997
48241,100.997
48242,100.997
48243,100.997
48244,100.997
48245,100.997
48246,100.997
48247,100.997
48248,100.997
48249,100.997
48250,100.997
48251,100.997
48252,100.997
48253,100.997
48254,100.997
48255,100.997
48256,100.997
48257,100.997
48258,100.997
48259,100.997
48260,100.997
48261,100.997
48262,100.997
48263,100.997
48264,100.997
48265,100.997
48266,100.997
48267,100.997
48268,100.997
48269,100.997
48270,100.997
48271,100.997
48272,100.997
48273,100.997
48274,100.997
48275,100.997
48276,100.997
48277,100.997
48278,100.997
48279,100.997
48280,100.997
48281,100.997
48282,100.997
48283,100.997
48284,100.997
48285,100.997
48286,100.997
48287,100.997
48288,100.997
48289,100.997
48290,100.997
48291,100.997
48292,100.997
48293,100.997
48294,100.997
48295,100.997
48296,100.997
48297,100.997
48298,100.997
48299,100.997
48300,100.997
48301,100.997
48302,100.997
48303,100.997
48304,100.997
48305,100.997
48306,100.997
48307,100.997
48308,100.997
48309,100.997
48310,100.997
48311,100.997
48312,100.997
48313,100.997
48314,100.997
48315,100.997
48316,100.997
48317,100.997
48318,100.997
48319,100.997
48320,100.997
48321,100.997
48322,100.997
48323,100.997
48324,100.997
48325,100.997
48326,100.997
48327,100.997
48328,100.997
48329,100.997
48330,100.997
48331,100.997
48332,100.997
48333,100.997
48334,100.997
48335,100.997
48336,100.997
48337,100.997
48338,99.518
48339,99.518
48340,99.518
48341,99.518
48342,99.518
48343,99.518
48344,99.518
48345,99.518
48346,99.518
48347,99.518
48348,99.518
48349,99.518
48350,99.518
48351,99.518
48352,99.518
48353,99.518
48354,99.518
48355,99.518
48356,99.518
48357,99.518
48358,99.518
48359,99.518
48360,99.518
48361,99.518
48362,99.518
48363,99.518
48364,99.518
48365,99.518
48366,99.518
48367,99.518
48368,99.518
48369,99.518
48370,99.518
48371,99.518
48372,99.518
48373,99.518
48374,99.518
48375,99.518
48376,99.518
48377,99.518
48378,99.518
48379,99.518
48380,99.518
48381,99.518
48382,99.518
48383,99.518
48384,99.518
48385,99.518
48386,99.518
48387,99.518
48388,99.518
48389,99.518
48390,99.518
48391,99.518
48392,99.518
48393,99.518
48394,99.518
48395,99.518
48396,99.518
48397,99.518
48398,99.518
48399,99.518
48400,99.518
48401,99.518
48402,99.518
48403,99.518
48404,99.518
48405,99.518
48406,99.518
48407,99.518
48408,99.518
48409,99.518
48410,99.518
48411,99.518
48412,99.518
48413,99.518
48414,99.518
48415,99.518
48416,99.518
48417,99.518
48418,99.518
48419,99.518
48420,99.518
48421,99.518
48422,99.518
48423,99.518
48424,99.518
48425,99.518
48426,99.518
48427,99.518
48428,99.518
48429,99.518
48430,99.518
48431,99.518
48432,99.518
48433,99.518
48434,99.518
48435,99.518
48436,99.518
48437,99.518
48438,99.518
48439,99.144
48440,99.144
48441,99.144
48442,99.144
48443,99.144
48444,99.144
48445,99.144
48446,99.144
48447,99.144
48448,99.144
48449,99.144
48450,99.144
48451,99.144
48452,99.144
48453,99.144
48454,99.144
48455,99.144
48456,99.144
48457,99.144
48458,99.144
48459,99.144
48460,99.144
48461,99.144
48462,99.144
48463,99.144
48464,99.144
48465,99.144
48466,99.144
48467,99.144
48468,99.144
48469,99.144
48470,99.144
48471,99.144
48472,99.144
48473,99.144
48474,99.144
48475,99.144
48476,99.144
48477,99.144
48478,99.144
48479,99.144
48480,99.144
48481,99.144
48482,99.144
48483,99.144
48484,99.144
48485,99.144
48486,99.144
48487,99.144
48488,99.144
48489,99.144
48490,99.144
48491,99.144
48492,99.144
48493,99.144
48494,99.144
48495,99.144
48496,99.144
48497,99.144
48498,99.144
48499,99.144
48500,99.144
48501,99.144
48502,99.144
48503,99.144
48504,99.144
48505,99.144
48506,99.144
48507,99.144
48508,99.144
48509,99.144
48510,99.144
48511,99.144
48512,99.144
48513,99.144
48514,99.144
48515,99.144
48516,99.144
48517,99.144
48518,99.144
48519,99.144
48520,99.144
48521,99.144
48522,99.144
48523,99.144
48524,99.144
48525,99.144
48526,99.144
48527,99.144
48528,99.144
48529,99.144
48530,99.144
48531,99.144
48532,99.144
48533,99.144
48534,99.144
48535,99.144
48536,99.144
48537,99.144
48538,99.144
48539,99.416
48540,99.416
48541,99.416
48542,99.416
48543,99.416
48544,99.416
48545,99.416
48546,99.416
48547,99.416
48548,99.416
48549,99.416
48550,99.416
48551,99.416
48552,99.416
48553,99.416
48554,99.416
48555,99.416
48556,99.416
48557,99.416
48558,99.416
48559,99.416
48560,99.416
48561,99.416
48562,99.416
48563,99.416
48564,99.416
48565,99.416
48566,99.416
48567,99.416
48568,99.416
48569,99.416
48570,99.416
48571,99.416
48572,99.416
48573,99.416
48574,99.416
48575,99.416
48576,99.416
48577,99.416
48578,99.416
48579,99.416
48580,99.416
48581,99.416
48582,99.416
48583,99.416
48584,99.416
48585,99.416
48586,99.416
48587,99.416
48588,99.416
48589,99.416
48590,99.416
48591,99.416
48592,99.416
48593,99.416
48594,99.416
48595,99.416
48596,99.416
48597,99.416
48598,99.416
48599,99.416
48600,99.416
48601,99.416
48602,99.416
48603,99.416
48604,99.416
48605,99.416
48606,99.416
48607,99.416
48608,99.416
48609,99.416
48610,99.416
48611,99.416
48612,99.416
48613,99.416
48614,99.416
48615,99.416
48616,99.416
48617,99.416
48618,99.416
48619,99.416
48620,99.416
48621,99.416
48622,99.416
48623,99.416
48624,99.416
48625,99.416
48626,99.416
48627,99.416
48628,99.416
48629,99.416
48630,99.416
48631,99.416
48632,99.416
48633,99.416
48634,99.416
48635,99.416
48636,99.416
48637,99.416
48638,99.416
48639,99.416
48640,99.144
48641,99.144
48642,99.144
48643,99.144
48644,99.144
48645,99.144
48646,99.144
48647,99.144
48648,99.144
48649,99.144
48650,99.144
48651,99.144
48652,99.144
48653,99.144
48654,99.144
48655,99.144
48656,99.144
48657,99.144
48658,99.144
48659,99.144
48660,99.144
48661,99.144
48662,99.144
48663,99.144
48664,99.144
48665,99.144
48666,99.144
48667,99.144
48668,99.144
48669,99.144
48670,99.144
48671,99.144
48672,99.144
48673,99.144
48674,99.144
48675,99.144
48676,99.144
48677,99.144
48678,99.144
48679,99.144
48680,99.144
48681,99.144
48682,99.144
48683,99.144
48684,99.144
48685,99.144
48686,99.144
48687,99.144
48688,99.144
48689,99.144
48690,99.144
48691,99.144
48692,99.144
48693,99.144
48694,99.144
48695,99.144
48696,99.144
48697,99.144
48698,99.144
48699,99.144
48700,99.144
48701,99.144
48702,99.144
48703,99.144
48704,99.144
48705,99.144
48706,99.144
48707,99.144
48708,99.144
48709,99.144
48710,99.144
48711,99.144
48712,99.144
48713,99.144
48714,99.144
48715,99.144
48716,99.144
48717,99.144
48718,99.144
48719,99.144
48720,99.144
48721,99.144
48722,99.144
48723,99.144
48724,99.144
48725,99.144
48726,99.144
48727,99.144
48728,99.144
48729,99.144
48730,99.144
48731,99.144
48732,99.144
48733,99.144
48734,99.144
48735,99.144
48736,99.144
48737,99.144
48738,99.144
48739,99.144
48740,99.743
48741,99.743
48742,99.743
48743,99.743
48744,99.743
48745,99.743
48746,99.743
48747,99.743
48748,99.743
48749,99.743
48750,99.743
48751,99.743
48752,99.743
48753,99.743
48754,99.743
48755,99.743
48756,99.743
48757,99.743
48758,99.743
48759,99.743
48760,99.743
48761,99.743
48762,99.743
48763,99.743
48764,99.743
48765,99.743
48766,99.743
48767,99.743
48768,99.743
48769,99.743
48770,99.743
48771,99.743
48772,99.743
48773,99.743
48774,99.743
48775,99.743
48776,99.743
48777,99.743
48778,99.743
48779,99.743
48780,99.743
48781,99.743
48782,99.743
48783,99.743
48784,99.743
48785,99.743
48786,99.743
48787,99.743
48788,99.743
48789,99.743
48790,99.743
48791,99.743
48792,99.743
48793,99.743
48794,99.743
48795,99.743
48796,99.743
48797,99.743
48798,99.743
48799,99.743
48800,99.743
48801,99.743
48802,99.743
48803,99.743
48804,99.743
48805,99.743
48806,99.743
48807,99.743
48808,99.743
48809,99.743
48810,99.743
48811,99.743
48812,99.743
48813,99.743
48814,99.743
48815,99.743
48816,99.743
48817,99.743
48818,99.743
48819,99.743
48820,99.743
48821,99.743
48822,99.743
48823,99.743
48824,99.743
48825,99.743
48826,99.743
48827,99.743
48828,99.743
48829,99.743
48830,99.743
48831,99.743
48832,99.743
48833,99.743
48834,99.743
48835,99.743
48836,99.743
48837,99.743
48838,100.015
48839,100.015
48840,100.015
48841,100.015
48842,100.015
48843,100.015
48844,100.015
48845,100.015
48846,100.015
48847,100.015
48848,100.015
48849,100.015
48850,100.015
48851,100.015
48852,100.015
48853,100.015
48854,100.015
48855,100.015
48856,100.015
48857,100.015
48858,100.015
48859,100.015
48860,100.015
48861,100.015
48862,100.015
48863,100.015
48864,100.015
48865,100.015
48866,100.015
48867,100.015
48868,100.015
48869,100.015
48870,100.015
48871,100.015
48872,100.015
48873,100.015
48874,100.015
48875,100.015
48876,100.015
48877,100.015
48878,100.015
48879,100.015
48880,100.015
48881,100.015
48882,100.015
48883,100.015
48884,100.015
48885,100.015
48886,100.015
48887,100.015
48888,100.015
48889,100.015
48890,100.015
48891,100.015
48892,100.015
48893,100.015
48894,100.015
48895,100.015
48896,100.015
48897,100.015
48898,100.015
48899,100.015
48900,100.015
48901,100.015
48902,100.015
48903,100.015
48904,100.015
48905,100.015
48906,100.015
48907,100.015
48908,100.015
48909,100.015
48910,100.015
48911,100.015
48912,100.015
48913,100.015
48914,100.015
48915,100.015
48916,100.015
48917,100.015
48918,100.015
48919,100.015
48920,100.015
48921,100.015
48922,100.015
48923,100.015
48924,100.015
48925,100.015
48926,100.015
48927,100.015
48928,100.015
48929,100.015
48930,100.015
48931,100.015
48932,100.015
48933,100.015
48934,100.015
48935,100.015
48936,100.015
48937,100.015
48938,100.015
48939,100.015
48940,100.015
48941,100.015
48942,100.015
48943,100.015
48944,100.015
48945,100.015
48946,100.015
48947,100.015
48948,100.015
48949,100.015
48950,100.015
48951,100.015
48952,100.015
48953,100.015
48954,100.015
48955,100.015
48956,100.015
48957,100.015
48958,100.015
48959,100.015
48960,100.015
48961,100.015
48962,100.015
48963,100.015
48964,100.015
48965,100.015
48966,100.015
48967,100.015
48968,100.015
48969,100.015
48970,100.015
48971,100.015
48972,100.015
48973,100.015
48974,100.015
48975,100.015
48976,100.015
48977,100.015
48978,100.015
48979,100.015
48980,100.015
48981,100.015
48982,100.015
48983,100.015
48984,100.015
48985,100.015
48986,100.015
48987,100.015
48988,100.015
48989,100.015
48990,100.015
48991,100.015
48992,100.015
48993,100.015
48994,100.015
48995,100.015
48996,100.015
48997,100.015
48998,100.015
48999,100.015
49000,100.015
49001,100.015
49002,100.015
49003,100.015
49004,100.015
49005,100.015
49006,100.015
49007,100.015
49008,100.015
49009,100.015
49010,100.015
49011,100.015
49012,100.015
49013,100.015
49014,100.015
49015,100.015
49016,100.015
49017,100.015
49018,100.015
49019,100.015
49020,100.015
49021,100.015
49022,100.015
49023,100.015
49024,100.015
49025,100.015
49026,100.015
49027,100.015
49028,100.015
49029,100.015
49030,100.015
49031,100.015
49032,100.015
49033,100.015
49034,100.015
49035,100.015
49036,100.015
49037,100.015
49038,101.324
49039,101.324
49040,101.324
49041,101.324
49042,101.324
49043,101.324
49044,101.324
49045,101.324
49046,101.324
49047,101.324
49048,101.324
49049,101.324
49050,101.324
49051,101.324
49052,101.324
49053,101.324
49054,101.324
49055,101.324
49056,101.324
49057,101.324
49058,101.324
49059,101.324
49060,101.324
49061,101.324
49062,101.324
49063,101.324
49064,101.324
49065,101.324
49066,101.324
49067,101.324
49068,101.324
49069,101.324
49070,101.324
49071,101.324
49072,101.324
49073,101.324
49074,101.324
49075,101.324
49076,101.324
49077,101.324
49078,101.324
49079,101.324
49080,101.324
49081,101.324
49082,101.324
49083,101.324
49084,101.324
49085,101.324
49086,101.324
49087,101.324
49088,101.324
49089,101.324
49090,101.324
49091,101.324
49092,101.324
49093,101.324
49094,101.324
49095,101.324
49096,101.324
49097,101.324
49098,101.324
49099,101.324
49100,101.324
49101,101.324
49102,101.324
49103,101.324
49104,101.324
49105,101.324
49106,101.324
49107,101.324
49108,101.324
49109,101.324
49110,101.324
49111,101.324
49112,101.324
49113,101.324
49114,101.324
49115,101.324
49116,101.324
49117,101.324
49118,101.324
49119,101.324
49120,101.324
49121,101.324
49122,101.324
49123,101.324
49124,101.324
49125,101.324
49126,101.324
49127,101.324
49128,101.324
49129,101.324
49130,101.324
49131,101.324
49132,101.324
49133,101.324
49134,101.324
49135,101.324
49136,101.324
49137,101.324
49138,100.725
49139,100.725
49140,100.725
49141,100.725
49142,100.725
49143,100.725
49144,100.725
49145,100.725
49146,100.725
49147,100.725
49148,100.725
49149,100.725
49150,100.725
49151,100.725
49152,100.725
49153,100.725
49154,100.725
49155,100.725
49156,100.725
49157,100.725
49158,100.725
49159,100.725
49160,100.725
49161,100.725
49162,100.725
49163,100.725
49164,100.725
49165,100.725
49166,100.725
49167,100.725
49168,100.725
49169,100.725
49170,100.725
49171,100.725
49172,100.725
49173,100.725
49174,100.725
49175,100.725
49176,100.725
49177,100.725
49178,100.725
49179,100.725
49180,100.725
49181,100.725
49182,100.725
49183,100.725
49184,100.725
49185,100.725
49186,100.725
49187,100.725
49188,100.725
49189,100.725
49190,100.725
49191,100.725
49192,100.725
49193,100.725
49194,100.725
49195,100.725
49196,100.725
49197,100.725
49198,100.725
49199,100.725
49200,100.725
49201,100.725
49202,100.725
49203,100.725
49204,100.725
49205,100.725
49206,100.725
49207,100.725
49208,100.725
49209,100.725
49210,100.725
49211,100.725
49212,100.725
49213,100.725
49214,100.725
49215,100.725
49216,100.725
49217,100.725
49218,100.725
49219,100.725
49220,100.725
49221,100.725
49222,100.725
49223,100.725
49224,100.725
49225,100.725
49226,100.725
49227,100.725
49228,100.725
49229,100.725
49230,100.725
49231,100.725
49232,100.725
49233,100.725
49234,100.725
49235,100.725
49236,100.725
49237,100.725
49242,99.246
49242,99.246
49242,99.246
49242,99.246
49242,99.246
49243,99.246
49244,99.246
49245,99.246
49246,99.246
49247,99.246
49248,99.246
49249,99.246
49250,99.246
49251,99.246
49252,99.246
49253,99.246
49254,99.246
49255,99.246
49256,99.246
49257,99.246
49258,99.246
49259,99.246
49260,99.246
49261,99.246
49262,99.246
49263,99.246
49264,99.246
49265,99.246
49266,99.246
49267,99.246
49268,99.246
49269,99.246
49270,99.246
49271,99.246
49272,99.246
49273,99.246
49274,99.246
49275,99.246
49276,99.246
49277,99.246
49278,99.246
49279,99.246
49280,99.246
49281,99.246
49282,99.246
49283,99.246
49284,99.246
49285,99.246
49286,99.246
49287,99.246
49288,99.246
49289,99.246
49290,99.246
49291,99.246
49292,99.246
49293,99.246
49294,99.246
49295,99.246
49296,99.246
49297,99.246
49298,99.246
49299,99.246
49300,99.246
49301,99.246
49302,99.246
49303,99.246
49304,99.246
49305,99.246
49306,99.246
49307,99.246
49308,99.246
49309,99.246
49310,99.246
49311,99.246
49312,99.246
49313,99.246
49314,99.246
49315,99.246
49316,99.246
49317,99.246
49318,99.246
49319,99.246
49320,99.246
49321,99.246
49322,99.246
49323,99.246
49324,99.246
49325,99.246
49326,99.246
49327,99.246
49328,99.246
49329,99.246
49330,99.246
49331,99.246
49332,99.246
49333,99.246
49334,99.246
49335,99.246
49336,99.246
49337,99.246
49338,99.518
49339,99.518
49340,99.518
49341,99.518
49342,99.518
49343,99.518
49344,99.518
49345,99.518
49346,99.518
49347,99.518
49348,99.518
49349,99.518
49350,99.518
49351,99.518
49352,99.518
49353,99.518
49354,99.518
49355,99.518
49356,99.518
49357,99.518
49358,99.518
49359,99.518
49360,99.518
49361,99.518
49362,99.518
49363,99.518
49364,99.518
49365,99.518
49366,99.518
49367,99.518
49368,99.518
49369,99.518
49370,99.518
49371,99.518
49372,99.518
49373,99.518
49374,99.518
49375,99.518
49376,99.518
49377,99.518
49378,99.518
49379,99.518
49380,99.518
49381,99.518
49382,99.518
49383,99.518
49384,99.518
49385,99.518
49386,99.518
49387,99.518
49388,99.518
49389,99.518
49390,99.518
49391,99.518
49392,99.518
49393,99.518
49394,99.518
49395,99.518
49396,99.518
49397,99.518
49398,99.518
49399,99.518
49400,99.518
49401,99.518
49402,99.518
49403,99.518
49404,99.518
49405,99.518
49406,99.518
49407,99.518
49408,99.518
49409,99.518
49410,99.518
49411,99.518
49412,99.518
49413,99.518
49414,99.518
49415,99.518
49416,99.518
49417,99.518
49418,99.518
49419,99.518
49420,99.518
49421,99.518
49422,99.518
49423,99.518
49424,99.518
49425,99.518
49426,99.518
49427,99.518
49428,99.518
49429,99.518
49430,99.518
49431,99.518
49432,99.518
49433,99.518
49434,99.518
49435,99.518
49436,99.518
49437,99.518
49438,99.518
49439,99.518
49440,99.518
49441,99.518
49442,99.518
49443,99.518
49444,99.518
49445,99.518
49446,99.518
49447,99.518
49448,99.518
49449,99.518
49450,99.518
49451,99.518
49452,99.518
49453,99.518
49454,99.518
49455,99.518
49456,99.518
49457,99.518
49458,99.518
49459,99.518
49460,99.518
49461,99.518
49462,99.518
49463,99.518
49464,99.518
49465,99.518
49466,99.518
49467,99.518
49468,99.518
49469,99.518
49470,99.518
49471,99.518
49472,99.518
49473,99.518
49474,99.518
49475,99.518
49476,99.518
49477,99.518
49478,99.518
49479,99.518
49480,99.518
49481,99.518
49482,99.518
49483,99.518
49484,99.518
49485,99.518
49486,99.518
49487,99.518
49488,99.518
49489,99.518
49490,99.518
49491,99.518
49492,99.518
49493,99.518
49494,99.518
49495,99.518
49496,99.518
49497,99.518
49498,99.518
49499,99.518
49500,99.518
49501,99.518
49502,99.518
49503,99.518
49504,99.518
49505,99.518
49506,99.518
49507,99.518
49508,99.518
49509,99.518
49510,99.518
49511,99.518
49512,99.518
49513,99.518
49514,99.518
49515,99.518
49516,99.518
49517,99.518
49518,99.518
49519,99.518
49520,99.518
49521,99.518
49522,99.518
49523,99.518
49524,99.518
49525,99.518
49526,99.518
49527,99.518
49528,99.518
49529,99.518
49530,99.518
49531,99.518
49532,99.518
49533,99.518
49534,99.518
49535,99.518
49536,99.518
49537,99.518
49538,99.845
49539,99.845
49540,99.845
49541,99.845
49542,99.845
49543,99.845
49544,99.845
49545,99.845
49546,99.845
49547,99.845
49548,99.845
49549,99.845
49550,99.845
49551,99.845
49552,99.845
49553,99.845
49554,99.845
49555,99.845
49556,99.845
49557,99.845
49558,99.845
49559,99.845
49560,99.845
49561,99.845
49562,99.845
49563,99.845
49564,99.845
49565,99.845
49566,99.845
49567,99.845
49568,99.845
49569,99.845
49570,99.845
49571,99.845
49572,99.845
49573,99.845
49574,99.845
49575,99.845
49576,99.845
49577,99.845
49578,99.845
49579,99.845
49580,99.845
49581,99.845
49582,99.845
49583,99.845
49584,99.845
49585,99.845
49586,99.845
49587,99.845
49588,99.845
49589,99.845
49590,99.845
49591,99.845
49592,99.845
49593,99.845
49594,99.845
49595,99.845
49596,99.845
49597,99.845
49598,99.845
49599,99.845
49600,99.845
49601,99.845
49602,99.845
49603,99.845
49604,99.845
49605,99.845
49606,99.845
49607,99.845
49608,99.845
49609,99.845
49610,99.845
49611,99.845
49612,99.845
49613,99.845
49614,99.845
49615,99.845
49616,99.845
49617,99.845
49618,99.845
49619,99.845
49620,99.845
49621,99.845
49622,99.845
49623,99.845
49624,99.845
49625,99.845
49626,99.845
49627,99.845
49628,99.845
49629,99.845
49630,99.845
49631,99.845
49632,99.845
49633,99.845
49634,99.845
49635,99.845
49636,99.845
49637,99.845
49638,99.845
49639,99.246
49640,99.246
49641,99.246
49642,99.246
49643,99.246
49644,99.246
49645,99.246
49646,99.246
49647,99.246
49648,99.246
49649,99.246
49650,99.246
49651,99.246
49652,99.246
49653,99.246
49654,99.246
49655,99.246
49656,99.246
49657,99.246
49658,99.246
49659,99.246
49660,99.246
49661,99.246
49662,99.246
49663,99.246
49664,99.246
49665,99.246
49666,99.246
49667,99.246
49668,99.246
49669,99.246
49670,99.246
49671,99.246
49672,99.246
49673,99.246
49674,99.246
49675,99.246
49676,99.246
49677,99.246
49678,99.246
49679,99.246
49680,99.246
49681,99.246
49682,99.246
49683,99.246
49684,99.246
49685,99.246
49686,99.246
49687,99.246
49688,99.246
49689,99.246
49690,99.246
49691,99.246
49692,99.246
49693,99.246
49694,99.246
49695,99.246
49696,99.246
49697,99.246
49698,99.246
49699,99.246
49700,99.246
49701,99.246
49702,99.246
49703,99.246
49704,99.246
49705,99.246
49706,99.246
49707,99.246
49708,99.246
49709,99.246
49710,99.246
49711,99.246
49712,99.246
49713,99.246
49714,99.246
49715,99.246
49716,99.246
49717,99.246
49718,99.246
49719,99.246
49720,99.246
49721,99.246
49722,99.246
49723,99.246
49724,99.246
49725,99.246
49726,99.246
49727,99.246
49728,99.246
49729,99.246
49730,99.246
49731,99.246
49732,99.246
49733,99.246
49734,99.246
49735,99.246
49736,99.246
49737,99.246
49738,99.246
49739,99.845
49740,99.845
49741,99.845
49742,99.845
49743,99.845
49744,99.845
49745,99.845
49746,99.845
49747,99.845
49748,99.845
49749,99.845
49750,99.845
49751,99.845
49752,99.845
49753,99.845
49754,99.845
49755,99.845
49756,99.845
49757,99.845
49758,99.845
49759,99.845
49760,99.845
49761,99.845
49762,99.845
49763,99.845
49764,99.845
49765,99.845
49766,99.845
49767,99.845
49768,99.845
49769,99.845
49770,99.845
49771,99.845
49772,99.845
49773,99.845
49774,99.845
49775,99.845
49776,99.845
49777,99.845
49778,99.845
49779,99.845
49780,99.845
49781,99.845
49782,99.845
49783,99.845
49784,99.845
49785,99.845
49786,99.845
49787,99.845
49788,99.845
49789,99.845
49790,99.845
49791,99.845
49792,99.845
49793,99.845
49794,99.845
49795,99.845
49796,99.845
49797,99.845
49798,99.845
49799,99.845
49800,99.845
49801,99.845
49802,99.845
49803,99.845
49804,99.845
49805,99.845
49806,99.845
49807,99.845
49808,99.845
49809,99.845
49810,99.845
49811,99.845
49812,99.845
49813,99.845
49814,99.845
49815,99.845
49816,99.845
49817,99.845
49818,99.845
49819,99.845
49820,99.845
49821,99.845
49822,99.845
49823,99.845
49824,99.845
49825,99.845
49826,99.845
49827,99.845
49828,99.845
49829,99.845
49830,99.845
49831,99.845
49832,99.845
49833,99.845
49834,99.845
49835,99.845
49836,99.845
49837,99.845
49838,99.845
49839,99.743
49840,99.743
49841,99.743
49842,99.743
49843,99.743
49844,99.743
49845,99.743
49846,99.743
49847,99.743
49848,99.743
49849,99.743
49850,99.743
49851,99.743
49852,99.743
49853,99.743
49854,99.743
49855,99.743
49856,99.743
49857,99.743
49858,99.743
49859,99.743
49860,99.743
49861,99.743
49862,99.743
49863,99.743
49864,99.743
49865,99.743
49866,99.743
49867,99.743
49868,99.743
49869,99.743
49870,99.743
49871,99.743
49872,99.743
49873,99.743
49874,99.743
49875,99.743
49876,99.743
49877,99.743
49878,99.743
49879,99.743
49880,99.743
49881,99.743
49882,99.743
49883,99.743
49884,99.743
49885,99.743
49886,99.743
49887,99.743
49888,99.743
49889,99.743
49890,99.743
49891,99.743
49892,99.743
49893,99.743
49894,99.743
49895,99.743
49896,99.743
49897,99.743
49898,99.743
49899,99.743
49900,99.743
49901,99.743
49902,99.743
49903,99.743
49904,99.743
49905,99.743
49906,99.743
49907,99.743
49908,99.743
49909,99.743
49910,99.743
49911,99.743
49912,99.743
49913,99.743
49914,99.743
49915,99.743
49916,99.743
49917,99.743
49918,99.743
49919,99.743
49920,99.743
49921,99.743
49922,99.743
49923,99.743
49924,99.743
49925,99.743
49926,99.743
49927,99.743
49928,99.743
49929,99.743
49930,99.743
49931,99.743
49932,99.743
49933,99.743
49934,99.743
49935,99.743
49936,99.743
49937,99.743
49938,99.743
49939,101.492
49940,101.492
49941,101.492
49942,101.492
49943,101.492
49944,101.492
49945,101.492
49946,101.492
49947,101.492
49948,101.492
49949,101.492
49950,101.492
49951,101.492
49952,101.492
49953,101.492
49954,101.492
49955,101.492
49956,101.492
49957,101.492
49958,101.492
49959,101.492
49960,101.492
49961,101.492
49962,101.492
49963,101.492
49964,101.492
49965,101.492
49966,101.492
49967,101.492
49968,101.492
49969,101.492
49970,101.492
49971,101.492
49972,101.492
49973,101.492
49974,101.492
49975,101.492
49976,101.492
49977,101.492
49978,101.492
49979,101.492
49980,101.492
49981,101.492
49982,101.492
49983,101.492
49984,101.492
49985,101.492
49986,101.492
49987,101.492
49988,101.492
49989,101.492
49990,101.492
49991,101.492
49992,101.492
49993,101.492
49994,101.492
49995,101.492
49996,101.492
49997,101.492
49998,101.492
