14998,105.925
14999,105.925
15000,105.925
15001,105.925
15002,105.925
15003,105.925
15004,105.925
15005,105.925
15006,105.925
15007,105.925
15008,105.925
15009,105.925
15010,105.925
15011,105.925
15012,105.925
15013,105.925
15014,105.925
15015,105.925
15016,105.925
15017,105.925
15018,105.925
15019,105.925
15020,105.925
15021,105.925
15022,105.925
15023,105.925
15024,105.925
15025,105.925
15026,105.925
15027,105.925
15028,105.925
15029,105.925
15030,105.925
15031,105.925
15032,105.925
15033,105.925
15034,105.925
15035,105.925
15036,105.925
15037,105.925
15038,105.925
15039,105.925
15040,105.925
15041,105.925
15042,105.925
15043,105.925
15044,105.925
15045,105.925
15046,105.925
15047,105.925
15048,105.925
15049,105.925
15050,105.925
15051,105.925
15052,105.925
15053,105.925
15054,105.925
15055,105.925
15056,105.925
15057,105.925
15058,105.925
15059,105.925
15060,105.925
15061,105.925
15062,105.925
15063,105.925
15064,105.925
15065,105.925
15066,105.925
15067,105.925
15068,105.925
15069,105.925
15070,105.925
15071,105.925
15072,105.925
15073,105.925
15074,105.925
15075,105.925
15076,105.925
15077,105.925
15078,105.925
15079,105.925
15080,105.925
15081,105.925
15082,105.925
15083,105.925
15084,105.925
15085,105.925
15086,105.925
15087,105.925
15088,105.925
15089,105.925
15090,105.925
15091,105.925
15092,105.925
15093,105.925
15094,105.925
15095,105.925
15096,105.925
15097,105.925
15098,105.925
15099,105.925
15100,105.925
15101,105.925
15102,105.925
15103,105.925
15104,105.925
15105,105.925
15106,105.925
15107,105.925
15108,105.925
15109,105.925
15110,105.925
15111,105.925
15112,105.925
15113,105.925
15114,105.925
15115,105.925
15116,105.925
15117,105.925
15118,105.925
15119,105.925
15120,105.925
15121,105.925
15122,105.925
15123,105.925
15124,105.925
15125,105.925
15126,105.925
15127,105.925
15128,105.925
15129,105.925
15130,105.925
15131,105.925
15132,105.925
15133,105.925
15134,105.107
15135,105.107
15136,105.107
15137,105.107
15138,105.107
15139,105.107
15140,105.107
15141,105.107
15142,105.107
15143,105.107
15144,105.107
15145,105.107
15146,105.107
15147,105.107
15148,105.107
15149,105.107
15150,105.107
15151,105.107
15152,105.107
15153,105.107
15154,105.107
15155,105.107
15156,105.107
15157,105.107
15158,105.107
15159,105.107
15160,105.107
15161,105.107
15162,105.107
15163,105.107
15164,105.107
15165,105.107
15166,105.107
15167,105.107
15168,105.107
15169,105.107
15170,105.107
15171,105.107
15172,105.107
15173,105.107
15174,105.107
15175,105.107
15176,105.107
15177,105.107
15178,105.107
15179,105.107
15180,105.107
15181,105.107
15182,105.107
15183,105.107
15184,105.107
15185,105.107
15186,105.107
15187,105.107
15188,105.107
15189,105.107
15190,105.107
15191,105.107
15192,105.107
15193,105.107
15194,105.107
15195,105.107
15196,105.107
15197,105.107
15198,105.107
15199,105.107
15200,105.107
15201,105.107
15202,105.107
15203,105.107
15204,105.107
15205,105.107
15206,105.107
15207,105.107
15208,105.107
15209,105.107
15210,105.107
15211,105.107
15212,105.107
15213,105.107
15214,105.107
15215,105.107
15216,105.107
15217,105.107
15218,105.107
15219,105.107
15220,105.107
15221,105.107
15222,105.107
15223,105.107
15224,105.107
15225,105.107
15226,105.107
15227,105.107
15228,105.107
15229,105.107
15230,105.107
15231,105.107
15232,105.107
15233,105.107
15234,106.034
15235,106.034
15236,106.034
15237,106.034
15238,106.034
15239,106.034
15240,106.034
15241,106.034
15242,106.034
15243,106.034
15244,106.034
15245,106.034
15246,106.034
15247,106.034
15248,106.034
15249,106.034
15250,106.034
15251,106.034
15252,106.034
15253,106.034
15254,106.034
15255,106.034
15256,106.034
15257,106.034
15258,106.034
15259,106.034
15260,106.034
15261,106.034
15262,106.034
15263,106.034
15264,106.034
15265,106.034
15266,106.034
15267,106.034
15268,106.034
15269,106.034
15270,106.034
15271,106.034
15272,106.034
15273,106.034
15274,106.034
15275,106.034
15276,106.034
15277,106.034
15278,106.034
15279,106.034
15280,106.034
15281,106.034
15282,106.034
15283,106.034
15284,106.034
15285,106.034
15286,106.034
15287,106.034
15288,106.034
15289,106.034
15290,106.034
15291,106.034
15292,106.034
15293,106.034
15294,106.034
15295,106.034
15296,106.034
15297,106.034
15298,106.034
15299,106.034
15300,106.034
15301,106.034
15302,106.034
15303,106.034
15304,106.034
15305,106.034
15306,106.034
15307,106.034
15308,106.034
15309,106.034
15310,106.034
15311,106.034
15312,106.034
15313,106.034
15314,106.034
15315,106.034
15316,106.034
15317,106.034
15318,106.034
15319,106.034
15320,106.034
15321,106.034
15322,106.034
15323,106.034
15324,106.034
15325,106.034
15326,106.034
15327,106.034
15328,106.034
15329,106.034
15330,106.034
15331,106.034
15332,106.034
15333,106.034
15334,105.434
15335,105.434
15336,105.434
15337,105.434
15338,105.434
15339,105.434
15340,105.434
15341,105.434
15342,105.434
15343,105.434
15344,105.434
15345,105.434
15346,105.434
15347,105.434
15348,105.434
15349,105.434
15350,105.434
15351,105.434
15352,105.434
15353,105.434
15354,105.434
15355,105.434
15356,105.434
15357,105.434
15358,105.434
15359,105.434
15360,105.434
15361,105.434
15362,105.434
15363,105.434
15364,105.434
15365,105.434
15366,105.434
15367,105.434
15368,105.434
15369,105.434
15370,105.434
15371,105.434
15372,105.434
15373,105.434
15374,105.434
15375,105.434
15376,105.434
15377,105.434
15378,105.434
15379,105.434
15380,105.434
15381,105.434
15382,105.434
15383,105.434
15384,105.434
15385,105.434
15386,105.434
15387,105.434
15388,105.434
15389,105.434
15390,105.434
15391,105.434
15392,105.434
15393,105.434
15394,105.434
15395,105.434
15396,105.434
15397,105.434
15398,105.434
15399,105.434
15400,105.434
15401,105.434
15402,105.434
15403,105.434
15404,105.434
15405,105.434
15406,105.434
15407,105.434
15408,105.434
15409,105.434
15410,105.434
15411,105.434
15412,105.434
15413,105.434
15414,105.434
15415,105.434
15416,105.434
15417,105.434
15418,105.434
15419,105.434
15420,105.434
15421,105.434
15422,105.434
15423,105.434
15424,105.434
15425,105.434
15426,105.434
15427,105.434
15428,105.434
15429,105.434
15430,105.434
15431,105.434
15432,105.434
15433,105.434
15434,106.314
15435,106.314
15436,106.314
15437,106.314
15438,106.314
15439,106.314
15440,106.314
15441,106.314
15442,106.314
15443,106.314
15444,106.314
15445,106.314
15446,106.314
15447,106.314
15448,106.314
15449,106.314
15450,106.314
15451,106.314
15452,106.314
15453,106.314
15454,106.314
15455,106.314
15456,106.314
15457,106.314
15458,106.314
15459,106.314
15460,106.314
15461,106.314
15462,106.314
15463,106.314
15464,106.314
15465,106.314
15466,106.314
15467,106.314
15468,106.314
15469,106.314
15470,106.314
15471,106.314
15472,106.314
15473,106.314
15474,106.314
15475,106.314
15476,106.314
15477,106.314
15478,106.314
15479,106.314
15480,106.314
15481,106.314
15482,106.314
15483,106.314
15484,106.314
15485,106.314
15486,106.314
15487,106.314
15488,106.314
15489,106.314
15490,106.314
15491,106.314
15492,106.314
15493,106.314
15494,106.314
15495,106.314
15496,106.314
15497,106.314
15498,106.314
15499,106.314
15500,106.314
15501,106.314
15502,106.314
15503,106.314
15504,106.314
15505,106.314
15506,106.314
15507,106.314
15508,106.314
15509,106.314
15510,106.314
15511,106.314
15512,106.314
15513,106.314
15514,106.314
15515,106.314
15516,106.314
15517,106.314
15518,106.314
15519,106.314
15520,106.314
15521,106.314
15522,106.314
15523,106.314
15524,106.314
15525,106.314
15526,106.314
15527,106.314
15528,106.314
15529,106.314
15530,106.314
15531,106.314
15532,106.314
15533,106.314
15534,105.434
15535,105.434
15536,105.434
15537,105.434
15538,105.434
15539,105.434
15540,105.434
15541,105.434
15542,105.434
15543,105.434
15544,105.434
15545,105.434
15546,105.434
15547,105.434
15548,105.434
15549,105.434
15550,105.434
15551,105.434
15552,105.434
15553,105.434
15554,105.434
15555,105.434
15556,105.434
15557,105.434
15558,105.434
15559,105.434
15560,105.434
15561,105.434
15562,105.434
15563,105.434
15564,105.434
15565,105.434
15566,105.434
15567,105.434
15568,105.434
15569,105.434
15570,105.434
15571,105.434
15572,105.434
15573,105.434
15574,105.434
15575,105.434
15576,105.434
15577,105.434
15578,105.434
15579,105.434
15580,105.434
15581,105.434
15582,105.434
15583,105.434
15584,105.434
15585,105.434
15586,105.434
15587,105.434
15588,105.434
15589,105.434
15590,105.434
15591,105.434
15592,105.434
15593,105.434
15594,105.434
15595,105.434
15596,105.434
15597,105.434
15598,105.434
15599,105.434
15600,105.434
15601,105.434
15602,105.434
15603,105.434
15604,105.434
15605,105.434
15606,105.434
15607,105.434
15608,105.434
15609,105.434
15610,105.434
15611,105.434
15612,105.434
15613,105.434
15614,105.434
15615,105.434
15616,105.434
15617,105.434
15618,105.434
15619,105.434
15620,105.434
15621,105.434
15622,105.434
15623,105.434
15624,105.434
15625,105.434
15626,105.434
15627,105.434
15628,105.434
15629,105.434
15630,105.434
15631,105.434
15632,105.434
15633,105.434
15634,105.707
15635,105.707
15636,105.707
15637,105.707
15638,105.707
15639,105.707
15640,105.707
15641,105.707
15642,105.707
15643,105.707
15644,105.707
15645,105.707
15646,105.707
15647,105.707
15648,105.707
15649,105.707
15650,105.707
15651,105.707
15652,105.707
15653,105.707
15654,105.707
15655,105.707
15656,105.707
15657,105.707
15658,105.707
15659,105.707
15660,105.707
15661,105.707
15662,105.707
15663,105.707
15664,105.707
15665,105.707
15666,105.707
15667,105.707
15668,105.707
15669,105.707
15670,105.707
15671,105.707
15672,105.707
15673,105.707
15674,105.707
15675,105.707
15676,105.707
15677,105.707
15678,105.707
15679,105.707
15680,105.707
15681,105.707
15682,105.707
15683,105.707
15684,105.707
15685,105.707
15686,105.707
15687,105.707
15688,105.707
15689,105.707
15690,105.707
15691,105.707
15692,105.707
15693,105.707
15694,105.707
15695,105.707
15696,105.707
15697,105.707
15698,105.707
15699,105.707
15700,105.707
15701,105.707
15702,105.707
15703,105.707
15704,105.707
15705,105.707
15706,105.707
15707,105.707
15708,105.707
15709,105.707
15710,105.707
15711,105.707
15712,105.707
15713,105.707
15714,105.707
15715,105.707
15716,105.707
15717,105.707
15718,105.707
15719,105.707
15720,105.707
15721,105.707
15722,105.707
15723,105.707
15724,105.707
15725,105.707
15726,105.707
15727,105.707
15728,105.707
15729,105.707
15730,105.707
15731,105.707
15732,105.707
15733,105.707
15734,105.707
15735,105.707
15736,105.707
15737,105.707
15738,105.707
15739,105.707
15740,105.707
15741,105.707
15742,105.707
15743,105.707
15744,105.707
15745,105.707
15746,105.707
15747,105.707
15748,105.707
15749,105.707
15750,105.707
15751,105.707
15752,105.707
15753,105.707
15754,105.707
15755,105.707
15756,105.707
15757,105.707
15758,105.707
15759,105.707
15760,105.707
15761,105.707
15762,105.707
15763,105.707
15764,105.707
15765,105.707
15766,105.707
15767,105.707
15768,105.707
15769,105.707
15770,105.707
15771,105.707
15772,105.707
15773,105.707
15774,105.707
15775,105.707
15776,105.707
15777,105.707
15778,105.707
15779,105.707
15780,105.707
15781,105.707
15782,105.707
15783,105.707
15784,105.707
15785,105.707
15786,105.707
15787,105.707
15788,105.707
15789,105.707
15790,105.707
15791,105.707
15792,105.707
15793,105.707
15794,105.707
15795,105.707
15796,105.707
15797,105.707
15798,105.707
15799,105.707
15800,105.707
15801,105.707
15802,105.707
15803,105.707
15804,105.707
15805,105.707
15806,105.707
15807,105.707
15808,105.707
15809,105.707
15810,105.707
15811,105.707
15812,105.707
15813,105.707
15814,105.707
15815,105.707
15816,105.707
15817,105.707
15818,105.707
15819,105.707
15820,105.707
15821,105.707
15822,105.707
15823,105.707
15824,105.707
15825,105.707
15826,105.707
15827,105.707
15828,105.707
15829,105.707
15830,105.707
15831,105.707
15832,105.707
15833,105.707
15834,105.107
15835,105.107
15836,105.107
15837,105.107
15838,105.107
15839,105.107
15840,105.107
15841,105.107
15842,105.107
15843,105.107
15844,105.107
15845,105.107
15846,105.107
15847,105.107
15848,105.107
15849,105.107
15850,105.107
15851,105.107
15852,105.107
15853,105.107
15854,105.107
15855,105.107
15856,105.107
15857,105.107
15858,105.107
15859,105.107
15860,105.107
15861,105.107
15862,105.107
15863,105.107
15864,105.107
15865,105.107
15866,105.107
15867,105.107
15868,105.107
15869,105.107
15870,105.107
15871,105.107
15872,105.107
15873,105.107
15874,105.107
15875,105.107
15876,105.107
15877,105.107
15878,105.107
15879,105.107
15880,105.107
15881,105.107
15882,105.107
15883,105.107
15884,105.107
15885,105.107
15886,105.107
15887,105.107
15888,105.107
15889,105.107
15890,105.107
15891,105.107
15892,105.107
15893,105.107
15894,105.107
15895,105.107
15896,105.107
15897,105.107
15898,105.107
15899,105.107
15900,105.107
15901,105.107
15902,105.107
15903,105.107
15904,105.107
15905,105.107
15906,105.107
15907,105.107
15908,105.107
15909,105.107
15910,105.107
15911,105.107
15912,105.107
15913,105.107
15914,105.107
15915,105.107
15916,105.107
15917,105.107
15918,105.107
15919,105.107
15920,105.107
15921,105.107
15922,105.107
15923,105.107
15924,105.107
15925,105.107
15926,105.107
15927,105.107
15928,105.107
15929,105.107
15930,105.107
15931,105.107
15932,105.107
15933,105.107
15934,106.034
15935,106.034
15936,106.034
15937,106.034
15938,106.034
15939,106.034
15940,106.034
15941,106.034
15942,106.034
15943,106.034
15944,106.034
15945,106.034
15946,106.034
15947,106.034
15948,106.034
15949,106.034
15950,106.034
15951,106.034
15952,106.034
15953,106.034
15954,106.034
15955,106.034
15956,106.034
15957,106.034
15958,106.034
15959,106.034
15960,106.034
15961,106.034
15962,106.034
15963,106.034
15964,106.034
15965,106.034
15966,106.034
15967,106.034
15968,106.034
15969,106.034
15970,106.034
15971,106.034
15972,106.034
15973,106.034
15974,106.034
15975,106.034
15976,106.034
15977,106.034
15978,106.034
15979,106.034
15980,106.034
15981,106.034
15982,106.034
15983,106.034
15984,106.034
15985,106.034
15986,106.034
15987,106.034
15988,106.034
15989,106.034
15990,106.034
15991,106.034
15992,106.034
15993,106.034
15994,106.034
15995,106.034
15996,106.034
15997,106.034
15998,106.034
15999,106.034
16000,106.034
16001,106.034
16002,106.034
16003,106.034
16004,106.034
16005,106.034
16006,106.034
16007,106.034
16008,106.034
16009,106.034
16010,106.034
16011,106.034
16012,106.034
16013,106.034
16014,106.034
16015,106.034
16016,106.034
16017,106.034
16018,106.034
16019,106.034
16020,106.034
16021,106.034
16022,106.034
16023,106.034
16024,106.034
16025,106.034
16026,106.034
16027,106.034
16028,106.034
16029,106.034
16030,106.034
16031,106.034
16032,106.034
16033,106.034
16034,105.434
16035,105.434
16036,105.434
16037,105.434
16038,105.434
16039,105.434
16040,105.434
16041,105.434
16042,105.434
16043,105.434
16044,105.434
16045,105.434
16046,105.434
16047,105.434
16048,105.434
16049,105.434
16050,105.434
16051,105.434
16052,105.434
16053,105.434
16054,105.434
16055,105.434
16056,105.434
16057,105.434
16058,105.434
16059,105.434
16060,105.434
16061,105.434
16062,105.434
16063,105.434
16064,105.434
16065,105.434
16066,105.434
16067,105.434
16068,105.434
16069,105.434
16070,105.434
16071,105.434
16072,105.434
16073,105.434
16074,105.434
16075,105.434
16076,105.434
16077,105.434
16078,105.434
16079,105.434
16080,105.434
16081,105.434
16082,105.434
16083,105.434
16084,105.434
16085,105.434
16086,105.434
16087,105.434
16088,105.434
16089,105.434
16090,105.434
16091,105.434
16092,105.434
16093,105.434
16094,105.434
16095,105.434
16096,105.434
16097,105.434
16098,105.434
16099,105.434
16100,105.434
16101,105.434
16102,105.434
16103,105.434
16104,105.434
16105,105.434
16106,105.434
16107,105.434
16108,105.434
16109,105.434
16110,105.434
16111,105.434
16112,105.434
16113,105.434
16114,105.434
16115,105.434
16116,105.434
16117,105.434
16118,105.434
16119,105.434
16120,105.434
16121,105.434
16122,105.434
16123,105.434
16124,105.434
16125,105.434
16126,105.434
16127,105.434
16128,105.434
16129,105.434
16130,105.434
16131,105.434
16132,105.434
16133,105.434
16134,105.925
16135,105.925
16136,105.925
16137,105.925
16138,105.925
16139,105.925
16140,105.925
16141,105.925
16142,105.925
16143,105.925
16144,105.925
16145,105.925
16146,105.925
16147,105.925
16148,105.925
16149,105.925
16150,105.925
16151,105.925
16152,105.925
16153,105.925
16154,105.925
16155,105.925
16156,105.925
16157,105.925
16158,105.925
16159,105.925
16160,105.925
16161,105.925
16162,105.925
16163,105.925
16164,105.925
16165,105.925
16166,105.925
16167,105.925
16168,105.925
16169,105.925
16170,105.925
16171,105.925
16172,105.925
16173,105.925
16174,105.925
16175,105.925
16176,105.925
16177,105.925
16178,105.925
16179,105.925
16180,105.925
16181,105.925
16182,105.925
16183,105.925
16184,105.925
16185,105.925
16186,105.925
16187,105.925
16188,105.925
16189,105.925
16190,105.925
16191,105.925
16192,105.925
16193,105.925
16194,105.925
16195,105.925
16196,105.925
16197,105.925
16198,105.925
16199,105.925
16200,105.925
16201,105.925
16202,105.925
16203,105.925
16204,105.925
16205,105.925
16206,105.925
16207,105.925
16208,105.925
16209,105.925
16210,105.925
16211,105.925
16212,105.925
16213,105.925
16214,105.925
16215,105.925
16216,105.925
16217,105.925
16218,105.925
16219,105.925
16220,105.925
16221,105.925
16222,105.925
16223,105.925
16224,105.925
16225,105.925
16226,105.925
16227,105.925
16228,105.925
16229,105.925
16230,105.925
16231,105.925
16232,105.925
16233,105.925
16234,104.999
16235,104.999
16236,104.999
16237,104.999
16238,104.999
16239,104.999
16240,104.999
16241,104.999
16242,104.999
16243,104.999
16244,104.999
16245,104.999
16246,104.999
16247,104.999
16248,104.999
16249,104.999
16250,104.999
16251,104.999
16252,104.999
16253,104.999
16254,104.999
16255,104.999
16256,104.999
16257,104.999
16258,104.999
16259,104.999
16260,104.999
16261,104.999
16262,104.999
16263,104.999
16264,104.999
16265,104.999
16266,104.999
16267,104.999
16268,104.999
16269,104.999
16270,104.999
16271,104.999
16272,104.999
16273,104.999
16274,104.999
16275,104.999
16276,104.999
16277,104.999
16278,104.999
16279,104.999
16280,104.999
16281,104.999
16282,104.999
16283,104.999
16284,104.999
16285,104.999
16286,104.999
16287,104.999
16288,104.999
16289,104.999
16290,104.999
16291,104.999
16292,104.999
16293,104.999
16294,104.999
16295,104.999
16296,104.999
16297,104.999
16298,104.999
16299,104.999
16300,104.999
16301,104.999
16302,104.999
16303,104.999
16304,104.999
16305,104.999
16306,104.999
16307,104.999
16308,104.999
16309,104.999
16310,104.999
16311,104.999
16312,104.999
16313,104.999
16314,104.999
16315,104.999
16316,104.999
16317,104.999
16318,104.999
16319,104.999
16320,104.999
16321,104.999
16322,104.999
16323,104.999
16324,104.999
16325,104.999
16326,104.999
16327,104.999
16328,104.999
16329,104.999
16330,104.999
16331,104.999
16332,104.999
16333,104.999
16334,105.925
16335,105.925
16336,105.925
16337,105.925
16338,105.925
16339,105.925
16340,105.925
16341,105.925
16342,105.925
16343,105.925
16344,105.925
16345,105.925
16346,105.925
16347,105.925
16348,105.925
16349,105.925
16350,105.925
16351,105.925
16352,105.925
16353,105.925
16354,105.925
16355,105.925
16356,105.925
16357,105.925
16358,105.925
16359,105.925
16360,105.925
16361,105.925
16362,105.925
16363,105.925
16364,105.925
16365,105.925
16366,105.925
16367,105.925
16368,105.925
16369,105.925
16370,105.925
16371,105.925
16372,105.925
16373,105.925
16374,105.925
16375,105.925
16376,105.925
16377,105.925
16378,105.925
16379,105.925
16380,105.925
16381,105.925
16382,105.925
16383,105.925
16384,105.925
16385,105.925
16386,105.925
16387,105.925
16388,105.925
16389,105.925
16390,105.925
16391,105.925
16392,105.925
16393,105.925
16394,105.925
16395,105.925
16396,105.925
16397,105.925
16398,105.925
16399,105.925
16400,105.925
16401,105.925
16402,105.925
16403,105.925
16404,105.925
16405,105.925
16406,105.925
16407,105.925
16408,105.925
16409,105.925
16410,105.925
16411,105.925
16412,105.925
16413,105.925
16414,105.925
16415,105.925
16416,105.925
16417,105.925
16418,105.925
16419,105.925
16420,105.925
16421,105.925
16422,105.925
16423,105.925
16424,105.925
16425,105.925
16426,105.925
16427,105.925
16428,105.925
16429,105.925
16430,105.925
16431,105.925
16432,105.925
16433,105.925
16434,105.326
16435,105.326
16436,105.326
16437,105.326
16438,105.326
16439,105.326
16440,105.326
16441,105.326
16442,105.326
16443,105.326
16444,105.326
16445,105.326
16446,105.326
16447,105.326
16448,105.326
16449,105.326
16450,105.326
16451,105.326
16452,105.326
16453,105.326
16454,105.326
16455,105.326
16456,105.326
16457,105.326
16458,105.326
16459,105.326
16460,105.326
16461,105.326
16462,105.326
16463,105.326
16464,105.326
16465,105.326
16466,105.326
16467,105.326
16468,105.326
16469,105.326
16470,105.326
16471,105.326
16472,105.326
16473,105.326
16474,105.326
16475,105.326
16476,105.326
16477,105.326
16478,105.326
16479,105.326
16480,105.326
16481,105.326
16482,105.326
16483,105.326
16484,105.326
16485,105.326
16486,105.326
16487,105.326
16488,105.326
16489,105.326
16490,105.326
16491,105.326
16492,105.326
16493,105.326
16494,105.326
16495,105.326
16496,105.326
16497,105.326
16498,105.326
16499,105.326
16500,105.326
16501,105.326
16502,105.326
16503,105.326
16504,105.326
16505,105.326
16506,105.326
16507,105.326
16508,105.326
16509,105.326
16510,105.326
16511,105.326
16512,105.326
16513,105.326
16514,105.326
16515,105.326
16516,105.326
16517,105.326
16518,105.326
16519,105.326
16520,105.326
16521,105.326
16522,105.326
16523,105.326
16524,105.326
16525,105.326
16526,105.326
16527,105.326
16528,105.326
16529,105.326
16530,105.326
16531,105.326
16532,105.326
16533,105.326
16534,105.326
16535,106.205
16536,106.205
16537,106.205
16538,106.205
16539,106.205
16540,106.205
16541,106.205
16542,106.205
16543,106.205
16544,106.205
16545,106.205
16546,106.205
16547,106.205
16548,106.205
16549,106.205
16550,106.205
16551,106.205
16552,106.205
16553,106.205
16554,106.205
16555,106.205
16556,106.205
16557,106.205
16558,106.205
16559,106.205
16560,106.205
16561,106.205
16562,106.205
16563,106.205
16564,106.205
16565,106.205
16566,106.205
16567,106.205
16568,106.205
16569,106.205
16570,106.205
16571,106.205
16572,106.205
16573,106.205
16574,106.205
16575,106.205
16576,106.205
16577,106.205
16578,106.205
16579,106.205
16580,106.205
16581,106.205
16582,106.205
16583,106.205
16584,106.205
16585,106.205
16586,106.205
16587,106.205
16588,106.205
16589,106.205
16590,106.205
16591,106.205
16592,106.205
16593,106.205
16594,106.205
16595,106.205
16596,106.205
16597,106.205
16598,106.205
16599,106.205
16600,106.205
16601,106.205
16602,106.205
16603,106.205
16604,106.205
16605,106.205
16606,106.205
16607,106.205
16608,106.205
16609,106.205
16610,106.205
16611,106.205
16612,106.205
16613,106.205
16614,106.205
16615,106.205
16616,106.205
16617,106.205
16618,106.205
16619,106.205
16620,106.205
16621,106.205
16622,106.205
16623,106.205
16624,106.205
16625,106.205
16626,106.205
16627,106.205
16628,106.205
16629,106.205
16630,106.205
16631,106.205
16632,106.205
16633,106.205
16634,106.205
16635,105.598
16636,105.598
16637,105.598
16638,105.598
16639,105.598
16640,105.598
16641,105.598
16642,105.598
16643,105.598
16644,105.598
16645,105.598
16646,105.598
16647,105.598
16648,105.598
16649,105.598
16650,105.598
16651,105.598
16652,105.598
16653,105.598
16654,105.598
16655,105.598
16656,105.598
16657,105.598
16658,105.598
16659,105.598
16660,105.598
16661,105.598
16662,105.598
16663,105.598
16664,105.598
16665,105.598
16666,105.598
16667,105.598
16668,105.598
16669,105.598
16670,105.598
16671,105.598
16672,105.598
16673,105.598
16674,105.598
16675,105.598
16676,105.598
16677,105.598
16678,105.598
16679,105.598
16680,105.598
16681,105.598
16682,105.598
16683,105.598
16684,105.598
16685,105.598
16686,105.598
16687,105.598
16688,105.598
16689,105.598
16690,105.598
16691,105.598
16692,105.598
16693,105.598
16694,105.598
16695,105.598
16696,105.598
16697,105.598
16698,105.598
16699,105.598
16700,105.598
16701,105.598
16702,105.598
16703,105.598
16704,105.598
16705,105.598
16706,105.598
16707,105.598
16708,105.598
16709,105.598
16710,105.598
16711,105.598
16712,105.598
16713,105.598
16714,105.598
16715,105.598
16716,105.598
16717,105.598
16718,105.598
16719,105.598
16720,105.598
16721,105.598
16722,105.598
16723,105.598
16724,105.598
16725,105.598
16726,105.598
16727,105.598
16728,105.598
16729,105.598
16730,105.598
16731,105.598
16732,105.598
16733,105.598
16734,105.598
16735,105.598
16736,105.925
16737,105.925
16738,105.925
16739,105.925
16740,105.925
16741,105.925
16742,105.925
16743,105.925
16744,105.925
16745,105.925
16746,105.925
16747,105.925
16748,105.925
16749,105.925
16750,105.925
16751,105.925
16752,105.925
16753,105.925
16754,105.925
16755,105.925
16756,105.925
16757,105.925
16758,105.925
16759,105.925
16760,105.925
16761,105.925
16762,105.925
16763,105.925
16764,105.925
16765,105.925
16766,105.925
16767,105.925
16768,105.925
16769,105.925
16770,105.925
16771,105.925
16772,105.925
16773,105.925
16774,105.925
16775,105.925
16776,105.925
16777,105.925
16778,105.925
16779,105.925
16780,105.925
16781,105.925
16782,105.925
16783,105.925
16784,105.925
16785,105.925
16786,105.925
16787,105.925
16788,105.925
16789,105.925
16790,105.925
16791,105.925
16792,105.925
16793,105.925
16794,105.925
16795,105.925
16796,105.925
16797,105.925
16798,105.925
16799,105.925
16800,105.925
16801,105.925
16802,105.925
16803,105.925
16804,105.925
16805,105.925
16806,105.925
16807,105.925
16808,105.925
16809,105.925
16810,105.925
16811,105.925
16812,105.925
16813,105.925
16814,105.925
16815,105.925
16816,105.925
16817,105.925
16818,105.925
16819,105.925
16820,105.925
16821,105.925
16822,105.925
16823,105.925
16824,105.925
16825,105.925
16826,105.925
16827,105.925
16828,105.925
16829,105.925
16830,105.925
16831,105.925
16832,105.925
16833,105.925
16834,106.477
16835,106.477
16836,106.477
16837,106.477
16838,106.477
16839,106.477
16840,106.477
16841,106.477
16842,106.477
16843,106.477
16844,106.477
16845,106.477
16846,106.477
16847,106.477
16848,106.477
16849,106.477
16850,106.477
16851,106.477
16852,106.477
16853,106.477
16854,106.477
16855,106.477
16856,106.477
16857,106.477
16858,106.477
16859,106.477
16860,106.477
16861,106.477
16862,106.477
16863,106.477
16864,106.477
16865,106.477
16866,106.477
16867,106.477
16868,106.477
16869,106.477
16870,106.477
16871,106.477
16872,106.477
16873,106.477
16874,106.477
16875,106.477
16876,106.477
16877,106.477
16878,106.477
16879,106.477
16880,106.477
16881,106.477
16882,106.477
16883,106.477
16884,106.477
16885,106.477
16886,106.477
16887,106.477
16888,106.477
16889,106.477
16890,106.477
16891,106.477
16892,106.477
16893,106.477
16894,106.477
16895,106.477
16896,106.477
16897,106.477
16898,106.477
16899,106.477
16900,106.477
16901,106.477
16902,106.477
16903,106.477
16904,106.477
16905,106.477
16906,106.477
16907,106.477
16908,106.477
16909,106.477
16910,106.477
16911,106.477
16912,106.477
16913,106.477
16914,106.477
16915,106.477
16916,106.477
16917,106.477
16918,106.477
16919,106.477
16920,106.477
16921,106.477
16922,106.477
16923,106.477
16924,106.477
16925,106.477
16926,106.477
16927,106.477
16928,106.477
16929,106.477
16930,106.477
16931,106.477
16932,106.477
16933,106.477
16934,105.326
16935,105.326
16936,105.326
16937,105.326
16938,105.326
16939,105.326
16940,105.326
16941,105.326
16942,105.326
16943,105.326
16944,105.326
16945,105.326
16946,105.326
16947,105.326
16948,105.326
16949,105.326
16950,105.326
16951,105.326
16952,105.326
16953,105.326
16954,105.326
16955,105.326
16956,105.326
16957,105.326
16958,105.326
16959,105.326
16960,105.326
16961,105.326
16962,105.326
16963,105.326
16964,105.326
16965,105.326
16966,105.326
16967,105.326
16968,105.326
16969,105.326
16970,105.326
16971,105.326
16972,105.326
16973,105.326
16974,105.326
16975,105.326
16976,105.326
16977,105.326
16978,105.326
16979,105.326
16980,105.326
16981,105.326
16982,105.326
16983,105.326
16984,105.326
16985,105.326
16986,105.326
16987,105.326
16988,105.326
16989,105.326
16990,105.326
16991,105.326
16992,105.326
16993,105.326
16994,105.326
16995,105.326
16996,105.326
16997,105.326
16998,105.326
16999,105.326
17000,105.326
17001,105.326
17002,105.326
17003,105.326
17004,105.326
17005,105.326
17006,105.326
17007,105.326
17008,105.326
17009,105.326
17010,105.326
17011,105.326
17012,105.326
17013,105.326
17014,105.326
17015,105.326
17016,105.326
17017,105.326
17018,105.326
17019,105.326
17020,105.326
17021,105.326
17022,105.326
17023,105.326
17024,105.326
17025,105.326
17026,105.326
17027,105.326
17028,105.326
17029,105.326
17030,105.326
17031,105.326
17032,105.326
17033,105.326
17034,105.925
17035,105.925
17036,105.925
17037,105.925
17038,105.925
17039,105.925
17040,105.925
17041,105.925
17042,105.925
17043,105.925
17044,105.925
17045,105.925
17046,105.925
17047,105.925
17048,105.925
17049,105.925
17050,105.925
17051,105.925
17052,105.925
17053,105.925
17054,105.925
17055,105.925
17056,105.925
17057,105.925
17058,105.925
17059,105.925
17060,105.925
17061,105.925
17062,105.925
17063,105.925
17064,105.925
17065,105.925
17066,105.925
17067,105.925
17068,105.925
17069,105.925
17070,105.925
17071,105.925
17072,105.925
17073,105.925
17074,105.925
17075,105.925
17076,105.925
17077,105.925
17078,105.925
17079,105.925
17080,105.925
17081,105.925
17082,105.925
17083,105.925
17084,105.925
17085,105.925
17086,105.925
17087,105.925
17088,105.925
17089,105.925
17090,105.925
17091,105.925
17092,105.925
17093,105.925
17094,105.925
17095,105.925
17096,105.925
17097,105.925
17098,105.925
17099,105.925
17100,105.925
17101,105.925
17102,105.925
17103,105.925
17104,105.925
17105,105.925
17106,105.925
17107,105.925
17108,105.925
17109,105.925
17110,105.925
17111,105.925
17112,105.925
17113,105.925
17114,105.925
17115,105.925
17116,105.925
17117,105.925
17118,105.925
17119,105.925
17120,105.925
17121,105.925
17122,105.925
17123,105.925
17124,105.925
17125,105.925
17126,105.925
17127,105.925
17128,105.925
17129,105.925
17130,105.925
17131,105.925
17132,105.925
17133,105.925
17134,105.707
17135,105.707
17136,105.707
17137,105.707
17138,105.707
17139,105.707
17140,105.707
17141,105.707
17142,105.707
17143,105.707
17144,105.707
17145,105.707
17146,105.707
17147,105.707
17148,105.707
17149,105.707
17150,105.707
17151,105.707
17152,105.707
17153,105.707
17154,105.707
17155,105.707
17156,105.707
17157,105.707
17158,105.707
17159,105.707
17160,105.707
17161,105.707
17162,105.707
17163,105.707
17164,105.707
17165,105.707
17166,105.707
17167,105.707
17168,105.707
17169,105.707
17170,105.707
17171,105.707
17172,105.707
17173,105.707
17174,105.707
17175,105.707
17176,105.707
17177,105.707
17178,105.707
17179,105.707
17180,105.707
17181,105.707
17182,105.707
17183,105.707
17184,105.707
17185,105.707
17186,105.707
17187,105.707
17188,105.707
17189,105.707
17190,105.707
17191,105.707
17192,105.707
17193,105.707
17194,105.707
17195,105.707
17196,105.707
17197,105.707
17198,105.707
17199,105.707
17200,105.707
17201,105.707
17202,105.707
17203,105.707
17204,105.707
17205,105.707
17206,105.707
17207,105.707
17208,105.707
17209,105.707
17210,105.707
17211,105.707
17212,105.707
17213,105.707
17214,105.707
17215,105.707
17216,105.707
17217,105.707
17218,105.707
17219,105.707
17220,105.707
17221,105.707
17222,105.707
17223,105.707
17224,105.707
17225,105.707
17226,105.707
17227,105.707
17228,105.707
17229,105.707
17230,105.707
17231,105.707
17232,105.707
17233,105.707
17234,106.314
17235,106.314
17236,106.314
17237,106.314
17238,106.314
17239,106.314
17240,106.314
17241,106.314
17242,106.314
17243,106.314
17244,106.314
17245,106.314
17246,106.314
17247,106.314
17248,106.314
17249,106.314
17250,106.314
17251,106.314
17252,106.314
17253,106.314
17254,106.314
17255,106.314
17256,106.314
17257,106.314
17258,106.314
17259,106.314
17260,106.314
17261,106.314
17262,106.314
17263,106.314
17264,106.314
17265,106.314
17266,106.314
17267,106.314
17268,106.314
17269,106.314
17270,106.314
17271,106.314
17272,106.314
17273,106.314
17274,106.314
17275,106.314
17276,106.314
17277,106.314
17278,106.314
17279,106.314
17280,106.314
17281,106.314
17282,106.314
17283,106.314
17284,106.314
17285,106.314
17286,106.314
17287,106.314
17288,106.314
17289,106.314
17290,106.314
17291,106.314
17292,106.314
17293,106.314
17294,106.314
17295,106.314
17296,106.314
17297,106.314
17298,106.314
17299,106.314
17300,106.314
17301,106.314
17302,106.314
17303,106.314
17304,106.314
17305,106.314
17306,106.314
17307,106.314
17308,106.314
17309,106.314
17310,106.314
17311,106.314
17312,106.314
17313,106.314
17314,106.314
17315,106.314
17316,106.314
17317,106.314
17318,106.314
17319,106.314
17320,106.314
17321,106.314
17322,106.314
17323,106.314
17324,106.314
17325,106.314
17326,106.314
17327,106.314
17328,106.314
17329,106.314
17330,106.314
17331,106.314
17332,106.314
17333,106.314
17334,105.107
17335,105.107
17336,105.107
17337,105.107
17338,105.107
17339,105.107
17340,105.107
17341,105.107
17342,105.107
17343,105.107
17344,105.107
17345,105.107
17346,105.107
17347,105.107
17348,105.107
17349,105.107
17350,105.107
17351,105.107
17352,105.107
17353,105.107
17354,105.107
17355,105.107
17356,105.107
17357,105.107
17358,105.107
17359,105.107
17360,105.107
17361,105.107
17362,105.107
17363,105.107
17364,105.107
17365,105.107
17366,105.107
17367,105.107
17368,105.107
17369,105.107
17370,105.107
17371,105.107
17372,105.107
17373,105.107
17374,105.107
17375,105.107
17376,105.107
17377,105.107
17378,105.107
17379,105.107
17380,105.107
17381,105.107
17382,105.107
17383,105.107
17384,105.107
17385,105.107
17386,105.107
17387,105.107
17388,105.107
17389,105.107
17390,105.107
17391,105.107
17392,105.107
17393,105.107
17394,105.107
17395,105.107
17396,105.107
17397,105.107
17398,105.107
17399,105.107
17400,105.107
17401,105.107
17402,105.107
17403,105.107
17404,105.107
17405,105.107
17406,105.107
17407,105.107
17408,105.107
17409,105.107
17410,105.107
17411,105.107
17412,105.107
17413,105.107
17414,105.107
17415,105.107
17416,105.107
17417,105.107
17418,105.107
17419,105.107
17420,105.107
17421,105.107
17422,105.107
17423,105.107
17424,105.107
17425,105.107
17426,105.107
17427,105.107
17428,105.107
17429,105.107
17430,105.107
17431,105.107
17432,105.107
17433,105.107
17434,106.034
17435,106.034
17436,106.034
17437,106.034
17438,106.034
17439,106.034
17440,106.034
17441,106.034
17442,106.034
17443,106.034
17444,106.034
17445,106.034
17446,106.034
17447,106.034
17448,106.034
17449,106.034
17450,106.034
17451,106.034
17452,106.034
17453,106.034
17454,106.034
17455,106.034
17456,106.034
17457,106.034
17458,106.034
17459,106.034
17460,106.034
17461,106.034
17462,106.034
17463,106.034
17464,106.034
17465,106.034
17466,106.034
17467,106.034
17468,106.034
17469,106.034
17470,106.034
17471,106.034
17472,106.034
17473,106.034
17474,106.034
17475,106.034
17476,106.034
17477,106.034
17478,106.034
17479,106.034
17480,106.034
17481,106.034
17482,106.034
17483,106.034
17484,106.034
17485,106.034
17486,106.034
17487,106.034
17488,106.034
17489,106.034
17490,106.034
17491,106.034
17492,106.034
17493,106.034
17494,106.034
17495,106.034
17496,106.034
17497,106.034
17498,106.034
17499,106.034
17500,106.034
17501,106.034
17502,106.034
17503,106.034
17504,106.034
17505,106.034
17506,106.034
17507,106.034
17508,106.034
17509,106.034
17510,106.034
17511,106.034
17512,106.034
17513,106.034
17514,106.034
17515,106.034
17516,106.034
17517,106.034
17518,106.034
17519,106.034
17520,106.034
17521,106.034
17522,106.034
17523,106.034
17524,106.034
17525,106.034
17526,106.034
17527,106.034
17528,106.034
17529,106.034
17530,106.034
17531,106.034
17532,106.034
17533,106.034
17534,105.707
17535,105.707
17536,105.707
17537,105.707
17538,105.707
17539,105.707
17540,105.707
17541,105.707
17542,105.707
17543,105.707
17544,105.707
17545,105.707
17546,105.707
17547,105.707
17548,105.707
17549,105.707
17550,105.707
17551,105.707
17552,105.707
17553,105.707
17554,105.707
17555,105.707
17556,105.707
17557,105.707
17558,105.707
17559,105.707
17560,105.707
17561,105.707
17562,105.707
17563,105.707
17564,105.707
17565,105.707
17566,105.707
17567,105.707
17568,105.707
17569,105.707
17570,105.707
17571,105.707
17572,105.707
17573,105.707
17574,105.707
17575,105.707
17576,105.707
17577,105.707
17578,105.707
17579,105.707
17580,105.707
17581,105.707
17582,105.707
17583,105.707
17584,105.707
17585,105.707
17586,105.707
17587,105.707
17588,105.707
17589,105.707
17590,105.707
17591,105.707
17592,105.707
17593,105.707
17594,105.707
17595,105.707
17596,105.707
17597,105.707
17598,105.707
17599,105.707
17600,105.707
17601,105.707
17602,105.707
17603,105.707
17604,105.707
17605,105.707
17606,105.707
17607,105.707
17608,105.707
17609,105.707
17610,105.707
17611,105.707
17612,105.707
17613,105.707
17614,105.707
17615,105.707
17616,105.707
17617,105.707
17618,105.707
17619,105.707
17620,105.707
17621,105.707
17622,105.707
17623,105.707
17624,105.707
17625,105.707
17626,105.707
17627,105.707
17628,105.707
17629,105.707
17630,105.707
17631,105.707
17632,105.707
17633,105.707
17634,106.205
17635,106.205
17636,106.205
17637,106.205
17638,106.205
17639,106.205
17640,106.205
17641,106.205
17642,106.205
17643,106.205
17644,106.205
17645,106.205
17646,106.205
17647,106.205
17648,106.205
17649,106.205
17650,106.205
17651,106.205
17652,106.205
17653,106.205
17654,106.205
17655,106.205
17656,106.205
17657,106.205
17658,106.205
17659,106.205
17660,106.205
17661,106.205
17662,106.205
17663,106.205
17664,106.205
17665,106.205
17666,106.205
17667,106.205
17668,106.205
17669,106.205
17670,106.205
17671,106.205
17672,106.205
17673,106.205
17674,106.205
17675,106.205
17676,106.205
17677,106.205
17678,106.205
17679,106.205
17680,106.205
17681,106.205
17682,106.205
17683,106.205
17684,106.205
17685,106.205
17686,106.205
17687,106.205
17688,106.205
17689,106.205
17690,106.205
17691,106.205
17692,106.205
17693,106.205
17694,106.205
17695,106.205
17696,106.205
17697,106.205
17698,106.205
17699,106.205
17700,106.205
17701,106.205
17702,106.205
17703,106.205
17704,106.205
17705,106.205
17706,106.205
17707,106.205
17708,106.205
17709,106.205
17710,106.205
17711,106.205
17712,106.205
17713,106.205
17714,106.205
17715,106.205
17716,106.205
17717,106.205
17718,106.205
17719,106.205
17720,106.205
17721,106.205
17722,106.205
17723,106.205
17724,106.205
17725,106.205
17726,106.205
17727,106.205
17728,106.205
17729,106.205
17730,106.205
17731,106.205
17732,106.205
17733,106.205
17734,106.205
17735,105.598
17736,105.598
17737,105.598
17738,105.598
17739,105.598
17740,105.598
17741,105.598
17742,105.598
17743,105.598
17744,105.598
17745,105.598
17746,105.598
17747,105.598
17748,105.598
17749,105.598
17750,105.598
17751,105.598
17752,105.598
17753,105.598
17754,105.598
17755,105.598
17756,105.598
17757,105.598
17758,105.598
17759,105.598
17760,105.598
17761,105.598
17762,105.598
17763,105.598
17764,105.598
17765,105.598
17766,105.598
17767,105.598
17768,105.598
17769,105.598
17770,105.598
17771,105.598
17772,105.598
17773,105.598
17774,105.598
17775,105.598
17776,105.598
17777,105.598
17778,105.598
17779,105.598
17780,105.598
17781,105.598
17782,105.598
17783,105.598
17784,105.598
17785,105.598
17786,105.598
17787,105.598
17788,105.598
17789,105.598
17790,105.598
17791,105.598
17792,105.598
17793,105.598
17794,105.598
17795,105.598
17796,105.598
17797,105.598
17798,105.598
17799,105.598
17800,105.598
17801,105.598
17802,105.598
17803,105.598
17804,105.598
17805,105.598
17806,105.598
17807,105.598
17808,105.598
17809,105.598
17810,105.598
17811,105.598
17812,105.598
17813,105.598
17814,105.598
17815,105.598
17816,105.598
17817,105.598
17818,105.598
17819,105.598
17820,105.598
17821,105.598
17822,105.598
17823,105.598
17824,105.598
17825,105.598
17826,105.598
17827,105.598
17828,105.598
17829,105.598
17830,105.598
17831,105.598
17832,105.598
17833,105.598
17834,106.205
17835,106.205
17836,106.205
17837,106.205
17838,106.205
17839,106.205
17840,106.205
17841,106.205
17842,106.205
17843,106.205
17844,106.205
17845,106.205
17846,106.205
17847,106.205
17848,106.205
17849,106.205
17850,106.205
17851,106.205
17852,106.205
17853,106.205
17854,106.205
17855,106.205
17856,106.205
17857,106.205
17858,106.205
17859,106.205
17860,106.205
17861,106.205
17862,106.205
17863,106.205
17864,106.205
17865,106.205
17866,106.205
17867,106.205
17868,106.205
17869,106.205
17870,106.205
17871,106.205
17872,106.205
17873,106.205
17874,106.205
17875,106.205
17876,106.205
17877,106.205
17878,106.205
17879,106.205
17880,106.205
17881,106.205
17882,106.205
17883,106.205
17884,106.205
17885,106.205
17886,106.205
17887,106.205
17888,106.205
17889,106.205
17890,106.205
17891,106.205
17892,106.205
17893,106.205
17894,106.205
17895,106.205
17896,106.205
17897,106.205
17898,106.205
17899,106.205
17900,106.205
17901,106.205
17902,106.205
17903,106.205
17904,106.205
17905,106.205
17906,106.205
17907,106.205
17908,106.205
17909,106.205
17910,106.205
17911,106.205
17912,106.205
17913,106.205
17914,106.205
17915,106.205
17916,106.205
17917,106.205
17918,106.205
17919,106.205
17920,106.205
17921,106.205
17922,106.205
17923,106.205
17924,106.205
17925,106.205
17926,106.205
17927,106.205
17928,106.205
17929,106.205
17930,106.205
17931,106.205
17932,106.205
17933,106.205
17934,105.598
17935,105.598
17936,105.598
17937,105.598
17938,105.598
17939,105.598
17940,105.598
17941,105.598
17942,105.598
17943,105.598
17944,105.598
17945,105.598
17946,105.598
17947,105.598
17948,105.598
17949,105.598
17950,105.598
17951,105.598
17952,105.598
17953,105.598
17954,105.598
17955,105.598
17956,105.598
17957,105.598
17958,105.598
17959,105.598
17960,105.598
17961,105.598
17962,105.598
17963,105.598
17964,105.598
17965,105.598
17966,105.598
17967,105.598
17968,105.598
17969,105.598
17970,105.598
17971,105.598
17972,105.598
17973,105.598
17974,105.598
17975,105.598
17976,105.598
17977,105.598
17978,105.598
17979,105.598
17980,105.598
17981,105.598
17982,105.598
17983,105.598
17984,105.598
17985,105.598
17986,105.598
17987,105.598
17988,105.598
17989,105.598
17990,105.598
17991,105.598
17992,105.598
17993,105.598
17994,105.598
17995,105.598
17996,105.598
17997,105.598
17998,105.598
17999,105.598
18000,105.598
18001,105.598
18002,105.598
18003,105.598
18004,105.598
18005,105.598
18006,105.598
18007,105.598
18008,105.598
18009,105.598
18010,105.598
18011,105.598
18012,105.598
18013,105.598
18014,105.598
18015,105.598
18016,105.598
18017,105.598
18018,105.598
18019,105.598
18020,105.598
18021,105.598
18022,105.598
18023,105.598
18024,105.598
18025,105.598
18026,105.598
18027,105.598
18028,105.598
18029,105.598
18030,105.598
18031,105.598
18032,105.598
18033,105.598
18034,105.598
18035,105.598
18036,105.598
18037,105.598
18038,105.598
18039,105.598
18040,105.598
18041,105.598
18042,105.598
18043,105.598
18044,105.598
18045,105.598
18046,105.598
18047,105.598
18048,105.598
18049,105.598
18050,105.598
18051,105.598
18052,105.598
18053,105.598
18054,105.598
18055,105.598
18056,105.598
18057,105.598
18058,105.598
18059,105.598
18060,105.598
18061,105.598
18062,105.598
18063,105.598
18064,105.598
18065,105.598
18066,105.598
18067,105.598
18068,105.598
18069,105.598
18070,105.598
18071,105.598
18072,105.598
18073,105.598
18074,105.598
18075,105.598
18076,105.598
18077,105.598
18078,105.598
18079,105.598
18080,105.598
18081,105.598
18082,105.598
18083,105.598
18084,105.598
18085,105.598
18086,105.598
18087,105.598
18088,105.598
18089,105.598
18090,105.598
18091,105.598
18092,105.598
18093,105.598
18094,105.598
18095,105.598
18096,105.598
18097,105.598
18098,105.598
18099,105.598
18100,105.598
18101,105.598
18102,105.598
18103,105.598
18104,105.598
18105,105.598
18106,105.598
18107,105.598
18108,105.598
18109,105.598
18110,105.598
18111,105.598
18112,105.598
18113,105.598
18114,105.598
18115,105.598
18116,105.598
18117,105.598
18118,105.598
18119,105.598
18120,105.598
18121,105.598
18122,105.598
18123,105.598
18124,105.598
18125,105.598
18126,105.598
18127,105.598
18128,105.598
18129,105.598
18130,105.598
18131,105.598
18132,105.598
18133,105.598
18134,105.925
18135,105.925
18136,105.925
18137,105.925
18138,105.925
18139,105.925
18140,105.925
18141,105.925
18142,105.925
18143,105.925
18144,105.925
18145,105.925
18146,105.925
18147,105.925
18148,105.925
18149,105.925
18150,105.925
18151,105.925
18152,105.925
18153,105.925
18154,105.925
18155,105.925
18156,105.925
18157,105.925
18158,105.925
18159,105.925
18160,105.925
18161,105.925
18162,105.925
18163,105.925
18164,105.925
18165,105.925
18166,105.925
18167,105.925
18168,105.925
18169,105.925
18170,105.925
18171,105.925
18172,105.925
18173,105.925
18174,105.925
18175,105.925
18176,105.925
18177,105.925
18178,105.925
18179,105.925
18180,105.925
18181,105.925
18182,105.925
18183,105.925
18184,105.925
18185,105.925
18186,105.925
18187,105.925
18188,105.925
18189,105.925
18190,105.925
18191,105.925
18192,105.925
18193,105.925
18194,105.925
18195,105.925
18196,105.925
18197,105.925
18198,105.925
18199,105.925
18200,105.925
18201,105.925
18202,105.925
18203,105.925
18204,105.925
18205,105.925
18206,105.925
18207,105.925
18208,105.925
18209,105.925
18210,105.925
18211,105.925
18212,105.925
18213,105.925
18214,105.925
18215,105.925
18216,105.925
18217,105.925
18218,105.925
18219,105.925
18220,105.925
18221,105.925
18222,105.925
18223,105.925
18224,105.925
18225,105.925
18226,105.925
18227,105.925
18228,105.925
18229,105.925
18230,105.925
18231,105.925
18232,105.925
18233,105.925
18234,105.598
18235,105.598
18236,105.598
18237,105.598
18238,105.598
18239,105.598
18240,105.598
18241,105.598
18242,105.598
18243,105.598
18244,105.598
18245,105.598
18246,105.598
18247,105.598
18248,105.598
18249,105.598
18250,105.598
18251,105.598
18252,105.598
18253,105.598
18254,105.598
18255,105.598
18256,105.598
18257,105.598
18258,105.598
18259,105.598
18260,105.598
18261,105.598
18262,105.598
18263,105.598
18264,105.598
18265,105.598
18266,105.598
18267,105.598
18268,105.598
18269,105.598
18270,105.598
18271,105.598
18272,105.598
18273,105.598
18274,105.598
18275,105.598
18276,105.598
18277,105.598
18278,105.598
18279,105.598
18280,105.598
18281,105.598
18282,105.598
18283,105.598
18284,105.598
18285,105.598
18286,105.598
18287,105.598
18288,105.598
18289,105.598
18290,105.598
18291,105.598
18292,105.598
18293,105.598
18294,105.598
18295,105.598
18296,105.598
18297,105.598
18298,105.598
18299,105.598
18300,105.598
18301,105.598
18302,105.598
18303,105.598
18304,105.598
18305,105.598
18306,105.598
18307,105.598
18308,105.598
18309,105.598
18310,105.598
18311,105.598
18312,105.598
18313,105.598
18314,105.598
18315,105.598
18316,105.598
18317,105.598
18318,105.598
18319,105.598
18320,105.598
18321,105.598
18322,105.598
18323,105.598
18324,105.598
18325,105.598
18326,105.598
18327,105.598
18328,105.598
18329,105.598
18330,105.598
18331,105.598
18332,105.598
18333,105.598
18334,106.477
18335,106.477
18336,106.477
18337,106.477
18338,106.477
18339,106.477
18340,106.477
18341,106.477
18342,106.477
18343,106.477
18344,106.477
18345,106.477
18346,106.477
18347,106.477
18348,106.477
18349,106.477
18350,106.477
18351,106.477
18352,106.477
18353,106.477
18354,106.477
18355,106.477
18356,106.477
18357,106.477
18358,106.477
18359,106.477
18360,106.477
18361,106.477
18362,106.477
18363,106.477
18364,106.477
18365,106.477
18366,106.477
18367,106.477
18368,106.477
18369,106.477
18370,106.477
18371,106.477
18372,106.477
18373,106.477
18374,106.477
18375,106.477
18376,106.477
18377,106.477
18378,106.477
18379,106.477
18380,106.477
18381,106.477
18382,106.477
18383,106.477
18384,106.477
18385,106.477
18386,106.477
18387,106.477
18388,106.477
18389,106.477
18390,106.477
18391,106.477
18392,106.477
18393,106.477
18394,106.477
18395,106.477
18396,106.477
18397,106.477
18398,106.477
18399,106.477
18400,106.477
18401,106.477
18402,106.477
18403,106.477
18404,106.477
18405,106.477
18406,106.477
18407,106.477
18408,106.477
18409,106.477
18410,106.477
18411,106.477
18412,106.477
18413,106.477
18414,106.477
18415,106.477
18416,106.477
18417,106.477
18418,106.477
18419,106.477
18420,106.477
18421,106.477
18422,106.477
18423,106.477
18424,106.477
18425,106.477
18426,106.477
18427,106.477
18428,106.477
18429,106.477
18430,106.477
18431,106.477
18432,106.477
18433,106.477
18434,104.999
18435,104.999
18436,104.999
18437,104.999
18438,104.999
18439,104.999
18440,104.999
18441,104.999
18442,104.999
18443,104.999
18444,104.999
18445,104.999
18446,104.999
18447,104.999
18448,104.999
18449,104.999
18450,104.999
18451,104.999
18452,104.999
18453,104.999
18454,104.999
18455,104.999
18456,104.999
18457,104.999
18458,104.999
18459,104.999
18460,104.999
18461,104.999
18462,104.999
18463,104.999
18464,104.999
18465,104.999
18466,104.999
18467,104.999
18468,104.999
18469,104.999
18470,104.999
18471,104.999
18472,104.999
18473,104.999
18474,104.999
18475,104.999
18476,104.999
18477,104.999
18478,104.999
18479,104.999
18480,104.999
18481,104.999
18482,104.999
18483,104.999
18484,104.999
18485,104.999
18486,104.999
18487,104.999
18488,104.999
18489,104.999
18490,104.999
18491,104.999
18492,104.999
18493,104.999
18494,104.999
18495,104.999
18496,104.999
18497,104.999
18498,104.999
18499,104.999
18500,104.999
18501,104.999
18502,104.999
18503,104.999
18504,104.999
18505,104.999
18506,104.999
18507,104.999
18508,104.999
18509,104.999
18510,104.999
18511,104.999
18512,104.999
18513,104.999
18514,104.999
18515,104.999
18516,104.999
18517,104.999
18518,104.999
18519,104.999
18520,104.999
18521,104.999
18522,104.999
18523,104.999
18524,104.999
18525,104.999
18526,104.999
18527,104.999
18528,104.999
18529,104.999
18530,104.999
18531,104.999
18532,104.999
18533,104.999
18534,105.598
18535,105.598
18536,105.598
18537,105.598
18538,105.598
18539,105.598
18540,105.598
18541,105.598
18542,105.598
18543,105.598
18544,105.598
18545,105.598
18546,105.598
18547,105.598
18548,105.598
18549,105.598
18550,105.598
18551,105.598
18552,105.598
18553,105.598
18554,105.598
18555,105.598
18556,105.598
18557,105.598
18558,105.598
18559,105.598
18560,105.598
18561,105.598
18562,105.598
18563,105.598
18564,105.598
18565,105.598
18566,105.598
18567,105.598
18568,105.598
18569,105.598
18570,105.598
18571,105.598
18572,105.598
18573,105.598
18574,105.598
18575,105.598
18576,105.598
18577,105.598
18578,105.598
18579,105.598
18580,105.598
18581,105.598
18582,105.598
18583,105.598
18584,105.598
18585,105.598
18586,105.598
18587,105.598
18588,105.598
18589,105.598
18590,105.598
18591,105.598
18592,105.598
18593,105.598
18594,105.598
18595,105.598
18596,105.598
18597,105.598
18598,105.598
18599,105.598
18600,105.598
18601,105.598
18602,105.598
18603,105.598
18604,105.598
18605,105.598
18606,105.598
18607,105.598
18608,105.598
18609,105.598
18610,105.598
18611,105.598
18612,105.598
18613,105.598
18614,105.598
18615,105.598
18616,105.598
18617,105.598
18618,105.598
18619,105.598
18620,105.598
18621,105.598
18622,105.598
18623,105.598
18624,105.598
18625,105.598
18626,105.598
18627,105.598
18628,105.598
18629,105.598
18630,105.598
18631,105.598
18632,105.598
18633,105.598
18634,105.598
18635,105.598
18636,105.598
18637,105.598
18638,105.598
18639,105.598
18640,105.598
18641,105.598
18642,105.598
18643,105.598
18644,105.598
18645,105.598
18646,105.598
18647,105.598
18648,105.598
18649,105.598
18650,105.598
18651,105.598
18652,105.598
18653,105.598
18654,105.598
18655,105.598
18656,105.598
18657,105.598
18658,105.598
18659,105.598
18660,105.598
18661,105.598
18662,105.598
18663,105.598
18664,105.598
18665,105.598
18666,105.598
18667,105.598
18668,105.598
18669,105.598
18670,105.598
18671,105.598
18672,105.598
18673,105.598
18674,105.598
18675,105.598
18676,105.598
18677,105.598
18678,105.598
18679,105.598
18680,105.598
18681,105.598
18682,105.598
18683,105.598
18684,105.598
18685,105.598
18686,105.598
18687,105.598
18688,105.598
18689,105.598
18690,105.598
18691,105.598
18692,105.598
18693,105.598
18694,105.598
18695,105.598
18696,105.598
18697,105.598
18698,105.598
18699,105.598
18700,105.598
18701,105.598
18702,105.598
18703,105.598
18704,105.598
18705,105.598
18706,105.598
18707,105.598
18708,105.598
18709,105.598
18710,105.598
18711,105.598
18712,105.598
18713,105.598
18714,105.598
18715,105.598
18716,105.598
18717,105.598
18718,105.598
18719,105.598
18720,105.598
18721,105.598
18722,105.598
18723,105.598
18724,105.598
18725,105.598
18726,105.598
18727,105.598
18728,105.598
18729,105.598
18730,105.598
18731,105.598
18732,105.598
18733,105.598
18734,105.598
18735,106.586
18736,106.586
18737,106.586
18738,106.586
18739,106.586
18740,106.586
18741,106.586
18742,106.586
18743,106.586
18744,106.586
18745,106.586
18746,106.586
18747,106.586
18748,106.586
18749,106.586
18750,106.586
18751,106.586
18752,106.586
18753,106.586
18754,106.586
18755,106.586
18756,106.586
18757,106.586
18758,106.586
18759,106.586
18760,106.586
18761,106.586
18762,106.586
18763,106.586
18764,106.586
18765,106.586
18766,106.586
18767,106.586
18768,106.586
18769,106.586
18770,106.586
18771,106.586
18772,106.586
18773,106.586
18774,106.586
18775,106.586
18776,106.586
18777,106.586
18778,106.586
18779,106.586
18780,106.586
18781,106.586
18782,106.586
18783,106.586
18784,106.586
18785,106.586
18786,106.586
18787,106.586
18788,106.586
18789,106.586
18790,106.586
18791,106.586
18792,106.586
18793,106.586
18794,106.586
18795,106.586
18796,106.586
18797,106.586
18798,106.586
18799,106.586
18800,106.586
18801,106.586
18802,106.586
18803,106.586
18804,106.586
18805,106.586
18806,106.586
18807,106.586
18808,106.586
18809,106.586
18810,106.586
18811,106.586
18812,106.586
18813,106.586
18814,106.586
18815,106.586
18816,106.586
18817,106.586
18818,106.586
18819,106.586
18820,106.586
18821,106.586
18822,106.586
18823,106.586
18824,106.586
18825,106.586
18826,106.586
18827,106.586
18828,106.586
18829,106.586
18830,106.586
18831,106.586
18832,106.586
18833,106.586
18834,105.434
18835,105.434
18836,105.434
18837,105.434
18838,105.434
18839,105.434
18840,105.434
18841,105.434
18842,105.434
18843,105.434
18844,105.434
18845,105.434
18846,105.434
18847,105.434
18848,105.434
18849,105.434
18850,105.434
18851,105.434
18852,105.434
18853,105.434
18854,105.434
18855,105.434
18856,105.434
18857,105.434
18858,105.434
18859,105.434
18860,105.434
18861,105.434
18862,105.434
18863,105.434
18864,105.434
18865,105.434
18866,105.434
18867,105.434
18868,105.434
18869,105.434
18870,105.434
18871,105.434
18872,105.434
18873,105.434
18874,105.434
18875,105.434
18876,105.434
18877,105.434
18878,105.434
18879,105.434
18880,105.434
18881,105.434
18882,105.434
18883,105.434
18884,105.434
18885,105.434
18886,105.434
18887,105.434
18888,105.434
18889,105.434
18890,105.434
18891,105.434
18892,105.434
18893,105.434
18894,105.434
18895,105.434
18896,105.434
18897,105.434
18898,105.434
18899,105.434
18900,105.434
18901,105.434
18902,105.434
18903,105.434
18904,105.434
18905,105.434
18906,105.434
18907,105.434
18908,105.434
18909,105.434
18910,105.434
18911,105.434
18912,105.434
18913,105.434
18914,105.434
18915,105.434
18916,105.434
18917,105.434
18918,105.434
18919,105.434
18920,105.434
18921,105.434
18922,105.434
18923,105.434
18924,105.434
18925,105.434
18926,105.434
18927,105.434
18928,105.434
18929,105.434
18930,105.434
18931,105.434
18932,105.434
18933,105.434
18934,106.034
18935,106.034
18936,106.034
18937,106.034
18938,106.034
18939,106.034
18940,106.034
18941,106.034
18942,106.034
18943,106.034
18944,106.034
18945,106.034
18946,106.034
18947,106.034
18948,106.034
18949,106.034
18950,106.034
18951,106.034
18952,106.034
18953,106.034
18954,106.034
18955,106.034
18956,106.034
18957,106.034
18958,106.034
18959,106.034
18960,106.034
18961,106.034
18962,106.034
18963,106.034
18964,106.034
18965,106.034
18966,106.034
18967,106.034
18968,106.034
18969,106.034
18970,106.034
18971,106.034
18972,106.034
18973,106.034
18974,106.034
18975,106.034
18976,106.034
18977,106.034
18978,106.034
18979,106.034
18980,106.034
18981,106.034
18982,106.034
18983,106.034
18984,106.034
18985,106.034
18986,106.034
18987,106.034
18988,106.034
18989,106.034
18990,106.034
18991,106.034
18992,106.034
18993,106.034
18994,106.034
18995,106.034
18996,106.034
18997,106.034
18998,106.034
18999,106.034
19000,106.034
19001,106.034
19002,106.034
19003,106.034
19004,106.034
19005,106.034
19006,106.034
19007,106.034
19008,106.034
19009,106.034
19010,106.034
19011,106.034
19012,106.034
19013,106.034
19014,106.034
19015,106.034
19016,106.034
19017,106.034
19018,106.034
19019,106.034
19020,106.034
19021,106.034
19022,106.034
19023,106.034
19024,106.034
19025,106.034
19026,106.034
19027,106.034
19028,106.034
19029,106.034
19030,106.034
19031,106.034
19032,106.034
19033,106.034
19034,106.034
19035,106.314
19036,106.314
19037,106.314
19038,106.314
19039,106.314
19040,106.314
19041,106.314
19042,106.314
19043,106.314
19044,106.314
19045,106.314
19046,106.314
19047,106.314
19048,106.314
19049,106.314
19050,106.314
19051,106.314
19052,106.314
19053,106.314
19054,106.314
19055,106.314
19056,106.314
19057,106.314
19058,106.314
19059,106.314
19060,106.314
19061,106.314
19062,106.314
19063,106.314
19064,106.314
19065,106.314
19066,106.314
19067,106.314
19068,106.314
19069,106.314
19070,106.314
19071,106.314
19072,106.314
19073,106.314
19074,106.314
19075,106.314
19076,106.314
19077,106.314
19078,106.314
19079,106.314
19080,106.314
19081,106.314
19082,106.314
19083,106.314
19084,106.314
19085,106.314
19086,106.314
19087,106.314
19088,106.314
19089,106.314
19090,106.314
19091,106.314
19092,106.314
19093,106.314
19094,106.314
19095,106.314
19096,106.314
19097,106.314
19098,106.314
19099,106.314
19100,106.314
19101,106.314
19102,106.314
19103,106.314
19104,106.314
19105,106.314
19106,106.314
19107,106.314
19108,106.314
19109,106.314
19110,106.314
19111,106.314
19112,106.314
19113,106.314
19114,106.314
19115,106.314
19116,106.314
19117,106.314
19118,106.314
19119,106.314
19120,106.314
19121,106.314
19122,106.314
19123,106.314
19124,106.314
19125,106.314
19126,106.314
19127,106.314
19128,106.314
19129,106.314
19130,106.314
19131,106.314
19132,106.314
19133,106.314
19134,104.835
19135,104.835
19136,104.835
19137,104.835
19138,104.835
19139,104.835
19140,104.835
19141,104.835
19142,104.835
19143,104.835
19144,104.835
19145,104.835
19146,104.835
19147,104.835
19148,104.835
19149,104.835
19150,104.835
19151,104.835
19152,104.835
19153,104.835
19154,104.835
19155,104.835
19156,104.835
19157,104.835
19158,104.835
19159,104.835
19160,104.835
19161,104.835
19162,104.835
19163,104.835
19164,104.835
19165,104.835
19166,104.835
19167,104.835
19168,104.835
19169,104.835
19170,104.835
19171,104.835
19172,104.835
19173,104.835
19174,104.835
19175,104.835
19176,104.835
19177,104.835
19178,104.835
19179,104.835
19180,104.835
19181,104.835
19182,104.835
19183,104.835
19184,104.835
19185,104.835
19186,104.835
19187,104.835
19188,104.835
19189,104.835
19190,104.835
19191,104.835
19192,104.835
19193,104.835
19194,104.835
19195,104.835
19196,104.835
19197,104.835
19198,104.835
19199,104.835
19200,104.835
19201,104.835
19202,104.835
19203,104.835
19204,104.835
19205,104.835
19206,104.835
19207,104.835
19208,104.835
19209,104.835
19210,104.835
19211,104.835
19212,104.835
19213,104.835
19214,104.835
19215,104.835
19216,104.835
19217,104.835
19218,104.835
19219,104.835
19220,104.835
19221,104.835
19222,104.835
19223,104.835
19224,104.835
19225,104.835
19226,104.835
19227,104.835
19228,104.835
19229,104.835
19230,104.835
19231,104.835
19232,104.835
19233,104.835
19234,104.835
19235,106.314
19236,106.314
19237,106.314
19238,106.314
19239,106.314
19240,106.314
19241,106.314
19242,106.314
19243,106.314
19244,106.314
19245,106.314
19246,106.314
19247,106.314
19248,106.314
19249,106.314
19250,106.314
19251,106.314
19252,106.314
19253,106.314
19254,106.314
19255,106.314
19256,106.314
19257,106.314
19258,106.314
19259,106.314
19260,106.314
19261,106.314
19262,106.314
19263,106.314
19264,106.314
19265,106.314
19266,106.314
19267,106.314
19268,106.314
19269,106.314
19270,106.314
19271,106.314
19272,106.314
19273,106.314
19274,106.314
19275,106.314
19276,106.314
19277,106.314
19278,106.314
19279,106.314
19280,106.314
19281,106.314
19282,106.314
19283,106.314
19284,106.314
19285,106.314
19286,106.314
19287,106.314
19288,106.314
19289,106.314
19290,106.314
19291,106.314
19292,106.314
19293,106.314
19294,106.314
19295,106.314
19296,106.314
19297,106.314
19298,106.314
19299,106.314
19300,106.314
19301,106.314
19302,106.314
19303,106.314
19304,106.314
19305,106.314
19306,106.314
19307,106.314
19308,106.314
19309,106.314
19310,106.314
19311,106.314
19312,106.314
19313,106.314
19314,106.314
19315,106.314
19316,106.314
19317,106.314
19318,106.314
19319,106.314
19320,106.314
19321,106.314
19322,106.314
19323,106.314
19324,106.314
19325,106.314
19326,106.314
19327,106.314
19328,106.314
19329,106.314
19330,106.314
19331,106.314
19332,106.314
19333,106.314
19334,106.314
19335,106.034
19336,106.034
19337,106.034
19338,106.034
19339,106.034
19340,106.034
19341,106.034
19342,106.034
19343,106.034
19344,106.034
19345,106.034
19346,106.034
19347,106.034
19348,106.034
19349,106.034
19350,106.034
19351,106.034
19352,106.034
19353,106.034
19354,106.034
19355,106.034
19356,106.034
19357,106.034
19358,106.034
19359,106.034
19360,106.034
19361,106.034
19362,106.034
19363,106.034
19364,106.034
19365,106.034
19366,106.034
19367,106.034
19368,106.034
19369,106.034
19370,106.034
19371,106.034
19372,106.034
19373,106.034
19374,106.034
19375,106.034
19376,106.034
19377,106.034
19378,106.034
19379,106.034
19380,106.034
19381,106.034
19382,106.034
19383,106.034
19384,106.034
19385,106.034
19386,106.034
19387,106.034
19388,106.034
19389,106.034
19390,106.034
19391,106.034
19392,106.034
19393,106.034
19394,106.034
19395,106.034
19396,106.034
19397,106.034
19398,106.034
19399,106.034
19400,106.034
19401,106.034
19402,106.034
19403,106.034
19404,106.034
19405,106.034
19406,106.034
19407,106.034
19408,106.034
19409,106.034
19410,106.034
19411,106.034
19412,106.034
19413,106.034
19414,106.034
19415,106.034
19416,106.034
19417,106.034
19418,106.034
19419,106.034
19420,106.034
19421,106.034
19422,106.034
19423,106.034
19424,106.034
19425,106.034
19426,106.034
19427,106.034
19428,106.034
19429,106.034
19430,106.034
19431,106.034
19432,106.034
19433,106.034
19434,106.034
19435,105.925
19436,105.925
19437,105.925
19438,105.925
19439,105.925
19440,105.925
19441,105.925
19442,105.925
19443,105.925
19444,105.925
19445,105.925
19446,105.925
19447,105.925
19448,105.925
19449,105.925
19450,105.925
19451,105.925
19452,105.925
19453,105.925
19454,105.925
19455,105.925
19456,105.925
19457,105.925
19458,105.925
19459,105.925
19460,105.925
19461,105.925
19462,105.925
19463,105.925
19464,105.925
19465,105.925
19466,105.925
19467,105.925
19468,105.925
19469,105.925
19470,105.925
19471,105.925
19472,105.925
19473,105.925
19474,105.925
19475,105.925
19476,105.925
19477,105.925
19478,105.925
19479,105.925
19480,105.925
19481,105.925
19482,105.925
19483,105.925
19484,105.925
19485,105.925
19486,105.925
19487,105.925
19488,105.925
19489,105.925
19490,105.925
19491,105.925
19492,105.925
19493,105.925
19494,105.925
19495,105.925
19496,105.925
19497,105.925
19498,105.925
19499,105.925
19500,105.925
19501,105.925
19502,105.925
19503,105.925
19504,105.925
19505,105.925
19506,105.925
19507,105.925
19508,105.925
19509,105.925
19510,105.925
19511,105.925
19512,105.925
19513,105.925
19514,105.925
19515,105.925
19516,105.925
19517,105.925
19518,105.925
19519,105.925
19520,105.925
19521,105.925
19522,105.925
19523,105.925
19524,105.925
19525,105.925
19526,105.925
19527,105.925
19528,105.925
19529,105.925
19530,105.925
19531,105.925
19532,105.925
19533,105.925
19536,105.434
19536,105.434
19536,105.434
19537,105.434
19538,105.434
19539,105.434
19540,105.434
19541,105.434
19542,105.434
19543,105.434
19544,105.434
19545,105.434
19546,105.434
19547,105.434
19548,105.434
19549,105.434
19550,105.434
19551,105.434
19552,105.434
19553,105.434
19554,105.434
19555,105.434
19556,105.434
19557,105.434
19558,105.434
19559,105.434
19560,105.434
19561,105.434
19562,105.434
19563,105.434
19564,105.434
19565,105.434
19566,105.434
19567,105.434
19568,105.434
19569,105.434
19570,105.434
19571,105.434
19572,105.434
19573,105.434
19574,105.434
19575,105.434
19576,105.434
19577,105.434
19578,105.434
19579,105.434
19580,105.434
19581,105.434
19582,105.434
19583,105.434
19584,105.434
19585,105.434
19586,105.434
19587,105.434
19588,105.434
19589,105.434
19590,105.434
19591,105.434
19592,105.434
19593,105.434
19594,105.434
19595,105.434
19596,105.434
19597,105.434
19598,105.434
19599,105.434
19600,105.434
19601,105.434
19602,105.434
19603,105.434
19604,105.434
19605,105.434
19606,105.434
19607,105.434
19608,105.434
19609,105.434
19610,105.434
19611,105.434
19612,105.434
19613,105.434
19614,105.434
19615,105.434
19616,105.434
19617,105.434
19618,105.434
19619,105.434
19620,105.434
19621,105.434
19622,105.434
19623,105.434
19624,105.434
19625,105.434
19626,105.434
19627,105.434
19628,105.434
19629,105.434
19630,105.434
19631,105.434
19632,105.434
19633,105.434
19634,105.434
19635,105.925
19636,105.925
19637,105.925
19638,105.925
19639,105.925
19640,105.925
19641,105.925
19642,105.925
19643,105.925
19644,105.925
19645,105.925
19646,105.925
19647,105.925
19648,105.925
19649,105.925
19650,105.925
19651,105.925
19652,105.925
19653,105.925
19654,105.925
19655,105.925
19656,105.925
19657,105.925
19658,105.925
19659,105.925
19660,105.925
19661,105.925
19662,105.925
19663,105.925
19664,105.925
19665,105.925
19666,105.925
19667,105.925
19668,105.925
19669,105.925
19670,105.925
19671,105.925
19672,105.925
19673,105.925
19674,105.925
19675,105.925
19676,105.925
19677,105.925
19678,105.925
19679,105.925
19680,105.925
19681,105.925
19682,105.925
19683,105.925
19684,105.925
19685,105.925
19686,105.925
19687,105.925
19688,105.925
19689,105.925
19690,105.925
19691,105.925
19692,105.925
19693,105.925
19694,105.925
19695,105.925
19696,105.925
19697,105.925
19698,105.925
19699,105.925
19700,105.925
19701,105.925
19702,105.925
19703,105.925
19704,105.925
19705,105.925
19706,105.925
19707,105.925
19708,105.925
19709,105.925
19710,105.925
19711,105.925
19712,105.925
19713,105.925
19714,105.925
19715,105.925
19716,105.925
19717,105.925
19718,105.925
19719,105.925
19720,105.925
19721,105.925
19722,105.925
19723,105.925
19724,105.925
19725,105.925
19726,105.925
19727,105.925
19728,105.925
19729,105.925
19730,105.925
19731,105.925
19732,105.925
19733,105.925
19734,105.925
19735,105.925
19736,105.925
19737,105.925
19738,105.925
19739,105.925
19740,105.925
19741,105.925
19742,105.925
19743,105.925
19744,105.925
19745,105.925
19746,105.925
19747,105.925
19748,105.925
19749,105.925
19750,105.925
19751,105.925
19752,105.925
19753,105.925
19754,105.925
19755,105.925
19756,105.925
19757,105.925
19758,105.925
19759,105.925
19760,105.925
19761,105.925
19762,105.925
19763,105.925
19764,105.925
19765,105.925
19766,105.925
19767,105.925
19768,105.925
19769,105.925
19770,105.925
19771,105.925
19772,105.925
19773,105.925
19774,105.925
19775,105.925
19776,105.925
19777,105.925
19778,105.925
19779,105.925
19780,105.925
19781,105.925
19782,105.925
19783,105.925
19784,105.925
19785,105.925
19786,105.925
19787,105.925
19788,105.925
19789,105.925
19790,105.925
19791,105.925
19792,105.925
19793,105.925
19794,105.925
19795,105.925
19796,105.925
19797,105.925
19798,105.925
19799,105.925
19800,105.925
19801,105.925
19802,105.925
19803,105.925
19804,105.925
19805,105.925
19806,105.925
19807,105.925
19808,105.925
19809,105.925
19810,105.925
19811,105.925
19812,105.925
19813,105.925
19814,105.925
19815,105.925
19816,105.925
19817,105.925
19818,105.925
19819,105.925
19820,105.925
19821,105.925
19822,105.925
19823,105.925
19824,105.925
19825,105.925
19826,105.925
19827,105.925
19828,105.925
19829,105.925
19830,105.925
19831,105.925
19832,105.925
19833,105.925
19834,105.925
19835,106.477
19836,106.477
19837,106.477
19838,106.477
19839,106.477
19840,106.477
19841,106.477
19842,106.477
19843,106.477
19844,106.477
19845,106.477
19846,106.477
19847,106.477
19848,106.477
19849,106.477
19850,106.477
19851,106.477
19852,106.477
19853,106.477
19854,106.477
19855,106.477
19856,106.477
19857,106.477
19858,106.477
19859,106.477
19860,106.477
19861,106.477
19862,106.477
19863,106.477
19864,106.477
19865,106.477
19866,106.477
19867,106.477
19868,106.477
19869,106.477
19870,106.477
19871,106.477
19872,106.477
19873,106.477
19874,106.477
19875,106.477
19876,106.477
19877,106.477
19878,106.477
19879,106.477
19880,106.477
19881,106.477
19882,106.477
19883,106.477
19884,106.477
19885,106.477
19886,106.477
19887,106.477
19888,106.477
19889,106.477
19890,106.477
19891,106.477
19892,106.477
19893,106.477
19894,106.477
19895,106.477
19896,106.477
19897,106.477
19898,106.477
19899,106.477
19900,106.477
19901,106.477
19902,106.477
19903,106.477
19904,106.477
19905,106.477
19906,106.477
19907,106.477
19908,106.477
19909,106.477
19910,106.477
19911,106.477
19912,106.477
19913,106.477
19914,106.477
19915,106.477
19916,106.477
19917,106.477
19918,106.477
19919,106.477
19920,106.477
19921,106.477
19922,106.477
19923,106.477
19924,106.477
19925,106.477
19926,106.477
19927,106.477
19928,106.477
19929,106.477
19930,106.477
19931,106.477
19932,106.477
19933,106.477
19934,106.477
19935,105.925
19936,105.925
19937,105.925
19938,105.925
19939,105.925
19940,105.925
19941,105.925
19942,105.925
19943,105.925
19944,105.925
19945,105.925
19946,105.925
19947,105.925
19948,105.925
19949,105.925
19950,105.925
19951,105.925
19952,105.925
19953,105.925
19954,105.925
19955,105.925
19956,105.925
19957,105.925
19958,105.925
19959,105.925
19960,105.925
19961,105.925
19962,105.925
19963,105.925
19964,105.925
19965,105.925
19966,105.925
19967,105.925
19968,105.925
19969,105.925
19970,105.925
19971,105.925
19972,105.925
19973,105.925
19974,105.925
19975,105.925
19976,105.925
19977,105.925
19978,105.925
19979,105.925
19980,105.925
19981,105.925
19982,105.925
19983,105.925
19984,105.925
19985,105.925
19986,105.925
19987,105.925
19988,105.925
19989,105.925
19990,105.925
19991,105.925
19992,105.925
19993,105.925
19994,105.925
19995,105.925
19996,105.925
19997,105.925
19998,105.925
19999,105.925
20000,105.925
20001,105.925
20002,105.925
20003,105.925
20004,105.925
20005,105.925
20006,105.925
20007,105.925
20008,105.925
20009,105.925
20010,105.925
20011,105.925
20012,105.925
20013,105.925
20014,105.925
20015,105.925
20016,105.925
20017,105.925
20018,105.925
20019,105.925
20020,105.925
20021,105.925
20022,105.925
20023,105.925
20024,105.925
20025,105.925
20026,105.925
20027,105.925
20028,105.925
20029,105.925
20030,105.925
20031,105.925
20032,105.925
20033,105.925
20034,105.925
20035,105.598
20036,105.598
20037,105.598
20038,105.598
20039,105.598
20040,105.598
20041,105.598
20042,105.598
20043,105.598
20044,105.598
20045,105.598
20046,105.598
20047,105.598
20048,105.598
20049,105.598
20050,105.598
20051,105.598
20052,105.598
20053,105.598
20054,105.598
20055,105.598
20056,105.598
20057,105.598
20058,105.598
20059,105.598
20060,105.598
20061,105.598
20062,105.598
20063,105.598
20064,105.598
20065,105.598
20066,105.598
20067,105.598
20068,105.598
20069,105.598
20070,105.598
20071,105.598
20072,105.598
20073,105.598
20074,105.598
20075,105.598
20076,105.598
20077,105.598
20078,105.598
20079,105.598
20080,105.598
20081,105.598
20082,105.598
20083,105.598
20084,105.598
20085,105.598
20086,105.598
20087,105.598
20088,105.598
20089,105.598
20090,105.598
20091,105.598
20092,105.598
20093,105.598
20094,105.598
20095,105.598
20096,105.598
20097,105.598
20098,105.598
20099,105.598
20100,105.598
20101,105.598
20102,105.598
20103,105.598
20104,105.598
20105,105.598
20106,105.598
20107,105.598
20108,105.598
20109,105.598
20110,105.598
20111,105.598
20112,105.598
20113,105.598
20114,105.598
20115,105.598
20116,105.598
20117,105.598
20118,105.598
20119,105.598
20120,105.598
20121,105.598
20122,105.598
20123,105.598
20124,105.598
20125,105.598
20126,105.598
20127,105.598
20128,105.598
20129,105.598
20130,105.598
20131,105.598
20132,105.598
20133,105.598
20134,105.598
20135,106.205
20136,106.205
20137,106.205
20138,106.205
20139,106.205
20140,106.205
20141,106.205
20142,106.205
20143,106.205
20144,106.205
20145,106.205
20146,106.205
20147,106.205
20148,106.205
20149,106.205
20150,106.205
20151,106.205
20152,106.205
20153,106.205
20154,106.205
20155,106.205
20156,106.205
20157,106.205
20158,106.205
20159,106.205
20160,106.205
20161,106.205
20162,106.205
20163,106.205
20164,106.205
20165,106.205
20166,106.205
20167,106.205
20168,106.205
20169,106.205
20170,106.205
20171,106.205
20172,106.205
20173,106.205
20174,106.205
20175,106.205
20176,106.205
20177,106.205
20178,106.205
20179,106.205
20180,106.205
20181,106.205
20182,106.205
20183,106.205
20184,106.205
20185,106.205
20186,106.205
20187,106.205
20188,106.205
20189,106.205
20190,106.205
20191,106.205
20192,106.205
20193,106.205
20194,106.205
20195,106.205
20196,106.205
20197,106.205
20198,106.205
20199,106.205
20200,106.205
20201,106.205
20202,106.205
20203,106.205
20204,106.205
20205,106.205
20206,106.205
20207,106.205
20208,106.205
20209,106.205
20210,106.205
20211,106.205
20212,106.205
20213,106.205
20214,106.205
20215,106.205
20216,106.205
20217,106.205
20218,106.205
20219,106.205
20220,106.205
20221,106.205
20222,106.205
20223,106.205
20224,106.205
20225,106.205
20226,106.205
20227,106.205
20228,106.205
20229,106.205
20230,106.205
20231,106.205
20232,106.205
20233,106.205
20234,106.205
20235,105.326
20236,105.326
20237,105.326
20238,105.326
20239,105.326
20240,105.326
20241,105.326
20242,105.326
20243,105.326
20244,105.326
20245,105.326
20246,105.326
20247,105.326
20248,105.326
20249,105.326
20250,105.326
20251,105.326
20252,105.326
20253,105.326
20254,105.326
20255,105.326
20256,105.326
20257,105.326
20258,105.326
20259,105.326
20260,105.326
20261,105.326
20262,105.326
20263,105.326
20264,105.326
20265,105.326
20266,105.326
20267,105.326
20268,105.326
20269,105.326
20270,105.326
20271,105.326
20272,105.326
20273,105.326
20274,105.326
20275,105.326
20276,105.326
20277,105.326
20278,105.326
20279,105.326
20280,105.326
20281,105.326
20282,105.326
20283,105.326
20284,105.326
20285,105.326
20286,105.326
20287,105.326
20288,105.326
20289,105.326
20290,105.326
20291,105.326
20292,105.326
20293,105.326
20294,105.326
20295,105.326
20296,105.326
20297,105.326
20298,105.326
20299,105.326
20300,105.326
20301,105.326
20302,105.326
20303,105.326
20304,105.326
20305,105.326
20306,105.326
20307,105.326
20308,105.326
20309,105.326
20310,105.326
20311,105.326
20312,105.326
20313,105.326
20314,105.326
20315,105.326
20316,105.326
20317,105.326
20318,105.326
20319,105.326
20320,105.326
20321,105.326
20322,105.326
20323,105.326
20324,105.326
20325,105.326
20326,105.326
20327,105.326
20328,105.326
20329,105.326
20330,105.326
20331,105.326
20332,105.326
20333,105.326
20334,105.326
20335,105.925
20336,105.925
20337,105.925
20338,105.925
20339,105.925
20340,105.925
20341,105.925
20342,105.925
20343,105.925
20344,105.925
20345,105.925
20346,105.925
20347,105.925
20348,105.925
20349,105.925
20350,105.925
20351,105.925
20352,105.925
20353,105.925
20354,105.925
20355,105.925
20356,105.925
20357,105.925
20358,105.925
20359,105.925
20360,105.925
20361,105.925
20362,105.925
20363,105.925
20364,105.925
20365,105.925
20366,105.925
20367,105.925
20368,105.925
20369,105.925
20370,105.925
20371,105.925
20372,105.925
20373,105.925
20374,105.925
20375,105.925
20376,105.925
20377,105.925
20378,105.925
20379,105.925
20380,105.925
20381,105.925
20382,105.925
20383,105.925
20384,105.925
20385,105.925
20386,105.925
20387,105.925
20388,105.925
20389,105.925
20390,105.925
20391,105.925
20392,105.925
20393,105.925
20394,105.925
20395,105.925
20396,105.925
20397,105.925
20398,105.925
20399,105.925
20400,105.925
20401,105.925
20402,105.925
20403,105.925
20404,105.925
20405,105.925
20406,105.925
20407,105.925
20408,105.925
20409,105.925
20410,105.925
20411,105.925
20412,105.925
20413,105.925
20414,105.925
20415,105.925
20416,105.925
20417,105.925
20418,105.925
20419,105.925
20420,105.925
20421,105.925
20422,105.925
20423,105.925
20424,105.925
20425,105.925
20426,105.925
20427,105.925
20428,105.925
20429,105.925
20430,105.925
20431,105.925
20432,105.925
20433,105.925
20434,105.925
20435,105.925
20436,105.925
20437,105.925
20438,105.925
20439,105.925
20440,105.925
20441,105.925
20442,105.925
20443,105.925
20444,105.925
20445,105.925
20446,105.925
20447,105.925
20448,105.925
20449,105.925
20450,105.925
20451,105.925
20452,105.925
20453,105.925
20454,105.925
20455,105.925
20456,105.925
20457,105.925
20458,105.925
20459,105.925
20460,105.925
20461,105.925
20462,105.925
20463,105.925
20464,105.925
20465,105.925
20466,105.925
20467,105.925
20468,105.925
20469,105.925
20470,105.925
20471,105.925
20472,105.925
20473,105.925
20474,105.925
20475,105.925
20476,105.925
20477,105.925
20478,105.925
20479,105.925
20480,105.925
20481,105.925
20482,105.925
20483,105.925
20484,105.925
20485,105.925
20486,105.925
20487,105.925
20488,105.925
20489,105.925
20490,105.925
20491,105.925
20492,105.925
20493,105.925
20494,105.925
20495,105.925
20496,105.925
20497,105.925
20498,105.925
20499,105.925
20500,105.925
20501,105.925
20502,105.925
20503,105.925
20504,105.925
20505,105.925
20506,105.925
20507,105.925
20508,105.925
20509,105.925
20510,105.925
20511,105.925
20512,105.925
20513,105.925
20514,105.925
20515,105.925
20516,105.925
20517,105.925
20518,105.925
20519,105.925
20520,105.925
20521,105.925
20522,105.925
20523,105.925
20524,105.925
20525,105.925
20526,105.925
20527,105.925
20528,105.925
20529,105.925
20530,105.925
20531,105.925
20532,105.925
20533,105.925
20534,105.925
20535,105.925
20536,105.925
20537,105.925
20538,105.925
20539,105.925
20540,105.925
20541,105.925
20542,105.925
20543,105.925
20544,105.925
20545,105.925
20546,105.925
20547,105.925
20548,105.925
20549,105.925
20550,105.925
20551,105.925
20552,105.925
20553,105.925
20554,105.925
20555,105.925
20556,105.925
20557,105.925
20558,105.925
20559,105.925
20560,105.925
20561,105.925
20562,105.925
20563,105.925
20564,105.925
20565,105.925
20566,105.925
20567,105.925
20568,105.925
20569,105.925
20570,105.925
20571,105.925
20572,105.925
20573,105.925
20574,105.925
20575,105.925
20576,105.925
20577,105.925
20578,105.925
20579,105.925
20580,105.925
20581,105.925
20582,105.925
20583,105.925
20584,105.925
20585,105.925
20586,105.925
20587,105.925
20588,105.925
20589,105.925
20590,105.925
20591,105.925
20592,105.925
20593,105.925
20594,105.925
20595,105.925
20596,105.925
20597,105.925
20598,105.925
20599,105.925
20600,105.925
20601,105.925
20602,105.925
20603,105.925
20604,105.925
20605,105.925
20606,105.925
20607,105.925
20608,105.925
20609,105.925
20610,105.925
20611,105.925
20612,105.925
20613,105.925
20614,105.925
20615,105.925
20616,105.925
20617,105.925
20618,105.925
20619,105.925
20620,105.925
20621,105.925
20622,105.925
20623,105.925
20624,105.925
20625,105.925
20626,105.925
20627,105.925
20628,105.925
20629,105.925
20630,105.925
20631,105.925
20632,105.925
20633,105.925
20634,105.925
20635,104.835
20636,104.835
20637,104.835
20638,104.835
20639,104.835
20640,104.835
20641,104.835
20642,104.835
20643,104.835
20644,104.835
20645,104.835
20646,104.835
20647,104.835
20648,104.835
20649,104.835
20650,104.835
20651,104.835
20652,104.835
20653,104.835
20654,104.835
20655,104.835
20656,104.835
20657,104.835
20658,104.835
20659,104.835
20660,104.835
20661,104.835
20662,104.835
20663,104.835
20664,104.835
20665,104.835
20666,104.835
20667,104.835
20668,104.835
20669,104.835
20670,104.835
20671,104.835
20672,104.835
20673,104.835
20674,104.835
20675,104.835
20676,104.835
20677,104.835
20678,104.835
20679,104.835
20680,104.835
20681,104.835
20682,104.835
20683,104.835
20684,104.835
20685,104.835
20686,104.835
20687,104.835
20688,104.835
20689,104.835
20690,104.835
20691,104.835
20692,104.835
20693,104.835
20694,104.835
20695,104.835
20696,104.835
20697,104.835
20698,104.835
20699,104.835
20700,104.835
20701,104.835
20702,104.835
20703,104.835
20704,104.835
20705,104.835
20706,104.835
20707,104.835
20708,104.835
20709,104.835
20710,104.835
20711,104.835
20712,104.835
20713,104.835
20714,104.835
20715,104.835
20716,104.835
20717,104.835
20718,104.835
20719,104.835
20720,104.835
20721,104.835
20722,104.835
20723,104.835
20724,104.835
20725,104.835
20726,104.835
20727,104.835
20728,104.835
20729,104.835
20730,104.835
20731,104.835
20732,104.835
20733,104.835
20734,104.835
20735,105.707
20736,105.707
20737,105.707
20738,105.707
20739,105.707
20740,105.707
20741,105.707
20742,105.707
20743,105.707
20744,105.707
20745,105.707
20746,105.707
20747,105.707
20748,105.707
20749,105.707
20750,105.707
20751,105.707
20752,105.707
20753,105.707
20754,105.707
20755,105.707
20756,105.707
20757,105.707
20758,105.707
20759,105.707
20760,105.707
20761,105.707
20762,105.707
20763,105.707
20764,105.707
20765,105.707
20766,105.707
20767,105.707
20768,105.707
20769,105.707
20770,105.707
20771,105.707
20772,105.707
20773,105.707
20774,105.707
20775,105.707
20776,105.707
20777,105.707
20778,105.707
20779,105.707
20780,105.707
20781,105.707
20782,105.707
20783,105.707
20784,105.707
20785,105.707
20786,105.707
20787,105.707
20788,105.707
20789,105.707
20790,105.707
20791,105.707
20792,105.707
20793,105.707
20794,105.707
20795,105.707
20796,105.707
20797,105.707
20798,105.707
20799,105.707
20800,105.707
20801,105.707
20802,105.707
20803,105.707
20804,105.707
20805,105.707
20806,105.707
20807,105.707
20808,105.707
20809,105.707
20810,105.707
20811,105.707
20812,105.707
20813,105.707
20814,105.707
20815,105.707
20816,105.707
20817,105.707
20818,105.707
20819,105.707
20820,105.707
20821,105.707
20822,105.707
20823,105.707
20824,105.707
20825,105.707
20826,105.707
20827,105.707
20828,105.707
20829,105.707
20830,105.707
20831,105.707
20832,105.707
20833,105.707
20834,105.707
20835,106.034
20836,106.034
20837,106.034
20838,106.034
20839,106.034
20840,106.034
20841,106.034
20842,106.034
20843,106.034
20844,106.034
20845,106.034
20846,106.034
20847,106.034
20848,106.034
20849,106.034
20850,106.034
20851,106.034
20852,106.034
20853,106.034
20854,106.034
20855,106.034
20856,106.034
20857,106.034
20858,106.034
20859,106.034
20860,106.034
20861,106.034
20862,106.034
20863,106.034
20864,106.034
20865,106.034
20866,106.034
20867,106.034
20868,106.034
20869,106.034
20870,106.034
20871,106.034
20872,106.034
20873,106.034
20874,106.034
20875,106.034
20876,106.034
20877,106.034
20878,106.034
20879,106.034
20880,106.034
20881,106.034
20882,106.034
20883,106.034
20884,106.034
20885,106.034
20886,106.034
20887,106.034
20888,106.034
20889,106.034
20890,106.034
20891,106.034
20892,106.034
20893,106.034
20894,106.034
20895,106.034
20896,106.034
20897,106.034
20898,106.034
20899,106.034
20900,106.034
20901,106.034
20902,106.034
20903,106.034
20904,106.034
20905,106.034
20906,106.034
20907,106.034
20908,106.034
20909,106.034
20910,106.034
20911,106.034
20912,106.034
20913,106.034
20914,106.034
20915,106.034
20916,106.034
20917,106.034
20918,106.034
20919,106.034
20920,106.034
20921,106.034
20922,106.034
20923,106.034
20924,106.034
20925,106.034
20926,106.034
20927,106.034
20928,106.034
20929,106.034
20930,106.034
20931,106.034
20932,106.034
20933,106.034
20934,106.034
20935,106.314
20936,106.314
20937,106.314
20938,106.314
20939,106.314
20940,106.314
20941,106.314
20942,106.314
20943,106.314
20944,106.314
20945,106.314
20946,106.314
20947,106.314
20948,106.314
20949,106.314
20950,106.314
20951,106.314
20952,106.314
20953,106.314
20954,106.314
20955,106.314
20956,106.314
20957,106.314
20958,106.314
20959,106.314
20960,106.314
20961,106.314
20962,106.314
20963,106.314
20964,106.314
20965,106.314
20966,106.314
20967,106.314
20968,106.314
20969,106.314
20970,106.314
20971,106.314
20972,106.314
20973,106.314
20974,106.314
20975,106.314
20976,106.314
20977,106.314
20978,106.314
20979,106.314
20980,106.314
20981,106.314
20982,106.314
20983,106.314
20984,106.314
20985,106.314
20986,106.314
20987,106.314
20988,106.314
20989,106.314
20990,106.314
20991,106.314
20992,106.314
20993,106.314
20994,106.314
20995,106.314
20996,106.314
20997,106.314
20998,106.314
20999,106.314
21000,106.314
21001,106.314
21002,106.314
21003,106.314
21004,106.314
21005,106.314
21006,106.314
21007,106.314
21008,106.314
21009,106.314
21010,106.314
21011,106.314
21012,106.314
21013,106.314
21014,106.314
21015,106.314
21016,106.314
21017,106.314
21018,106.314
21019,106.314
21020,106.314
21021,106.314
21022,106.314
21023,106.314
21024,106.314
21025,106.314
21026,106.314
21027,106.314
21028,106.314
21029,106.314
21030,106.314
21031,106.314
21032,106.314
21033,106.314
21034,106.314
21035,106.314
21036,105.707
21037,105.707
21038,105.707
21039,105.707
21040,105.707
21041,105.707
21042,105.707
21043,105.707
21044,105.707
21045,105.707
21046,105.707
21047,105.707
21048,105.707
21049,105.707
21050,105.707
21051,105.707
21052,105.707
21053,105.707
21054,105.707
21055,105.707
21056,105.707
21057,105.707
21058,105.707
21059,105.707
21060,105.707
21061,105.707
21062,105.707
21063,105.707
21064,105.707
21065,105.707
21066,105.707
21067,105.707
21068,105.707
21069,105.707
21070,105.707
21071,105.707
21072,105.707
21073,105.707
21074,105.707
21075,105.707
21076,105.707
21077,105.707
21078,105.707
21079,105.707
21080,105.707
21081,105.707
21082,105.707
21083,105.707
21084,105.707
21085,105.707
21086,105.707
21087,105.707
21088,105.707
21089,105.707
21090,105.707
21091,105.707
21092,105.707
21093,105.707
21094,105.707
21095,105.707
21096,105.707
21097,105.707
21098,105.707
21099,105.707
21100,105.707
21101,105.707
21102,105.707
21103,105.707
21104,105.707
21105,105.707
21106,105.707
21107,105.707
21108,105.707
21109,105.707
21110,105.707
21111,105.707
21112,105.707
21113,105.707
21114,105.707
21115,105.707
21116,105.707
21117,105.707
21118,105.707
21119,105.707
21120,105.707
21121,105.707
21122,105.707
21123,105.707
21124,105.707
21125,105.707
21126,105.707
21127,105.707
21128,105.707
21129,105.707
21130,105.707
21131,105.707
21132,105.707
21133,105.707
21134,105.707
21135,105.707
21136,106.034
21137,106.034
21138,106.034
21139,106.034
21140,106.034
21141,106.034
21142,106.034
21143,106.034
21144,106.034
21145,106.034
21146,106.034
21147,106.034
21148,106.034
21149,106.034
21150,106.034
21151,106.034
21152,106.034
21153,106.034
21154,106.034
21155,106.034
21156,106.034
21157,106.034
21158,106.034
21159,106.034
21160,106.034
21161,106.034
21162,106.034
21163,106.034
21164,106.034
21165,106.034
21166,106.034
21167,106.034
21168,106.034
21169,106.034
21170,106.034
21171,106.034
21172,106.034
21173,106.034
21174,106.034
21175,106.034
21176,106.034
21177,106.034
21178,106.034
21179,106.034
21180,106.034
21181,106.034
21182,106.034
21183,106.034
21184,106.034
21185,106.034
21186,106.034
21187,106.034
21188,106.034
21189,106.034
21190,106.034
21191,106.034
21192,106.034
21193,106.034
21194,106.034
21195,106.034
21196,106.034
21197,106.034
21198,106.034
21199,106.034
21200,106.034
21201,106.034
21202,106.034
21203,106.034
21204,106.034
21205,106.034
21206,106.034
21207,106.034
21208,106.034
21209,106.034
21210,106.034
21211,106.034
21212,106.034
21213,106.034
21214,106.034
21215,106.034
21216,106.034
21217,106.034
21218,106.034
21219,106.034
21220,106.034
21221,106.034
21222,106.034
21223,106.034
21224,106.034
21225,106.034
21226,106.034
21227,106.034
21228,106.034
21229,106.034
21230,106.034
21231,106.034
21232,106.034
21233,106.034
21234,106.034
21235,105.598
21236,105.598
21237,105.598
21238,105.598
21239,105.598
21240,105.598
21241,105.598
21242,105.598
21243,105.598
21244,105.598
21245,105.598
21246,105.598
21247,105.598
21248,105.598
21249,105.598
21250,105.598
21251,105.598
21252,105.598
21253,105.598
21254,105.598
21255,105.598
21256,105.598
21257,105.598
21258,105.598
21259,105.598
21260,105.598
21261,105.598
21262,105.598
21263,105.598
21264,105.598
21265,105.598
21266,105.598
21267,105.598
21268,105.598
21269,105.598
21270,105.598
21271,105.598
21272,105.598
21273,105.598
21274,105.598
21275,105.598
21276,105.598
21277,105.598
21278,105.598
21279,105.598
21280,105.598
21281,105.598
21282,105.598
21283,105.598
21284,105.598
21285,105.598
21286,105.598
21287,105.598
21288,105.598
21289,105.598
21290,105.598
21291,105.598
21292,105.598
21293,105.598
21294,105.598
21295,105.598
21296,105.598
21297,105.598
21298,105.598
21299,105.598
21300,105.598
21301,105.598
21302,105.598
21303,105.598
21304,105.598
21305,105.598
21306,105.598
21307,105.598
21308,105.598
21309,105.598
21310,105.598
21311,105.598
21312,105.598
21313,105.598
21314,105.598
21315,105.598
21316,105.598
21317,105.598
21318,105.598
21319,105.598
21320,105.598
21321,105.598
21322,105.598
21323,105.598
21324,105.598
21325,105.598
21326,105.598
21327,105.598
21328,105.598
21329,105.598
21330,105.598
21331,105.598
21332,105.598
21333,105.598
21334,105.598
21335,105.598
21336,105.598
21337,105.598
21338,105.598
21339,105.598
21340,105.598
21341,105.598
21342,105.598
21343,105.598
21344,105.598
21345,105.598
21346,105.598
21347,105.598
21348,105.598
21349,105.598
21350,105.598
21351,105.598
21352,105.598
21353,105.598
21354,105.598
21355,105.598
21356,105.598
21357,105.598
21358,105.598
21359,105.598
21360,105.598
21361,105.598
21362,105.598
21363,105.598
21364,105.598
21365,105.598
21366,105.598
21367,105.598
21368,105.598
21369,105.598
21370,105.598
21371,105.598
21372,105.598
21373,105.598
21374,105.598
21375,105.598
21376,105.598
21377,105.598
21378,105.598
21379,105.598
21380,105.598
21381,105.598
21382,105.598
21383,105.598
21384,105.598
21385,105.598
21386,105.598
21387,105.598
21388,105.598
21389,105.598
21390,105.598
21391,105.598
21392,105.598
21393,105.598
21394,105.598
21395,105.598
21396,105.598
21397,105.598
21398,105.598
21399,105.598
21400,105.598
21401,105.598
21402,105.598
21403,105.598
21404,105.598
21405,105.598
21406,105.598
21407,105.598
21408,105.598
21409,105.598
21410,105.598
21411,105.598
21412,105.598
21413,105.598
21414,105.598
21415,105.598
21416,105.598
21417,105.598
21418,105.598
21419,105.598
21420,105.598
21421,105.598
21422,105.598
21423,105.598
21424,105.598
21425,105.598
21426,105.598
21427,105.598
21428,105.598
21429,105.598
21430,105.598
21431,105.598
21432,105.598
21433,105.598
21434,105.598
21435,105.925
21436,105.925
21437,105.925
21438,105.925
21439,105.925
21440,105.925
21441,105.925
21442,105.925
21443,105.925
21444,105.925
21445,105.925
21446,105.925
21447,105.925
21448,105.925
21449,105.925
21450,105.925
21451,105.925
21452,105.925
21453,105.925
21454,105.925
21455,105.925
21456,105.925
21457,105.925
21458,105.925
21459,105.925
21460,105.925
21461,105.925
21462,105.925
21463,105.925
21464,105.925
21465,105.925
21466,105.925
21467,105.925
21468,105.925
21469,105.925
21470,105.925
21471,105.925
21472,105.925
21473,105.925
21474,105.925
21475,105.925
21476,105.925
21477,105.925
21478,105.925
21479,105.925
21480,105.925
21481,105.925
21482,105.925
21483,105.925
21484,105.925
21485,105.925
21486,105.925
21487,105.925
21488,105.925
21489,105.925
21490,105.925
21491,105.925
21492,105.925
21493,105.925
21494,105.925
21495,105.925
21496,105.925
21497,105.925
21498,105.925
21499,105.925
21500,105.925
21501,105.925
21502,105.925
21503,105.925
21504,105.925
21505,105.925
21506,105.925
21507,105.925
21508,105.925
21509,105.925
21510,105.925
21511,105.925
21512,105.925
21513,105.925
21514,105.925
21515,105.925
21516,105.925
21517,105.925
21518,105.925
21519,105.925
21520,105.925
21521,105.925
21522,105.925
21523,105.925
21524,105.925
21525,105.925
21526,105.925
21527,105.925
21528,105.925
21529,105.925
21530,105.925
21531,105.925
21532,105.925
21533,105.925
21534,105.925
21535,105.598
21536,105.598
21537,105.598
21538,105.598
21539,105.598
21540,105.598
21541,105.598
21542,105.598
21543,105.598
21544,105.598
21545,105.598
21546,105.598
21547,105.598
21548,105.598
21549,105.598
21550,105.598
21551,105.598
21552,105.598
21553,105.598
21554,105.598
21555,105.598
21556,105.598
21557,105.598
21558,105.598
21559,105.598
21560,105.598
21561,105.598
21562,105.598
21563,105.598
21564,105.598
21565,105.598
21566,105.598
21567,105.598
21568,105.598
21569,105.598
21570,105.598
21571,105.598
21572,105.598
21573,105.598
21574,105.598
21575,105.598
21576,105.598
21577,105.598
21578,105.598
21579,105.598
21580,105.598
21581,105.598
21582,105.598
21583,105.598
21584,105.598
21585,105.598
21586,105.598
21587,105.598
21588,105.598
21589,105.598
21590,105.598
21591,105.598
21592,105.598
21593,105.598
21594,105.598
21595,105.598
21596,105.598
21597,105.598
21598,105.598
21599,105.598
21600,105.598
21601,105.598
21602,105.598
21603,105.598
21604,105.598
21605,105.598
21606,105.598
21607,105.598
21608,105.598
21609,105.598
21610,105.598
21611,105.598
21612,105.598
21613,105.598
21614,105.598
21615,105.598
21616,105.598
21617,105.598
21618,105.598
21619,105.598
21620,105.598
21621,105.598
21622,105.598
21623,105.598
21624,105.598
21625,105.598
21626,105.598
21627,105.598
21628,105.598
21629,105.598
21630,105.598
21631,105.598
21632,105.598
21633,105.598
21634,105.598
21635,106.205
21636,106.205
21637,106.205
21638,106.205
21639,106.205
21640,106.205
21641,106.205
21642,106.205
21643,106.205
21644,106.205
21645,106.205
21646,106.205
21647,106.205
21648,106.205
21649,106.205
21650,106.205
21651,106.205
21652,106.205
21653,106.205
21654,106.205
21655,106.205
21656,106.205
21657,106.205
21658,106.205
21659,106.205
21660,106.205
21661,106.205
21662,106.205
21663,106.205
21664,106.205
21665,106.205
21666,106.205
21667,106.205
21668,106.205
21669,106.205
21670,106.205
21671,106.205
21672,106.205
21673,106.205
21674,106.205
21675,106.205
21676,106.205
21677,106.205
21678,106.205
21679,106.205
21680,106.205
21681,106.205
21682,106.205
21683,106.205
21684,106.205
21685,106.205
21686,106.205
21687,106.205
21688,106.205
21689,106.205
21690,106.205
21691,106.205
21692,106.205
21693,106.205
21694,106.205
21695,106.205
21696,106.205
21697,106.205
21698,106.205
21699,106.205
21700,106.205
21701,106.205
21702,106.205
21703,106.205
21704,106.205
21705,106.205
21706,106.205
21707,106.205
21708,106.205
21709,106.205
21710,106.205
21711,106.205
21712,106.205
21713,106.205
21714,106.205
21715,106.205
21716,106.205
21717,106.205
21718,106.205
21719,106.205
21720,106.205
21721,106.205
21722,106.205
21723,106.205
21724,106.205
21725,106.205
21726,106.205
21727,106.205
21728,106.205
21729,106.205
21730,106.205
21731,106.205
21732,106.205
21733,106.205
21734,106.205
21735,105.326
21736,105.326
21737,105.326
21738,105.326
21739,105.326
21740,105.326
21741,105.326
21742,105.326
21743,105.326
21744,105.326
21745,105.326
21746,105.326
21747,105.326
21748,105.326
21749,105.326
21750,105.326
21751,105.326
21752,105.326
21753,105.326
21754,105.326
21755,105.326
21756,105.326
21757,105.326
21758,105.326
21759,105.326
21760,105.326
21761,105.326
21762,105.326
21763,105.326
21764,105.326
21765,105.326
21766,105.326
21767,105.326
21768,105.326
21769,105.326
21770,105.326
21771,105.326
21772,105.326
21773,105.326
21774,105.326
21775,105.326
21776,105.326
21777,105.326
21778,105.326
21779,105.326
21780,105.326
21781,105.326
21782,105.326
21783,105.326
21784,105.326
21785,105.326
21786,105.326
21787,105.326
21788,105.326
21789,105.326
21790,105.326
21791,105.326
21792,105.326
21793,105.326
21794,105.326
21795,105.326
21796,105.326
21797,105.326
21798,105.326
21799,105.326
21800,105.326
21801,105.326
21802,105.326
21803,105.326
21804,105.326
21805,105.326
21806,105.326
21807,105.326
21808,105.326
21809,105.326
21810,105.326
21811,105.326
21812,105.326
21813,105.326
21814,105.326
21815,105.326
21816,105.326
21817,105.326
21818,105.326
21819,105.326
21820,105.326
21821,105.326
21822,105.326
21823,105.326
21824,105.326
21825,105.326
21826,105.326
21827,105.326
21828,105.326
21829,105.326
21830,105.326
21831,105.326
21832,105.326
21833,105.326
21834,105.326
21835,105.326
21836,105.326
21837,105.326
21838,105.326
21839,105.326
21840,105.326
21841,105.326
21842,105.326
21843,105.326
21844,105.326
21845,105.326
21846,105.326
21847,105.326
21848,105.326
21849,105.326
21850,105.326
21851,105.326
21852,105.326
21853,105.326
21854,105.326
21855,105.326
21856,105.326
21857,105.326
21858,105.326
21859,105.326
21860,105.326
21861,105.326
21862,105.326
21863,105.326
21864,105.326
21865,105.326
21866,105.326
21867,105.326
21868,105.326
21869,105.326
21870,105.326
21871,105.326
21872,105.326
21873,105.326
21874,105.326
21875,105.326
21876,105.326
21877,105.326
21878,105.326
21879,105.326
21880,105.326
21881,105.326
21882,105.326
21883,105.326
21884,105.326
21885,105.326
21886,105.326
21887,105.326
21888,105.326
21889,105.326
21890,105.326
21891,105.326
21892,105.326
21893,105.326
21894,105.326
21895,105.326
21896,105.326
21897,105.326
21898,105.326
21899,105.326
21900,105.326
21901,105.326
21902,105.326
21903,105.326
21904,105.326
21905,105.326
21906,105.326
21907,105.326
21908,105.326
21909,105.326
21910,105.326
21911,105.326
21912,105.326
21913,105.326
21914,105.326
21915,105.326
21916,105.326
21917,105.326
21918,105.326
21919,105.326
21920,105.326
21921,105.326
21922,105.326
21923,105.326
21924,105.326
21925,105.326
21926,105.326
21927,105.326
21928,105.326
21929,105.326
21930,105.326
21931,105.326
21932,105.326
21933,105.326
21934,105.326
21935,105.707
21936,105.707
21937,105.707
21938,105.707
21939,105.707
21940,105.707
21941,105.707
21942,105.707
21943,105.707
21944,105.707
21945,105.707
21946,105.707
21947,105.707
21948,105.707
21949,105.707
21950,105.707
21951,105.707
21952,105.707
21953,105.707
21954,105.707
21955,105.707
21956,105.707
21957,105.707
21958,105.707
21959,105.707
21960,105.707
21961,105.707
21962,105.707
21963,105.707
21964,105.707
21965,105.707
21966,105.707
21967,105.707
21968,105.707
21969,105.707
21970,105.707
21971,105.707
21972,105.707
21973,105.707
21974,105.707
21975,105.707
21976,105.707
21977,105.707
21978,105.707
21979,105.707
21980,105.707
21981,105.707
21982,105.707
21983,105.707
21984,105.707
21985,105.707
21986,105.707
21987,105.707
21988,105.707
21989,105.707
21990,105.707
21991,105.707
21992,105.707
21993,105.707
21994,105.707
21995,105.707
21996,105.707
21997,105.707
21998,105.707
21999,105.707
22000,105.707
22001,105.707
22002,105.707
22003,105.707
22004,105.707
22005,105.707
22006,105.707
22007,105.707
22008,105.707
22009,105.707
22010,105.707
22011,105.707
22012,105.707
22013,105.707
22014,105.707
22015,105.707
22016,105.707
22017,105.707
22018,105.707
22019,105.707
22020,105.707
22021,105.707
22022,105.707
22023,105.707
22024,105.707
22025,105.707
22026,105.707
22027,105.707
22028,105.707
22029,105.707
22030,105.707
22031,105.707
22032,105.707
22033,105.707
22034,105.707
22035,106.314
22036,106.314
22037,106.314
22038,106.314
22039,106.314
22040,106.314
22041,106.314
22042,106.314
22043,106.314
22044,106.314
22045,106.314
22046,106.314
22047,106.314
22048,106.314
22049,106.314
22050,106.314
22051,106.314
22052,106.314
22053,106.314
22054,106.314
22055,106.314
22056,106.314
22057,106.314
22058,106.314
22059,106.314
22060,106.314
22061,106.314
22062,106.314
22063,106.314
22064,106.314
22065,106.314
22066,106.314
22067,106.314
22068,106.314
22069,106.314
22070,106.314
22071,106.314
22072,106.314
22073,106.314
22074,106.314
22075,106.314
22076,106.314
22077,106.314
22078,106.314
22079,106.314
22080,106.314
22081,106.314
22082,106.314
22083,106.314
22084,106.314
22085,106.314
22086,106.314
22087,106.314
22088,106.314
22089,106.314
22090,106.314
22091,106.314
22092,106.314
22093,106.314
22094,106.314
22095,106.314
22096,106.314
22097,106.314
22098,106.314
22099,106.314
22100,106.314
22101,106.314
22102,106.314
22103,106.314
22104,106.314
22105,106.314
22106,106.314
22107,106.314
22108,106.314
22109,106.314
22110,106.314
22111,106.314
22112,106.314
22113,106.314
22114,106.314
22115,106.314
22116,106.314
22117,106.314
22118,106.314
22119,106.314
22120,106.314
22121,106.314
22122,106.314
22123,106.314
22124,106.314
22125,106.314
22126,106.314
22127,106.314
22128,106.314
22129,106.314
22130,106.314
22131,106.314
22132,106.314
22133,106.314
22134,106.314
22135,106.314
22136,106.314
22137,106.314
22138,106.314
22139,106.314
22140,106.314
22141,106.314
22142,106.314
22143,106.314
22144,106.314
22145,106.314
22146,106.314
22147,106.314
22148,106.314
22149,106.314
22150,106.314
22151,106.314
22152,106.314
22153,106.314
22154,106.314
22155,106.314
22156,106.314
22157,106.314
22158,106.314
22159,106.314
22160,106.314
22161,106.314
22162,106.314
22163,106.314
22164,106.314
22165,106.314
22166,106.314
22167,106.314
22168,106.314
22169,106.314
22170,106.314
22171,106.314
22172,106.314
22173,106.314
22174,106.314
22175,106.314
22176,106.314
22177,106.314
22178,106.314
22179,106.314
22180,106.314
22181,106.314
22182,106.314
22183,106.314
22184,106.314
22185,106.314
22186,106.314
22187,106.314
22188,106.314
22189,106.314
22190,106.314
22191,106.314
22192,106.314
22193,106.314
22194,106.314
22195,106.314
22196,106.314
22197,106.314
22198,106.314
22199,106.314
22200,106.314
22201,106.314
22202,106.314
22203,106.314
22204,106.314
22205,106.314
22206,106.314
22207,106.314
22208,106.314
22209,106.314
22210,106.314
22211,106.314
22212,106.314
22213,106.314
22214,106.314
22215,106.314
22216,106.314
22217,106.314
22218,106.314
22219,106.314
22220,106.314
22221,106.314
22222,106.314
22223,106.314
22224,106.314
22225,106.314
22226,106.314
22227,106.314
22228,106.314
22229,106.314
22230,106.314
22231,106.314
22232,106.314
22233,106.314
22234,106.314
22235,105.434
22236,105.434
22237,105.434
22238,105.434
22239,105.434
22240,105.434
22241,105.434
22242,105.434
22243,105.434
22244,105.434
22245,105.434
22246,105.434
22247,105.434
22248,105.434
22249,105.434
22250,105.434
22251,105.434
22252,105.434
22253,105.434
22254,105.434
22255,105.434
22256,105.434
22257,105.434
22258,105.434
22259,105.434
22260,105.434
22261,105.434
22262,105.434
22263,105.434
22264,105.434
22265,105.434
22266,105.434
22267,105.434
22268,105.434
22269,105.434
22270,105.434
22271,105.434
22272,105.434
22273,105.434
22274,105.434
22275,105.434
22276,105.434
22277,105.434
22278,105.434
22279,105.434
22280,105.434
22281,105.434
22282,105.434
22283,105.434
22284,105.434
22285,105.434
22286,105.434
22287,105.434
22288,105.434
22289,105.434
22290,105.434
22291,105.434
22292,105.434
22293,105.434
22294,105.434
22295,105.434
22296,105.434
22297,105.434
22298,105.434
22299,105.434
22300,105.434
22301,105.434
22302,105.434
22303,105.434
22304,105.434
22305,105.434
22306,105.434
22307,105.434
22308,105.434
22309,105.434
22310,105.434
22311,105.434
22312,105.434
22313,105.434
22314,105.434
22315,105.434
22316,105.434
22317,105.434
22318,105.434
22319,105.434
22320,105.434
22321,105.434
22322,105.434
22323,105.434
22324,105.434
22325,105.434
22326,105.434
22327,105.434
22328,105.434
22329,105.434
22330,105.434
22331,105.434
22332,105.434
22333,105.434
22334,105.434
22335,106.314
22336,106.314
22337,106.314
22338,106.314
22339,106.314
22340,106.314
22341,106.314
22342,106.314
22343,106.314
22344,106.314
22345,106.314
22346,106.314
22347,106.314
22348,106.314
22349,106.314
22350,106.314
22351,106.314
22352,106.314
22353,106.314
22354,106.314
22355,106.314
22356,106.314
22357,106.314
22358,106.314
22359,106.314
22360,106.314
22361,106.314
22362,106.314
22363,106.314
22364,106.314
22365,106.314
22366,106.314
22367,106.314
22368,106.314
22369,106.314
22370,106.314
22371,106.314
22372,106.314
22373,106.314
22374,106.314
22375,106.314
22376,106.314
22377,106.314
22378,106.314
22379,106.314
22380,106.314
22381,106.314
22382,106.314
22383,106.314
22384,106.314
22385,106.314
22386,106.314
22387,106.314
22388,106.314
22389,106.314
22390,106.314
22391,106.314
22392,106.314
22393,106.314
22394,106.314
22395,106.314
22396,106.314
22397,106.314
22398,106.314
22399,106.314
22400,106.314
22401,106.314
22402,106.314
22403,106.314
22404,106.314
22405,106.314
22406,106.314
22407,106.314
22408,106.314
22409,106.314
22410,106.314
22411,106.314
22412,106.314
22413,106.314
22414,106.314
22415,106.314
22416,106.314
22417,106.314
22418,106.314
22419,106.314
22420,106.314
22421,106.314
22422,106.314
22423,106.314
22424,106.314
22425,106.314
22426,106.314
22427,106.314
22428,106.314
22429,106.314
22430,106.314
22431,106.314
22432,106.314
22433,106.314
22434,106.314
22435,105.107
22436,105.107
22437,105.107
22438,105.107
22439,105.107
22440,105.107
22441,105.107
22442,105.107
22443,105.107
22444,105.107
22445,105.107
22446,105.107
22447,105.107
22448,105.107
22449,105.107
22450,105.107
22451,105.107
22452,105.107
22453,105.107
22454,105.107
22455,105.107
22456,105.107
22457,105.107
22458,105.107
22459,105.107
22460,105.107
22461,105.107
22462,105.107
22463,105.107
22464,105.107
22465,105.107
22466,105.107
22467,105.107
22468,105.107
22469,105.107
22470,105.107
22471,105.107
22472,105.107
22473,105.107
22474,105.107
22475,105.107
22476,105.107
22477,105.107
22478,105.107
22479,105.107
22480,105.107
22481,105.107
22482,105.107
22483,105.107
22484,105.107
22485,105.107
22486,105.107
22487,105.107
22488,105.107
22489,105.107
22490,105.107
22491,105.107
22492,105.107
22493,105.107
22494,105.107
22495,105.107
22496,105.107
22497,105.107
22498,105.107
22499,105.107
22500,105.107
22501,105.107
22502,105.107
22503,105.107
22504,105.107
22505,105.107
22506,105.107
22507,105.107
22508,105.107
22509,105.107
22510,105.107
22511,105.107
22512,105.107
22513,105.107
22514,105.107
22515,105.107
22516,105.107
22517,105.107
22518,105.107
22519,105.107
22520,105.107
22521,105.107
22522,105.107
22523,105.107
22524,105.107
22525,105.107
22526,105.107
22527,105.107
22528,105.107
22529,105.107
22530,105.107
22531,105.107
22532,105.107
22533,105.107
22534,105.107
22535,106.034
22536,106.034
22537,106.034
22538,106.034
22539,106.034
22540,106.034
22541,106.034
22542,106.034
22543,106.034
22544,106.034
22545,106.034
22546,106.034
22547,106.034
22548,106.034
22549,106.034
22550,106.034
22551,106.034
22552,106.034
22553,106.034
22554,106.034
22555,106.034
22556,106.034
22557,106.034
22558,106.034
22559,106.034
22560,106.034
22561,106.034
22562,106.034
22563,106.034
22564,106.034
22565,106.034
22566,106.034
22567,106.034
22568,106.034
22569,106.034
22570,106.034
22571,106.034
22572,106.034
22573,106.034
22574,106.034
22575,106.034
22576,106.034
22577,106.034
22578,106.034
22579,106.034
22580,106.034
22581,106.034
22582,106.034
22583,106.034
22584,106.034
22585,106.034
22586,106.034
22587,106.034
22588,106.034
22589,106.034
22590,106.034
22591,106.034
22592,106.034
22593,106.034
22594,106.034
22595,106.034
22596,106.034
22597,106.034
22598,106.034
22599,106.034
22600,106.034
22601,106.034
22602,106.034
22603,106.034
22604,106.034
22605,106.034
22606,106.034
22607,106.034
22608,106.034
22609,106.034
22610,106.034
22611,106.034
22612,106.034
22613,106.034
22614,106.034
22615,106.034
22616,106.034
22617,106.034
22618,106.034
22619,106.034
22620,106.034
22621,106.034
22622,106.034
22623,106.034
22624,106.034
22625,106.034
22626,106.034
22627,106.034
22628,106.034
22629,106.034
22630,106.034
22631,106.034
22632,106.034
22633,106.034
22634,106.034
22635,106.034
22636,106.034
22637,106.034
22638,106.034
22639,106.034
22640,106.034
22641,106.034
22642,106.034
22643,106.034
22644,106.034
22645,106.034
22646,106.034
22647,106.034
22648,106.034
22649,106.034
22650,106.034
22651,106.034
22652,106.034
22653,106.034
22654,106.034
22655,106.034
22656,106.034
22657,106.034
22658,106.034
22659,106.034
22660,106.034
22661,106.034
22662,106.034
22663,106.034
22664,106.034
22665,106.034
22666,106.034
22667,106.034
22668,106.034
22669,106.034
22670,106.034
22671,106.034
22672,106.034
22673,106.034
22674,106.034
22675,106.034
22676,106.034
22677,106.034
22678,106.034
22679,106.034
22680,106.034
22681,106.034
22682,106.034
22683,106.034
22684,106.034
22685,106.034
22686,106.034
22687,106.034
22688,106.034
22689,106.034
22690,106.034
22691,106.034
22692,106.034
22693,106.034
22694,106.034
22695,106.034
22696,106.034
22697,106.034
22698,106.034
22699,106.034
22700,106.034
22701,106.034
22702,106.034
22703,106.034
22704,106.034
22705,106.034
22706,106.034
22707,106.034
22708,106.034
22709,106.034
22710,106.034
22711,106.034
22712,106.034
22713,106.034
22714,106.034
22715,106.034
22716,106.034
22717,106.034
22718,106.034
22719,106.034
22720,106.034
22721,106.034
22722,106.034
22723,106.034
22724,106.034
22725,106.034
22726,106.034
22727,106.034
22728,106.034
22729,106.034
22730,106.034
22731,106.034
22732,106.034
22733,106.034
22734,106.034
22735,106.314
22736,106.314
22737,106.314
22738,106.314
22739,106.314
22740,106.314
22741,106.314
22742,106.314
22743,106.314
22744,106.314
22745,106.314
22746,106.314
22747,106.314
22748,106.314
22749,106.314
22750,106.314
22751,106.314
22752,106.314
22753,106.314
22754,106.314
22755,106.314
22756,106.314
22757,106.314
22758,106.314
22759,106.314
22760,106.314
22761,106.314
22762,106.314
22763,106.314
22764,106.314
22765,106.314
22766,106.314
22767,106.314
22768,106.314
22769,106.314
22770,106.314
22771,106.314
22772,106.314
22773,106.314
22774,106.314
22775,106.314
22776,106.314
22777,106.314
22778,106.314
22779,106.314
22780,106.314
22781,106.314
22782,106.314
22783,106.314
22784,106.314
22785,106.314
22786,106.314
22787,106.314
22788,106.314
22789,106.314
22790,106.314
22791,106.314
22792,106.314
22793,106.314
22794,106.314
22795,106.314
22796,106.314
22797,106.314
22798,106.314
22799,106.314
22800,106.314
22801,106.314
22802,106.314
22803,106.314
22804,106.314
22805,106.314
22806,106.314
22807,106.314
22808,106.314
22809,106.314
22810,106.314
22811,106.314
22812,106.314
22813,106.314
22814,106.314
22815,106.314
22816,106.314
22817,106.314
22818,106.314
22819,106.314
22820,106.314
22821,106.314
22822,106.314
22823,106.314
22824,106.314
22825,106.314
22826,106.314
22827,106.314
22828,106.314
22829,106.314
22830,106.314
22831,106.314
22832,106.314
22833,106.314
22834,106.314
22835,105.434
22836,105.434
22837,105.434
22838,105.434
22839,105.434
22840,105.434
22841,105.434
22842,105.434
22843,105.434
22844,105.434
22845,105.434
22846,105.434
22847,105.434
22848,105.434
22849,105.434
22850,105.434
22851,105.434
22852,105.434
22853,105.434
22854,105.434
22855,105.434
22856,105.434
22857,105.434
22858,105.434
22859,105.434
22860,105.434
22861,105.434
22862,105.434
22863,105.434
22864,105.434
22865,105.434
22866,105.434
22867,105.434
22868,105.434
22869,105.434
22870,105.434
22871,105.434
22872,105.434
22873,105.434
22874,105.434
22875,105.434
22876,105.434
22877,105.434
22878,105.434
22879,105.434
22880,105.434
22881,105.434
22882,105.434
22883,105.434
22884,105.434
22885,105.434
22886,105.434
22887,105.434
22888,105.434
22889,105.434
22890,105.434
22891,105.434
22892,105.434
22893,105.434
22894,105.434
22895,105.434
22896,105.434
22897,105.434
22898,105.434
22899,105.434
22900,105.434
22901,105.434
22902,105.434
22903,105.434
22904,105.434
22905,105.434
22906,105.434
22907,105.434
22908,105.434
22909,105.434
22910,105.434
22911,105.434
22912,105.434
22913,105.434
22914,105.434
22915,105.434
22916,105.434
22917,105.434
22918,105.434
22919,105.434
22920,105.434
22921,105.434
22922,105.434
22923,105.434
22924,105.434
22925,105.434
22926,105.434
22927,105.434
22928,105.434
22929,105.434
22930,105.434
22931,105.434
22932,105.434
22933,105.434
22934,105.434
22935,106.034
22936,106.034
22937,106.034
22938,106.034
22939,106.034
22940,106.034
22941,106.034
22942,106.034
22943,106.034
22944,106.034
22945,106.034
22946,106.034
22947,106.034
22948,106.034
22949,106.034
22950,106.034
22951,106.034
22952,106.034
22953,106.034
22954,106.034
22955,106.034
22956,106.034
22957,106.034
22958,106.034
22959,106.034
22960,106.034
22961,106.034
22962,106.034
22963,106.034
22964,106.034
22965,106.034
22966,106.034
22967,106.034
22968,106.034
22969,106.034
22970,106.034
22971,106.034
22972,106.034
22973,106.034
22974,106.034
22975,106.034
22976,106.034
22977,106.034
22978,106.034
22979,106.034
22980,106.034
22981,106.034
22982,106.034
22983,106.034
22984,106.034
22985,106.034
22986,106.034
22987,106.034
22988,106.034
22989,106.034
22990,106.034
22991,106.034
22992,106.034
22993,106.034
22994,106.034
22995,106.034
22996,106.034
22997,106.034
22998,106.034
22999,106.034
23000,106.034
23001,106.034
23002,106.034
23003,106.034
23004,106.034
23005,106.034
23006,106.034
23007,106.034
23008,106.034
23009,106.034
23010,106.034
23011,106.034
23012,106.034
23013,106.034
23014,106.034
23015,106.034
23016,106.034
23017,106.034
23018,106.034
23019,106.034
23020,106.034
23021,106.034
23022,106.034
23023,106.034
23024,106.034
23025,106.034
23026,106.034
23027,106.034
23028,106.034
23029,106.034
23030,106.034
23031,106.034
23032,106.034
23033,106.034
23034,106.034
23035,106.034
23036,106.034
23037,106.034
23038,106.034
23039,106.034
23040,106.034
23041,106.034
23042,106.034
23043,106.034
23044,106.034
23045,106.034
23046,106.034
23047,106.034
23048,106.034
23049,106.034
23050,106.034
23051,106.034
23052,106.034
23053,106.034
23054,106.034
23055,106.034
23056,106.034
23057,106.034
23058,106.034
23059,106.034
23060,106.034
23061,106.034
23062,106.034
23063,106.034
23064,106.034
23065,106.034
23066,106.034
23067,106.034
23068,106.034
23069,106.034
23070,106.034
23071,106.034
23072,106.034
23073,106.034
23074,106.034
23075,106.034
23076,106.034
23077,106.034
23078,106.034
23079,106.034
23080,106.034
23081,106.034
23082,106.034
23083,106.034
23084,106.034
23085,106.034
23086,106.034
23087,106.034
23088,106.034
23089,106.034
23090,106.034
23091,106.034
23092,106.034
23093,106.034
23094,106.034
23095,106.034
23096,106.034
23097,106.034
23098,106.034
23099,106.034
23100,106.034
23101,106.034
23102,106.034
23103,106.034
23104,106.034
23105,106.034
23106,106.034
23107,106.034
23108,106.034
23109,106.034
23110,106.034
23111,106.034
23112,106.034
23113,106.034
23114,106.034
23115,106.034
23116,106.034
23117,106.034
23118,106.034
23119,106.034
23120,106.034
23121,106.034
23122,106.034
23123,106.034
23124,106.034
23125,106.034
23126,106.034
23127,106.034
23128,106.034
23129,106.034
23130,106.034
23131,106.034
23132,106.034
23133,106.034
23134,106.034
23135,106.034
23136,106.034
23137,106.034
23138,106.034
23139,106.034
23140,106.034
23141,106.034
23142,106.034
23143,106.034
23144,106.034
23145,106.034
23146,106.034
23147,106.034
23148,106.034
23149,106.034
23150,106.034
23151,106.034
23152,106.034
23153,106.034
23154,106.034
23155,106.034
23156,106.034
23157,106.034
23158,106.034
23159,106.034
23160,106.034
23161,106.034
23162,106.034
23163,106.034
23164,106.034
23165,106.034
23166,106.034
23167,106.034
23168,106.034
23169,106.034
23170,106.034
23171,106.034
23172,106.034
23173,106.034
23174,106.034
23175,106.034
23176,106.034
23177,106.034
23178,106.034
23179,106.034
23180,106.034
23181,106.034
23182,106.034
23183,106.034
23184,106.034
23185,106.034
23186,106.034
23187,106.034
23188,106.034
23189,106.034
23190,106.034
23191,106.034
23192,106.034
23193,106.034
23194,106.034
23195,106.034
23196,106.034
23197,106.034
23198,106.034
23199,106.034
23200,106.034
23201,106.034
23202,106.034
23203,106.034
23204,106.034
23205,106.034
23206,106.034
23207,106.034
23208,106.034
23209,106.034
23210,106.034
23211,106.034
23212,106.034
23213,106.034
23214,106.034
23215,106.034
23216,106.034
23217,106.034
23218,106.034
23219,106.034
23220,106.034
23221,106.034
23222,106.034
23223,106.034
23224,106.034
23225,106.034
23226,106.034
23227,106.034
23228,106.034
23229,106.034
23230,106.034
23231,106.034
23232,106.034
23233,106.034
23234,106.034
23235,106.314
23236,106.314
23237,106.314
23238,106.314
23239,106.314
23240,106.314
23241,106.314
23242,106.314
23243,106.314
23244,106.314
23245,106.314
23246,106.314
23247,106.314
23248,106.314
23249,106.314
23250,106.314
23251,106.314
23252,106.314
23253,106.314
23254,106.314
23255,106.314
23256,106.314
23257,106.314
23258,106.314
23259,106.314
23260,106.314
23261,106.314
23262,106.314
23263,106.314
23264,106.314
23265,106.314
23266,106.314
23267,106.314
23268,106.314
23269,106.314
23270,106.314
23271,106.314
23272,106.314
23273,106.314
23274,106.314
23275,106.314
23276,106.314
23277,106.314
23278,106.314
23279,106.314
23280,106.314
23281,106.314
23282,106.314
23283,106.314
23284,106.314
23285,106.314
23286,106.314
23287,106.314
23288,106.314
23289,106.314
23290,106.314
23291,106.314
23292,106.314
23293,106.314
23294,106.314
23295,106.314
23296,106.314
23297,106.314
23298,106.314
23299,106.314
23300,106.314
23301,106.314
23302,106.314
23303,106.314
23304,106.314
23305,106.314
23306,106.314
23307,106.314
23308,106.314
23309,106.314
23310,106.314
23311,106.314
23312,106.314
23313,106.314
23314,106.314
23315,106.314
23316,106.314
23317,106.314
23318,106.314
23319,106.314
23320,106.314
23321,106.314
23322,106.314
23323,106.314
23324,106.314
23325,106.314
23326,106.314
23327,106.314
23328,106.314
23329,106.314
23330,106.314
23331,106.314
23332,106.314
23333,106.314
23334,106.314
23335,105.707
23336,105.707
23337,105.707
23338,105.707
23339,105.707
23340,105.707
23341,105.707
23342,105.707
23343,105.707
23344,105.707
23345,105.707
23346,105.707
23347,105.707
23348,105.707
23349,105.707
23350,105.707
23351,105.707
23352,105.707
23353,105.707
23354,105.707
23355,105.707
23356,105.707
23357,105.707
23358,105.707
23359,105.707
23360,105.707
23361,105.707
23362,105.707
23363,105.707
23364,105.707
23365,105.707
23366,105.707
23367,105.707
23368,105.707
23369,105.707
23370,105.707
23371,105.707
23372,105.707
23373,105.707
23374,105.707
23375,105.707
23376,105.707
23377,105.707
23378,105.707
23379,105.707
23380,105.707
23381,105.707
23382,105.707
23383,105.707
23384,105.707
23385,105.707
23386,105.707
23387,105.707
23388,105.707
23389,105.707
23390,105.707
23391,105.707
23392,105.707
23393,105.707
23394,105.707
23395,105.707
23396,105.707
23397,105.707
23398,105.707
23399,105.707
23400,105.707
23401,105.707
23402,105.707
23403,105.707
23404,105.707
23405,105.707
23406,105.707
23407,105.707
23408,105.707
23409,105.707
23410,105.707
23411,105.707
23412,105.707
23413,105.707
23414,105.707
23415,105.707
23416,105.707
23417,105.707
23418,105.707
23419,105.707
23420,105.707
23421,105.707
23422,105.707
23423,105.707
23424,105.707
23425,105.707
23426,105.707
23427,105.707
23428,105.707
23429,105.707
23430,105.707
23431,105.707
23432,105.707
23433,105.707
23434,105.707
23435,106.314
23436,106.314
23437,106.314
23438,106.314
23439,106.314
23440,106.314
23441,106.314
23442,106.314
23443,106.314
23444,106.314
23445,106.314
23446,106.314
23447,106.314
23448,106.314
23449,106.314
23450,106.314
23451,106.314
23452,106.314
23453,106.314
23454,106.314
23455,106.314
23456,106.314
23457,106.314
23458,106.314
23459,106.314
23460,106.314
23461,106.314
23462,106.314
23463,106.314
23464,106.314
23465,106.314
23466,106.314
23467,106.314
23468,106.314
23469,106.314
23470,106.314
23471,106.314
23472,106.314
23473,106.314
23474,106.314
23475,106.314
23476,106.314
23477,106.314
23478,106.314
23479,106.314
23480,106.314
23481,106.314
23482,106.314
23483,106.314
23484,106.314
23485,106.314
23486,106.314
23487,106.314
23488,106.314
23489,106.314
23490,106.314
23491,106.314
23492,106.314
23493,106.314
23494,106.314
23495,106.314
23496,106.314
23497,106.314
23498,106.314
23499,106.314
23500,106.314
23501,106.314
23502,106.314
23503,106.314
23504,106.314
23505,106.314
23506,106.314
23507,106.314
23508,106.314
23509,106.314
23510,106.314
23511,106.314
23512,106.314
23513,106.314
23514,106.314
23515,106.314
23516,106.314
23517,106.314
23518,106.314
23519,106.314
23520,106.314
23521,106.314
23522,106.314
23523,106.314
23524,106.314
23525,106.314
23526,106.314
23527,106.314
23528,106.314
23529,106.314
23530,106.314
23531,106.314
23532,106.314
23533,106.314
23534,106.314
23535,105.107
23536,105.107
23537,105.107
23538,105.107
23539,105.107
23540,105.107
23541,105.107
23542,105.107
23543,105.107
23544,105.107
23545,105.107
23546,105.107
23547,105.107
23548,105.107
23549,105.107
23550,105.107
23551,105.107
23552,105.107
23553,105.107
23554,105.107
23555,105.107
23556,105.107
23557,105.107
23558,105.107
23559,105.107
23560,105.107
23561,105.107
23562,105.107
23563,105.107
23564,105.107
23565,105.107
23566,105.107
23567,105.107
23568,105.107
23569,105.107
23570,105.107
23571,105.107
23572,105.107
23573,105.107
23574,105.107
23575,105.107
23576,105.107
23577,105.107
23578,105.107
23579,105.107
23580,105.107
23581,105.107
23582,105.107
23583,105.107
23584,105.107
23585,105.107
23586,105.107
23587,105.107
23588,105.107
23589,105.107
23590,105.107
23591,105.107
23592,105.107
23593,105.107
23594,105.107
23595,105.107
23596,105.107
23597,105.107
23598,105.107
23599,105.107
23600,105.107
23601,105.107
23602,105.107
23603,105.107
23604,105.107
23605,105.107
23606,105.107
23607,105.107
23608,105.107
23609,105.107
23610,105.107
23611,105.107
23612,105.107
23613,105.107
23614,105.107
23615,105.107
23616,105.107
23617,105.107
23618,105.107
23619,105.107
23620,105.107
23621,105.107
23622,105.107
23623,105.107
23624,105.107
23625,105.107
23626,105.107
23627,105.107
23628,105.107
23629,105.107
23630,105.107
23631,105.107
23632,105.107
23633,105.107
23634,105.107
23635,105.107
23636,101.869
23637,101.869
23638,101.869
23639,101.869
23640,101.869
23641,101.869
23642,101.869
23643,101.869
23644,101.869
23645,101.869
23646,101.869
23647,101.869
23648,101.869
23649,101.869
23650,101.869
23651,101.869
23652,101.869
23653,101.869
23654,101.869
23655,101.869
23656,101.869
23657,101.869
23658,101.869
23659,101.869
23660,101.869
23661,101.869
23662,101.869
23663,101.869
23664,101.869
23665,101.869
23666,101.869
23667,101.869
23668,101.869
23669,101.869
23670,101.869
23671,101.869
23672,101.869
23673,101.869
23674,101.869
23675,101.869
23676,101.869
23677,101.869
23678,101.869
23679,101.869
23680,101.869
23681,101.869
23682,101.869
23683,101.869
23684,101.869
23685,101.869
23686,101.869
23687,101.869
23688,101.869
23689,101.869
23690,101.869
23691,101.869
23692,101.869
23693,101.869
23694,101.869
23695,101.869
23696,101.869
23697,101.869
23698,101.869
23699,101.869
23700,101.869
23701,101.869
23702,101.869
23703,101.869
23704,101.869
23705,101.869
23706,101.869
23707,101.869
23708,101.869
23709,101.869
23710,101.869
23711,101.869
23712,101.869
23713,101.869
23714,101.869
23715,101.869
23716,101.869
23717,101.869
23718,101.869
23719,101.869
23720,101.869
23721,101.869
23722,101.869
23723,101.869
23724,101.869
23725,101.869
23726,101.869
23727,101.869
23728,101.869
23729,101.869
23730,101.869
23731,101.869
23732,101.869
23733,101.869
23734,101.869
23735,101.869
23736,105.598
23737,105.598
23738,105.598
23739,105.598
23740,105.598
23741,105.598
23742,105.598
23743,105.598
23744,105.598
23745,105.598
23746,105.598
23747,105.598
23748,105.598
23749,105.598
23750,105.598
23751,105.598
23752,105.598
23753,105.598
23754,105.598
23755,105.598
23756,105.598
23757,105.598
23758,105.598
23759,105.598
23760,105.598
23761,105.598
23762,105.598
23763,105.598
23764,105.598
23765,105.598
23766,105.598
23767,105.598
23768,105.598
23769,105.598
23770,105.598
23771,105.598
23772,105.598
23773,105.598
23774,105.598
23775,105.598
23776,105.598
23777,105.598
23778,105.598
23779,105.598
23780,105.598
23781,105.598
23782,105.598
23783,105.598
23784,105.598
23785,105.598
23786,105.598
23787,105.598
23788,105.598
23789,105.598
23790,105.598
23791,105.598
23792,105.598
23793,105.598
23794,105.598
23795,105.598
23796,105.598
23797,105.598
23798,105.598
23799,105.598
23800,105.598
23801,105.598
23802,105.598
23803,105.598
23804,105.598
23805,105.598
23806,105.598
23807,105.598
23808,105.598
23809,105.598
23810,105.598
23811,105.598
23812,105.598
23813,105.598
23814,105.598
23815,105.598
23816,105.598
23817,105.598
23818,105.598
23819,105.598
23820,105.598
23821,105.598
23822,105.598
23823,105.598
23824,105.598
23825,105.598
23826,105.598
23827,105.598
23828,105.598
23829,105.598
23830,105.598
23831,105.598
23832,105.598
23833,105.598
23834,105.598
23835,105.598
23836,106.205
23837,106.205
23838,106.205
23839,106.205
23840,106.205
23841,106.205
23842,106.205
23843,106.205
23844,106.205
23845,106.205
23846,106.205
23847,106.205
23848,106.205
23849,106.205
23850,106.205
23851,106.205
23852,106.205
23853,106.205
23854,106.205
23855,106.205
23856,106.205
23857,106.205
23858,106.205
23859,106.205
23860,106.205
23861,106.205
23862,106.205
23863,106.205
23864,106.205
23865,106.205
23866,106.205
23867,106.205
23868,106.205
23869,106.205
23870,106.205
23871,106.205
23872,106.205
23873,106.205
23874,106.205
23875,106.205
23876,106.205
23877,106.205
23878,106.205
23879,106.205
23880,106.205
23881,106.205
23882,106.205
23883,106.205
23884,106.205
23885,106.205
23886,106.205
23887,106.205
23888,106.205
23889,106.205
23890,106.205
23891,106.205
23892,106.205
23893,106.205
23894,106.205
23895,106.205
23896,106.205
23897,106.205
23898,106.205
23899,106.205
23900,106.205
23901,106.205
23902,106.205
23903,106.205
23904,106.205
23905,106.205
23906,106.205
23907,106.205
23908,106.205
23909,106.205
23910,106.205
23911,106.205
23912,106.205
23913,106.205
23914,106.205
23915,106.205
23916,106.205
23917,106.205
23918,106.205
23919,106.205
23920,106.205
23921,106.205
23922,106.205
23923,106.205
23924,106.205
23925,106.205
23926,106.205
23927,106.205
23928,106.205
23929,106.205
23930,106.205
23931,106.205
23932,106.205
23933,106.205
23934,106.205
23935,106.205
23936,106.205
23937,106.205
23938,106.205
23939,106.205
23940,106.205
23941,106.205
23942,106.205
23943,106.205
23944,106.205
23945,106.205
23946,106.205
23947,106.205
23948,106.205
23949,106.205
23950,106.205
23951,106.205
23952,106.205
23953,106.205
23954,106.205
23955,106.205
23956,106.205
23957,106.205
23958,106.205
23959,106.205
23960,106.205
23961,106.205
23962,106.205
23963,106.205
23964,106.205
23965,106.205
23966,106.205
23967,106.205
23968,106.205
23969,106.205
23970,106.205
23971,106.205
23972,106.205
23973,106.205
23974,106.205
23975,106.205
23976,106.205
23977,106.205
23978,106.205
23979,106.205
23980,106.205
23981,106.205
23982,106.205
23983,106.205
23984,106.205
23985,106.205
23986,106.205
23987,106.205
23988,106.205
23989,106.205
23990,106.205
23991,106.205
23992,106.205
23993,106.205
23994,106.205
23995,106.205
23996,106.205
23997,106.205
23998,106.205
23999,106.205
24000,106.205
24001,106.205
24002,106.205
24003,106.205
24004,106.205
24005,106.205
24006,106.205
24007,106.205
24008,106.205
24009,106.205
24010,106.205
24011,106.205
24012,106.205
24013,106.205
24014,106.205
24015,106.205
24016,106.205
24017,106.205
24018,106.205
24019,106.205
24020,106.205
24021,106.205
24022,106.205
24023,106.205
24024,106.205
24025,106.205
24026,106.205
24027,106.205
24028,106.205
24029,106.205
24030,106.205
24031,106.205
24032,106.205
24033,106.205
24034,106.205
24035,105.326
24036,105.326
24037,105.326
24038,105.326
24039,105.326
24040,105.326
24041,105.326
24042,105.326
24043,105.326
24044,105.326
24045,105.326
24046,105.326
24047,105.326
24048,105.326
24049,105.326
24050,105.326
24051,105.326
24052,105.326
24053,105.326
24054,105.326
24055,105.326
24056,105.326
24057,105.326
24058,105.326
24059,105.326
24060,105.326
24061,105.326
24062,105.326
24063,105.326
24064,105.326
24065,105.326
24066,105.326
24067,105.326
24068,105.326
24069,105.326
24070,105.326
24071,105.326
24072,105.326
24073,105.326
24074,105.326
24075,105.326
24076,105.326
24077,105.326
24078,105.326
24079,105.326
24080,105.326
24081,105.326
24082,105.326
24083,105.326
24084,105.326
24085,105.326
24086,105.326
24087,105.326
24088,105.326
24089,105.326
24090,105.326
24091,105.326
24092,105.326
24093,105.326
24094,105.326
24095,105.326
24096,105.326
24097,105.326
24098,105.326
24099,105.326
24100,105.326
24101,105.326
24102,105.326
24103,105.326
24104,105.326
24105,105.326
24106,105.326
24107,105.326
24108,105.326
24109,105.326
24110,105.326
24111,105.326
24112,105.326
24113,105.326
24114,105.326
24115,105.326
24116,105.326
24117,105.326
24118,105.326
24119,105.326
24120,105.326
24121,105.326
24122,105.326
24123,105.326
24124,105.326
24125,105.326
24126,105.326
24127,105.326
24128,105.326
24129,105.326
24130,105.326
24131,105.326
24132,105.326
24133,105.326
24134,105.326
24135,105.598
24136,105.598
24137,105.598
24138,105.598
24139,105.598
24140,105.598
24141,105.598
24142,105.598
24143,105.598
24144,105.598
24145,105.598
24146,105.598
24147,105.598
24148,105.598
24149,105.598
24150,105.598
24151,105.598
24152,105.598
24153,105.598
24154,105.598
24155,105.598
24156,105.598
24157,105.598
24158,105.598
24159,105.598
24160,105.598
24161,105.598
24162,105.598
24163,105.598
24164,105.598
24165,105.598
24166,105.598
24167,105.598
24168,105.598
24169,105.598
24170,105.598
24171,105.598
24172,105.598
24173,105.598
24174,105.598
24175,105.598
24176,105.598
24177,105.598
24178,105.598
24179,105.598
24180,105.598
24181,105.598
24182,105.598
24183,105.598
24184,105.598
24185,105.598
24186,105.598
24187,105.598
24188,105.598
24189,105.598
24190,105.598
24191,105.598
24192,105.598
24193,105.598
24194,105.598
24195,105.598
24196,105.598
24197,105.598
24198,105.598
24199,105.598
24200,105.598
24201,105.598
24202,105.598
24203,105.598
24204,105.598
24205,105.598
24206,105.598
24207,105.598
24208,105.598
24209,105.598
24210,105.598
24211,105.598
24212,105.598
24213,105.598
24214,105.598
24215,105.598
24216,105.598
24217,105.598
24218,105.598
24219,105.598
24220,105.598
24221,105.598
24222,105.598
24223,105.598
24224,105.598
24225,105.598
24226,105.598
24227,105.598
24228,105.598
24229,105.598
24230,105.598
24231,105.598
24232,105.598
24233,105.598
24234,105.598
24235,105.598
24236,105.598
24237,105.598
24238,105.598
24239,105.598
24240,105.598
24241,105.598
24242,105.598
24243,105.598
24244,105.598
24245,105.598
24246,105.598
24247,105.598
24248,105.598
24249,105.598
24250,105.598
24251,105.598
24252,105.598
24253,105.598
24254,105.598
24255,105.598
24256,105.598
24257,105.598
24258,105.598
24259,105.598
24260,105.598
24261,105.598
24262,105.598
24263,105.598
24264,105.598
24265,105.598
24266,105.598
24267,105.598
24268,105.598
24269,105.598
24270,105.598
24271,105.598
24272,105.598
24273,105.598
24274,105.598
24275,105.598
24276,105.598
24277,105.598
24278,105.598
24279,105.598
24280,105.598
24281,105.598
24282,105.598
24283,105.598
24284,105.598
24285,105.598
24286,105.598
24287,105.598
24288,105.598
24289,105.598
24290,105.598
24291,105.598
24292,105.598
24293,105.598
24294,105.598
24295,105.598
24296,105.598
24297,105.598
24298,105.598
24299,105.598
24300,105.598
24301,105.598
24302,105.598
24303,105.598
24304,105.598
24305,105.598
24306,105.598
24307,105.598
24308,105.598
24309,105.598
24310,105.598
24311,105.598
24312,105.598
24313,105.598
24314,105.598
24315,105.598
24316,105.598
24317,105.598
24318,105.598
24319,105.598
24320,105.598
24321,105.598
24322,105.598
24323,105.598
24324,105.598
24325,105.598
24326,105.598
24327,105.598
24328,105.598
24329,105.598
24330,105.598
24331,105.598
24332,105.598
24333,105.598
24334,105.598
24335,106.205
24336,106.205
24337,106.205
24338,106.205
24339,106.205
24340,106.205
24341,106.205
24342,106.205
24343,106.205
24344,106.205
24345,106.205
24346,106.205
24347,106.205
24348,106.205
24349,106.205
24350,106.205
24351,106.205
24352,106.205
24353,106.205
24354,106.205
24355,106.205
24356,106.205
24357,106.205
24358,106.205
24359,106.205
24360,106.205
24361,106.205
24362,106.205
24363,106.205
24364,106.205
24365,106.205
24366,106.205
24367,106.205
24368,106.205
24369,106.205
24370,106.205
24371,106.205
24372,106.205
24373,106.205
24374,106.205
24375,106.205
24376,106.205
24377,106.205
24378,106.205
24379,106.205
24380,106.205
24381,106.205
24382,106.205
24383,106.205
24384,106.205
24385,106.205
24386,106.205
24387,106.205
24388,106.205
24389,106.205
24390,106.205
24391,106.205
24392,106.205
24393,106.205
24394,106.205
24395,106.205
24396,106.205
24397,106.205
24398,106.205
24399,106.205
24400,106.205
24401,106.205
24402,106.205
24403,106.205
24404,106.205
24405,106.205
24406,106.205
24407,106.205
24408,106.205
24409,106.205
24410,106.205
24411,106.205
24412,106.205
24413,106.205
24414,106.205
24415,106.205
24416,106.205
24417,106.205
24418,106.205
24419,106.205
24420,106.205
24421,106.205
24422,106.205
24423,106.205
24424,106.205
24425,106.205
24426,106.205
24427,106.205
24428,106.205
24429,106.205
24430,106.205
24431,106.205
24432,106.205
24433,106.205
24434,106.205
24435,105.326
24436,105.326
24437,105.326
24438,105.326
24439,105.326
24440,105.326
24441,105.326
24442,105.326
24443,105.326
24444,105.326
24445,105.326
24446,105.326
24447,105.326
24448,105.326
24449,105.326
24450,105.326
24451,105.326
24452,105.326
24453,105.326
24454,105.326
24455,105.326
24456,105.326
24457,105.326
24458,105.326
24459,105.326
24460,105.326
24461,105.326
24462,105.326
24463,105.326
24464,105.326
24465,105.326
24466,105.326
24467,105.326
24468,105.326
24469,105.326
24470,105.326
24471,105.326
24472,105.326
24473,105.326
24474,105.326
24475,105.326
24476,105.326
24477,105.326
24478,105.326
24479,105.326
24480,105.326
24481,105.326
24482,105.326
24483,105.326
24484,105.326
24485,105.326
24486,105.326
24487,105.326
24488,105.326
24489,105.326
24490,105.326
24491,105.326
24492,105.326
24493,105.326
24494,105.326
24495,105.326
24496,105.326
24497,105.326
24498,105.326
24499,105.326
24500,105.326
24501,105.326
24502,105.326
24503,105.326
24504,105.326
24505,105.326
24506,105.326
24507,105.326
24508,105.326
24509,105.326
24510,105.326
24511,105.326
24512,105.326
24513,105.326
24514,105.326
24515,105.326
24516,105.326
24517,105.326
24518,105.326
24519,105.326
24520,105.326
24521,105.326
24522,105.326
24523,105.326
24524,105.326
24525,105.326
24526,105.326
24527,105.326
24528,105.326
24529,105.326
24530,105.326
24531,105.326
24532,105.326
24533,105.326
24534,105.326
24535,105.925
24536,105.925
24537,105.925
24538,105.925
24539,105.925
24540,105.925
24541,105.925
24542,105.925
24543,105.925
24544,105.925
24545,105.925
24546,105.925
24547,105.925
24548,105.925
24549,105.925
24550,105.925
24551,105.925
24552,105.925
24553,105.925
24554,105.925
24555,105.925
24556,105.925
24557,105.925
24558,105.925
24559,105.925
24560,105.925
24561,105.925
24562,105.925
24563,105.925
24564,105.925
24565,105.925
24566,105.925
24567,105.925
24568,105.925
24569,105.925
24570,105.925
24571,105.925
24572,105.925
24573,105.925
24574,105.925
24575,105.925
24576,105.925
24577,105.925
24578,105.925
24579,105.925
24580,105.925
24581,105.925
24582,105.925
24583,105.925
24584,105.925
24585,105.925
24586,105.925
24587,105.925
24588,105.925
24589,105.925
24590,105.925
24591,105.925
24592,105.925
24593,105.925
24594,105.925
24595,105.925
24596,105.925
24597,105.925
24598,105.925
24599,105.925
24600,105.925
24601,105.925
24602,105.925
24603,105.925
24604,105.925
24605,105.925
24606,105.925
24607,105.925
24608,105.925
24609,105.925
24610,105.925
24611,105.925
24612,105.925
24613,105.925
24614,105.925
24615,105.925
24616,105.925
24617,105.925
24618,105.925
24619,105.925
24620,105.925
24621,105.925
24622,105.925
24623,105.925
24624,105.925
24625,105.925
24626,105.925
24627,105.925
24628,105.925
24629,105.925
24630,105.925
24631,105.925
24632,105.925
24633,105.925
24634,105.925
24635,105.598
24636,105.598
24637,105.598
24638,105.598
24639,105.598
24640,105.598
24641,105.598
24642,105.598
24643,105.598
24644,105.598
24645,105.598
24646,105.598
24647,105.598
24648,105.598
24649,105.598
24650,105.598
24651,105.598
24652,105.598
24653,105.598
24654,105.598
24655,105.598
24656,105.598
24657,105.598
24658,105.598
24659,105.598
24660,105.598
24661,105.598
24662,105.598
24663,105.598
24664,105.598
24665,105.598
24666,105.598
24667,105.598
24668,105.598
24669,105.598
24670,105.598
24671,105.598
24672,105.598
24673,105.598
24674,105.598
24675,105.598
24676,105.598
24677,105.598
24678,105.598
24679,105.598
24680,105.598
24681,105.598
24682,105.598
24683,105.598
24684,105.598
24685,105.598
24686,105.598
24687,105.598
24688,105.598
24689,105.598
24690,105.598
24691,105.598
24692,105.598
24693,105.598
24694,105.598
24695,105.598
24696,105.598
24697,105.598
24698,105.598
24699,105.598
24700,105.598
24701,105.598
24702,105.598
24703,105.598
24704,105.598
24705,105.598
24706,105.598
24707,105.598
24708,105.598
24709,105.598
24710,105.598
24711,105.598
24712,105.598
24713,105.598
24714,105.598
24715,105.598
24716,105.598
24717,105.598
24718,105.598
24719,105.598
24720,105.598
24721,105.598
24722,105.598
24723,105.598
24724,105.598
24725,105.598
24726,105.598
24727,105.598
24728,105.598
24729,105.598
24730,105.598
24731,105.598
24732,105.598
24733,105.598
24734,105.598
24737,106.205
24737,106.205
24737,106.205
24738,106.205
24739,106.205
24740,106.205
24741,106.205
24742,106.205
24743,106.205
24744,106.205
24745,106.205
24746,106.205
24747,106.205
24748,106.205
24749,106.205
24750,106.205
24751,106.205
24752,106.205
24753,106.205
24754,106.205
24755,106.205
24756,106.205
24757,106.205
24758,106.205
24759,106.205
24760,106.205
24761,106.205
24762,106.205
24763,106.205
24764,106.205
24765,106.205
24766,106.205
24767,106.205
24768,106.205
24769,106.205
24770,106.205
24771,106.205
24772,106.205
24773,106.205
24774,106.205
24775,106.205
24776,106.205
24777,106.205
24778,106.205
24779,106.205
24780,106.205
24781,106.205
24782,106.205
24783,106.205
24784,106.205
24785,106.205
24786,106.205
24787,106.205
24788,106.205
24789,106.205
24790,106.205
24791,106.205
24792,106.205
24793,106.205
24794,106.205
24795,106.205
24796,106.205
24797,106.205
24798,106.205
24799,106.205
24800,106.205
24801,106.205
24802,106.205
24803,106.205
24804,106.205
24805,106.205
24806,106.205
24807,106.205
24808,106.205
24809,106.205
24810,106.205
24811,106.205
24812,106.205
24813,106.205
24814,106.205
24815,106.205
24816,106.205
24817,106.205
24818,106.205
24819,106.205
24820,106.205
24821,106.205
24822,106.205
24823,106.205
24824,106.205
24825,106.205
24826,106.205
24827,106.205
24828,106.205
24829,106.205
24830,106.205
24831,106.205
24832,106.205
24833,106.205
24834,106.205
24835,105.598
24836,105.598
24837,105.598
24838,105.598
24839,105.598
24840,105.598
24841,105.598
24842,105.598
24843,105.598
24844,105.598
24845,105.598
24846,105.598
24847,105.598
24848,105.598
24849,105.598
24850,105.598
24851,105.598
24852,105.598
24853,105.598
24854,105.598
24855,105.598
24856,105.598
24857,105.598
24858,105.598
24859,105.598
24860,105.598
24861,105.598
24862,105.598
24863,105.598
24864,105.598
24865,105.598
24866,105.598
24867,105.598
24868,105.598
24869,105.598
24870,105.598
24871,105.598
24872,105.598
24873,105.598
24874,105.598
24875,105.598
24876,105.598
24877,105.598
24878,105.598
24879,105.598
24880,105.598
24881,105.598
24882,105.598
24883,105.598
24884,105.598
24885,105.598
24886,105.598
24887,105.598
24888,105.598
24889,105.598
24890,105.598
24891,105.598
24892,105.598
24893,105.598
24894,105.598
24895,105.598
24896,105.598
24897,105.598
24898,105.598
24899,105.598
24900,105.598
24901,105.598
24902,105.598
24903,105.598
24904,105.598
24905,105.598
24906,105.598
24907,105.598
24908,105.598
24909,105.598
24910,105.598
24911,105.598
24912,105.598
24913,105.598
24914,105.598
24915,105.598
24916,105.598
24917,105.598
24918,105.598
24919,105.598
24920,105.598
24921,105.598
24922,105.598
24923,105.598
24924,105.598
24925,105.598
24926,105.598
24927,105.598
24928,105.598
24929,105.598
24930,105.598
24931,105.598
24932,105.598
24933,105.598
24934,105.598
24935,105.598
24936,105.598
24937,105.598
24938,105.598
24939,105.598
24940,105.598
24941,105.598
24942,105.598
24943,105.598
24944,105.598
24945,105.598
24946,105.598
24947,105.598
24948,105.598
24949,105.598
24950,105.598
24951,105.598
24952,105.598
24953,105.598
24954,105.598
24955,105.598
24956,105.598
24957,105.598
24958,105.598
24959,105.598
24960,105.598
24961,105.598
24962,105.598
24963,105.598
24964,105.598
24965,105.598
24966,105.598
24967,105.598
24968,105.598
24969,105.598
24970,105.598
24971,105.598
24972,105.598
24973,105.598
24974,105.598
24975,105.598
24976,105.598
24977,105.598
24978,105.598
24979,105.598
24980,105.598
24981,105.598
24982,105.598
24983,105.598
24984,105.598
24985,105.598
24986,105.598
24987,105.598
24988,105.598
24989,105.598
24990,105.598
24991,105.598
24992,105.598
24993,105.598
24994,105.598
24995,105.598
24996,105.598
24997,105.598
